seed,seed_identity,kappa,epoch,angular_rmse,object_rmse,false_positive_rms,criterion_crossing_time,valid_object_free_samples,object_present_samples,object_event_count,criterion_crossing_count,implementation,configuration_id
100,0,0.1,baseline,0.05227903361128479,0.07643590785038243,0.05092163240002351,0.02,628,205,2,2,corrected_closed_loop,modvis-kappa-2e03357db2c9
100,0,0.1,recovery,0.052465009082378,0.05651709602846507,0.06474377024518965,0.005,653,181,2,2,corrected_closed_loop,modvis-kappa-2e03357db2c9
100,0,0.1,reduced_reliability,0.055814898834521946,0.1208974772275997,0.10113764483105576,0.025,657,176,2,2,corrected_closed_loop,modvis-kappa-2e03357db2c9
101,1,0.1,baseline,0.048683555599097254,0.07984218432276635,0.05885431523510717,0.02,593,240,3,3,corrected_closed_loop,modvis-kappa-2e03357db2c9
101,1,0.1,recovery,0.0569390597624055,0.07651385978916937,0.06757599693456164,0.013333333333333334,594,240,3,3,corrected_closed_loop,modvis-kappa-2e03357db2c9
101,1,0.1,reduced_reliability,0.04946644986714334,0.09320983729487659,0.08556599735019063,0.025,626,207,2,2,corrected_closed_loop,modvis-kappa-2e03357db2c9
102,2,0.1,baseline,0.05234248019736282,0.07903576463981214,0.060202935547240384,0.015,608,225,2,2,corrected_closed_loop,modvis-kappa-2e03357db2c9
102,2,0.1,recovery,0.04861635349448634,0.06977054072600831,0.051768332312230374,0.023333333333333334,594,240,3,3,corrected_closed_loop,modvis-kappa-2e03357db2c9
102,2,0.1,reduced_reliability,0.05631393480775598,0.07857594195041923,0.1037355659043034,0.015,649,184,2,2,corrected_closed_loop,modvis-kappa-2e03357db2c9
103,3,0.1,baseline,0.05032722908195535,0.0810950685709957,0.05527311227670311,0.016666666666666666,593,240,3,3,corrected_closed_loop,modvis-kappa-2e03357db2c9
103,3,0.1,recovery,0.05811841517218314,0.08646912637878068,0.06436733011568636,0.01,624,210,1,1,corrected_closed_loop,modvis-kappa-2e03357db2c9
103,3,0.1,reduced_reliability,0.054207196467113035,0.10087932183689954,0.08330551752925239,0.03,593,240,3,3,corrected_closed_loop,modvis-kappa-2e03357db2c9
104,4,0.1,baseline,0.05119621887821709,0.06326255002179447,0.06528116355477227,0.006666666666666667,593,240,3,3,corrected_closed_loop,modvis-kappa-2e03357db2c9
104,4,0.1,recovery,0.05233247258801146,0.06311233604742407,0.05228778868725985,0.006666666666666667,594,240,3,3,corrected_closed_loop,modvis-kappa-2e03357db2c9
104,4,0.1,reduced_reliability,0.05423398697399045,0.14983447618624418,0.09380305018802733,0.03,593,240,3,3,corrected_closed_loop,modvis-kappa-2e03357db2c9
105,5,0.1,baseline,0.05243502133258905,0.07131443862880558,0.05999929294987376,0.016666666666666666,593,240,3,3,corrected_closed_loop,modvis-kappa-2e03357db2c9
105,5,0.1,recovery,0.04971353192326041,0.060780260862005164,0.04871057156665195,0.02,641,193,2,2,corrected_closed_loop,modvis-kappa-2e03357db2c9
105,5,0.1,reduced_reliability,0.05440502036264386,0.11786802232733762,0.10215518722927126,0.045,620,213,2,2,corrected_closed_loop,modvis-kappa-2e03357db2c9
106,6,0.1,baseline,0.05274316164064624,0.09472747098725408,0.053718430130723985,0.025,598,235,2,2,corrected_closed_loop,modvis-kappa-2e03357db2c9
106,6,0.1,recovery,0.05392750357244942,0.09819252817800438,0.058565784756545045,0.02,653,181,2,2,corrected_closed_loop,modvis-kappa-2e03357db2c9
106,6,0.1,reduced_reliability,0.05521190432761366,0.07914304115354752,0.08126877561783467,0.025,647,186,2,2,corrected_closed_loop,modvis-kappa-2e03357db2c9
107,7,0.1,baseline,0.05190239552492012,0.06378659349272257,0.054375773230939735,0.01,593,240,3,3,corrected_closed_loop,modvis-kappa-2e03357db2c9
107,7,0.1,recovery,0.0509575272618051,0.06735867847709957,0.057709217844416155,0.006666666666666667,594,240,3,3,corrected_closed_loop,modvis-kappa-2e03357db2c9
107,7,0.1,reduced_reliability,0.05150635759698591,0.143771706775767,0.10453025063392185,0.01,677,156,1,1,corrected_closed_loop,modvis-kappa-2e03357db2c9
108,8,0.1,baseline,0.05124726672090241,0.06039476522035152,0.05618698468293863,0.02,607,226,2,2,corrected_closed_loop,modvis-kappa-2e03357db2c9
108,8,0.1,recovery,0.05012251924006276,0.05815525867618351,0.05688402803966386,0.016666666666666666,594,240,3,3,corrected_closed_loop,modvis-kappa-2e03357db2c9
108,8,0.1,reduced_reliability,0.05633007899981239,0.1202663751254325,0.12442051633116159,0.01,649,184,2,2,corrected_closed_loop,modvis-kappa-2e03357db2c9
109,9,0.1,baseline,0.0497259163568056,0.09373135449462155,0.051028094045126815,0.015,666,167,2,2,corrected_closed_loop,modvis-kappa-2e03357db2c9
109,9,0.1,recovery,0.050974611978473985,0.08297834805128741,0.051204858336529546,0.01,673,161,2,2,corrected_closed_loop,modvis-kappa-2e03357db2c9
109,9,0.1,reduced_reliability,0.05462380473478153,0.12629155214950114,0.07986950774708507,0.034999999999999996,670,163,2,2,corrected_closed_loop,modvis-kappa-2e03357db2c9
110,10,0.1,baseline,0.050221344434371235,0.06713786743534526,0.0549733624712438,0.015,648,185,2,2,corrected_closed_loop,modvis-kappa-2e03357db2c9
110,10,0.1,recovery,0.050431584337732364,0.07121103636766384,0.05928438493211352,0.02,633,201,2,2,corrected_closed_loop,modvis-kappa-2e03357db2c9
110,10,0.1,reduced_reliability,0.050518556947118855,0.12239145556861122,0.10304739301213942,0.08499999999999999,672,161,2,2,corrected_closed_loop,modvis-kappa-2e03357db2c9
111,11,0.1,baseline,0.05492426932575183,0.08006748030211115,0.05897219896197289,0.023333333333333334,593,240,3,3,corrected_closed_loop,modvis-kappa-2e03357db2c9
111,11,0.1,recovery,0.05336341728052554,0.0862805004474292,0.06027080062871612,0.01,598,236,2,2,corrected_closed_loop,modvis-kappa-2e03357db2c9
111,11,0.1,reduced_reliability,0.05496923702245141,0.16137748881560754,0.09069144200999098,0.05,666,167,1,1,corrected_closed_loop,modvis-kappa-2e03357db2c9
112,12,0.1,baseline,0.052176347681895975,0.05529345601473317,0.05586234669898512,0.01,623,210,2,2,corrected_closed_loop,modvis-kappa-2e03357db2c9
112,12,0.1,recovery,0.05209601982420223,0.0681797454341531,0.06183292135086708,0.02,594,240,3,3,corrected_closed_loop,modvis-kappa-2e03357db2c9
112,12,0.1,reduced_reliability,0.051961094990838924,0.12791110656951246,0.10672149992664903,0.01,660,173,2,2,corrected_closed_loop,modvis-kappa-2e03357db2c9
113,13,0.1,baseline,0.05206255485385231,0.0725712680876223,0.05731753697710737,0.016666666666666666,593,240,3,3,corrected_closed_loop,modvis-kappa-2e03357db2c9
113,13,0.1,recovery,0.05296739638738942,0.054539255208141874,0.0689824453714142,0.013333333333333334,594,240,3,3,corrected_closed_loop,modvis-kappa-2e03357db2c9
113,13,0.1,reduced_reliability,0.05714356421962751,0.0839748206214373,0.10181280186701355,0.013333333333333334,593,240,3,3,corrected_closed_loop,modvis-kappa-2e03357db2c9
114,14,0.1,baseline,0.05326431118241393,0.0707148747809747,0.06321700550586887,0.013333333333333334,593,240,3,3,corrected_closed_loop,modvis-kappa-2e03357db2c9
114,14,0.1,recovery,0.05314366250416943,0.061340634156854146,0.06983344325639103,0.016666666666666666,594,240,3,3,corrected_closed_loop,modvis-kappa-2e03357db2c9
114,14,0.1,reduced_reliability,0.05098178970712529,0.10713374229479466,0.09693115767640786,0.01,593,240,3,3,corrected_closed_loop,modvis-kappa-2e03357db2c9
115,15,0.1,baseline,0.04712875648091697,0.08877222467639247,0.05642154265515883,0.01,624,209,2,2,corrected_closed_loop,modvis-kappa-2e03357db2c9
115,15,0.1,recovery,0.0519694814772778,0.07725979017347663,0.06326854652869013,0.02666666666666667,594,240,3,3,corrected_closed_loop,modvis-kappa-2e03357db2c9
115,15,0.1,reduced_reliability,0.05674471141405394,0.11237996921239288,0.09224059582206386,0.01,715,118,1,1,corrected_closed_loop,modvis-kappa-2e03357db2c9
116,16,0.1,baseline,0.0517451306473083,0.0630805911659902,0.05153984433904071,0.015,632,201,2,2,corrected_closed_loop,modvis-kappa-2e03357db2c9
116,16,0.1,recovery,0.05609545893020329,0.07076085354059228,0.06762668570939663,0.016666666666666666,594,240,3,3,corrected_closed_loop,modvis-kappa-2e03357db2c9
116,16,0.1,reduced_reliability,0.054814561046014926,0.14668578271535423,0.10288579739247047,0.0033333333333333335,593,240,3,3,corrected_closed_loop,modvis-kappa-2e03357db2c9
117,17,0.1,baseline,0.049726389075452786,0.07940649677572749,0.0566956585574074,0.02333333333333333,593,240,3,3,corrected_closed_loop,modvis-kappa-2e03357db2c9
117,17,0.1,recovery,0.05365539078843651,0.08617412628219549,0.0511280495161378,0.03,666,168,2,2,corrected_closed_loop,modvis-kappa-2e03357db2c9
117,17,0.1,reduced_reliability,0.055476125181871894,0.12026985404228585,0.09031825932382752,0.065,595,238,2,2,corrected_closed_loop,modvis-kappa-2e03357db2c9
118,18,0.1,baseline,0.05308937317680226,0.07631113866207387,0.05909712507191428,0.023333333333333334,593,240,3,3,corrected_closed_loop,modvis-kappa-2e03357db2c9
118,18,0.1,recovery,0.048176000296822924,0.06488604950625487,0.059399594250303604,0.006666666666666667,594,240,3,3,corrected_closed_loop,modvis-kappa-2e03357db2c9
118,18,0.1,reduced_reliability,0.05366343810127415,0.15977453741483064,0.11063727604977978,0.016666666666666666,593,240,3,3,corrected_closed_loop,modvis-kappa-2e03357db2c9
119,19,0.1,baseline,0.05148500620835039,0.0747683360866008,0.06241277800938054,0.016666666666666666,593,240,3,3,corrected_closed_loop,modvis-kappa-2e03357db2c9
119,19,0.1,recovery,0.05034450457038227,0.058380215736761595,0.06041909659526237,0.01,627,207,2,2,corrected_closed_loop,modvis-kappa-2e03357db2c9
119,19,0.1,reduced_reliability,0.054001583751175385,0.12166793686753509,0.1159389120119258,0.02,639,194,2,2,corrected_closed_loop,modvis-kappa-2e03357db2c9
120,20,0.1,baseline,0.04979896356208757,0.10111176228921491,0.058002275582574196,0.02,623,210,2,2,corrected_closed_loop,modvis-kappa-2e03357db2c9
120,20,0.1,recovery,0.051563750685261096,0.10110271256453339,0.05684191323012527,0.025,633,201,2,2,corrected_closed_loop,modvis-kappa-2e03357db2c9
120,20,0.1,reduced_reliability,0.05397181425840157,0.1349599075465389,0.11657072283489998,0.145,641,192,2,2,corrected_closed_loop,modvis-kappa-2e03357db2c9
121,21,0.1,baseline,0.05056171466806138,0.056244146267292426,0.05804824549063236,0.015,602,231,2,2,corrected_closed_loop,modvis-kappa-2e03357db2c9
121,21,0.1,recovery,0.0540085502071174,0.0626953854352136,0.056806681832623405,0.02,694,140,1,1,corrected_closed_loop,modvis-kappa-2e03357db2c9
121,21,0.1,reduced_reliability,0.055568008129588405,0.14520486626667395,0.09817969362929453,0.08666666666666667,593,240,3,3,corrected_closed_loop,modvis-kappa-2e03357db2c9
122,22,0.1,baseline,0.05097609946294546,0.07288938815293293,0.05720565898617815,0.025,649,184,2,2,corrected_closed_loop,modvis-kappa-2e03357db2c9
122,22,0.1,recovery,0.05166471020865545,0.05435245746257793,0.06800433996783316,0.01,594,240,3,3,corrected_closed_loop,modvis-kappa-2e03357db2c9
122,22,0.1,reduced_reliability,0.05072675245481889,0.0919705827936594,0.1065160984066267,0.035,671,162,2,2,corrected_closed_loop,modvis-kappa-2e03357db2c9
123,23,0.1,baseline,0.05128720292880176,0.06971469856860425,0.060030450812770884,0.02,615,218,2,2,corrected_closed_loop,modvis-kappa-2e03357db2c9
123,23,0.1,recovery,0.05415689513141499,0.06044292122437422,0.0536950029643648,0.01,705,129,1,1,corrected_closed_loop,modvis-kappa-2e03357db2c9
123,23,0.1,reduced_reliability,0.05498930096168101,0.0782406506139405,0.0889556049425099,0.005,663,170,2,2,corrected_closed_loop,modvis-kappa-2e03357db2c9
124,24,0.1,baseline,0.056034995899460364,0.11060674530993181,0.05622159341084604,0.01,693,140,1,1,corrected_closed_loop,modvis-kappa-2e03357db2c9
124,24,0.1,recovery,0.05063928445821031,0.0673423422677962,0.06051307969209707,0.02,604,230,2,2,corrected_closed_loop,modvis-kappa-2e03357db2c9
124,24,0.1,reduced_reliability,0.05296652259410942,0.13638144769570387,0.10286370704196254,0.035,598,235,2,2,corrected_closed_loop,modvis-kappa-2e03357db2c9
125,25,0.1,baseline,0.05388495183881424,0.07869637386536456,0.06577278147769818,0.02333333333333333,593,240,3,3,corrected_closed_loop,modvis-kappa-2e03357db2c9
125,25,0.1,recovery,0.05483656265661069,0.07399203725206335,0.061955506930149146,0.02,658,176,2,2,corrected_closed_loop,modvis-kappa-2e03357db2c9
125,25,0.1,reduced_reliability,0.05078708789518991,0.06335928036052577,0.1030269586725048,0.013333333333333334,593,240,3,3,corrected_closed_loop,modvis-kappa-2e03357db2c9
126,26,0.1,baseline,0.05290724449819469,0.057410350517166225,0.05994369666894594,0.015,617,216,2,2,corrected_closed_loop,modvis-kappa-2e03357db2c9
126,26,0.1,recovery,0.0539761447330397,0.0676993307055631,0.06017481762592117,0.02,671,163,2,2,corrected_closed_loop,modvis-kappa-2e03357db2c9
126,26,0.1,reduced_reliability,0.053835774120894214,0.08397068711459547,0.09129707100683512,0.03,702,131,1,1,corrected_closed_loop,modvis-kappa-2e03357db2c9
127,27,0.1,baseline,0.04818328112980055,0.07560824879684892,0.054355724444286616,0.02,609,224,2,2,corrected_closed_loop,modvis-kappa-2e03357db2c9
127,27,0.1,recovery,0.0514031856891969,0.09882624285269846,0.05237392107501939,0.015,626,208,2,2,corrected_closed_loop,modvis-kappa-2e03357db2c9
127,27,0.1,reduced_reliability,0.050799743158889056,0.125351620567705,0.0955114165544092,0.03,624,209,2,2,corrected_closed_loop,modvis-kappa-2e03357db2c9
128,28,0.1,baseline,0.05190722155131241,0.05778358004097755,0.056706823752402366,0.02,702,131,1,1,corrected_closed_loop,modvis-kappa-2e03357db2c9
128,28,0.1,recovery,0.051866960375786676,0.06978053472757864,0.05569929254927525,0.025,647,187,2,2,corrected_closed_loop,modvis-kappa-2e03357db2c9
128,28,0.1,reduced_reliability,0.05239377534537486,0.13599729703349275,0.09533791874735285,0.023333333333333334,593,240,3,3,corrected_closed_loop,modvis-kappa-2e03357db2c9
129,29,0.1,baseline,0.05361311017271911,0.061405073158389105,0.06477260569312294,0.016666666666666666,593,240,3,3,corrected_closed_loop,modvis-kappa-2e03357db2c9
129,29,0.1,recovery,0.05467579283436367,0.10019079217724237,0.05515215425216388,0.02,656,178,1,1,corrected_closed_loop,modvis-kappa-2e03357db2c9
129,29,0.1,reduced_reliability,0.054961601278775106,0.11657711646747496,0.11947380387580082,0.03333333333333333,593,240,3,3,corrected_closed_loop,modvis-kappa-2e03357db2c9
130,30,0.1,baseline,0.05146487985740056,0.08324611488782761,0.06000466862521311,0.01,619,214,2,2,corrected_closed_loop,modvis-kappa-2e03357db2c9
130,30,0.1,recovery,0.056630270403054406,0.09471686423089865,0.06732819590299755,0.015,649,185,2,2,corrected_closed_loop,modvis-kappa-2e03357db2c9
130,30,0.1,reduced_reliability,0.05716189794612993,0.14010291623507437,0.0872579057652593,0.01,616,217,1,1,corrected_closed_loop,modvis-kappa-2e03357db2c9
131,31,0.1,baseline,0.05207429512638108,0.06902702500351925,0.05980343202904094,0.023333333333333334,593,240,3,3,corrected_closed_loop,modvis-kappa-2e03357db2c9
131,31,0.1,recovery,0.05308607287476752,0.07240748989343469,0.062382453468787874,0.023333333333333334,594,240,3,3,corrected_closed_loop,modvis-kappa-2e03357db2c9
131,31,0.1,reduced_reliability,0.05356042155172506,0.07785181844994715,0.1145850168386347,0.02666666666666667,593,240,3,3,corrected_closed_loop,modvis-kappa-2e03357db2c9
132,32,0.1,baseline,0.05097539018435661,0.05070028392192773,0.05513842979436651,0.005,661,172,2,2,corrected_closed_loop,modvis-kappa-2e03357db2c9
132,32,0.1,recovery,0.05690436961785047,0.08762995164888021,0.057419854139210684,0.02,602,232,2,2,corrected_closed_loop,modvis-kappa-2e03357db2c9
132,32,0.1,reduced_reliability,0.053917581610502405,0.08006367299473328,0.09406519337794174,0.01,641,192,2,2,corrected_closed_loop,modvis-kappa-2e03357db2c9
133,33,0.1,baseline,0.05303621504211288,0.07768208701815443,0.06005212124116561,0.016666666666666666,593,240,3,3,corrected_closed_loop,modvis-kappa-2e03357db2c9
133,33,0.1,recovery,0.05128077573201417,0.05919572867173752,0.060266472884804176,0.006666666666666667,594,240,3,3,corrected_closed_loop,modvis-kappa-2e03357db2c9
133,33,0.1,reduced_reliability,0.05447965999054901,0.10894146423221841,0.08539406949925112,0.03,601,232,2,2,corrected_closed_loop,modvis-kappa-2e03357db2c9
134,34,0.1,baseline,0.05303044886983147,0.06805823978675087,0.06235732831910402,0.01,593,240,3,3,corrected_closed_loop,modvis-kappa-2e03357db2c9
134,34,0.1,recovery,0.05485480621566488,0.08915013304992948,0.056709348458142635,0.03,642,192,1,1,corrected_closed_loop,modvis-kappa-2e03357db2c9
134,34,0.1,reduced_reliability,0.058133551564873674,0.11446827201666793,0.10872831360470506,0.02,593,240,3,3,corrected_closed_loop,modvis-kappa-2e03357db2c9
135,35,0.1,baseline,0.052864997681610244,0.06823031092190088,0.05598780286747533,0.02,627,206,2,2,corrected_closed_loop,modvis-kappa-2e03357db2c9
135,35,0.1,recovery,0.053105492553948336,0.09876511603409073,0.05869066335027403,0.02,641,193,2,2,corrected_closed_loop,modvis-kappa-2e03357db2c9
135,35,0.1,reduced_reliability,0.05136078249415987,0.12326282363824868,0.08379681083041743,0.025,666,167,2,2,corrected_closed_loop,modvis-kappa-2e03357db2c9
136,36,0.1,baseline,0.05276480030840734,0.0831172905014264,0.05669356295408379,0.023333333333333334,593,240,3,3,corrected_closed_loop,modvis-kappa-2e03357db2c9
136,36,0.1,recovery,0.055681360695570434,0.06939184283887742,0.06384773713515474,0.013333333333333334,594,240,3,3,corrected_closed_loop,modvis-kappa-2e03357db2c9
136,36,0.1,reduced_reliability,0.05465504826092456,0.12023661441987461,0.11052161218236038,0.03,593,240,3,3,corrected_closed_loop,modvis-kappa-2e03357db2c9
137,37,0.1,baseline,0.05243819337238668,0.06874245679253842,0.06949170441389267,0.016666666666666666,593,240,3,3,corrected_closed_loop,modvis-kappa-2e03357db2c9
137,37,0.1,recovery,0.055905830528222816,0.07567169477236507,0.060228758552379316,0.03,594,240,2,2,corrected_closed_loop,modvis-kappa-2e03357db2c9
137,37,0.1,reduced_reliability,0.052625493604958176,0.18233180324190662,0.08895051159425338,0.02,597,236,1,1,corrected_closed_loop,modvis-kappa-2e03357db2c9
138,38,0.1,baseline,0.049384602552353885,0.04348436095844358,0.04659790715542948,0.01,658,175,1,1,corrected_closed_loop,modvis-kappa-2e03357db2c9
138,38,0.1,recovery,0.05173758672405755,0.05751954212763644,0.0528876703668715,0.01,688,146,1,1,corrected_closed_loop,modvis-kappa-2e03357db2c9
138,38,0.1,reduced_reliability,0.04925342331453707,0.13511976794664776,0.09650495437875595,0.01,646,187,2,2,corrected_closed_loop,modvis-kappa-2e03357db2c9
139,39,0.1,baseline,0.05151801007601421,0.05288167260388503,0.05471264684663628,0.01,656,177,2,2,corrected_closed_loop,modvis-kappa-2e03357db2c9
139,39,0.1,recovery,0.05523940233574467,0.06930303700047928,0.06185291811014375,0.02,594,240,3,3,corrected_closed_loop,modvis-kappa-2e03357db2c9
139,39,0.1,reduced_reliability,0.05437842349849635,0.15958170185744822,0.10524581753167232,0.07,638,195,1,1,corrected_closed_loop,modvis-kappa-2e03357db2c9
140,40,0.1,baseline,0.04960370817195748,0.11040328705143197,0.05132790060437761,0.01,702,131,1,1,corrected_closed_loop,modvis-kappa-2e03357db2c9
140,40,0.1,recovery,0.05263895352877652,0.07678619936436357,0.06181611010825496,0.016666666666666666,594,240,3,3,corrected_closed_loop,modvis-kappa-2e03357db2c9
140,40,0.1,reduced_reliability,0.055915748256391055,0.17876044985758605,0.09774916372449206,0.04,650,183,2,2,corrected_closed_loop,modvis-kappa-2e03357db2c9
141,41,0.1,baseline,0.05041472877140103,0.09067643942549515,0.05228268940123131,0.01,659,174,2,2,corrected_closed_loop,modvis-kappa-2e03357db2c9
141,41,0.1,recovery,0.058815437409937985,0.07053495338347347,0.07160549918808486,0.02333333333333333,594,240,3,3,corrected_closed_loop,modvis-kappa-2e03357db2c9
141,41,0.1,reduced_reliability,0.051742087237605976,0.09209431402997342,0.09581621863343315,0.016666666666666666,593,240,3,3,corrected_closed_loop,modvis-kappa-2e03357db2c9
142,42,0.1,baseline,0.04925916291607802,0.06418852995920396,0.05741182267118053,0.01,669,164,2,2,corrected_closed_loop,modvis-kappa-2e03357db2c9
142,42,0.1,recovery,0.05306785844464876,0.09804162029612053,0.0583834526266802,0.025,662,172,2,2,corrected_closed_loop,modvis-kappa-2e03357db2c9
142,42,0.1,reduced_reliability,0.05464597571098555,0.10617820874869337,0.11861749465333861,0.04,593,240,3,3,corrected_closed_loop,modvis-kappa-2e03357db2c9
143,43,0.1,baseline,0.05438195050204029,0.07089478322092685,0.0666098695911417,0.01,593,240,3,3,corrected_closed_loop,modvis-kappa-2e03357db2c9
143,43,0.1,recovery,0.05489391106753995,0.07160331624393058,0.06360957130840789,0.01,594,240,3,3,corrected_closed_loop,modvis-kappa-2e03357db2c9
143,43,0.1,reduced_reliability,0.0543615612203609,0.09893084029434872,0.09984914723172585,0.075,595,238,2,2,corrected_closed_loop,modvis-kappa-2e03357db2c9
144,44,0.1,baseline,0.051448138874435216,0.05714420469301624,0.05508341678186163,0.01,672,161,2,2,corrected_closed_loop,modvis-kappa-2e03357db2c9
144,44,0.1,recovery,0.05374525151026254,0.10188572592435732,0.056439050444552184,0.02,715,119,1,1,corrected_closed_loop,modvis-kappa-2e03357db2c9
144,44,0.1,reduced_reliability,0.054206696365269834,0.1477219158630433,0.09675681026532311,0.03333333333333333,593,240,3,3,corrected_closed_loop,modvis-kappa-2e03357db2c9
145,45,0.1,baseline,0.05018925958062667,0.09037815497528018,0.057161283634456043,0.030000000000000002,622,211,2,2,corrected_closed_loop,modvis-kappa-2e03357db2c9
145,45,0.1,recovery,0.0524387972743488,0.0741312774940746,0.06195040304560225,0.025,628,206,2,2,corrected_closed_loop,modvis-kappa-2e03357db2c9
145,45,0.1,reduced_reliability,0.05548733493611593,0.10706897259894953,0.10673169937562527,0.02,622,211,1,1,corrected_closed_loop,modvis-kappa-2e03357db2c9
146,46,0.1,baseline,0.04849876580947924,0.05704786312594063,0.060255056262725856,0.02,626,207,2,2,corrected_closed_loop,modvis-kappa-2e03357db2c9
146,46,0.1,recovery,0.05046392006160417,0.08001784620806122,0.07600776534546587,0.03,594,240,3,3,corrected_closed_loop,modvis-kappa-2e03357db2c9
146,46,0.1,reduced_reliability,0.053101148353830736,0.13612378905573563,0.10214374005087494,0.035,656,177,2,2,corrected_closed_loop,modvis-kappa-2e03357db2c9
147,47,0.1,baseline,0.052371122607433145,0.07369298446990805,0.06372581237491,0.013333333333333334,593,240,3,3,corrected_closed_loop,modvis-kappa-2e03357db2c9
147,47,0.1,recovery,0.04993140439526146,0.06138655762321053,0.06268208630775027,0.01,594,240,3,3,corrected_closed_loop,modvis-kappa-2e03357db2c9
147,47,0.1,reduced_reliability,0.05691820332995108,0.15518238090856729,0.13398119223160057,0.07333333333333333,593,240,3,3,corrected_closed_loop,modvis-kappa-2e03357db2c9
148,48,0.1,baseline,0.05149649548773909,0.057068185181582375,0.056793872821087915,0.006666666666666667,593,240,3,3,corrected_closed_loop,modvis-kappa-2e03357db2c9
148,48,0.1,recovery,0.055458301755045306,0.0737992355691362,0.06340212352699735,0.023333333333333334,594,240,3,3,corrected_closed_loop,modvis-kappa-2e03357db2c9
148,48,0.1,reduced_reliability,0.05315982574585336,0.13628293181899437,0.08228885444399789,0.055,596,237,2,2,corrected_closed_loop,modvis-kappa-2e03357db2c9
149,49,0.1,baseline,0.05145285288468327,0.06783820072069519,0.06138565454794249,0.013333333333333334,593,240,3,3,corrected_closed_loop,modvis-kappa-2e03357db2c9
149,49,0.1,recovery,0.05481866527131283,0.0796601685973251,0.06733412076592848,0.02666666666666667,594,240,3,3,corrected_closed_loop,modvis-kappa-2e03357db2c9
149,49,0.1,reduced_reliability,0.05288871345062349,0.10710500046340622,0.10577274995994022,0.0,688,145,1,1,corrected_closed_loop,modvis-kappa-2e03357db2c9
150,50,0.1,baseline,0.05330968965978111,0.07723229268058363,0.06420441451020065,0.03,636,197,2,2,corrected_closed_loop,modvis-kappa-2e03357db2c9
150,50,0.1,recovery,0.05368393406729613,0.062212128437381053,0.0587871547769645,0.015,626,208,2,2,corrected_closed_loop,modvis-kappa-2e03357db2c9
150,50,0.1,reduced_reliability,0.05065925993723045,0.0846157481965197,0.09816889131618683,0.01,649,184,2,2,corrected_closed_loop,modvis-kappa-2e03357db2c9
151,51,0.1,baseline,0.051136663944746294,0.07358009524766916,0.05586570486612598,0.013333333333333334,593,240,3,3,corrected_closed_loop,modvis-kappa-2e03357db2c9
151,51,0.1,recovery,0.05516843077230992,0.07252400675103454,0.05788153852610826,0.023333333333333334,594,240,3,3,corrected_closed_loop,modvis-kappa-2e03357db2c9
151,51,0.1,reduced_reliability,0.053043705173626825,0.13384583588638563,0.0740235920398554,0.02,607,226,2,2,corrected_closed_loop,modvis-kappa-2e03357db2c9
152,52,0.1,baseline,0.05298945873773602,0.060034398089940356,0.06547936922687565,0.016666666666666666,593,240,3,3,corrected_closed_loop,modvis-kappa-2e03357db2c9
152,52,0.1,recovery,0.058299728009726395,0.07136191267435371,0.06520876574555765,0.015,609,225,2,2,corrected_closed_loop,modvis-kappa-2e03357db2c9
152,52,0.1,reduced_reliability,0.05725569835357478,0.10483072834473355,0.08218761619465674,0.03333333333333333,593,240,3,3,corrected_closed_loop,modvis-kappa-2e03357db2c9
153,53,0.1,baseline,0.05223875068259663,0.07395646440433712,0.06091235157948586,0.02,624,209,2,2,corrected_closed_loop,modvis-kappa-2e03357db2c9
153,53,0.1,recovery,0.04810186890818946,0.0892361178852745,0.05864674592934817,0.02,633,201,2,2,corrected_closed_loop,modvis-kappa-2e03357db2c9
153,53,0.1,reduced_reliability,0.05382064499076563,0.11783706205380022,0.08140871072223997,0.049999999999999996,593,240,3,3,corrected_closed_loop,modvis-kappa-2e03357db2c9
154,54,0.1,baseline,0.05299127035118685,0.10366448363822234,0.05872344836931357,0.005,662,171,2,2,corrected_closed_loop,modvis-kappa-2e03357db2c9
154,54,0.1,recovery,0.049380025334858586,0.05924599913052389,0.06282957360828102,0.0033333333333333335,594,240,3,3,corrected_closed_loop,modvis-kappa-2e03357db2c9
154,54,0.1,reduced_reliability,0.05248331231514197,0.11613362516912036,0.10837134015508662,0.04666666666666667,593,240,3,3,corrected_closed_loop,modvis-kappa-2e03357db2c9
155,55,0.1,baseline,0.05237342969665726,0.08195994831224367,0.06112818662643604,0.02666666666666667,593,240,3,3,corrected_closed_loop,modvis-kappa-2e03357db2c9
155,55,0.1,recovery,0.05405352145554799,0.07232233585763505,0.07173046617926716,0.013333333333333334,594,240,3,3,corrected_closed_loop,modvis-kappa-2e03357db2c9
155,55,0.1,reduced_reliability,0.04953142952336536,0.11664726316187518,0.11569617642383252,0.013333333333333334,593,240,3,3,corrected_closed_loop,modvis-kappa-2e03357db2c9
156,56,0.1,baseline,0.05302633882990809,0.07640028773301519,0.04789926236638481,0.025,625,208,2,2,corrected_closed_loop,modvis-kappa-2e03357db2c9
156,56,0.1,recovery,0.05390111784806407,0.06200056792540617,0.05389824597506393,0.01,663,171,2,2,corrected_closed_loop,modvis-kappa-2e03357db2c9
156,56,0.1,reduced_reliability,0.05538942594570196,0.13577815448360228,0.12106772596058912,0.05,643,190,2,2,corrected_closed_loop,modvis-kappa-2e03357db2c9
157,57,0.1,baseline,0.051976271953813755,0.0656011785782919,0.06322844136005668,0.016666666666666666,593,240,3,3,corrected_closed_loop,modvis-kappa-2e03357db2c9
157,57,0.1,recovery,0.052517428602562255,0.08466440699799192,0.058468500879770416,0.015,664,170,2,2,corrected_closed_loop,modvis-kappa-2e03357db2c9
157,57,0.1,reduced_reliability,0.05346297194116906,0.11977635225326144,0.10462622034287665,0.0,616,217,1,1,corrected_closed_loop,modvis-kappa-2e03357db2c9
158,58,0.1,baseline,0.051064512485759224,0.06198827186373346,0.058769020859470944,0.01,593,240,3,3,corrected_closed_loop,modvis-kappa-2e03357db2c9
158,58,0.1,recovery,0.053633119488931034,0.08387178705561621,0.06514662386378695,0.01,602,232,2,2,corrected_closed_loop,modvis-kappa-2e03357db2c9
158,58,0.1,reduced_reliability,0.05603110911730147,0.15354199803825117,0.07227969648497282,0.025,598,235,2,2,corrected_closed_loop,modvis-kappa-2e03357db2c9
159,59,0.1,baseline,0.050709814192900014,0.0828310891657764,0.055206881020654484,0.01,629,204,2,2,corrected_closed_loop,modvis-kappa-2e03357db2c9
159,59,0.1,recovery,0.05675960065694674,0.07606573639810997,0.06749447524695425,0.013333333333333334,594,240,3,3,corrected_closed_loop,modvis-kappa-2e03357db2c9
159,59,0.1,reduced_reliability,0.05274766899320499,0.14497444056857656,0.09095359061078476,0.015,661,172,2,2,corrected_closed_loop,modvis-kappa-2e03357db2c9
160,60,0.1,baseline,0.051552853182869646,0.07193829151537541,0.056990671077715466,0.02,593,240,3,3,corrected_closed_loop,modvis-kappa-2e03357db2c9
160,60,0.1,recovery,0.05196515487527221,0.08794398795038404,0.05778735448847111,0.01,604,230,2,2,corrected_closed_loop,modvis-kappa-2e03357db2c9
160,60,0.1,reduced_reliability,0.05368406023313897,0.10276439503341189,0.10407130912921615,0.03,669,164,2,2,corrected_closed_loop,modvis-kappa-2e03357db2c9
161,61,0.1,baseline,0.04926279413650263,0.06883947204111783,0.05117815088193364,0.016666666666666666,593,240,3,3,corrected_closed_loop,modvis-kappa-2e03357db2c9
161,61,0.1,recovery,0.05414406321923961,0.06652988453500693,0.06287281890254723,0.015,604,230,2,2,corrected_closed_loop,modvis-kappa-2e03357db2c9
161,61,0.1,reduced_reliability,0.055711703341441224,0.09669190329954575,0.09233208470850535,0.02666666666666667,593,240,3,3,corrected_closed_loop,modvis-kappa-2e03357db2c9
162,62,0.1,baseline,0.053405337534696014,0.07156119546522008,0.064285852028393,0.023333333333333334,593,240,3,3,corrected_closed_loop,modvis-kappa-2e03357db2c9
162,62,0.1,recovery,0.05270717337689548,0.08677184855468692,0.05859935503344799,0.02,636,198,1,1,corrected_closed_loop,modvis-kappa-2e03357db2c9
162,62,0.1,reduced_reliability,0.05389165300630739,0.12516058618799408,0.13703230312964237,0.030000000000000002,663,170,2,2,corrected_closed_loop,modvis-kappa-2e03357db2c9
163,63,0.1,baseline,0.052905567516147646,0.06562839831398368,0.06290907612051412,0.016666666666666666,593,240,3,3,corrected_closed_loop,modvis-kappa-2e03357db2c9
163,63,0.1,recovery,0.05235946582129598,0.09151225072847037,0.05975130946114286,0.025,644,190,2,2,corrected_closed_loop,modvis-kappa-2e03357db2c9
163,63,0.1,reduced_reliability,0.052959575964657175,0.11294631390356007,0.10824459642712198,0.005,638,195,2,2,corrected_closed_loop,modvis-kappa-2e03357db2c9
164,64,0.1,baseline,0.052852878475681306,0.07285074120239957,0.05812496495383652,0.025,644,189,2,2,corrected_closed_loop,modvis-kappa-2e03357db2c9
164,64,0.1,recovery,0.05461718895083256,0.07125824547310865,0.07424072786167993,0.02,594,240,3,3,corrected_closed_loop,modvis-kappa-2e03357db2c9
164,64,0.1,reduced_reliability,0.049864836847795954,0.11971680787378546,0.09462541452159486,0.01,646,187,2,2,corrected_closed_loop,modvis-kappa-2e03357db2c9
165,65,0.1,baseline,0.052980941812786245,0.06714454940288464,0.05985094119122765,0.02,595,238,2,2,corrected_closed_loop,modvis-kappa-2e03357db2c9
165,65,0.1,recovery,0.054270589730235956,0.07921328320716307,0.060152127590595905,0.02,594,240,3,3,corrected_closed_loop,modvis-kappa-2e03357db2c9
165,65,0.1,reduced_reliability,0.05314311780819065,0.15009668059658351,0.07497080199412612,0.025,600,233,2,2,corrected_closed_loop,modvis-kappa-2e03357db2c9
166,66,0.1,baseline,0.05250926363626432,0.08167587561476383,0.05737977082885749,0.016666666666666666,593,240,3,3,corrected_closed_loop,modvis-kappa-2e03357db2c9
166,66,0.1,recovery,0.05670930060097114,0.08096874064618477,0.06539395651054089,0.02666666666666667,594,240,3,3,corrected_closed_loop,modvis-kappa-2e03357db2c9
166,66,0.1,reduced_reliability,0.051039130839368445,0.10794084941934622,0.10645966953043558,0.01,664,169,2,2,corrected_closed_loop,modvis-kappa-2e03357db2c9
167,67,0.1,baseline,0.05415770307103585,0.0872290040446378,0.06087959521874462,0.016666666666666666,593,240,3,3,corrected_closed_loop,modvis-kappa-2e03357db2c9
167,67,0.1,recovery,0.05284147084970699,0.06926524758601514,0.06711554851002008,0.02,594,240,3,3,corrected_closed_loop,modvis-kappa-2e03357db2c9
167,67,0.1,reduced_reliability,0.054839789090643215,0.08717490697732108,0.10185869492077122,0.02,593,240,3,3,corrected_closed_loop,modvis-kappa-2e03357db2c9
168,68,0.1,baseline,0.05332822873247957,0.09721628300985415,0.06215938584148244,0.02,597,236,2,2,corrected_closed_loop,modvis-kappa-2e03357db2c9
168,68,0.1,recovery,0.052926602121519825,0.07814409867368872,0.060450688648057416,0.016666666666666666,594,240,3,3,corrected_closed_loop,modvis-kappa-2e03357db2c9
168,68,0.1,reduced_reliability,0.04966041431424278,0.07645813187928908,0.110855020033912,0.005,606,227,2,2,corrected_closed_loop,modvis-kappa-2e03357db2c9
169,69,0.1,baseline,0.050020820282859396,0.08177811394553393,0.0584163530258286,0.02,622,211,2,2,corrected_closed_loop,modvis-kappa-2e03357db2c9
169,69,0.1,recovery,0.05237297592313633,0.08114112106950497,0.06165876092599538,0.01,661,173,2,2,corrected_closed_loop,modvis-kappa-2e03357db2c9
169,69,0.1,reduced_reliability,0.054125434186031975,0.12219851702503845,0.08929912982841999,0.015,654,179,2,2,corrected_closed_loop,modvis-kappa-2e03357db2c9
170,70,0.1,baseline,0.04796571904136649,0.0836003961608328,0.06054035081493026,0.02,668,165,2,2,corrected_closed_loop,modvis-kappa-2e03357db2c9
170,70,0.1,recovery,0.051309483795980264,0.056593138452157965,0.05853232146580987,0.006666666666666667,594,240,3,3,corrected_closed_loop,modvis-kappa-2e03357db2c9
170,70,0.1,reduced_reliability,0.05375718329474083,0.10504822041063645,0.11528080013958733,0.01,593,240,3,3,corrected_closed_loop,modvis-kappa-2e03357db2c9
171,71,0.1,baseline,0.050846404524259765,0.06556537610885961,0.05611776331205313,0.01,618,215,2,2,corrected_closed_loop,modvis-kappa-2e03357db2c9
171,71,0.1,recovery,0.05334085044559464,0.07101974853499896,0.060783592968404986,0.02,594,240,3,3,corrected_closed_loop,modvis-kappa-2e03357db2c9
171,71,0.1,reduced_reliability,0.054751914362538144,0.10931064786731551,0.09071221865870358,0.02333333333333333,593,240,3,3,corrected_closed_loop,modvis-kappa-2e03357db2c9
172,72,0.1,baseline,0.0569761343728848,0.06119931766264757,0.06729019533991933,0.006666666666666667,593,240,3,3,corrected_closed_loop,modvis-kappa-2e03357db2c9
172,72,0.1,recovery,0.05250026715867827,0.07771399114212503,0.053517731464177466,0.02,594,240,3,3,corrected_closed_loop,modvis-kappa-2e03357db2c9
172,72,0.1,reduced_reliability,0.05670451703183682,0.08051329993735187,0.11466308813549318,0.006666666666666667,593,240,3,3,corrected_closed_loop,modvis-kappa-2e03357db2c9
173,73,0.1,baseline,0.047602490657439746,0.0972217749475222,0.05233421338133754,0.015,616,217,2,2,corrected_closed_loop,modvis-kappa-2e03357db2c9
173,73,0.1,recovery,0.04937720376457009,0.0785874468457533,0.05738092248438263,0.02,594,240,3,3,corrected_closed_loop,modvis-kappa-2e03357db2c9
173,73,0.1,reduced_reliability,0.04963153839553966,0.1496393722502009,0.08193822584833754,0.08,623,210,2,2,corrected_closed_loop,modvis-kappa-2e03357db2c9
174,74,0.1,baseline,0.05357217090275977,0.07628307466619423,0.05906326855332226,0.02,593,240,3,3,corrected_closed_loop,modvis-kappa-2e03357db2c9
174,74,0.1,recovery,0.04970224625797674,0.06612541707524908,0.057900876959228374,0.016666666666666666,594,240,3,3,corrected_closed_loop,modvis-kappa-2e03357db2c9
174,74,0.1,reduced_reliability,0.052218157028640966,0.08722412659681589,0.10726880335740237,0.035,670,163,2,2,corrected_closed_loop,modvis-kappa-2e03357db2c9
175,75,0.1,baseline,0.05189975968834314,0.0630541057780104,0.057998278657269565,0.013333333333333334,593,240,3,3,corrected_closed_loop,modvis-kappa-2e03357db2c9
175,75,0.1,recovery,0.052584582558825886,0.06489599811155801,0.05755780662854838,0.005,657,177,2,2,corrected_closed_loop,modvis-kappa-2e03357db2c9
175,75,0.1,reduced_reliability,0.05750502108400462,0.17914628185928982,0.12012219233554255,0.19333333333333336,593,240,3,3,corrected_closed_loop,modvis-kappa-2e03357db2c9
176,76,0.1,baseline,0.04951378815394634,0.07567662538203264,0.0569564930346843,0.013333333333333334,593,240,3,3,corrected_closed_loop,modvis-kappa-2e03357db2c9
176,76,0.1,recovery,0.052381756686971065,0.09714934221058759,0.0596817947581235,0.02,646,188,2,2,corrected_closed_loop,modvis-kappa-2e03357db2c9
176,76,0.1,reduced_reliability,0.05196039651324739,0.10631314983126933,0.10861929794573759,0.02666666666666667,593,240,3,3,corrected_closed_loop,modvis-kappa-2e03357db2c9
177,77,0.1,baseline,0.052828380242249694,0.08104512571449424,0.06425666220117864,0.01,597,236,2,2,corrected_closed_loop,modvis-kappa-2e03357db2c9
177,77,0.1,recovery,0.05223345508931956,0.07130637834797204,0.059475748974653415,0.02,645,189,2,2,corrected_closed_loop,modvis-kappa-2e03357db2c9
177,77,0.1,reduced_reliability,0.0546563558526887,0.10714616138367467,0.1225325883215093,0.03,633,200,2,2,corrected_closed_loop,modvis-kappa-2e03357db2c9
178,78,0.1,baseline,0.04782532862996041,0.06257613601154008,0.06136258415487581,0.013333333333333334,593,240,3,3,corrected_closed_loop,modvis-kappa-2e03357db2c9
178,78,0.1,recovery,0.05214039799648497,0.06222901722520009,0.06122216204318764,0.013333333333333334,594,240,3,3,corrected_closed_loop,modvis-kappa-2e03357db2c9
178,78,0.1,reduced_reliability,0.05667770725853551,0.11615472735661642,0.11900881310615125,0.01,626,207,2,2,corrected_closed_loop,modvis-kappa-2e03357db2c9
179,79,0.1,baseline,0.052623074248934525,0.09697530058671164,0.061333986093934714,0.02,632,201,2,2,corrected_closed_loop,modvis-kappa-2e03357db2c9
179,79,0.1,recovery,0.05307132184863176,0.04539310084924011,0.047189475701744005,0.0,665,169,1,1,corrected_closed_loop,modvis-kappa-2e03357db2c9
179,79,0.1,reduced_reliability,0.057640604423568,0.16890855257609697,0.0997890006405954,0.025,603,230,2,2,corrected_closed_loop,modvis-kappa-2e03357db2c9
180,80,0.1,baseline,0.051039624235142474,0.09413848981145698,0.0564767373726758,0.025,670,163,2,2,corrected_closed_loop,modvis-kappa-2e03357db2c9
180,80,0.1,recovery,0.05618583328255333,0.09741574548880094,0.05993631984774073,0.035,608,226,2,2,corrected_closed_loop,modvis-kappa-2e03357db2c9
180,80,0.1,reduced_reliability,0.05422948074637319,0.0872536090918666,0.10500439509036787,0.01,593,240,3,3,corrected_closed_loop,modvis-kappa-2e03357db2c9
181,81,0.1,baseline,0.05406056437771892,0.09208776980177776,0.05444677008908831,0.01,616,217,1,1,corrected_closed_loop,modvis-kappa-2e03357db2c9
181,81,0.1,recovery,0.05634629603871032,0.0941605558943442,0.061520555021633706,0.02,661,173,2,2,corrected_closed_loop,modvis-kappa-2e03357db2c9
181,81,0.1,reduced_reliability,0.052222703237391636,0.13147410633111176,0.13483880067462298,0.05666666666666667,593,240,3,3,corrected_closed_loop,modvis-kappa-2e03357db2c9
182,82,0.1,baseline,0.0535121663995529,0.09204900287443503,0.0635842717338292,0.02,593,240,2,2,corrected_closed_loop,modvis-kappa-2e03357db2c9
182,82,0.1,recovery,0.0531378229231209,0.06653678545477718,0.054615763526663655,0.02,668,166,2,2,corrected_closed_loop,modvis-kappa-2e03357db2c9
182,82,0.1,reduced_reliability,0.0527781681385841,0.08527840807604194,0.10643972005182083,0.01,598,235,2,2,corrected_closed_loop,modvis-kappa-2e03357db2c9
183,83,0.1,baseline,0.054063468133641254,0.09418819495197885,0.060315244334741745,0.02,710,123,1,1,corrected_closed_loop,modvis-kappa-2e03357db2c9
183,83,0.1,recovery,0.05444928984517376,0.08019923537221132,0.05660719553310335,0.015,600,234,2,2,corrected_closed_loop,modvis-kappa-2e03357db2c9
183,83,0.1,reduced_reliability,0.05099509353616147,0.08593034700311447,0.1084919748873258,0.013333333333333334,593,240,3,3,corrected_closed_loop,modvis-kappa-2e03357db2c9
184,84,0.1,baseline,0.052300847720054666,0.09865682339282553,0.06190893016764385,0.025,652,181,2,2,corrected_closed_loop,modvis-kappa-2e03357db2c9
184,84,0.1,recovery,0.055260745060958724,0.06908013712236184,0.05524239730321633,0.01,594,240,3,3,corrected_closed_loop,modvis-kappa-2e03357db2c9
184,84,0.1,reduced_reliability,0.05268936569094535,0.18906988648863068,0.09140869058622057,0.03333333333333333,593,240,3,3,corrected_closed_loop,modvis-kappa-2e03357db2c9
185,85,0.1,baseline,0.05263077875804074,0.07747025082922147,0.061991349543273504,0.02,631,202,2,2,corrected_closed_loop,modvis-kappa-2e03357db2c9
185,85,0.1,recovery,0.05386910290510563,0.07880937389316499,0.06201993376455777,0.02666666666666667,594,240,3,3,corrected_closed_loop,modvis-kappa-2e03357db2c9
185,85,0.1,reduced_reliability,0.05575412730958127,0.11618944595793426,0.11165568476090704,0.049999999999999996,593,240,3,3,corrected_closed_loop,modvis-kappa-2e03357db2c9
186,86,0.1,baseline,0.055612327189756616,0.0665151829991613,0.0677173553103359,0.015,647,186,2,2,corrected_closed_loop,modvis-kappa-2e03357db2c9
186,86,0.1,recovery,0.05523136530499435,0.08966415006368396,0.06336011172416534,0.02,626,208,2,2,corrected_closed_loop,modvis-kappa-2e03357db2c9
186,86,0.1,reduced_reliability,0.05422086786395921,0.13128407806654946,0.12138543570735844,0.025,632,201,2,2,corrected_closed_loop,modvis-kappa-2e03357db2c9
187,87,0.1,baseline,0.05192827213403625,0.0947092376533061,0.05723240705661025,0.02,662,171,2,2,corrected_closed_loop,modvis-kappa-2e03357db2c9
187,87,0.1,recovery,0.05058564560576414,0.06994307731188532,0.0641727751432306,0.023333333333333334,594,240,3,3,corrected_closed_loop,modvis-kappa-2e03357db2c9
187,87,0.1,reduced_reliability,0.05010522793381678,0.10489266386638739,0.1005949288341499,0.05,618,215,2,2,corrected_closed_loop,modvis-kappa-2e03357db2c9
188,88,0.1,baseline,0.05070711288250752,0.07398820769447527,0.0621976223323443,0.02,593,240,3,3,corrected_closed_loop,modvis-kappa-2e03357db2c9
188,88,0.1,recovery,0.051441961436357514,0.06473978443842328,0.06420604901732949,0.016666666666666666,594,240,3,3,corrected_closed_loop,modvis-kappa-2e03357db2c9
188,88,0.1,reduced_reliability,0.0552159380748596,0.2027350624434813,0.11102484034518562,0.0,668,165,1,1,corrected_closed_loop,modvis-kappa-2e03357db2c9
189,89,0.1,baseline,0.04897642427440298,0.067506097948699,0.05541582864889222,0.025,616,217,2,2,corrected_closed_loop,modvis-kappa-2e03357db2c9
189,89,0.1,recovery,0.05465294141672785,0.07334656474047556,0.06689949085358378,0.02333333333333333,594,240,3,3,corrected_closed_loop,modvis-kappa-2e03357db2c9
189,89,0.1,reduced_reliability,0.054465607875613234,0.09573273225703366,0.08637456809707633,0.02666666666666667,593,240,3,3,corrected_closed_loop,modvis-kappa-2e03357db2c9
190,90,0.1,baseline,0.051775831310064045,0.08080271177740062,0.06256461403937058,0.013333333333333334,593,240,3,3,corrected_closed_loop,modvis-kappa-2e03357db2c9
190,90,0.1,recovery,0.05750746466793163,0.06768186318819974,0.058990299925907416,0.015,640,194,2,2,corrected_closed_loop,modvis-kappa-2e03357db2c9
190,90,0.1,reduced_reliability,0.052370567893628345,0.13098863554424095,0.0838719650756912,0.006666666666666667,593,240,3,3,corrected_closed_loop,modvis-kappa-2e03357db2c9
191,91,0.1,baseline,0.051307190942468814,0.08773382221247268,0.05690323790197812,0.03,642,191,2,2,corrected_closed_loop,modvis-kappa-2e03357db2c9
191,91,0.1,recovery,0.05575596016312715,0.07906574568131929,0.061782811504555044,0.02,659,175,2,2,corrected_closed_loop,modvis-kappa-2e03357db2c9
191,91,0.1,reduced_reliability,0.05266479539931704,0.11791166937781333,0.10092893842847524,0.05333333333333334,593,240,3,3,corrected_closed_loop,modvis-kappa-2e03357db2c9
192,92,0.1,baseline,0.05510037875592653,0.08773181064891436,0.06792345685409945,0.03333333333333333,593,240,3,3,corrected_closed_loop,modvis-kappa-2e03357db2c9
192,92,0.1,recovery,0.055676752938569406,0.10200692102463008,0.058571853836570126,0.01,625,209,2,2,corrected_closed_loop,modvis-kappa-2e03357db2c9
192,92,0.1,reduced_reliability,0.052738522921032295,0.1608930867408664,0.10827129243019447,0.05333333333333334,593,240,3,3,corrected_closed_loop,modvis-kappa-2e03357db2c9
193,93,0.1,baseline,0.055333061902072746,0.06703970157337293,0.06242514667705403,0.02,593,240,3,3,corrected_closed_loop,modvis-kappa-2e03357db2c9
193,93,0.1,recovery,0.052902926626304796,0.06804333856099021,0.05971393871831624,0.025,634,200,2,2,corrected_closed_loop,modvis-kappa-2e03357db2c9
193,93,0.1,reduced_reliability,0.054567235278993736,0.13809054210527053,0.08793546699064923,0.02,593,240,3,3,corrected_closed_loop,modvis-kappa-2e03357db2c9
194,94,0.1,baseline,0.05261704434084558,0.061421919983659576,0.058874221009179335,0.02,626,207,2,2,corrected_closed_loop,modvis-kappa-2e03357db2c9
194,94,0.1,recovery,0.049622194808583014,0.09606709460202456,0.06212184133911327,0.025,668,166,2,2,corrected_closed_loop,modvis-kappa-2e03357db2c9
194,94,0.1,reduced_reliability,0.05330857874292803,0.10935252282317483,0.10902821231399079,0.013333333333333334,593,240,3,3,corrected_closed_loop,modvis-kappa-2e03357db2c9
195,95,0.1,baseline,0.05201946119903407,0.08289278437560682,0.05434132603619144,0.03,609,224,2,2,corrected_closed_loop,modvis-kappa-2e03357db2c9
195,95,0.1,recovery,0.053717326115723565,0.05804831423242785,0.05917915530819734,0.015,618,216,2,2,corrected_closed_loop,modvis-kappa-2e03357db2c9
195,95,0.1,reduced_reliability,0.0566609029631998,0.11792873081139324,0.08489856725140343,0.006666666666666667,593,240,3,3,corrected_closed_loop,modvis-kappa-2e03357db2c9
196,96,0.1,baseline,0.053662041293337806,0.09258897628023652,0.05945194168846048,0.02,608,225,2,2,corrected_closed_loop,modvis-kappa-2e03357db2c9
196,96,0.1,recovery,0.05431082549799068,0.05747695762430735,0.061545028818518435,0.013333333333333334,594,240,3,3,corrected_closed_loop,modvis-kappa-2e03357db2c9
196,96,0.1,reduced_reliability,0.053844774405859996,0.14519960309083452,0.10572444280094641,0.02,633,200,2,2,corrected_closed_loop,modvis-kappa-2e03357db2c9
197,97,0.1,baseline,0.04586828811117179,0.09858488835716227,0.04975351427418086,0.02,690,143,1,1,corrected_closed_loop,modvis-kappa-2e03357db2c9
197,97,0.1,recovery,0.054148237842779674,0.07244719717710643,0.06327293338510433,0.02666666666666667,594,240,3,3,corrected_closed_loop,modvis-kappa-2e03357db2c9
197,97,0.1,reduced_reliability,0.056995938862373065,0.1630294486596098,0.11182395902700693,0.07,634,199,1,1,corrected_closed_loop,modvis-kappa-2e03357db2c9
198,98,0.1,baseline,0.05623767596104118,0.08607938671354835,0.06519901304122847,0.015,599,234,2,2,corrected_closed_loop,modvis-kappa-2e03357db2c9
198,98,0.1,recovery,0.05206332765765085,0.07399166243126522,0.060693330826667585,0.005,617,217,2,2,corrected_closed_loop,modvis-kappa-2e03357db2c9
198,98,0.1,reduced_reliability,0.05143714707863702,0.07804764566160183,0.08712690800904382,0.01,660,173,1,1,corrected_closed_loop,modvis-kappa-2e03357db2c9
199,99,0.1,baseline,0.05068436073003597,0.06510030773771813,0.06348550812761009,0.013333333333333334,593,240,3,3,corrected_closed_loop,modvis-kappa-2e03357db2c9
199,99,0.1,recovery,0.05454574926222322,0.07457527240777395,0.05723719646004174,0.023333333333333334,594,240,3,3,corrected_closed_loop,modvis-kappa-2e03357db2c9
199,99,0.1,reduced_reliability,0.051748648326899495,0.1464504721191053,0.09939404946679901,0.055,657,176,2,2,corrected_closed_loop,modvis-kappa-2e03357db2c9
100,0,0.15,baseline,0.05227903361128479,0.07643590785038243,0.05092163240002351,0.02,628,205,2,2,corrected_closed_loop,modvis-kappa-2e03357db2c9
100,0,0.15,recovery,0.052467662836576855,0.05651998265127677,0.06188071733231652,0.005,653,181,2,2,corrected_closed_loop,modvis-kappa-2e03357db2c9
100,0,0.15,reduced_reliability,0.05582726771342003,0.10741935014438038,0.08539560977309452,0.025,657,176,2,2,corrected_closed_loop,modvis-kappa-2e03357db2c9
101,1,0.15,baseline,0.048683555599097254,0.07984218432276635,0.05885431523510717,0.02,593,240,3,3,corrected_closed_loop,modvis-kappa-2e03357db2c9
101,1,0.15,recovery,0.05694135638120094,0.07651534508826435,0.06763985208762034,0.013333333333333334,594,240,3,3,corrected_closed_loop,modvis-kappa-2e03357db2c9
101,1,0.15,reduced_reliability,0.0494291789218098,0.08863022369467108,0.07338451959459094,0.015,626,207,2,2,corrected_closed_loop,modvis-kappa-2e03357db2c9
102,2,0.15,baseline,0.05234248019736282,0.07903576463981214,0.060202935547240384,0.015,608,225,2,2,corrected_closed_loop,modvis-kappa-2e03357db2c9
102,2,0.15,recovery,0.04862034168998482,0.06977179633367205,0.05188929141233688,0.023333333333333334,594,240,3,3,corrected_closed_loop,modvis-kappa-2e03357db2c9
102,2,0.15,reduced_reliability,0.056314391434914686,0.0808119000103707,0.08841325329628952,0.02,649,184,2,2,corrected_closed_loop,modvis-kappa-2e03357db2c9
103,3,0.15,baseline,0.05032722908195535,0.0810950685709957,0.05527311227670311,0.016666666666666666,593,240,3,3,corrected_closed_loop,modvis-kappa-2e03357db2c9
103,3,0.15,recovery,0.05811717686221516,0.08646744137798139,0.06376234393548308,0.01,624,210,1,1,corrected_closed_loop,modvis-kappa-2e03357db2c9
103,3,0.15,reduced_reliability,0.054200494582447585,0.09594562355138886,0.07403792650651653,0.03333333333333333,593,240,3,3,corrected_closed_loop,modvis-kappa-2e03357db2c9
104,4,0.15,baseline,0.05119621887821709,0.06326255002179447,0.06528116355477227,0.006666666666666667,593,240,3,3,corrected_closed_loop,modvis-kappa-2e03357db2c9
104,4,0.15,recovery,0.05233158628980748,0.06311261868602265,0.05212097350163003,0.006666666666666667,594,240,3,3,corrected_closed_loop,modvis-kappa-2e03357db2c9
104,4,0.15,reduced_reliability,0.054262700304995505,0.1312963316583081,0.08083986092684163,0.03333333333333333,593,240,3,3,corrected_closed_loop,modvis-kappa-2e03357db2c9
105,5,0.15,baseline,0.05243502133258905,0.07131443862880558,0.05999929294987376,0.016666666666666666,593,240,3,3,corrected_closed_loop,modvis-kappa-2e03357db2c9
105,5,0.15,recovery,0.04971679207214367,0.0607810420009841,0.04868172222436849,0.02,641,193,2,2,corrected_closed_loop,modvis-kappa-2e03357db2c9
105,5,0.15,reduced_reliability,0.05442078559916811,0.11540325656724328,0.08846159485534237,0.045,620,213,2,2,corrected_closed_loop,modvis-kappa-2e03357db2c9
106,6,0.15,baseline,0.05274316164064624,0.09472747098725408,0.053718430130723985,0.025,598,235,2,2,corrected_closed_loop,modvis-kappa-2e03357db2c9
106,6,0.15,recovery,0.05392645410843158,0.09819319279520071,0.05856725188427746,0.02,653,181,2,2,corrected_closed_loop,modvis-kappa-2e03357db2c9
106,6,0.15,reduced_reliability,0.055201362297272294,0.07405200601923972,0.0744502912947197,0.02,647,186,2,2,corrected_closed_loop,modvis-kappa-2e03357db2c9
107,7,0.15,baseline,0.05190239552492012,0.06378659349272257,0.054375773230939735,0.01,593,240,3,3,corrected_closed_loop,modvis-kappa-2e03357db2c9
107,7,0.15,recovery,0.05095615161434435,0.06735728747182962,0.05704026203189351,0.006666666666666667,594,240,3,3,corrected_closed_loop,modvis-kappa-2e03357db2c9
107,7,0.15,reduced_reliability,0.05148917889309668,0.12111102126191156,0.08842799257988165,0.01,677,156,1,1,corrected_closed_loop,modvis-kappa-2e03357db2c9
108,8,0.15,baseline,0.05124726672090241,0.06039476522035152,0.05618698468293863,0.02,607,226,2,2,corrected_closed_loop,modvis-kappa-2e03357db2c9
108,8,0.15,recovery,0.050122327531798,0.05815609357692133,0.05682409894150116,0.016666666666666666,594,240,3,3,corrected_closed_loop,modvis-kappa-2e03357db2c9
108,8,0.15,reduced_reliability,0.05633013860467138,0.11340182780519259,0.10795149981723465,0.01,649,184,2,2,corrected_closed_loop,modvis-kappa-2e03357db2c9
109,9,0.15,baseline,0.0497259163568056,0.09373135449462155,0.051028094045126815,0.015,666,167,2,2,corrected_closed_loop,modvis-kappa-2e03357db2c9
109,9,0.15,recovery,0.050976537303222394,0.08297775843446305,0.05132841575769993,0.01,673,161,2,2,corrected_closed_loop,modvis-kappa-2e03357db2c9
109,9,0.15,reduced_reliability,0.05456980541985687,0.12771172829082458,0.06808374690232526,0.034999999999999996,670,163,2,2,corrected_closed_loop,modvis-kappa-2e03357db2c9
110,10,0.15,baseline,0.050221344434371235,0.06713786743534526,0.0549733624712438,0.015,648,185,2,2,corrected_closed_loop,modvis-kappa-2e03357db2c9
110,10,0.15,recovery,0.050429725486457216,0.0712095557632452,0.05890281171743435,0.02,633,201,2,2,corrected_closed_loop,modvis-kappa-2e03357db2c9
110,10,0.15,reduced_reliability,0.050472802848362516,0.10847707009727019,0.08280441049995518,0.065,672,161,2,2,corrected_closed_loop,modvis-kappa-2e03357db2c9
111,11,0.15,baseline,0.05492426932575183,0.08006748030211115,0.05897219896197289,0.023333333333333334,593,240,3,3,corrected_closed_loop,modvis-kappa-2e03357db2c9
111,11,0.15,recovery,0.05335893192703148,0.08628385558596553,0.05893308239467755,0.01,598,236,2,2,corrected_closed_loop,modvis-kappa-2e03357db2c9
111,11,0.15,reduced_reliability,0.05498662087018938,0.1483402135851159,0.07860369648530734,0.05,666,167,1,1,corrected_closed_loop,modvis-kappa-2e03357db2c9
112,12,0.15,baseline,0.052176347681895975,0.05529345601473317,0.05586234669898512,0.01,623,210,2,2,corrected_closed_loop,modvis-kappa-2e03357db2c9
112,12,0.15,recovery,0.05208628587721257,0.0681783818385983,0.06040732171586903,0.02,594,240,3,3,corrected_closed_loop,modvis-kappa-2e03357db2c9
112,12,0.15,reduced_reliability,0.05195947725298893,0.11598164509649729,0.09161890346024777,0.015,660,173,2,2,corrected_closed_loop,modvis-kappa-2e03357db2c9
113,13,0.15,baseline,0.05206255485385231,0.0725712680876223,0.05731753697710737,0.016666666666666666,593,240,3,3,corrected_closed_loop,modvis-kappa-2e03357db2c9
113,13,0.15,recovery,0.052967839738290945,0.05453863848297994,0.06899249161874707,0.013333333333333334,594,240,3,3,corrected_closed_loop,modvis-kappa-2e03357db2c9
113,13,0.15,reduced_reliability,0.05712869144356561,0.07675856035674918,0.08876352235652092,0.016666666666666666,593,240,3,3,corrected_closed_loop,modvis-kappa-2e03357db2c9
114,14,0.15,baseline,0.05326431118241393,0.0707148747809747,0.06321700550586887,0.013333333333333334,593,240,3,3,corrected_closed_loop,modvis-kappa-2e03357db2c9
114,14,0.15,recovery,0.05314062670197902,0.06133999143152494,0.06825418501884095,0.016666666666666666,594,240,3,3,corrected_closed_loop,modvis-kappa-2e03357db2c9
114,14,0.15,reduced_reliability,0.05097754808647106,0.09036319365250345,0.08393786514699901,0.013333333333333334,593,240,3,3,corrected_closed_loop,modvis-kappa-2e03357db2c9
115,15,0.15,baseline,0.04712875648091697,0.08877222467639247,0.05642154265515883,0.01,624,209,2,2,corrected_closed_loop,modvis-kappa-2e03357db2c9
115,15,0.15,recovery,0.051970220713454446,0.0772595759466441,0.06325742468042994,0.02666666666666667,594,240,3,3,corrected_closed_loop,modvis-kappa-2e03357db2c9
115,15,0.15,reduced_reliability,0.0567260081677048,0.10191648971708762,0.08209374807211185,0.02,715,118,1,1,corrected_closed_loop,modvis-kappa-2e03357db2c9
116,16,0.15,baseline,0.0517451306473083,0.0630805911659902,0.05153984433904071,0.015,632,201,2,2,corrected_closed_loop,modvis-kappa-2e03357db2c9
116,16,0.15,recovery,0.05609800729487668,0.07076160632047214,0.0677653959952614,0.016666666666666666,594,240,3,3,corrected_closed_loop,modvis-kappa-2e03357db2c9
116,16,0.15,reduced_reliability,0.05481572524170674,0.13197598569762728,0.08544219534426276,0.060000000000000005,593,240,3,3,corrected_closed_loop,modvis-kappa-2e03357db2c9
117,17,0.15,baseline,0.049726389075452786,0.07940649677572749,0.0566956585574074,0.02333333333333333,593,240,3,3,corrected_closed_loop,modvis-kappa-2e03357db2c9
117,17,0.15,recovery,0.05365607593863001,0.08617328511834253,0.05115530812237848,0.03,666,168,2,2,corrected_closed_loop,modvis-kappa-2e03357db2c9
117,17,0.15,reduced_reliability,0.05548026883733793,0.11122247460298454,0.07474895576715143,0.045000000000000005,595,238,2,2,corrected_closed_loop,modvis-kappa-2e03357db2c9
118,18,0.15,baseline,0.05308937317680226,0.07631113866207387,0.05909712507191428,0.023333333333333334,593,240,3,3,corrected_closed_loop,modvis-kappa-2e03357db2c9
118,18,0.15,recovery,0.04818033766174415,0.06488806398095642,0.05823448327467461,0.006666666666666667,594,240,3,3,corrected_closed_loop,modvis-kappa-2e03357db2c9
118,18,0.15,reduced_reliability,0.053678584908746246,0.1357740924044229,0.09024901947406606,0.016666666666666666,593,240,3,3,corrected_closed_loop,modvis-kappa-2e03357db2c9
119,19,0.15,baseline,0.05148500620835039,0.0747683360866008,0.06241277800938054,0.016666666666666666,593,240,3,3,corrected_closed_loop,modvis-kappa-2e03357db2c9
119,19,0.15,recovery,0.050343940202487385,0.058380156214847066,0.06042070417402154,0.01,627,207,2,2,corrected_closed_loop,modvis-kappa-2e03357db2c9
119,19,0.15,reduced_reliability,0.05397181379762506,0.11289822220950155,0.09872617350322085,0.025,639,194,2,2,corrected_closed_loop,modvis-kappa-2e03357db2c9
120,20,0.15,baseline,0.04979896356208757,0.10111176228921491,0.058002275582574196,0.02,623,210,2,2,corrected_closed_loop,modvis-kappa-2e03357db2c9
120,20,0.15,recovery,0.05156310355269673,0.10110292502238052,0.05564207862824901,0.025,633,201,2,2,corrected_closed_loop,modvis-kappa-2e03357db2c9
120,20,0.15,reduced_reliability,0.05399013702601002,0.1358799786448936,0.09357624898598832,0.12,641,192,2,2,corrected_closed_loop,modvis-kappa-2e03357db2c9
121,21,0.15,baseline,0.05056171466806138,0.056244146267292426,0.05804824549063236,0.015,602,231,2,2,corrected_closed_loop,modvis-kappa-2e03357db2c9
121,21,0.15,recovery,0.05400984888919548,0.06269473370039305,0.05691282218257646,0.02,694,140,1,1,corrected_closed_loop,modvis-kappa-2e03357db2c9
121,21,0.15,reduced_reliability,0.05559545752070769,0.12937939390856212,0.08409444254403468,0.07666666666666667,593,240,3,3,corrected_closed_loop,modvis-kappa-2e03357db2c9
122,22,0.15,baseline,0.05097609946294546,0.07288938815293293,0.05720565898617815,0.025,649,184,2,2,corrected_closed_loop,modvis-kappa-2e03357db2c9
122,22,0.15,recovery,0.051663435069634785,0.054352336777259966,0.06793230710706145,0.01,594,240,3,3,corrected_closed_loop,modvis-kappa-2e03357db2c9
122,22,0.15,reduced_reliability,0.05074052806188473,0.08349886926259846,0.09436816092140372,0.03,671,162,2,2,corrected_closed_loop,modvis-kappa-2e03357db2c9
123,23,0.15,baseline,0.05128720292880176,0.06971469856860425,0.060030450812770884,0.02,615,218,2,2,corrected_closed_loop,modvis-kappa-2e03357db2c9
123,23,0.15,recovery,0.054156956022441624,0.06044281068433207,0.05370866204245921,0.01,705,129,1,1,corrected_closed_loop,modvis-kappa-2e03357db2c9
123,23,0.15,reduced_reliability,0.05500621961176081,0.06601050046417738,0.07896276859993896,0.005,663,170,2,2,corrected_closed_loop,modvis-kappa-2e03357db2c9
124,24,0.15,baseline,0.056034995899460364,0.11060674530993181,0.05622159341084604,0.01,693,140,1,1,corrected_closed_loop,modvis-kappa-2e03357db2c9
124,24,0.15,recovery,0.05063944938983315,0.06734334551389536,0.06051705235858605,0.02,604,230,2,2,corrected_closed_loop,modvis-kappa-2e03357db2c9
124,24,0.15,reduced_reliability,0.05298117111610924,0.12435534716584559,0.08381425882203894,0.035,598,235,2,2,corrected_closed_loop,modvis-kappa-2e03357db2c9
125,25,0.15,baseline,0.05388495183881424,0.07869637386536456,0.06577278147769818,0.02333333333333333,593,240,3,3,corrected_closed_loop,modvis-kappa-2e03357db2c9
125,25,0.15,recovery,0.05483732380973028,0.07399214202370127,0.06201552325960111,0.02,658,176,2,2,corrected_closed_loop,modvis-kappa-2e03357db2c9
125,25,0.15,reduced_reliability,0.050751798721368556,0.060985315943189435,0.08917881466039308,0.01,593,240,3,3,corrected_closed_loop,modvis-kappa-2e03357db2c9
126,26,0.15,baseline,0.05290724449819469,0.057410350517166225,0.05994369666894594,0.015,617,216,2,2,corrected_closed_loop,modvis-kappa-2e03357db2c9
126,26,0.15,recovery,0.053974583209039646,0.0676968736542351,0.05972555201503771,0.02,671,163,2,2,corrected_closed_loop,modvis-kappa-2e03357db2c9
126,26,0.15,reduced_reliability,0.05382056349169913,0.0854022478199327,0.0800042150824927,0.04,702,131,1,1,corrected_closed_loop,modvis-kappa-2e03357db2c9
127,27,0.15,baseline,0.04818328112980055,0.07560824879684892,0.054355724444286616,0.02,609,224,2,2,corrected_closed_loop,modvis-kappa-2e03357db2c9
127,27,0.15,recovery,0.051401648911117905,0.09882627474278335,0.05224732858882269,0.015,626,208,2,2,corrected_closed_loop,modvis-kappa-2e03357db2c9
127,27,0.15,reduced_reliability,0.05082500533464182,0.11700966398923017,0.08278330338452547,0.025,624,209,2,2,corrected_closed_loop,modvis-kappa-2e03357db2c9
128,28,0.15,baseline,0.05190722155131241,0.05778358004097755,0.056706823752402366,0.02,702,131,1,1,corrected_closed_loop,modvis-kappa-2e03357db2c9
128,28,0.15,recovery,0.05186988913835317,0.06978012853561633,0.0558323507706992,0.025,647,187,2,2,corrected_closed_loop,modvis-kappa-2e03357db2c9
128,28,0.15,reduced_reliability,0.05239511785503714,0.11633321541294865,0.07808412196109257,0.023333333333333334,593,240,3,3,corrected_closed_loop,modvis-kappa-2e03357db2c9
129,29,0.15,baseline,0.05361311017271911,0.061405073158389105,0.06477260569312294,0.016666666666666666,593,240,3,3,corrected_closed_loop,modvis-kappa-2e03357db2c9
129,29,0.15,recovery,0.05467534998437254,0.10019026942177725,0.0551648464152732,0.02,656,178,1,1,corrected_closed_loop,modvis-kappa-2e03357db2c9
129,29,0.15,reduced_reliability,0.05498471706348487,0.10932957300620386,0.10156312461912612,0.03333333333333333,593,240,3,3,corrected_closed_loop,modvis-kappa-2e03357db2c9
130,30,0.15,baseline,0.05146487985740056,0.08324611488782761,0.06000466862521311,0.01,619,214,2,2,corrected_closed_loop,modvis-kappa-2e03357db2c9
130,30,0.15,recovery,0.05663230740641781,0.09471621783332794,0.06738890001948096,0.015,649,185,2,2,corrected_closed_loop,modvis-kappa-2e03357db2c9
130,30,0.15,reduced_reliability,0.05716875376549014,0.12444759009484838,0.08279758480657284,0.01,616,217,1,1,corrected_closed_loop,modvis-kappa-2e03357db2c9
131,31,0.15,baseline,0.05207429512638108,0.06902702500351925,0.05980343202904094,0.023333333333333334,593,240,3,3,corrected_closed_loop,modvis-kappa-2e03357db2c9
131,31,0.15,recovery,0.053085506493820704,0.07240770744918747,0.06140689232156925,0.023333333333333334,594,240,3,3,corrected_closed_loop,modvis-kappa-2e03357db2c9
131,31,0.15,reduced_reliability,0.05357477378238608,0.08221751601989202,0.09745914983866191,0.02666666666666667,593,240,3,3,corrected_closed_loop,modvis-kappa-2e03357db2c9
132,32,0.15,baseline,0.05097539018435661,0.05070028392192773,0.05513842979436651,0.005,661,172,2,2,corrected_closed_loop,modvis-kappa-2e03357db2c9
132,32,0.15,recovery,0.05690770410469665,0.08762994132009327,0.05766746707473685,0.02,602,232,2,2,corrected_closed_loop,modvis-kappa-2e03357db2c9
132,32,0.15,reduced_reliability,0.053930432300540274,0.08376242442912844,0.0808999283576357,0.01,641,192,2,2,corrected_closed_loop,modvis-kappa-2e03357db2c9
133,33,0.15,baseline,0.05303621504211288,0.07768208701815443,0.06005212124116561,0.016666666666666666,593,240,3,3,corrected_closed_loop,modvis-kappa-2e03357db2c9
133,33,0.15,recovery,0.05127739175294844,0.059194768710109126,0.05876271394321778,0.006666666666666667,594,240,3,3,corrected_closed_loop,modvis-kappa-2e03357db2c9
133,33,0.15,reduced_reliability,0.05445222658100171,0.10112437591869095,0.07516378606821864,0.025,601,232,2,2,corrected_closed_loop,modvis-kappa-2e03357db2c9
134,34,0.15,baseline,0.05303044886983147,0.06805823978675087,0.06235732831910402,0.01,593,240,3,3,corrected_closed_loop,modvis-kappa-2e03357db2c9
134,34,0.15,recovery,0.054854774516518774,0.08915087380953207,0.05640000297107105,0.03,642,192,1,1,corrected_closed_loop,modvis-kappa-2e03357db2c9
134,34,0.15,reduced_reliability,0.058119616921540565,0.10397458422520806,0.09857506618196661,0.016666666666666666,593,240,3,3,corrected_closed_loop,modvis-kappa-2e03357db2c9
135,35,0.15,baseline,0.052864997681610244,0.06823031092190088,0.05598780286747533,0.02,627,206,2,2,corrected_closed_loop,modvis-kappa-2e03357db2c9
135,35,0.15,recovery,0.053106934099151036,0.09876669655556981,0.05860714469055998,0.02,641,193,2,2,corrected_closed_loop,modvis-kappa-2e03357db2c9
135,35,0.15,reduced_reliability,0.05136791869340203,0.11508402792864642,0.07237178989902472,0.025,666,167,2,2,corrected_closed_loop,modvis-kappa-2e03357db2c9
136,36,0.15,baseline,0.05276480030840734,0.0831172905014264,0.05669356295408379,0.023333333333333334,593,240,3,3,corrected_closed_loop,modvis-kappa-2e03357db2c9
136,36,0.15,recovery,0.055683873412098156,0.06939060029077206,0.06392989159458251,0.013333333333333334,594,240,3,3,corrected_closed_loop,modvis-kappa-2e03357db2c9
136,36,0.15,reduced_reliability,0.054660649020911466,0.09941815858906526,0.09424304606778651,0.02666666666666667,593,240,3,3,corrected_closed_loop,modvis-kappa-2e03357db2c9
137,37,0.15,baseline,0.05243819337238668,0.06874245679253842,0.06949170441389267,0.016666666666666666,593,240,3,3,corrected_closed_loop,modvis-kappa-2e03357db2c9
137,37,0.15,recovery,0.05590602821207752,0.07567153070595509,0.06036539617788085,0.03,594,240,2,2,corrected_closed_loop,modvis-kappa-2e03357db2c9
137,37,0.15,reduced_reliability,0.05260854567627624,0.1621840545894911,0.06975449292236302,0.02,597,236,1,1,corrected_closed_loop,modvis-kappa-2e03357db2c9
138,38,0.15,baseline,0.049384602552353885,0.04348436095844358,0.04659790715542948,0.01,658,175,1,1,corrected_closed_loop,modvis-kappa-2e03357db2c9
138,38,0.15,recovery,0.051738061216394696,0.057519227219373026,0.05287171905181178,0.01,688,146,1,1,corrected_closed_loop,modvis-kappa-2e03357db2c9
138,38,0.15,reduced_reliability,0.0492516337470504,0.12029744437906571,0.08110024909615007,0.015,646,187,2,2,corrected_closed_loop,modvis-kappa-2e03357db2c9
139,39,0.15,baseline,0.05151801007601421,0.05288167260388503,0.05471264684663628,0.01,656,177,2,2,corrected_closed_loop,modvis-kappa-2e03357db2c9
139,39,0.15,recovery,0.05523912451234942,0.06930055034761994,0.06187378576599851,0.02,594,240,3,3,corrected_closed_loop,modvis-kappa-2e03357db2c9
139,39,0.15,reduced_reliability,0.05438054414636661,0.13926045737534287,0.09023460836667131,0.05,638,195,1,1,corrected_closed_loop,modvis-kappa-2e03357db2c9
140,40,0.15,baseline,0.04960370817195748,0.11040328705143197,0.05132790060437761,0.01,702,131,1,1,corrected_closed_loop,modvis-kappa-2e03357db2c9
140,40,0.15,recovery,0.052629243295944865,0.07678773368460501,0.059532677411610786,0.016666666666666666,594,240,3,3,corrected_closed_loop,modvis-kappa-2e03357db2c9
140,40,0.15,reduced_reliability,0.055905979489246076,0.16282992284535358,0.08117628621561387,0.04,650,183,2,2,corrected_closed_loop,modvis-kappa-2e03357db2c9
141,41,0.15,baseline,0.05041472877140103,0.09067643942549515,0.05228268940123131,0.01,659,174,2,2,corrected_closed_loop,modvis-kappa-2e03357db2c9
141,41,0.15,recovery,0.05881685872317511,0.07053542387628428,0.07162996782259419,0.02333333333333333,594,240,3,3,corrected_closed_loop,modvis-kappa-2e03357db2c9
141,41,0.15,reduced_reliability,0.051710603411896976,0.08471433328344112,0.07785963238383381,0.016666666666666666,593,240,3,3,corrected_closed_loop,modvis-kappa-2e03357db2c9
142,42,0.15,baseline,0.04925916291607802,0.06418852995920396,0.05741182267118053,0.01,669,164,2,2,corrected_closed_loop,modvis-kappa-2e03357db2c9
142,42,0.15,recovery,0.05306385029431586,0.09804256704720678,0.05736555697626129,0.025,662,172,2,2,corrected_closed_loop,modvis-kappa-2e03357db2c9
142,42,0.15,reduced_reliability,0.054639740968874737,0.09053879722267345,0.10198717178453588,0.04,593,240,3,3,corrected_closed_loop,modvis-kappa-2e03357db2c9
143,43,0.15,baseline,0.05438195050204029,0.07089478322092685,0.0666098695911417,0.01,593,240,3,3,corrected_closed_loop,modvis-kappa-2e03357db2c9
143,43,0.15,recovery,0.054896771127754096,0.07160284198330108,0.06374969764685189,0.01,594,240,3,3,corrected_closed_loop,modvis-kappa-2e03357db2c9
143,43,0.15,reduced_reliability,0.054369274673649465,0.0883141167550339,0.0890061385289369,0.065,595,238,2,2,corrected_closed_loop,modvis-kappa-2e03357db2c9
144,44,0.15,baseline,0.051448138874435216,0.05714420469301624,0.05508341678186163,0.01,672,161,2,2,corrected_closed_loop,modvis-kappa-2e03357db2c9
144,44,0.15,recovery,0.05374997943407335,0.10188548517231029,0.05213784458083265,0.02,715,119,1,1,corrected_closed_loop,modvis-kappa-2e03357db2c9
144,44,0.15,reduced_reliability,0.05421129455776876,0.13016260559383164,0.08661984624984681,0.03333333333333333,593,240,3,3,corrected_closed_loop,modvis-kappa-2e03357db2c9
145,45,0.15,baseline,0.05018925958062667,0.09037815497528018,0.057161283634456043,0.030000000000000002,622,211,2,2,corrected_closed_loop,modvis-kappa-2e03357db2c9
145,45,0.15,recovery,0.05243594054856301,0.07413253823041455,0.0614711814955887,0.025,628,206,2,2,corrected_closed_loop,modvis-kappa-2e03357db2c9
145,45,0.15,reduced_reliability,0.055484677019200665,0.10568665500456337,0.09308030068747801,0.02,622,211,1,1,corrected_closed_loop,modvis-kappa-2e03357db2c9
146,46,0.15,baseline,0.04849876580947924,0.05704786312594063,0.060255056262725856,0.02,626,207,2,2,corrected_closed_loop,modvis-kappa-2e03357db2c9
146,46,0.15,recovery,0.05045870668716058,0.08002809770697054,0.07255644172283887,0.03,594,240,3,3,corrected_closed_loop,modvis-kappa-2e03357db2c9
146,46,0.15,reduced_reliability,0.05312199402003479,0.13152080491110274,0.08259553900275855,0.03,656,177,2,2,corrected_closed_loop,modvis-kappa-2e03357db2c9
147,47,0.15,baseline,0.052371122607433145,0.07369298446990805,0.06372581237491,0.013333333333333334,593,240,3,3,corrected_closed_loop,modvis-kappa-2e03357db2c9
147,47,0.15,recovery,0.049937745837877384,0.061387100472363086,0.06257410956194617,0.01,594,240,3,3,corrected_closed_loop,modvis-kappa-2e03357db2c9
147,47,0.15,reduced_reliability,0.056942740680119355,0.12958902423993132,0.11066092678379777,0.06999999999999999,593,240,3,3,corrected_closed_loop,modvis-kappa-2e03357db2c9
148,48,0.15,baseline,0.05149649548773909,0.057068185181582375,0.056793872821087915,0.006666666666666667,593,240,3,3,corrected_closed_loop,modvis-kappa-2e03357db2c9
148,48,0.15,recovery,0.055463015713546636,0.07379929240971603,0.0633608212221358,0.023333333333333334,594,240,3,3,corrected_closed_loop,modvis-kappa-2e03357db2c9
148,48,0.15,reduced_reliability,0.05317472191526398,0.1310441755590625,0.07004386020163146,0.04,596,237,2,2,corrected_closed_loop,modvis-kappa-2e03357db2c9
149,49,0.15,baseline,0.05145285288468327,0.06783820072069519,0.06138565454794249,0.013333333333333334,593,240,3,3,corrected_closed_loop,modvis-kappa-2e03357db2c9
149,49,0.15,recovery,0.05481958080955882,0.07965968123429543,0.06741043042004492,0.02666666666666667,594,240,3,3,corrected_closed_loop,modvis-kappa-2e03357db2c9
149,49,0.15,reduced_reliability,0.05288250510989184,0.10630905558559843,0.0888805133533223,0.01,688,145,1,1,corrected_closed_loop,modvis-kappa-2e03357db2c9
150,50,0.15,baseline,0.05330968965978111,0.07723229268058363,0.06420441451020065,0.03,636,197,2,2,corrected_closed_loop,modvis-kappa-2e03357db2c9
150,50,0.15,recovery,0.05367852028229737,0.0622116084297062,0.05800221412302998,0.015,626,208,2,2,corrected_closed_loop,modvis-kappa-2e03357db2c9
150,50,0.15,reduced_reliability,0.05068313838969383,0.07026667857616292,0.08632756787034626,0.01,649,184,2,2,corrected_closed_loop,modvis-kappa-2e03357db2c9
151,51,0.15,baseline,0.051136663944746294,0.07358009524766916,0.05586570486612598,0.013333333333333334,593,240,3,3,corrected_closed_loop,modvis-kappa-2e03357db2c9
151,51,0.15,recovery,0.055167349080930836,0.07252380212038183,0.057843624838145785,0.023333333333333334,594,240,3,3,corrected_closed_loop,modvis-kappa-2e03357db2c9
151,51,0.15,reduced_reliability,0.053021605489288776,0.12911870676517737,0.06449394355602556,0.02,607,226,2,2,corrected_closed_loop,modvis-kappa-2e03357db2c9
152,52,0.15,baseline,0.05298945873773602,0.060034398089940356,0.06547936922687565,0.016666666666666666,593,240,3,3,corrected_closed_loop,modvis-kappa-2e03357db2c9
152,52,0.15,recovery,0.05829784897760298,0.07136281021902595,0.06455513083449362,0.015,609,225,2,2,corrected_closed_loop,modvis-kappa-2e03357db2c9
152,52,0.15,reduced_reliability,0.057240537968700995,0.10155190305833255,0.07239459927069876,0.023333333333333334,593,240,3,3,corrected_closed_loop,modvis-kappa-2e03357db2c9
153,53,0.15,baseline,0.05223875068259663,0.07395646440433712,0.06091235157948586,0.02,624,209,2,2,corrected_closed_loop,modvis-kappa-2e03357db2c9
153,53,0.15,recovery,0.04810212333483857,0.08923623462324021,0.05864339017299873,0.02,633,201,2,2,corrected_closed_loop,modvis-kappa-2e03357db2c9
153,53,0.15,reduced_reliability,0.05380274775192277,0.10754993281131747,0.07799211110131801,0.049999999999999996,593,240,3,3,corrected_closed_loop,modvis-kappa-2e03357db2c9
154,54,0.15,baseline,0.05299127035118685,0.10366448363822234,0.05872344836931357,0.005,662,171,2,2,corrected_closed_loop,modvis-kappa-2e03357db2c9
154,54,0.15,recovery,0.04938326230321663,0.0592462227738447,0.0629901256790693,0.0033333333333333335,594,240,3,3,corrected_closed_loop,modvis-kappa-2e03357db2c9
154,54,0.15,reduced_reliability,0.05245595808907224,0.10389446266735765,0.09141995765742478,0.03333333333333333,593,240,3,3,corrected_closed_loop,modvis-kappa-2e03357db2c9
155,55,0.15,baseline,0.05237342969665726,0.08195994831224367,0.06112818662643604,0.02666666666666667,593,240,3,3,corrected_closed_loop,modvis-kappa-2e03357db2c9
155,55,0.15,recovery,0.05405236642059115,0.07232353927127529,0.07140697162979154,0.013333333333333334,594,240,3,3,corrected_closed_loop,modvis-kappa-2e03357db2c9
155,55,0.15,reduced_reliability,0.049563415286017404,0.10724439794649014,0.09500973129874188,0.016666666666666666,593,240,3,3,corrected_closed_loop,modvis-kappa-2e03357db2c9
156,56,0.15,baseline,0.05302633882990809,0.07640028773301519,0.04789926236638481,0.025,625,208,2,2,corrected_closed_loop,modvis-kappa-2e03357db2c9
156,56,0.15,recovery,0.053906390433449046,0.06200059552240684,0.0533404729869492,0.01,663,171,2,2,corrected_closed_loop,modvis-kappa-2e03357db2c9
156,56,0.15,reduced_reliability,0.055417157650077674,0.12159682897409217,0.10080242378684606,0.045,643,190,2,2,corrected_closed_loop,modvis-kappa-2e03357db2c9
157,57,0.15,baseline,0.051976271953813755,0.0656011785782919,0.06322844136005668,0.016666666666666666,593,240,3,3,corrected_closed_loop,modvis-kappa-2e03357db2c9
157,57,0.15,recovery,0.05251936690027043,0.0846653470177504,0.05852895167888514,0.015,664,170,2,2,corrected_closed_loop,modvis-kappa-2e03357db2c9
157,57,0.15,reduced_reliability,0.05346761864358824,0.1138226135226875,0.09072487246673737,0.0,616,217,1,1,corrected_closed_loop,modvis-kappa-2e03357db2c9
158,58,0.15,baseline,0.051064512485759224,0.06198827186373346,0.058769020859470944,0.01,593,240,3,3,corrected_closed_loop,modvis-kappa-2e03357db2c9
158,58,0.15,recovery,0.053632174372915994,0.0838734957781498,0.06517113278855118,0.01,602,232,2,2,corrected_closed_loop,modvis-kappa-2e03357db2c9
158,58,0.15,reduced_reliability,0.056009985863158716,0.13806316281093847,0.07157966284745829,0.015,598,235,2,2,corrected_closed_loop,modvis-kappa-2e03357db2c9
159,59,0.15,baseline,0.050709814192900014,0.0828310891657764,0.055206881020654484,0.01,629,204,2,2,corrected_closed_loop,modvis-kappa-2e03357db2c9
159,59,0.15,recovery,0.0567573319925943,0.07606663398753613,0.06618920408086805,0.013333333333333334,594,240,3,3,corrected_closed_loop,modvis-kappa-2e03357db2c9
159,59,0.15,reduced_reliability,0.05271240575191832,0.12941763044206883,0.07956207065214893,0.015,661,172,2,2,corrected_closed_loop,modvis-kappa-2e03357db2c9
160,60,0.15,baseline,0.051552853182869646,0.07193829151537541,0.056990671077715466,0.02,593,240,3,3,corrected_closed_loop,modvis-kappa-2e03357db2c9
160,60,0.15,recovery,0.05197214417938852,0.08794399269967416,0.0580463106177522,0.01,604,230,2,2,corrected_closed_loop,modvis-kappa-2e03357db2c9
160,60,0.15,reduced_reliability,0.05367344871357418,0.10172415932785842,0.0860825724057844,0.03,669,164,2,2,corrected_closed_loop,modvis-kappa-2e03357db2c9
161,61,0.15,baseline,0.04926279413650263,0.06883947204111783,0.05117815088193364,0.016666666666666666,593,240,3,3,corrected_closed_loop,modvis-kappa-2e03357db2c9
161,61,0.15,recovery,0.05414703171161982,0.0665292654669241,0.0625386824853918,0.015,604,230,2,2,corrected_closed_loop,modvis-kappa-2e03357db2c9
161,61,0.15,reduced_reliability,0.05573690523986005,0.08729477746557253,0.08047860093575214,0.02,593,240,3,3,corrected_closed_loop,modvis-kappa-2e03357db2c9
162,62,0.15,baseline,0.053405337534696014,0.07156119546522008,0.064285852028393,0.023333333333333334,593,240,3,3,corrected_closed_loop,modvis-kappa-2e03357db2c9
162,62,0.15,recovery,0.05270593806691613,0.08677366568250475,0.058235273522321815,0.02,636,198,1,1,corrected_closed_loop,modvis-kappa-2e03357db2c9
162,62,0.15,reduced_reliability,0.05390794580128295,0.10112985173183454,0.11597362937949204,0.030000000000000002,663,170,2,2,corrected_closed_loop,modvis-kappa-2e03357db2c9
163,63,0.15,baseline,0.052905567516147646,0.06562839831398368,0.06290907612051412,0.016666666666666666,593,240,3,3,corrected_closed_loop,modvis-kappa-2e03357db2c9
163,63,0.15,recovery,0.052362930864266834,0.09151190894005676,0.05978652394121505,0.025,644,190,2,2,corrected_closed_loop,modvis-kappa-2e03357db2c9
163,63,0.15,reduced_reliability,0.05298072605973789,0.09684923207431635,0.09071223253384966,0.01,638,195,2,2,corrected_closed_loop,modvis-kappa-2e03357db2c9
164,64,0.15,baseline,0.052852878475681306,0.07285074120239957,0.05812496495383652,0.025,644,189,2,2,corrected_closed_loop,modvis-kappa-2e03357db2c9
164,64,0.15,recovery,0.05461146826664968,0.07126282105258598,0.06997277555279917,0.02,594,240,3,3,corrected_closed_loop,modvis-kappa-2e03357db2c9
164,64,0.15,reduced_reliability,0.049853061457648694,0.10974653749042433,0.0854973386085028,0.01,646,187,2,2,corrected_closed_loop,modvis-kappa-2e03357db2c9
165,65,0.15,baseline,0.052980941812786245,0.06714454940288464,0.05985094119122765,0.02,595,238,2,2,corrected_closed_loop,modvis-kappa-2e03357db2c9
165,65,0.15,recovery,0.05426922807929701,0.0792125638279014,0.059395415694297134,0.02,594,240,3,3,corrected_closed_loop,modvis-kappa-2e03357db2c9
165,65,0.15,reduced_reliability,0.05310421452611669,0.13339627601626472,0.07012834645272266,0.025,600,233,2,2,corrected_closed_loop,modvis-kappa-2e03357db2c9
166,66,0.15,baseline,0.05250926363626432,0.08167587561476383,0.05737977082885749,0.016666666666666666,593,240,3,3,corrected_closed_loop,modvis-kappa-2e03357db2c9
166,66,0.15,recovery,0.05670877650966648,0.08096643571575883,0.0650356795692561,0.02666666666666667,594,240,3,3,corrected_closed_loop,modvis-kappa-2e03357db2c9
166,66,0.15,reduced_reliability,0.05104013983274992,0.09908326824390089,0.08816513795920203,0.01,664,169,2,2,corrected_closed_loop,modvis-kappa-2e03357db2c9
167,67,0.15,baseline,0.05415770307103585,0.0872290040446378,0.06087959521874462,0.016666666666666666,593,240,3,3,corrected_closed_loop,modvis-kappa-2e03357db2c9
167,67,0.15,recovery,0.05284340900299651,0.0692650636131161,0.06726715531214976,0.02,594,240,3,3,corrected_closed_loop,modvis-kappa-2e03357db2c9
167,67,0.15,reduced_reliability,0.05484234769607085,0.07436618896847969,0.0903441000044587,0.016666666666666666,593,240,3,3,corrected_closed_loop,modvis-kappa-2e03357db2c9
168,68,0.15,baseline,0.05332822873247957,0.09721628300985415,0.06215938584148244,0.02,597,236,2,2,corrected_closed_loop,modvis-kappa-2e03357db2c9
168,68,0.15,recovery,0.05292549561340358,0.07814531985755979,0.06030974592382584,0.016666666666666666,594,240,3,3,corrected_closed_loop,modvis-kappa-2e03357db2c9
168,68,0.15,reduced_reliability,0.049652393762910425,0.07955497030054035,0.09075353064685922,0.01,606,227,2,2,corrected_closed_loop,modvis-kappa-2e03357db2c9
169,69,0.15,baseline,0.050020820282859396,0.08177811394553393,0.0584163530258286,0.02,622,211,2,2,corrected_closed_loop,modvis-kappa-2e03357db2c9
169,69,0.15,recovery,0.05237250983636217,0.08114083765946567,0.06164234122316627,0.01,661,173,2,2,corrected_closed_loop,modvis-kappa-2e03357db2c9
169,69,0.15,reduced_reliability,0.05412467689007554,0.11429199409061075,0.08259436977865094,0.02,654,179,2,2,corrected_closed_loop,modvis-kappa-2e03357db2c9
170,70,0.15,baseline,0.04796571904136649,0.0836003961608328,0.06054035081493026,0.02,668,165,2,2,corrected_closed_loop,modvis-kappa-2e03357db2c9
170,70,0.15,recovery,0.05131076941779217,0.05659269595898168,0.058553245346102005,0.006666666666666667,594,240,3,3,corrected_closed_loop,modvis-kappa-2e03357db2c9
170,70,0.15,reduced_reliability,0.053763225083584366,0.08903167253855684,0.09958295395726645,0.01,593,240,3,3,corrected_closed_loop,modvis-kappa-2e03357db2c9
171,71,0.15,baseline,0.050846404524259765,0.06556537610885961,0.05611776331205313,0.01,618,215,2,2,corrected_closed_loop,modvis-kappa-2e03357db2c9
171,71,0.15,recovery,0.053342186005192437,0.07101956585061432,0.06090973581177746,0.02,594,240,3,3,corrected_closed_loop,modvis-kappa-2e03357db2c9
171,71,0.15,reduced_reliability,0.05475398414343577,0.11268425169357427,0.07456723946533086,0.02666666666666667,593,240,3,3,corrected_closed_loop,modvis-kappa-2e03357db2c9
172,72,0.15,baseline,0.0569761343728848,0.06119931766264757,0.06729019533991933,0.006666666666666667,593,240,3,3,corrected_closed_loop,modvis-kappa-2e03357db2c9
172,72,0.15,recovery,0.052498593997297116,0.07771425327347425,0.05337148586799414,0.02,594,240,3,3,corrected_closed_loop,modvis-kappa-2e03357db2c9
172,72,0.15,reduced_reliability,0.05671307131209258,0.0721431497755135,0.10162012144545585,0.01,593,240,3,3,corrected_closed_loop,modvis-kappa-2e03357db2c9
173,73,0.15,baseline,0.047602490657439746,0.0972217749475222,0.05233421338133754,0.015,616,217,2,2,corrected_closed_loop,modvis-kappa-2e03357db2c9
173,73,0.15,recovery,0.04937845845087292,0.07858627653627173,0.057314678007652976,0.02,594,240,3,3,corrected_closed_loop,modvis-kappa-2e03357db2c9
173,73,0.15,reduced_reliability,0.04960397528597314,0.1412742903284434,0.07180194000469306,0.08,623,210,2,2,corrected_closed_loop,modvis-kappa-2e03357db2c9
174,74,0.15,baseline,0.05357217090275977,0.07628307466619423,0.05906326855332226,0.02,593,240,3,3,corrected_closed_loop,modvis-kappa-2e03357db2c9
174,74,0.15,recovery,0.049700326650319086,0.0661244006482474,0.05760858239194462,0.016666666666666666,594,240,3,3,corrected_closed_loop,modvis-kappa-2e03357db2c9
174,74,0.15,reduced_reliability,0.05222054893061691,0.07778973221339118,0.08974830217697403,0.03,670,163,2,2,corrected_closed_loop,modvis-kappa-2e03357db2c9
175,75,0.15,baseline,0.05189975968834314,0.0630541057780104,0.057998278657269565,0.013333333333333334,593,240,3,3,corrected_closed_loop,modvis-kappa-2e03357db2c9
175,75,0.15,recovery,0.052591276625915444,0.06489619357773395,0.05764215266700528,0.005,657,177,2,2,corrected_closed_loop,modvis-kappa-2e03357db2c9
175,75,0.15,reduced_reliability,0.05752769146722557,0.15856666940625377,0.10044185768156273,0.11666666666666668,593,240,3,3,corrected_closed_loop,modvis-kappa-2e03357db2c9
176,76,0.15,baseline,0.04951378815394634,0.07567662538203264,0.0569564930346843,0.013333333333333334,593,240,3,3,corrected_closed_loop,modvis-kappa-2e03357db2c9
176,76,0.15,recovery,0.05238114627496471,0.09714952718943402,0.0591854373719981,0.02,646,188,2,2,corrected_closed_loop,modvis-kappa-2e03357db2c9
176,76,0.15,reduced_reliability,0.051982360813750045,0.09690659425708144,0.09614697885315011,0.016666666666666666,593,240,3,3,corrected_closed_loop,modvis-kappa-2e03357db2c9
177,77,0.15,baseline,0.052828380242249694,0.08104512571449424,0.06425666220117864,0.01,597,236,2,2,corrected_closed_loop,modvis-kappa-2e03357db2c9
177,77,0.15,recovery,0.0522342014305471,0.07130454747143428,0.05807799469932439,0.02,645,189,2,2,corrected_closed_loop,modvis-kappa-2e03357db2c9
177,77,0.15,reduced_reliability,0.05464313416189722,0.10557885596158981,0.10225416082714474,0.03,633,200,2,2,corrected_closed_loop,modvis-kappa-2e03357db2c9
178,78,0.15,baseline,0.04782532862996041,0.06257613601154008,0.06136258415487581,0.013333333333333334,593,240,3,3,corrected_closed_loop,modvis-kappa-2e03357db2c9
178,78,0.15,recovery,0.05214039897474243,0.06222905804878939,0.06066174184907689,0.013333333333333334,594,240,3,3,corrected_closed_loop,modvis-kappa-2e03357db2c9
178,78,0.15,reduced_reliability,0.056686576585196366,0.1068765334981435,0.10142666173525276,0.015,626,207,2,2,corrected_closed_loop,modvis-kappa-2e03357db2c9
179,79,0.15,baseline,0.052623074248934525,0.09697530058671164,0.061333986093934714,0.02,632,201,2,2,corrected_closed_loop,modvis-kappa-2e03357db2c9
179,79,0.15,recovery,0.05307476479572765,0.045392959720681,0.04708722005772858,0.0,665,169,1,1,corrected_closed_loop,modvis-kappa-2e03357db2c9
179,79,0.15,reduced_reliability,0.05766145330726307,0.15210415635705707,0.08380410893629098,0.03,603,230,2,2,corrected_closed_loop,modvis-kappa-2e03357db2c9
180,80,0.15,baseline,0.051039624235142474,0.09413848981145698,0.0564767373726758,0.025,670,163,2,2,corrected_closed_loop,modvis-kappa-2e03357db2c9
180,80,0.15,recovery,0.056189050300318615,0.0974161503428745,0.059991806008151016,0.035,608,226,2,2,corrected_closed_loop,modvis-kappa-2e03357db2c9
180,80,0.15,reduced_reliability,0.054211984033708825,0.08073032457919502,0.09429295995437328,0.01,593,240,3,3,corrected_closed_loop,modvis-kappa-2e03357db2c9
181,81,0.15,baseline,0.05406056437771892,0.09208776980177776,0.05444677008908831,0.01,616,217,1,1,corrected_closed_loop,modvis-kappa-2e03357db2c9
181,81,0.15,recovery,0.056346094822084414,0.09415945453628814,0.05941400908509718,0.02,661,173,2,2,corrected_closed_loop,modvis-kappa-2e03357db2c9
181,81,0.15,reduced_reliability,0.052191086688218584,0.12023048454224257,0.11498970709587476,0.05666666666666667,593,240,3,3,corrected_closed_loop,modvis-kappa-2e03357db2c9
182,82,0.15,baseline,0.0535121663995529,0.09204900287443503,0.0635842717338292,0.02,593,240,2,2,corrected_closed_loop,modvis-kappa-2e03357db2c9
182,82,0.15,recovery,0.053140793971872866,0.06653663865511439,0.054649848295077796,0.02,668,166,2,2,corrected_closed_loop,modvis-kappa-2e03357db2c9
182,82,0.15,reduced_reliability,0.05278499802873043,0.0801095843900752,0.09565344732051724,0.01,598,235,2,2,corrected_closed_loop,modvis-kappa-2e03357db2c9
183,83,0.15,baseline,0.054063468133641254,0.09418819495197885,0.060315244334741745,0.02,710,123,1,1,corrected_closed_loop,modvis-kappa-2e03357db2c9
183,83,0.15,recovery,0.05445042830570901,0.0801998306991466,0.05651241259531522,0.015,600,234,2,2,corrected_closed_loop,modvis-kappa-2e03357db2c9
183,83,0.15,reduced_reliability,0.05099559639738942,0.07186217408182653,0.09392056949094493,0.01,593,240,3,3,corrected_closed_loop,modvis-kappa-2e03357db2c9
184,84,0.15,baseline,0.052300847720054666,0.09865682339282553,0.06190893016764385,0.025,652,181,2,2,corrected_closed_loop,modvis-kappa-2e03357db2c9
184,84,0.15,recovery,0.055264685744672165,0.0690798425092441,0.0545717634976549,0.01,594,240,3,3,corrected_closed_loop,modvis-kappa-2e03357db2c9
184,84,0.15,reduced_reliability,0.05264865578124166,0.15939058988230204,0.07454610636960404,0.03333333333333333,593,240,3,3,corrected_closed_loop,modvis-kappa-2e03357db2c9
185,85,0.15,baseline,0.05263077875804074,0.07747025082922147,0.061991349543273504,0.02,631,202,2,2,corrected_closed_loop,modvis-kappa-2e03357db2c9
185,85,0.15,recovery,0.053872040122565086,0.07880989257944901,0.06198660177143815,0.02666666666666667,594,240,3,3,corrected_closed_loop,modvis-kappa-2e03357db2c9
185,85,0.15,reduced_reliability,0.05577180120091181,0.1054199322798521,0.08805321567283171,0.043333333333333335,593,240,3,3,corrected_closed_loop,modvis-kappa-2e03357db2c9
186,86,0.15,baseline,0.055612327189756616,0.0665151829991613,0.0677173553103359,0.015,647,186,2,2,corrected_closed_loop,modvis-kappa-2e03357db2c9
186,86,0.15,recovery,0.05523148841632473,0.0896643131142437,0.06326029306792047,0.02,626,208,2,2,corrected_closed_loop,modvis-kappa-2e03357db2c9
186,86,0.15,reduced_reliability,0.05421703452361928,0.11043704949112344,0.09975158012460213,0.01,632,201,2,2,corrected_closed_loop,modvis-kappa-2e03357db2c9
187,87,0.15,baseline,0.05192827213403625,0.0947092376533061,0.05723240705661025,0.02,662,171,2,2,corrected_closed_loop,modvis-kappa-2e03357db2c9
187,87,0.15,recovery,0.050576813955328474,0.06994375836592347,0.06257865525411455,0.023333333333333334,594,240,3,3,corrected_closed_loop,modvis-kappa-2e03357db2c9
187,87,0.15,reduced_reliability,0.050144169786131045,0.09186561578358109,0.08717879808709222,0.045,618,215,2,2,corrected_closed_loop,modvis-kappa-2e03357db2c9
188,88,0.15,baseline,0.05070711288250752,0.07398820769447527,0.0621976223323443,0.02,593,240,3,3,corrected_closed_loop,modvis-kappa-2e03357db2c9
188,88,0.15,recovery,0.051442994899184316,0.0647397758271922,0.06431107246679224,0.016666666666666666,594,240,3,3,corrected_closed_loop,modvis-kappa-2e03357db2c9
188,88,0.15,reduced_reliability,0.05522244299391315,0.17477708210268958,0.09259325360967298,0.0,668,165,1,1,corrected_closed_loop,modvis-kappa-2e03357db2c9
189,89,0.15,baseline,0.04897642427440298,0.067506097948699,0.05541582864889222,0.025,616,217,2,2,corrected_closed_loop,modvis-kappa-2e03357db2c9
189,89,0.15,recovery,0.054652871714569735,0.07334702275763343,0.0669821030368398,0.02333333333333333,594,240,3,3,corrected_closed_loop,modvis-kappa-2e03357db2c9
189,89,0.15,reduced_reliability,0.05442051375217143,0.08124838968181017,0.0778080315169537,0.023333333333333334,593,240,3,3,corrected_closed_loop,modvis-kappa-2e03357db2c9
190,90,0.15,baseline,0.051775831310064045,0.08080271177740062,0.06256461403937058,0.013333333333333334,593,240,3,3,corrected_closed_loop,modvis-kappa-2e03357db2c9
190,90,0.15,recovery,0.05750791840310041,0.0676820908605557,0.05902181205617002,0.015,640,194,2,2,corrected_closed_loop,modvis-kappa-2e03357db2c9
190,90,0.15,reduced_reliability,0.05233703083917262,0.11221737630888742,0.07493782859544564,0.006666666666666667,593,240,3,3,corrected_closed_loop,modvis-kappa-2e03357db2c9
191,91,0.15,baseline,0.051307190942468814,0.08773382221247268,0.05690323790197812,0.03,642,191,2,2,corrected_closed_loop,modvis-kappa-2e03357db2c9
191,91,0.15,recovery,0.055771531077676136,0.07906499991710923,0.06152561768426144,0.02,659,175,2,2,corrected_closed_loop,modvis-kappa-2e03357db2c9
191,91,0.15,reduced_reliability,0.05266410631450832,0.1193793983532914,0.08970796646319944,0.05333333333333334,593,240,3,3,corrected_closed_loop,modvis-kappa-2e03357db2c9
192,92,0.15,baseline,0.05510037875592653,0.08773181064891436,0.06792345685409945,0.03333333333333333,593,240,3,3,corrected_closed_loop,modvis-kappa-2e03357db2c9
192,92,0.15,recovery,0.05568155925935418,0.10200506907611749,0.05825838616948044,0.01,625,209,2,2,corrected_closed_loop,modvis-kappa-2e03357db2c9
192,92,0.15,reduced_reliability,0.05275442043016705,0.13709710862827307,0.0907744700053577,0.05000000000000001,593,240,3,3,corrected_closed_loop,modvis-kappa-2e03357db2c9
193,93,0.15,baseline,0.055333061902072746,0.06703970157337293,0.06242514667705403,0.02,593,240,3,3,corrected_closed_loop,modvis-kappa-2e03357db2c9
193,93,0.15,recovery,0.05291097059922818,0.06804196032228975,0.05989809351196968,0.025,634,200,2,2,corrected_closed_loop,modvis-kappa-2e03357db2c9
193,93,0.15,reduced_reliability,0.0545622149182828,0.11682695154048585,0.07333580221751013,0.02,593,240,3,3,corrected_closed_loop,modvis-kappa-2e03357db2c9
194,94,0.15,baseline,0.05261704434084558,0.061421919983659576,0.058874221009179335,0.02,626,207,2,2,corrected_closed_loop,modvis-kappa-2e03357db2c9
194,94,0.15,recovery,0.04961763274726492,0.09606383145114666,0.06151487678475202,0.025,668,166,2,2,corrected_closed_loop,modvis-kappa-2e03357db2c9
194,94,0.15,reduced_reliability,0.05329311978816398,0.09462691939511218,0.09557117662949692,0.016666666666666666,593,240,3,3,corrected_closed_loop,modvis-kappa-2e03357db2c9
195,95,0.15,baseline,0.05201946119903407,0.08289278437560682,0.05434132603619144,0.03,609,224,2,2,corrected_closed_loop,modvis-kappa-2e03357db2c9
195,95,0.15,recovery,0.05370867022222839,0.05804290128139372,0.057660093560502966,0.015,618,216,2,2,corrected_closed_loop,modvis-kappa-2e03357db2c9
195,95,0.15,reduced_reliability,0.056629252498671116,0.10134549261015181,0.07636835391336241,0.006666666666666667,593,240,3,3,corrected_closed_loop,modvis-kappa-2e03357db2c9
196,96,0.15,baseline,0.053662041293337806,0.09258897628023652,0.05945194168846048,0.02,608,225,2,2,corrected_closed_loop,modvis-kappa-2e03357db2c9
196,96,0.15,recovery,0.054314299696432394,0.05747513252202738,0.061577797150868724,0.013333333333333334,594,240,3,3,corrected_closed_loop,modvis-kappa-2e03357db2c9
196,96,0.15,reduced_reliability,0.05388083887740372,0.12375076963374401,0.09079903256030297,0.025,633,200,2,2,corrected_closed_loop,modvis-kappa-2e03357db2c9
197,97,0.15,baseline,0.04586828811117179,0.09858488835716227,0.04975351427418086,0.02,690,143,1,1,corrected_closed_loop,modvis-kappa-2e03357db2c9
197,97,0.15,recovery,0.054147891888596436,0.07244946700789105,0.06274302098066224,0.02666666666666667,594,240,3,3,corrected_closed_loop,modvis-kappa-2e03357db2c9
197,97,0.15,reduced_reliability,0.05698417087897277,0.1463334277534607,0.09280208180657759,0.07,634,199,1,1,corrected_closed_loop,modvis-kappa-2e03357db2c9
198,98,0.15,baseline,0.05623767596104118,0.08607938671354835,0.06519901304122847,0.015,599,234,2,2,corrected_closed_loop,modvis-kappa-2e03357db2c9
198,98,0.15,recovery,0.05205856845494646,0.07399260114204796,0.060123809119111436,0.005,617,217,2,2,corrected_closed_loop,modvis-kappa-2e03357db2c9
198,98,0.15,reduced_reliability,0.051430518758818086,0.07870211608492325,0.07502132716934555,0.01,660,173,1,1,corrected_closed_loop,modvis-kappa-2e03357db2c9
199,99,0.15,baseline,0.05068436073003597,0.06510030773771813,0.06348550812761009,0.013333333333333334,593,240,3,3,corrected_closed_loop,modvis-kappa-2e03357db2c9
199,99,0.15,recovery,0.054547940864623404,0.07457547746514699,0.05737703315961434,0.023333333333333334,594,240,3,3,corrected_closed_loop,modvis-kappa-2e03357db2c9
199,99,0.15,reduced_reliability,0.05175976303664623,0.13022925762775628,0.08326254635496319,0.04,657,176,2,2,corrected_closed_loop,modvis-kappa-2e03357db2c9
100,0,0.2,baseline,0.05227903361128479,0.07643590785038243,0.05092163240002351,0.02,628,205,2,2,corrected_closed_loop,modvis-kappa-2e03357db2c9
100,0,0.2,recovery,0.05245941392892429,0.056526905259980935,0.060438184803055246,0.005,653,181,2,2,corrected_closed_loop,modvis-kappa-2e03357db2c9
100,0,0.2,reduced_reliability,0.05583529450818492,0.10152776691859439,0.07807417810961804,0.025,657,176,2,2,corrected_closed_loop,modvis-kappa-2e03357db2c9
101,1,0.2,baseline,0.048683555599097254,0.07984218432276635,0.05885431523510717,0.02,593,240,3,3,corrected_closed_loop,modvis-kappa-2e03357db2c9
101,1,0.2,recovery,0.05694225130668527,0.07651573175688331,0.0677003064050027,0.013333333333333334,594,240,3,3,corrected_closed_loop,modvis-kappa-2e03357db2c9
101,1,0.2,reduced_reliability,0.04941144342127768,0.08695276365069962,0.06908161466374131,0.01,626,207,2,2,corrected_closed_loop,modvis-kappa-2e03357db2c9
102,2,0.2,baseline,0.05234248019736282,0.07903576463981214,0.060202935547240384,0.015,608,225,2,2,corrected_closed_loop,modvis-kappa-2e03357db2c9
102,2,0.2,recovery,0.04862193164709557,0.06977178635999222,0.05194784183977693,0.023333333333333334,594,240,3,3,corrected_closed_loop,modvis-kappa-2e03357db2c9
102,2,0.2,reduced_reliability,0.056314918297437386,0.08285487474200233,0.08207431321750373,0.02,649,184,2,2,corrected_closed_loop,modvis-kappa-2e03357db2c9
103,3,0.2,baseline,0.05032722908195535,0.0810950685709957,0.05527311227670311,0.016666666666666666,593,240,3,3,corrected_closed_loop,modvis-kappa-2e03357db2c9
103,3,0.2,recovery,0.05811602704159791,0.08646520396081675,0.0635385244761549,0.01,624,210,1,1,corrected_closed_loop,modvis-kappa-2e03357db2c9
103,3,0.2,reduced_reliability,0.05419494863357607,0.09476864519796255,0.07243545808157079,0.03333333333333333,593,240,3,3,corrected_closed_loop,modvis-kappa-2e03357db2c9
104,4,0.2,baseline,0.05119621887821709,0.06326255002179447,0.06528116355477227,0.006666666666666667,593,240,3,3,corrected_closed_loop,modvis-kappa-2e03357db2c9
104,4,0.2,recovery,0.05233119833017882,0.06311286606692147,0.05204738349722915,0.006666666666666667,594,240,3,3,corrected_closed_loop,modvis-kappa-2e03357db2c9
104,4,0.2,reduced_reliability,0.05427341579559041,0.12377865572300632,0.0774554218362438,0.03333333333333333,593,240,3,3,corrected_closed_loop,modvis-kappa-2e03357db2c9
105,5,0.2,baseline,0.05243502133258905,0.07131443862880558,0.05999929294987376,0.016666666666666666,593,240,3,3,corrected_closed_loop,modvis-kappa-2e03357db2c9
105,5,0.2,recovery,0.04971867201569144,0.06078053506805132,0.04874467038338974,0.02,641,193,2,2,corrected_closed_loop,modvis-kappa-2e03357db2c9
105,5,0.2,reduced_reliability,0.054412196789021,0.11489757036651474,0.08186474052631812,0.04,620,213,2,2,corrected_closed_loop,modvis-kappa-2e03357db2c9
106,6,0.2,baseline,0.05274316164064624,0.09472747098725408,0.053718430130723985,0.025,598,235,2,2,corrected_closed_loop,modvis-kappa-2e03357db2c9
106,6,0.2,recovery,0.05392733822744253,0.09819205163336567,0.058572501664815944,0.02,653,181,2,2,corrected_closed_loop,modvis-kappa-2e03357db2c9
106,6,0.2,reduced_reliability,0.05519127780595375,0.07149012639516855,0.07261191753297547,0.02,647,186,2,2,corrected_closed_loop,modvis-kappa-2e03357db2c9
107,7,0.2,baseline,0.05190239552492012,0.06378659349272257,0.054375773230939735,0.01,593,240,3,3,corrected_closed_loop,modvis-kappa-2e03357db2c9
107,7,0.2,recovery,0.05095306569179291,0.06735593843405538,0.05654490930333726,0.006666666666666667,594,240,3,3,corrected_closed_loop,modvis-kappa-2e03357db2c9
107,7,0.2,reduced_reliability,0.05148894607786652,0.10899377512614708,0.08086463972523986,0.01,677,156,1,1,corrected_closed_loop,modvis-kappa-2e03357db2c9
108,8,0.2,baseline,0.05124726672090241,0.06039476522035152,0.05618698468293863,0.02,607,226,2,2,corrected_closed_loop,modvis-kappa-2e03357db2c9
108,8,0.2,recovery,0.050122530970265894,0.05815432026273099,0.05676322458657945,0.016666666666666666,594,240,3,3,corrected_closed_loop,modvis-kappa-2e03357db2c9
108,8,0.2,reduced_reliability,0.056332787963380426,0.10862489874508659,0.10052396405528943,0.01,649,184,2,2,corrected_closed_loop,modvis-kappa-2e03357db2c9
109,9,0.2,baseline,0.0497259163568056,0.09373135449462155,0.051028094045126815,0.015,666,167,2,2,corrected_closed_loop,modvis-kappa-2e03357db2c9
109,9,0.2,recovery,0.050977388128749905,0.08297653367986818,0.05138868436972236,0.01,673,161,2,2,corrected_closed_loop,modvis-kappa-2e03357db2c9
109,9,0.2,reduced_reliability,0.05456879785643302,0.13013194834203115,0.06216009334482644,0.034999999999999996,670,163,2,2,corrected_closed_loop,modvis-kappa-2e03357db2c9
110,10,0.2,baseline,0.050221344434371235,0.06713786743534526,0.0549733624712438,0.015,648,185,2,2,corrected_closed_loop,modvis-kappa-2e03357db2c9
110,10,0.2,recovery,0.05042856061127069,0.07121091873058126,0.05876359096335584,0.02,633,201,2,2,corrected_closed_loop,modvis-kappa-2e03357db2c9
110,10,0.2,reduced_reliability,0.05044911174144695,0.1027705969968436,0.07522096966306789,0.05,672,161,2,2,corrected_closed_loop,modvis-kappa-2e03357db2c9
111,11,0.2,baseline,0.05492426932575183,0.08006748030211115,0.05897219896197289,0.023333333333333334,593,240,3,3,corrected_closed_loop,modvis-kappa-2e03357db2c9
111,11,0.2,recovery,0.05336048113178979,0.08628522745328791,0.05916920146908886,0.01,598,236,2,2,corrected_closed_loop,modvis-kappa-2e03357db2c9
111,11,0.2,reduced_reliability,0.054995801643925146,0.14245789139061643,0.07501031130481797,0.05,666,167,1,1,corrected_closed_loop,modvis-kappa-2e03357db2c9
112,12,0.2,baseline,0.052176347681895975,0.05529345601473317,0.05586234669898512,0.01,623,210,2,2,corrected_closed_loop,modvis-kappa-2e03357db2c9
112,12,0.2,recovery,0.05208651097372914,0.06817851920270802,0.05994813855016915,0.02,594,240,3,3,corrected_closed_loop,modvis-kappa-2e03357db2c9
112,12,0.2,reduced_reliability,0.05195305938150179,0.11167168152736134,0.08555257568103199,0.015,660,173,2,2,corrected_closed_loop,modvis-kappa-2e03357db2c9
113,13,0.2,baseline,0.05206255485385231,0.0725712680876223,0.05731753697710737,0.016666666666666666,593,240,3,3,corrected_closed_loop,modvis-kappa-2e03357db2c9
113,13,0.2,recovery,0.052968007456995064,0.05453512864600175,0.06900208351526324,0.013333333333333334,594,240,3,3,corrected_closed_loop,modvis-kappa-2e03357db2c9
113,13,0.2,reduced_reliability,0.057124633827576925,0.07636741667958566,0.08459173969193468,0.013333333333333334,593,240,3,3,corrected_closed_loop,modvis-kappa-2e03357db2c9
114,14,0.2,baseline,0.05326431118241393,0.0707148747809747,0.06321700550586887,0.013333333333333334,593,240,3,3,corrected_closed_loop,modvis-kappa-2e03357db2c9
114,14,0.2,recovery,0.05314211862433007,0.06134033625757746,0.06757652886207789,0.016666666666666666,594,240,3,3,corrected_closed_loop,modvis-kappa-2e03357db2c9
114,14,0.2,reduced_reliability,0.050978265525517055,0.0839751639660196,0.07871939706757967,0.013333333333333334,593,240,3,3,corrected_closed_loop,modvis-kappa-2e03357db2c9
115,15,0.2,baseline,0.04712875648091697,0.08877222467639247,0.05642154265515883,0.01,624,209,2,2,corrected_closed_loop,modvis-kappa-2e03357db2c9
115,15,0.2,recovery,0.05197056014898974,0.07726014423288234,0.06324759424136576,0.02666666666666667,594,240,3,3,corrected_closed_loop,modvis-kappa-2e03357db2c9
115,15,0.2,reduced_reliability,0.056714364063754304,0.0995202694389044,0.07900457691070821,0.02,715,118,1,1,corrected_closed_loop,modvis-kappa-2e03357db2c9
116,16,0.2,baseline,0.0517451306473083,0.0630805911659902,0.05153984433904071,0.015,632,201,2,2,corrected_closed_loop,modvis-kappa-2e03357db2c9
116,16,0.2,recovery,0.05609932647639693,0.07075848920450026,0.06784464868052555,0.016666666666666666,594,240,3,3,corrected_closed_loop,modvis-kappa-2e03357db2c9
116,16,0.2,reduced_reliability,0.054820727826009205,0.12554658551893091,0.07835575150153014,0.05666666666666667,593,240,3,3,corrected_closed_loop,modvis-kappa-2e03357db2c9
117,17,0.2,baseline,0.049726389075452786,0.07940649677572749,0.0566956585574074,0.02333333333333333,593,240,3,3,corrected_closed_loop,modvis-kappa-2e03357db2c9
117,17,0.2,recovery,0.05365645463336122,0.08617646462069335,0.05116940861561457,0.03,666,168,2,2,corrected_closed_loop,modvis-kappa-2e03357db2c9
117,17,0.2,reduced_reliability,0.055486337912277264,0.10808170333172683,0.06763944199385116,0.04,595,238,2,2,corrected_closed_loop,modvis-kappa-2e03357db2c9
118,18,0.2,baseline,0.05308937317680226,0.07631113866207387,0.05909712507191428,0.023333333333333334,593,240,3,3,corrected_closed_loop,modvis-kappa-2e03357db2c9
118,18,0.2,recovery,0.04817211976535397,0.06489081593090469,0.05715135316658379,0.006666666666666667,594,240,3,3,corrected_closed_loop,modvis-kappa-2e03357db2c9
118,18,0.2,reduced_reliability,0.053691371508934015,0.1231796951863819,0.08043829760696812,0.016666666666666666,593,240,3,3,corrected_closed_loop,modvis-kappa-2e03357db2c9
119,19,0.2,baseline,0.05148500620835039,0.0747683360866008,0.06241277800938054,0.016666666666666666,593,240,3,3,corrected_closed_loop,modvis-kappa-2e03357db2c9
119,19,0.2,recovery,0.050342654759840996,0.058380664883190936,0.060421144327592206,0.01,627,207,2,2,corrected_closed_loop,modvis-kappa-2e03357db2c9
119,19,0.2,reduced_reliability,0.05395537845838559,0.10797561319242135,0.09150445206889367,0.03,639,194,2,2,corrected_closed_loop,modvis-kappa-2e03357db2c9
120,20,0.2,baseline,0.04979896356208757,0.10111176228921491,0.058002275582574196,0.02,623,210,2,2,corrected_closed_loop,modvis-kappa-2e03357db2c9
120,20,0.2,recovery,0.05156469632904719,0.101103991663613,0.0552914009863231,0.025,633,201,2,2,corrected_closed_loop,modvis-kappa-2e03357db2c9
120,20,0.2,reduced_reliability,0.054001010037276684,0.138596581607265,0.0829678046804162,0.08,641,192,2,2,corrected_closed_loop,modvis-kappa-2e03357db2c9
121,21,0.2,baseline,0.05056171466806138,0.056244146267292426,0.05804824549063236,0.015,602,231,2,2,corrected_closed_loop,modvis-kappa-2e03357db2c9
121,21,0.2,recovery,0.05401045921994684,0.0626934179994621,0.0569728864406553,0.02,694,140,1,1,corrected_closed_loop,modvis-kappa-2e03357db2c9
121,21,0.2,reduced_reliability,0.05559918998521686,0.12280067542631701,0.07863203730128514,0.05666666666666667,593,240,3,3,corrected_closed_loop,modvis-kappa-2e03357db2c9
122,22,0.2,baseline,0.05097609946294546,0.07288938815293293,0.05720565898617815,0.025,649,184,2,2,corrected_closed_loop,modvis-kappa-2e03357db2c9
122,22,0.2,recovery,0.05166280748099812,0.05435205235777628,0.06791773526258575,0.01,594,240,3,3,corrected_closed_loop,modvis-kappa-2e03357db2c9
122,22,0.2,reduced_reliability,0.05074606472387588,0.07878428810952127,0.08887568174517099,0.03,671,162,2,2,corrected_closed_loop,modvis-kappa-2e03357db2c9
123,23,0.2,baseline,0.05128720292880176,0.06971469856860425,0.060030450812770884,0.02,615,218,2,2,corrected_closed_loop,modvis-kappa-2e03357db2c9
123,23,0.2,recovery,0.054157311363876096,0.06044260133396375,0.053710440007785,0.01,705,129,1,1,corrected_closed_loop,modvis-kappa-2e03357db2c9
123,23,0.2,reduced_reliability,0.05500425636283963,0.06268524777698758,0.07548781558273836,0.005,663,170,2,2,corrected_closed_loop,modvis-kappa-2e03357db2c9
124,24,0.2,baseline,0.056034995899460364,0.11060674530993181,0.05622159341084604,0.01,693,140,1,1,corrected_closed_loop,modvis-kappa-2e03357db2c9
124,24,0.2,recovery,0.050639398541567564,0.06734411262783849,0.06051603124218855,0.02,604,230,2,2,corrected_closed_loop,modvis-kappa-2e03357db2c9
124,24,0.2,reduced_reliability,0.052993463440465946,0.12025591905908796,0.07443941363917289,0.04,598,235,2,2,corrected_closed_loop,modvis-kappa-2e03357db2c9
125,25,0.2,baseline,0.05388495183881424,0.07869637386536456,0.06577278147769818,0.02333333333333333,593,240,3,3,corrected_closed_loop,modvis-kappa-2e03357db2c9
125,25,0.2,recovery,0.05483769116889091,0.07399244178098767,0.06204440510891779,0.02,658,176,2,2,corrected_closed_loop,modvis-kappa-2e03357db2c9
125,25,0.2,reduced_reliability,0.05074508078522003,0.06458609561752222,0.08508085692557862,0.013333333333333334,593,240,3,3,corrected_closed_loop,modvis-kappa-2e03357db2c9
126,26,0.2,baseline,0.05290724449819469,0.057410350517166225,0.05994369666894594,0.015,617,216,2,2,corrected_closed_loop,modvis-kappa-2e03357db2c9
126,26,0.2,recovery,0.053974004704464146,0.0676947251626273,0.059562884004925466,0.02,671,163,2,2,corrected_closed_loop,modvis-kappa-2e03357db2c9
126,26,0.2,reduced_reliability,0.05382500600091898,0.07912326111528543,0.074690280461633,0.04,702,131,1,1,corrected_closed_loop,modvis-kappa-2e03357db2c9
127,27,0.2,baseline,0.04818328112980055,0.07560824879684892,0.054355724444286616,0.02,609,224,2,2,corrected_closed_loop,modvis-kappa-2e03357db2c9
127,27,0.2,recovery,0.05140095968928336,0.09882587168705077,0.052194431850988966,0.015,626,208,2,2,corrected_closed_loop,modvis-kappa-2e03357db2c9
127,27,0.2,reduced_reliability,0.05083731381743318,0.11365686633421944,0.0769373533247752,0.030000000000000002,624,209,2,2,corrected_closed_loop,modvis-kappa-2e03357db2c9
128,28,0.2,baseline,0.05190722155131241,0.05778358004097755,0.056706823752402366,0.02,702,131,1,1,corrected_closed_loop,modvis-kappa-2e03357db2c9
128,28,0.2,recovery,0.05187104139961049,0.06978011522003426,0.055924604057490494,0.025,647,187,2,2,corrected_closed_loop,modvis-kappa-2e03357db2c9
128,28,0.2,reduced_reliability,0.05239683920318647,0.10922527084117813,0.07120383371563929,0.023333333333333334,593,240,3,3,corrected_closed_loop,modvis-kappa-2e03357db2c9
129,29,0.2,baseline,0.05361311017271911,0.061405073158389105,0.06477260569312294,0.016666666666666666,593,240,3,3,corrected_closed_loop,modvis-kappa-2e03357db2c9
129,29,0.2,recovery,0.054675107384148255,0.1001898366688063,0.05516532881119484,0.02,656,178,1,1,corrected_closed_loop,modvis-kappa-2e03357db2c9
129,29,0.2,reduced_reliability,0.054982932027979464,0.11295306746239948,0.09166294971941692,0.03333333333333333,593,240,3,3,corrected_closed_loop,modvis-kappa-2e03357db2c9
130,30,0.2,baseline,0.05146487985740056,0.08324611488782761,0.06000466862521311,0.01,619,214,2,2,corrected_closed_loop,modvis-kappa-2e03357db2c9
130,30,0.2,recovery,0.056633370131083785,0.0947159981382391,0.06742441757220045,0.015,649,185,2,2,corrected_closed_loop,modvis-kappa-2e03357db2c9
130,30,0.2,reduced_reliability,0.057166920196626204,0.11800347782143407,0.08104756079722542,0.01,616,217,1,1,corrected_closed_loop,modvis-kappa-2e03357db2c9
131,31,0.2,baseline,0.05207429512638108,0.06902702500351925,0.05980343202904094,0.023333333333333334,593,240,3,3,corrected_closed_loop,modvis-kappa-2e03357db2c9
131,31,0.2,recovery,0.05308358655271366,0.07240815076713752,0.06085901821733434,0.023333333333333334,594,240,3,3,corrected_closed_loop,modvis-kappa-2e03357db2c9
131,31,0.2,reduced_reliability,0.05358252477044305,0.08609801552192886,0.09008553628752008,0.03333333333333333,593,240,3,3,corrected_closed_loop,modvis-kappa-2e03357db2c9
132,32,0.2,baseline,0.05097539018435661,0.05070028392192773,0.05513842979436651,0.005,661,172,2,2,corrected_closed_loop,modvis-kappa-2e03357db2c9
132,32,0.2,recovery,0.056909259105182665,0.0876303490560845,0.057831963282055796,0.02,602,232,2,2,corrected_closed_loop,modvis-kappa-2e03357db2c9
132,32,0.2,reduced_reliability,0.053889818153741866,0.0873020594365311,0.07818522055896845,0.01,641,192,2,2,corrected_closed_loop,modvis-kappa-2e03357db2c9
133,33,0.2,baseline,0.05303621504211288,0.07768208701815443,0.06005212124116561,0.016666666666666666,593,240,3,3,corrected_closed_loop,modvis-kappa-2e03357db2c9
133,33,0.2,recovery,0.05127601821977329,0.059193601417071556,0.058002405157553616,0.006666666666666667,594,240,3,3,corrected_closed_loop,modvis-kappa-2e03357db2c9
133,33,0.2,reduced_reliability,0.05443397627054144,0.09775688402149682,0.07133006224402781,0.025,601,232,2,2,corrected_closed_loop,modvis-kappa-2e03357db2c9
134,34,0.2,baseline,0.05303044886983147,0.06805823978675087,0.06235732831910402,0.01,593,240,3,3,corrected_closed_loop,modvis-kappa-2e03357db2c9
134,34,0.2,recovery,0.05485488425301893,0.0891527525613828,0.056256650072575305,0.03,642,192,1,1,corrected_closed_loop,modvis-kappa-2e03357db2c9
134,34,0.2,reduced_reliability,0.05812386435854913,0.10035758985797073,0.09223123848730522,0.016666666666666666,593,240,3,3,corrected_closed_loop,modvis-kappa-2e03357db2c9
135,35,0.2,baseline,0.052864997681610244,0.06823031092190088,0.05598780286747533,0.02,627,206,2,2,corrected_closed_loop,modvis-kappa-2e03357db2c9
135,35,0.2,recovery,0.05310450450734568,0.09876675897260698,0.05859327975071696,0.02,641,193,2,2,corrected_closed_loop,modvis-kappa-2e03357db2c9
135,35,0.2,reduced_reliability,0.05137271793831866,0.11126433099668845,0.06608483359411661,0.025,666,167,2,2,corrected_closed_loop,modvis-kappa-2e03357db2c9
136,36,0.2,baseline,0.05276480030840734,0.0831172905014264,0.05669356295408379,0.023333333333333334,593,240,3,3,corrected_closed_loop,modvis-kappa-2e03357db2c9
136,36,0.2,recovery,0.05568662427816513,0.06938825167572762,0.0640042302565678,0.013333333333333334,594,240,3,3,corrected_closed_loop,modvis-kappa-2e03357db2c9
136,36,0.2,reduced_reliability,0.05466488777035905,0.09034431528783608,0.08777472277475858,0.02333333333333333,593,240,3,3,corrected_closed_loop,modvis-kappa-2e03357db2c9
137,37,0.2,baseline,0.05243819337238668,0.06874245679253842,0.06949170441389267,0.016666666666666666,593,240,3,3,corrected_closed_loop,modvis-kappa-2e03357db2c9
137,37,0.2,recovery,0.05590622295465455,0.0756712777465603,0.060450301205843486,0.03,594,240,2,2,corrected_closed_loop,modvis-kappa-2e03357db2c9
137,37,0.2,reduced_reliability,0.05260073142427461,0.15288041678558667,0.061192401544247,0.03,597,236,1,1,corrected_closed_loop,modvis-kappa-2e03357db2c9
138,38,0.2,baseline,0.049384602552353885,0.04348436095844358,0.04659790715542948,0.01,658,175,1,1,corrected_closed_loop,modvis-kappa-2e03357db2c9
138,38,0.2,recovery,0.05173826094232011,0.05751833127617869,0.0528583156750123,0.01,688,146,1,1,corrected_closed_loop,modvis-kappa-2e03357db2c9
138,38,0.2,reduced_reliability,0.04925123056910967,0.1148576892374592,0.07548202202558761,0.015,646,187,2,2,corrected_closed_loop,modvis-kappa-2e03357db2c9
139,39,0.2,baseline,0.05151801007601421,0.05288167260388503,0.05471264684663628,0.01,656,177,2,2,corrected_closed_loop,modvis-kappa-2e03357db2c9
139,39,0.2,recovery,0.05523786875705015,0.06930401107437652,0.06184013406447045,0.02,594,240,3,3,corrected_closed_loop,modvis-kappa-2e03357db2c9
139,39,0.2,reduced_reliability,0.05436844779129191,0.12984930561756425,0.08427044747218347,0.05,638,195,1,1,corrected_closed_loop,modvis-kappa-2e03357db2c9
140,40,0.2,baseline,0.04960370817195748,0.11040328705143197,0.05132790060437761,0.01,702,131,1,1,corrected_closed_loop,modvis-kappa-2e03357db2c9
140,40,0.2,recovery,0.052629212483832684,0.07678731003112176,0.05887990084879296,0.016666666666666666,594,240,3,3,corrected_closed_loop,modvis-kappa-2e03357db2c9
140,40,0.2,reduced_reliability,0.0559010842600621,0.15603989870129525,0.07423246102908114,0.04,650,183,2,2,corrected_closed_loop,modvis-kappa-2e03357db2c9
141,41,0.2,baseline,0.05041472877140103,0.09067643942549515,0.05228268940123131,0.01,659,174,2,2,corrected_closed_loop,modvis-kappa-2e03357db2c9
141,41,0.2,recovery,0.05881744118020003,0.07053535538113802,0.07164815177112115,0.02333333333333333,594,240,3,3,corrected_closed_loop,modvis-kappa-2e03357db2c9
141,41,0.2,reduced_reliability,0.05169445381888164,0.08468532734552285,0.07153449313064181,0.016666666666666666,593,240,3,3,corrected_closed_loop,modvis-kappa-2e03357db2c9
142,42,0.2,baseline,0.04925916291607802,0.06418852995920396,0.05741182267118053,0.01,669,164,2,2,corrected_closed_loop,modvis-kappa-2e03357db2c9
142,42,0.2,recovery,0.0530623806933501,0.09804192556201445,0.05708273668027393,0.025,662,172,2,2,corrected_closed_loop,modvis-kappa-2e03357db2c9
142,42,0.2,reduced_reliability,0.05463700633016686,0.08489685199798777,0.0947971145568033,0.030000000000000002,593,240,3,3,corrected_closed_loop,modvis-kappa-2e03357db2c9
143,43,0.2,baseline,0.05438195050204029,0.07089478322092685,0.0666098695911417,0.01,593,240,3,3,corrected_closed_loop,modvis-kappa-2e03357db2c9
143,43,0.2,recovery,0.05489836269023592,0.0716023243129328,0.06384561113743722,0.01,594,240,3,3,corrected_closed_loop,modvis-kappa-2e03357db2c9
143,43,0.2,reduced_reliability,0.05436626487472423,0.0836750745911631,0.08603558980696413,0.030000000000000002,595,238,2,2,corrected_closed_loop,modvis-kappa-2e03357db2c9
144,44,0.2,baseline,0.051448138874435216,0.05714420469301624,0.05508341678186163,0.01,672,161,2,2,corrected_closed_loop,modvis-kappa-2e03357db2c9
144,44,0.2,recovery,0.053736894027137036,0.10188527624732542,0.050295419180788746,0.02,715,119,1,1,corrected_closed_loop,modvis-kappa-2e03357db2c9
144,44,0.2,reduced_reliability,0.054218499814920745,0.12226618135909262,0.082635577188825,0.03333333333333333,593,240,3,3,corrected_closed_loop,modvis-kappa-2e03357db2c9
145,45,0.2,baseline,0.05018925958062667,0.09037815497528018,0.057161283634456043,0.030000000000000002,622,211,2,2,corrected_closed_loop,modvis-kappa-2e03357db2c9
145,45,0.2,recovery,0.0524349583862191,0.07413275820781261,0.061266371165876965,0.025,628,206,2,2,corrected_closed_loop,modvis-kappa-2e03357db2c9
145,45,0.2,reduced_reliability,0.055524200394796205,0.10572121733421,0.08408901504512087,0.02,622,211,1,1,corrected_closed_loop,modvis-kappa-2e03357db2c9
146,46,0.2,baseline,0.04849876580947924,0.05704786312594063,0.060255056262725856,0.02,626,207,2,2,corrected_closed_loop,modvis-kappa-2e03357db2c9
146,46,0.2,recovery,0.05045137822378231,0.08002829946382262,0.07159204266390475,0.03,594,240,3,3,corrected_closed_loop,modvis-kappa-2e03357db2c9
146,46,0.2,reduced_reliability,0.05313265214276851,0.13017414144676823,0.07479079408972227,0.03,656,177,2,2,corrected_closed_loop,modvis-kappa-2e03357db2c9
147,47,0.2,baseline,0.052371122607433145,0.07369298446990805,0.06372581237491,0.013333333333333334,593,240,3,3,corrected_closed_loop,modvis-kappa-2e03357db2c9
147,47,0.2,recovery,0.049940569695295124,0.06138778932967903,0.06263060604549806,0.01,594,240,3,3,corrected_closed_loop,modvis-kappa-2e03357db2c9
147,47,0.2,reduced_reliability,0.0569602841202028,0.11732549522735054,0.10115254375230462,0.06,593,240,3,3,corrected_closed_loop,modvis-kappa-2e03357db2c9
148,48,0.2,baseline,0.05149649548773909,0.057068185181582375,0.056793872821087915,0.006666666666666667,593,240,3,3,corrected_closed_loop,modvis-kappa-2e03357db2c9
148,48,0.2,recovery,0.0554658446488226,0.07379876864466606,0.06338805179682226,0.023333333333333334,594,240,3,3,corrected_closed_loop,modvis-kappa-2e03357db2c9
148,48,0.2,reduced_reliability,0.053180949552029254,0.1290396071558012,0.06551950327755517,0.04,596,237,2,2,corrected_closed_loop,modvis-kappa-2e03357db2c9
149,49,0.2,baseline,0.05145285288468327,0.06783820072069519,0.06138565454794249,0.013333333333333334,593,240,3,3,corrected_closed_loop,modvis-kappa-2e03357db2c9
149,49,0.2,recovery,0.054820161890880195,0.07966074623701258,0.06744987723899111,0.02666666666666667,594,240,3,3,corrected_closed_loop,modvis-kappa-2e03357db2c9
149,49,0.2,reduced_reliability,0.05288546935568671,0.10840841388497514,0.08237878393195318,0.01,688,145,1,1,corrected_closed_loop,modvis-kappa-2e03357db2c9
150,50,0.2,baseline,0.05330968965978111,0.07723229268058363,0.06420441451020065,0.03,636,197,2,2,corrected_closed_loop,modvis-kappa-2e03357db2c9
150,50,0.2,recovery,0.053678156978618656,0.062211100965727004,0.05780524661765538,0.015,626,208,2,2,corrected_closed_loop,modvis-kappa-2e03357db2c9
150,50,0.2,reduced_reliability,0.050694886294646774,0.06487958770955705,0.08247588699554831,0.005,649,184,2,2,corrected_closed_loop,modvis-kappa-2e03357db2c9
151,51,0.2,baseline,0.051136663944746294,0.07358009524766916,0.05586570486612598,0.013333333333333334,593,240,3,3,corrected_closed_loop,modvis-kappa-2e03357db2c9
151,51,0.2,recovery,0.05516451701644714,0.07252600695729856,0.0576893799505825,0.023333333333333334,594,240,3,3,corrected_closed_loop,modvis-kappa-2e03357db2c9
151,51,0.2,reduced_reliability,0.053009188393101196,0.1279120955406331,0.06189421141979084,0.02,607,226,2,2,corrected_closed_loop,modvis-kappa-2e03357db2c9
152,52,0.2,baseline,0.05298945873773602,0.060034398089940356,0.06547936922687565,0.016666666666666666,593,240,3,3,corrected_closed_loop,modvis-kappa-2e03357db2c9
152,52,0.2,recovery,0.058297181640693314,0.07136490499501677,0.06422501629767861,0.015,609,225,2,2,corrected_closed_loop,modvis-kappa-2e03357db2c9
152,52,0.2,reduced_reliability,0.057230277988803396,0.1012275034271957,0.06798092784552855,0.023333333333333334,593,240,3,3,corrected_closed_loop,modvis-kappa-2e03357db2c9
153,53,0.2,baseline,0.05223875068259663,0.07395646440433712,0.06091235157948586,0.02,624,209,2,2,corrected_closed_loop,modvis-kappa-2e03357db2c9
153,53,0.2,recovery,0.04810222161658583,0.08923632234763726,0.05864205341240356,0.02,633,201,2,2,corrected_closed_loop,modvis-kappa-2e03357db2c9
153,53,0.2,reduced_reliability,0.05380166365832772,0.10286260723238205,0.07920312550694107,0.049999999999999996,593,240,3,3,corrected_closed_loop,modvis-kappa-2e03357db2c9
154,54,0.2,baseline,0.05299127035118685,0.10366448363822234,0.05872344836931357,0.005,662,171,2,2,corrected_closed_loop,modvis-kappa-2e03357db2c9
154,54,0.2,recovery,0.04938517781816234,0.05924498387117738,0.0631152699865325,0.0033333333333333335,594,240,3,3,corrected_closed_loop,modvis-kappa-2e03357db2c9
154,54,0.2,reduced_reliability,0.052436368204073235,0.10041429896067013,0.0860413223590219,0.03333333333333333,593,240,3,3,corrected_closed_loop,modvis-kappa-2e03357db2c9
155,55,0.2,baseline,0.05237342969665726,0.08195994831224367,0.06112818662643604,0.02666666666666667,593,240,3,3,corrected_closed_loop,modvis-kappa-2e03357db2c9
155,55,0.2,recovery,0.05405176086329602,0.0723210403202234,0.07125028507409512,0.013333333333333334,594,240,3,3,corrected_closed_loop,modvis-kappa-2e03357db2c9
155,55,0.2,reduced_reliability,0.049583337480556426,0.1037983622360756,0.08784394839035989,0.02,593,240,3,3,corrected_closed_loop,modvis-kappa-2e03357db2c9
156,56,0.2,baseline,0.05302633882990809,0.07640028773301519,0.04789926236638481,0.025,625,208,2,2,corrected_closed_loop,modvis-kappa-2e03357db2c9
156,56,0.2,recovery,0.053909520534172264,0.062000452533911614,0.05319303181131748,0.01,663,171,2,2,corrected_closed_loop,modvis-kappa-2e03357db2c9
156,56,0.2,reduced_reliability,0.05544029315547649,0.11515347786744698,0.09113099300762084,0.03,643,190,2,2,corrected_closed_loop,modvis-kappa-2e03357db2c9
157,57,0.2,baseline,0.051976271953813755,0.0656011785782919,0.06322844136005668,0.016666666666666666,593,240,3,3,corrected_closed_loop,modvis-kappa-2e03357db2c9
157,57,0.2,recovery,0.052520471030639976,0.08465771270043314,0.05858282672669667,0.015,664,170,2,2,corrected_closed_loop,modvis-kappa-2e03357db2c9
157,57,0.2,reduced_reliability,0.05346676937465676,0.11158164379472038,0.08737032320872745,0.01,616,217,1,1,corrected_closed_loop,modvis-kappa-2e03357db2c9
158,58,0.2,baseline,0.051064512485759224,0.06198827186373346,0.058769020859470944,0.01,593,240,3,3,corrected_closed_loop,modvis-kappa-2e03357db2c9
158,58,0.2,recovery,0.05363073959085515,0.08387630225740596,0.06514930115264041,0.01,602,232,2,2,corrected_closed_loop,modvis-kappa-2e03357db2c9
158,58,0.2,reduced_reliability,0.05602114469130002,0.13075556163702678,0.0684069370326044,0.015,598,235,2,2,corrected_closed_loop,modvis-kappa-2e03357db2c9
159,59,0.2,baseline,0.050709814192900014,0.0828310891657764,0.055206881020654484,0.01,629,204,2,2,corrected_closed_loop,modvis-kappa-2e03357db2c9
159,59,0.2,recovery,0.056758194171703295,0.07606704885933771,0.06598979372409965,0.013333333333333334,594,240,3,3,corrected_closed_loop,modvis-kappa-2e03357db2c9
159,59,0.2,reduced_reliability,0.05269244872180514,0.1221675496478831,0.07528786187577091,0.015,661,172,2,2,corrected_closed_loop,modvis-kappa-2e03357db2c9
160,60,0.2,baseline,0.051552853182869646,0.07193829151537541,0.056990671077715466,0.02,593,240,3,3,corrected_closed_loop,modvis-kappa-2e03357db2c9
160,60,0.2,recovery,0.05197466885272925,0.08794483062514001,0.05819406868134782,0.01,604,230,2,2,corrected_closed_loop,modvis-kappa-2e03357db2c9
160,60,0.2,reduced_reliability,0.05366789612728218,0.10245400472788205,0.07853553065674174,0.03,669,164,2,2,corrected_closed_loop,modvis-kappa-2e03357db2c9
161,61,0.2,baseline,0.04926279413650263,0.06883947204111783,0.05117815088193364,0.016666666666666666,593,240,3,3,corrected_closed_loop,modvis-kappa-2e03357db2c9
161,61,0.2,recovery,0.054148856818670606,0.06652727116270354,0.0626058038761111,0.015,604,230,2,2,corrected_closed_loop,modvis-kappa-2e03357db2c9
161,61,0.2,reduced_reliability,0.055750554408651405,0.08284904675972603,0.07652237529631147,0.016666666666666666,593,240,3,3,corrected_closed_loop,modvis-kappa-2e03357db2c9
162,62,0.2,baseline,0.053405337534696014,0.07156119546522008,0.064285852028393,0.023333333333333334,593,240,3,3,corrected_closed_loop,modvis-kappa-2e03357db2c9
162,62,0.2,recovery,0.05270539164751451,0.08677421542916192,0.05809150163701628,0.02,636,198,1,1,corrected_closed_loop,modvis-kappa-2e03357db2c9
162,62,0.2,reduced_reliability,0.05391948300395408,0.090526449807341,0.10579034335055702,0.030000000000000002,663,170,2,2,corrected_closed_loop,modvis-kappa-2e03357db2c9
163,63,0.2,baseline,0.052905567516147646,0.06562839831398368,0.06290907612051412,0.016666666666666666,593,240,3,3,corrected_closed_loop,modvis-kappa-2e03357db2c9
163,63,0.2,recovery,0.0523644247837291,0.09151189800847306,0.05977544658723709,0.025,644,190,2,2,corrected_closed_loop,modvis-kappa-2e03357db2c9
163,63,0.2,reduced_reliability,0.05299109659304867,0.08977034015204063,0.08326871733766707,0.01,638,195,2,2,corrected_closed_loop,modvis-kappa-2e03357db2c9
164,64,0.2,baseline,0.052852878475681306,0.07285074120239957,0.05812496495383652,0.025,644,189,2,2,corrected_closed_loop,modvis-kappa-2e03357db2c9
164,64,0.2,recovery,0.05460961430856312,0.07126407959088785,0.06845972087128464,0.02,594,240,3,3,corrected_closed_loop,modvis-kappa-2e03357db2c9
164,64,0.2,reduced_reliability,0.049846823326421305,0.10561911672634752,0.0810243771717672,0.01,646,187,2,2,corrected_closed_loop,modvis-kappa-2e03357db2c9
165,65,0.2,baseline,0.052980941812786245,0.06714454940288464,0.05985094119122765,0.02,595,238,2,2,corrected_closed_loop,modvis-kappa-2e03357db2c9
165,65,0.2,recovery,0.054268483744065475,0.07921142687650282,0.05904734564630006,0.02,594,240,3,3,corrected_closed_loop,modvis-kappa-2e03357db2c9
165,65,0.2,reduced_reliability,0.05310240515080498,0.12642122887137033,0.06750426995358533,0.025,600,233,2,2,corrected_closed_loop,modvis-kappa-2e03357db2c9
166,66,0.2,baseline,0.05250926363626432,0.08167587561476383,0.05737977082885749,0.016666666666666666,593,240,3,3,corrected_closed_loop,modvis-kappa-2e03357db2c9
166,66,0.2,recovery,0.056708886907755184,0.08096482476583029,0.06489435253352187,0.02666666666666667,594,240,3,3,corrected_closed_loop,modvis-kappa-2e03357db2c9
166,66,0.2,reduced_reliability,0.05103981646845076,0.0961500303577788,0.08128680112453997,0.03,664,169,2,2,corrected_closed_loop,modvis-kappa-2e03357db2c9
167,67,0.2,baseline,0.05415770307103585,0.0872290040446378,0.06087959521874462,0.016666666666666666,593,240,3,3,corrected_closed_loop,modvis-kappa-2e03357db2c9
167,67,0.2,recovery,0.05284440991898857,0.0692650224254406,0.0673632396958623,0.02,594,240,3,3,corrected_closed_loop,modvis-kappa-2e03357db2c9
167,67,0.2,reduced_reliability,0.0548414027800363,0.06916175158532979,0.08672921805373653,0.016666666666666666,593,240,3,3,corrected_closed_loop,modvis-kappa-2e03357db2c9
168,68,0.2,baseline,0.05332822873247957,0.09721628300985415,0.06215938584148244,0.02,597,236,2,2,corrected_closed_loop,modvis-kappa-2e03357db2c9
168,68,0.2,recovery,0.05292498195888151,0.07814573836171501,0.060235738850442956,0.016666666666666666,594,240,3,3,corrected_closed_loop,modvis-kappa-2e03357db2c9
168,68,0.2,reduced_reliability,0.04965267222172286,0.08405661323005215,0.08160452375763783,0.01,606,227,2,2,corrected_closed_loop,modvis-kappa-2e03357db2c9
169,69,0.2,baseline,0.050020820282859396,0.08177811394553393,0.0584163530258286,0.02,622,211,2,2,corrected_closed_loop,modvis-kappa-2e03357db2c9
169,69,0.2,recovery,0.052372236878362836,0.0811413704014592,0.06163600747673648,0.01,661,173,2,2,corrected_closed_loop,modvis-kappa-2e03357db2c9
169,69,0.2,reduced_reliability,0.0541210504509546,0.11093688672946932,0.08111243184198569,0.02,654,179,2,2,corrected_closed_loop,modvis-kappa-2e03357db2c9
170,70,0.2,baseline,0.04796571904136649,0.0836003961608328,0.06054035081493026,0.02,668,165,2,2,corrected_closed_loop,modvis-kappa-2e03357db2c9
170,70,0.2,recovery,0.05131215225207315,0.05659305053323937,0.058570478875479,0.006666666666666667,594,240,3,3,corrected_closed_loop,modvis-kappa-2e03357db2c9
170,70,0.2,reduced_reliability,0.05377683139249478,0.08199787820264272,0.0912933737536323,0.01,593,240,3,3,corrected_closed_loop,modvis-kappa-2e03357db2c9
171,71,0.2,baseline,0.050846404524259765,0.06556537610885961,0.05611776331205313,0.01,618,215,2,2,corrected_closed_loop,modvis-kappa-2e03357db2c9
171,71,0.2,recovery,0.05334284523818754,0.07101896139690732,0.06098412370272058,0.02,594,240,3,3,corrected_closed_loop,modvis-kappa-2e03357db2c9
171,71,0.2,reduced_reliability,0.05475486635444833,0.11478361228040813,0.06749811537406254,0.02666666666666667,593,240,3,3,corrected_closed_loop,modvis-kappa-2e03357db2c9
172,72,0.2,baseline,0.0569761343728848,0.06119931766264757,0.06729019533991933,0.006666666666666667,593,240,3,3,corrected_closed_loop,modvis-kappa-2e03357db2c9
172,72,0.2,recovery,0.052498101707455946,0.07771480104514412,0.05331401778497718,0.02,594,240,3,3,corrected_closed_loop,modvis-kappa-2e03357db2c9
172,72,0.2,reduced_reliability,0.056703152430641106,0.06908214445256923,0.09850965748305872,0.01,593,240,3,3,corrected_closed_loop,modvis-kappa-2e03357db2c9
173,73,0.2,baseline,0.047602490657439746,0.0972217749475222,0.05233421338133754,0.015,616,217,2,2,corrected_closed_loop,modvis-kappa-2e03357db2c9
173,73,0.2,recovery,0.049379474453707745,0.07858605309384177,0.057297200332292776,0.02,594,240,3,3,corrected_closed_loop,modvis-kappa-2e03357db2c9
173,73,0.2,reduced_reliability,0.049586361584511664,0.13758496735210707,0.07245672671305843,0.07,623,210,2,2,corrected_closed_loop,modvis-kappa-2e03357db2c9
174,74,0.2,baseline,0.05357217090275977,0.07628307466619423,0.05906326855332226,0.02,593,240,3,3,corrected_closed_loop,modvis-kappa-2e03357db2c9
174,74,0.2,recovery,0.04969615273531853,0.06612196208853366,0.057303461734572056,0.016666666666666666,594,240,3,3,corrected_closed_loop,modvis-kappa-2e03357db2c9
174,74,0.2,reduced_reliability,0.052223288132895486,0.07587424466907491,0.08314036242099292,0.03,670,163,2,2,corrected_closed_loop,modvis-kappa-2e03357db2c9
175,75,0.2,baseline,0.05189975968834314,0.0630541057780104,0.057998278657269565,0.013333333333333334,593,240,3,3,corrected_closed_loop,modvis-kappa-2e03357db2c9
175,75,0.2,recovery,0.052594141102435966,0.06489214002202175,0.05773678606215466,0.005,657,177,2,2,corrected_closed_loop,modvis-kappa-2e03357db2c9
175,75,0.2,reduced_reliability,0.05754376886201168,0.14831983663562587,0.09096461177083637,0.11666666666666668,593,240,3,3,corrected_closed_loop,modvis-kappa-2e03357db2c9
176,76,0.2,baseline,0.04951378815394634,0.07567662538203264,0.0569564930346843,0.013333333333333334,593,240,3,3,corrected_closed_loop,modvis-kappa-2e03357db2c9
176,76,0.2,recovery,0.0523808716310579,0.09715198362728296,0.05897447263095998,0.02,646,188,2,2,corrected_closed_loop,modvis-kappa-2e03357db2c9
176,76,0.2,reduced_reliability,0.05199591251565825,0.09261977651862092,0.09035933038334815,0.016666666666666666,593,240,3,3,corrected_closed_loop,modvis-kappa-2e03357db2c9
177,77,0.2,baseline,0.052828380242249694,0.08104512571449424,0.06425666220117864,0.01,597,236,2,2,corrected_closed_loop,modvis-kappa-2e03357db2c9
177,77,0.2,recovery,0.05223326300670858,0.07130457147008115,0.05746449777968118,0.02,645,189,2,2,corrected_closed_loop,modvis-kappa-2e03357db2c9
177,77,0.2,reduced_reliability,0.054634320256274675,0.1061763898580247,0.09178788574843681,0.03,633,200,2,2,corrected_closed_loop,modvis-kappa-2e03357db2c9
178,78,0.2,baseline,0.04782532862996041,0.06257613601154008,0.06136258415487581,0.013333333333333334,593,240,3,3,corrected_closed_loop,modvis-kappa-2e03357db2c9
178,78,0.2,recovery,0.052132854611011956,0.06222934398150634,0.05992807182392779,0.013333333333333334,594,240,3,3,corrected_closed_loop,modvis-kappa-2e03357db2c9
178,78,0.2,reduced_reliability,0.056668933093204546,0.10751245130215856,0.10357607106524533,0.02,626,207,2,2,corrected_closed_loop,modvis-kappa-2e03357db2c9
179,79,0.2,baseline,0.052623074248934525,0.09697530058671164,0.061333986093934714,0.02,632,201,2,2,corrected_closed_loop,modvis-kappa-2e03357db2c9
179,79,0.2,recovery,0.05307658792219122,0.045393277544032086,0.047134059332965064,0.0,665,169,1,1,corrected_closed_loop,modvis-kappa-2e03357db2c9
179,79,0.2,reduced_reliability,0.05767159430254121,0.14431953747955903,0.07700370710553034,0.03,603,230,2,2,corrected_closed_loop,modvis-kappa-2e03357db2c9
180,80,0.2,baseline,0.051039624235142474,0.09413848981145698,0.0564767373726758,0.025,670,163,2,2,corrected_closed_loop,modvis-kappa-2e03357db2c9
180,80,0.2,recovery,0.05619071714216209,0.09741681077144018,0.060058833038237676,0.035,608,226,2,2,corrected_closed_loop,modvis-kappa-2e03357db2c9
180,80,0.2,reduced_reliability,0.05420138833004374,0.07990667551431571,0.09037750853001655,0.01,593,240,3,3,corrected_closed_loop,modvis-kappa-2e03357db2c9
181,81,0.2,baseline,0.05406056437771892,0.09208776980177776,0.05444677008908831,0.01,616,217,1,1,corrected_closed_loop,modvis-kappa-2e03357db2c9
181,81,0.2,recovery,0.05634840325062711,0.0941645307834833,0.0579284607496878,0.02,661,173,2,2,corrected_closed_loop,modvis-kappa-2e03357db2c9
181,81,0.2,reduced_reliability,0.052158056296060254,0.11524327677443662,0.10687500702501747,0.05666666666666667,593,240,3,3,corrected_closed_loop,modvis-kappa-2e03357db2c9
182,82,0.2,baseline,0.0535121663995529,0.09204900287443503,0.0635842717338292,0.02,593,240,2,2,corrected_closed_loop,modvis-kappa-2e03357db2c9
182,82,0.2,recovery,0.05314223905235702,0.06653563855384904,0.05468197589275835,0.02,668,166,2,2,corrected_closed_loop,modvis-kappa-2e03357db2c9
182,82,0.2,reduced_reliability,0.052797279156621676,0.08375098311849065,0.08855937085772658,0.01,598,235,2,2,corrected_closed_loop,modvis-kappa-2e03357db2c9
183,83,0.2,baseline,0.054063468133641254,0.09418819495197885,0.060315244334741745,0.02,710,123,1,1,corrected_closed_loop,modvis-kappa-2e03357db2c9
183,83,0.2,recovery,0.054450546450434234,0.08020074666878887,0.05653056953259514,0.015,600,234,2,2,corrected_closed_loop,modvis-kappa-2e03357db2c9
183,83,0.2,reduced_reliability,0.0509759682413103,0.06704357539980688,0.09121309988844212,0.013333333333333334,593,240,3,3,corrected_closed_loop,modvis-kappa-2e03357db2c9
184,84,0.2,baseline,0.052300847720054666,0.09865682339282553,0.06190893016764385,0.025,652,181,2,2,corrected_closed_loop,modvis-kappa-2e03357db2c9
184,84,0.2,recovery,0.05526643973859704,0.06907994977603615,0.05439527004192544,0.01,594,240,3,3,corrected_closed_loop,modvis-kappa-2e03357db2c9
184,84,0.2,reduced_reliability,0.05262892125882672,0.14619221815039513,0.06734380390784947,0.03333333333333333,593,240,3,3,corrected_closed_loop,modvis-kappa-2e03357db2c9
185,85,0.2,baseline,0.05263077875804074,0.07747025082922147,0.061991349543273504,0.02,631,202,2,2,corrected_closed_loop,modvis-kappa-2e03357db2c9
185,85,0.2,recovery,0.053873728602979114,0.07881073966670117,0.06203004030373343,0.02666666666666667,594,240,3,3,corrected_closed_loop,modvis-kappa-2e03357db2c9
185,85,0.2,reduced_reliability,0.0557822468016621,0.10019265950866403,0.07855533915857241,0.03,593,240,3,3,corrected_closed_loop,modvis-kappa-2e03357db2c9
186,86,0.2,baseline,0.055612327189756616,0.0665151829991613,0.0677173553103359,0.015,647,186,2,2,corrected_closed_loop,modvis-kappa-2e03357db2c9
186,86,0.2,recovery,0.05523160024870739,0.08966545424420538,0.0632147466299625,0.02,626,208,2,2,corrected_closed_loop,modvis-kappa-2e03357db2c9
186,86,0.2,reduced_reliability,0.054217206723872785,0.10095133794799561,0.09056735974996849,0.01,632,201,2,2,corrected_closed_loop,modvis-kappa-2e03357db2c9
187,87,0.2,baseline,0.05192827213403625,0.0947092376533061,0.05723240705661025,0.02,662,171,2,2,corrected_closed_loop,modvis-kappa-2e03357db2c9
187,87,0.2,recovery,0.05057198499085021,0.06994470642295264,0.06219227305624973,0.023333333333333334,594,240,3,3,corrected_closed_loop,modvis-kappa-2e03357db2c9
187,87,0.2,reduced_reliability,0.050144786398711366,0.08779218930994492,0.080109534794354,0.04,618,215,2,2,corrected_closed_loop,modvis-kappa-2e03357db2c9
188,88,0.2,baseline,0.05070711288250752,0.07398820769447527,0.0621976223323443,0.02,593,240,3,3,corrected_closed_loop,modvis-kappa-2e03357db2c9
188,88,0.2,recovery,0.05144338990100627,0.06473914749116723,0.06436588243432176,0.016666666666666666,594,240,3,3,corrected_closed_loop,modvis-kappa-2e03357db2c9
188,88,0.2,reduced_reliability,0.05521609117674745,0.1625235580511857,0.08496432220785839,0.0,668,165,1,1,corrected_closed_loop,modvis-kappa-2e03357db2c9
189,89,0.2,baseline,0.04897642427440298,0.067506097948699,0.05541582864889222,0.025,616,217,2,2,corrected_closed_loop,modvis-kappa-2e03357db2c9
189,89,0.2,recovery,0.05465162522763893,0.07334648140463068,0.0669727842567907,0.02333333333333333,594,240,3,3,corrected_closed_loop,modvis-kappa-2e03357db2c9
189,89,0.2,reduced_reliability,0.05440990352891974,0.07487021375607615,0.07497673777656944,0.023333333333333334,593,240,3,3,corrected_closed_loop,modvis-kappa-2e03357db2c9
190,90,0.2,baseline,0.051775831310064045,0.08080271177740062,0.06256461403937058,0.013333333333333334,593,240,3,3,corrected_closed_loop,modvis-kappa-2e03357db2c9
190,90,0.2,recovery,0.0575059724163766,0.06768177107542621,0.058808323609674196,0.015,640,194,2,2,corrected_closed_loop,modvis-kappa-2e03357db2c9
190,90,0.2,reduced_reliability,0.052310775498341414,0.10381421243447711,0.07075588490683149,0.01,593,240,3,3,corrected_closed_loop,modvis-kappa-2e03357db2c9
191,91,0.2,baseline,0.051307190942468814,0.08773382221247268,0.05690323790197812,0.03,642,191,2,2,corrected_closed_loop,modvis-kappa-2e03357db2c9
191,91,0.2,recovery,0.05577559831303638,0.07906338923279249,0.06159237231475981,0.02,659,175,2,2,corrected_closed_loop,modvis-kappa-2e03357db2c9
191,91,0.2,reduced_reliability,0.05265457548388155,0.12287369387656054,0.08963944930510456,0.06,593,240,3,3,corrected_closed_loop,modvis-kappa-2e03357db2c9
192,92,0.2,baseline,0.05510037875592653,0.08773181064891436,0.06792345685409945,0.03333333333333333,593,240,3,3,corrected_closed_loop,modvis-kappa-2e03357db2c9
192,92,0.2,recovery,0.05568338328028373,0.10200379344033615,0.05820137032717531,0.01,625,209,2,2,corrected_closed_loop,modvis-kappa-2e03357db2c9
192,92,0.2,reduced_reliability,0.052751858415208255,0.12164758033442397,0.08404745260439962,0.05000000000000001,593,240,3,3,corrected_closed_loop,modvis-kappa-2e03357db2c9
193,93,0.2,baseline,0.055333061902072746,0.06703970157337293,0.06242514667705403,0.02,593,240,3,3,corrected_closed_loop,modvis-kappa-2e03357db2c9
193,93,0.2,recovery,0.05291591686470609,0.06803858956427455,0.06031903107350535,0.025,634,200,2,2,corrected_closed_loop,modvis-kappa-2e03357db2c9
193,93,0.2,reduced_reliability,0.05455994736463799,0.10743700637633687,0.06891143643671947,0.016666666666666666,593,240,3,3,corrected_closed_loop,modvis-kappa-2e03357db2c9
194,94,0.2,baseline,0.05261704434084558,0.061421919983659576,0.058874221009179335,0.02,626,207,2,2,corrected_closed_loop,modvis-kappa-2e03357db2c9
194,94,0.2,recovery,0.04961603436094426,0.09606031686058815,0.061260939317421756,0.025,668,166,2,2,corrected_closed_loop,modvis-kappa-2e03357db2c9
194,94,0.2,reduced_reliability,0.053273991924533304,0.08943530782587897,0.09387782520980495,0.016666666666666666,593,240,3,3,corrected_closed_loop,modvis-kappa-2e03357db2c9
195,95,0.2,baseline,0.05201946119903407,0.08289278437560682,0.05434132603619144,0.03,609,224,2,2,corrected_closed_loop,modvis-kappa-2e03357db2c9
195,95,0.2,recovery,0.053708601194547505,0.05804499657217248,0.05716462587095773,0.015,618,216,2,2,corrected_closed_loop,modvis-kappa-2e03357db2c9
195,95,0.2,reduced_reliability,0.05661330068839097,0.09399751363612477,0.07404112485226359,0.006666666666666667,593,240,3,3,corrected_closed_loop,modvis-kappa-2e03357db2c9
196,96,0.2,baseline,0.053662041293337806,0.09258897628023652,0.05945194168846048,0.02,608,225,2,2,corrected_closed_loop,modvis-kappa-2e03357db2c9
196,96,0.2,recovery,0.0543161508644593,0.05747371701149289,0.061639977321143735,0.013333333333333334,594,240,3,3,corrected_closed_loop,modvis-kappa-2e03357db2c9
196,96,0.2,reduced_reliability,0.05390635189783285,0.11438046144860312,0.08298850940691357,0.025,633,200,2,2,corrected_closed_loop,modvis-kappa-2e03357db2c9
197,97,0.2,baseline,0.04586828811117179,0.09858488835716227,0.04975351427418086,0.02,690,143,1,1,corrected_closed_loop,modvis-kappa-2e03357db2c9
197,97,0.2,recovery,0.05414857855821282,0.07245446696757199,0.06249399796103653,0.02666666666666667,594,240,3,3,corrected_closed_loop,modvis-kappa-2e03357db2c9
197,97,0.2,reduced_reliability,0.05699915128454842,0.13892921683105777,0.08354661804129943,0.05,634,199,1,1,corrected_closed_loop,modvis-kappa-2e03357db2c9
198,98,0.2,baseline,0.05623767596104118,0.08607938671354835,0.06519901304122847,0.015,599,234,2,2,corrected_closed_loop,modvis-kappa-2e03357db2c9
198,98,0.2,recovery,0.052058084196392705,0.07399176954358859,0.05997957798610309,0.005,617,217,2,2,corrected_closed_loop,modvis-kappa-2e03357db2c9
198,98,0.2,reduced_reliability,0.05142582880568923,0.08449487583649253,0.07076274057310546,0.0,660,173,1,1,corrected_closed_loop,modvis-kappa-2e03357db2c9
199,99,0.2,baseline,0.05068436073003597,0.06510030773771813,0.06348550812761009,0.013333333333333334,593,240,3,3,corrected_closed_loop,modvis-kappa-2e03357db2c9
199,99,0.2,recovery,0.05454904965705564,0.07457508188537669,0.05748615034248167,0.023333333333333334,594,240,3,3,corrected_closed_loop,modvis-kappa-2e03357db2c9
199,99,0.2,reduced_reliability,0.05176646320334457,0.12293306306523644,0.07664545667152015,0.04,657,176,2,2,corrected_closed_loop,modvis-kappa-2e03357db2c9
100,0,0.3,baseline,0.05227903361128479,0.07643590785038243,0.05092163240002351,0.02,628,205,2,2,corrected_closed_loop,modvis-kappa-2e03357db2c9
100,0,0.3,recovery,0.052472081048339746,0.05651065124982733,0.06294035142994915,0.005,653,181,2,2,corrected_closed_loop,modvis-kappa-2e03357db2c9
100,0,0.3,reduced_reliability,0.05583627422459072,0.10660400371671395,0.07239207787429824,0.025,657,176,2,2,corrected_closed_loop,modvis-kappa-2e03357db2c9
101,1,0.3,baseline,0.048683555599097254,0.07984218432276635,0.05885431523510717,0.02,593,240,3,3,corrected_closed_loop,modvis-kappa-2e03357db2c9
101,1,0.3,recovery,0.056943196362041905,0.07650956496819616,0.06778105486079715,0.013333333333333334,594,240,3,3,corrected_closed_loop,modvis-kappa-2e03357db2c9
101,1,0.3,reduced_reliability,0.04935261031953514,0.08459109888386936,0.07403875893749812,0.015,626,207,2,2,corrected_closed_loop,modvis-kappa-2e03357db2c9
102,2,0.3,baseline,0.05234248019736282,0.07903576463981214,0.060202935547240384,0.015,608,225,2,2,corrected_closed_loop,modvis-kappa-2e03357db2c9
102,2,0.3,recovery,0.04862283526877576,0.0697839386533559,0.05193622662486514,0.023333333333333334,594,240,3,3,corrected_closed_loop,modvis-kappa-2e03357db2c9
102,2,0.3,reduced_reliability,0.05631903578411169,0.08332450723257714,0.0792320536646196,0.02,649,184,2,2,corrected_closed_loop,modvis-kappa-2e03357db2c9
103,3,0.3,baseline,0.05032722908195535,0.0810950685709957,0.05527311227670311,0.016666666666666666,593,240,3,3,corrected_closed_loop,modvis-kappa-2e03357db2c9
103,3,0.3,recovery,0.05810996369385991,0.08645814897926771,0.06297754470668597,0.01,624,210,1,1,corrected_closed_loop,modvis-kappa-2e03357db2c9
103,3,0.3,reduced_reliability,0.05417699718121642,0.09503056111952286,0.07834305811908636,0.02,593,240,3,3,corrected_closed_loop,modvis-kappa-2e03357db2c9
104,4,0.3,baseline,0.05119621887821709,0.06326255002179447,0.06528116355477227,0.006666666666666667,593,240,3,3,corrected_closed_loop,modvis-kappa-2e03357db2c9
104,4,0.3,recovery,0.05233896002748169,0.06311305781983619,0.05388200429727677,0.006666666666666667,594,240,3,3,corrected_closed_loop,modvis-kappa-2e03357db2c9
104,4,0.3,reduced_reliability,0.054314952579115894,0.12364849059442566,0.0823211446311293,0.03,593,240,3,3,corrected_closed_loop,modvis-kappa-2e03357db2c9
105,5,0.3,baseline,0.05243502133258905,0.07131443862880558,0.05999929294987376,0.016666666666666666,593,240,3,3,corrected_closed_loop,modvis-kappa-2e03357db2c9
105,5,0.3,recovery,0.04972080152774772,0.06077405503857739,0.04888528567204455,0.02,641,193,2,2,corrected_closed_loop,modvis-kappa-2e03357db2c9
105,5,0.3,reduced_reliability,0.05440836958291794,0.11391409969865514,0.07146138617739034,0.04,620,213,2,2,corrected_closed_loop,modvis-kappa-2e03357db2c9
106,6,0.3,baseline,0.05274316164064624,0.09472747098725408,0.053718430130723985,0.025,598,235,2,2,corrected_closed_loop,modvis-kappa-2e03357db2c9
106,6,0.3,recovery,0.05392998388525104,0.09818467331841821,0.05858740897311773,0.02,653,181,2,2,corrected_closed_loop,modvis-kappa-2e03357db2c9
106,6,0.3,reduced_reliability,0.0551918665009015,0.08036122698213309,0.07039328182645879,0.025,647,186,2,2,corrected_closed_loop,modvis-kappa-2e03357db2c9
107,7,0.3,baseline,0.05190239552492012,0.06378659349272257,0.054375773230939735,0.01,593,240,3,3,corrected_closed_loop,modvis-kappa-2e03357db2c9
107,7,0.3,recovery,0.050937345381383475,0.06735912217779717,0.05528898149930358,0.006666666666666667,594,240,3,3,corrected_closed_loop,modvis-kappa-2e03357db2c9
107,7,0.3,reduced_reliability,0.05136144574680367,0.09974734552091258,0.08413970646340661,0.01,677,156,1,1,corrected_closed_loop,modvis-kappa-2e03357db2c9
108,8,0.3,baseline,0.05124726672090241,0.06039476522035152,0.05618698468293863,0.02,607,226,2,2,corrected_closed_loop,modvis-kappa-2e03357db2c9
108,8,0.3,recovery,0.05012086078071711,0.05813974208020737,0.05659226003849624,0.016666666666666666,594,240,3,3,corrected_closed_loop,modvis-kappa-2e03357db2c9
108,8,0.3,reduced_reliability,0.05632835710085767,0.10974915983739815,0.09389810914010495,0.01,649,184,2,2,corrected_closed_loop,modvis-kappa-2e03357db2c9
109,9,0.3,baseline,0.0497259163568056,0.09373135449462155,0.051028094045126815,0.015,666,167,2,2,corrected_closed_loop,modvis-kappa-2e03357db2c9
109,9,0.3,recovery,0.05096858956100214,0.08297975854343424,0.05109391269127325,0.01,673,161,2,2,corrected_closed_loop,modvis-kappa-2e03357db2c9
109,9,0.3,reduced_reliability,0.05449609127642427,0.13770592633457487,0.061153645039130095,0.04,670,163,2,2,corrected_closed_loop,modvis-kappa-2e03357db2c9
110,10,0.3,baseline,0.050221344434371235,0.06713786743534526,0.0549733624712438,0.015,648,185,2,2,corrected_closed_loop,modvis-kappa-2e03357db2c9
110,10,0.3,recovery,0.050427409892552566,0.07121847578255996,0.058649056065562644,0.02,633,201,2,2,corrected_closed_loop,modvis-kappa-2e03357db2c9
110,10,0.3,reduced_reliability,0.050403557992098294,0.09933995948014016,0.07447925072975771,0.025,672,161,2,2,corrected_closed_loop,modvis-kappa-2e03357db2c9
111,11,0.3,baseline,0.05492426932575183,0.08006748030211115,0.05897219896197289,0.023333333333333334,593,240,3,3,corrected_closed_loop,modvis-kappa-2e03357db2c9
111,11,0.3,recovery,0.05336382015885138,0.08628883651594058,0.060122757709218495,0.01,598,236,2,2,corrected_closed_loop,modvis-kappa-2e03357db2c9
111,11,0.3,reduced_reliability,0.05502330471472409,0.1252356909810515,0.07211647323889339,0.05,666,167,1,1,corrected_closed_loop,modvis-kappa-2e03357db2c9
112,12,0.3,baseline,0.052176347681895975,0.05529345601473317,0.05586234669898512,0.01,623,210,2,2,corrected_closed_loop,modvis-kappa-2e03357db2c9
112,12,0.3,recovery,0.05209387196833491,0.06818953073664048,0.059465054044229075,0.02,594,240,3,3,corrected_closed_loop,modvis-kappa-2e03357db2c9
112,12,0.3,reduced_reliability,0.051945916653337094,0.11407902198436892,0.08225898240718574,0.025,660,173,2,2,corrected_closed_loop,modvis-kappa-2e03357db2c9
113,13,0.3,baseline,0.05206255485385231,0.0725712680876223,0.05731753697710737,0.016666666666666666,593,240,3,3,corrected_closed_loop,modvis-kappa-2e03357db2c9
113,13,0.3,recovery,0.052968487787092754,0.05453545740818114,0.06899075092396706,0.013333333333333334,594,240,3,3,corrected_closed_loop,modvis-kappa-2e03357db2c9
113,13,0.3,reduced_reliability,0.057139564095428655,0.08748229274639421,0.08957386734263437,0.013333333333333334,593,240,3,3,corrected_closed_loop,modvis-kappa-2e03357db2c9
114,14,0.3,baseline,0.05326431118241393,0.0707148747809747,0.06321700550586887,0.013333333333333334,593,240,3,3,corrected_closed_loop,modvis-kappa-2e03357db2c9
114,14,0.3,recovery,0.05314175922317733,0.06134543881358459,0.06691407669692892,0.016666666666666666,594,240,3,3,corrected_closed_loop,modvis-kappa-2e03357db2c9
114,14,0.3,reduced_reliability,0.0509746868323911,0.0770268728720903,0.07925641104988891,0.01,593,240,3,3,corrected_closed_loop,modvis-kappa-2e03357db2c9
115,15,0.3,baseline,0.04712875648091697,0.08877222467639247,0.05642154265515883,0.01,624,209,2,2,corrected_closed_loop,modvis-kappa-2e03357db2c9
115,15,0.3,recovery,0.05196950573173299,0.07726452450206263,0.0632383035110654,0.02666666666666667,594,240,3,3,corrected_closed_loop,modvis-kappa-2e03357db2c9
115,15,0.3,reduced_reliability,0.05669264517594731,0.09722205538392449,0.08238901022434701,0.02,715,118,1,1,corrected_closed_loop,modvis-kappa-2e03357db2c9
116,16,0.3,baseline,0.0517451306473083,0.0630805911659902,0.05153984433904071,0.015,632,201,2,2,corrected_closed_loop,modvis-kappa-2e03357db2c9
116,16,0.3,recovery,0.05610628276264118,0.07076589529585628,0.06813654588931223,0.016666666666666666,594,240,3,3,corrected_closed_loop,modvis-kappa-2e03357db2c9
116,16,0.3,reduced_reliability,0.05482655875630291,0.12308830597304994,0.07602014945340747,0.05666666666666667,593,240,3,3,corrected_closed_loop,modvis-kappa-2e03357db2c9
117,17,0.3,baseline,0.049726389075452786,0.07940649677572749,0.0566956585574074,0.02333333333333333,593,240,3,3,corrected_closed_loop,modvis-kappa-2e03357db2c9
117,17,0.3,recovery,0.05366047733331894,0.08621599042305055,0.05135987315019285,0.03,666,168,2,2,corrected_closed_loop,modvis-kappa-2e03357db2c9
117,17,0.3,reduced_reliability,0.055479576630565436,0.09725511679246145,0.06368862879560022,0.030000000000000002,595,238,2,2,corrected_closed_loop,modvis-kappa-2e03357db2c9
118,18,0.3,baseline,0.05308937317680226,0.07631113866207387,0.05909712507191428,0.023333333333333334,593,240,3,3,corrected_closed_loop,modvis-kappa-2e03357db2c9
118,18,0.3,recovery,0.04815451806115506,0.06488354857444537,0.05601370382349397,0.006666666666666667,594,240,3,3,corrected_closed_loop,modvis-kappa-2e03357db2c9
118,18,0.3,reduced_reliability,0.05367218255075825,0.09847428358303194,0.07151046883533797,0.016666666666666666,593,240,3,3,corrected_closed_loop,modvis-kappa-2e03357db2c9
119,19,0.3,baseline,0.05148500620835039,0.0747683360866008,0.06241277800938054,0.016666666666666666,593,240,3,3,corrected_closed_loop,modvis-kappa-2e03357db2c9
119,19,0.3,recovery,0.050339844069904494,0.05837767779510236,0.06035700498910421,0.01,627,207,2,2,corrected_closed_loop,modvis-kappa-2e03357db2c9
119,19,0.3,reduced_reliability,0.05392045261424851,0.10368209404326124,0.09390211288526049,0.025,639,194,2,2,corrected_closed_loop,modvis-kappa-2e03357db2c9
120,20,0.3,baseline,0.04979896356208757,0.10111176228921491,0.058002275582574196,0.02,623,210,2,2,corrected_closed_loop,modvis-kappa-2e03357db2c9
120,20,0.3,recovery,0.051566603118714895,0.10113924648259413,0.054775988525910195,0.025,633,201,2,2,corrected_closed_loop,modvis-kappa-2e03357db2c9
120,20,0.3,reduced_reliability,0.05402083879941607,0.13685798349537395,0.06824130695585935,0.065,641,192,2,2,corrected_closed_loop,modvis-kappa-2e03357db2c9
121,21,0.3,baseline,0.05056171466806138,0.056244146267292426,0.05804824549063236,0.015,602,231,2,2,corrected_closed_loop,modvis-kappa-2e03357db2c9
121,21,0.3,recovery,0.054011108951696765,0.06266550480899952,0.056993945352594166,0.02,694,140,1,1,corrected_closed_loop,modvis-kappa-2e03357db2c9
121,21,0.3,reduced_reliability,0.05557814110566885,0.12093077606483443,0.08106813677189804,0.05333333333333334,593,240,3,3,corrected_closed_loop,modvis-kappa-2e03357db2c9
122,22,0.3,baseline,0.05097609946294546,0.07288938815293293,0.05720565898617815,0.025,649,184,2,2,corrected_closed_loop,modvis-kappa-2e03357db2c9
122,22,0.3,recovery,0.051662350499108084,0.054344064125903466,0.06749327347808252,0.01,594,240,3,3,corrected_closed_loop,modvis-kappa-2e03357db2c9
122,22,0.3,reduced_reliability,0.050718481428392505,0.08427547420146664,0.08129778568187729,0.02,671,162,2,2,corrected_closed_loop,modvis-kappa-2e03357db2c9
123,23,0.3,baseline,0.05128720292880176,0.06971469856860425,0.060030450812770884,0.02,615,218,2,2,corrected_closed_loop,modvis-kappa-2e03357db2c9
123,23,0.3,recovery,0.054158726420156,0.06043160989218386,0.053734524029689375,0.01,705,129,1,1,corrected_closed_loop,modvis-kappa-2e03357db2c9
123,23,0.3,reduced_reliability,0.05499467899383048,0.06309242636601008,0.07246543745351307,0.005,663,170,2,2,corrected_closed_loop,modvis-kappa-2e03357db2c9
124,24,0.3,baseline,0.056034995899460364,0.11060674530993181,0.05622159341084604,0.01,693,140,1,1,corrected_closed_loop,modvis-kappa-2e03357db2c9
124,24,0.3,recovery,0.05063413312276143,0.06734374624374537,0.060508910358711955,0.02,604,230,2,2,corrected_closed_loop,modvis-kappa-2e03357db2c9
124,24,0.3,reduced_reliability,0.0530389361708112,0.1200466615983813,0.07649902298501554,0.035,598,235,2,2,corrected_closed_loop,modvis-kappa-2e03357db2c9
125,25,0.3,baseline,0.05388495183881424,0.07869637386536456,0.06577278147769818,0.02333333333333333,593,240,3,3,corrected_closed_loop,modvis-kappa-2e03357db2c9
125,25,0.3,recovery,0.05484366028285178,0.07400555923877014,0.062483704403724,0.02,658,176,2,2,corrected_closed_loop,modvis-kappa-2e03357db2c9
125,25,0.3,reduced_reliability,0.05072601143623903,0.06980289882671589,0.0867471277171044,0.01,593,240,3,3,corrected_closed_loop,modvis-kappa-2e03357db2c9
126,26,0.3,baseline,0.05290724449819469,0.057410350517166225,0.05994369666894594,0.015,617,216,2,2,corrected_closed_loop,modvis-kappa-2e03357db2c9
126,26,0.3,recovery,0.053974544223543,0.06769786390025931,0.059287313303504285,0.02,671,163,2,2,corrected_closed_loop,modvis-kappa-2e03357db2c9
126,26,0.3,reduced_reliability,0.05379047115211036,0.07411050434186418,0.06530486988915292,0.04,702,131,1,1,corrected_closed_loop,modvis-kappa-2e03357db2c9
127,27,0.3,baseline,0.04818328112980055,0.07560824879684892,0.054355724444286616,0.02,609,224,2,2,corrected_closed_loop,modvis-kappa-2e03357db2c9
127,27,0.3,recovery,0.051400582801616884,0.09884155912364379,0.0521486410340457,0.015,626,208,2,2,corrected_closed_loop,modvis-kappa-2e03357db2c9
127,27,0.3,reduced_reliability,0.05085423743886744,0.10609211586487687,0.06759878648227645,0.030000000000000002,624,209,2,2,corrected_closed_loop,modvis-kappa-2e03357db2c9
128,28,0.3,baseline,0.05190722155131241,0.05778358004097755,0.056706823752402366,0.02,702,131,1,1,corrected_closed_loop,modvis-kappa-2e03357db2c9
128,28,0.3,recovery,0.05186862089651434,0.06975316609071906,0.055750310098450495,0.025,647,187,2,2,corrected_closed_loop,modvis-kappa-2e03357db2c9
128,28,0.3,reduced_reliability,0.05238551674199256,0.10546305957278387,0.07020226478714656,0.023333333333333334,593,240,3,3,corrected_closed_loop,modvis-kappa-2e03357db2c9
129,29,0.3,baseline,0.05361311017271911,0.061405073158389105,0.06477260569312294,0.016666666666666666,593,240,3,3,corrected_closed_loop,modvis-kappa-2e03357db2c9
129,29,0.3,recovery,0.054674526368070325,0.10019128552379755,0.05510694171897893,0.02,656,178,1,1,corrected_closed_loop,modvis-kappa-2e03357db2c9
129,29,0.3,reduced_reliability,0.055010208392345036,0.1196430060416872,0.07820588183453071,0.04,593,240,3,3,corrected_closed_loop,modvis-kappa-2e03357db2c9
130,30,0.3,baseline,0.05146487985740056,0.08324611488782761,0.06000466862521311,0.01,619,214,2,2,corrected_closed_loop,modvis-kappa-2e03357db2c9
130,30,0.3,recovery,0.05663061492858735,0.0947217949595734,0.06743238472663501,0.015,649,185,2,2,corrected_closed_loop,modvis-kappa-2e03357db2c9
130,30,0.3,reduced_reliability,0.05719980156203165,0.11941616292564965,0.07316412260071711,0.02,616,217,1,1,corrected_closed_loop,modvis-kappa-2e03357db2c9
131,31,0.3,baseline,0.05207429512638108,0.06902702500351925,0.05980343202904094,0.023333333333333334,593,240,3,3,corrected_closed_loop,modvis-kappa-2e03357db2c9
131,31,0.3,recovery,0.05308298584407424,0.0724182794364548,0.06005366022735296,0.023333333333333334,594,240,3,3,corrected_closed_loop,modvis-kappa-2e03357db2c9
131,31,0.3,reduced_reliability,0.05358762431287906,0.08952754585655898,0.08686775182292798,0.03333333333333333,593,240,3,3,corrected_closed_loop,modvis-kappa-2e03357db2c9
132,32,0.3,baseline,0.05097539018435661,0.05070028392192773,0.05513842979436651,0.005,661,172,2,2,corrected_closed_loop,modvis-kappa-2e03357db2c9
132,32,0.3,recovery,0.056899907169764896,0.08763263499913446,0.05756263249633383,0.02,602,232,2,2,corrected_closed_loop,modvis-kappa-2e03357db2c9
132,32,0.3,reduced_reliability,0.05388090312318743,0.08534979387852516,0.07901006981565697,0.005,641,192,2,2,corrected_closed_loop,modvis-kappa-2e03357db2c9
133,33,0.3,baseline,0.05303621504211288,0.07768208701815443,0.06005212124116561,0.016666666666666666,593,240,3,3,corrected_closed_loop,modvis-kappa-2e03357db2c9
133,33,0.3,recovery,0.05126956340223823,0.05920119736803887,0.055506957666525164,0.006666666666666667,594,240,3,3,corrected_closed_loop,modvis-kappa-2e03357db2c9
133,33,0.3,reduced_reliability,0.05436688649810341,0.09514401536572632,0.07551965786982706,0.025,601,232,2,2,corrected_closed_loop,modvis-kappa-2e03357db2c9
134,34,0.3,baseline,0.05303044886983147,0.06805823978675087,0.06235732831910402,0.01,593,240,3,3,corrected_closed_loop,modvis-kappa-2e03357db2c9
134,34,0.3,recovery,0.05485587230922314,0.0891597595814165,0.05600087706777462,0.03,642,192,1,1,corrected_closed_loop,modvis-kappa-2e03357db2c9
134,34,0.3,reduced_reliability,0.0581380367662441,0.11959304679590722,0.08510947044611429,0.04,593,240,3,3,corrected_closed_loop,modvis-kappa-2e03357db2c9
135,35,0.3,baseline,0.052864997681610244,0.06823031092190088,0.05598780286747533,0.02,627,206,2,2,corrected_closed_loop,modvis-kappa-2e03357db2c9
135,35,0.3,recovery,0.05310426643281621,0.09875912857506021,0.058648978507023955,0.02,641,193,2,2,corrected_closed_loop,modvis-kappa-2e03357db2c9
135,35,0.3,reduced_reliability,0.051371189992374534,0.10206843775127764,0.0669232712784623,0.025,666,167,2,2,corrected_closed_loop,modvis-kappa-2e03357db2c9
136,36,0.3,baseline,0.05276480030840734,0.0831172905014264,0.05669356295408379,0.023333333333333334,593,240,3,3,corrected_closed_loop,modvis-kappa-2e03357db2c9
136,36,0.3,recovery,0.05569484485664556,0.06937948732313214,0.0644788163896927,0.013333333333333334,594,240,3,3,corrected_closed_loop,modvis-kappa-2e03357db2c9
136,36,0.3,reduced_reliability,0.054695480232596794,0.07873890474408246,0.09563360767830344,0.016666666666666666,593,240,3,3,corrected_closed_loop,modvis-kappa-2e03357db2c9
137,37,0.3,baseline,0.05243819337238668,0.06874245679253842,0.06949170441389267,0.016666666666666666,593,240,3,3,corrected_closed_loop,modvis-kappa-2e03357db2c9
137,37,0.3,recovery,0.0559064323539583,0.07567047152114936,0.06055355848787146,0.03,594,240,2,2,corrected_closed_loop,modvis-kappa-2e03357db2c9
137,37,0.3,reduced_reliability,0.05256813052456345,0.14134728404907143,0.06353934234063956,0.04,597,236,1,1,corrected_closed_loop,modvis-kappa-2e03357db2c9
138,38,0.3,baseline,0.049384602552353885,0.04348436095844358,0.04659790715542948,0.01,658,175,1,1,corrected_closed_loop,modvis-kappa-2e03357db2c9
138,38,0.3,recovery,0.05173808055278389,0.057521174875485366,0.05272556661288918,0.01,688,146,1,1,corrected_closed_loop,modvis-kappa-2e03357db2c9
138,38,0.3,reduced_reliability,0.04923056448402408,0.10839113149210541,0.07094255785129763,0.02,646,187,2,2,corrected_closed_loop,modvis-kappa-2e03357db2c9
139,39,0.3,baseline,0.05151801007601421,0.05288167260388503,0.05471264684663628,0.01,656,177,2,2,corrected_closed_loop,modvis-kappa-2e03357db2c9
139,39,0.3,recovery,0.05523549266396087,0.06932328502085686,0.061772213845929354,0.02,594,240,3,3,corrected_closed_loop,modvis-kappa-2e03357db2c9
139,39,0.3,reduced_reliability,0.05434970510313024,0.11614151715272367,0.08500871417108415,0.02,638,195,1,1,corrected_closed_loop,modvis-kappa-2e03357db2c9
140,40,0.3,baseline,0.04960370817195748,0.11040328705143197,0.05132790060437761,0.01,702,131,1,1,corrected_closed_loop,modvis-kappa-2e03357db2c9
140,40,0.3,recovery,0.05262871735279233,0.07678138049030636,0.05804996122162226,0.016666666666666666,594,240,3,3,corrected_closed_loop,modvis-kappa-2e03357db2c9
140,40,0.3,reduced_reliability,0.05588320496837249,0.1521905982470919,0.06868805529452354,0.04,650,183,2,2,corrected_closed_loop,modvis-kappa-2e03357db2c9
141,41,0.3,baseline,0.05041472877140103,0.09067643942549515,0.05228268940123131,0.01,659,174,2,2,corrected_closed_loop,modvis-kappa-2e03357db2c9
141,41,0.3,recovery,0.05881714929665436,0.07053779477455507,0.07161845851229738,0.02333333333333333,594,240,3,3,corrected_closed_loop,modvis-kappa-2e03357db2c9
141,41,0.3,reduced_reliability,0.05167728561819777,0.08685975720381775,0.0693344027196183,0.016666666666666666,593,240,3,3,corrected_closed_loop,modvis-kappa-2e03357db2c9
142,42,0.3,baseline,0.04925916291607802,0.06418852995920396,0.05741182267118053,0.01,669,164,2,2,corrected_closed_loop,modvis-kappa-2e03357db2c9
142,42,0.3,recovery,0.05305985164047412,0.09803893552417811,0.056836467645226985,0.025,662,172,2,2,corrected_closed_loop,modvis-kappa-2e03357db2c9
142,42,0.3,reduced_reliability,0.05463213458545923,0.08071972434489638,0.0868010071150181,0.023333333333333334,593,240,3,3,corrected_closed_loop,modvis-kappa-2e03357db2c9
143,43,0.3,baseline,0.05438195050204029,0.07089478322092685,0.0666098695911417,0.01,593,240,3,3,corrected_closed_loop,modvis-kappa-2e03357db2c9
143,43,0.3,recovery,0.054900113267929894,0.07160187587190782,0.06400792530912297,0.01,594,240,3,3,corrected_closed_loop,modvis-kappa-2e03357db2c9
143,43,0.3,reduced_reliability,0.05437217085674538,0.07378195384165061,0.08476051515263998,0.035,595,238,2,2,corrected_closed_loop,modvis-kappa-2e03357db2c9
144,44,0.3,baseline,0.051448138874435216,0.05714420469301624,0.05508341678186163,0.01,672,161,2,2,corrected_closed_loop,modvis-kappa-2e03357db2c9
144,44,0.3,recovery,0.05373767872266233,0.1018807706268717,0.0497103847073041,0.02,715,119,1,1,corrected_closed_loop,modvis-kappa-2e03357db2c9
144,44,0.3,reduced_reliability,0.054193206248218696,0.10974712937900627,0.07738197104682087,0.03,593,240,3,3,corrected_closed_loop,modvis-kappa-2e03357db2c9
145,45,0.3,baseline,0.05018925958062667,0.09037815497528018,0.057161283634456043,0.030000000000000002,622,211,2,2,corrected_closed_loop,modvis-kappa-2e03357db2c9
145,45,0.3,recovery,0.05243337208681302,0.07413743831037096,0.060911352565269215,0.025,628,206,2,2,corrected_closed_loop,modvis-kappa-2e03357db2c9
145,45,0.3,reduced_reliability,0.05549587102600482,0.10845081853346651,0.07231835691279673,0.02,622,211,1,1,corrected_closed_loop,modvis-kappa-2e03357db2c9
146,46,0.3,baseline,0.04849876580947924,0.05704786312594063,0.060255056262725856,0.02,626,207,2,2,corrected_closed_loop,modvis-kappa-2e03357db2c9
146,46,0.3,recovery,0.05044780950753619,0.08003195466176186,0.07145659689391116,0.03,594,240,3,3,corrected_closed_loop,modvis-kappa-2e03357db2c9
146,46,0.3,reduced_reliability,0.05315368649875723,0.12134398766345572,0.06960904691796892,0.03,656,177,2,2,corrected_closed_loop,modvis-kappa-2e03357db2c9
147,47,0.3,baseline,0.052371122607433145,0.07369298446990805,0.06372581237491,0.013333333333333334,593,240,3,3,corrected_closed_loop,modvis-kappa-2e03357db2c9
147,47,0.3,recovery,0.04995465840410734,0.06137302950991228,0.06388481034181456,0.01,594,240,3,3,corrected_closed_loop,modvis-kappa-2e03357db2c9
147,47,0.3,reduced_reliability,0.05697776535912071,0.09178035903771091,0.09968144310833536,0.02,593,240,3,3,corrected_closed_loop,modvis-kappa-2e03357db2c9
148,48,0.3,baseline,0.05149649548773909,0.057068185181582375,0.056793872821087915,0.006666666666666667,593,240,3,3,corrected_closed_loop,modvis-kappa-2e03357db2c9
148,48,0.3,recovery,0.05546714116226836,0.07379521510381873,0.06343445944017521,0.023333333333333334,594,240,3,3,corrected_closed_loop,modvis-kappa-2e03357db2c9
148,48,0.3,reduced_reliability,0.05313589707534373,0.12671245800375644,0.05872076838216277,0.03,596,237,2,2,corrected_closed_loop,modvis-kappa-2e03357db2c9
149,49,0.3,baseline,0.05145285288468327,0.06783820072069519,0.06138565454794249,0.013333333333333334,593,240,3,3,corrected_closed_loop,modvis-kappa-2e03357db2c9
149,49,0.3,recovery,0.054820778333787866,0.07966166572163837,0.06746117519832653,0.02666666666666667,594,240,3,3,corrected_closed_loop,modvis-kappa-2e03357db2c9
149,49,0.3,reduced_reliability,0.05281304968119725,0.10859564324877147,0.07573375964900125,0.0,688,145,1,1,corrected_closed_loop,modvis-kappa-2e03357db2c9
150,50,0.3,baseline,0.05330968965978111,0.07723229268058363,0.06420441451020065,0.03,636,197,2,2,corrected_closed_loop,modvis-kappa-2e03357db2c9
150,50,0.3,recovery,0.05368055654809033,0.062218830148550376,0.057650413038379596,0.015,626,208,2,2,corrected_closed_loop,modvis-kappa-2e03357db2c9
150,50,0.3,reduced_reliability,0.05069595109896155,0.06681488499137743,0.08085106179099726,0.01,649,184,2,2,corrected_closed_loop,modvis-kappa-2e03357db2c9
151,51,0.3,baseline,0.051136663944746294,0.07358009524766916,0.05586570486612598,0.013333333333333334,593,240,3,3,corrected_closed_loop,modvis-kappa-2e03357db2c9
151,51,0.3,recovery,0.05514492799327008,0.07250529438578172,0.05736626731713372,0.023333333333333334,594,240,3,3,corrected_closed_loop,modvis-kappa-2e03357db2c9
151,51,0.3,reduced_reliability,0.05298971909310517,0.12717837429757578,0.06320376395708845,0.02,607,226,2,2,corrected_closed_loop,modvis-kappa-2e03357db2c9
152,52,0.3,baseline,0.05298945873773602,0.060034398089940356,0.06547936922687565,0.016666666666666666,593,240,3,3,corrected_closed_loop,modvis-kappa-2e03357db2c9
152,52,0.3,recovery,0.05829912381291618,0.07135128862351468,0.06387132954087547,0.015,609,225,2,2,corrected_closed_loop,modvis-kappa-2e03357db2c9
152,52,0.3,reduced_reliability,0.05720524254840943,0.09723652896667179,0.061655475253496905,0.023333333333333334,593,240,3,3,corrected_closed_loop,modvis-kappa-2e03357db2c9
153,53,0.3,baseline,0.05223875068259663,0.07395646440433712,0.06091235157948586,0.02,624,209,2,2,corrected_closed_loop,modvis-kappa-2e03357db2c9
153,53,0.3,recovery,0.04810442002917937,0.08922774634021903,0.058720182792648436,0.02,633,201,2,2,corrected_closed_loop,modvis-kappa-2e03357db2c9
153,53,0.3,reduced_reliability,0.05380101727660959,0.08608206447145225,0.07539050564113531,0.043333333333333335,593,240,3,3,corrected_closed_loop,modvis-kappa-2e03357db2c9
154,54,0.3,baseline,0.05299127035118685,0.10366448363822234,0.05872344836931357,0.005,662,171,2,2,corrected_closed_loop,modvis-kappa-2e03357db2c9
154,54,0.3,recovery,0.049398291217555776,0.05923056039411034,0.06427558327304309,0.0033333333333333335,594,240,3,3,corrected_closed_loop,modvis-kappa-2e03357db2c9
154,54,0.3,reduced_reliability,0.05241018181767472,0.10604514380658125,0.08385565740613449,0.05000000000000001,593,240,3,3,corrected_closed_loop,modvis-kappa-2e03357db2c9
155,55,0.3,baseline,0.05237342969665726,0.08195994831224367,0.06112818662643604,0.02666666666666667,593,240,3,3,corrected_closed_loop,modvis-kappa-2e03357db2c9
155,55,0.3,recovery,0.054051089773904874,0.07230947665154333,0.07107915868587684,0.013333333333333334,594,240,3,3,corrected_closed_loop,modvis-kappa-2e03357db2c9
155,55,0.3,reduced_reliability,0.049597442284397934,0.08993269460096624,0.07500468041706856,0.02,593,240,3,3,corrected_closed_loop,modvis-kappa-2e03357db2c9
156,56,0.3,baseline,0.05302633882990809,0.07640028773301519,0.04789926236638481,0.025,625,208,2,2,corrected_closed_loop,modvis-kappa-2e03357db2c9
156,56,0.3,recovery,0.05391116496576102,0.06200190115301427,0.05311199024339658,0.01,663,171,2,2,corrected_closed_loop,modvis-kappa-2e03357db2c9
156,56,0.3,reduced_reliability,0.055431788485300414,0.10989787095074405,0.08717582283989969,0.03,643,190,2,2,corrected_closed_loop,modvis-kappa-2e03357db2c9
157,57,0.3,baseline,0.051976271953813755,0.0656011785782919,0.06322844136005668,0.016666666666666666,593,240,3,3,corrected_closed_loop,modvis-kappa-2e03357db2c9
157,57,0.3,recovery,0.05252093064382803,0.08464324201049263,0.058574321552399715,0.015,664,170,2,2,corrected_closed_loop,modvis-kappa-2e03357db2c9
157,57,0.3,reduced_reliability,0.05346968699743489,0.12523320935406676,0.08078545210981053,0.01,616,217,1,1,corrected_closed_loop,modvis-kappa-2e03357db2c9
158,58,0.3,baseline,0.051064512485759224,0.06198827186373346,0.058769020859470944,0.01,593,240,3,3,corrected_closed_loop,modvis-kappa-2e03357db2c9
158,58,0.3,recovery,0.05363161009468937,0.08385901861474505,0.06507613935666137,0.01,602,232,2,2,corrected_closed_loop,modvis-kappa-2e03357db2c9
158,58,0.3,reduced_reliability,0.05599964688007936,0.12023391173739993,0.06920312262894943,0.015,598,235,2,2,corrected_closed_loop,modvis-kappa-2e03357db2c9
159,59,0.3,baseline,0.050709814192900014,0.0828310891657764,0.055206881020654484,0.01,629,204,2,2,corrected_closed_loop,modvis-kappa-2e03357db2c9
159,59,0.3,recovery,0.05675588471969394,0.07607235781373355,0.06584509915909109,0.013333333333333334,594,240,3,3,corrected_closed_loop,modvis-kappa-2e03357db2c9
159,59,0.3,reduced_reliability,0.05268632039513433,0.12006612467232722,0.07192491322494934,0.015,661,172,2,2,corrected_closed_loop,modvis-kappa-2e03357db2c9
160,60,0.3,baseline,0.051552853182869646,0.07193829151537541,0.056990671077715466,0.02,593,240,3,3,corrected_closed_loop,modvis-kappa-2e03357db2c9
160,60,0.3,recovery,0.05197593874538157,0.08793795431025792,0.058251423311759636,0.01,604,230,2,2,corrected_closed_loop,modvis-kappa-2e03357db2c9
160,60,0.3,reduced_reliability,0.053671739860851775,0.10455249027268755,0.07526036869023708,0.03,669,164,2,2,corrected_closed_loop,modvis-kappa-2e03357db2c9
161,61,0.3,baseline,0.04926279413650263,0.06883947204111783,0.05117815088193364,0.016666666666666666,593,240,3,3,corrected_closed_loop,modvis-kappa-2e03357db2c9
161,61,0.3,recovery,0.05414870329114896,0.06653317023205202,0.0627067745593996,0.015,604,230,2,2,corrected_closed_loop,modvis-kappa-2e03357db2c9
161,61,0.3,reduced_reliability,0.05575295835174346,0.08279671826660172,0.07508775036311169,0.013333333333333334,593,240,3,3,corrected_closed_loop,modvis-kappa-2e03357db2c9
162,62,0.3,baseline,0.053405337534696014,0.07156119546522008,0.064285852028393,0.023333333333333334,593,240,3,3,corrected_closed_loop,modvis-kappa-2e03357db2c9
162,62,0.3,recovery,0.05270477309352984,0.08677036402716036,0.057748317217656595,0.02,636,198,1,1,corrected_closed_loop,modvis-kappa-2e03357db2c9
162,62,0.3,reduced_reliability,0.05396375788102962,0.07997662006601688,0.09569985105072606,0.030000000000000002,663,170,2,2,corrected_closed_loop,modvis-kappa-2e03357db2c9
163,63,0.3,baseline,0.052905567516147646,0.06562839831398368,0.06290907612051412,0.016666666666666666,593,240,3,3,corrected_closed_loop,modvis-kappa-2e03357db2c9
163,63,0.3,recovery,0.05236506760402609,0.09150953695753913,0.05977072939623249,0.025,644,190,2,2,corrected_closed_loop,modvis-kappa-2e03357db2c9
163,63,0.3,reduced_reliability,0.05298589960938868,0.10105134436499895,0.08415391263380755,0.01,638,195,2,2,corrected_closed_loop,modvis-kappa-2e03357db2c9
164,64,0.3,baseline,0.052852878475681306,0.07285074120239957,0.05812496495383652,0.025,644,189,2,2,corrected_closed_loop,modvis-kappa-2e03357db2c9
164,64,0.3,recovery,0.054603455745413323,0.07124753231403864,0.06688087796652128,0.02,594,240,3,3,corrected_closed_loop,modvis-kappa-2e03357db2c9
164,64,0.3,reduced_reliability,0.04980355201033503,0.08533276067533502,0.07196879581086899,0.015,646,187,2,2,corrected_closed_loop,modvis-kappa-2e03357db2c9
165,65,0.3,baseline,0.052980941812786245,0.06714454940288464,0.05985094119122765,0.02,595,238,2,2,corrected_closed_loop,modvis-kappa-2e03357db2c9
165,65,0.3,recovery,0.05426533788182461,0.07920473478473616,0.05850096036891183,0.02,594,240,3,3,corrected_closed_loop,modvis-kappa-2e03357db2c9
165,65,0.3,reduced_reliability,0.05313877828096894,0.1277602221170872,0.06361629991414833,0.03,600,233,2,2,corrected_closed_loop,modvis-kappa-2e03357db2c9
166,66,0.3,baseline,0.05250926363626432,0.08167587561476383,0.05737977082885749,0.016666666666666666,593,240,3,3,corrected_closed_loop,modvis-kappa-2e03357db2c9
166,66,0.3,recovery,0.05671024083073674,0.08096164433343317,0.06457299374263571,0.02666666666666667,594,240,3,3,corrected_closed_loop,modvis-kappa-2e03357db2c9
166,66,0.3,reduced_reliability,0.05101572447605648,0.09466677492825935,0.0748803995130195,0.03,664,169,2,2,corrected_closed_loop,modvis-kappa-2e03357db2c9
167,67,0.3,baseline,0.05415770307103585,0.0872290040446378,0.06087959521874462,0.016666666666666666,593,240,3,3,corrected_closed_loop,modvis-kappa-2e03357db2c9
167,67,0.3,recovery,0.05284703886963604,0.06925959672569156,0.06733304156392454,0.02,594,240,3,3,corrected_closed_loop,modvis-kappa-2e03357db2c9
167,67,0.3,reduced_reliability,0.05482489763369358,0.09877316169986251,0.09147667036125652,0.016666666666666666,593,240,3,3,corrected_closed_loop,modvis-kappa-2e03357db2c9
168,68,0.3,baseline,0.05332822873247957,0.09721628300985415,0.06215938584148244,0.02,597,236,2,2,corrected_closed_loop,modvis-kappa-2e03357db2c9
168,68,0.3,recovery,0.052927062495232935,0.07817614305104195,0.06003736161909677,0.016666666666666666,594,240,3,3,corrected_closed_loop,modvis-kappa-2e03357db2c9
168,68,0.3,reduced_reliability,0.04965435655308917,0.08484054338787253,0.07065924115574429,0.01,606,227,2,2,corrected_closed_loop,modvis-kappa-2e03357db2c9
169,69,0.3,baseline,0.050020820282859396,0.08177811394553393,0.0584163530258286,0.02,622,211,2,2,corrected_closed_loop,modvis-kappa-2e03357db2c9
169,69,0.3,recovery,0.05237303258048157,0.08113805834605373,0.06180551029275983,0.01,661,173,2,2,corrected_closed_loop,modvis-kappa-2e03357db2c9
169,69,0.3,reduced_reliability,0.05409016214549958,0.11794069230055894,0.08524758777571204,0.04,654,179,2,2,corrected_closed_loop,modvis-kappa-2e03357db2c9
170,70,0.3,baseline,0.04796571904136649,0.0836003961608328,0.06054035081493026,0.02,668,165,2,2,corrected_closed_loop,modvis-kappa-2e03357db2c9
170,70,0.3,recovery,0.051313198375475086,0.0565869046395405,0.058527455104864276,0.006666666666666667,594,240,3,3,corrected_closed_loop,modvis-kappa-2e03357db2c9
170,70,0.3,reduced_reliability,0.05377394522890633,0.07604739749649488,0.09584465384777222,0.01,593,240,3,3,corrected_closed_loop,modvis-kappa-2e03357db2c9
171,71,0.3,baseline,0.050846404524259765,0.06556537610885961,0.05611776331205313,0.01,618,215,2,2,corrected_closed_loop,modvis-kappa-2e03357db2c9
171,71,0.3,recovery,0.053343366469559415,0.07102677271837002,0.060930662131568725,0.02,594,240,3,3,corrected_closed_loop,modvis-kappa-2e03357db2c9
171,71,0.3,reduced_reliability,0.054718819007286,0.12857132935487006,0.06939912924851356,0.04,593,240,3,3,corrected_closed_loop,modvis-kappa-2e03357db2c9
172,72,0.3,baseline,0.0569761343728848,0.06119931766264757,0.06729019533991933,0.006666666666666667,593,240,3,3,corrected_closed_loop,modvis-kappa-2e03357db2c9
172,72,0.3,recovery,0.05249772557602172,0.07772631338162216,0.05324837808898531,0.02,594,240,3,3,corrected_closed_loop,modvis-kappa-2e03357db2c9
172,72,0.3,reduced_reliability,0.056760649711768,0.0716605425619662,0.08580684286301968,0.013333333333333334,593,240,3,3,corrected_closed_loop,modvis-kappa-2e03357db2c9
173,73,0.3,baseline,0.047602490657439746,0.0972217749475222,0.05233421338133754,0.015,616,217,2,2,corrected_closed_loop,modvis-kappa-2e03357db2c9
173,73,0.3,recovery,0.04938097886662635,0.07859156086069038,0.057301947205816293,0.02,594,240,3,3,corrected_closed_loop,modvis-kappa-2e03357db2c9
173,73,0.3,reduced_reliability,0.049597228789449596,0.13036315868083823,0.06267713025035081,0.045,623,210,2,2,corrected_closed_loop,modvis-kappa-2e03357db2c9
174,74,0.3,baseline,0.05357217090275977,0.07628307466619423,0.05906326855332226,0.02,593,240,3,3,corrected_closed_loop,modvis-kappa-2e03357db2c9
174,74,0.3,recovery,0.04967732678461331,0.06611471255974967,0.05653702171538896,0.016666666666666666,594,240,3,3,corrected_closed_loop,modvis-kappa-2e03357db2c9
174,74,0.3,reduced_reliability,0.05223622795262983,0.07434292803910122,0.06886215006746767,0.03,670,163,2,2,corrected_closed_loop,modvis-kappa-2e03357db2c9
175,75,0.3,baseline,0.05189975968834314,0.0630541057780104,0.057998278657269565,0.013333333333333334,593,240,3,3,corrected_closed_loop,modvis-kappa-2e03357db2c9
175,75,0.3,recovery,0.05259696010532545,0.06490073864769139,0.05788747410747625,0.005,657,177,2,2,corrected_closed_loop,modvis-kappa-2e03357db2c9
175,75,0.3,reduced_reliability,0.05756336142814757,0.13930674115399103,0.07981703563765458,0.05333333333333332,593,240,3,3,corrected_closed_loop,modvis-kappa-2e03357db2c9
176,76,0.3,baseline,0.04951378815394634,0.07567662538203264,0.0569564930346843,0.013333333333333334,593,240,3,3,corrected_closed_loop,modvis-kappa-2e03357db2c9
176,76,0.3,recovery,0.05238093630554633,0.09717099785953948,0.058531923534672355,0.02,646,188,2,2,corrected_closed_loop,modvis-kappa-2e03357db2c9
176,76,0.3,reduced_reliability,0.05198757903277484,0.0904147123524236,0.0940659470299048,0.016666666666666666,593,240,3,3,corrected_closed_loop,modvis-kappa-2e03357db2c9
177,77,0.3,baseline,0.052828380242249694,0.08104512571449424,0.06425666220117864,0.01,597,236,2,2,corrected_closed_loop,modvis-kappa-2e03357db2c9
177,77,0.3,recovery,0.05223177495325575,0.07129523688388378,0.05719174630136081,0.02,645,189,2,2,corrected_closed_loop,modvis-kappa-2e03357db2c9
177,77,0.3,reduced_reliability,0.054625016781071845,0.10731866749282745,0.08032058535463818,0.01,633,200,2,2,corrected_closed_loop,modvis-kappa-2e03357db2c9
178,78,0.3,baseline,0.04782532862996041,0.06257613601154008,0.06136258415487581,0.013333333333333334,593,240,3,3,corrected_closed_loop,modvis-kappa-2e03357db2c9
178,78,0.3,recovery,0.052133698808436504,0.06222413876001861,0.059960092313560115,0.013333333333333334,594,240,3,3,corrected_closed_loop,modvis-kappa-2e03357db2c9
178,78,0.3,reduced_reliability,0.05666182813058532,0.11194709398974166,0.09277175111135544,0.02,626,207,2,2,corrected_closed_loop,modvis-kappa-2e03357db2c9
179,79,0.3,baseline,0.052623074248934525,0.09697530058671164,0.061333986093934714,0.02,632,201,2,2,corrected_closed_loop,modvis-kappa-2e03357db2c9
179,79,0.3,recovery,0.053077150452852946,0.0453873883949632,0.04718462072482594,0.0,665,169,1,1,corrected_closed_loop,modvis-kappa-2e03357db2c9
179,79,0.3,reduced_reliability,0.05769339287814498,0.1386553326131177,0.07245083083239202,0.03,603,230,2,2,corrected_closed_loop,modvis-kappa-2e03357db2c9
180,80,0.3,baseline,0.051039624235142474,0.09413848981145698,0.0564767373726758,0.025,670,163,2,2,corrected_closed_loop,modvis-kappa-2e03357db2c9
180,80,0.3,recovery,0.05619279207749498,0.09743488307588509,0.06012257059027194,0.035,608,226,2,2,corrected_closed_loop,modvis-kappa-2e03357db2c9
180,80,0.3,reduced_reliability,0.054159112758764026,0.08748797091488585,0.07971732120434985,0.013333333333333334,593,240,3,3,corrected_closed_loop,modvis-kappa-2e03357db2c9
181,81,0.3,baseline,0.05406056437771892,0.09208776980177776,0.05444677008908831,0.01,616,217,1,1,corrected_closed_loop,modvis-kappa-2e03357db2c9
181,81,0.3,recovery,0.05634070954899974,0.09417969883129057,0.05719281407995806,0.02,661,173,2,2,corrected_closed_loop,modvis-kappa-2e03357db2c9
181,81,0.3,reduced_reliability,0.05218234478261433,0.12025444698768042,0.09801697139634992,0.06,593,240,3,3,corrected_closed_loop,modvis-kappa-2e03357db2c9
182,82,0.3,baseline,0.0535121663995529,0.09204900287443503,0.0635842717338292,0.02,593,240,2,2,corrected_closed_loop,modvis-kappa-2e03357db2c9
182,82,0.3,recovery,0.05313394460904933,0.06653564302864887,0.054838819099459445,0.02,668,166,2,2,corrected_closed_loop,modvis-kappa-2e03357db2c9
182,82,0.3,reduced_reliability,0.05282311723516876,0.08222148149545022,0.08344929552769793,0.01,598,235,2,2,corrected_closed_loop,modvis-kappa-2e03357db2c9
183,83,0.3,baseline,0.054063468133641254,0.09418819495197885,0.060315244334741745,0.02,710,123,1,1,corrected_closed_loop,modvis-kappa-2e03357db2c9
183,83,0.3,recovery,0.05444990558176907,0.08020712546152929,0.05660500269105725,0.015,600,234,2,2,corrected_closed_loop,modvis-kappa-2e03357db2c9
183,83,0.3,reduced_reliability,0.05095199762282923,0.06703288247113688,0.08496775089432385,0.013333333333333334,593,240,3,3,corrected_closed_loop,modvis-kappa-2e03357db2c9
184,84,0.3,baseline,0.052300847720054666,0.09865682339282553,0.06190893016764385,0.025,652,181,2,2,corrected_closed_loop,modvis-kappa-2e03357db2c9
184,84,0.3,recovery,0.055268001245131426,0.06908982024718258,0.054308484666523035,0.01,594,240,3,3,corrected_closed_loop,modvis-kappa-2e03357db2c9
184,84,0.3,reduced_reliability,0.05260390346551619,0.14217174767241014,0.07132729142945476,0.043333333333333335,593,240,3,3,corrected_closed_loop,modvis-kappa-2e03357db2c9
185,85,0.3,baseline,0.05263077875804074,0.07747025082922147,0.061991349543273504,0.02,631,202,2,2,corrected_closed_loop,modvis-kappa-2e03357db2c9
185,85,0.3,recovery,0.053875454464885154,0.07881850843468155,0.06211651254128483,0.02666666666666667,594,240,3,3,corrected_closed_loop,modvis-kappa-2e03357db2c9
185,85,0.3,reduced_reliability,0.055810634023547155,0.08385244946708134,0.07328019548879353,0.023333333333333334,593,240,3,3,corrected_closed_loop,modvis-kappa-2e03357db2c9
186,86,0.3,baseline,0.055612327189756616,0.0665151829991613,0.0677173553103359,0.015,647,186,2,2,corrected_closed_loop,modvis-kappa-2e03357db2c9
186,86,0.3,recovery,0.055231836873581894,0.08966925357983314,0.06317506779198875,0.02,626,208,2,2,corrected_closed_loop,modvis-kappa-2e03357db2c9
186,86,0.3,reduced_reliability,0.05419869781217267,0.09012475893536073,0.08170729421666854,0.01,632,201,2,2,corrected_closed_loop,modvis-kappa-2e03357db2c9
187,87,0.3,baseline,0.05192827213403625,0.0947092376533061,0.05723240705661025,0.02,662,171,2,2,corrected_closed_loop,modvis-kappa-2e03357db2c9
187,87,0.3,recovery,0.05056992070691944,0.06995177689271116,0.061663984023230034,0.023333333333333334,594,240,3,3,corrected_closed_loop,modvis-kappa-2e03357db2c9
187,87,0.3,reduced_reliability,0.05011609535494732,0.11065131448377025,0.06903300410208493,0.05,618,215,2,2,corrected_closed_loop,modvis-kappa-2e03357db2c9
188,88,0.3,baseline,0.05070711288250752,0.07398820769447527,0.0621976223323443,0.02,593,240,3,3,corrected_closed_loop,modvis-kappa-2e03357db2c9
188,88,0.3,recovery,0.05141463200713968,0.0647494789465408,0.06425611247461295,0.016666666666666666,594,240,3,3,corrected_closed_loop,modvis-kappa-2e03357db2c9
188,88,0.3,reduced_reliability,0.05521424150564152,0.13972216928938974,0.07720684858800006,0.01,668,165,1,1,corrected_closed_loop,modvis-kappa-2e03357db2c9
189,89,0.3,baseline,0.04897642427440298,0.067506097948699,0.05541582864889222,0.025,616,217,2,2,corrected_closed_loop,modvis-kappa-2e03357db2c9
189,89,0.3,recovery,0.05463962261845391,0.07334900662682126,0.06682218786957185,0.02333333333333333,594,240,3,3,corrected_closed_loop,modvis-kappa-2e03357db2c9
189,89,0.3,reduced_reliability,0.054394209153547486,0.06968989062165643,0.07285128372778553,0.023333333333333334,593,240,3,3,corrected_closed_loop,modvis-kappa-2e03357db2c9
190,90,0.3,baseline,0.051775831310064045,0.08080271177740062,0.06256461403937058,0.013333333333333334,593,240,3,3,corrected_closed_loop,modvis-kappa-2e03357db2c9
190,90,0.3,recovery,0.057507751317353736,0.06766997885377944,0.0587952912083311,0.015,640,194,2,2,corrected_closed_loop,modvis-kappa-2e03357db2c9
190,90,0.3,reduced_reliability,0.05226248852064973,0.09384490372395839,0.06738124606349973,0.01,593,240,3,3,corrected_closed_loop,modvis-kappa-2e03357db2c9
191,91,0.3,baseline,0.051307190942468814,0.08773382221247268,0.05690323790197812,0.03,642,191,2,2,corrected_closed_loop,modvis-kappa-2e03357db2c9
191,91,0.3,recovery,0.05577866671965549,0.0790652984703095,0.06171056243491833,0.02,659,175,2,2,corrected_closed_loop,modvis-kappa-2e03357db2c9
191,91,0.3,reduced_reliability,0.05266819103462623,0.12435592793183901,0.08354777590319702,0.06,593,240,3,3,corrected_closed_loop,modvis-kappa-2e03357db2c9
192,92,0.3,baseline,0.05510037875592653,0.08773181064891436,0.06792345685409945,0.03333333333333333,593,240,3,3,corrected_closed_loop,modvis-kappa-2e03357db2c9
192,92,0.3,recovery,0.055685267586207704,0.1019952501674302,0.05818586402635834,0.01,625,209,2,2,corrected_closed_loop,modvis-kappa-2e03357db2c9
192,92,0.3,reduced_reliability,0.052746453666712545,0.1136972266324736,0.08287981245389793,0.03,593,240,3,3,corrected_closed_loop,modvis-kappa-2e03357db2c9
193,93,0.3,baseline,0.055333061902072746,0.06703970157337293,0.06242514667705403,0.02,593,240,3,3,corrected_closed_loop,modvis-kappa-2e03357db2c9
193,93,0.3,recovery,0.05292026807827683,0.0680550706715264,0.06076069270760077,0.025,634,200,2,2,corrected_closed_loop,modvis-kappa-2e03357db2c9
193,93,0.3,reduced_reliability,0.054549329259733645,0.09583589826678725,0.068113647627963,0.013333333333333334,593,240,3,3,corrected_closed_loop,modvis-kappa-2e03357db2c9
194,94,0.3,baseline,0.05261704434084558,0.061421919983659576,0.058874221009179335,0.02,626,207,2,2,corrected_closed_loop,modvis-kappa-2e03357db2c9
194,94,0.3,recovery,0.04961466840307104,0.09604718696873102,0.06103498696828454,0.025,668,166,2,2,corrected_closed_loop,modvis-kappa-2e03357db2c9
194,94,0.3,reduced_reliability,0.05324410134260888,0.08140199370682018,0.08986580273080436,0.013333333333333334,593,240,3,3,corrected_closed_loop,modvis-kappa-2e03357db2c9
195,95,0.3,baseline,0.05201946119903407,0.08289278437560682,0.05434132603619144,0.03,609,224,2,2,corrected_closed_loop,modvis-kappa-2e03357db2c9
195,95,0.3,recovery,0.05370591497111935,0.05805455768675554,0.056735358223876084,0.015,618,216,2,2,corrected_closed_loop,modvis-kappa-2e03357db2c9
195,95,0.3,reduced_reliability,0.05659865776453307,0.10295669812186407,0.07950429359502754,0.013333333333333334,593,240,3,3,corrected_closed_loop,modvis-kappa-2e03357db2c9
196,96,0.3,baseline,0.053662041293337806,0.09258897628023652,0.05945194168846048,0.02,608,225,2,2,corrected_closed_loop,modvis-kappa-2e03357db2c9
196,96,0.3,recovery,0.05431771180100364,0.057473257585358775,0.06169747941402681,0.013333333333333334,594,240,3,3,corrected_closed_loop,modvis-kappa-2e03357db2c9
196,96,0.3,reduced_reliability,0.053888491572823605,0.10570994219543875,0.07943852629675589,0.025,633,200,2,2,corrected_closed_loop,modvis-kappa-2e03357db2c9
197,97,0.3,baseline,0.04586828811117179,0.09858488835716227,0.04975351427418086,0.02,690,143,1,1,corrected_closed_loop,modvis-kappa-2e03357db2c9
197,97,0.3,recovery,0.054152382500326404,0.07246733706310167,0.06240243507603124,0.02666666666666667,594,240,3,3,corrected_closed_loop,modvis-kappa-2e03357db2c9
197,97,0.3,reduced_reliability,0.0569512827393964,0.1321752387643507,0.08231602569522951,0.03,634,199,1,1,corrected_closed_loop,modvis-kappa-2e03357db2c9
198,98,0.3,baseline,0.05623767596104118,0.08607938671354835,0.06519901304122847,0.015,599,234,2,2,corrected_closed_loop,modvis-kappa-2e03357db2c9
198,98,0.3,recovery,0.05206563154686165,0.07399336325058026,0.06047774065262482,0.005,617,217,2,2,corrected_closed_loop,modvis-kappa-2e03357db2c9
198,98,0.3,reduced_reliability,0.051391178402486304,0.09462891202322193,0.08234220894663409,0.0,660,173,1,1,corrected_closed_loop,modvis-kappa-2e03357db2c9
199,99,0.3,baseline,0.05068436073003597,0.06510030773771813,0.06348550812761009,0.013333333333333334,593,240,3,3,corrected_closed_loop,modvis-kappa-2e03357db2c9
199,99,0.3,recovery,0.05454973312987854,0.07457791944151915,0.05753937611840096,0.023333333333333334,594,240,3,3,corrected_closed_loop,modvis-kappa-2e03357db2c9
199,99,0.3,reduced_reliability,0.05179800787931352,0.10383144924126281,0.06916228144503958,0.035,657,176,2,2,corrected_closed_loop,modvis-kappa-2e03357db2c9
100,0,0.4,baseline,0.05227903361128479,0.07643590785038243,0.05092163240002351,0.02,628,205,2,2,corrected_closed_loop,modvis-kappa-2e03357db2c9
100,0,0.4,recovery,0.052457847399123785,0.05651783534564308,0.05891273205831167,0.005,653,181,2,2,corrected_closed_loop,modvis-kappa-2e03357db2c9
100,0,0.4,reduced_reliability,0.05580792586924198,0.07898958549438626,0.06808585259951354,0.01,657,176,2,2,corrected_closed_loop,modvis-kappa-2e03357db2c9
101,1,0.4,baseline,0.048683555599097254,0.07984218432276635,0.05885431523510717,0.02,593,240,3,3,corrected_closed_loop,modvis-kappa-2e03357db2c9
101,1,0.4,recovery,0.056940401741599686,0.07650767642705886,0.06773663063412191,0.013333333333333334,594,240,3,3,corrected_closed_loop,modvis-kappa-2e03357db2c9
101,1,0.4,reduced_reliability,0.049295054957425546,0.08445622734348159,0.0607481885383733,0.02,626,207,2,2,corrected_closed_loop,modvis-kappa-2e03357db2c9
102,2,0.4,baseline,0.05234248019736282,0.07903576463981214,0.060202935547240384,0.015,608,225,2,2,corrected_closed_loop,modvis-kappa-2e03357db2c9
102,2,0.4,recovery,0.04860960083741298,0.06979747164917213,0.05185842594867387,0.023333333333333334,594,240,3,3,corrected_closed_loop,modvis-kappa-2e03357db2c9
102,2,0.4,reduced_reliability,0.05633798525432714,0.08046661646024163,0.08132878297596435,0.02,649,184,2,2,corrected_closed_loop,modvis-kappa-2e03357db2c9
103,3,0.4,baseline,0.05032722908195535,0.0810950685709957,0.05527311227670311,0.016666666666666666,593,240,3,3,corrected_closed_loop,modvis-kappa-2e03357db2c9
103,3,0.4,recovery,0.0581115270341251,0.0864386176665671,0.06279008637192271,0.01,624,210,1,1,corrected_closed_loop,modvis-kappa-2e03357db2c9
103,3,0.4,reduced_reliability,0.05416968107977829,0.08640631663230422,0.07144802243597959,0.02,593,240,3,3,corrected_closed_loop,modvis-kappa-2e03357db2c9
104,4,0.4,baseline,0.05119621887821709,0.06326255002179447,0.06528116355477227,0.006666666666666667,593,240,3,3,corrected_closed_loop,modvis-kappa-2e03357db2c9
104,4,0.4,recovery,0.05233781867595932,0.06311763511156192,0.05319077322003324,0.006666666666666667,594,240,3,3,corrected_closed_loop,modvis-kappa-2e03357db2c9
104,4,0.4,reduced_reliability,0.05431164256368053,0.09157746797889244,0.08232284693494052,0.02,593,240,3,3,corrected_closed_loop,modvis-kappa-2e03357db2c9
105,5,0.4,baseline,0.05243502133258905,0.07131443862880558,0.05999929294987376,0.016666666666666666,593,240,3,3,corrected_closed_loop,modvis-kappa-2e03357db2c9
105,5,0.4,recovery,0.04971036352100835,0.06070514008990408,0.04867482576362803,0.02,641,193,2,2,corrected_closed_loop,modvis-kappa-2e03357db2c9
105,5,0.4,reduced_reliability,0.05433287744713311,0.10786152238042149,0.07249770706589406,0.02,620,213,2,2,corrected_closed_loop,modvis-kappa-2e03357db2c9
106,6,0.4,baseline,0.05274316164064624,0.09472747098725408,0.053718430130723985,0.025,598,235,2,2,corrected_closed_loop,modvis-kappa-2e03357db2c9
106,6,0.4,recovery,0.0539338660323639,0.09817246500770115,0.05856348888725348,0.02,653,181,2,2,corrected_closed_loop,modvis-kappa-2e03357db2c9
106,6,0.4,reduced_reliability,0.05516584211871699,0.07680067854672717,0.07327661841703435,0.025,647,186,2,2,corrected_closed_loop,modvis-kappa-2e03357db2c9
107,7,0.4,baseline,0.05190239552492012,0.06378659349272257,0.054375773230939735,0.01,593,240,3,3,corrected_closed_loop,modvis-kappa-2e03357db2c9
107,7,0.4,recovery,0.050926691324206554,0.06738183586246453,0.055107334382313224,0.006666666666666667,594,240,3,3,corrected_closed_loop,modvis-kappa-2e03357db2c9
107,7,0.4,reduced_reliability,0.051385946776909705,0.0980254726595292,0.06992454480143179,0.01,677,156,1,1,corrected_closed_loop,modvis-kappa-2e03357db2c9
108,8,0.4,baseline,0.05124726672090241,0.06039476522035152,0.05618698468293863,0.02,607,226,2,2,corrected_closed_loop,modvis-kappa-2e03357db2c9
108,8,0.4,recovery,0.05011764339350835,0.0581375591920938,0.056462614034008346,0.016666666666666666,594,240,3,3,corrected_closed_loop,modvis-kappa-2e03357db2c9
108,8,0.4,reduced_reliability,0.056363530456775675,0.10032990296015787,0.09022555830259721,0.005,649,184,2,2,corrected_closed_loop,modvis-kappa-2e03357db2c9
109,9,0.4,baseline,0.0497259163568056,0.09373135449462155,0.051028094045126815,0.015,666,167,2,2,corrected_closed_loop,modvis-kappa-2e03357db2c9
109,9,0.4,recovery,0.05098052879988678,0.08296452275913369,0.05134084113814173,0.01,673,161,2,2,corrected_closed_loop,modvis-kappa-2e03357db2c9
109,9,0.4,reduced_reliability,0.0545296205468133,0.1071282799148566,0.05599151612210213,0.015,670,163,2,2,corrected_closed_loop,modvis-kappa-2e03357db2c9
110,10,0.4,baseline,0.050221344434371235,0.06713786743534526,0.0549733624712438,0.015,648,185,2,2,corrected_closed_loop,modvis-kappa-2e03357db2c9
110,10,0.4,recovery,0.05042828382351338,0.07123536468519358,0.05855013500073503,0.02,633,201,2,2,corrected_closed_loop,modvis-kappa-2e03357db2c9
110,10,0.4,reduced_reliability,0.0504155263009027,0.09603946561918147,0.06869741835896107,0.025,672,161,2,2,corrected_closed_loop,modvis-kappa-2e03357db2c9
111,11,0.4,baseline,0.05492426932575183,0.08006748030211115,0.05897219896197289,0.023333333333333334,593,240,3,3,corrected_closed_loop,modvis-kappa-2e03357db2c9
111,11,0.4,recovery,0.05337124418985815,0.0862746573629472,0.061867662358672165,0.01,598,236,2,2,corrected_closed_loop,modvis-kappa-2e03357db2c9
111,11,0.4,reduced_reliability,0.054979707090988574,0.13202054708883995,0.06532113566967765,0.05,666,167,1,1,corrected_closed_loop,modvis-kappa-2e03357db2c9
112,12,0.4,baseline,0.052176347681895975,0.05529345601473317,0.05586234669898512,0.01,623,210,2,2,corrected_closed_loop,modvis-kappa-2e03357db2c9
112,12,0.4,recovery,0.05207957591678714,0.06821250227483892,0.05829709526570248,0.02,594,240,3,3,corrected_closed_loop,modvis-kappa-2e03357db2c9
112,12,0.4,reduced_reliability,0.0518792052584601,0.09744920794352707,0.08324880295438095,0.025,660,173,2,2,corrected_closed_loop,modvis-kappa-2e03357db2c9
113,13,0.4,baseline,0.05206255485385231,0.0725712680876223,0.05731753697710737,0.016666666666666666,593,240,3,3,corrected_closed_loop,modvis-kappa-2e03357db2c9
113,13,0.4,recovery,0.05296779777104395,0.0545129325467946,0.06899128528004649,0.013333333333333334,594,240,3,3,corrected_closed_loop,modvis-kappa-2e03357db2c9
113,13,0.4,reduced_reliability,0.05703502512574091,0.08471070719513583,0.08014932742247233,0.013333333333333334,593,240,3,3,corrected_closed_loop,modvis-kappa-2e03357db2c9
114,14,0.4,baseline,0.05326431118241393,0.0707148747809747,0.06321700550586887,0.013333333333333334,593,240,3,3,corrected_closed_loop,modvis-kappa-2e03357db2c9
114,14,0.4,recovery,0.05314214104449036,0.06136640896630885,0.0659040829098169,0.016666666666666666,594,240,3,3,corrected_closed_loop,modvis-kappa-2e03357db2c9
114,14,0.4,reduced_reliability,0.0508455941372439,0.08533597504046245,0.08392235315169726,0.016666666666666666,593,240,3,3,corrected_closed_loop,modvis-kappa-2e03357db2c9
115,15,0.4,baseline,0.04712875648091697,0.08877222467639247,0.05642154265515883,0.01,624,209,2,2,corrected_closed_loop,modvis-kappa-2e03357db2c9
115,15,0.4,recovery,0.051965974004008694,0.07725239081440086,0.06347908271752933,0.02666666666666667,594,240,3,3,corrected_closed_loop,modvis-kappa-2e03357db2c9
115,15,0.4,reduced_reliability,0.05670660665236426,0.10200939576792296,0.06913422869778717,0.02,715,118,1,1,corrected_closed_loop,modvis-kappa-2e03357db2c9
116,16,0.4,baseline,0.0517451306473083,0.0630805911659902,0.05153984433904071,0.015,632,201,2,2,corrected_closed_loop,modvis-kappa-2e03357db2c9
116,16,0.4,recovery,0.056115113819379815,0.07076517475965029,0.06897860826368735,0.016666666666666666,594,240,3,3,corrected_closed_loop,modvis-kappa-2e03357db2c9
116,16,0.4,reduced_reliability,0.054834941729207415,0.12592648158220265,0.08023889458669191,0.05666666666666667,593,240,3,3,corrected_closed_loop,modvis-kappa-2e03357db2c9
117,17,0.4,baseline,0.049726389075452786,0.07940649677572749,0.0566956585574074,0.02333333333333333,593,240,3,3,corrected_closed_loop,modvis-kappa-2e03357db2c9
117,17,0.4,recovery,0.053660046887846265,0.0862124322704114,0.05087802015040467,0.03,666,168,2,2,corrected_closed_loop,modvis-kappa-2e03357db2c9
117,17,0.4,reduced_reliability,0.05547042474842236,0.10692822736814674,0.06332769177779438,0.045,595,238,2,2,corrected_closed_loop,modvis-kappa-2e03357db2c9
118,18,0.4,baseline,0.05308937317680226,0.07631113866207387,0.05909712507191428,0.023333333333333334,593,240,3,3,corrected_closed_loop,modvis-kappa-2e03357db2c9
118,18,0.4,recovery,0.04815523675805798,0.06488117467046763,0.05606567769483888,0.006666666666666667,594,240,3,3,corrected_closed_loop,modvis-kappa-2e03357db2c9
118,18,0.4,reduced_reliability,0.05367168679876471,0.08688650573984574,0.06377639168166399,0.013333333333333334,593,240,3,3,corrected_closed_loop,modvis-kappa-2e03357db2c9
119,19,0.4,baseline,0.05148500620835039,0.0747683360866008,0.06241277800938054,0.016666666666666666,593,240,3,3,corrected_closed_loop,modvis-kappa-2e03357db2c9
119,19,0.4,recovery,0.050336008595731195,0.0583472151571594,0.06012429240030274,0.01,627,207,2,2,corrected_closed_loop,modvis-kappa-2e03357db2c9
119,19,0.4,reduced_reliability,0.05389297002515128,0.10024422757429488,0.07059368081874509,0.025,639,194,2,2,corrected_closed_loop,modvis-kappa-2e03357db2c9
120,20,0.4,baseline,0.04979896356208757,0.10111176228921491,0.058002275582574196,0.02,623,210,2,2,corrected_closed_loop,modvis-kappa-2e03357db2c9
120,20,0.4,recovery,0.0515485226864232,0.10116414213533347,0.05359847326330044,0.025,633,201,2,2,corrected_closed_loop,modvis-kappa-2e03357db2c9
120,20,0.4,reduced_reliability,0.05390187598885495,0.14324805292345125,0.07117969986577015,0.060000000000000005,641,192,2,2,corrected_closed_loop,modvis-kappa-2e03357db2c9
121,21,0.4,baseline,0.05056171466806138,0.056244146267292426,0.05804824549063236,0.015,602,231,2,2,corrected_closed_loop,modvis-kappa-2e03357db2c9
121,21,0.4,recovery,0.05401007290807855,0.06264698823820722,0.05681921191492765,0.02,694,140,1,1,corrected_closed_loop,modvis-kappa-2e03357db2c9
121,21,0.4,reduced_reliability,0.05549474874700753,0.11739645215170925,0.07020250979080742,0.05000000000000001,593,240,3,3,corrected_closed_loop,modvis-kappa-2e03357db2c9
122,22,0.4,baseline,0.05097609946294546,0.07288938815293293,0.05720565898617815,0.025,649,184,2,2,corrected_closed_loop,modvis-kappa-2e03357db2c9
122,22,0.4,recovery,0.05165152982362389,0.054338618298300896,0.06721229172825069,0.01,594,240,3,3,corrected_closed_loop,modvis-kappa-2e03357db2c9
122,22,0.4,reduced_reliability,0.050667902727356065,0.07602163329260547,0.07651905208637927,0.02,671,162,2,2,corrected_closed_loop,modvis-kappa-2e03357db2c9
123,23,0.4,baseline,0.05128720292880176,0.06971469856860425,0.060030450812770884,0.02,615,218,2,2,corrected_closed_loop,modvis-kappa-2e03357db2c9
123,23,0.4,recovery,0.05416223584491211,0.060393498130228096,0.05377554682566926,0.01,705,129,1,1,corrected_closed_loop,modvis-kappa-2e03357db2c9
123,23,0.4,reduced_reliability,0.0549802821871783,0.08896237312612772,0.08147782769480004,0.005,663,170,2,2,corrected_closed_loop,modvis-kappa-2e03357db2c9
124,24,0.4,baseline,0.056034995899460364,0.11060674530993181,0.05622159341084604,0.01,693,140,1,1,corrected_closed_loop,modvis-kappa-2e03357db2c9
124,24,0.4,recovery,0.05063730362082157,0.06731181697125324,0.060474347207524065,0.02,604,230,2,2,corrected_closed_loop,modvis-kappa-2e03357db2c9
124,24,0.4,reduced_reliability,0.05291741983551978,0.13180550823231016,0.07915918972382253,0.05,598,235,2,2,corrected_closed_loop,modvis-kappa-2e03357db2c9
125,25,0.4,baseline,0.05388495183881424,0.07869637386536456,0.06577278147769818,0.02333333333333333,593,240,3,3,corrected_closed_loop,modvis-kappa-2e03357db2c9
125,25,0.4,recovery,0.054841475738619146,0.07401893598574838,0.06224090930279912,0.02,658,176,2,2,corrected_closed_loop,modvis-kappa-2e03357db2c9
125,25,0.4,reduced_reliability,0.05071850463329318,0.0575455003935128,0.08998244470314938,0.006666666666666667,593,240,3,3,corrected_closed_loop,modvis-kappa-2e03357db2c9
126,26,0.4,baseline,0.05290724449819469,0.057410350517166225,0.05994369666894594,0.015,617,216,2,2,corrected_closed_loop,modvis-kappa-2e03357db2c9
126,26,0.4,recovery,0.05397575552997281,0.06767551764220206,0.05922670793897374,0.02,671,163,2,2,corrected_closed_loop,modvis-kappa-2e03357db2c9
126,26,0.4,reduced_reliability,0.05375428692951274,0.06190723680288089,0.08655612061248318,0.01,702,131,1,1,corrected_closed_loop,modvis-kappa-2e03357db2c9
127,27,0.4,baseline,0.04818328112980055,0.07560824879684892,0.054355724444286616,0.02,609,224,2,2,corrected_closed_loop,modvis-kappa-2e03357db2c9
127,27,0.4,recovery,0.05142393329766748,0.09882191375364073,0.05549467578123517,0.015,626,208,2,2,corrected_closed_loop,modvis-kappa-2e03357db2c9
127,27,0.4,reduced_reliability,0.05085637502001755,0.09585816135295198,0.0653785493767148,0.015,624,209,2,2,corrected_closed_loop,modvis-kappa-2e03357db2c9
128,28,0.4,baseline,0.05190722155131241,0.05778358004097755,0.056706823752402366,0.02,702,131,1,1,corrected_closed_loop,modvis-kappa-2e03357db2c9
128,28,0.4,recovery,0.05187682823126744,0.06975445114820249,0.05634827847063666,0.025,647,187,2,2,corrected_closed_loop,modvis-kappa-2e03357db2c9
128,28,0.4,reduced_reliability,0.052337839056256726,0.09516236464152598,0.07062000667317614,0.02666666666666667,593,240,3,3,corrected_closed_loop,modvis-kappa-2e03357db2c9
129,29,0.4,baseline,0.05361311017271911,0.061405073158389105,0.06477260569312294,0.016666666666666666,593,240,3,3,corrected_closed_loop,modvis-kappa-2e03357db2c9
129,29,0.4,recovery,0.05467593514503495,0.10018567261041524,0.055255113399607085,0.02,656,178,1,1,corrected_closed_loop,modvis-kappa-2e03357db2c9
129,29,0.4,reduced_reliability,0.05505411841151841,0.12519253788241566,0.08259185107533953,0.04,593,240,3,3,corrected_closed_loop,modvis-kappa-2e03357db2c9
130,30,0.4,baseline,0.05146487985740056,0.08324611488782761,0.06000466862521311,0.01,619,214,2,2,corrected_closed_loop,modvis-kappa-2e03357db2c9
130,30,0.4,recovery,0.05661921068122656,0.09471058319089737,0.06724115911148375,0.015,649,185,2,2,corrected_closed_loop,modvis-kappa-2e03357db2c9
130,30,0.4,reduced_reliability,0.05719555298850805,0.13028408667094615,0.08275062096042338,0.02,616,217,1,1,corrected_closed_loop,modvis-kappa-2e03357db2c9
131,31,0.4,baseline,0.05207429512638108,0.06902702500351925,0.05980343202904094,0.023333333333333334,593,240,3,3,corrected_closed_loop,modvis-kappa-2e03357db2c9
131,31,0.4,recovery,0.05308758688068836,0.07240492231368886,0.05996321737372901,0.023333333333333334,594,240,3,3,corrected_closed_loop,modvis-kappa-2e03357db2c9
131,31,0.4,reduced_reliability,0.05357472022422547,0.09233858511351332,0.08621800483642238,0.03666666666666667,593,240,3,3,corrected_closed_loop,modvis-kappa-2e03357db2c9
132,32,0.4,baseline,0.05097539018435661,0.05070028392192773,0.05513842979436651,0.005,661,172,2,2,corrected_closed_loop,modvis-kappa-2e03357db2c9
132,32,0.4,recovery,0.056904614292460354,0.08765983025249621,0.057638021879703606,0.02,602,232,2,2,corrected_closed_loop,modvis-kappa-2e03357db2c9
132,32,0.4,reduced_reliability,0.053895133338130806,0.09243406481412803,0.0718246365053212,0.01,641,192,2,2,corrected_closed_loop,modvis-kappa-2e03357db2c9
133,33,0.4,baseline,0.05303621504211288,0.07768208701815443,0.06005212124116561,0.016666666666666666,593,240,3,3,corrected_closed_loop,modvis-kappa-2e03357db2c9
133,33,0.4,recovery,0.0512733587888864,0.05918232326372544,0.0564099207876483,0.006666666666666667,594,240,3,3,corrected_closed_loop,modvis-kappa-2e03357db2c9
133,33,0.4,reduced_reliability,0.05437761857780264,0.09185536690128998,0.061260053481079664,0.01,601,232,2,2,corrected_closed_loop,modvis-kappa-2e03357db2c9
134,34,0.4,baseline,0.05303044886983147,0.06805823978675087,0.06235732831910402,0.01,593,240,3,3,corrected_closed_loop,modvis-kappa-2e03357db2c9
134,34,0.4,recovery,0.05486279245179261,0.08916460557349205,0.05550265851263162,0.03,642,192,1,1,corrected_closed_loop,modvis-kappa-2e03357db2c9
134,34,0.4,reduced_reliability,0.058104317203884315,0.08998993948389576,0.07383910405188253,0.03,593,240,3,3,corrected_closed_loop,modvis-kappa-2e03357db2c9
135,35,0.4,baseline,0.052864997681610244,0.06823031092190088,0.05598780286747533,0.02,627,206,2,2,corrected_closed_loop,modvis-kappa-2e03357db2c9
135,35,0.4,recovery,0.05310121581906577,0.0988197771585859,0.05866273744402444,0.02,641,193,2,2,corrected_closed_loop,modvis-kappa-2e03357db2c9
135,35,0.4,reduced_reliability,0.051349436943187915,0.08002639975233268,0.06717370542334317,0.015,666,167,2,2,corrected_closed_loop,modvis-kappa-2e03357db2c9
136,36,0.4,baseline,0.05276480030840734,0.0831172905014264,0.05669356295408379,0.023333333333333334,593,240,3,3,corrected_closed_loop,modvis-kappa-2e03357db2c9
136,36,0.4,recovery,0.055698756884170156,0.06936982114026159,0.06465851319742547,0.013333333333333334,594,240,3,3,corrected_closed_loop,modvis-kappa-2e03357db2c9
136,36,0.4,reduced_reliability,0.05460289848571888,0.0719228634112012,0.08659750769278414,0.006666666666666667,593,240,3,3,corrected_closed_loop,modvis-kappa-2e03357db2c9
137,37,0.4,baseline,0.05243819337238668,0.06874245679253842,0.06949170441389267,0.016666666666666666,593,240,3,3,corrected_closed_loop,modvis-kappa-2e03357db2c9
137,37,0.4,recovery,0.055903551969274476,0.0756965331291414,0.06033109139413078,0.03,594,240,2,2,corrected_closed_loop,modvis-kappa-2e03357db2c9
137,37,0.4,reduced_reliability,0.052528156428166294,0.12155249416161612,0.05812470134975583,0.04,597,236,1,1,corrected_closed_loop,modvis-kappa-2e03357db2c9
138,38,0.4,baseline,0.049384602552353885,0.04348436095844358,0.04659790715542948,0.01,658,175,1,1,corrected_closed_loop,modvis-kappa-2e03357db2c9
138,38,0.4,recovery,0.05174467195526541,0.057488820347267613,0.052555029602009404,0.01,688,146,1,1,corrected_closed_loop,modvis-kappa-2e03357db2c9
138,38,0.4,reduced_reliability,0.049241300748221445,0.09537501268655327,0.06988562690745241,0.02,646,187,2,2,corrected_closed_loop,modvis-kappa-2e03357db2c9
139,39,0.4,baseline,0.05151801007601421,0.05288167260388503,0.05471264684663628,0.01,656,177,2,2,corrected_closed_loop,modvis-kappa-2e03357db2c9
139,39,0.4,recovery,0.05523619663260928,0.06933101949348221,0.0616627357922353,0.02,594,240,3,3,corrected_closed_loop,modvis-kappa-2e03357db2c9
139,39,0.4,reduced_reliability,0.05432111750050498,0.11535693667561207,0.0758625153310749,0.02,638,195,1,1,corrected_closed_loop,modvis-kappa-2e03357db2c9
140,40,0.4,baseline,0.04960370817195748,0.11040328705143197,0.05132790060437761,0.01,702,131,1,1,corrected_closed_loop,modvis-kappa-2e03357db2c9
140,40,0.4,recovery,0.052624251557208776,0.07676496652451505,0.057168549177989254,0.016666666666666666,594,240,3,3,corrected_closed_loop,modvis-kappa-2e03357db2c9
140,40,0.4,reduced_reliability,0.055866688371554264,0.14434607529965013,0.06453867616485465,0.04,650,183,2,2,corrected_closed_loop,modvis-kappa-2e03357db2c9
141,41,0.4,baseline,0.05041472877140103,0.09067643942549515,0.05228268940123131,0.01,659,174,2,2,corrected_closed_loop,modvis-kappa-2e03357db2c9
141,41,0.4,recovery,0.05881734779183216,0.07055305771891311,0.07160283829195024,0.02333333333333333,594,240,3,3,corrected_closed_loop,modvis-kappa-2e03357db2c9
141,41,0.4,reduced_reliability,0.0516151705175202,0.102514074364538,0.07744238319064556,0.013333333333333334,593,240,3,3,corrected_closed_loop,modvis-kappa-2e03357db2c9
142,42,0.4,baseline,0.04925916291607802,0.06418852995920396,0.05741182267118053,0.01,669,164,2,2,corrected_closed_loop,modvis-kappa-2e03357db2c9
142,42,0.4,recovery,0.053056853160560004,0.09804071277093117,0.05667145635143421,0.025,662,172,2,2,corrected_closed_loop,modvis-kappa-2e03357db2c9
142,42,0.4,reduced_reliability,0.05455512793333306,0.08789122851499145,0.09618677763903576,0.02666666666666667,593,240,3,3,corrected_closed_loop,modvis-kappa-2e03357db2c9
143,43,0.4,baseline,0.05438195050204029,0.07089478322092685,0.0666098695911417,0.01,593,240,3,3,corrected_closed_loop,modvis-kappa-2e03357db2c9
143,43,0.4,recovery,0.054892197400559804,0.07160673920744572,0.06343000010644928,0.01,594,240,3,3,corrected_closed_loop,modvis-kappa-2e03357db2c9
143,43,0.4,reduced_reliability,0.054297134139800356,0.07681207729683236,0.0863053338045522,0.015,595,238,2,2,corrected_closed_loop,modvis-kappa-2e03357db2c9
144,44,0.4,baseline,0.051448138874435216,0.05714420469301624,0.05508341678186163,0.01,672,161,2,2,corrected_closed_loop,modvis-kappa-2e03357db2c9
144,44,0.4,recovery,0.05373967308350904,0.10190513299587804,0.04954380226461399,0.02,715,119,1,1,corrected_closed_loop,modvis-kappa-2e03357db2c9
144,44,0.4,reduced_reliability,0.054209927449165,0.08598973635369969,0.07454928871773424,0.02333333333333333,593,240,3,3,corrected_closed_loop,modvis-kappa-2e03357db2c9
145,45,0.4,baseline,0.05018925958062667,0.09037815497528018,0.057161283634456043,0.030000000000000002,622,211,2,2,corrected_closed_loop,modvis-kappa-2e03357db2c9
145,45,0.4,recovery,0.052420912886562455,0.07419455353538644,0.059967578582206416,0.025,628,206,2,2,corrected_closed_loop,modvis-kappa-2e03357db2c9
145,45,0.4,reduced_reliability,0.055463668604499625,0.08521586622756946,0.06442125392227117,0.02,622,211,1,1,corrected_closed_loop,modvis-kappa-2e03357db2c9
146,46,0.4,baseline,0.04849876580947924,0.05704786312594063,0.060255056262725856,0.02,626,207,2,2,corrected_closed_loop,modvis-kappa-2e03357db2c9
146,46,0.4,recovery,0.05045400261354137,0.08004022242462168,0.07161425014701917,0.03,594,240,3,3,corrected_closed_loop,modvis-kappa-2e03357db2c9
146,46,0.4,reduced_reliability,0.053145647670837876,0.10463926878810002,0.06714433640220614,0.025,656,177,2,2,corrected_closed_loop,modvis-kappa-2e03357db2c9
147,47,0.4,baseline,0.052371122607433145,0.07369298446990805,0.06372581237491,0.013333333333333334,593,240,3,3,corrected_closed_loop,modvis-kappa-2e03357db2c9
147,47,0.4,recovery,0.049945782519654654,0.06134539653421278,0.06271439205367917,0.01,594,240,3,3,corrected_closed_loop,modvis-kappa-2e03357db2c9
147,47,0.4,reduced_reliability,0.057027848928684816,0.09461165863883006,0.09597390724933659,0.023333333333333334,593,240,3,3,corrected_closed_loop,modvis-kappa-2e03357db2c9
148,48,0.4,baseline,0.05149649548773909,0.057068185181582375,0.056793872821087915,0.006666666666666667,593,240,3,3,corrected_closed_loop,modvis-kappa-2e03357db2c9
148,48,0.4,recovery,0.05546941012734199,0.07376839222375059,0.06344175558714972,0.023333333333333334,594,240,3,3,corrected_closed_loop,modvis-kappa-2e03357db2c9
148,48,0.4,reduced_reliability,0.05308972940575377,0.1037834455164345,0.06119107271838103,0.03,596,237,2,2,corrected_closed_loop,modvis-kappa-2e03357db2c9
149,49,0.4,baseline,0.05145285288468327,0.06783820072069519,0.06138565454794249,0.013333333333333334,593,240,3,3,corrected_closed_loop,modvis-kappa-2e03357db2c9
149,49,0.4,recovery,0.054821592691213235,0.0796644226770734,0.06731806554325756,0.02666666666666667,594,240,3,3,corrected_closed_loop,modvis-kappa-2e03357db2c9
149,49,0.4,reduced_reliability,0.052797696191421675,0.11791929672400603,0.06673935017225212,0.01,688,145,1,1,corrected_closed_loop,modvis-kappa-2e03357db2c9
150,50,0.4,baseline,0.05330968965978111,0.07723229268058363,0.06420441451020065,0.03,636,197,2,2,corrected_closed_loop,modvis-kappa-2e03357db2c9
150,50,0.4,recovery,0.053684279082399394,0.06222954419624517,0.05764543289884851,0.015,626,208,2,2,corrected_closed_loop,modvis-kappa-2e03357db2c9
150,50,0.4,reduced_reliability,0.050786612044616895,0.06884121159234172,0.07774903529152156,0.015,649,184,2,2,corrected_closed_loop,modvis-kappa-2e03357db2c9
151,51,0.4,baseline,0.051136663944746294,0.07358009524766916,0.05586570486612598,0.013333333333333334,593,240,3,3,corrected_closed_loop,modvis-kappa-2e03357db2c9
151,51,0.4,recovery,0.05516260737158735,0.07247633368647693,0.057657858677118354,0.023333333333333334,594,240,3,3,corrected_closed_loop,modvis-kappa-2e03357db2c9
151,51,0.4,reduced_reliability,0.052958361309385166,0.09587494972780493,0.056431374686598645,0.02,607,226,2,2,corrected_closed_loop,modvis-kappa-2e03357db2c9
152,52,0.4,baseline,0.05298945873773602,0.060034398089940356,0.06547936922687565,0.016666666666666666,593,240,3,3,corrected_closed_loop,modvis-kappa-2e03357db2c9
152,52,0.4,recovery,0.05829508597951426,0.07133056958111114,0.06299219105544891,0.015,609,225,2,2,corrected_closed_loop,modvis-kappa-2e03357db2c9
152,52,0.4,reduced_reliability,0.057175039065805566,0.10314891005385021,0.052877063234533075,0.02666666666666667,593,240,3,3,corrected_closed_loop,modvis-kappa-2e03357db2c9
153,53,0.4,baseline,0.05223875068259663,0.07395646440433712,0.06091235157948586,0.02,624,209,2,2,corrected_closed_loop,modvis-kappa-2e03357db2c9
153,53,0.4,recovery,0.048109126405017986,0.08922709726144895,0.058839021201621836,0.02,633,201,2,2,corrected_closed_loop,modvis-kappa-2e03357db2c9
153,53,0.4,reduced_reliability,0.05378437969331948,0.07413180078312546,0.08510207203796331,0.023333333333333334,593,240,3,3,corrected_closed_loop,modvis-kappa-2e03357db2c9
154,54,0.4,baseline,0.05299127035118685,0.10366448363822234,0.05872344836931357,0.005,662,171,2,2,corrected_closed_loop,modvis-kappa-2e03357db2c9
154,54,0.4,recovery,0.049402167464296376,0.0592178299884647,0.06471569075777611,0.0033333333333333335,594,240,3,3,corrected_closed_loop,modvis-kappa-2e03357db2c9
154,54,0.4,reduced_reliability,0.0524013013603784,0.09036181480712525,0.07445190754702488,0.03,593,240,3,3,corrected_closed_loop,modvis-kappa-2e03357db2c9
155,55,0.4,baseline,0.05237342969665726,0.08195994831224367,0.06112818662643604,0.02666666666666667,593,240,3,3,corrected_closed_loop,modvis-kappa-2e03357db2c9
155,55,0.4,recovery,0.054049646756602475,0.07225497660043963,0.0706470194412744,0.013333333333333334,594,240,3,3,corrected_closed_loop,modvis-kappa-2e03357db2c9
155,55,0.4,reduced_reliability,0.04943449047661487,0.08715674777366025,0.0802835386892281,0.016666666666666666,593,240,3,3,corrected_closed_loop,modvis-kappa-2e03357db2c9
156,56,0.4,baseline,0.05302633882990809,0.07640028773301519,0.04789926236638481,0.025,625,208,2,2,corrected_closed_loop,modvis-kappa-2e03357db2c9
156,56,0.4,recovery,0.053911268438683935,0.0620145600976441,0.053115883642895025,0.01,663,171,2,2,corrected_closed_loop,modvis-kappa-2e03357db2c9
156,56,0.4,reduced_reliability,0.05542366737864059,0.09164589613853878,0.0872046169852113,0.02,643,190,2,2,corrected_closed_loop,modvis-kappa-2e03357db2c9
157,57,0.4,baseline,0.051976271953813755,0.0656011785782919,0.06322844136005668,0.016666666666666666,593,240,3,3,corrected_closed_loop,modvis-kappa-2e03357db2c9
157,57,0.4,recovery,0.0525098541737713,0.08462182736515096,0.0586708206425957,0.015,664,170,2,2,corrected_closed_loop,modvis-kappa-2e03357db2c9
157,57,0.4,reduced_reliability,0.05347679509219858,0.1161419383489152,0.06762852269835624,0.02,616,217,1,1,corrected_closed_loop,modvis-kappa-2e03357db2c9
158,58,0.4,baseline,0.051064512485759224,0.06198827186373346,0.058769020859470944,0.01,593,240,3,3,corrected_closed_loop,modvis-kappa-2e03357db2c9
158,58,0.4,recovery,0.05362685239293918,0.08384857529276706,0.06500234786445519,0.01,602,232,2,2,corrected_closed_loop,modvis-kappa-2e03357db2c9
158,58,0.4,reduced_reliability,0.05587446808945635,0.1221588040932126,0.07382164261457741,0.015,598,235,2,2,corrected_closed_loop,modvis-kappa-2e03357db2c9
159,59,0.4,baseline,0.050709814192900014,0.0828310891657764,0.055206881020654484,0.01,629,204,2,2,corrected_closed_loop,modvis-kappa-2e03357db2c9
159,59,0.4,recovery,0.056764926247815206,0.07608605242728343,0.06716669700766803,0.013333333333333334,594,240,3,3,corrected_closed_loop,modvis-kappa-2e03357db2c9
159,59,0.4,reduced_reliability,0.052676548361458506,0.09592568351540227,0.07181169645932473,0.02,661,172,2,2,corrected_closed_loop,modvis-kappa-2e03357db2c9
160,60,0.4,baseline,0.051552853182869646,0.07193829151537541,0.056990671077715466,0.02,593,240,3,3,corrected_closed_loop,modvis-kappa-2e03357db2c9
160,60,0.4,recovery,0.05196962670268795,0.08792991749509649,0.057981238048204084,0.01,604,230,2,2,corrected_closed_loop,modvis-kappa-2e03357db2c9
160,60,0.4,reduced_reliability,0.053663877647367235,0.11086180558826272,0.07247513759422596,0.03,669,164,2,2,corrected_closed_loop,modvis-kappa-2e03357db2c9
161,61,0.4,baseline,0.04926279413650263,0.06883947204111783,0.05117815088193364,0.016666666666666666,593,240,3,3,corrected_closed_loop,modvis-kappa-2e03357db2c9
161,61,0.4,recovery,0.05415280076804987,0.06656061319067977,0.06291398496704456,0.015,604,230,2,2,corrected_closed_loop,modvis-kappa-2e03357db2c9
161,61,0.4,reduced_reliability,0.0557408217078091,0.07198044039404544,0.07405517222536093,0.01,593,240,3,3,corrected_closed_loop,modvis-kappa-2e03357db2c9
162,62,0.4,baseline,0.053405337534696014,0.07156119546522008,0.064285852028393,0.023333333333333334,593,240,3,3,corrected_closed_loop,modvis-kappa-2e03357db2c9
162,62,0.4,recovery,0.052702436604202686,0.08671174825624367,0.05751901186445002,0.02,636,198,1,1,corrected_closed_loop,modvis-kappa-2e03357db2c9
162,62,0.4,reduced_reliability,0.053914555073628564,0.06614770635397849,0.08370715817063062,0.015,663,170,2,2,corrected_closed_loop,modvis-kappa-2e03357db2c9
163,63,0.4,baseline,0.052905567516147646,0.06562839831398368,0.06290907612051412,0.016666666666666666,593,240,3,3,corrected_closed_loop,modvis-kappa-2e03357db2c9
163,63,0.4,recovery,0.05236812932132172,0.09151038327588142,0.05975059282346649,0.025,644,190,2,2,corrected_closed_loop,modvis-kappa-2e03357db2c9
163,63,0.4,reduced_reliability,0.052962290831974845,0.06960211013920706,0.07665525915395079,0.01,638,195,2,2,corrected_closed_loop,modvis-kappa-2e03357db2c9
164,64,0.4,baseline,0.052852878475681306,0.07285074120239957,0.05812496495383652,0.025,644,189,2,2,corrected_closed_loop,modvis-kappa-2e03357db2c9
164,64,0.4,recovery,0.05459584841703011,0.07123857946343279,0.06499913530311777,0.02,594,240,3,3,corrected_closed_loop,modvis-kappa-2e03357db2c9
164,64,0.4,reduced_reliability,0.04979261298046978,0.09028116035698364,0.07268358604502072,0.02,646,187,2,2,corrected_closed_loop,modvis-kappa-2e03357db2c9
165,65,0.4,baseline,0.052980941812786245,0.06714454940288464,0.05985094119122765,0.02,595,238,2,2,corrected_closed_loop,modvis-kappa-2e03357db2c9
165,65,0.4,recovery,0.05425304442279659,0.07916647088965201,0.057864541844350886,0.02,594,240,3,3,corrected_closed_loop,modvis-kappa-2e03357db2c9
165,65,0.4,reduced_reliability,0.05312212943122295,0.10768052238241367,0.06141723986615307,0.015,600,233,2,2,corrected_closed_loop,modvis-kappa-2e03357db2c9
166,66,0.4,baseline,0.05250926363626432,0.08167587561476383,0.05737977082885749,0.016666666666666666,593,240,3,3,corrected_closed_loop,modvis-kappa-2e03357db2c9
166,66,0.4,recovery,0.05670208408825376,0.08095491729538809,0.06406709478638356,0.02666666666666667,594,240,3,3,corrected_closed_loop,modvis-kappa-2e03357db2c9
166,66,0.4,reduced_reliability,0.05089667058550943,0.09266072094373337,0.07628734312630547,0.01,664,169,2,2,corrected_closed_loop,modvis-kappa-2e03357db2c9
167,67,0.4,baseline,0.05415770307103585,0.0872290040446378,0.06087959521874462,0.016666666666666666,593,240,3,3,corrected_closed_loop,modvis-kappa-2e03357db2c9
167,67,0.4,recovery,0.05284247530771158,0.06926566490912019,0.06703575619017388,0.02,594,240,3,3,corrected_closed_loop,modvis-kappa-2e03357db2c9
167,67,0.4,reduced_reliability,0.05484206569578287,0.08536496812525465,0.08286050579635322,0.02,593,240,3,3,corrected_closed_loop,modvis-kappa-2e03357db2c9
168,68,0.4,baseline,0.05332822873247957,0.09721628300985415,0.06215938584148244,0.02,597,236,2,2,corrected_closed_loop,modvis-kappa-2e03357db2c9
168,68,0.4,recovery,0.052919845457413885,0.07814389658560862,0.05948146332825421,0.016666666666666666,594,240,3,3,corrected_closed_loop,modvis-kappa-2e03357db2c9
168,68,0.4,reduced_reliability,0.04963356362145604,0.08154986478854796,0.0573705616997047,0.015,606,227,2,2,corrected_closed_loop,modvis-kappa-2e03357db2c9
169,69,0.4,baseline,0.050020820282859396,0.08177811394553393,0.0584163530258286,0.02,622,211,2,2,corrected_closed_loop,modvis-kappa-2e03357db2c9
169,69,0.4,recovery,0.052378596067542464,0.08113182595350076,0.06317473804385344,0.01,661,173,2,2,corrected_closed_loop,modvis-kappa-2e03357db2c9
169,69,0.4,reduced_reliability,0.05406886793508321,0.10639146468496845,0.08114361060202627,0.04,654,179,2,2,corrected_closed_loop,modvis-kappa-2e03357db2c9
170,70,0.4,baseline,0.04796571904136649,0.0836003961608328,0.06054035081493026,0.02,668,165,2,2,corrected_closed_loop,modvis-kappa-2e03357db2c9
170,70,0.4,recovery,0.05131222004681395,0.05654754803597615,0.058440891459577884,0.006666666666666667,594,240,3,3,corrected_closed_loop,modvis-kappa-2e03357db2c9
170,70,0.4,reduced_reliability,0.05374657777232423,0.06980569358501049,0.08490880613179527,0.01,593,240,3,3,corrected_closed_loop,modvis-kappa-2e03357db2c9
171,71,0.4,baseline,0.050846404524259765,0.06556537610885961,0.05611776331205313,0.01,618,215,2,2,corrected_closed_loop,modvis-kappa-2e03357db2c9
171,71,0.4,recovery,0.053338884353742934,0.07101534473296234,0.060597271203137196,0.02,594,240,3,3,corrected_closed_loop,modvis-kappa-2e03357db2c9
171,71,0.4,reduced_reliability,0.05459781933403067,0.13151776013903266,0.07222308846413757,0.03333333333333333,593,240,3,3,corrected_closed_loop,modvis-kappa-2e03357db2c9
172,72,0.4,baseline,0.0569761343728848,0.06119931766264757,0.06729019533991933,0.006666666666666667,593,240,3,3,corrected_closed_loop,modvis-kappa-2e03357db2c9
172,72,0.4,recovery,0.0524982676259445,0.07772301082657276,0.053280418636474584,0.02,594,240,3,3,corrected_closed_loop,modvis-kappa-2e03357db2c9
172,72,0.4,reduced_reliability,0.056729690840435304,0.07951635839118669,0.08224091079246625,0.013333333333333334,593,240,3,3,corrected_closed_loop,modvis-kappa-2e03357db2c9
173,73,0.4,baseline,0.047602490657439746,0.0972217749475222,0.05233421338133754,0.015,616,217,2,2,corrected_closed_loop,modvis-kappa-2e03357db2c9
173,73,0.4,recovery,0.04938351630582488,0.07859282286433639,0.057317039790584286,0.02,594,240,3,3,corrected_closed_loop,modvis-kappa-2e03357db2c9
173,73,0.4,reduced_reliability,0.04950324330261554,0.1270524142017102,0.06292358979309343,0.03,623,210,2,2,corrected_closed_loop,modvis-kappa-2e03357db2c9
174,74,0.4,baseline,0.05357217090275977,0.07628307466619423,0.05906326855332226,0.02,593,240,3,3,corrected_closed_loop,modvis-kappa-2e03357db2c9
174,74,0.4,recovery,0.04967351711680594,0.06610547741371367,0.05650033472200832,0.016666666666666666,594,240,3,3,corrected_closed_loop,modvis-kappa-2e03357db2c9
174,74,0.4,reduced_reliability,0.05212937764346078,0.08229060944628239,0.07230755118575487,0.035,670,163,2,2,corrected_closed_loop,modvis-kappa-2e03357db2c9
175,75,0.4,baseline,0.05189975968834314,0.0630541057780104,0.057998278657269565,0.013333333333333334,593,240,3,3,corrected_closed_loop,modvis-kappa-2e03357db2c9
175,75,0.4,recovery,0.05259193794051564,0.06485623735106609,0.05779824286435925,0.005,657,177,2,2,corrected_closed_loop,modvis-kappa-2e03357db2c9
175,75,0.4,reduced_reliability,0.05765935209958418,0.09903680710713723,0.07280782907592154,0.04666666666666667,593,240,3,3,corrected_closed_loop,modvis-kappa-2e03357db2c9
176,76,0.4,baseline,0.04951378815394634,0.07567662538203264,0.0569564930346843,0.013333333333333334,593,240,3,3,corrected_closed_loop,modvis-kappa-2e03357db2c9
176,76,0.4,recovery,0.0523827895714719,0.09722657168697107,0.05811681449575609,0.02,646,188,2,2,corrected_closed_loop,modvis-kappa-2e03357db2c9
176,76,0.4,reduced_reliability,0.051938861163584524,0.07095701510221396,0.08352719330706092,0.013333333333333334,593,240,3,3,corrected_closed_loop,modvis-kappa-2e03357db2c9
177,77,0.4,baseline,0.052828380242249694,0.08104512571449424,0.06425666220117864,0.01,597,236,2,2,corrected_closed_loop,modvis-kappa-2e03357db2c9
177,77,0.4,recovery,0.052237195389538374,0.07127652324708045,0.056313646918763546,0.02,645,189,2,2,corrected_closed_loop,modvis-kappa-2e03357db2c9
177,77,0.4,reduced_reliability,0.054584325445834685,0.11317753693801924,0.09313241217931285,0.01,633,200,2,2,corrected_closed_loop,modvis-kappa-2e03357db2c9
178,78,0.4,baseline,0.04782532862996041,0.06257613601154008,0.06136258415487581,0.013333333333333334,593,240,3,3,corrected_closed_loop,modvis-kappa-2e03357db2c9
178,78,0.4,recovery,0.05213311254644335,0.06220473135929029,0.05978198516706926,0.013333333333333334,594,240,3,3,corrected_closed_loop,modvis-kappa-2e03357db2c9
178,78,0.4,reduced_reliability,0.0566298885030725,0.09668434766930932,0.09357570431046186,0.005,626,207,2,2,corrected_closed_loop,modvis-kappa-2e03357db2c9
179,79,0.4,baseline,0.052623074248934525,0.09697530058671164,0.061333986093934714,0.02,632,201,2,2,corrected_closed_loop,modvis-kappa-2e03357db2c9
179,79,0.4,recovery,0.053071360072575936,0.04536861015407697,0.04700529504355041,0.0,665,169,1,1,corrected_closed_loop,modvis-kappa-2e03357db2c9
179,79,0.4,reduced_reliability,0.05758719142793204,0.14681177223949055,0.07307426338165542,0.02,603,230,2,2,corrected_closed_loop,modvis-kappa-2e03357db2c9
180,80,0.4,baseline,0.051039624235142474,0.09413848981145698,0.0564767373726758,0.025,670,163,2,2,corrected_closed_loop,modvis-kappa-2e03357db2c9
180,80,0.4,recovery,0.056193036135681114,0.09745865964191375,0.06009812651047571,0.035,608,226,2,2,corrected_closed_loop,modvis-kappa-2e03357db2c9
180,80,0.4,reduced_reliability,0.05411982314554696,0.08140930605825267,0.08285464741507377,0.016666666666666666,593,240,3,3,corrected_closed_loop,modvis-kappa-2e03357db2c9
181,81,0.4,baseline,0.05406056437771892,0.09208776980177776,0.05444677008908831,0.01,616,217,1,1,corrected_closed_loop,modvis-kappa-2e03357db2c9
181,81,0.4,recovery,0.056343046103366615,0.09417200734314102,0.05720271889671143,0.02,661,173,2,2,corrected_closed_loop,modvis-kappa-2e03357db2c9
181,81,0.4,reduced_reliability,0.0521560497897055,0.1091761593667839,0.08622236418952815,0.05333333333333334,593,240,3,3,corrected_closed_loop,modvis-kappa-2e03357db2c9
182,82,0.4,baseline,0.0535121663995529,0.09204900287443503,0.0635842717338292,0.02,593,240,2,2,corrected_closed_loop,modvis-kappa-2e03357db2c9
182,82,0.4,recovery,0.053143093416599875,0.06655576842648642,0.05465784629577974,0.02,668,166,2,2,corrected_closed_loop,modvis-kappa-2e03357db2c9
182,82,0.4,reduced_reliability,0.05282413074285803,0.12014993518327069,0.08663128435116654,0.015,598,235,2,2,corrected_closed_loop,modvis-kappa-2e03357db2c9
183,83,0.4,baseline,0.054063468133641254,0.09418819495197885,0.060315244334741745,0.02,710,123,1,1,corrected_closed_loop,modvis-kappa-2e03357db2c9
183,83,0.4,recovery,0.05443941403911713,0.08020165324923695,0.057520931969166765,0.015,600,234,2,2,corrected_closed_loop,modvis-kappa-2e03357db2c9
183,83,0.4,reduced_reliability,0.05093655943637121,0.06816856771982441,0.07637241164450863,0.02,593,240,3,3,corrected_closed_loop,modvis-kappa-2e03357db2c9
184,84,0.4,baseline,0.052300847720054666,0.09865682339282553,0.06190893016764385,0.025,652,181,2,2,corrected_closed_loop,modvis-kappa-2e03357db2c9
184,84,0.4,recovery,0.05526662379246365,0.06909632844676436,0.05444189089791447,0.01,594,240,3,3,corrected_closed_loop,modvis-kappa-2e03357db2c9
184,84,0.4,reduced_reliability,0.05254087334189039,0.11952622510686214,0.06277260414349321,0.02,593,240,3,3,corrected_closed_loop,modvis-kappa-2e03357db2c9
185,85,0.4,baseline,0.05263077875804074,0.07747025082922147,0.061991349543273504,0.02,631,202,2,2,corrected_closed_loop,modvis-kappa-2e03357db2c9
185,85,0.4,recovery,0.053871446714848045,0.07883458440539343,0.06196367033683795,0.02666666666666667,594,240,3,3,corrected_closed_loop,modvis-kappa-2e03357db2c9
185,85,0.4,reduced_reliability,0.055764979030342145,0.09641647545337775,0.06284902851624118,0.03,593,240,3,3,corrected_closed_loop,modvis-kappa-2e03357db2c9
186,86,0.4,baseline,0.055612327189756616,0.0665151829991613,0.0677173553103359,0.015,647,186,2,2,corrected_closed_loop,modvis-kappa-2e03357db2c9
186,86,0.4,recovery,0.05523510987297036,0.08967555388782943,0.06344655248939769,0.02,626,208,2,2,corrected_closed_loop,modvis-kappa-2e03357db2c9
186,86,0.4,reduced_reliability,0.05413362479804106,0.10404266947946414,0.09210096639421039,0.005,632,201,2,2,corrected_closed_loop,modvis-kappa-2e03357db2c9
187,87,0.4,baseline,0.05192827213403625,0.0947092376533061,0.05723240705661025,0.02,662,171,2,2,corrected_closed_loop,modvis-kappa-2e03357db2c9
187,87,0.4,recovery,0.05058250390231908,0.06997729403714262,0.06143784230642953,0.023333333333333334,594,240,3,3,corrected_closed_loop,modvis-kappa-2e03357db2c9
187,87,0.4,reduced_reliability,0.0500365516117321,0.08416414465484608,0.07719532494648382,0.035,618,215,2,2,corrected_closed_loop,modvis-kappa-2e03357db2c9
188,88,0.4,baseline,0.05070711288250752,0.07398820769447527,0.0621976223323443,0.02,593,240,3,3,corrected_closed_loop,modvis-kappa-2e03357db2c9
188,88,0.4,recovery,0.05141976767529491,0.06475031651004363,0.06415807297480997,0.016666666666666666,594,240,3,3,corrected_closed_loop,modvis-kappa-2e03357db2c9
188,88,0.4,reduced_reliability,0.05516806342448217,0.1338336437169374,0.07526410856076653,0.01,668,165,1,1,corrected_closed_loop,modvis-kappa-2e03357db2c9
189,89,0.4,baseline,0.04897642427440298,0.067506097948699,0.05541582864889222,0.025,616,217,2,2,corrected_closed_loop,modvis-kappa-2e03357db2c9
189,89,0.4,recovery,0.05462812097079327,0.07336663570559704,0.06687269813206764,0.02333333333333333,594,240,3,3,corrected_closed_loop,modvis-kappa-2e03357db2c9
189,89,0.4,reduced_reliability,0.05439950495931197,0.0739680621363019,0.06388166217091024,0.023333333333333334,593,240,3,3,corrected_closed_loop,modvis-kappa-2e03357db2c9
190,90,0.4,baseline,0.051775831310064045,0.08080271177740062,0.06256461403937058,0.013333333333333334,593,240,3,3,corrected_closed_loop,modvis-kappa-2e03357db2c9
190,90,0.4,recovery,0.05750877136311765,0.06759377297416287,0.058703197201415765,0.015,640,194,2,2,corrected_closed_loop,modvis-kappa-2e03357db2c9
190,90,0.4,reduced_reliability,0.0522011385371448,0.0969249221923903,0.07000867068440493,0.016666666666666666,593,240,3,3,corrected_closed_loop,modvis-kappa-2e03357db2c9
191,91,0.4,baseline,0.051307190942468814,0.08773382221247268,0.05690323790197812,0.03,642,191,2,2,corrected_closed_loop,modvis-kappa-2e03357db2c9
191,91,0.4,recovery,0.05575803819393764,0.07906735933231364,0.06153720459239346,0.02,659,175,2,2,corrected_closed_loop,modvis-kappa-2e03357db2c9
191,91,0.4,reduced_reliability,0.052652447117780325,0.11275559626895833,0.07618302193192855,0.04666666666666667,593,240,3,3,corrected_closed_loop,modvis-kappa-2e03357db2c9
192,92,0.4,baseline,0.05510037875592653,0.08773181064891436,0.06792345685409945,0.03333333333333333,593,240,3,3,corrected_closed_loop,modvis-kappa-2e03357db2c9
192,92,0.4,recovery,0.05568754195820018,0.10197088197326885,0.05817691831510404,0.01,625,209,2,2,corrected_closed_loop,modvis-kappa-2e03357db2c9
192,92,0.4,reduced_reliability,0.05275079899136518,0.10550088198674154,0.07463758254575364,0.02666666666666667,593,240,3,3,corrected_closed_loop,modvis-kappa-2e03357db2c9
193,93,0.4,baseline,0.055333061902072746,0.06703970157337293,0.06242514667705403,0.02,593,240,3,3,corrected_closed_loop,modvis-kappa-2e03357db2c9
193,93,0.4,recovery,0.05292289754530115,0.06811009255524753,0.060985579851407415,0.025,634,200,2,2,corrected_closed_loop,modvis-kappa-2e03357db2c9
193,93,0.4,reduced_reliability,0.05450118176399159,0.1001846471906135,0.05756577264692365,0.02666666666666667,593,240,3,3,corrected_closed_loop,modvis-kappa-2e03357db2c9
194,94,0.4,baseline,0.05261704434084558,0.061421919983659576,0.058874221009179335,0.02,626,207,2,2,corrected_closed_loop,modvis-kappa-2e03357db2c9
194,94,0.4,recovery,0.04960601689074431,0.09603526448059067,0.060207591769646546,0.025,668,166,2,2,corrected_closed_loop,modvis-kappa-2e03357db2c9
194,94,0.4,reduced_reliability,0.05321997125624799,0.0711597125370757,0.09159485770404048,0.013333333333333334,593,240,3,3,corrected_closed_loop,modvis-kappa-2e03357db2c9
195,95,0.4,baseline,0.05201946119903407,0.08289278437560682,0.05434132603619144,0.03,609,224,2,2,corrected_closed_loop,modvis-kappa-2e03357db2c9
195,95,0.4,recovery,0.05370936925841034,0.058108995298330995,0.056770828632403895,0.015,618,216,2,2,corrected_closed_loop,modvis-kappa-2e03357db2c9
195,95,0.4,reduced_reliability,0.0565432263321407,0.10004458297786671,0.09061785093912876,0.013333333333333334,593,240,3,3,corrected_closed_loop,modvis-kappa-2e03357db2c9
196,96,0.4,baseline,0.053662041293337806,0.09258897628023652,0.05945194168846048,0.02,608,225,2,2,corrected_closed_loop,modvis-kappa-2e03357db2c9
196,96,0.4,recovery,0.0543181514907907,0.05746972076187235,0.06160278672172887,0.013333333333333334,594,240,3,3,corrected_closed_loop,modvis-kappa-2e03357db2c9
196,96,0.4,reduced_reliability,0.053905460066743814,0.07162660588552447,0.07415396025645933,0.015,633,200,2,2,corrected_closed_loop,modvis-kappa-2e03357db2c9
197,97,0.4,baseline,0.04586828811117179,0.09858488835716227,0.04975351427418086,0.02,690,143,1,1,corrected_closed_loop,modvis-kappa-2e03357db2c9
197,97,0.4,recovery,0.05414602056456198,0.07241012553903278,0.06134987024246446,0.02666666666666667,594,240,3,3,corrected_closed_loop,modvis-kappa-2e03357db2c9
197,97,0.4,reduced_reliability,0.05686266848231851,0.12106300294046782,0.07280588405479009,0.01,634,199,1,1,corrected_closed_loop,modvis-kappa-2e03357db2c9
198,98,0.4,baseline,0.05623767596104118,0.08607938671354835,0.06519901304122847,0.015,599,234,2,2,corrected_closed_loop,modvis-kappa-2e03357db2c9
198,98,0.4,recovery,0.052056192523075744,0.07397332740512365,0.059531134871505964,0.005,617,217,2,2,corrected_closed_loop,modvis-kappa-2e03357db2c9
198,98,0.4,reduced_reliability,0.051334693951736274,0.08952937585010372,0.0826212409964065,0.0,660,173,1,1,corrected_closed_loop,modvis-kappa-2e03357db2c9
199,99,0.4,baseline,0.05068436073003597,0.06510030773771813,0.06348550812761009,0.013333333333333334,593,240,3,3,corrected_closed_loop,modvis-kappa-2e03357db2c9
199,99,0.4,recovery,0.0545520992933475,0.0745675277623257,0.05770905920260926,0.023333333333333334,594,240,3,3,corrected_closed_loop,modvis-kappa-2e03357db2c9
199,99,0.4,reduced_reliability,0.05181164784553323,0.08193555492769866,0.058029791279162676,0.025,657,176,2,2,corrected_closed_loop,modvis-kappa-2e03357db2c9
100,0,0.5,baseline,0.05227903361128479,0.07643590785038243,0.05092163240002351,0.02,628,205,2,2,corrected_closed_loop,modvis-kappa-2e03357db2c9
100,0,0.5,recovery,0.05245710685695677,0.05651327092402216,0.05879155015749218,0.005,653,181,2,2,corrected_closed_loop,modvis-kappa-2e03357db2c9
100,0,0.5,reduced_reliability,0.05575893145890583,0.0733005221992094,0.06886916258946427,0.01,657,176,2,2,corrected_closed_loop,modvis-kappa-2e03357db2c9
101,1,0.5,baseline,0.048683555599097254,0.07984218432276635,0.05885431523510717,0.02,593,240,3,3,corrected_closed_loop,modvis-kappa-2e03357db2c9
101,1,0.5,recovery,0.056931953520719,0.07645543488276038,0.06747660788405219,0.013333333333333334,594,240,3,3,corrected_closed_loop,modvis-kappa-2e03357db2c9
101,1,0.5,reduced_reliability,0.049260156259413344,0.0785376547362297,0.058617435380651756,0.03,626,207,2,2,corrected_closed_loop,modvis-kappa-2e03357db2c9
102,2,0.5,baseline,0.05234248019736282,0.07903576463981214,0.060202935547240384,0.015,608,225,2,2,corrected_closed_loop,modvis-kappa-2e03357db2c9
102,2,0.5,recovery,0.0486201912683871,0.06977957107377379,0.05176826755075985,0.023333333333333334,594,240,3,3,corrected_closed_loop,modvis-kappa-2e03357db2c9
102,2,0.5,reduced_reliability,0.05617459720695686,0.07610966868442334,0.08008108995793069,0.02,649,184,2,2,corrected_closed_loop,modvis-kappa-2e03357db2c9
103,3,0.5,baseline,0.05032722908195535,0.0810950685709957,0.05527311227670311,0.016666666666666666,593,240,3,3,corrected_closed_loop,modvis-kappa-2e03357db2c9
103,3,0.5,recovery,0.058105701413443046,0.08641935946183495,0.06266105305333369,0.01,624,210,1,1,corrected_closed_loop,modvis-kappa-2e03357db2c9
103,3,0.5,reduced_reliability,0.05410441200709831,0.07709093326310265,0.07030260658006061,0.03,593,240,3,3,corrected_closed_loop,modvis-kappa-2e03357db2c9
104,4,0.5,baseline,0.05119621887821709,0.06326255002179447,0.06528116355477227,0.006666666666666667,593,240,3,3,corrected_closed_loop,modvis-kappa-2e03357db2c9
104,4,0.5,recovery,0.05231613386761875,0.06311760437716846,0.050718626005799704,0.006666666666666667,594,240,3,3,corrected_closed_loop,modvis-kappa-2e03357db2c9
104,4,0.5,reduced_reliability,0.05425659747161797,0.09432839555200025,0.07213519933324213,0.023333333333333334,593,240,3,3,corrected_closed_loop,modvis-kappa-2e03357db2c9
105,5,0.5,baseline,0.05243502133258905,0.07131443862880558,0.05999929294987376,0.016666666666666666,593,240,3,3,corrected_closed_loop,modvis-kappa-2e03357db2c9
105,5,0.5,recovery,0.049720099543715694,0.060664598710451344,0.048957820321133376,0.02,641,193,2,2,corrected_closed_loop,modvis-kappa-2e03357db2c9
105,5,0.5,reduced_reliability,0.054287217378703886,0.09613530460638683,0.06906254124602011,0.02,620,213,2,2,corrected_closed_loop,modvis-kappa-2e03357db2c9
106,6,0.5,baseline,0.05274316164064624,0.09472747098725408,0.053718430130723985,0.025,598,235,2,2,corrected_closed_loop,modvis-kappa-2e03357db2c9
106,6,0.5,recovery,0.053933407573305774,0.09815417899576145,0.05839360474764081,0.02,653,181,2,2,corrected_closed_loop,modvis-kappa-2e03357db2c9
106,6,0.5,reduced_reliability,0.05518967890415569,0.07797364111761607,0.06516792339194191,0.025,647,186,2,2,corrected_closed_loop,modvis-kappa-2e03357db2c9
107,7,0.5,baseline,0.05190239552492012,0.06378659349272257,0.054375773230939735,0.01,593,240,3,3,corrected_closed_loop,modvis-kappa-2e03357db2c9
107,7,0.5,recovery,0.050935178901895,0.06740335887983863,0.055123310641988034,0.006666666666666667,594,240,3,3,corrected_closed_loop,modvis-kappa-2e03357db2c9
107,7,0.5,reduced_reliability,0.05129773501562428,0.0878305945763465,0.056653208715582146,0.01,677,156,1,1,corrected_closed_loop,modvis-kappa-2e03357db2c9
108,8,0.5,baseline,0.05124726672090241,0.06039476522035152,0.05618698468293863,0.02,607,226,2,2,corrected_closed_loop,modvis-kappa-2e03357db2c9
108,8,0.5,recovery,0.05011647670017141,0.05820272180103233,0.056417197605832296,0.016666666666666666,594,240,3,3,corrected_closed_loop,modvis-kappa-2e03357db2c9
108,8,0.5,reduced_reliability,0.056331732804500274,0.09564394271675956,0.08114996089080397,0.005,649,184,2,2,corrected_closed_loop,modvis-kappa-2e03357db2c9
109,9,0.5,baseline,0.0497259163568056,0.09373135449462155,0.051028094045126815,0.015,666,167,2,2,corrected_closed_loop,modvis-kappa-2e03357db2c9
109,9,0.5,recovery,0.0509777640862396,0.0830045147324752,0.05133762568659883,0.01,673,161,2,2,corrected_closed_loop,modvis-kappa-2e03357db2c9
109,9,0.5,reduced_reliability,0.05452708067694783,0.09551401859518033,0.0517160192222875,0.01,670,163,2,2,corrected_closed_loop,modvis-kappa-2e03357db2c9
110,10,0.5,baseline,0.050221344434371235,0.06713786743534526,0.0549733624712438,0.015,648,185,2,2,corrected_closed_loop,modvis-kappa-2e03357db2c9
110,10,0.5,recovery,0.05043837524740327,0.0712595565795359,0.05840139800387691,0.02,633,201,2,2,corrected_closed_loop,modvis-kappa-2e03357db2c9
110,10,0.5,reduced_reliability,0.05027162502990583,0.06350537414651117,0.06437549422804784,0.015,672,161,2,2,corrected_closed_loop,modvis-kappa-2e03357db2c9
111,11,0.5,baseline,0.05492426932575183,0.08006748030211115,0.05897219896197289,0.023333333333333334,593,240,3,3,corrected_closed_loop,modvis-kappa-2e03357db2c9
111,11,0.5,recovery,0.05336277643763777,0.08628853796968243,0.05730133109137768,0.01,598,236,2,2,corrected_closed_loop,modvis-kappa-2e03357db2c9
111,11,0.5,reduced_reliability,0.05499670451508431,0.13227894550480393,0.06055479369188609,0.05,666,167,1,1,corrected_closed_loop,modvis-kappa-2e03357db2c9
112,12,0.5,baseline,0.052176347681895975,0.05529345601473317,0.05586234669898512,0.01,623,210,2,2,corrected_closed_loop,modvis-kappa-2e03357db2c9
112,12,0.5,recovery,0.052085209909720855,0.06823663170654945,0.05833808748477644,0.02,594,240,3,3,corrected_closed_loop,modvis-kappa-2e03357db2c9
112,12,0.5,reduced_reliability,0.051890528606340816,0.09377500380946473,0.05793739442583821,0.025,660,173,2,2,corrected_closed_loop,modvis-kappa-2e03357db2c9
113,13,0.5,baseline,0.05206255485385231,0.0725712680876223,0.05731753697710737,0.016666666666666666,593,240,3,3,corrected_closed_loop,modvis-kappa-2e03357db2c9
113,13,0.5,recovery,0.052965972362234943,0.054478599566077715,0.06902220240573217,0.013333333333333334,594,240,3,3,corrected_closed_loop,modvis-kappa-2e03357db2c9
113,13,0.5,reduced_reliability,0.0568171421620033,0.06448597681470383,0.07738599091919776,0.013333333333333334,593,240,3,3,corrected_closed_loop,modvis-kappa-2e03357db2c9
114,14,0.5,baseline,0.05326431118241393,0.0707148747809747,0.06321700550586887,0.013333333333333334,593,240,3,3,corrected_closed_loop,modvis-kappa-2e03357db2c9
114,14,0.5,recovery,0.053148503792601214,0.0613912602109922,0.06596466977663719,0.016666666666666666,594,240,3,3,corrected_closed_loop,modvis-kappa-2e03357db2c9
114,14,0.5,reduced_reliability,0.05076388995923295,0.08943809792991839,0.0683293878788317,0.016666666666666666,593,240,3,3,corrected_closed_loop,modvis-kappa-2e03357db2c9
115,15,0.5,baseline,0.04712875648091697,0.08877222467639247,0.05642154265515883,0.01,624,209,2,2,corrected_closed_loop,modvis-kappa-2e03357db2c9
115,15,0.5,recovery,0.051974419282206766,0.07723151628324973,0.06339265764679916,0.02666666666666667,594,240,3,3,corrected_closed_loop,modvis-kappa-2e03357db2c9
115,15,0.5,reduced_reliability,0.05669748437911605,0.10211092982679264,0.058292999002393535,0.02,715,118,1,1,corrected_closed_loop,modvis-kappa-2e03357db2c9
116,16,0.5,baseline,0.0517451306473083,0.0630805911659902,0.05153984433904071,0.015,632,201,2,2,corrected_closed_loop,modvis-kappa-2e03357db2c9
116,16,0.5,recovery,0.05611199550056961,0.07073871267123824,0.06824715739348246,0.016666666666666666,594,240,3,3,corrected_closed_loop,modvis-kappa-2e03357db2c9
116,16,0.5,reduced_reliability,0.05473988084436172,0.11483590303004917,0.07127007082266643,0.05666666666666667,593,240,3,3,corrected_closed_loop,modvis-kappa-2e03357db2c9
117,17,0.5,baseline,0.049726389075452786,0.07940649677572749,0.0566956585574074,0.02333333333333333,593,240,3,3,corrected_closed_loop,modvis-kappa-2e03357db2c9
117,17,0.5,recovery,0.053650400957417244,0.08628209208783826,0.050786721044349906,0.03,666,168,2,2,corrected_closed_loop,modvis-kappa-2e03357db2c9
117,17,0.5,reduced_reliability,0.05530461184025027,0.09788663547998185,0.06988734834602459,0.035,595,238,2,2,corrected_closed_loop,modvis-kappa-2e03357db2c9
118,18,0.5,baseline,0.05308937317680226,0.07631113866207387,0.05909712507191428,0.023333333333333334,593,240,3,3,corrected_closed_loop,modvis-kappa-2e03357db2c9
118,18,0.5,recovery,0.04815264541898014,0.06487080356748495,0.05579510439062783,0.006666666666666667,594,240,3,3,corrected_closed_loop,modvis-kappa-2e03357db2c9
118,18,0.5,reduced_reliability,0.053607752945820465,0.08327707780791707,0.06510126265029911,0.013333333333333334,593,240,3,3,corrected_closed_loop,modvis-kappa-2e03357db2c9
119,19,0.5,baseline,0.05148500620835039,0.0747683360866008,0.06241277800938054,0.016666666666666666,593,240,3,3,corrected_closed_loop,modvis-kappa-2e03357db2c9
119,19,0.5,recovery,0.05033868129896104,0.05829431460173004,0.06016499621340725,0.01,627,207,2,2,corrected_closed_loop,modvis-kappa-2e03357db2c9
119,19,0.5,reduced_reliability,0.053804678739937994,0.09265426400877355,0.06896906145423638,0.015,639,194,2,2,corrected_closed_loop,modvis-kappa-2e03357db2c9
120,20,0.5,baseline,0.04979896356208757,0.10111176228921491,0.058002275582574196,0.02,623,210,2,2,corrected_closed_loop,modvis-kappa-2e03357db2c9
120,20,0.5,recovery,0.05155497356755557,0.10118563401282984,0.05381941154634016,0.025,633,201,2,2,corrected_closed_loop,modvis-kappa-2e03357db2c9
120,20,0.5,reduced_reliability,0.05396776446216439,0.10517861239246035,0.06570015446207027,0.035,641,192,2,2,corrected_closed_loop,modvis-kappa-2e03357db2c9
121,21,0.5,baseline,0.05056171466806138,0.056244146267292426,0.05804824549063236,0.015,602,231,2,2,corrected_closed_loop,modvis-kappa-2e03357db2c9
121,21,0.5,recovery,0.0540104884910055,0.06260707191189219,0.056714101645486924,0.02,694,140,1,1,corrected_closed_loop,modvis-kappa-2e03357db2c9
121,21,0.5,reduced_reliability,0.0554246483778626,0.08815507387480778,0.0738690962213841,0.03333333333333333,593,240,3,3,corrected_closed_loop,modvis-kappa-2e03357db2c9
122,22,0.5,baseline,0.05097609946294546,0.07288938815293293,0.05720565898617815,0.025,649,184,2,2,corrected_closed_loop,modvis-kappa-2e03357db2c9
122,22,0.5,recovery,0.05164767956764905,0.05432811175029288,0.06722322289272825,0.01,594,240,3,3,corrected_closed_loop,modvis-kappa-2e03357db2c9
122,22,0.5,reduced_reliability,0.050579691601619375,0.06772522382852922,0.06148978881159436,0.025,671,162,2,2,corrected_closed_loop,modvis-kappa-2e03357db2c9
123,23,0.5,baseline,0.05128720292880176,0.06971469856860425,0.060030450812770884,0.02,615,218,2,2,corrected_closed_loop,modvis-kappa-2e03357db2c9
123,23,0.5,recovery,0.05414664358527188,0.060347383753984976,0.05305941723728834,0.01,705,129,1,1,corrected_closed_loop,modvis-kappa-2e03357db2c9
123,23,0.5,reduced_reliability,0.05480186133551057,0.0825006186424679,0.06995583871920581,0.005,663,170,2,2,corrected_closed_loop,modvis-kappa-2e03357db2c9
124,24,0.5,baseline,0.056034995899460364,0.11060674530993181,0.05622159341084604,0.01,693,140,1,1,corrected_closed_loop,modvis-kappa-2e03357db2c9
124,24,0.5,recovery,0.05063793305473443,0.06731573257022401,0.060445693226089746,0.02,604,230,2,2,corrected_closed_loop,modvis-kappa-2e03357db2c9
124,24,0.5,reduced_reliability,0.05289889762870518,0.10724322656656132,0.0738176502366567,0.04,598,235,2,2,corrected_closed_loop,modvis-kappa-2e03357db2c9
125,25,0.5,baseline,0.05388495183881424,0.07869637386536456,0.06577278147769818,0.02333333333333333,593,240,3,3,corrected_closed_loop,modvis-kappa-2e03357db2c9
125,25,0.5,recovery,0.054840914206120216,0.074044572962357,0.062111625061261805,0.02,658,176,2,2,corrected_closed_loop,modvis-kappa-2e03357db2c9
125,25,0.5,reduced_reliability,0.05070545101577244,0.06633919508780112,0.07780339134158361,0.006666666666666667,593,240,3,3,corrected_closed_loop,modvis-kappa-2e03357db2c9
126,26,0.5,baseline,0.05290724449819469,0.057410350517166225,0.05994369666894594,0.015,617,216,2,2,corrected_closed_loop,modvis-kappa-2e03357db2c9
126,26,0.5,recovery,0.05398158959044843,0.06771607077172273,0.06007551025170211,0.02,671,163,2,2,corrected_closed_loop,modvis-kappa-2e03357db2c9
126,26,0.5,reduced_reliability,0.053659559456026164,0.06671529415334077,0.07185317926039277,0.02,702,131,1,1,corrected_closed_loop,modvis-kappa-2e03357db2c9
127,27,0.5,baseline,0.04818328112980055,0.07560824879684892,0.054355724444286616,0.02,609,224,2,2,corrected_closed_loop,modvis-kappa-2e03357db2c9
127,27,0.5,recovery,0.05140913427819487,0.09882794608064069,0.05196119816343996,0.015,626,208,2,2,corrected_closed_loop,modvis-kappa-2e03357db2c9
127,27,0.5,reduced_reliability,0.05088662899680797,0.10896733341001874,0.06060540030486293,0.015,624,209,2,2,corrected_closed_loop,modvis-kappa-2e03357db2c9
128,28,0.5,baseline,0.05190722155131241,0.05778358004097755,0.056706823752402366,0.02,702,131,1,1,corrected_closed_loop,modvis-kappa-2e03357db2c9
128,28,0.5,recovery,0.05187160770948649,0.06975365137285501,0.055701145919024614,0.025,647,187,2,2,corrected_closed_loop,modvis-kappa-2e03357db2c9
128,28,0.5,reduced_reliability,0.05222874885743268,0.0757133830559972,0.06972399381512798,0.016666666666666666,593,240,3,3,corrected_closed_loop,modvis-kappa-2e03357db2c9
129,29,0.5,baseline,0.05361311017271911,0.061405073158389105,0.06477260569312294,0.016666666666666666,593,240,3,3,corrected_closed_loop,modvis-kappa-2e03357db2c9
129,29,0.5,recovery,0.05466939915914104,0.10017755570340267,0.05452388893249492,0.02,656,178,1,1,corrected_closed_loop,modvis-kappa-2e03357db2c9
129,29,0.5,reduced_reliability,0.0549540342418413,0.0859718532967637,0.08248976268895447,0.02,593,240,3,3,corrected_closed_loop,modvis-kappa-2e03357db2c9
130,30,0.5,baseline,0.05146487985740056,0.08324611488782761,0.06000466862521311,0.01,619,214,2,2,corrected_closed_loop,modvis-kappa-2e03357db2c9
130,30,0.5,recovery,0.056626735734288544,0.09466915172769196,0.06725718138339684,0.015,649,185,2,2,corrected_closed_loop,modvis-kappa-2e03357db2c9
130,30,0.5,reduced_reliability,0.0570848904189268,0.10774824110673792,0.06914542770850657,0.02,616,217,1,1,corrected_closed_loop,modvis-kappa-2e03357db2c9
131,31,0.5,baseline,0.05207429512638108,0.06902702500351925,0.05980343202904094,0.023333333333333334,593,240,3,3,corrected_closed_loop,modvis-kappa-2e03357db2c9
131,31,0.5,recovery,0.05309027992659832,0.07242617455056928,0.05995362828656036,0.023333333333333334,594,240,3,3,corrected_closed_loop,modvis-kappa-2e03357db2c9
131,31,0.5,reduced_reliability,0.0535450172125049,0.08438634213986107,0.08171458915173702,0.02666666666666667,593,240,3,3,corrected_closed_loop,modvis-kappa-2e03357db2c9
132,32,0.5,baseline,0.05097539018435661,0.05070028392192773,0.05513842979436651,0.005,661,172,2,2,corrected_closed_loop,modvis-kappa-2e03357db2c9
132,32,0.5,recovery,0.056897620361658276,0.08765496963736806,0.057583888159464004,0.02,602,232,2,2,corrected_closed_loop,modvis-kappa-2e03357db2c9
132,32,0.5,reduced_reliability,0.053854724894695616,0.09133008814860802,0.06637639620611378,0.02,641,192,2,2,corrected_closed_loop,modvis-kappa-2e03357db2c9
133,33,0.5,baseline,0.05303621504211288,0.07768208701815443,0.06005212124116561,0.016666666666666666,593,240,3,3,corrected_closed_loop,modvis-kappa-2e03357db2c9
133,33,0.5,recovery,0.051272958996220454,0.05917214692616864,0.05636232704121158,0.006666666666666667,594,240,3,3,corrected_closed_loop,modvis-kappa-2e03357db2c9
133,33,0.5,reduced_reliability,0.05428134199781694,0.07683587803594029,0.055679940250969236,0.015,601,232,2,2,corrected_closed_loop,modvis-kappa-2e03357db2c9
134,34,0.5,baseline,0.05303044886983147,0.06805823978675087,0.06235732831910402,0.01,593,240,3,3,corrected_closed_loop,modvis-kappa-2e03357db2c9
134,34,0.5,recovery,0.05485849893074977,0.08919593985992312,0.05524960398214409,0.03,642,192,1,1,corrected_closed_loop,modvis-kappa-2e03357db2c9
134,34,0.5,reduced_reliability,0.05805402213833649,0.08096615729946591,0.0635550281099174,0.02666666666666667,593,240,3,3,corrected_closed_loop,modvis-kappa-2e03357db2c9
135,35,0.5,baseline,0.052864997681610244,0.06823031092190088,0.05598780286747533,0.02,627,206,2,2,corrected_closed_loop,modvis-kappa-2e03357db2c9
135,35,0.5,recovery,0.0530945565081081,0.09883345008380529,0.05865945445668699,0.02,641,193,2,2,corrected_closed_loop,modvis-kappa-2e03357db2c9
135,35,0.5,reduced_reliability,0.05120592383233531,0.07886333456667487,0.06858407806273203,0.015,666,167,2,2,corrected_closed_loop,modvis-kappa-2e03357db2c9
136,36,0.5,baseline,0.05276480030840734,0.0831172905014264,0.05669356295408379,0.023333333333333334,593,240,3,3,corrected_closed_loop,modvis-kappa-2e03357db2c9
136,36,0.5,recovery,0.05568701934940659,0.0693684053153791,0.06377608942782005,0.013333333333333334,594,240,3,3,corrected_closed_loop,modvis-kappa-2e03357db2c9
136,36,0.5,reduced_reliability,0.05456857886251012,0.06725998314250302,0.07311309104062477,0.0033333333333333335,593,240,3,3,corrected_closed_loop,modvis-kappa-2e03357db2c9
137,37,0.5,baseline,0.05243819337238668,0.06874245679253842,0.06949170441389267,0.016666666666666666,593,240,3,3,corrected_closed_loop,modvis-kappa-2e03357db2c9
137,37,0.5,recovery,0.05590554885011355,0.07567390610492071,0.05993294522203274,0.03,594,240,2,2,corrected_closed_loop,modvis-kappa-2e03357db2c9
137,37,0.5,reduced_reliability,0.052457368751045265,0.10878174334531272,0.06812656269780096,0.02,597,236,1,1,corrected_closed_loop,modvis-kappa-2e03357db2c9
138,38,0.5,baseline,0.049384602552353885,0.04348436095844358,0.04659790715542948,0.01,658,175,1,1,corrected_closed_loop,modvis-kappa-2e03357db2c9
138,38,0.5,recovery,0.05174295452923845,0.05750238166173082,0.052315496330778526,0.01,688,146,1,1,corrected_closed_loop,modvis-kappa-2e03357db2c9
138,38,0.5,reduced_reliability,0.04912295318371348,0.08431687403809869,0.05525414644292075,0.015,646,187,2,2,corrected_closed_loop,modvis-kappa-2e03357db2c9
139,39,0.5,baseline,0.05151801007601421,0.05288167260388503,0.05471264684663628,0.01,656,177,2,2,corrected_closed_loop,modvis-kappa-2e03357db2c9
139,39,0.5,recovery,0.055233517540664405,0.06938544575170147,0.061413350879896834,0.02,594,240,3,3,corrected_closed_loop,modvis-kappa-2e03357db2c9
139,39,0.5,reduced_reliability,0.05432027399297837,0.08938389569790824,0.06682822866006985,0.02,638,195,1,1,corrected_closed_loop,modvis-kappa-2e03357db2c9
140,40,0.5,baseline,0.04960370817195748,0.11040328705143197,0.05132790060437761,0.01,702,131,1,1,corrected_closed_loop,modvis-kappa-2e03357db2c9
140,40,0.5,recovery,0.052635950818644965,0.07675282294153063,0.05766745871793481,0.016666666666666666,594,240,3,3,corrected_closed_loop,modvis-kappa-2e03357db2c9
140,40,0.5,reduced_reliability,0.05577071159888267,0.13378066914770345,0.07045521428587033,0.055,650,183,2,2,corrected_closed_loop,modvis-kappa-2e03357db2c9
141,41,0.5,baseline,0.05041472877140103,0.09067643942549515,0.05228268940123131,0.01,659,174,2,2,corrected_closed_loop,modvis-kappa-2e03357db2c9
141,41,0.5,recovery,0.058808668380181645,0.07054887989225077,0.07152681752507806,0.02333333333333333,594,240,3,3,corrected_closed_loop,modvis-kappa-2e03357db2c9
141,41,0.5,reduced_reliability,0.05158355221984812,0.07665962737204042,0.06533773914581614,0.02,593,240,3,3,corrected_closed_loop,modvis-kappa-2e03357db2c9
142,42,0.5,baseline,0.04925916291607802,0.06418852995920396,0.05741182267118053,0.01,669,164,2,2,corrected_closed_loop,modvis-kappa-2e03357db2c9
142,42,0.5,recovery,0.05305265549986424,0.09802932077066226,0.05658553608930456,0.025,662,172,2,2,corrected_closed_loop,modvis-kappa-2e03357db2c9
142,42,0.5,reduced_reliability,0.05442545292989996,0.0840563028459376,0.08722111619428947,0.02666666666666667,593,240,3,3,corrected_closed_loop,modvis-kappa-2e03357db2c9
143,43,0.5,baseline,0.05438195050204029,0.07089478322092685,0.0666098695911417,0.01,593,240,3,3,corrected_closed_loop,modvis-kappa-2e03357db2c9
143,43,0.5,recovery,0.054900700700494916,0.07160477853547771,0.06373727911503933,0.01,594,240,3,3,corrected_closed_loop,modvis-kappa-2e03357db2c9
143,43,0.5,reduced_reliability,0.05426240771680462,0.07080547714614209,0.08514652352271139,0.025,595,238,2,2,corrected_closed_loop,modvis-kappa-2e03357db2c9
144,44,0.5,baseline,0.051448138874435216,0.05714420469301624,0.05508341678186163,0.01,672,161,2,2,corrected_closed_loop,modvis-kappa-2e03357db2c9
144,44,0.5,recovery,0.05373985431890611,0.10192866875636067,0.049533594055287,0.02,715,119,1,1,corrected_closed_loop,modvis-kappa-2e03357db2c9
144,44,0.5,reduced_reliability,0.05414568925873945,0.08618513220459763,0.06544566356364327,0.023333333333333334,593,240,3,3,corrected_closed_loop,modvis-kappa-2e03357db2c9
145,45,0.5,baseline,0.05018925958062667,0.09037815497528018,0.057161283634456043,0.030000000000000002,622,211,2,2,corrected_closed_loop,modvis-kappa-2e03357db2c9
145,45,0.5,recovery,0.05241754289072381,0.07426214247258656,0.05972023797605121,0.025,628,206,2,2,corrected_closed_loop,modvis-kappa-2e03357db2c9
145,45,0.5,reduced_reliability,0.055379942730626915,0.08607059662827785,0.06257033168487428,0.01,622,211,1,1,corrected_closed_loop,modvis-kappa-2e03357db2c9
146,46,0.5,baseline,0.04849876580947924,0.05704786312594063,0.060255056262725856,0.02,626,207,2,2,corrected_closed_loop,modvis-kappa-2e03357db2c9
146,46,0.5,recovery,0.05045823778181368,0.08000295182790286,0.07159198632788605,0.03,594,240,3,3,corrected_closed_loop,modvis-kappa-2e03357db2c9
146,46,0.5,reduced_reliability,0.05318014439896318,0.10377674682729617,0.058198483608090705,0.02,656,177,2,2,corrected_closed_loop,modvis-kappa-2e03357db2c9
147,47,0.5,baseline,0.052371122607433145,0.07369298446990805,0.06372581237491,0.013333333333333334,593,240,3,3,corrected_closed_loop,modvis-kappa-2e03357db2c9
147,47,0.5,recovery,0.049941630598294165,0.06136413740612482,0.06260053943849074,0.01,594,240,3,3,corrected_closed_loop,modvis-kappa-2e03357db2c9
147,47,0.5,reduced_reliability,0.056928562297191204,0.09287606994085677,0.07769888847606314,0.023333333333333334,593,240,3,3,corrected_closed_loop,modvis-kappa-2e03357db2c9
148,48,0.5,baseline,0.05149649548773909,0.057068185181582375,0.056793872821087915,0.006666666666666667,593,240,3,3,corrected_closed_loop,modvis-kappa-2e03357db2c9
148,48,0.5,recovery,0.055470082805709406,0.07376735044082726,0.06345012318165856,0.023333333333333334,594,240,3,3,corrected_closed_loop,modvis-kappa-2e03357db2c9
148,48,0.5,reduced_reliability,0.0530915479180783,0.10437978414680331,0.05984598942105778,0.04,596,237,2,2,corrected_closed_loop,modvis-kappa-2e03357db2c9
149,49,0.5,baseline,0.05145285288468327,0.06783820072069519,0.06138565454794249,0.013333333333333334,593,240,3,3,corrected_closed_loop,modvis-kappa-2e03357db2c9
149,49,0.5,recovery,0.05482158087678628,0.07975192787800296,0.06727416061412936,0.02666666666666667,594,240,3,3,corrected_closed_loop,modvis-kappa-2e03357db2c9
149,49,0.5,reduced_reliability,0.05275553173051675,0.10043062851715442,0.0642496358577256,0.01,688,145,1,1,corrected_closed_loop,modvis-kappa-2e03357db2c9
150,50,0.5,baseline,0.05330968965978111,0.07723229268058363,0.06420441451020065,0.03,636,197,2,2,corrected_closed_loop,modvis-kappa-2e03357db2c9
150,50,0.5,recovery,0.053676582722477814,0.0622120764680722,0.05717044830876856,0.015,626,208,2,2,corrected_closed_loop,modvis-kappa-2e03357db2c9
150,50,0.5,reduced_reliability,0.050629872368077145,0.0670779692886259,0.06446328170110897,0.015,649,184,2,2,corrected_closed_loop,modvis-kappa-2e03357db2c9
151,51,0.5,baseline,0.051136663944746294,0.07358009524766916,0.05586570486612598,0.013333333333333334,593,240,3,3,corrected_closed_loop,modvis-kappa-2e03357db2c9
151,51,0.5,recovery,0.055163610103603475,0.0724867518052129,0.05742593390019852,0.023333333333333334,594,240,3,3,corrected_closed_loop,modvis-kappa-2e03357db2c9
151,51,0.5,reduced_reliability,0.05287407677375565,0.09690382982682066,0.05530844558566531,0.015,607,226,2,2,corrected_closed_loop,modvis-kappa-2e03357db2c9
152,52,0.5,baseline,0.05298945873773602,0.060034398089940356,0.06547936922687565,0.016666666666666666,593,240,3,3,corrected_closed_loop,modvis-kappa-2e03357db2c9
152,52,0.5,recovery,0.05829101210743846,0.07126777007915856,0.06293796822487972,0.015,609,225,2,2,corrected_closed_loop,modvis-kappa-2e03357db2c9
152,52,0.5,reduced_reliability,0.05706000027117966,0.08944691722907477,0.04937002440426064,0.023333333333333334,593,240,3,3,corrected_closed_loop,modvis-kappa-2e03357db2c9
153,53,0.5,baseline,0.05223875068259663,0.07395646440433712,0.06091235157948586,0.02,624,209,2,2,corrected_closed_loop,modvis-kappa-2e03357db2c9
153,53,0.5,recovery,0.04810298680676453,0.08925614301316467,0.05866206741925601,0.02,633,201,2,2,corrected_closed_loop,modvis-kappa-2e03357db2c9
153,53,0.5,reduced_reliability,0.05369401243159025,0.08922631187538747,0.07772558417443576,0.03333333333333333,593,240,3,3,corrected_closed_loop,modvis-kappa-2e03357db2c9
154,54,0.5,baseline,0.05299127035118685,0.10366448363822234,0.05872344836931357,0.005,662,171,2,2,corrected_closed_loop,modvis-kappa-2e03357db2c9
154,54,0.5,recovery,0.0493827439086851,0.05913236810378896,0.06284224717861832,0.0033333333333333335,594,240,3,3,corrected_closed_loop,modvis-kappa-2e03357db2c9
154,54,0.5,reduced_reliability,0.052399453836177674,0.08011235727535969,0.07088344244672973,0.02,593,240,3,3,corrected_closed_loop,modvis-kappa-2e03357db2c9
155,55,0.5,baseline,0.05237342969665726,0.08195994831224367,0.06112818662643604,0.02666666666666667,593,240,3,3,corrected_closed_loop,modvis-kappa-2e03357db2c9
155,55,0.5,recovery,0.054047508728274844,0.07225606744144923,0.07037591959293606,0.013333333333333334,594,240,3,3,corrected_closed_loop,modvis-kappa-2e03357db2c9
155,55,0.5,reduced_reliability,0.04942424012373489,0.060953087508548436,0.06981604185727991,0.01,593,240,3,3,corrected_closed_loop,modvis-kappa-2e03357db2c9
156,56,0.5,baseline,0.05302633882990809,0.07640028773301519,0.04789926236638481,0.025,625,208,2,2,corrected_closed_loop,modvis-kappa-2e03357db2c9
156,56,0.5,recovery,0.053909047558578733,0.06201803194999343,0.05319553797306861,0.01,663,171,2,2,corrected_closed_loop,modvis-kappa-2e03357db2c9
156,56,0.5,reduced_reliability,0.05540100852601648,0.06907478539610794,0.06863471882932445,0.02,643,190,2,2,corrected_closed_loop,modvis-kappa-2e03357db2c9
157,57,0.5,baseline,0.051976271953813755,0.0656011785782919,0.06322844136005668,0.016666666666666666,593,240,3,3,corrected_closed_loop,modvis-kappa-2e03357db2c9
157,57,0.5,recovery,0.052511616490714806,0.08462308807934628,0.058395041421707705,0.015,664,170,2,2,corrected_closed_loop,modvis-kappa-2e03357db2c9
157,57,0.5,reduced_reliability,0.05351025702139587,0.10510296481346353,0.05724479195074968,0.01,616,217,1,1,corrected_closed_loop,modvis-kappa-2e03357db2c9
158,58,0.5,baseline,0.051064512485759224,0.06198827186373346,0.058769020859470944,0.01,593,240,3,3,corrected_closed_loop,modvis-kappa-2e03357db2c9
158,58,0.5,recovery,0.0536330020340168,0.08388911155618087,0.06494479202719342,0.01,602,232,2,2,corrected_closed_loop,modvis-kappa-2e03357db2c9
158,58,0.5,reduced_reliability,0.05589800429182044,0.10439045417997882,0.06535716712221747,0.01,598,235,2,2,corrected_closed_loop,modvis-kappa-2e03357db2c9
159,59,0.5,baseline,0.050709814192900014,0.0828310891657764,0.055206881020654484,0.01,629,204,2,2,corrected_closed_loop,modvis-kappa-2e03357db2c9
159,59,0.5,recovery,0.056768102130752965,0.07609787094991512,0.06599264067297483,0.013333333333333334,594,240,3,3,corrected_closed_loop,modvis-kappa-2e03357db2c9
159,59,0.5,reduced_reliability,0.05266665065719718,0.0966476316987224,0.06673241513809715,0.015,661,172,2,2,corrected_closed_loop,modvis-kappa-2e03357db2c9
160,60,0.5,baseline,0.051552853182869646,0.07193829151537541,0.056990671077715466,0.02,593,240,3,3,corrected_closed_loop,modvis-kappa-2e03357db2c9
160,60,0.5,recovery,0.051974079345739964,0.08790991727377524,0.0581054025549334,0.01,604,230,2,2,corrected_closed_loop,modvis-kappa-2e03357db2c9
160,60,0.5,reduced_reliability,0.05364016069221818,0.08743621428298443,0.07049636835228971,0.02,669,164,2,2,corrected_closed_loop,modvis-kappa-2e03357db2c9
161,61,0.5,baseline,0.04926279413650263,0.06883947204111783,0.05117815088193364,0.016666666666666666,593,240,3,3,corrected_closed_loop,modvis-kappa-2e03357db2c9
161,61,0.5,recovery,0.0541468206731626,0.06659730500827772,0.06256233403076582,0.015,604,230,2,2,corrected_closed_loop,modvis-kappa-2e03357db2c9
161,61,0.5,reduced_reliability,0.0557153984585075,0.0715809647431626,0.06902434252912522,0.016666666666666666,593,240,3,3,corrected_closed_loop,modvis-kappa-2e03357db2c9
162,62,0.5,baseline,0.053405337534696014,0.07156119546522008,0.064285852028393,0.023333333333333334,593,240,3,3,corrected_closed_loop,modvis-kappa-2e03357db2c9
162,62,0.5,recovery,0.05269022103144061,0.08670652246060469,0.05759448877410028,0.02,636,198,1,1,corrected_closed_loop,modvis-kappa-2e03357db2c9
162,62,0.5,reduced_reliability,0.05386338598059169,0.062362141670482145,0.06767512727996057,0.015,663,170,2,2,corrected_closed_loop,modvis-kappa-2e03357db2c9
163,63,0.5,baseline,0.052905567516147646,0.06562839831398368,0.06290907612051412,0.016666666666666666,593,240,3,3,corrected_closed_loop,modvis-kappa-2e03357db2c9
163,63,0.5,recovery,0.05236376705908283,0.09150311029816925,0.0597364887557023,0.025,644,190,2,2,corrected_closed_loop,modvis-kappa-2e03357db2c9
163,63,0.5,reduced_reliability,0.052981106471762296,0.07096152846534828,0.06716851166220007,0.015,638,195,2,2,corrected_closed_loop,modvis-kappa-2e03357db2c9
164,64,0.5,baseline,0.052852878475681306,0.07285074120239957,0.05812496495383652,0.025,644,189,2,2,corrected_closed_loop,modvis-kappa-2e03357db2c9
164,64,0.5,recovery,0.054597284636262546,0.0713025074976888,0.0649539831279179,0.02,594,240,3,3,corrected_closed_loop,modvis-kappa-2e03357db2c9
164,64,0.5,reduced_reliability,0.04971744671681844,0.09016198860985046,0.06586908863269855,0.02,646,187,2,2,corrected_closed_loop,modvis-kappa-2e03357db2c9
165,65,0.5,baseline,0.052980941812786245,0.06714454940288464,0.05985094119122765,0.02,595,238,2,2,corrected_closed_loop,modvis-kappa-2e03357db2c9
165,65,0.5,recovery,0.054259970475668114,0.07916176627602402,0.058018259294355716,0.02,594,240,3,3,corrected_closed_loop,modvis-kappa-2e03357db2c9
165,65,0.5,reduced_reliability,0.053068512810372545,0.08271389315841741,0.0520459531450076,0.01,600,233,2,2,corrected_closed_loop,modvis-kappa-2e03357db2c9
166,66,0.5,baseline,0.05250926363626432,0.08167587561476383,0.05737977082885749,0.016666666666666666,593,240,3,3,corrected_closed_loop,modvis-kappa-2e03357db2c9
166,66,0.5,recovery,0.05670131634794719,0.08096870742373136,0.06407770087482133,0.02666666666666667,594,240,3,3,corrected_closed_loop,modvis-kappa-2e03357db2c9
166,66,0.5,reduced_reliability,0.05085174745328344,0.08876341585593116,0.06511233772510219,0.015,664,169,2,2,corrected_closed_loop,modvis-kappa-2e03357db2c9
167,67,0.5,baseline,0.05415770307103585,0.0872290040446378,0.06087959521874462,0.016666666666666666,593,240,3,3,corrected_closed_loop,modvis-kappa-2e03357db2c9
167,67,0.5,recovery,0.052841919244647,0.06926243439195398,0.06706364880295919,0.02,594,240,3,3,corrected_closed_loop,modvis-kappa-2e03357db2c9
167,67,0.5,reduced_reliability,0.054667232352167125,0.09110226930728443,0.07111034427717891,0.02,593,240,3,3,corrected_closed_loop,modvis-kappa-2e03357db2c9
168,68,0.5,baseline,0.05332822873247957,0.09721628300985415,0.06215938584148244,0.02,597,236,2,2,corrected_closed_loop,modvis-kappa-2e03357db2c9
168,68,0.5,recovery,0.052921179008273575,0.07814789633695705,0.059456792358328785,0.016666666666666666,594,240,3,3,corrected_closed_loop,modvis-kappa-2e03357db2c9
168,68,0.5,reduced_reliability,0.04947753105670207,0.0869365699117732,0.05642331004112709,0.01,606,227,2,2,corrected_closed_loop,modvis-kappa-2e03357db2c9
169,69,0.5,baseline,0.050020820282859396,0.08177811394553393,0.0584163530258286,0.02,622,211,2,2,corrected_closed_loop,modvis-kappa-2e03357db2c9
169,69,0.5,recovery,0.052377615660146384,0.08113804025519841,0.061956045810408526,0.01,661,173,2,2,corrected_closed_loop,modvis-kappa-2e03357db2c9
169,69,0.5,reduced_reliability,0.05400865405444355,0.10291325702118732,0.07258658991785491,0.02,654,179,2,2,corrected_closed_loop,modvis-kappa-2e03357db2c9
170,70,0.5,baseline,0.04796571904136649,0.0836003961608328,0.06054035081493026,0.02,668,165,2,2,corrected_closed_loop,modvis-kappa-2e03357db2c9
170,70,0.5,recovery,0.05130690705229236,0.05648845427951782,0.05828213791876762,0.006666666666666667,594,240,3,3,corrected_closed_loop,modvis-kappa-2e03357db2c9
170,70,0.5,reduced_reliability,0.053672325404616056,0.06641868117212235,0.08025448116058165,0.006666666666666667,593,240,3,3,corrected_closed_loop,modvis-kappa-2e03357db2c9
171,71,0.5,baseline,0.050846404524259765,0.06556537610885961,0.05611776331205313,0.01,618,215,2,2,corrected_closed_loop,modvis-kappa-2e03357db2c9
171,71,0.5,recovery,0.05334177361987277,0.07101821904399984,0.06060163848057108,0.02,594,240,3,3,corrected_closed_loop,modvis-kappa-2e03357db2c9
171,71,0.5,reduced_reliability,0.05452853290335687,0.12092493303723238,0.0707212998359531,0.02,593,240,3,3,corrected_closed_loop,modvis-kappa-2e03357db2c9
172,72,0.5,baseline,0.0569761343728848,0.06119931766264757,0.06729019533991933,0.006666666666666667,593,240,3,3,corrected_closed_loop,modvis-kappa-2e03357db2c9
172,72,0.5,recovery,0.05250073695448273,0.07774146788451962,0.05307071306332807,0.02,594,240,3,3,corrected_closed_loop,modvis-kappa-2e03357db2c9
172,72,0.5,reduced_reliability,0.056714358406692505,0.06513375696554108,0.07103229772325365,0.013333333333333334,593,240,3,3,corrected_closed_loop,modvis-kappa-2e03357db2c9
173,73,0.5,baseline,0.047602490657439746,0.0972217749475222,0.05233421338133754,0.015,616,217,2,2,corrected_closed_loop,modvis-kappa-2e03357db2c9
173,73,0.5,recovery,0.04937931656492713,0.07861238782238347,0.05737209954848912,0.02,594,240,3,3,corrected_closed_loop,modvis-kappa-2e03357db2c9
173,73,0.5,reduced_reliability,0.049472988736425846,0.09707227091284977,0.056717544724197023,0.025,623,210,2,2,corrected_closed_loop,modvis-kappa-2e03357db2c9
174,74,0.5,baseline,0.05357217090275977,0.07628307466619423,0.05906326855332226,0.02,593,240,3,3,corrected_closed_loop,modvis-kappa-2e03357db2c9
174,74,0.5,recovery,0.04968001651247421,0.06609488926924306,0.05646009744694494,0.016666666666666666,594,240,3,3,corrected_closed_loop,modvis-kappa-2e03357db2c9
174,74,0.5,reduced_reliability,0.05218231507808166,0.07461671834129875,0.062422917944465736,0.03,670,163,2,2,corrected_closed_loop,modvis-kappa-2e03357db2c9
175,75,0.5,baseline,0.05189975968834314,0.0630541057780104,0.057998278657269565,0.013333333333333334,593,240,3,3,corrected_closed_loop,modvis-kappa-2e03357db2c9
175,75,0.5,recovery,0.0526013237128188,0.06483420529544547,0.058178634679876016,0.005,657,177,2,2,corrected_closed_loop,modvis-kappa-2e03357db2c9
175,75,0.5,reduced_reliability,0.057575316527168144,0.10181488590485308,0.07378643869935071,0.043333333333333335,593,240,3,3,corrected_closed_loop,modvis-kappa-2e03357db2c9
176,76,0.5,baseline,0.04951378815394634,0.07567662538203264,0.0569564930346843,0.013333333333333334,593,240,3,3,corrected_closed_loop,modvis-kappa-2e03357db2c9
176,76,0.5,recovery,0.05238852642352228,0.09734210304315341,0.05792486281550312,0.02,646,188,2,2,corrected_closed_loop,modvis-kappa-2e03357db2c9
176,76,0.5,reduced_reliability,0.05197476967894538,0.06870688143640646,0.062106262135607056,0.013333333333333334,593,240,3,3,corrected_closed_loop,modvis-kappa-2e03357db2c9
177,77,0.5,baseline,0.052828380242249694,0.08104512571449424,0.06425666220117864,0.01,597,236,2,2,corrected_closed_loop,modvis-kappa-2e03357db2c9
177,77,0.5,recovery,0.052238617900429725,0.07128480489692188,0.05614540173786918,0.02,645,189,2,2,corrected_closed_loop,modvis-kappa-2e03357db2c9
177,77,0.5,reduced_reliability,0.05451856075365468,0.1287819983944084,0.08454489589506652,0.005,633,200,2,2,corrected_closed_loop,modvis-kappa-2e03357db2c9
178,78,0.5,baseline,0.04782532862996041,0.06257613601154008,0.06136258415487581,0.013333333333333334,593,240,3,3,corrected_closed_loop,modvis-kappa-2e03357db2c9
178,78,0.5,recovery,0.05213211371951856,0.062190392378364726,0.05958919022604119,0.013333333333333334,594,240,3,3,corrected_closed_loop,modvis-kappa-2e03357db2c9
178,78,0.5,reduced_reliability,0.05655255482581249,0.08336104836492345,0.07282547217730585,0.01,626,207,2,2,corrected_closed_loop,modvis-kappa-2e03357db2c9
179,79,0.5,baseline,0.052623074248934525,0.09697530058671164,0.061333986093934714,0.02,632,201,2,2,corrected_closed_loop,modvis-kappa-2e03357db2c9
179,79,0.5,recovery,0.053071333186525564,0.045381828841999594,0.0470119543900356,0.0,665,169,1,1,corrected_closed_loop,modvis-kappa-2e03357db2c9
179,79,0.5,reduced_reliability,0.05753885445383904,0.1137368330635745,0.06517577728611866,0.025,603,230,2,2,corrected_closed_loop,modvis-kappa-2e03357db2c9
180,80,0.5,baseline,0.051039624235142474,0.09413848981145698,0.0564767373726758,0.025,670,163,2,2,corrected_closed_loop,modvis-kappa-2e03357db2c9
180,80,0.5,recovery,0.056196546315458916,0.09746891867725316,0.06018867102515428,0.035,608,226,2,2,corrected_closed_loop,modvis-kappa-2e03357db2c9
180,80,0.5,reduced_reliability,0.05415798924579921,0.07356800085250809,0.0599941479795482,0.013333333333333334,593,240,3,3,corrected_closed_loop,modvis-kappa-2e03357db2c9
181,81,0.5,baseline,0.05406056437771892,0.09208776980177776,0.05444677008908831,0.01,616,217,1,1,corrected_closed_loop,modvis-kappa-2e03357db2c9
181,81,0.5,recovery,0.0563454969077224,0.09420120981187045,0.05720201572170705,0.02,661,173,2,2,corrected_closed_loop,modvis-kappa-2e03357db2c9
181,81,0.5,reduced_reliability,0.0521304804115173,0.10296453336960949,0.08477966821055732,0.05000000000000001,593,240,3,3,corrected_closed_loop,modvis-kappa-2e03357db2c9
182,82,0.5,baseline,0.0535121663995529,0.09204900287443503,0.0635842717338292,0.02,593,240,2,2,corrected_closed_loop,modvis-kappa-2e03357db2c9
182,82,0.5,recovery,0.05314469154659872,0.06660512880155123,0.05469022005837641,0.02,668,166,2,2,corrected_closed_loop,modvis-kappa-2e03357db2c9
182,82,0.5,reduced_reliability,0.05279741058679388,0.0763111146898225,0.06776461209661853,0.01,598,235,2,2,corrected_closed_loop,modvis-kappa-2e03357db2c9
183,83,0.5,baseline,0.054063468133641254,0.09418819495197885,0.060315244334741745,0.02,710,123,1,1,corrected_closed_loop,modvis-kappa-2e03357db2c9
183,83,0.5,recovery,0.05444408577897697,0.08013765902715203,0.057232652671857134,0.015,600,234,2,2,corrected_closed_loop,modvis-kappa-2e03357db2c9
183,83,0.5,reduced_reliability,0.05081206044134861,0.07946561179946511,0.06667183218486815,0.02666666666666667,593,240,3,3,corrected_closed_loop,modvis-kappa-2e03357db2c9
184,84,0.5,baseline,0.052300847720054666,0.09865682339282553,0.06190893016764385,0.025,652,181,2,2,corrected_closed_loop,modvis-kappa-2e03357db2c9
184,84,0.5,recovery,0.055262624302984564,0.06909695778419354,0.055536466374795826,0.01,594,240,3,3,corrected_closed_loop,modvis-kappa-2e03357db2c9
184,84,0.5,reduced_reliability,0.052483212339626384,0.1033425993463508,0.06229294263991394,0.02,593,240,3,3,corrected_closed_loop,modvis-kappa-2e03357db2c9
185,85,0.5,baseline,0.05263077875804074,0.07747025082922147,0.061991349543273504,0.02,631,202,2,2,corrected_closed_loop,modvis-kappa-2e03357db2c9
185,85,0.5,recovery,0.0538692311564688,0.07886656301953127,0.0619858066697618,0.02666666666666667,594,240,3,3,corrected_closed_loop,modvis-kappa-2e03357db2c9
185,85,0.5,reduced_reliability,0.05569069778962631,0.08410746315255435,0.06057610232304637,0.013333333333333334,593,240,3,3,corrected_closed_loop,modvis-kappa-2e03357db2c9
186,86,0.5,baseline,0.055612327189756616,0.0665151829991613,0.0677173553103359,0.015,647,186,2,2,corrected_closed_loop,modvis-kappa-2e03357db2c9
186,86,0.5,recovery,0.05523336166830076,0.08967615046637409,0.06305289371083271,0.02,626,208,2,2,corrected_closed_loop,modvis-kappa-2e03357db2c9
186,86,0.5,reduced_reliability,0.054085557077665256,0.07233552185719694,0.0663477420992405,0.015,632,201,2,2,corrected_closed_loop,modvis-kappa-2e03357db2c9
187,87,0.5,baseline,0.05192827213403625,0.0947092376533061,0.05723240705661025,0.02,662,171,2,2,corrected_closed_loop,modvis-kappa-2e03357db2c9
187,87,0.5,recovery,0.05057851103941327,0.0699924931386665,0.0611140789338068,0.023333333333333334,594,240,3,3,corrected_closed_loop,modvis-kappa-2e03357db2c9
187,87,0.5,reduced_reliability,0.05000162833733143,0.06700629477630587,0.06995696924646605,0.03,618,215,2,2,corrected_closed_loop,modvis-kappa-2e03357db2c9
188,88,0.5,baseline,0.05070711288250752,0.07398820769447527,0.0621976223323443,0.02,593,240,3,3,corrected_closed_loop,modvis-kappa-2e03357db2c9
188,88,0.5,recovery,0.051423660964830066,0.0647870151105292,0.0640640726923139,0.016666666666666666,594,240,3,3,corrected_closed_loop,modvis-kappa-2e03357db2c9
188,88,0.5,reduced_reliability,0.055071764883987274,0.11016450657338213,0.06551618049880784,0.01,668,165,1,1,corrected_closed_loop,modvis-kappa-2e03357db2c9
189,89,0.5,baseline,0.04897642427440298,0.067506097948699,0.05541582864889222,0.025,616,217,2,2,corrected_closed_loop,modvis-kappa-2e03357db2c9
189,89,0.5,recovery,0.05463665640634357,0.07337852438200305,0.06688014900373426,0.02333333333333333,594,240,3,3,corrected_closed_loop,modvis-kappa-2e03357db2c9
189,89,0.5,reduced_reliability,0.05430386407154746,0.07866789877127488,0.058965385622889555,0.02666666666666667,593,240,3,3,corrected_closed_loop,modvis-kappa-2e03357db2c9
190,90,0.5,baseline,0.051775831310064045,0.08080271177740062,0.06256461403937058,0.013333333333333334,593,240,3,3,corrected_closed_loop,modvis-kappa-2e03357db2c9
190,90,0.5,recovery,0.057503655569721035,0.06752056279442267,0.05855390110897644,0.015,640,194,2,2,corrected_closed_loop,modvis-kappa-2e03357db2c9
190,90,0.5,reduced_reliability,0.0521322979895865,0.08948417594294215,0.06516930946419387,0.016666666666666666,593,240,3,3,corrected_closed_loop,modvis-kappa-2e03357db2c9
191,91,0.5,baseline,0.051307190942468814,0.08773382221247268,0.05690323790197812,0.03,642,191,2,2,corrected_closed_loop,modvis-kappa-2e03357db2c9
191,91,0.5,recovery,0.05576452397541149,0.07906002852365515,0.061522874431855355,0.02,659,175,2,2,corrected_closed_loop,modvis-kappa-2e03357db2c9
191,91,0.5,reduced_reliability,0.05264876429389487,0.09106200094535677,0.06542905561617093,0.03333333333333333,593,240,3,3,corrected_closed_loop,modvis-kappa-2e03357db2c9
192,92,0.5,baseline,0.05510037875592653,0.08773181064891436,0.06792345685409945,0.03333333333333333,593,240,3,3,corrected_closed_loop,modvis-kappa-2e03357db2c9
192,92,0.5,recovery,0.05568529085825199,0.10195447545952631,0.05819531519176352,0.01,625,209,2,2,corrected_closed_loop,modvis-kappa-2e03357db2c9
192,92,0.5,reduced_reliability,0.05270652918719843,0.10437552702491651,0.07285770911107357,0.02666666666666667,593,240,3,3,corrected_closed_loop,modvis-kappa-2e03357db2c9
193,93,0.5,baseline,0.055333061902072746,0.06703970157337293,0.06242514667705403,0.02,593,240,3,3,corrected_closed_loop,modvis-kappa-2e03357db2c9
193,93,0.5,recovery,0.05292283631342274,0.06813471457039641,0.0610371706147184,0.025,634,200,2,2,corrected_closed_loop,modvis-kappa-2e03357db2c9
193,93,0.5,reduced_reliability,0.05445380426275775,0.09560494148468678,0.061963304698622906,0.02333333333333333,593,240,3,3,corrected_closed_loop,modvis-kappa-2e03357db2c9
194,94,0.5,baseline,0.05261704434084558,0.061421919983659576,0.058874221009179335,0.02,626,207,2,2,corrected_closed_loop,modvis-kappa-2e03357db2c9
194,94,0.5,recovery,0.049606284329215135,0.09607941535949599,0.06017398156828214,0.025,668,166,2,2,corrected_closed_loop,modvis-kappa-2e03357db2c9
194,94,0.5,reduced_reliability,0.05329056019245151,0.07043635695949882,0.07469717237471815,0.02,593,240,3,3,corrected_closed_loop,modvis-kappa-2e03357db2c9
195,95,0.5,baseline,0.05201946119903407,0.08289278437560682,0.05434132603619144,0.03,609,224,2,2,corrected_closed_loop,modvis-kappa-2e03357db2c9
195,95,0.5,recovery,0.05370913293718748,0.058123615109416056,0.05660688309948459,0.015,618,216,2,2,corrected_closed_loop,modvis-kappa-2e03357db2c9
195,95,0.5,reduced_reliability,0.056465127698920856,0.08224908074169965,0.07204914425946587,0.016666666666666666,593,240,3,3,corrected_closed_loop,modvis-kappa-2e03357db2c9
196,96,0.5,baseline,0.053662041293337806,0.09258897628023652,0.05945194168846048,0.02,608,225,2,2,corrected_closed_loop,modvis-kappa-2e03357db2c9
196,96,0.5,recovery,0.054320763760808057,0.05745206081225163,0.061592803079954156,0.013333333333333334,594,240,3,3,corrected_closed_loop,modvis-kappa-2e03357db2c9
196,96,0.5,reduced_reliability,0.05389169934643716,0.08248428266907304,0.07238652628080847,0.02,633,200,2,2,corrected_closed_loop,modvis-kappa-2e03357db2c9
197,97,0.5,baseline,0.04586828811117179,0.09858488835716227,0.04975351427418086,0.02,690,143,1,1,corrected_closed_loop,modvis-kappa-2e03357db2c9
197,97,0.5,recovery,0.05415202936939456,0.07249654791731044,0.061531917942560056,0.02666666666666667,594,240,3,3,corrected_closed_loop,modvis-kappa-2e03357db2c9
197,97,0.5,reduced_reliability,0.0568409081444364,0.10728963011178107,0.061230379355593244,0.01,634,199,1,1,corrected_closed_loop,modvis-kappa-2e03357db2c9
198,98,0.5,baseline,0.05623767596104118,0.08607938671354835,0.06519901304122847,0.015,599,234,2,2,corrected_closed_loop,modvis-kappa-2e03357db2c9
198,98,0.5,recovery,0.05205564383896854,0.07398090691436093,0.05951619787450218,0.005,617,217,2,2,corrected_closed_loop,modvis-kappa-2e03357db2c9
198,98,0.5,reduced_reliability,0.051317257918225404,0.08334632696204346,0.06034396288336928,0.0,660,173,1,1,corrected_closed_loop,modvis-kappa-2e03357db2c9
199,99,0.5,baseline,0.05068436073003597,0.06510030773771813,0.06348550812761009,0.013333333333333334,593,240,3,3,corrected_closed_loop,modvis-kappa-2e03357db2c9
199,99,0.5,recovery,0.05454922478810549,0.07454366876342436,0.0573016089374104,0.023333333333333334,594,240,3,3,corrected_closed_loop,modvis-kappa-2e03357db2c9
199,99,0.5,reduced_reliability,0.0517516924385713,0.07369141879515964,0.0602570847748217,0.015,657,176,2,2,corrected_closed_loop,modvis-kappa-2e03357db2c9
100,0,0.6,baseline,0.05227903361128479,0.07643590785038243,0.05092163240002351,0.02,628,205,2,2,corrected_closed_loop,modvis-kappa-2e03357db2c9
100,0,0.6,recovery,0.05245815255591218,0.05648619540066692,0.058761517499709995,0.005,653,181,2,2,corrected_closed_loop,modvis-kappa-2e03357db2c9
100,0,0.6,reduced_reliability,0.05564773663964729,0.06727820410502995,0.06728706023244575,0.01,657,176,2,2,corrected_closed_loop,modvis-kappa-2e03357db2c9
101,1,0.6,baseline,0.048683555599097254,0.07984218432276635,0.05885431523510717,0.02,593,240,3,3,corrected_closed_loop,modvis-kappa-2e03357db2c9
101,1,0.6,recovery,0.056933421338352594,0.07641990173227094,0.067491821523631,0.013333333333333334,594,240,3,3,corrected_closed_loop,modvis-kappa-2e03357db2c9
101,1,0.6,reduced_reliability,0.04919533702843106,0.0771771954548956,0.05873378987508141,0.03,626,207,2,2,corrected_closed_loop,modvis-kappa-2e03357db2c9
102,2,0.6,baseline,0.05234248019736282,0.07903576463981214,0.060202935547240384,0.015,608,225,2,2,corrected_closed_loop,modvis-kappa-2e03357db2c9
102,2,0.6,recovery,0.048621431952233465,0.06975693849066868,0.051672428793253594,0.023333333333333334,594,240,3,3,corrected_closed_loop,modvis-kappa-2e03357db2c9
102,2,0.6,reduced_reliability,0.056156992497434735,0.0669865390685269,0.07229951058058845,0.015,649,184,2,2,corrected_closed_loop,modvis-kappa-2e03357db2c9
103,3,0.6,baseline,0.05032722908195535,0.0810950685709957,0.05527311227670311,0.016666666666666666,593,240,3,3,corrected_closed_loop,modvis-kappa-2e03357db2c9
103,3,0.6,recovery,0.05810809692916057,0.08637362599051455,0.06266634892299272,0.01,624,210,1,1,corrected_closed_loop,modvis-kappa-2e03357db2c9
103,3,0.6,reduced_reliability,0.054048590628220976,0.0729878332875372,0.06578265897469447,0.02333333333333333,593,240,3,3,corrected_closed_loop,modvis-kappa-2e03357db2c9
104,4,0.6,baseline,0.05119621887821709,0.06326255002179447,0.06528116355477227,0.006666666666666667,593,240,3,3,corrected_closed_loop,modvis-kappa-2e03357db2c9
104,4,0.6,recovery,0.05231827946169831,0.063117530268323,0.050735232539811846,0.006666666666666667,594,240,3,3,corrected_closed_loop,modvis-kappa-2e03357db2c9
104,4,0.6,reduced_reliability,0.05424277144613937,0.083164147635072,0.06163787261915927,0.023333333333333334,593,240,3,3,corrected_closed_loop,modvis-kappa-2e03357db2c9
105,5,0.6,baseline,0.05243502133258905,0.07131443862880558,0.05999929294987376,0.016666666666666666,593,240,3,3,corrected_closed_loop,modvis-kappa-2e03357db2c9
105,5,0.6,recovery,0.04972358780781522,0.060691646305017784,0.048938869764172686,0.02,641,193,2,2,corrected_closed_loop,modvis-kappa-2e03357db2c9
105,5,0.6,reduced_reliability,0.05423789532632114,0.09390019736779852,0.06630636144995575,0.02,620,213,2,2,corrected_closed_loop,modvis-kappa-2e03357db2c9
106,6,0.6,baseline,0.05274316164064624,0.09472747098725408,0.053718430130723985,0.025,598,235,2,2,corrected_closed_loop,modvis-kappa-2e03357db2c9
106,6,0.6,recovery,0.053928129102054925,0.09818623755673941,0.05833776550074643,0.02,653,181,2,2,corrected_closed_loop,modvis-kappa-2e03357db2c9
106,6,0.6,reduced_reliability,0.055101991553234794,0.07758520434805483,0.05633480168115657,0.025,647,186,2,2,corrected_closed_loop,modvis-kappa-2e03357db2c9
107,7,0.6,baseline,0.05190239552492012,0.06378659349272257,0.054375773230939735,0.01,593,240,3,3,corrected_closed_loop,modvis-kappa-2e03357db2c9
107,7,0.6,recovery,0.050940447320964526,0.06743814890563121,0.05513492281030928,0.006666666666666667,594,240,3,3,corrected_closed_loop,modvis-kappa-2e03357db2c9
107,7,0.6,reduced_reliability,0.05127487221907399,0.0854429385300594,0.05422641790299519,0.01,677,156,1,1,corrected_closed_loop,modvis-kappa-2e03357db2c9
108,8,0.6,baseline,0.05124726672090241,0.06039476522035152,0.05618698468293863,0.02,607,226,2,2,corrected_closed_loop,modvis-kappa-2e03357db2c9
108,8,0.6,recovery,0.05011781097137852,0.05823744921187586,0.056402651236907936,0.016666666666666666,594,240,3,3,corrected_closed_loop,modvis-kappa-2e03357db2c9
108,8,0.6,reduced_reliability,0.05631921953982381,0.0939034660901419,0.07277929483955496,0.01,649,184,2,2,corrected_closed_loop,modvis-kappa-2e03357db2c9
109,9,0.6,baseline,0.0497259163568056,0.09373135449462155,0.051028094045126815,0.015,666,167,2,2,corrected_closed_loop,modvis-kappa-2e03357db2c9
109,9,0.6,recovery,0.05097434801059063,0.08303329181628606,0.05126362891368588,0.01,673,161,2,2,corrected_closed_loop,modvis-kappa-2e03357db2c9
109,9,0.6,reduced_reliability,0.054434661695439285,0.1004950277645068,0.052545706150953754,0.01,670,163,2,2,corrected_closed_loop,modvis-kappa-2e03357db2c9
110,10,0.6,baseline,0.050221344434371235,0.06713786743534526,0.0549733624712438,0.015,648,185,2,2,corrected_closed_loop,modvis-kappa-2e03357db2c9
110,10,0.6,recovery,0.05043218185104959,0.0712561910316659,0.058500777071631045,0.02,633,201,2,2,corrected_closed_loop,modvis-kappa-2e03357db2c9
110,10,0.6,reduced_reliability,0.05015357119800539,0.05780039397334306,0.05786182255745592,0.015,672,161,2,2,corrected_closed_loop,modvis-kappa-2e03357db2c9
111,11,0.6,baseline,0.05492426932575183,0.08006748030211115,0.05897219896197289,0.023333333333333334,593,240,3,3,corrected_closed_loop,modvis-kappa-2e03357db2c9
111,11,0.6,recovery,0.05335579963713014,0.08627341407968822,0.05720919101859385,0.01,598,236,2,2,corrected_closed_loop,modvis-kappa-2e03357db2c9
111,11,0.6,reduced_reliability,0.054972011445328574,0.11074634141240591,0.0594909301302674,0.03,666,167,1,1,corrected_closed_loop,modvis-kappa-2e03357db2c9
112,12,0.6,baseline,0.052176347681895975,0.05529345601473317,0.05586234669898512,0.01,623,210,2,2,corrected_closed_loop,modvis-kappa-2e03357db2c9
112,12,0.6,recovery,0.052084472229164305,0.06826675477244236,0.05832163760912423,0.02,594,240,3,3,corrected_closed_loop,modvis-kappa-2e03357db2c9
112,12,0.6,reduced_reliability,0.051857851677914214,0.09448221716309382,0.05796912388096833,0.025,660,173,2,2,corrected_closed_loop,modvis-kappa-2e03357db2c9
113,13,0.6,baseline,0.05206255485385231,0.0725712680876223,0.05731753697710737,0.016666666666666666,593,240,3,3,corrected_closed_loop,modvis-kappa-2e03357db2c9
113,13,0.6,recovery,0.052964667936610595,0.0544672253691105,0.06909688675950869,0.013333333333333334,594,240,3,3,corrected_closed_loop,modvis-kappa-2e03357db2c9
113,13,0.6,reduced_reliability,0.05685977824846748,0.06509637298548873,0.0671741999535519,0.013333333333333334,593,240,3,3,corrected_closed_loop,modvis-kappa-2e03357db2c9
114,14,0.6,baseline,0.05326431118241393,0.0707148747809747,0.06321700550586887,0.013333333333333334,593,240,3,3,corrected_closed_loop,modvis-kappa-2e03357db2c9
114,14,0.6,recovery,0.05315070138689265,0.06137921089707536,0.06595683598580417,0.016666666666666666,594,240,3,3,corrected_closed_loop,modvis-kappa-2e03357db2c9
114,14,0.6,reduced_reliability,0.05072805467165472,0.0776414874214148,0.06386819423231775,0.016666666666666666,593,240,3,3,corrected_closed_loop,modvis-kappa-2e03357db2c9
115,15,0.6,baseline,0.04712875648091697,0.08877222467639247,0.05642154265515883,0.01,624,209,2,2,corrected_closed_loop,modvis-kappa-2e03357db2c9
115,15,0.6,recovery,0.05197113568515508,0.07721838378300144,0.06346026424534502,0.02666666666666667,594,240,3,3,corrected_closed_loop,modvis-kappa-2e03357db2c9
115,15,0.6,reduced_reliability,0.05658022521254785,0.10076174750593918,0.05525587820583762,0.02,715,118,1,1,corrected_closed_loop,modvis-kappa-2e03357db2c9
116,16,0.6,baseline,0.0517451306473083,0.0630805911659902,0.05153984433904071,0.015,632,201,2,2,corrected_closed_loop,modvis-kappa-2e03357db2c9
116,16,0.6,recovery,0.056091143573421945,0.0707223939049016,0.06766415601177925,0.02,594,240,3,3,corrected_closed_loop,modvis-kappa-2e03357db2c9
116,16,0.6,reduced_reliability,0.05466677131448784,0.084545715446911,0.06581893267915304,0.02333333333333333,593,240,3,3,corrected_closed_loop,modvis-kappa-2e03357db2c9
117,17,0.6,baseline,0.049726389075452786,0.07940649677572749,0.0566956585574074,0.02333333333333333,593,240,3,3,corrected_closed_loop,modvis-kappa-2e03357db2c9
117,17,0.6,recovery,0.05365067006772439,0.08629113657997675,0.05077575686971949,0.03,666,168,2,2,corrected_closed_loop,modvis-kappa-2e03357db2c9
117,17,0.6,reduced_reliability,0.055314554191060905,0.07290681057726019,0.06255236048480718,0.025,595,238,2,2,corrected_closed_loop,modvis-kappa-2e03357db2c9
118,18,0.6,baseline,0.05308937317680226,0.07631113866207387,0.05909712507191428,0.023333333333333334,593,240,3,3,corrected_closed_loop,modvis-kappa-2e03357db2c9
118,18,0.6,recovery,0.048150457165302786,0.06486200812977429,0.05572937619193497,0.006666666666666667,594,240,3,3,corrected_closed_loop,modvis-kappa-2e03357db2c9
118,18,0.6,reduced_reliability,0.05357896217818274,0.07844344714226358,0.06392188522749602,0.013333333333333334,593,240,3,3,corrected_closed_loop,modvis-kappa-2e03357db2c9
119,19,0.6,baseline,0.05148500620835039,0.0747683360866008,0.06241277800938054,0.016666666666666666,593,240,3,3,corrected_closed_loop,modvis-kappa-2e03357db2c9
119,19,0.6,recovery,0.05033953028204168,0.05826908532921576,0.06012988691857716,0.01,627,207,2,2,corrected_closed_loop,modvis-kappa-2e03357db2c9
119,19,0.6,reduced_reliability,0.05378135827297087,0.09117570060437007,0.06339843081578286,0.015,639,194,2,2,corrected_closed_loop,modvis-kappa-2e03357db2c9
120,20,0.6,baseline,0.04979896356208757,0.10111176228921491,0.058002275582574196,0.02,623,210,2,2,corrected_closed_loop,modvis-kappa-2e03357db2c9
120,20,0.6,recovery,0.05155712298719338,0.10118325766330905,0.05378675146096859,0.025,633,201,2,2,corrected_closed_loop,modvis-kappa-2e03357db2c9
120,20,0.6,reduced_reliability,0.053913644807838765,0.0940435537149589,0.060087228480549135,0.03,641,192,2,2,corrected_closed_loop,modvis-kappa-2e03357db2c9
121,21,0.6,baseline,0.05056171466806138,0.056244146267292426,0.05804824549063236,0.015,602,231,2,2,corrected_closed_loop,modvis-kappa-2e03357db2c9
121,21,0.6,recovery,0.05400977767349487,0.06261077545129912,0.05669781040275332,0.02,694,140,1,1,corrected_closed_loop,modvis-kappa-2e03357db2c9
121,21,0.6,reduced_reliability,0.055413690655659084,0.08351225159128929,0.06687347548133138,0.030000000000000002,593,240,3,3,corrected_closed_loop,modvis-kappa-2e03357db2c9
122,22,0.6,baseline,0.05097609946294546,0.07288938815293293,0.05720565898617815,0.025,649,184,2,2,corrected_closed_loop,modvis-kappa-2e03357db2c9
122,22,0.6,recovery,0.051663557759000604,0.05431931878890198,0.06717905423649313,0.01,594,240,3,3,corrected_closed_loop,modvis-kappa-2e03357db2c9
122,22,0.6,reduced_reliability,0.050552482316116594,0.06576802130718976,0.058232520405839636,0.025,671,162,2,2,corrected_closed_loop,modvis-kappa-2e03357db2c9
123,23,0.6,baseline,0.05128720292880176,0.06971469856860425,0.060030450812770884,0.02,615,218,2,2,corrected_closed_loop,modvis-kappa-2e03357db2c9
123,23,0.6,recovery,0.05415318113554157,0.06030824711399463,0.0531066950135748,0.01,705,129,1,1,corrected_closed_loop,modvis-kappa-2e03357db2c9
123,23,0.6,reduced_reliability,0.05478482998637484,0.06662508717811214,0.0617977001777273,0.0,663,170,2,2,corrected_closed_loop,modvis-kappa-2e03357db2c9
124,24,0.6,baseline,0.056034995899460364,0.11060674530993181,0.05622159341084604,0.01,693,140,1,1,corrected_closed_loop,modvis-kappa-2e03357db2c9
124,24,0.6,recovery,0.05063775206918693,0.06732107137912027,0.060437015389703926,0.02,604,230,2,2,corrected_closed_loop,modvis-kappa-2e03357db2c9
124,24,0.6,reduced_reliability,0.05296169626012559,0.0985679086502435,0.06574058538465358,0.03,598,235,2,2,corrected_closed_loop,modvis-kappa-2e03357db2c9
125,25,0.6,baseline,0.05388495183881424,0.07869637386536456,0.06577278147769818,0.02333333333333333,593,240,3,3,corrected_closed_loop,modvis-kappa-2e03357db2c9
125,25,0.6,recovery,0.054835524244652205,0.07406153825030244,0.061506514849315054,0.02,658,176,2,2,corrected_closed_loop,modvis-kappa-2e03357db2c9
125,25,0.6,reduced_reliability,0.050649129657869024,0.06370163549934497,0.06440901572148694,0.01,593,240,3,3,corrected_closed_loop,modvis-kappa-2e03357db2c9
126,26,0.6,baseline,0.05290724449819469,0.057410350517166225,0.05994369666894594,0.015,617,216,2,2,corrected_closed_loop,modvis-kappa-2e03357db2c9
126,26,0.6,recovery,0.053978365995552016,0.06773267697537978,0.05917099324162442,0.02,671,163,2,2,corrected_closed_loop,modvis-kappa-2e03357db2c9
126,26,0.6,reduced_reliability,0.05363160203729325,0.06446159461498271,0.06435780572869146,0.03,702,131,1,1,corrected_closed_loop,modvis-kappa-2e03357db2c9
127,27,0.6,baseline,0.04818328112980055,0.07560824879684892,0.054355724444286616,0.02,609,224,2,2,corrected_closed_loop,modvis-kappa-2e03357db2c9
127,27,0.6,recovery,0.05140500547103308,0.09887426967000172,0.051715343843763605,0.015,626,208,2,2,corrected_closed_loop,modvis-kappa-2e03357db2c9
127,27,0.6,reduced_reliability,0.050715903240210865,0.08296416498167627,0.05510720980122415,0.015,624,209,2,2,corrected_closed_loop,modvis-kappa-2e03357db2c9
128,28,0.6,baseline,0.05190722155131241,0.05778358004097755,0.056706823752402366,0.02,702,131,1,1,corrected_closed_loop,modvis-kappa-2e03357db2c9
128,28,0.6,recovery,0.05187192105319979,0.06975430583681377,0.05572245575575255,0.025,647,187,2,2,corrected_closed_loop,modvis-kappa-2e03357db2c9
128,28,0.6,reduced_reliability,0.05218053653332168,0.07245130217626752,0.06275660102150679,0.02,593,240,3,3,corrected_closed_loop,modvis-kappa-2e03357db2c9
129,29,0.6,baseline,0.05361311017271911,0.061405073158389105,0.06477260569312294,0.016666666666666666,593,240,3,3,corrected_closed_loop,modvis-kappa-2e03357db2c9
129,29,0.6,recovery,0.05467004720852457,0.10016937686593963,0.05452043923290162,0.02,656,178,1,1,corrected_closed_loop,modvis-kappa-2e03357db2c9
129,29,0.6,reduced_reliability,0.054925479026767185,0.0861040329943634,0.07260079339750272,0.023333333333333334,593,240,3,3,corrected_closed_loop,modvis-kappa-2e03357db2c9
130,30,0.6,baseline,0.05146487985740056,0.08324611488782761,0.06000466862521311,0.01,619,214,2,2,corrected_closed_loop,modvis-kappa-2e03357db2c9
130,30,0.6,recovery,0.05663018196370594,0.09464532994802183,0.06722186465378352,0.015,649,185,2,2,corrected_closed_loop,modvis-kappa-2e03357db2c9
130,30,0.6,reduced_reliability,0.057021480977718246,0.09899765765114099,0.06841803655488299,0.02,616,217,1,1,corrected_closed_loop,modvis-kappa-2e03357db2c9
131,31,0.6,baseline,0.05207429512638108,0.06902702500351925,0.05980343202904094,0.023333333333333334,593,240,3,3,corrected_closed_loop,modvis-kappa-2e03357db2c9
131,31,0.6,recovery,0.05308446030677136,0.07241881664389768,0.059810689454267416,0.023333333333333334,594,240,3,3,corrected_closed_loop,modvis-kappa-2e03357db2c9
131,31,0.6,reduced_reliability,0.053548947687665015,0.07550047395183285,0.0812227967795074,0.030000000000000002,593,240,3,3,corrected_closed_loop,modvis-kappa-2e03357db2c9
132,32,0.6,baseline,0.05097539018435661,0.05070028392192773,0.05513842979436651,0.005,661,172,2,2,corrected_closed_loop,modvis-kappa-2e03357db2c9
132,32,0.6,recovery,0.05690375577275485,0.08765193468198682,0.05762980818839852,0.02,602,232,2,2,corrected_closed_loop,modvis-kappa-2e03357db2c9
132,32,0.6,reduced_reliability,0.053771988613690286,0.08473583267499787,0.060230017941859865,0.015,641,192,2,2,corrected_closed_loop,modvis-kappa-2e03357db2c9
133,33,0.6,baseline,0.05303621504211288,0.07768208701815443,0.06005212124116561,0.016666666666666666,593,240,3,3,corrected_closed_loop,modvis-kappa-2e03357db2c9
133,33,0.6,recovery,0.05127193210724914,0.05918635481497021,0.0563109257220817,0.006666666666666667,594,240,3,3,corrected_closed_loop,modvis-kappa-2e03357db2c9
133,33,0.6,reduced_reliability,0.054268452163079385,0.0709124808676619,0.054390541694308014,0.015,601,232,2,2,corrected_closed_loop,modvis-kappa-2e03357db2c9
134,34,0.6,baseline,0.05303044886983147,0.06805823978675087,0.06235732831910402,0.01,593,240,3,3,corrected_closed_loop,modvis-kappa-2e03357db2c9
134,34,0.6,recovery,0.05485904405271566,0.08922263717717835,0.055187762811740586,0.03,642,192,1,1,corrected_closed_loop,modvis-kappa-2e03357db2c9
134,34,0.6,reduced_reliability,0.05809894675641289,0.07776527647972913,0.06062417905484013,0.023333333333333334,593,240,3,3,corrected_closed_loop,modvis-kappa-2e03357db2c9
135,35,0.6,baseline,0.052864997681610244,0.06823031092190088,0.05598780286747533,0.02,627,206,2,2,corrected_closed_loop,modvis-kappa-2e03357db2c9
135,35,0.6,recovery,0.05309836872095196,0.09880325508218114,0.05863051033013815,0.02,641,193,2,2,corrected_closed_loop,modvis-kappa-2e03357db2c9
135,35,0.6,reduced_reliability,0.05117756029344764,0.06411877094097868,0.06416359061015436,0.015,666,167,2,2,corrected_closed_loop,modvis-kappa-2e03357db2c9
136,36,0.6,baseline,0.05276480030840734,0.0831172905014264,0.05669356295408379,0.023333333333333334,593,240,3,3,corrected_closed_loop,modvis-kappa-2e03357db2c9
136,36,0.6,recovery,0.05568206936926311,0.06933632733415852,0.06375969372247645,0.013333333333333334,594,240,3,3,corrected_closed_loop,modvis-kappa-2e03357db2c9
136,36,0.6,reduced_reliability,0.0544212543204033,0.06804356137315427,0.07479579287718319,0.0033333333333333335,593,240,3,3,corrected_closed_loop,modvis-kappa-2e03357db2c9
137,37,0.6,baseline,0.05243819337238668,0.06874245679253842,0.06949170441389267,0.016666666666666666,593,240,3,3,corrected_closed_loop,modvis-kappa-2e03357db2c9
137,37,0.6,recovery,0.05590264456758587,0.07568918254027686,0.05986270456410931,0.03,594,240,2,2,corrected_closed_loop,modvis-kappa-2e03357db2c9
137,37,0.6,reduced_reliability,0.052456495060839325,0.09681368930825274,0.054729913000111416,0.02,597,236,1,1,corrected_closed_loop,modvis-kappa-2e03357db2c9
138,38,0.6,baseline,0.049384602552353885,0.04348436095844358,0.04659790715542948,0.01,658,175,1,1,corrected_closed_loop,modvis-kappa-2e03357db2c9
138,38,0.6,recovery,0.051745022041784695,0.057602622633572347,0.05231596150721389,0.01,688,146,1,1,corrected_closed_loop,modvis-kappa-2e03357db2c9
138,38,0.6,reduced_reliability,0.048995154899362584,0.08527512200807746,0.05503167438873357,0.01,646,187,2,2,corrected_closed_loop,modvis-kappa-2e03357db2c9
139,39,0.6,baseline,0.05151801007601421,0.05288167260388503,0.05471264684663628,0.01,656,177,2,2,corrected_closed_loop,modvis-kappa-2e03357db2c9
139,39,0.6,recovery,0.05523599536654025,0.06937813995793306,0.06140848583158152,0.02,594,240,3,3,corrected_closed_loop,modvis-kappa-2e03357db2c9
139,39,0.6,reduced_reliability,0.05422225321360454,0.08334921516883446,0.06009744414921775,0.02,638,195,1,1,corrected_closed_loop,modvis-kappa-2e03357db2c9
140,40,0.6,baseline,0.04960370817195748,0.11040328705143197,0.05132790060437761,0.01,702,131,1,1,corrected_closed_loop,modvis-kappa-2e03357db2c9
140,40,0.6,recovery,0.05263423475756643,0.07675869810102262,0.05753683566442676,0.016666666666666666,594,240,3,3,corrected_closed_loop,modvis-kappa-2e03357db2c9
140,40,0.6,reduced_reliability,0.05578016655121836,0.10335620386009553,0.05814390111485863,0.02,650,183,2,2,corrected_closed_loop,modvis-kappa-2e03357db2c9
141,41,0.6,baseline,0.05041472877140103,0.09067643942549515,0.05228268940123131,0.01,659,174,2,2,corrected_closed_loop,modvis-kappa-2e03357db2c9
141,41,0.6,recovery,0.05880808749769739,0.07055330133321788,0.07151113536472005,0.02333333333333333,594,240,3,3,corrected_closed_loop,modvis-kappa-2e03357db2c9
141,41,0.6,reduced_reliability,0.051503934375438674,0.06860304786324001,0.05775965074396734,0.02,593,240,3,3,corrected_closed_loop,modvis-kappa-2e03357db2c9
142,42,0.6,baseline,0.04925916291607802,0.06418852995920396,0.05741182267118053,0.01,669,164,2,2,corrected_closed_loop,modvis-kappa-2e03357db2c9
142,42,0.6,recovery,0.0530553360306376,0.09799830477401872,0.056566278026350114,0.025,662,172,2,2,corrected_closed_loop,modvis-kappa-2e03357db2c9
142,42,0.6,reduced_reliability,0.05441637134953442,0.0732838064020051,0.07471010866813156,0.02,593,240,3,3,corrected_closed_loop,modvis-kappa-2e03357db2c9
143,43,0.6,baseline,0.05438195050204029,0.07089478322092685,0.0666098695911417,0.01,593,240,3,3,corrected_closed_loop,modvis-kappa-2e03357db2c9
143,43,0.6,recovery,0.05490069142184407,0.07159235491175908,0.06365741704950223,0.01,594,240,3,3,corrected_closed_loop,modvis-kappa-2e03357db2c9
143,43,0.6,reduced_reliability,0.0542498388222331,0.06702044771750228,0.07936131458341697,0.025,595,238,2,2,corrected_closed_loop,modvis-kappa-2e03357db2c9
144,44,0.6,baseline,0.051448138874435216,0.05714420469301624,0.05508341678186163,0.01,672,161,2,2,corrected_closed_loop,modvis-kappa-2e03357db2c9
144,44,0.6,recovery,0.053737741580134904,0.10193240224754228,0.04953149720709497,0.02,715,119,1,1,corrected_closed_loop,modvis-kappa-2e03357db2c9
144,44,0.6,reduced_reliability,0.054174171150339456,0.07424265931244478,0.06103996569805226,0.02,593,240,3,3,corrected_closed_loop,modvis-kappa-2e03357db2c9
145,45,0.6,baseline,0.05018925958062667,0.09037815497528018,0.057161283634456043,0.030000000000000002,622,211,2,2,corrected_closed_loop,modvis-kappa-2e03357db2c9
145,45,0.6,recovery,0.05242062314117853,0.07428636370378668,0.059853931949426085,0.025,628,206,2,2,corrected_closed_loop,modvis-kappa-2e03357db2c9
145,45,0.6,reduced_reliability,0.05536247011805933,0.08128811782405129,0.05761312553788348,0.01,622,211,1,1,corrected_closed_loop,modvis-kappa-2e03357db2c9
146,46,0.6,baseline,0.04849876580947924,0.05704786312594063,0.060255056262725856,0.02,626,207,2,2,corrected_closed_loop,modvis-kappa-2e03357db2c9
146,46,0.6,recovery,0.050441229787195105,0.08000542688501576,0.07111833548105588,0.03,594,240,3,3,corrected_closed_loop,modvis-kappa-2e03357db2c9
146,46,0.6,reduced_reliability,0.053034723319099496,0.0961958864496956,0.06112659595001299,0.02,656,177,2,2,corrected_closed_loop,modvis-kappa-2e03357db2c9
147,47,0.6,baseline,0.052371122607433145,0.07369298446990805,0.06372581237491,0.013333333333333334,593,240,3,3,corrected_closed_loop,modvis-kappa-2e03357db2c9
147,47,0.6,recovery,0.04994244036976673,0.06136144437327645,0.06254983165195346,0.01,594,240,3,3,corrected_closed_loop,modvis-kappa-2e03357db2c9
147,47,0.6,reduced_reliability,0.05690258564026356,0.08242962727236873,0.07309662921655058,0.016666666666666666,593,240,3,3,corrected_closed_loop,modvis-kappa-2e03357db2c9
148,48,0.6,baseline,0.05149649548773909,0.057068185181582375,0.056793872821087915,0.006666666666666667,593,240,3,3,corrected_closed_loop,modvis-kappa-2e03357db2c9
148,48,0.6,recovery,0.055469108731275585,0.07375266973170906,0.06348804023938867,0.023333333333333334,594,240,3,3,corrected_closed_loop,modvis-kappa-2e03357db2c9
148,48,0.6,reduced_reliability,0.05301745418121414,0.08947571166314698,0.05409494988258024,0.03,596,237,2,2,corrected_closed_loop,modvis-kappa-2e03357db2c9
149,49,0.6,baseline,0.05145285288468327,0.06783820072069519,0.06138565454794249,0.013333333333333334,593,240,3,3,corrected_closed_loop,modvis-kappa-2e03357db2c9
149,49,0.6,recovery,0.05481581431731576,0.07979725434426621,0.06720406778664216,0.02666666666666667,594,240,3,3,corrected_closed_loop,modvis-kappa-2e03357db2c9
149,49,0.6,reduced_reliability,0.05271792663391851,0.09434216918005074,0.058862832635196045,0.01,688,145,1,1,corrected_closed_loop,modvis-kappa-2e03357db2c9
150,50,0.6,baseline,0.05330968965978111,0.07723229268058363,0.06420441451020065,0.03,636,197,2,2,corrected_closed_loop,modvis-kappa-2e03357db2c9
150,50,0.6,recovery,0.053674121732577185,0.0622067378231451,0.057226649647943766,0.015,626,208,2,2,corrected_closed_loop,modvis-kappa-2e03357db2c9
150,50,0.6,reduced_reliability,0.05056288961985297,0.05979479047844774,0.06001276316491676,0.015,649,184,2,2,corrected_closed_loop,modvis-kappa-2e03357db2c9
151,51,0.6,baseline,0.051136663944746294,0.07358009524766916,0.05586570486612598,0.013333333333333334,593,240,3,3,corrected_closed_loop,modvis-kappa-2e03357db2c9
151,51,0.6,recovery,0.05516521397833638,0.07248141244591846,0.05742973908293611,0.023333333333333334,594,240,3,3,corrected_closed_loop,modvis-kappa-2e03357db2c9
151,51,0.6,reduced_reliability,0.052856191891829635,0.09527835376252115,0.05750231393682931,0.02,607,226,2,2,corrected_closed_loop,modvis-kappa-2e03357db2c9
152,52,0.6,baseline,0.05298945873773602,0.060034398089940356,0.06547936922687565,0.016666666666666666,593,240,3,3,corrected_closed_loop,modvis-kappa-2e03357db2c9
152,52,0.6,recovery,0.058291974477928735,0.07125037178897589,0.06293114690709463,0.015,609,225,2,2,corrected_closed_loop,modvis-kappa-2e03357db2c9
152,52,0.6,reduced_reliability,0.057015769783840035,0.08724855572895682,0.049273029874819026,0.02,593,240,3,3,corrected_closed_loop,modvis-kappa-2e03357db2c9
153,53,0.6,baseline,0.05223875068259663,0.07395646440433712,0.06091235157948586,0.02,624,209,2,2,corrected_closed_loop,modvis-kappa-2e03357db2c9
153,53,0.6,recovery,0.048103957616261545,0.08926373939162464,0.058523186538985895,0.02,633,201,2,2,corrected_closed_loop,modvis-kappa-2e03357db2c9
153,53,0.6,reduced_reliability,0.053727233850014385,0.08582480971012947,0.061642265684989817,0.03333333333333333,593,240,3,3,corrected_closed_loop,modvis-kappa-2e03357db2c9
154,54,0.6,baseline,0.05299127035118685,0.10366448363822234,0.05872344836931357,0.005,662,171,2,2,corrected_closed_loop,modvis-kappa-2e03357db2c9
154,54,0.6,recovery,0.04937747210990155,0.05910304273731002,0.06270231854330492,0.0033333333333333335,594,240,3,3,corrected_closed_loop,modvis-kappa-2e03357db2c9
154,54,0.6,reduced_reliability,0.052386761010846966,0.06890521053505903,0.06625456543215368,0.016666666666666666,593,240,3,3,corrected_closed_loop,modvis-kappa-2e03357db2c9
155,55,0.6,baseline,0.05237342969665726,0.08195994831224367,0.06112818662643604,0.02666666666666667,593,240,3,3,corrected_closed_loop,modvis-kappa-2e03357db2c9
155,55,0.6,recovery,0.05405215631865491,0.07224195829216877,0.07069645866126019,0.013333333333333334,594,240,3,3,corrected_closed_loop,modvis-kappa-2e03357db2c9
155,55,0.6,reduced_reliability,0.0494044881669955,0.06184661567496129,0.06890217513071606,0.01,593,240,3,3,corrected_closed_loop,modvis-kappa-2e03357db2c9
156,56,0.6,baseline,0.05302633882990809,0.07640028773301519,0.04789926236638481,0.025,625,208,2,2,corrected_closed_loop,modvis-kappa-2e03357db2c9
156,56,0.6,recovery,0.05390162980947288,0.06199347032398241,0.05324460710914847,0.01,663,171,2,2,corrected_closed_loop,modvis-kappa-2e03357db2c9
156,56,0.6,reduced_reliability,0.055329436763797944,0.0734838618623942,0.06788034161385323,0.025,643,190,2,2,corrected_closed_loop,modvis-kappa-2e03357db2c9
157,57,0.6,baseline,0.051976271953813755,0.0656011785782919,0.06322844136005668,0.016666666666666666,593,240,3,3,corrected_closed_loop,modvis-kappa-2e03357db2c9
157,57,0.6,recovery,0.05251013910780819,0.08461546891572133,0.05835576412451319,0.015,664,170,2,2,corrected_closed_loop,modvis-kappa-2e03357db2c9
157,57,0.6,reduced_reliability,0.05350698155937705,0.10136424516063158,0.05438521440488771,0.01,616,217,1,1,corrected_closed_loop,modvis-kappa-2e03357db2c9
158,58,0.6,baseline,0.051064512485759224,0.06198827186373346,0.058769020859470944,0.01,593,240,3,3,corrected_closed_loop,modvis-kappa-2e03357db2c9
158,58,0.6,recovery,0.05363313830492265,0.0839043127444678,0.0649209913412996,0.01,602,232,2,2,corrected_closed_loop,modvis-kappa-2e03357db2c9
158,58,0.6,reduced_reliability,0.055814552546682716,0.0967553361490631,0.06381688320733797,0.01,598,235,2,2,corrected_closed_loop,modvis-kappa-2e03357db2c9
159,59,0.6,baseline,0.050709814192900014,0.0828310891657764,0.055206881020654484,0.01,629,204,2,2,corrected_closed_loop,modvis-kappa-2e03357db2c9
159,59,0.6,recovery,0.05675540232385064,0.07610590281557733,0.06590247594855903,0.013333333333333334,594,240,3,3,corrected_closed_loop,modvis-kappa-2e03357db2c9
159,59,0.6,reduced_reliability,0.0526049601870641,0.08821149408689351,0.056797074192761504,0.02,661,172,2,2,corrected_closed_loop,modvis-kappa-2e03357db2c9
160,60,0.6,baseline,0.051552853182869646,0.07193829151537541,0.056990671077715466,0.02,593,240,3,3,corrected_closed_loop,modvis-kappa-2e03357db2c9
160,60,0.6,recovery,0.051968687873584635,0.08790075297146911,0.057895959408013564,0.01,604,230,2,2,corrected_closed_loop,modvis-kappa-2e03357db2c9
160,60,0.6,reduced_reliability,0.05356171086374956,0.06784903631647847,0.06508761399901415,0.02,669,164,2,2,corrected_closed_loop,modvis-kappa-2e03357db2c9
161,61,0.6,baseline,0.04926279413650263,0.06883947204111783,0.05117815088193364,0.016666666666666666,593,240,3,3,corrected_closed_loop,modvis-kappa-2e03357db2c9
161,61,0.6,recovery,0.054142350700972536,0.06662905735061098,0.0625173730061212,0.015,604,230,2,2,corrected_closed_loop,modvis-kappa-2e03357db2c9
161,61,0.6,reduced_reliability,0.05561051320944243,0.07674736906260281,0.06887564220439513,0.023333333333333334,593,240,3,3,corrected_closed_loop,modvis-kappa-2e03357db2c9
162,62,0.6,baseline,0.053405337534696014,0.07156119546522008,0.064285852028393,0.023333333333333334,593,240,3,3,corrected_closed_loop,modvis-kappa-2e03357db2c9
162,62,0.6,recovery,0.05270498635915219,0.08669081149020946,0.057466577039870216,0.02,636,198,1,1,corrected_closed_loop,modvis-kappa-2e03357db2c9
162,62,0.6,reduced_reliability,0.05381042573524496,0.05652155654974708,0.06662843855010145,0.015,663,170,2,2,corrected_closed_loop,modvis-kappa-2e03357db2c9
163,63,0.6,baseline,0.052905567516147646,0.06562839831398368,0.06290907612051412,0.016666666666666666,593,240,3,3,corrected_closed_loop,modvis-kappa-2e03357db2c9
163,63,0.6,recovery,0.052366086616548284,0.09150068118340998,0.05975214087089861,0.025,644,190,2,2,corrected_closed_loop,modvis-kappa-2e03357db2c9
163,63,0.6,reduced_reliability,0.05298719849731207,0.07021042550786843,0.062498545019252304,0.015,638,195,2,2,corrected_closed_loop,modvis-kappa-2e03357db2c9
164,64,0.6,baseline,0.052852878475681306,0.07285074120239957,0.05812496495383652,0.025,644,189,2,2,corrected_closed_loop,modvis-kappa-2e03357db2c9
164,64,0.6,recovery,0.05459933726451673,0.07129306692394709,0.06544109887909648,0.02,594,240,3,3,corrected_closed_loop,modvis-kappa-2e03357db2c9
164,64,0.6,reduced_reliability,0.0496657738500062,0.0890875324672344,0.05842348334122266,0.02,646,187,2,2,corrected_closed_loop,modvis-kappa-2e03357db2c9
165,65,0.6,baseline,0.052980941812786245,0.06714454940288464,0.05985094119122765,0.02,595,238,2,2,corrected_closed_loop,modvis-kappa-2e03357db2c9
165,65,0.6,recovery,0.05426150731585033,0.07914740877869673,0.05804370506574762,0.02,594,240,3,3,corrected_closed_loop,modvis-kappa-2e03357db2c9
165,65,0.6,reduced_reliability,0.05299954164053482,0.08389712223204948,0.056202361212144794,0.01,600,233,2,2,corrected_closed_loop,modvis-kappa-2e03357db2c9
166,66,0.6,baseline,0.05250926363626432,0.08167587561476383,0.05737977082885749,0.016666666666666666,593,240,3,3,corrected_closed_loop,modvis-kappa-2e03357db2c9
166,66,0.6,recovery,0.05669987596324449,0.08098509237255754,0.06406573321994116,0.02666666666666667,594,240,3,3,corrected_closed_loop,modvis-kappa-2e03357db2c9
166,66,0.6,reduced_reliability,0.050803404888932945,0.08730912199536081,0.05377839983091311,0.015,664,169,2,2,corrected_closed_loop,modvis-kappa-2e03357db2c9
167,67,0.6,baseline,0.05415770307103585,0.0872290040446378,0.06087959521874462,0.016666666666666666,593,240,3,3,corrected_closed_loop,modvis-kappa-2e03357db2c9
167,67,0.6,recovery,0.05284310197232535,0.06924655644541007,0.06705728331604928,0.02,594,240,3,3,corrected_closed_loop,modvis-kappa-2e03357db2c9
167,67,0.6,reduced_reliability,0.054666065553857474,0.0789653771447166,0.06755897065633694,0.02,593,240,3,3,corrected_closed_loop,modvis-kappa-2e03357db2c9
168,68,0.6,baseline,0.05332822873247957,0.09721628300985415,0.06215938584148244,0.02,597,236,2,2,corrected_closed_loop,modvis-kappa-2e03357db2c9
168,68,0.6,recovery,0.05292261636607134,0.07822062832457337,0.05942888115967024,0.016666666666666666,594,240,3,3,corrected_closed_loop,modvis-kappa-2e03357db2c9
168,68,0.6,reduced_reliability,0.04946346618288148,0.06818169585444281,0.056883025228059374,0.01,606,227,2,2,corrected_closed_loop,modvis-kappa-2e03357db2c9
169,69,0.6,baseline,0.050020820282859396,0.08177811394553393,0.0584163530258286,0.02,622,211,2,2,corrected_closed_loop,modvis-kappa-2e03357db2c9
169,69,0.6,recovery,0.05237363031716505,0.08115756474727503,0.06115719785173633,0.01,661,173,2,2,corrected_closed_loop,modvis-kappa-2e03357db2c9
169,69,0.6,reduced_reliability,0.05409060471953562,0.10051438346346823,0.06009992403445908,0.015,654,179,2,2,corrected_closed_loop,modvis-kappa-2e03357db2c9
170,70,0.6,baseline,0.04796571904136649,0.0836003961608328,0.06054035081493026,0.02,668,165,2,2,corrected_closed_loop,modvis-kappa-2e03357db2c9
170,70,0.6,recovery,0.051317620896959536,0.05646492920228321,0.05832564660457875,0.006666666666666667,594,240,3,3,corrected_closed_loop,modvis-kappa-2e03357db2c9
170,70,0.6,reduced_reliability,0.0536113909688111,0.06479180643377788,0.07089665570912917,0.01,593,240,3,3,corrected_closed_loop,modvis-kappa-2e03357db2c9
171,71,0.6,baseline,0.050846404524259765,0.06556537610885961,0.05611776331205313,0.01,618,215,2,2,corrected_closed_loop,modvis-kappa-2e03357db2c9
171,71,0.6,recovery,0.053344044811477496,0.0710131404793928,0.060638149318954435,0.02,594,240,3,3,corrected_closed_loop,modvis-kappa-2e03357db2c9
171,71,0.6,reduced_reliability,0.05455444837301098,0.07310931346965541,0.06125658187243013,0.016666666666666666,593,240,3,3,corrected_closed_loop,modvis-kappa-2e03357db2c9
172,72,0.6,baseline,0.0569761343728848,0.06119931766264757,0.06729019533991933,0.006666666666666667,593,240,3,3,corrected_closed_loop,modvis-kappa-2e03357db2c9
172,72,0.6,recovery,0.05249907424827776,0.07774604147492606,0.052915035135340474,0.02,594,240,3,3,corrected_closed_loop,modvis-kappa-2e03357db2c9
172,72,0.6,reduced_reliability,0.056664233782146654,0.0655694542435334,0.06628201644639457,0.013333333333333334,593,240,3,3,corrected_closed_loop,modvis-kappa-2e03357db2c9
173,73,0.6,baseline,0.047602490657439746,0.0972217749475222,0.05233421338133754,0.015,616,217,2,2,corrected_closed_loop,modvis-kappa-2e03357db2c9
173,73,0.6,recovery,0.049379551034924404,0.07859838038508113,0.057408931919960035,0.02,594,240,3,3,corrected_closed_loop,modvis-kappa-2e03357db2c9
173,73,0.6,reduced_reliability,0.04943776885411202,0.09110268149078735,0.054139379954343446,0.025,623,210,2,2,corrected_closed_loop,modvis-kappa-2e03357db2c9
174,74,0.6,baseline,0.05357217090275977,0.07628307466619423,0.05906326855332226,0.02,593,240,3,3,corrected_closed_loop,modvis-kappa-2e03357db2c9
174,74,0.6,recovery,0.04967700633958228,0.06611734588528964,0.05640397545242864,0.016666666666666666,594,240,3,3,corrected_closed_loop,modvis-kappa-2e03357db2c9
174,74,0.6,reduced_reliability,0.05217597067067575,0.07512090503089647,0.06276263844559736,0.025,670,163,2,2,corrected_closed_loop,modvis-kappa-2e03357db2c9
175,75,0.6,baseline,0.05189975968834314,0.0630541057780104,0.057998278657269565,0.013333333333333334,593,240,3,3,corrected_closed_loop,modvis-kappa-2e03357db2c9
175,75,0.6,recovery,0.05258124861905342,0.06487600713404097,0.057648706411833776,0.005,657,177,2,2,corrected_closed_loop,modvis-kappa-2e03357db2c9
175,75,0.6,reduced_reliability,0.05749331778459383,0.09545803505883696,0.06591861453019622,0.043333333333333335,593,240,3,3,corrected_closed_loop,modvis-kappa-2e03357db2c9
176,76,0.6,baseline,0.04951378815394634,0.07567662538203264,0.0569564930346843,0.013333333333333334,593,240,3,3,corrected_closed_loop,modvis-kappa-2e03357db2c9
176,76,0.6,recovery,0.05237866800492579,0.09743014967258654,0.057645141102148696,0.02,646,188,2,2,corrected_closed_loop,modvis-kappa-2e03357db2c9
176,76,0.6,reduced_reliability,0.05190246099526353,0.07618311706243226,0.05850482090742998,0.013333333333333334,593,240,3,3,corrected_closed_loop,modvis-kappa-2e03357db2c9
177,77,0.6,baseline,0.052828380242249694,0.08104512571449424,0.06425666220117864,0.01,597,236,2,2,corrected_closed_loop,modvis-kappa-2e03357db2c9
177,77,0.6,recovery,0.05223614883450262,0.07123531350535432,0.05614111267990864,0.02,645,189,2,2,corrected_closed_loop,modvis-kappa-2e03357db2c9
177,77,0.6,reduced_reliability,0.05443150836601278,0.10646406492073532,0.05767499251801904,0.01,633,200,2,2,corrected_closed_loop,modvis-kappa-2e03357db2c9
178,78,0.6,baseline,0.04782532862996041,0.06257613601154008,0.06136258415487581,0.013333333333333334,593,240,3,3,corrected_closed_loop,modvis-kappa-2e03357db2c9
178,78,0.6,recovery,0.05213101513829055,0.06219664689022115,0.059286267528554606,0.013333333333333334,594,240,3,3,corrected_closed_loop,modvis-kappa-2e03357db2c9
178,78,0.6,reduced_reliability,0.05650802572941414,0.06852218945707374,0.06612608070775455,0.01,626,207,2,2,corrected_closed_loop,modvis-kappa-2e03357db2c9
179,79,0.6,baseline,0.052623074248934525,0.09697530058671164,0.061333986093934714,0.02,632,201,2,2,corrected_closed_loop,modvis-kappa-2e03357db2c9
179,79,0.6,recovery,0.05307376779760111,0.045357313736381195,0.04700272682219047,0.0,665,169,1,1,corrected_closed_loop,modvis-kappa-2e03357db2c9
179,79,0.6,reduced_reliability,0.0575559266269063,0.10650413123262142,0.05844684037934473,0.025,603,230,2,2,corrected_closed_loop,modvis-kappa-2e03357db2c9
180,80,0.6,baseline,0.051039624235142474,0.09413848981145698,0.0564767373726758,0.025,670,163,2,2,corrected_closed_loop,modvis-kappa-2e03357db2c9
180,80,0.6,recovery,0.05618893774425661,0.09748613352311522,0.06003771145472938,0.035,608,226,2,2,corrected_closed_loop,modvis-kappa-2e03357db2c9
180,80,0.6,reduced_reliability,0.05404808365337615,0.07014596544592668,0.06346138727565519,0.01,593,240,3,3,corrected_closed_loop,modvis-kappa-2e03357db2c9
181,81,0.6,baseline,0.05406056437771892,0.09208776980177776,0.05444677008908831,0.01,616,217,1,1,corrected_closed_loop,modvis-kappa-2e03357db2c9
181,81,0.6,recovery,0.05634455744976605,0.09421721275490348,0.05718035092806596,0.02,661,173,2,2,corrected_closed_loop,modvis-kappa-2e03357db2c9
181,81,0.6,reduced_reliability,0.05208565045620083,0.08016971032567834,0.07289972624491105,0.02666666666666667,593,240,3,3,corrected_closed_loop,modvis-kappa-2e03357db2c9
182,82,0.6,baseline,0.0535121663995529,0.09204900287443503,0.0635842717338292,0.02,593,240,2,2,corrected_closed_loop,modvis-kappa-2e03357db2c9
182,82,0.6,recovery,0.05314290829102534,0.06659524556459018,0.05467133597087061,0.02,668,166,2,2,corrected_closed_loop,modvis-kappa-2e03357db2c9
182,82,0.6,reduced_reliability,0.0526804859696067,0.07691251166207372,0.060777800506523094,0.015,598,235,2,2,corrected_closed_loop,modvis-kappa-2e03357db2c9
183,83,0.6,baseline,0.054063468133641254,0.09418819495197885,0.060315244334741745,0.02,710,123,1,1,corrected_closed_loop,modvis-kappa-2e03357db2c9
183,83,0.6,recovery,0.05444690139127873,0.08001905381400057,0.05712174177527707,0.015,600,234,2,2,corrected_closed_loop,modvis-kappa-2e03357db2c9
183,83,0.6,reduced_reliability,0.05075422750497672,0.08220051333516877,0.059387750314722,0.02666666666666667,593,240,3,3,corrected_closed_loop,modvis-kappa-2e03357db2c9
184,84,0.6,baseline,0.052300847720054666,0.09865682339282553,0.06190893016764385,0.025,652,181,2,2,corrected_closed_loop,modvis-kappa-2e03357db2c9
184,84,0.6,recovery,0.05526176185480509,0.0690511947455977,0.05533617851485241,0.01,594,240,3,3,corrected_closed_loop,modvis-kappa-2e03357db2c9
184,84,0.6,reduced_reliability,0.05248483627275123,0.0852554875043913,0.06041747948004045,0.023333333333333334,593,240,3,3,corrected_closed_loop,modvis-kappa-2e03357db2c9
185,85,0.6,baseline,0.05263077875804074,0.07747025082922147,0.061991349543273504,0.02,631,202,2,2,corrected_closed_loop,modvis-kappa-2e03357db2c9
185,85,0.6,recovery,0.05386875126001866,0.07888595993043265,0.06191933092069375,0.02666666666666667,594,240,3,3,corrected_closed_loop,modvis-kappa-2e03357db2c9
185,85,0.6,reduced_reliability,0.055658300210374566,0.08371123207438531,0.056778365466947825,0.016666666666666666,593,240,3,3,corrected_closed_loop,modvis-kappa-2e03357db2c9
186,86,0.6,baseline,0.055612327189756616,0.0665151829991613,0.0677173553103359,0.015,647,186,2,2,corrected_closed_loop,modvis-kappa-2e03357db2c9
186,86,0.6,recovery,0.055234576463551344,0.08968995776950973,0.06294399216359924,0.02,626,208,2,2,corrected_closed_loop,modvis-kappa-2e03357db2c9
186,86,0.6,reduced_reliability,0.05402242822403585,0.07350656778940384,0.06856466281484862,0.015,632,201,2,2,corrected_closed_loop,modvis-kappa-2e03357db2c9
187,87,0.6,baseline,0.05192827213403625,0.0947092376533061,0.05723240705661025,0.02,662,171,2,2,corrected_closed_loop,modvis-kappa-2e03357db2c9
187,87,0.6,recovery,0.05057698838548276,0.07000449967569562,0.06103687958737931,0.023333333333333334,594,240,3,3,corrected_closed_loop,modvis-kappa-2e03357db2c9
187,87,0.6,reduced_reliability,0.049910701126580165,0.06817563743525319,0.06410202301485217,0.025,618,215,2,2,corrected_closed_loop,modvis-kappa-2e03357db2c9
188,88,0.6,baseline,0.05070711288250752,0.07398820769447527,0.0621976223323443,0.02,593,240,3,3,corrected_closed_loop,modvis-kappa-2e03357db2c9
188,88,0.6,recovery,0.05142630832402387,0.06479427531816258,0.06404697456929559,0.016666666666666666,594,240,3,3,corrected_closed_loop,modvis-kappa-2e03357db2c9
188,88,0.6,reduced_reliability,0.05502560404034497,0.10709201974302615,0.06265048290418239,0.01,668,165,1,1,corrected_closed_loop,modvis-kappa-2e03357db2c9
189,89,0.6,baseline,0.04897642427440298,0.067506097948699,0.05541582864889222,0.025,616,217,2,2,corrected_closed_loop,modvis-kappa-2e03357db2c9
189,89,0.6,recovery,0.05463848521666988,0.07338300255022792,0.06688008567794308,0.02333333333333333,594,240,3,3,corrected_closed_loop,modvis-kappa-2e03357db2c9
189,89,0.6,reduced_reliability,0.05424846483077986,0.08388600835564163,0.05507125332936398,0.02666666666666667,593,240,3,3,corrected_closed_loop,modvis-kappa-2e03357db2c9
190,90,0.6,baseline,0.051775831310064045,0.08080271177740062,0.06256461403937058,0.013333333333333334,593,240,3,3,corrected_closed_loop,modvis-kappa-2e03357db2c9
190,90,0.6,recovery,0.05750392027797576,0.06746548773483564,0.05853770188908459,0.015,640,194,2,2,corrected_closed_loop,modvis-kappa-2e03357db2c9
190,90,0.6,reduced_reliability,0.05207261548911218,0.08956931705918852,0.06822750053839224,0.016666666666666666,593,240,3,3,corrected_closed_loop,modvis-kappa-2e03357db2c9
191,91,0.6,baseline,0.051307190942468814,0.08773382221247268,0.05690323790197812,0.03,642,191,2,2,corrected_closed_loop,modvis-kappa-2e03357db2c9
191,91,0.6,recovery,0.05576802039237225,0.07906457985235159,0.06156102985890668,0.02,659,175,2,2,corrected_closed_loop,modvis-kappa-2e03357db2c9
191,91,0.6,reduced_reliability,0.05259722642411596,0.08244985552096766,0.06258127731218034,0.03,593,240,3,3,corrected_closed_loop,modvis-kappa-2e03357db2c9
192,92,0.6,baseline,0.05510037875592653,0.08773181064891436,0.06792345685409945,0.03333333333333333,593,240,3,3,corrected_closed_loop,modvis-kappa-2e03357db2c9
192,92,0.6,recovery,0.05568764718591428,0.10194040783614693,0.058127572009743354,0.01,625,209,2,2,corrected_closed_loop,modvis-kappa-2e03357db2c9
192,92,0.6,reduced_reliability,0.05273614324064422,0.08406702969212454,0.06437960684948657,0.023333333333333334,593,240,3,3,corrected_closed_loop,modvis-kappa-2e03357db2c9
193,93,0.6,baseline,0.055333061902072746,0.06703970157337293,0.06242514667705403,0.02,593,240,3,3,corrected_closed_loop,modvis-kappa-2e03357db2c9
193,93,0.6,recovery,0.05291900776340073,0.06814178211836323,0.061095895292794695,0.025,634,200,2,2,corrected_closed_loop,modvis-kappa-2e03357db2c9
193,93,0.6,reduced_reliability,0.05430710556527918,0.08472946008710618,0.06599834669832942,0.02,593,240,3,3,corrected_closed_loop,modvis-kappa-2e03357db2c9
194,94,0.6,baseline,0.05261704434084558,0.061421919983659576,0.058874221009179335,0.02,626,207,2,2,corrected_closed_loop,modvis-kappa-2e03357db2c9
194,94,0.6,recovery,0.04960722588992692,0.09609001809450415,0.060178252693116274,0.025,668,166,2,2,corrected_closed_loop,modvis-kappa-2e03357db2c9
194,94,0.6,reduced_reliability,0.05311544362518832,0.07106785404358587,0.06650055112762954,0.016666666666666666,593,240,3,3,corrected_closed_loop,modvis-kappa-2e03357db2c9
195,95,0.6,baseline,0.05201946119903407,0.08289278437560682,0.05434132603619144,0.03,609,224,2,2,corrected_closed_loop,modvis-kappa-2e03357db2c9
195,95,0.6,recovery,0.05371069433628552,0.05809270985423144,0.056264394541931745,0.015,618,216,2,2,corrected_closed_loop,modvis-kappa-2e03357db2c9
195,95,0.6,reduced_reliability,0.05647177445809433,0.06992353561840399,0.06577644013382984,0.013333333333333334,593,240,3,3,corrected_closed_loop,modvis-kappa-2e03357db2c9
196,96,0.6,baseline,0.053662041293337806,0.09258897628023652,0.05945194168846048,0.02,608,225,2,2,corrected_closed_loop,modvis-kappa-2e03357db2c9
196,96,0.6,recovery,0.054318660552219095,0.05742359169445294,0.06158203528291813,0.013333333333333334,594,240,3,3,corrected_closed_loop,modvis-kappa-2e03357db2c9
196,96,0.6,reduced_reliability,0.053802821640086165,0.07451787810981686,0.06687123219040124,0.015,633,200,2,2,corrected_closed_loop,modvis-kappa-2e03357db2c9
197,97,0.6,baseline,0.04586828811117179,0.09858488835716227,0.04975351427418086,0.02,690,143,1,1,corrected_closed_loop,modvis-kappa-2e03357db2c9
197,97,0.6,recovery,0.054149548945691114,0.07257424067241157,0.061397220870645634,0.02666666666666667,594,240,3,3,corrected_closed_loop,modvis-kappa-2e03357db2c9
197,97,0.6,reduced_reliability,0.05683651803869466,0.09889212233277685,0.05557141627995234,0.01,634,199,1,1,corrected_closed_loop,modvis-kappa-2e03357db2c9
198,98,0.6,baseline,0.05623767596104118,0.08607938671354835,0.06519901304122847,0.015,599,234,2,2,corrected_closed_loop,modvis-kappa-2e03357db2c9
198,98,0.6,recovery,0.05205560283291989,0.07396848747600354,0.0595038643587138,0.005,617,217,2,2,corrected_closed_loop,modvis-kappa-2e03357db2c9
198,98,0.6,reduced_reliability,0.05131061608662389,0.08069592706266937,0.05775383533833109,0.01,660,173,1,1,corrected_closed_loop,modvis-kappa-2e03357db2c9
199,99,0.6,baseline,0.05068436073003597,0.06510030773771813,0.06348550812761009,0.013333333333333334,593,240,3,3,corrected_closed_loop,modvis-kappa-2e03357db2c9
199,99,0.6,recovery,0.054543361408593255,0.0745317164114313,0.05713038597706518,0.023333333333333334,594,240,3,3,corrected_closed_loop,modvis-kappa-2e03357db2c9
199,99,0.6,reduced_reliability,0.051667288733584664,0.06739502642223684,0.05794681898876772,0.02,657,176,2,2,corrected_closed_loop,modvis-kappa-2e03357db2c9
100,0,0.7,baseline,0.05227903361128479,0.07643590785038243,0.05092163240002351,0.02,628,205,2,2,corrected_closed_loop,modvis-kappa-2e03357db2c9
100,0,0.7,recovery,0.052456363117081434,0.05648634553263627,0.058741427410815936,0.005,653,181,2,2,corrected_closed_loop,modvis-kappa-2e03357db2c9
100,0,0.7,reduced_reliability,0.05564956555135128,0.06495489728034523,0.0653764377747461,0.01,657,176,2,2,corrected_closed_loop,modvis-kappa-2e03357db2c9
101,1,0.7,baseline,0.048683555599097254,0.07984218432276635,0.05885431523510717,0.02,593,240,3,3,corrected_closed_loop,modvis-kappa-2e03357db2c9
101,1,0.7,recovery,0.05693409086333872,0.07637853424825321,0.06750733227187564,0.013333333333333334,594,240,3,3,corrected_closed_loop,modvis-kappa-2e03357db2c9
101,1,0.7,reduced_reliability,0.049150377687592714,0.07525454730941557,0.05810037675380909,0.03,626,207,2,2,corrected_closed_loop,modvis-kappa-2e03357db2c9
102,2,0.7,baseline,0.05234248019736282,0.07903576463981214,0.060202935547240384,0.015,608,225,2,2,corrected_closed_loop,modvis-kappa-2e03357db2c9
102,2,0.7,recovery,0.04862134477490576,0.06974930942043656,0.0516512562686809,0.023333333333333334,594,240,3,3,corrected_closed_loop,modvis-kappa-2e03357db2c9
102,2,0.7,reduced_reliability,0.056174737202170935,0.06494052260630864,0.06962960521048536,0.015,649,184,2,2,corrected_closed_loop,modvis-kappa-2e03357db2c9
103,3,0.7,baseline,0.05032722908195535,0.0810950685709957,0.05527311227670311,0.016666666666666666,593,240,3,3,corrected_closed_loop,modvis-kappa-2e03357db2c9
103,3,0.7,recovery,0.05810871797646585,0.08636419646217645,0.06266639609748503,0.01,624,210,1,1,corrected_closed_loop,modvis-kappa-2e03357db2c9
103,3,0.7,reduced_reliability,0.0540363671131404,0.07247054492244087,0.06419248842482847,0.02333333333333333,593,240,3,3,corrected_closed_loop,modvis-kappa-2e03357db2c9
104,4,0.7,baseline,0.05119621887821709,0.06326255002179447,0.06528116355477227,0.006666666666666667,593,240,3,3,corrected_closed_loop,modvis-kappa-2e03357db2c9
104,4,0.7,recovery,0.05231824684983578,0.06311641426230502,0.050739338792008,0.006666666666666667,594,240,3,3,corrected_closed_loop,modvis-kappa-2e03357db2c9
104,4,0.7,reduced_reliability,0.05424048667846742,0.08019876321040185,0.0617306414860903,0.02666666666666667,593,240,3,3,corrected_closed_loop,modvis-kappa-2e03357db2c9
105,5,0.7,baseline,0.05243502133258905,0.07131443862880558,0.05999929294987376,0.016666666666666666,593,240,3,3,corrected_closed_loop,modvis-kappa-2e03357db2c9
105,5,0.7,recovery,0.04972396256997628,0.06071695247962161,0.048945212793660584,0.02,641,193,2,2,corrected_closed_loop,modvis-kappa-2e03357db2c9
105,5,0.7,reduced_reliability,0.054235911453112406,0.09216278738719862,0.06432470541245966,0.02,620,213,2,2,corrected_closed_loop,modvis-kappa-2e03357db2c9
106,6,0.7,baseline,0.05274316164064624,0.09472747098725408,0.053718430130723985,0.025,598,235,2,2,corrected_closed_loop,modvis-kappa-2e03357db2c9
106,6,0.7,recovery,0.05392883111731955,0.09818172744379398,0.05834772281389294,0.02,653,181,2,2,corrected_closed_loop,modvis-kappa-2e03357db2c9
106,6,0.7,reduced_reliability,0.055058654235756115,0.0772391154831698,0.0541883929732814,0.025,647,186,2,2,corrected_closed_loop,modvis-kappa-2e03357db2c9
107,7,0.7,baseline,0.05190239552492012,0.06378659349272257,0.054375773230939735,0.01,593,240,3,3,corrected_closed_loop,modvis-kappa-2e03357db2c9
107,7,0.7,recovery,0.050940610923708315,0.06743834993991735,0.05514477561689391,0.006666666666666667,594,240,3,3,corrected_closed_loop,modvis-kappa-2e03357db2c9
107,7,0.7,reduced_reliability,0.05127002883890349,0.08587332615946826,0.05429368001139396,0.01,677,156,1,1,corrected_closed_loop,modvis-kappa-2e03357db2c9
108,8,0.7,baseline,0.05124726672090241,0.06039476522035152,0.05618698468293863,0.02,607,226,2,2,corrected_closed_loop,modvis-kappa-2e03357db2c9
108,8,0.7,recovery,0.05011822545036848,0.05823927379578343,0.05640377094395294,0.016666666666666666,594,240,3,3,corrected_closed_loop,modvis-kappa-2e03357db2c9
108,8,0.7,reduced_reliability,0.05629435849894259,0.09394496947137396,0.07043461171168183,0.005,649,184,2,2,corrected_closed_loop,modvis-kappa-2e03357db2c9
109,9,0.7,baseline,0.0497259163568056,0.09373135449462155,0.051028094045126815,0.015,666,167,2,2,corrected_closed_loop,modvis-kappa-2e03357db2c9
109,9,0.7,recovery,0.05097472780085675,0.08303726403583465,0.05124909318075647,0.01,673,161,2,2,corrected_closed_loop,modvis-kappa-2e03357db2c9
109,9,0.7,reduced_reliability,0.054416078983146626,0.09682129869216051,0.0517216875944799,0.02,670,163,2,2,corrected_closed_loop,modvis-kappa-2e03357db2c9
110,10,0.7,baseline,0.050221344434371235,0.06713786743534526,0.0549733624712438,0.015,648,185,2,2,corrected_closed_loop,modvis-kappa-2e03357db2c9
110,10,0.7,recovery,0.050430756491612286,0.07125329511924416,0.05850892779197837,0.02,633,201,2,2,corrected_closed_loop,modvis-kappa-2e03357db2c9
110,10,0.7,reduced_reliability,0.05018792097718303,0.056498935512647834,0.0528295525881377,0.015,672,161,2,2,corrected_closed_loop,modvis-kappa-2e03357db2c9
111,11,0.7,baseline,0.05492426932575183,0.08006748030211115,0.05897219896197289,0.023333333333333334,593,240,3,3,corrected_closed_loop,modvis-kappa-2e03357db2c9
111,11,0.7,recovery,0.05335458244301119,0.08627045468742195,0.057207720620009866,0.01,598,236,2,2,corrected_closed_loop,modvis-kappa-2e03357db2c9
111,11,0.7,reduced_reliability,0.05495925945865912,0.10811837005351498,0.057935672892842266,0.03,666,167,1,1,corrected_closed_loop,modvis-kappa-2e03357db2c9
112,12,0.7,baseline,0.052176347681895975,0.05529345601473317,0.05586234669898512,0.01,623,210,2,2,corrected_closed_loop,modvis-kappa-2e03357db2c9
112,12,0.7,recovery,0.0520840239764275,0.06826875334075343,0.05829870549761326,0.02,594,240,3,3,corrected_closed_loop,modvis-kappa-2e03357db2c9
112,12,0.7,reduced_reliability,0.051777380459688674,0.09331057739654261,0.0606396884982957,0.025,660,173,2,2,corrected_closed_loop,modvis-kappa-2e03357db2c9
113,13,0.7,baseline,0.05206255485385231,0.0725712680876223,0.05731753697710737,0.016666666666666666,593,240,3,3,corrected_closed_loop,modvis-kappa-2e03357db2c9
113,13,0.7,recovery,0.052964881668699886,0.05446766273112557,0.06907898382354534,0.013333333333333334,594,240,3,3,corrected_closed_loop,modvis-kappa-2e03357db2c9
113,13,0.7,reduced_reliability,0.05682322253958315,0.06311210467789313,0.06674103536648256,0.013333333333333334,593,240,3,3,corrected_closed_loop,modvis-kappa-2e03357db2c9
114,14,0.7,baseline,0.05326431118241393,0.0707148747809747,0.06321700550586887,0.013333333333333334,593,240,3,3,corrected_closed_loop,modvis-kappa-2e03357db2c9
114,14,0.7,recovery,0.053148764473856386,0.06139079501378951,0.06597226244656786,0.016666666666666666,594,240,3,3,corrected_closed_loop,modvis-kappa-2e03357db2c9
114,14,0.7,reduced_reliability,0.05072358711242215,0.0754902006574676,0.057842699683899816,0.016666666666666666,593,240,3,3,corrected_closed_loop,modvis-kappa-2e03357db2c9
115,15,0.7,baseline,0.04712875648091697,0.08877222467639247,0.05642154265515883,0.01,624,209,2,2,corrected_closed_loop,modvis-kappa-2e03357db2c9
115,15,0.7,recovery,0.05197119143757769,0.07721935167532559,0.06346129247140471,0.02666666666666667,594,240,3,3,corrected_closed_loop,modvis-kappa-2e03357db2c9
115,15,0.7,reduced_reliability,0.0565749795169768,0.09908116843359263,0.05486544946422946,0.02,715,118,1,1,corrected_closed_loop,modvis-kappa-2e03357db2c9
116,16,0.7,baseline,0.0517451306473083,0.0630805911659902,0.05153984433904071,0.015,632,201,2,2,corrected_closed_loop,modvis-kappa-2e03357db2c9
116,16,0.7,recovery,0.05609243742861867,0.0707193020429875,0.0676656646364431,0.02,594,240,3,3,corrected_closed_loop,modvis-kappa-2e03357db2c9
116,16,0.7,reduced_reliability,0.05464738477171009,0.08173112748151637,0.06398823356397959,0.02666666666666666,593,240,3,3,corrected_closed_loop,modvis-kappa-2e03357db2c9
117,17,0.7,baseline,0.049726389075452786,0.07940649677572749,0.0566956585574074,0.02333333333333333,593,240,3,3,corrected_closed_loop,modvis-kappa-2e03357db2c9
117,17,0.7,recovery,0.05365062985516704,0.08629575031907574,0.050776546122922483,0.03,666,168,2,2,corrected_closed_loop,modvis-kappa-2e03357db2c9
117,17,0.7,reduced_reliability,0.05530471991054145,0.07043757019689373,0.06021532643122297,0.02,595,238,2,2,corrected_closed_loop,modvis-kappa-2e03357db2c9
118,18,0.7,baseline,0.05308937317680226,0.07631113866207387,0.05909712507191428,0.023333333333333334,593,240,3,3,corrected_closed_loop,modvis-kappa-2e03357db2c9
118,18,0.7,recovery,0.04815352129078468,0.06486984545784635,0.055722688382775956,0.006666666666666667,594,240,3,3,corrected_closed_loop,modvis-kappa-2e03357db2c9
118,18,0.7,reduced_reliability,0.05354685382846346,0.07481855890310077,0.061916353961439734,0.013333333333333334,593,240,3,3,corrected_closed_loop,modvis-kappa-2e03357db2c9
119,19,0.7,baseline,0.05148500620835039,0.0747683360866008,0.06241277800938054,0.016666666666666666,593,240,3,3,corrected_closed_loop,modvis-kappa-2e03357db2c9
119,19,0.7,recovery,0.050341600137056075,0.058268695211876165,0.06012821099459658,0.01,627,207,2,2,corrected_closed_loop,modvis-kappa-2e03357db2c9
119,19,0.7,reduced_reliability,0.05378438420220793,0.0875787321811296,0.061825527616706434,0.015,639,194,2,2,corrected_closed_loop,modvis-kappa-2e03357db2c9
120,20,0.7,baseline,0.04979896356208757,0.10111176228921491,0.058002275582574196,0.02,623,210,2,2,corrected_closed_loop,modvis-kappa-2e03357db2c9
120,20,0.7,recovery,0.05155896287802683,0.10117727679746054,0.05367373398894278,0.025,633,201,2,2,corrected_closed_loop,modvis-kappa-2e03357db2c9
120,20,0.7,reduced_reliability,0.053900838956577025,0.09331270627089402,0.057356562764531535,0.03,641,192,2,2,corrected_closed_loop,modvis-kappa-2e03357db2c9
121,21,0.7,baseline,0.05056171466806138,0.056244146267292426,0.05804824549063236,0.015,602,231,2,2,corrected_closed_loop,modvis-kappa-2e03357db2c9
121,21,0.7,recovery,0.054009829987898744,0.06261465281758413,0.05669207127155772,0.02,694,140,1,1,corrected_closed_loop,modvis-kappa-2e03357db2c9
121,21,0.7,reduced_reliability,0.055420379917079286,0.07888507410892406,0.0645405143084188,0.02666666666666667,593,240,3,3,corrected_closed_loop,modvis-kappa-2e03357db2c9
122,22,0.7,baseline,0.05097609946294546,0.07288938815293293,0.05720565898617815,0.025,649,184,2,2,corrected_closed_loop,modvis-kappa-2e03357db2c9
122,22,0.7,recovery,0.05166473939218933,0.054319006988990136,0.0671729603571307,0.01,594,240,3,3,corrected_closed_loop,modvis-kappa-2e03357db2c9
122,22,0.7,reduced_reliability,0.05055874076814789,0.06571361458229327,0.05747109449434893,0.025,671,162,2,2,corrected_closed_loop,modvis-kappa-2e03357db2c9
123,23,0.7,baseline,0.05128720292880176,0.06971469856860425,0.060030450812770884,0.02,615,218,2,2,corrected_closed_loop,modvis-kappa-2e03357db2c9
123,23,0.7,recovery,0.05415228498508888,0.06029690272198713,0.053090266925364386,0.01,705,129,1,1,corrected_closed_loop,modvis-kappa-2e03357db2c9
123,23,0.7,reduced_reliability,0.054775115242568555,0.06420587984023748,0.06031867441954718,0.0,663,170,2,2,corrected_closed_loop,modvis-kappa-2e03357db2c9
124,24,0.7,baseline,0.056034995899460364,0.11060674530993181,0.05622159341084604,0.01,693,140,1,1,corrected_closed_loop,modvis-kappa-2e03357db2c9
124,24,0.7,recovery,0.05063759637414754,0.06732446309152379,0.06043819192369069,0.02,604,230,2,2,corrected_closed_loop,modvis-kappa-2e03357db2c9
124,24,0.7,reduced_reliability,0.0529643210173945,0.0963595148062166,0.06287259434070094,0.025,598,235,2,2,corrected_closed_loop,modvis-kappa-2e03357db2c9
125,25,0.7,baseline,0.05388495183881424,0.07869637386536456,0.06577278147769818,0.02333333333333333,593,240,3,3,corrected_closed_loop,modvis-kappa-2e03357db2c9
125,25,0.7,recovery,0.05483431188554463,0.07406364499688284,0.06140636299563651,0.02,658,176,2,2,corrected_closed_loop,modvis-kappa-2e03357db2c9
125,25,0.7,reduced_reliability,0.0506290190541311,0.06110490402696882,0.06290118921072217,0.013333333333333334,593,240,3,3,corrected_closed_loop,modvis-kappa-2e03357db2c9
126,26,0.7,baseline,0.05290724449819469,0.057410350517166225,0.05994369666894594,0.015,617,216,2,2,corrected_closed_loop,modvis-kappa-2e03357db2c9
126,26,0.7,recovery,0.05397580281681403,0.06770690483060628,0.059022855916056556,0.02,671,163,2,2,corrected_closed_loop,modvis-kappa-2e03357db2c9
126,26,0.7,reduced_reliability,0.0536630902632876,0.06491734893480525,0.06024922755822867,0.03,702,131,1,1,corrected_closed_loop,modvis-kappa-2e03357db2c9
127,27,0.7,baseline,0.04818328112980055,0.07560824879684892,0.054355724444286616,0.02,609,224,2,2,corrected_closed_loop,modvis-kappa-2e03357db2c9
127,27,0.7,recovery,0.051404586409173704,0.09888655141243818,0.05170710723963406,0.015,626,208,2,2,corrected_closed_loop,modvis-kappa-2e03357db2c9
127,27,0.7,reduced_reliability,0.05068419686751192,0.08072752974442823,0.05437533273261386,0.015,624,209,2,2,corrected_closed_loop,modvis-kappa-2e03357db2c9
128,28,0.7,baseline,0.05190722155131241,0.05778358004097755,0.056706823752402366,0.02,702,131,1,1,corrected_closed_loop,modvis-kappa-2e03357db2c9
128,28,0.7,recovery,0.05187202461661989,0.06976064540900563,0.05573643181812399,0.025,647,187,2,2,corrected_closed_loop,modvis-kappa-2e03357db2c9
128,28,0.7,reduced_reliability,0.052180870214123876,0.07052891766177562,0.061801914607120687,0.016666666666666666,593,240,3,3,corrected_closed_loop,modvis-kappa-2e03357db2c9
129,29,0.7,baseline,0.05361311017271911,0.061405073158389105,0.06477260569312294,0.016666666666666666,593,240,3,3,corrected_closed_loop,modvis-kappa-2e03357db2c9
129,29,0.7,recovery,0.054671152714768134,0.10014056050525558,0.05451938811670825,0.02,656,178,1,1,corrected_closed_loop,modvis-kappa-2e03357db2c9
129,29,0.7,reduced_reliability,0.05489178916127223,0.08372456015930647,0.06434821708827111,0.023333333333333334,593,240,3,3,corrected_closed_loop,modvis-kappa-2e03357db2c9
130,30,0.7,baseline,0.05146487985740056,0.08324611488782761,0.06000466862521311,0.01,619,214,2,2,corrected_closed_loop,modvis-kappa-2e03357db2c9
130,30,0.7,recovery,0.05662977123315492,0.09465052761466076,0.06721042831207409,0.015,649,185,2,2,corrected_closed_loop,modvis-kappa-2e03357db2c9
130,30,0.7,reduced_reliability,0.05702732799606436,0.09706458917695693,0.06467927079179926,0.03,616,217,1,1,corrected_closed_loop,modvis-kappa-2e03357db2c9
131,31,0.7,baseline,0.05207429512638108,0.06902702500351925,0.05980343202904094,0.023333333333333334,593,240,3,3,corrected_closed_loop,modvis-kappa-2e03357db2c9
131,31,0.7,recovery,0.05308353839314504,0.07240577906694874,0.05976242041681671,0.023333333333333334,594,240,3,3,corrected_closed_loop,modvis-kappa-2e03357db2c9
131,31,0.7,reduced_reliability,0.053483697930577466,0.0786314637049477,0.06275315778005856,0.030000000000000002,593,240,3,3,corrected_closed_loop,modvis-kappa-2e03357db2c9
132,32,0.7,baseline,0.05097539018435661,0.05070028392192773,0.05513842979436651,0.005,661,172,2,2,corrected_closed_loop,modvis-kappa-2e03357db2c9
132,32,0.7,recovery,0.056903809204171873,0.08765459795620882,0.05761232869697816,0.02,602,232,2,2,corrected_closed_loop,modvis-kappa-2e03357db2c9
132,32,0.7,reduced_reliability,0.05374190554147016,0.08365344080863617,0.05804626085232931,0.01,641,192,2,2,corrected_closed_loop,modvis-kappa-2e03357db2c9
133,33,0.7,baseline,0.05303621504211288,0.07768208701815443,0.06005212124116561,0.016666666666666666,593,240,3,3,corrected_closed_loop,modvis-kappa-2e03357db2c9
133,33,0.7,recovery,0.05127080533509828,0.059186285934993546,0.056301950335528976,0.006666666666666667,594,240,3,3,corrected_closed_loop,modvis-kappa-2e03357db2c9
133,33,0.7,reduced_reliability,0.05423899075688866,0.06974451783624065,0.05317885340008531,0.015,601,232,2,2,corrected_closed_loop,modvis-kappa-2e03357db2c9
134,34,0.7,baseline,0.05303044886983147,0.06805823978675087,0.06235732831910402,0.01,593,240,3,3,corrected_closed_loop,modvis-kappa-2e03357db2c9
134,34,0.7,recovery,0.05485854265323223,0.08922253536091664,0.055135727906233445,0.03,642,192,1,1,corrected_closed_loop,modvis-kappa-2e03357db2c9
134,34,0.7,reduced_reliability,0.058078069103120675,0.07433201501009919,0.05957101022726881,0.023333333333333334,593,240,3,3,corrected_closed_loop,modvis-kappa-2e03357db2c9
135,35,0.7,baseline,0.052864997681610244,0.06823031092190088,0.05598780286747533,0.02,627,206,2,2,corrected_closed_loop,modvis-kappa-2e03357db2c9
135,35,0.7,recovery,0.05309967884954922,0.09879157167206358,0.058621041491918525,0.02,641,193,2,2,corrected_closed_loop,modvis-kappa-2e03357db2c9
135,35,0.7,reduced_reliability,0.051178115758138985,0.061787721592350554,0.06029287403352327,0.015,666,167,2,2,corrected_closed_loop,modvis-kappa-2e03357db2c9
136,36,0.7,baseline,0.05276480030840734,0.0831172905014264,0.05669356295408379,0.023333333333333334,593,240,3,3,corrected_closed_loop,modvis-kappa-2e03357db2c9
136,36,0.7,recovery,0.05568262775032003,0.06937119260360666,0.06371469788926029,0.013333333333333334,594,240,3,3,corrected_closed_loop,modvis-kappa-2e03357db2c9
136,36,0.7,reduced_reliability,0.05438958186499787,0.06688291446826825,0.06576036989497862,0.0033333333333333335,593,240,3,3,corrected_closed_loop,modvis-kappa-2e03357db2c9
137,37,0.7,baseline,0.05243819337238668,0.06874245679253842,0.06949170441389267,0.016666666666666666,593,240,3,3,corrected_closed_loop,modvis-kappa-2e03357db2c9
137,37,0.7,recovery,0.05590512522195095,0.07565770485347052,0.05983916593419217,0.03,594,240,2,2,corrected_closed_loop,modvis-kappa-2e03357db2c9
137,37,0.7,reduced_reliability,0.05245645474423454,0.09627049093933737,0.05198381300248393,0.02,597,236,1,1,corrected_closed_loop,modvis-kappa-2e03357db2c9
138,38,0.7,baseline,0.049384602552353885,0.04348436095844358,0.04659790715542948,0.01,658,175,1,1,corrected_closed_loop,modvis-kappa-2e03357db2c9
138,38,0.7,recovery,0.051744869547368955,0.05761069337687872,0.052301257093192055,0.01,688,146,1,1,corrected_closed_loop,modvis-kappa-2e03357db2c9
138,38,0.7,reduced_reliability,0.0489817364756928,0.08347631179794696,0.05379500784567884,0.01,646,187,2,2,corrected_closed_loop,modvis-kappa-2e03357db2c9
139,39,0.7,baseline,0.05151801007601421,0.05288167260388503,0.05471264684663628,0.01,656,177,2,2,corrected_closed_loop,modvis-kappa-2e03357db2c9
139,39,0.7,recovery,0.05523646253066742,0.06937858673037117,0.061414158525554,0.02,594,240,3,3,corrected_closed_loop,modvis-kappa-2e03357db2c9
139,39,0.7,reduced_reliability,0.054174857829584804,0.08196123433522684,0.05878712830530705,0.02,638,195,1,1,corrected_closed_loop,modvis-kappa-2e03357db2c9
140,40,0.7,baseline,0.04960370817195748,0.11040328705143197,0.05132790060437761,0.01,702,131,1,1,corrected_closed_loop,modvis-kappa-2e03357db2c9
140,40,0.7,recovery,0.05263359887810021,0.07676809764258608,0.05744713562791774,0.016666666666666666,594,240,3,3,corrected_closed_loop,modvis-kappa-2e03357db2c9
140,40,0.7,reduced_reliability,0.055769951646407884,0.10315798495155883,0.05673184798976033,0.02,650,183,2,2,corrected_closed_loop,modvis-kappa-2e03357db2c9
141,41,0.7,baseline,0.05041472877140103,0.09067643942549515,0.05228268940123131,0.01,659,174,2,2,corrected_closed_loop,modvis-kappa-2e03357db2c9
141,41,0.7,recovery,0.058808834499833575,0.0705546960875316,0.07152085298692291,0.02333333333333333,594,240,3,3,corrected_closed_loop,modvis-kappa-2e03357db2c9
141,41,0.7,reduced_reliability,0.05148208229244779,0.06793309222081878,0.05711452827117087,0.02,593,240,3,3,corrected_closed_loop,modvis-kappa-2e03357db2c9
142,42,0.7,baseline,0.04925916291607802,0.06418852995920396,0.05741182267118053,0.01,669,164,2,2,corrected_closed_loop,modvis-kappa-2e03357db2c9
142,42,0.7,recovery,0.0530550633314708,0.09799854768897681,0.056558514903083085,0.025,662,172,2,2,corrected_closed_loop,modvis-kappa-2e03357db2c9
142,42,0.7,reduced_reliability,0.05443274432195467,0.07217679371792485,0.06833548507137516,0.02,593,240,3,3,corrected_closed_loop,modvis-kappa-2e03357db2c9
143,43,0.7,baseline,0.05438195050204029,0.07089478322092685,0.0666098695911417,0.01,593,240,3,3,corrected_closed_loop,modvis-kappa-2e03357db2c9
143,43,0.7,recovery,0.054900769948162745,0.07158462503772493,0.0636237818620624,0.01,594,240,3,3,corrected_closed_loop,modvis-kappa-2e03357db2c9
143,43,0.7,reduced_reliability,0.05418575163596592,0.0656387317272717,0.06800101878144534,0.025,595,238,2,2,corrected_closed_loop,modvis-kappa-2e03357db2c9
144,44,0.7,baseline,0.051448138874435216,0.05714420469301624,0.05508341678186163,0.01,672,161,2,2,corrected_closed_loop,modvis-kappa-2e03357db2c9
144,44,0.7,recovery,0.05373627480149158,0.10192763387150826,0.04952079866028933,0.02,715,119,1,1,corrected_closed_loop,modvis-kappa-2e03357db2c9
144,44,0.7,reduced_reliability,0.05413494401728534,0.07593729730707875,0.061663773853328545,0.02,593,240,3,3,corrected_closed_loop,modvis-kappa-2e03357db2c9
145,45,0.7,baseline,0.05018925958062667,0.09037815497528018,0.057161283634456043,0.030000000000000002,622,211,2,2,corrected_closed_loop,modvis-kappa-2e03357db2c9
145,45,0.7,recovery,0.05242763316968231,0.07429564874887508,0.060032524191768355,0.025,628,206,2,2,corrected_closed_loop,modvis-kappa-2e03357db2c9
145,45,0.7,reduced_reliability,0.05533443694004837,0.0801271184108219,0.057242657218476316,0.01,622,211,1,1,corrected_closed_loop,modvis-kappa-2e03357db2c9
146,46,0.7,baseline,0.04849876580947924,0.05704786312594063,0.060255056262725856,0.02,626,207,2,2,corrected_closed_loop,modvis-kappa-2e03357db2c9
146,46,0.7,recovery,0.05044119873830337,0.08001244538109861,0.0706133542387585,0.03,594,240,3,3,corrected_closed_loop,modvis-kappa-2e03357db2c9
146,46,0.7,reduced_reliability,0.05298061599183298,0.09443973108367686,0.0597607765301218,0.02,656,177,2,2,corrected_closed_loop,modvis-kappa-2e03357db2c9
147,47,0.7,baseline,0.052371122607433145,0.07369298446990805,0.06372581237491,0.013333333333333334,593,240,3,3,corrected_closed_loop,modvis-kappa-2e03357db2c9
147,47,0.7,recovery,0.049945207097868566,0.06136938212816599,0.0626055870335261,0.01,594,240,3,3,corrected_closed_loop,modvis-kappa-2e03357db2c9
147,47,0.7,reduced_reliability,0.05688655105847051,0.0846102435434519,0.07037686943238332,0.023333333333333334,593,240,3,3,corrected_closed_loop,modvis-kappa-2e03357db2c9
148,48,0.7,baseline,0.05149649548773909,0.057068185181582375,0.056793872821087915,0.006666666666666667,593,240,3,3,corrected_closed_loop,modvis-kappa-2e03357db2c9
148,48,0.7,recovery,0.05546954467836384,0.07374925756501133,0.0634782931726345,0.023333333333333334,594,240,3,3,corrected_closed_loop,modvis-kappa-2e03357db2c9
148,48,0.7,reduced_reliability,0.053009908593516494,0.093663788330077,0.05174822260601628,0.03,596,237,2,2,corrected_closed_loop,modvis-kappa-2e03357db2c9
149,49,0.7,baseline,0.05145285288468327,0.06783820072069519,0.06138565454794249,0.013333333333333334,593,240,3,3,corrected_closed_loop,modvis-kappa-2e03357db2c9
149,49,0.7,recovery,0.05481617493062756,0.07979696488504186,0.06720397832085273,0.02666666666666667,594,240,3,3,corrected_closed_loop,modvis-kappa-2e03357db2c9
149,49,0.7,reduced_reliability,0.0526954070434875,0.09388995793171748,0.05647137770638089,0.01,688,145,1,1,corrected_closed_loop,modvis-kappa-2e03357db2c9
150,50,0.7,baseline,0.05330968965978111,0.07723229268058363,0.06420441451020065,0.03,636,197,2,2,corrected_closed_loop,modvis-kappa-2e03357db2c9
150,50,0.7,recovery,0.0536734934536871,0.06220340052739095,0.05725606744644437,0.015,626,208,2,2,corrected_closed_loop,modvis-kappa-2e03357db2c9
150,50,0.7,reduced_reliability,0.05053756996981266,0.06024789302284609,0.058699487362769615,0.015,649,184,2,2,corrected_closed_loop,modvis-kappa-2e03357db2c9
151,51,0.7,baseline,0.051136663944746294,0.07358009524766916,0.05586570486612598,0.013333333333333334,593,240,3,3,corrected_closed_loop,modvis-kappa-2e03357db2c9
151,51,0.7,recovery,0.05516584334105115,0.07249841084438782,0.05742529798505914,0.023333333333333334,594,240,3,3,corrected_closed_loop,modvis-kappa-2e03357db2c9
151,51,0.7,reduced_reliability,0.05285791577797673,0.09158626578078509,0.054890003720583475,0.02,607,226,2,2,corrected_closed_loop,modvis-kappa-2e03357db2c9
152,52,0.7,baseline,0.05298945873773602,0.060034398089940356,0.06547936922687565,0.016666666666666666,593,240,3,3,corrected_closed_loop,modvis-kappa-2e03357db2c9
152,52,0.7,recovery,0.05829187601716051,0.07125404997531946,0.06292854303988997,0.015,609,225,2,2,corrected_closed_loop,modvis-kappa-2e03357db2c9
152,52,0.7,reduced_reliability,0.05699999457306631,0.08712780611307919,0.04853664163342935,0.02,593,240,3,3,corrected_closed_loop,modvis-kappa-2e03357db2c9
153,53,0.7,baseline,0.05223875068259663,0.07395646440433712,0.06091235157948586,0.02,624,209,2,2,corrected_closed_loop,modvis-kappa-2e03357db2c9
153,53,0.7,recovery,0.048102109323098,0.0892657806721571,0.05849458224756572,0.02,633,201,2,2,corrected_closed_loop,modvis-kappa-2e03357db2c9
153,53,0.7,reduced_reliability,0.05369950401341128,0.0839665366783982,0.061027453242886096,0.03333333333333333,593,240,3,3,corrected_closed_loop,modvis-kappa-2e03357db2c9
154,54,0.7,baseline,0.05299127035118685,0.10366448363822234,0.05872344836931357,0.005,662,171,2,2,corrected_closed_loop,modvis-kappa-2e03357db2c9
154,54,0.7,recovery,0.04937287954112131,0.0590958307018115,0.0626755503370514,0.0033333333333333335,594,240,3,3,corrected_closed_loop,modvis-kappa-2e03357db2c9
154,54,0.7,reduced_reliability,0.052359651555973774,0.0666289484114744,0.06222576191821204,0.016666666666666666,593,240,3,3,corrected_closed_loop,modvis-kappa-2e03357db2c9
155,55,0.7,baseline,0.05237342969665726,0.08195994831224367,0.06112818662643604,0.02666666666666667,593,240,3,3,corrected_closed_loop,modvis-kappa-2e03357db2c9
155,55,0.7,recovery,0.05405069196313703,0.07224551309327172,0.07047065406302869,0.013333333333333334,594,240,3,3,corrected_closed_loop,modvis-kappa-2e03357db2c9
155,55,0.7,reduced_reliability,0.04936966427572268,0.06099750056996989,0.06594974528250448,0.01,593,240,3,3,corrected_closed_loop,modvis-kappa-2e03357db2c9
156,56,0.7,baseline,0.05302633882990809,0.07640028773301519,0.04789926236638481,0.025,625,208,2,2,corrected_closed_loop,modvis-kappa-2e03357db2c9
156,56,0.7,recovery,0.0539085735306728,0.06199002587763589,0.053201914640879054,0.01,663,171,2,2,corrected_closed_loop,modvis-kappa-2e03357db2c9
156,56,0.7,reduced_reliability,0.05531396236549816,0.0721578264028682,0.06604480532155924,0.025,643,190,2,2,corrected_closed_loop,modvis-kappa-2e03357db2c9
157,57,0.7,baseline,0.051976271953813755,0.0656011785782919,0.06322844136005668,0.016666666666666666,593,240,3,3,corrected_closed_loop,modvis-kappa-2e03357db2c9
157,57,0.7,recovery,0.05251177658703711,0.08461381180692819,0.05834234921379864,0.015,664,170,2,2,corrected_closed_loop,modvis-kappa-2e03357db2c9
157,57,0.7,reduced_reliability,0.053418613207004015,0.09750819172467189,0.05362950478014542,0.01,616,217,1,1,corrected_closed_loop,modvis-kappa-2e03357db2c9
158,58,0.7,baseline,0.051064512485759224,0.06198827186373346,0.058769020859470944,0.01,593,240,3,3,corrected_closed_loop,modvis-kappa-2e03357db2c9
158,58,0.7,recovery,0.05363185267219689,0.08397543185082218,0.0648823292824241,0.01,602,232,2,2,corrected_closed_loop,modvis-kappa-2e03357db2c9
158,58,0.7,reduced_reliability,0.055806097114625516,0.08105245382308876,0.06275022538239679,0.01,598,235,2,2,corrected_closed_loop,modvis-kappa-2e03357db2c9
159,59,0.7,baseline,0.050709814192900014,0.0828310891657764,0.055206881020654484,0.01,629,204,2,2,corrected_closed_loop,modvis-kappa-2e03357db2c9
159,59,0.7,recovery,0.056752525327575395,0.07610892880214541,0.065936660531514,0.013333333333333334,594,240,3,3,corrected_closed_loop,modvis-kappa-2e03357db2c9
159,59,0.7,reduced_reliability,0.052570079737545544,0.08829387464041102,0.05495757568224232,0.02,661,172,2,2,corrected_closed_loop,modvis-kappa-2e03357db2c9
160,60,0.7,baseline,0.051552853182869646,0.07193829151537541,0.056990671077715466,0.02,593,240,3,3,corrected_closed_loop,modvis-kappa-2e03357db2c9
160,60,0.7,recovery,0.05196652167543143,0.08789867730934292,0.05787089930654424,0.01,604,230,2,2,corrected_closed_loop,modvis-kappa-2e03357db2c9
160,60,0.7,reduced_reliability,0.05353832291806661,0.06642711172302179,0.06293366442457599,0.02,669,164,2,2,corrected_closed_loop,modvis-kappa-2e03357db2c9
161,61,0.7,baseline,0.04926279413650263,0.06883947204111783,0.05117815088193364,0.016666666666666666,593,240,3,3,corrected_closed_loop,modvis-kappa-2e03357db2c9
161,61,0.7,recovery,0.054144512383742516,0.06663222545124571,0.06254618667819031,0.015,604,230,2,2,corrected_closed_loop,modvis-kappa-2e03357db2c9
161,61,0.7,reduced_reliability,0.05557877221803871,0.07284845708969448,0.06703104176148791,0.02,593,240,3,3,corrected_closed_loop,modvis-kappa-2e03357db2c9
162,62,0.7,baseline,0.053405337534696014,0.07156119546522008,0.064285852028393,0.023333333333333334,593,240,3,3,corrected_closed_loop,modvis-kappa-2e03357db2c9
162,62,0.7,recovery,0.052704963748841475,0.08668953111520601,0.05745023763113799,0.02,636,198,1,1,corrected_closed_loop,modvis-kappa-2e03357db2c9
162,62,0.7,reduced_reliability,0.05378440305857915,0.054840364178847134,0.06456503126461918,0.015,663,170,2,2,corrected_closed_loop,modvis-kappa-2e03357db2c9
163,63,0.7,baseline,0.052905567516147646,0.06562839831398368,0.06290907612051412,0.016666666666666666,593,240,3,3,corrected_closed_loop,modvis-kappa-2e03357db2c9
163,63,0.7,recovery,0.05236709005136815,0.09150032772583747,0.05974763438092576,0.025,644,190,2,2,corrected_closed_loop,modvis-kappa-2e03357db2c9
163,63,0.7,reduced_reliability,0.052888083568374995,0.06790140682412667,0.06372212096118522,0.015,638,195,2,2,corrected_closed_loop,modvis-kappa-2e03357db2c9
164,64,0.7,baseline,0.052852878475681306,0.07285074120239957,0.05812496495383652,0.025,644,189,2,2,corrected_closed_loop,modvis-kappa-2e03357db2c9
164,64,0.7,recovery,0.05459778466841263,0.0712922429573418,0.0653177417232892,0.02,594,240,3,3,corrected_closed_loop,modvis-kappa-2e03357db2c9
164,64,0.7,reduced_reliability,0.04968522577565479,0.09294919574981779,0.05609091608821468,0.02,646,187,2,2,corrected_closed_loop,modvis-kappa-2e03357db2c9
165,65,0.7,baseline,0.052980941812786245,0.06714454940288464,0.05985094119122765,0.02,595,238,2,2,corrected_closed_loop,modvis-kappa-2e03357db2c9
165,65,0.7,recovery,0.0542605312494351,0.07914037366535309,0.05803059413076023,0.02,594,240,3,3,corrected_closed_loop,modvis-kappa-2e03357db2c9
165,65,0.7,reduced_reliability,0.05295974565236838,0.08577828404761763,0.056170516040921915,0.01,600,233,2,2,corrected_closed_loop,modvis-kappa-2e03357db2c9
166,66,0.7,baseline,0.05250926363626432,0.08167587561476383,0.05737977082885749,0.016666666666666666,593,240,3,3,corrected_closed_loop,modvis-kappa-2e03357db2c9
166,66,0.7,recovery,0.05670020252871554,0.08098835383384217,0.0640632449282404,0.02666666666666667,594,240,3,3,corrected_closed_loop,modvis-kappa-2e03357db2c9
166,66,0.7,reduced_reliability,0.05074718046290814,0.087654618118743,0.05305769246269571,0.034999999999999996,664,169,2,2,corrected_closed_loop,modvis-kappa-2e03357db2c9
167,67,0.7,baseline,0.05415770307103585,0.0872290040446378,0.06087959521874462,0.016666666666666666,593,240,3,3,corrected_closed_loop,modvis-kappa-2e03357db2c9
167,67,0.7,recovery,0.052843294932436974,0.06924673389742948,0.06706785413972861,0.02,594,240,3,3,corrected_closed_loop,modvis-kappa-2e03357db2c9
167,67,0.7,reduced_reliability,0.05467804523012233,0.07373303381548586,0.06329514750596975,0.016666666666666666,593,240,3,3,corrected_closed_loop,modvis-kappa-2e03357db2c9
168,68,0.7,baseline,0.05332822873247957,0.09721628300985415,0.06215938584148244,0.02,597,236,2,2,corrected_closed_loop,modvis-kappa-2e03357db2c9
168,68,0.7,recovery,0.05292239459169617,0.07821668815646572,0.05943101452743223,0.016666666666666666,594,240,3,3,corrected_closed_loop,modvis-kappa-2e03357db2c9
168,68,0.7,reduced_reliability,0.04945565339824396,0.05911672390758372,0.05655457767962038,0.01,606,227,2,2,corrected_closed_loop,modvis-kappa-2e03357db2c9
169,69,0.7,baseline,0.050020820282859396,0.08177811394553393,0.0584163530258286,0.02,622,211,2,2,corrected_closed_loop,modvis-kappa-2e03357db2c9
169,69,0.7,recovery,0.05237381034095307,0.08115687119452604,0.06115244990428435,0.01,661,173,2,2,corrected_closed_loop,modvis-kappa-2e03357db2c9
169,69,0.7,reduced_reliability,0.054077199067972946,0.09913647492123698,0.058944947263279764,0.015,654,179,2,2,corrected_closed_loop,modvis-kappa-2e03357db2c9
170,70,0.7,baseline,0.04796571904136649,0.0836003961608328,0.06054035081493026,0.02,668,165,2,2,corrected_closed_loop,modvis-kappa-2e03357db2c9
170,70,0.7,recovery,0.05131633583497815,0.05645928812311543,0.05830568828091791,0.006666666666666667,594,240,3,3,corrected_closed_loop,modvis-kappa-2e03357db2c9
170,70,0.7,reduced_reliability,0.05363784379617858,0.06199991662895511,0.06565771354606247,0.013333333333333334,593,240,3,3,corrected_closed_loop,modvis-kappa-2e03357db2c9
171,71,0.7,baseline,0.050846404524259765,0.06556537610885961,0.05611776331205313,0.01,618,215,2,2,corrected_closed_loop,modvis-kappa-2e03357db2c9
171,71,0.7,recovery,0.053344876718407076,0.07101791374949558,0.060644730103078436,0.02,594,240,3,3,corrected_closed_loop,modvis-kappa-2e03357db2c9
171,71,0.7,reduced_reliability,0.054552357350656215,0.07345607227053313,0.059368514581800896,0.016666666666666666,593,240,3,3,corrected_closed_loop,modvis-kappa-2e03357db2c9
172,72,0.7,baseline,0.0569761343728848,0.06119931766264757,0.06729019533991933,0.006666666666666667,593,240,3,3,corrected_closed_loop,modvis-kappa-2e03357db2c9
172,72,0.7,recovery,0.052498961370713616,0.07774818224440962,0.05293166295186786,0.02,594,240,3,3,corrected_closed_loop,modvis-kappa-2e03357db2c9
172,72,0.7,reduced_reliability,0.05663277296185956,0.06476108795509462,0.0640588140193416,0.013333333333333334,593,240,3,3,corrected_closed_loop,modvis-kappa-2e03357db2c9
173,73,0.7,baseline,0.047602490657439746,0.0972217749475222,0.05233421338133754,0.015,616,217,2,2,corrected_closed_loop,modvis-kappa-2e03357db2c9
173,73,0.7,recovery,0.04938093899850396,0.07861413384820505,0.05737673711024643,0.02,594,240,3,3,corrected_closed_loop,modvis-kappa-2e03357db2c9
173,73,0.7,reduced_reliability,0.04943085929796076,0.09050246721137596,0.053543875473622354,0.025,623,210,2,2,corrected_closed_loop,modvis-kappa-2e03357db2c9
174,74,0.7,baseline,0.05357217090275977,0.07628307466619423,0.05906326855332226,0.02,593,240,3,3,corrected_closed_loop,modvis-kappa-2e03357db2c9
174,74,0.7,recovery,0.0496758179052157,0.066117165634599,0.056402412736083096,0.016666666666666666,594,240,3,3,corrected_closed_loop,modvis-kappa-2e03357db2c9
174,74,0.7,reduced_reliability,0.052179463543429,0.07559399598501122,0.061206256349721,0.025,670,163,2,2,corrected_closed_loop,modvis-kappa-2e03357db2c9
175,75,0.7,baseline,0.05189975968834314,0.0630541057780104,0.057998278657269565,0.013333333333333334,593,240,3,3,corrected_closed_loop,modvis-kappa-2e03357db2c9
175,75,0.7,recovery,0.052582368811866044,0.06488335402157162,0.057642828261717266,0.005,657,177,2,2,corrected_closed_loop,modvis-kappa-2e03357db2c9
175,75,0.7,reduced_reliability,0.05748122233099988,0.09268679026596867,0.06410298193876844,0.043333333333333335,593,240,3,3,corrected_closed_loop,modvis-kappa-2e03357db2c9
176,76,0.7,baseline,0.04951378815394634,0.07567662538203264,0.0569564930346843,0.013333333333333334,593,240,3,3,corrected_closed_loop,modvis-kappa-2e03357db2c9
176,76,0.7,recovery,0.05237962430481987,0.09744002127972491,0.05761588671978548,0.02,646,188,2,2,corrected_closed_loop,modvis-kappa-2e03357db2c9
176,76,0.7,reduced_reliability,0.05185022020515973,0.07379861696328675,0.059851967252763795,0.013333333333333334,593,240,3,3,corrected_closed_loop,modvis-kappa-2e03357db2c9
177,77,0.7,baseline,0.052828380242249694,0.08104512571449424,0.06425666220117864,0.01,597,236,2,2,corrected_closed_loop,modvis-kappa-2e03357db2c9
177,77,0.7,recovery,0.05223367055375096,0.07122843314640537,0.056127782763008394,0.02,645,189,2,2,corrected_closed_loop,modvis-kappa-2e03357db2c9
177,77,0.7,reduced_reliability,0.05445251752483065,0.08308768136080007,0.059971102842981565,0.005,633,200,2,2,corrected_closed_loop,modvis-kappa-2e03357db2c9
178,78,0.7,baseline,0.04782532862996041,0.06257613601154008,0.06136258415487581,0.013333333333333334,593,240,3,3,corrected_closed_loop,modvis-kappa-2e03357db2c9
178,78,0.7,recovery,0.05213150714561799,0.062196005071230374,0.059293034012825,0.013333333333333334,594,240,3,3,corrected_closed_loop,modvis-kappa-2e03357db2c9
178,78,0.7,reduced_reliability,0.05645051403367439,0.0714146105480747,0.05897507985394488,0.01,626,207,2,2,corrected_closed_loop,modvis-kappa-2e03357db2c9
179,79,0.7,baseline,0.052623074248934525,0.09697530058671164,0.061333986093934714,0.02,632,201,2,2,corrected_closed_loop,modvis-kappa-2e03357db2c9
179,79,0.7,recovery,0.05307467864174107,0.04535610832764116,0.04700149179307118,0.0,665,169,1,1,corrected_closed_loop,modvis-kappa-2e03357db2c9
179,79,0.7,reduced_reliability,0.05756214678624726,0.10479758921187272,0.056503651109368655,0.02,603,230,2,2,corrected_closed_loop,modvis-kappa-2e03357db2c9
180,80,0.7,baseline,0.051039624235142474,0.09413848981145698,0.0564767373726758,0.025,670,163,2,2,corrected_closed_loop,modvis-kappa-2e03357db2c9
180,80,0.7,recovery,0.056189321603430764,0.09747282584922275,0.06003125259880666,0.035,608,226,2,2,corrected_closed_loop,modvis-kappa-2e03357db2c9
180,80,0.7,reduced_reliability,0.05403340486492004,0.07070921737707556,0.06311539795383765,0.013333333333333334,593,240,3,3,corrected_closed_loop,modvis-kappa-2e03357db2c9
181,81,0.7,baseline,0.05406056437771892,0.09208776980177776,0.05444677008908831,0.01,616,217,1,1,corrected_closed_loop,modvis-kappa-2e03357db2c9
181,81,0.7,recovery,0.056343622133996886,0.09421358752210425,0.05717393619703405,0.02,661,173,2,2,corrected_closed_loop,modvis-kappa-2e03357db2c9
181,81,0.7,reduced_reliability,0.05209851930373902,0.06856817492370199,0.06972680578488363,0.016666666666666666,593,240,3,3,corrected_closed_loop,modvis-kappa-2e03357db2c9
182,82,0.7,baseline,0.0535121663995529,0.09204900287443503,0.0635842717338292,0.02,593,240,2,2,corrected_closed_loop,modvis-kappa-2e03357db2c9
182,82,0.7,recovery,0.05314321166094129,0.06661027498710342,0.05465654346550334,0.02,668,166,2,2,corrected_closed_loop,modvis-kappa-2e03357db2c9
182,82,0.7,reduced_reliability,0.052682682796819015,0.07543898390355537,0.05915714807752568,0.015,598,235,2,2,corrected_closed_loop,modvis-kappa-2e03357db2c9
183,83,0.7,baseline,0.054063468133641254,0.09418819495197885,0.060315244334741745,0.02,710,123,1,1,corrected_closed_loop,modvis-kappa-2e03357db2c9
183,83,0.7,recovery,0.05444730295753331,0.0800191465478656,0.05710135521708254,0.015,600,234,2,2,corrected_closed_loop,modvis-kappa-2e03357db2c9
183,83,0.7,reduced_reliability,0.05073661768982392,0.07314736596260746,0.05938470515284015,0.023333333333333334,593,240,3,3,corrected_closed_loop,modvis-kappa-2e03357db2c9
184,84,0.7,baseline,0.052300847720054666,0.09865682339282553,0.06190893016764385,0.025,652,181,2,2,corrected_closed_loop,modvis-kappa-2e03357db2c9
184,84,0.7,recovery,0.0552644665393232,0.06904554486275334,0.054388135276816886,0.01,594,240,3,3,corrected_closed_loop,modvis-kappa-2e03357db2c9
184,84,0.7,reduced_reliability,0.052489803131829466,0.08400912533761902,0.05950845728790154,0.02,593,240,3,3,corrected_closed_loop,modvis-kappa-2e03357db2c9
185,85,0.7,baseline,0.05263077875804074,0.07747025082922147,0.061991349543273504,0.02,631,202,2,2,corrected_closed_loop,modvis-kappa-2e03357db2c9
185,85,0.7,recovery,0.053868172560702636,0.07887294009980646,0.061918607446946536,0.02666666666666667,594,240,3,3,corrected_closed_loop,modvis-kappa-2e03357db2c9
185,85,0.7,reduced_reliability,0.055628631477227554,0.0818226020873888,0.05657673722514233,0.016666666666666666,593,240,3,3,corrected_closed_loop,modvis-kappa-2e03357db2c9
186,86,0.7,baseline,0.055612327189756616,0.0665151829991613,0.0677173553103359,0.015,647,186,2,2,corrected_closed_loop,modvis-kappa-2e03357db2c9
186,86,0.7,recovery,0.055233593986960074,0.08968946190237286,0.06269991702909941,0.02,626,208,2,2,corrected_closed_loop,modvis-kappa-2e03357db2c9
186,86,0.7,reduced_reliability,0.05398561480273459,0.0697304549152308,0.06749562860751948,0.015,632,201,2,2,corrected_closed_loop,modvis-kappa-2e03357db2c9
187,87,0.7,baseline,0.05192827213403625,0.0947092376533061,0.05723240705661025,0.02,662,171,2,2,corrected_closed_loop,modvis-kappa-2e03357db2c9
187,87,0.7,recovery,0.05057530992568451,0.07000938437647193,0.06099546200247395,0.023333333333333334,594,240,3,3,corrected_closed_loop,modvis-kappa-2e03357db2c9
187,87,0.7,reduced_reliability,0.049893780652222185,0.06609877659406782,0.061166541624517845,0.02,618,215,2,2,corrected_closed_loop,modvis-kappa-2e03357db2c9
188,88,0.7,baseline,0.05070711288250752,0.07398820769447527,0.0621976223323443,0.02,593,240,3,3,corrected_closed_loop,modvis-kappa-2e03357db2c9
188,88,0.7,recovery,0.051427484368468335,0.0648010078694366,0.06403797831333091,0.016666666666666666,594,240,3,3,corrected_closed_loop,modvis-kappa-2e03357db2c9
188,88,0.7,reduced_reliability,0.05501897554689324,0.10672568076569362,0.05967795502047549,0.01,668,165,1,1,corrected_closed_loop,modvis-kappa-2e03357db2c9
189,89,0.7,baseline,0.04897642427440298,0.067506097948699,0.05541582864889222,0.025,616,217,2,2,corrected_closed_loop,modvis-kappa-2e03357db2c9
189,89,0.7,recovery,0.05463985312358262,0.07338461764674854,0.06689064179688771,0.02333333333333333,594,240,3,3,corrected_closed_loop,modvis-kappa-2e03357db2c9
189,89,0.7,reduced_reliability,0.05424045145870887,0.08171367335849869,0.05236692304418409,0.03,593,240,3,3,corrected_closed_loop,modvis-kappa-2e03357db2c9
190,90,0.7,baseline,0.051775831310064045,0.08080271177740062,0.06256461403937058,0.013333333333333334,593,240,3,3,corrected_closed_loop,modvis-kappa-2e03357db2c9
190,90,0.7,recovery,0.0575046806308747,0.06741536723858146,0.05852512115022198,0.015,640,194,2,2,corrected_closed_loop,modvis-kappa-2e03357db2c9
190,90,0.7,reduced_reliability,0.05215152255111136,0.06588251408552498,0.06275944780871401,0.016666666666666666,593,240,3,3,corrected_closed_loop,modvis-kappa-2e03357db2c9
191,91,0.7,baseline,0.051307190942468814,0.08773382221247268,0.05690323790197812,0.03,642,191,2,2,corrected_closed_loop,modvis-kappa-2e03357db2c9
191,91,0.7,recovery,0.055770025087761486,0.07906143627883414,0.061580057939239374,0.02,659,175,2,2,corrected_closed_loop,modvis-kappa-2e03357db2c9
191,91,0.7,reduced_reliability,0.05261071401118561,0.08117925090400507,0.06127365096678361,0.03,593,240,3,3,corrected_closed_loop,modvis-kappa-2e03357db2c9
192,92,0.7,baseline,0.05510037875592653,0.08773181064891436,0.06792345685409945,0.03333333333333333,593,240,3,3,corrected_closed_loop,modvis-kappa-2e03357db2c9
192,92,0.7,recovery,0.05568774809787398,0.10193241907841333,0.05810383803491194,0.01,625,209,2,2,corrected_closed_loop,modvis-kappa-2e03357db2c9
192,92,0.7,reduced_reliability,0.052683396912088204,0.07314580299429553,0.06410166139743045,0.016666666666666666,593,240,3,3,corrected_closed_loop,modvis-kappa-2e03357db2c9
193,93,0.7,baseline,0.055333061902072746,0.06703970157337293,0.06242514667705403,0.02,593,240,3,3,corrected_closed_loop,modvis-kappa-2e03357db2c9
193,93,0.7,recovery,0.05291491352293832,0.06809403987825031,0.06083241467803806,0.025,634,200,2,2,corrected_closed_loop,modvis-kappa-2e03357db2c9
193,93,0.7,reduced_reliability,0.05428949915403584,0.076156931634807,0.06606966980429572,0.02,593,240,3,3,corrected_closed_loop,modvis-kappa-2e03357db2c9
194,94,0.7,baseline,0.05261704434084558,0.061421919983659576,0.058874221009179335,0.02,626,207,2,2,corrected_closed_loop,modvis-kappa-2e03357db2c9
194,94,0.7,recovery,0.049607535382672006,0.09608913548027938,0.06017035608363563,0.025,668,166,2,2,corrected_closed_loop,modvis-kappa-2e03357db2c9
194,94,0.7,reduced_reliability,0.053091428872612166,0.07066490670274722,0.06478397848293159,0.016666666666666666,593,240,3,3,corrected_closed_loop,modvis-kappa-2e03357db2c9
195,95,0.7,baseline,0.05201946119903407,0.08289278437560682,0.05434132603619144,0.03,609,224,2,2,corrected_closed_loop,modvis-kappa-2e03357db2c9
195,95,0.7,recovery,0.053711450225249945,0.05808392643512188,0.05624340464029159,0.015,618,216,2,2,corrected_closed_loop,modvis-kappa-2e03357db2c9
195,95,0.7,reduced_reliability,0.056473602830734194,0.06683607098504915,0.06387821079243301,0.013333333333333334,593,240,3,3,corrected_closed_loop,modvis-kappa-2e03357db2c9
196,96,0.7,baseline,0.053662041293337806,0.09258897628023652,0.05945194168846048,0.02,608,225,2,2,corrected_closed_loop,modvis-kappa-2e03357db2c9
196,96,0.7,recovery,0.05431902387570581,0.057431940948984794,0.06157048558854202,0.013333333333333334,594,240,3,3,corrected_closed_loop,modvis-kappa-2e03357db2c9
196,96,0.7,reduced_reliability,0.05381300452884657,0.07182779415616716,0.06501583870770705,0.015,633,200,2,2,corrected_closed_loop,modvis-kappa-2e03357db2c9
197,97,0.7,baseline,0.04586828811117179,0.09858488835716227,0.04975351427418086,0.02,690,143,1,1,corrected_closed_loop,modvis-kappa-2e03357db2c9
197,97,0.7,recovery,0.05415349285522276,0.07253698262422587,0.06144325021878246,0.02666666666666667,594,240,3,3,corrected_closed_loop,modvis-kappa-2e03357db2c9
197,97,0.7,reduced_reliability,0.05679544491032096,0.09907404552988604,0.05398895463699685,0.01,634,199,1,1,corrected_closed_loop,modvis-kappa-2e03357db2c9
198,98,0.7,baseline,0.05623767596104118,0.08607938671354835,0.06519901304122847,0.015,599,234,2,2,corrected_closed_loop,modvis-kappa-2e03357db2c9
198,98,0.7,recovery,0.05205543999879843,0.07396502249287311,0.05950467323839809,0.005,617,217,2,2,corrected_closed_loop,modvis-kappa-2e03357db2c9
198,98,0.7,reduced_reliability,0.051255248451397804,0.07945293449110964,0.057577617648880024,0.01,660,173,1,1,corrected_closed_loop,modvis-kappa-2e03357db2c9
199,99,0.7,baseline,0.05068436073003597,0.06510030773771813,0.06348550812761009,0.013333333333333334,593,240,3,3,corrected_closed_loop,modvis-kappa-2e03357db2c9
199,99,0.7,recovery,0.05454352642228465,0.07452501343250316,0.05712781694943535,0.023333333333333334,594,240,3,3,corrected_closed_loop,modvis-kappa-2e03357db2c9
199,99,0.7,reduced_reliability,0.051627881393793054,0.06661849397454503,0.05773471631768671,0.02,657,176,2,2,corrected_closed_loop,modvis-kappa-2e03357db2c9
100,0,0.8,baseline,0.05227903361128479,0.07643590785038243,0.05092163240002351,0.02,628,205,2,2,corrected_closed_loop,modvis-kappa-2e03357db2c9
100,0,0.8,recovery,0.052454839589875894,0.056486146558166125,0.058731733279642935,0.005,653,181,2,2,corrected_closed_loop,modvis-kappa-2e03357db2c9
100,0,0.8,reduced_reliability,0.05565631095982422,0.06407907209453242,0.06381353636229821,0.01,657,176,2,2,corrected_closed_loop,modvis-kappa-2e03357db2c9
101,1,0.8,baseline,0.048683555599097254,0.07984218432276635,0.05885431523510717,0.02,593,240,3,3,corrected_closed_loop,modvis-kappa-2e03357db2c9
101,1,0.8,recovery,0.05693486898275174,0.07637252148340774,0.06750715894206767,0.013333333333333334,594,240,3,3,corrected_closed_loop,modvis-kappa-2e03357db2c9
101,1,0.8,reduced_reliability,0.04914533779742306,0.07440889544418992,0.057903954107158255,0.03,626,207,2,2,corrected_closed_loop,modvis-kappa-2e03357db2c9
102,2,0.8,baseline,0.05234248019736282,0.07903576463981214,0.060202935547240384,0.015,608,225,2,2,corrected_closed_loop,modvis-kappa-2e03357db2c9
102,2,0.8,recovery,0.048621337654667314,0.06974840741542851,0.05163884074725415,0.023333333333333334,594,240,3,3,corrected_closed_loop,modvis-kappa-2e03357db2c9
102,2,0.8,reduced_reliability,0.05617163097648178,0.064495197535159,0.0679484078514971,0.015,649,184,2,2,corrected_closed_loop,modvis-kappa-2e03357db2c9
103,3,0.8,baseline,0.05032722908195535,0.0810950685709957,0.05527311227670311,0.016666666666666666,593,240,3,3,corrected_closed_loop,modvis-kappa-2e03357db2c9
103,3,0.8,recovery,0.058108182363835,0.08636236582228321,0.0626592307946728,0.01,624,210,1,1,corrected_closed_loop,modvis-kappa-2e03357db2c9
103,3,0.8,reduced_reliability,0.05402710279610553,0.07159589903459541,0.06305147755171692,0.02333333333333333,593,240,3,3,corrected_closed_loop,modvis-kappa-2e03357db2c9
104,4,0.8,baseline,0.05119621887821709,0.06326255002179447,0.06528116355477227,0.006666666666666667,593,240,3,3,corrected_closed_loop,modvis-kappa-2e03357db2c9
104,4,0.8,recovery,0.05231811409022039,0.0631157902198189,0.050739702995123495,0.006666666666666667,594,240,3,3,corrected_closed_loop,modvis-kappa-2e03357db2c9
104,4,0.8,reduced_reliability,0.054242296729818555,0.07879998882908058,0.060873496308251125,0.02666666666666667,593,240,3,3,corrected_closed_loop,modvis-kappa-2e03357db2c9
105,5,0.8,baseline,0.05243502133258905,0.07131443862880558,0.05999929294987376,0.016666666666666666,593,240,3,3,corrected_closed_loop,modvis-kappa-2e03357db2c9
105,5,0.8,recovery,0.04972422450203731,0.06071795018790985,0.048950140524366664,0.02,641,193,2,2,corrected_closed_loop,modvis-kappa-2e03357db2c9
105,5,0.8,reduced_reliability,0.054228351316638765,0.09172973798294183,0.06276708503695833,0.02,620,213,2,2,corrected_closed_loop,modvis-kappa-2e03357db2c9
106,6,0.8,baseline,0.05274316164064624,0.09472747098725408,0.053718430130723985,0.025,598,235,2,2,corrected_closed_loop,modvis-kappa-2e03357db2c9
106,6,0.8,recovery,0.05392905508909988,0.09817981570947679,0.05835052152161985,0.02,653,181,2,2,corrected_closed_loop,modvis-kappa-2e03357db2c9
106,6,0.8,reduced_reliability,0.05504171161472852,0.07668597112120433,0.05344670360011881,0.025,647,186,2,2,corrected_closed_loop,modvis-kappa-2e03357db2c9
107,7,0.8,baseline,0.05190239552492012,0.06378659349272257,0.054375773230939735,0.01,593,240,3,3,corrected_closed_loop,modvis-kappa-2e03357db2c9
107,7,0.8,recovery,0.05094086868523637,0.06743705089108253,0.05515421320555283,0.006666666666666667,594,240,3,3,corrected_closed_loop,modvis-kappa-2e03357db2c9
107,7,0.8,reduced_reliability,0.05126237463658644,0.08498009670294901,0.054117297116505404,0.01,677,156,1,1,corrected_closed_loop,modvis-kappa-2e03357db2c9
108,8,0.8,baseline,0.05124726672090241,0.06039476522035152,0.05618698468293863,0.02,607,226,2,2,corrected_closed_loop,modvis-kappa-2e03357db2c9
108,8,0.8,recovery,0.050118346536805164,0.05823324925926595,0.05640782647926921,0.016666666666666666,594,240,3,3,corrected_closed_loop,modvis-kappa-2e03357db2c9
108,8,0.8,reduced_reliability,0.05628609266699939,0.0937405682394475,0.07012621803166312,0.005,649,184,2,2,corrected_closed_loop,modvis-kappa-2e03357db2c9
109,9,0.8,baseline,0.0497259163568056,0.09373135449462155,0.051028094045126815,0.015,666,167,2,2,corrected_closed_loop,modvis-kappa-2e03357db2c9
109,9,0.8,recovery,0.050974990704413956,0.08303701723280649,0.0512443892452898,0.01,673,161,2,2,corrected_closed_loop,modvis-kappa-2e03357db2c9
109,9,0.8,reduced_reliability,0.05441624164872821,0.0978486434463947,0.0511157647393323,0.02,670,163,2,2,corrected_closed_loop,modvis-kappa-2e03357db2c9
110,10,0.8,baseline,0.050221344434371235,0.06713786743534526,0.0549733624712438,0.015,648,185,2,2,corrected_closed_loop,modvis-kappa-2e03357db2c9
110,10,0.8,recovery,0.05042979220669937,0.07125229932826309,0.05851058186340057,0.02,633,201,2,2,corrected_closed_loop,modvis-kappa-2e03357db2c9
110,10,0.8,reduced_reliability,0.050191042916481535,0.05571571358791123,0.051265737270054484,0.015,672,161,2,2,corrected_closed_loop,modvis-kappa-2e03357db2c9
111,11,0.8,baseline,0.05492426932575183,0.08006748030211115,0.05897219896197289,0.023333333333333334,593,240,3,3,corrected_closed_loop,modvis-kappa-2e03357db2c9
111,11,0.8,recovery,0.053353863978050885,0.08627022641298723,0.057206174249974796,0.01,598,236,2,2,corrected_closed_loop,modvis-kappa-2e03357db2c9
111,11,0.8,reduced_reliability,0.05495626685381804,0.10680782828813172,0.05709260357808054,0.03,666,167,1,1,corrected_closed_loop,modvis-kappa-2e03357db2c9
112,12,0.8,baseline,0.052176347681895975,0.05529345601473317,0.05586234669898512,0.01,623,210,2,2,corrected_closed_loop,modvis-kappa-2e03357db2c9
112,12,0.8,recovery,0.052083885504975995,0.06826801238912142,0.058285862576618816,0.02,594,240,3,3,corrected_closed_loop,modvis-kappa-2e03357db2c9
112,12,0.8,reduced_reliability,0.05178340578517032,0.09249902827354428,0.05890354218697404,0.025,660,173,2,2,corrected_closed_loop,modvis-kappa-2e03357db2c9
113,13,0.8,baseline,0.05206255485385231,0.0725712680876223,0.05731753697710737,0.016666666666666666,593,240,3,3,corrected_closed_loop,modvis-kappa-2e03357db2c9
113,13,0.8,recovery,0.05296511689613927,0.05446906949067478,0.06906480665517128,0.013333333333333334,594,240,3,3,corrected_closed_loop,modvis-kappa-2e03357db2c9
113,13,0.8,reduced_reliability,0.05679692275809627,0.061994807032566386,0.06694507003856452,0.013333333333333334,593,240,3,3,corrected_closed_loop,modvis-kappa-2e03357db2c9
114,14,0.8,baseline,0.05326431118241393,0.0707148747809747,0.06321700550586887,0.013333333333333334,593,240,3,3,corrected_closed_loop,modvis-kappa-2e03357db2c9
114,14,0.8,recovery,0.053147641579410675,0.061391786286400525,0.06597074787629201,0.016666666666666666,594,240,3,3,corrected_closed_loop,modvis-kappa-2e03357db2c9
114,14,0.8,reduced_reliability,0.05071772426261687,0.07406146318989039,0.05634710106677969,0.016666666666666666,593,240,3,3,corrected_closed_loop,modvis-kappa-2e03357db2c9
115,15,0.8,baseline,0.04712875648091697,0.08877222467639247,0.05642154265515883,0.01,624,209,2,2,corrected_closed_loop,modvis-kappa-2e03357db2c9
115,15,0.8,recovery,0.0519715881117882,0.07721943022231993,0.063457359694259,0.02666666666666667,594,240,3,3,corrected_closed_loop,modvis-kappa-2e03357db2c9
115,15,0.8,reduced_reliability,0.056565905190636916,0.09916693169531655,0.05393844351424553,0.02,715,118,1,1,corrected_closed_loop,modvis-kappa-2e03357db2c9
116,16,0.8,baseline,0.0517451306473083,0.0630805911659902,0.05153984433904071,0.015,632,201,2,2,corrected_closed_loop,modvis-kappa-2e03357db2c9
116,16,0.8,recovery,0.056093341986776735,0.07071964033463889,0.06767318131272199,0.02,594,240,3,3,corrected_closed_loop,modvis-kappa-2e03357db2c9
116,16,0.8,reduced_reliability,0.054642461584193225,0.08101308351690929,0.06359624202954539,0.02666666666666666,593,240,3,3,corrected_closed_loop,modvis-kappa-2e03357db2c9
117,17,0.8,baseline,0.049726389075452786,0.07940649677572749,0.0566956585574074,0.02333333333333333,593,240,3,3,corrected_closed_loop,modvis-kappa-2e03357db2c9
117,17,0.8,recovery,0.05365048194362243,0.08629465526538115,0.05077643335444944,0.03,666,168,2,2,corrected_closed_loop,modvis-kappa-2e03357db2c9
117,17,0.8,reduced_reliability,0.05530002902237052,0.06942645128223564,0.05939214460708267,0.02,595,238,2,2,corrected_closed_loop,modvis-kappa-2e03357db2c9
118,18,0.8,baseline,0.05308937317680226,0.07631113866207387,0.05909712507191428,0.023333333333333334,593,240,3,3,corrected_closed_loop,modvis-kappa-2e03357db2c9
118,18,0.8,recovery,0.04815329242176735,0.06487405840983562,0.055714685482412894,0.006666666666666667,594,240,3,3,corrected_closed_loop,modvis-kappa-2e03357db2c9
118,18,0.8,reduced_reliability,0.05352543962668571,0.07291923607365913,0.06016569932004696,0.013333333333333334,593,240,3,3,corrected_closed_loop,modvis-kappa-2e03357db2c9
119,19,0.8,baseline,0.05148500620835039,0.0747683360866008,0.06241277800938054,0.016666666666666666,593,240,3,3,corrected_closed_loop,modvis-kappa-2e03357db2c9
119,19,0.8,recovery,0.05034227958907766,0.058268255680001935,0.060130576752044015,0.01,627,207,2,2,corrected_closed_loop,modvis-kappa-2e03357db2c9
119,19,0.8,reduced_reliability,0.053782779837158325,0.08659684541020458,0.06129959553652196,0.015,639,194,2,2,corrected_closed_loop,modvis-kappa-2e03357db2c9
120,20,0.8,baseline,0.04979896356208757,0.10111176228921491,0.058002275582574196,0.02,623,210,2,2,corrected_closed_loop,modvis-kappa-2e03357db2c9
120,20,0.8,recovery,0.05155466579089706,0.10118032473756476,0.053559843666335795,0.025,633,201,2,2,corrected_closed_loop,modvis-kappa-2e03357db2c9
120,20,0.8,reduced_reliability,0.053900986330044955,0.0925241761445911,0.05590930460955921,0.03,641,192,2,2,corrected_closed_loop,modvis-kappa-2e03357db2c9
121,21,0.8,baseline,0.05056171466806138,0.056244146267292426,0.05804824549063236,0.015,602,231,2,2,corrected_closed_loop,modvis-kappa-2e03357db2c9
121,21,0.8,recovery,0.054009940051205796,0.06261673595242014,0.05668739013493772,0.02,694,140,1,1,corrected_closed_loop,modvis-kappa-2e03357db2c9
121,21,0.8,reduced_reliability,0.055425662518572026,0.07643795897922669,0.06359400129896023,0.023333333333333334,593,240,3,3,corrected_closed_loop,modvis-kappa-2e03357db2c9
122,22,0.8,baseline,0.05097609946294546,0.07288938815293293,0.05720565898617815,0.025,649,184,2,2,corrected_closed_loop,modvis-kappa-2e03357db2c9
122,22,0.8,recovery,0.05166469098330692,0.054318336992419676,0.06716951195144809,0.01,594,240,3,3,corrected_closed_loop,modvis-kappa-2e03357db2c9
122,22,0.8,reduced_reliability,0.05058900000930633,0.06567024283359175,0.053650162493512454,0.025,671,162,2,2,corrected_closed_loop,modvis-kappa-2e03357db2c9
123,23,0.8,baseline,0.05128720292880176,0.06971469856860425,0.060030450812770884,0.02,615,218,2,2,corrected_closed_loop,modvis-kappa-2e03357db2c9
123,23,0.8,recovery,0.05415162296873735,0.060296313000901144,0.05308162884630732,0.01,705,129,1,1,corrected_closed_loop,modvis-kappa-2e03357db2c9
123,23,0.8,reduced_reliability,0.054776102929586214,0.061396180775826155,0.05951903667705822,0.0,663,170,2,2,corrected_closed_loop,modvis-kappa-2e03357db2c9
124,24,0.8,baseline,0.056034995899460364,0.11060674530993181,0.05622159341084604,0.01,693,140,1,1,corrected_closed_loop,modvis-kappa-2e03357db2c9
124,24,0.8,recovery,0.050637565431085364,0.06732370672897038,0.060439795225107305,0.02,604,230,2,2,corrected_closed_loop,modvis-kappa-2e03357db2c9
124,24,0.8,reduced_reliability,0.052963199708873136,0.0951965641979896,0.06141938568725069,0.025,598,235,2,2,corrected_closed_loop,modvis-kappa-2e03357db2c9
125,25,0.8,baseline,0.05388495183881424,0.07869637386536456,0.06577278147769818,0.02333333333333333,593,240,3,3,corrected_closed_loop,modvis-kappa-2e03357db2c9
125,25,0.8,recovery,0.054835029010453076,0.07406419278532414,0.061418059576318594,0.02,658,176,2,2,corrected_closed_loop,modvis-kappa-2e03357db2c9
125,25,0.8,reduced_reliability,0.05062506426991028,0.06005483150784826,0.06208466421692276,0.01,593,240,3,3,corrected_closed_loop,modvis-kappa-2e03357db2c9
126,26,0.8,baseline,0.05290724449819469,0.057410350517166225,0.05994369666894594,0.015,617,216,2,2,corrected_closed_loop,modvis-kappa-2e03357db2c9
126,26,0.8,recovery,0.05397380696519373,0.0677060732674242,0.058959948339373854,0.02,671,163,2,2,corrected_closed_loop,modvis-kappa-2e03357db2c9
126,26,0.8,reduced_reliability,0.05367753789076004,0.0648673723982043,0.05861496433628824,0.03,702,131,1,1,corrected_closed_loop,modvis-kappa-2e03357db2c9
127,27,0.8,baseline,0.04818328112980055,0.07560824879684892,0.054355724444286616,0.02,609,224,2,2,corrected_closed_loop,modvis-kappa-2e03357db2c9
127,27,0.8,recovery,0.05140425306123837,0.09888710682247652,0.05170526191976023,0.015,626,208,2,2,corrected_closed_loop,modvis-kappa-2e03357db2c9
127,27,0.8,reduced_reliability,0.0506821070045839,0.08004807449114133,0.053435062588641905,0.015,624,209,2,2,corrected_closed_loop,modvis-kappa-2e03357db2c9
128,28,0.8,baseline,0.05190722155131241,0.05778358004097755,0.056706823752402366,0.02,702,131,1,1,corrected_closed_loop,modvis-kappa-2e03357db2c9
128,28,0.8,recovery,0.05187221789925762,0.06976049991667661,0.055746036796253326,0.025,647,187,2,2,corrected_closed_loop,modvis-kappa-2e03357db2c9
128,28,0.8,reduced_reliability,0.05218236784807224,0.06857022990207723,0.060538174742140516,0.016666666666666666,593,240,3,3,corrected_closed_loop,modvis-kappa-2e03357db2c9
129,29,0.8,baseline,0.05361311017271911,0.061405073158389105,0.06477260569312294,0.016666666666666666,593,240,3,3,corrected_closed_loop,modvis-kappa-2e03357db2c9
129,29,0.8,recovery,0.05467136095139409,0.1001390448076289,0.05452194962671618,0.02,656,178,1,1,corrected_closed_loop,modvis-kappa-2e03357db2c9
129,29,0.8,reduced_reliability,0.054891949465185774,0.08341127227831695,0.06307364561976127,0.023333333333333334,593,240,3,3,corrected_closed_loop,modvis-kappa-2e03357db2c9
130,30,0.8,baseline,0.05146487985740056,0.08324611488782761,0.06000466862521311,0.01,619,214,2,2,corrected_closed_loop,modvis-kappa-2e03357db2c9
130,30,0.8,recovery,0.056629774557010626,0.09465104659622924,0.06720698949758659,0.015,649,185,2,2,corrected_closed_loop,modvis-kappa-2e03357db2c9
130,30,0.8,reduced_reliability,0.057029500763346154,0.09615873779905942,0.06338827251919853,0.03,616,217,1,1,corrected_closed_loop,modvis-kappa-2e03357db2c9
131,31,0.8,baseline,0.05207429512638108,0.06902702500351925,0.05980343202904094,0.023333333333333334,593,240,3,3,corrected_closed_loop,modvis-kappa-2e03357db2c9
131,31,0.8,recovery,0.053082769616996824,0.07240556043899078,0.05972872386884693,0.023333333333333334,594,240,3,3,corrected_closed_loop,modvis-kappa-2e03357db2c9
131,31,0.8,reduced_reliability,0.05346729252661631,0.07905030360196344,0.061540814755612384,0.030000000000000002,593,240,3,3,corrected_closed_loop,modvis-kappa-2e03357db2c9
132,32,0.8,baseline,0.05097539018435661,0.05070028392192773,0.05513842979436651,0.005,661,172,2,2,corrected_closed_loop,modvis-kappa-2e03357db2c9
132,32,0.8,recovery,0.05690622501520675,0.08765305459797651,0.05764594626762222,0.02,602,232,2,2,corrected_closed_loop,modvis-kappa-2e03357db2c9
132,32,0.8,reduced_reliability,0.05374046274958769,0.08348041062704856,0.05724046795651229,0.01,641,192,2,2,corrected_closed_loop,modvis-kappa-2e03357db2c9
133,33,0.8,baseline,0.05303621504211288,0.07768208701815443,0.06005212124116561,0.016666666666666666,593,240,3,3,corrected_closed_loop,modvis-kappa-2e03357db2c9
133,33,0.8,recovery,0.05127009092781434,0.05919146770652866,0.05630630904801757,0.006666666666666667,594,240,3,3,corrected_closed_loop,modvis-kappa-2e03357db2c9
133,33,0.8,reduced_reliability,0.05423616192310447,0.06897712992295234,0.05224136408571311,0.015,601,232,2,2,corrected_closed_loop,modvis-kappa-2e03357db2c9
134,34,0.8,baseline,0.05303044886983147,0.06805823978675087,0.06235732831910402,0.01,593,240,3,3,corrected_closed_loop,modvis-kappa-2e03357db2c9
134,34,0.8,recovery,0.05485809064070152,0.08922050666475477,0.0550980487317731,0.03,642,192,1,1,corrected_closed_loop,modvis-kappa-2e03357db2c9
134,34,0.8,reduced_reliability,0.05807032836501914,0.07335654626392282,0.05891285924791308,0.023333333333333334,593,240,3,3,corrected_closed_loop,modvis-kappa-2e03357db2c9
135,35,0.8,baseline,0.052864997681610244,0.06823031092190088,0.05598780286747533,0.02,627,206,2,2,corrected_closed_loop,modvis-kappa-2e03357db2c9
135,35,0.8,recovery,0.05310045553352039,0.0987909156582759,0.05861558417706732,0.02,641,193,2,2,corrected_closed_loop,modvis-kappa-2e03357db2c9
135,35,0.8,reduced_reliability,0.051176886557499496,0.06129349092059782,0.0595453674353729,0.015,666,167,2,2,corrected_closed_loop,modvis-kappa-2e03357db2c9
136,36,0.8,baseline,0.05276480030840734,0.0831172905014264,0.05669356295408379,0.023333333333333334,593,240,3,3,corrected_closed_loop,modvis-kappa-2e03357db2c9
136,36,0.8,recovery,0.05568322972189397,0.06937389892373706,0.06371465492511172,0.013333333333333334,594,240,3,3,corrected_closed_loop,modvis-kappa-2e03357db2c9
136,36,0.8,reduced_reliability,0.05438635312302796,0.06546703009836269,0.06352573214897643,0.0033333333333333335,593,240,3,3,corrected_closed_loop,modvis-kappa-2e03357db2c9
137,37,0.8,baseline,0.05243819337238668,0.06874245679253842,0.06949170441389267,0.016666666666666666,593,240,3,3,corrected_closed_loop,modvis-kappa-2e03357db2c9
137,37,0.8,recovery,0.05590538037133644,0.07565672955965762,0.05984329965195143,0.03,594,240,2,2,corrected_closed_loop,modvis-kappa-2e03357db2c9
137,37,0.8,reduced_reliability,0.05242116137969304,0.0945353701668053,0.050108420303695715,0.02,597,236,1,1,corrected_closed_loop,modvis-kappa-2e03357db2c9
138,38,0.8,baseline,0.049384602552353885,0.04348436095844358,0.04659790715542948,0.01,658,175,1,1,corrected_closed_loop,modvis-kappa-2e03357db2c9
138,38,0.8,recovery,0.051744700048513205,0.05761071861904378,0.05229070662869046,0.01,688,146,1,1,corrected_closed_loop,modvis-kappa-2e03357db2c9
138,38,0.8,reduced_reliability,0.048982681209572956,0.08197155129155825,0.053098733028319405,0.01,646,187,2,2,corrected_closed_loop,modvis-kappa-2e03357db2c9
139,39,0.8,baseline,0.05151801007601421,0.05288167260388503,0.05471264684663628,0.01,656,177,2,2,corrected_closed_loop,modvis-kappa-2e03357db2c9
139,39,0.8,recovery,0.055236661068096105,0.06938733017002446,0.0614189277441142,0.02,594,240,3,3,corrected_closed_loop,modvis-kappa-2e03357db2c9
139,39,0.8,reduced_reliability,0.05417676853221616,0.08129812557838441,0.05765868769645329,0.02,638,195,1,1,corrected_closed_loop,modvis-kappa-2e03357db2c9
140,40,0.8,baseline,0.04960370817195748,0.11040328705143197,0.05132790060437761,0.01,702,131,1,1,corrected_closed_loop,modvis-kappa-2e03357db2c9
140,40,0.8,recovery,0.052633018333298774,0.07677072257399666,0.05738807492309941,0.016666666666666666,594,240,3,3,corrected_closed_loop,modvis-kappa-2e03357db2c9
140,40,0.8,reduced_reliability,0.055774261492262105,0.1028502169383018,0.056122015456859624,0.02,650,183,2,2,corrected_closed_loop,modvis-kappa-2e03357db2c9
141,41,0.8,baseline,0.05041472877140103,0.09067643942549515,0.05228268940123131,0.01,659,174,2,2,corrected_closed_loop,modvis-kappa-2e03357db2c9
141,41,0.8,recovery,0.05880923401677846,0.07055436394987635,0.07152398716056738,0.02333333333333333,594,240,3,3,corrected_closed_loop,modvis-kappa-2e03357db2c9
141,41,0.8,reduced_reliability,0.051477794462317476,0.06753031556207306,0.056308720340014246,0.02,593,240,3,3,corrected_closed_loop,modvis-kappa-2e03357db2c9
142,42,0.8,baseline,0.04925916291607802,0.06418852995920396,0.05741182267118053,0.01,669,164,2,2,corrected_closed_loop,modvis-kappa-2e03357db2c9
142,42,0.8,recovery,0.053054653348492554,0.09799876166676202,0.05655920406573423,0.025,662,172,2,2,corrected_closed_loop,modvis-kappa-2e03357db2c9
142,42,0.8,reduced_reliability,0.054441886453368386,0.07189559201659361,0.06664701449820105,0.02,593,240,3,3,corrected_closed_loop,modvis-kappa-2e03357db2c9
143,43,0.8,baseline,0.05438195050204029,0.07089478322092685,0.0666098695911417,0.01,593,240,3,3,corrected_closed_loop,modvis-kappa-2e03357db2c9
143,43,0.8,recovery,0.05490062235503073,0.07158440875373275,0.06359518395747367,0.01,594,240,3,3,corrected_closed_loop,modvis-kappa-2e03357db2c9
143,43,0.8,reduced_reliability,0.05416725784491805,0.06442584613356957,0.06582643533040138,0.025,595,238,2,2,corrected_closed_loop,modvis-kappa-2e03357db2c9
144,44,0.8,baseline,0.051448138874435216,0.05714420469301624,0.05508341678186163,0.01,672,161,2,2,corrected_closed_loop,modvis-kappa-2e03357db2c9
144,44,0.8,recovery,0.05373535851983567,0.10192737388044412,0.04951650520000143,0.02,715,119,1,1,corrected_closed_loop,modvis-kappa-2e03357db2c9
144,44,0.8,reduced_reliability,0.05412519736246459,0.07526640531565106,0.061150680250999866,0.02,593,240,3,3,corrected_closed_loop,modvis-kappa-2e03357db2c9
145,45,0.8,baseline,0.05018925958062667,0.09037815497528018,0.057161283634456043,0.030000000000000002,622,211,2,2,corrected_closed_loop,modvis-kappa-2e03357db2c9
145,45,0.8,recovery,0.05242814580561925,0.07429841955668404,0.06004981810343535,0.025,628,206,2,2,corrected_closed_loop,modvis-kappa-2e03357db2c9
145,45,0.8,reduced_reliability,0.05532726131652785,0.0799990300389598,0.05696308318611991,0.01,622,211,1,1,corrected_closed_loop,modvis-kappa-2e03357db2c9
146,46,0.8,baseline,0.04849876580947924,0.05704786312594063,0.060255056262725856,0.02,626,207,2,2,corrected_closed_loop,modvis-kappa-2e03357db2c9
146,46,0.8,recovery,0.050443231423301205,0.0800140255876496,0.07006185442227489,0.03,594,240,3,3,corrected_closed_loop,modvis-kappa-2e03357db2c9
146,46,0.8,reduced_reliability,0.05298924783295007,0.09215584450819161,0.05696994082529465,0.02,656,177,2,2,corrected_closed_loop,modvis-kappa-2e03357db2c9
147,47,0.8,baseline,0.052371122607433145,0.07369298446990805,0.06372581237491,0.013333333333333334,593,240,3,3,corrected_closed_loop,modvis-kappa-2e03357db2c9
147,47,0.8,recovery,0.04994694388804317,0.061359691839020986,0.06265653384931641,0.01,594,240,3,3,corrected_closed_loop,modvis-kappa-2e03357db2c9
147,47,0.8,reduced_reliability,0.05687990558997957,0.08010091771291203,0.06907454245605109,0.016666666666666666,593,240,3,3,corrected_closed_loop,modvis-kappa-2e03357db2c9
148,48,0.8,baseline,0.05149649548773909,0.057068185181582375,0.056793872821087915,0.006666666666666667,593,240,3,3,corrected_closed_loop,modvis-kappa-2e03357db2c9
148,48,0.8,recovery,0.05546970486157781,0.073751467761491,0.06347746231191595,0.023333333333333334,594,240,3,3,corrected_closed_loop,modvis-kappa-2e03357db2c9
148,48,0.8,reduced_reliability,0.05300620006549418,0.09276538467793857,0.051088541627084254,0.03,596,237,2,2,corrected_closed_loop,modvis-kappa-2e03357db2c9
149,49,0.8,baseline,0.05145285288468327,0.06783820072069519,0.06138565454794249,0.013333333333333334,593,240,3,3,corrected_closed_loop,modvis-kappa-2e03357db2c9
149,49,0.8,recovery,0.05481620390466055,0.07979785923882404,0.0672001224588349,0.02666666666666667,594,240,3,3,corrected_closed_loop,modvis-kappa-2e03357db2c9
149,49,0.8,reduced_reliability,0.05269028291515099,0.09347154499628431,0.05592190174134838,0.01,688,145,1,1,corrected_closed_loop,modvis-kappa-2e03357db2c9
150,50,0.8,baseline,0.05330968965978111,0.07723229268058363,0.06420441451020065,0.03,636,197,2,2,corrected_closed_loop,modvis-kappa-2e03357db2c9
150,50,0.8,recovery,0.053673339903856865,0.06220144096291674,0.05725495130440025,0.015,626,208,2,2,corrected_closed_loop,modvis-kappa-2e03357db2c9
150,50,0.8,reduced_reliability,0.05053245795955275,0.059420407894107415,0.0588673225499341,0.015,649,184,2,2,corrected_closed_loop,modvis-kappa-2e03357db2c9
151,51,0.8,baseline,0.051136663944746294,0.07358009524766916,0.05586570486612598,0.013333333333333334,593,240,3,3,corrected_closed_loop,modvis-kappa-2e03357db2c9
151,51,0.8,recovery,0.055165873732423196,0.072497628618444,0.05742931884705559,0.023333333333333334,594,240,3,3,corrected_closed_loop,modvis-kappa-2e03357db2c9
151,51,0.8,reduced_reliability,0.052853973503674025,0.0914225245598291,0.05373147290874271,0.02,607,226,2,2,corrected_closed_loop,modvis-kappa-2e03357db2c9
152,52,0.8,baseline,0.05298945873773602,0.060034398089940356,0.06547936922687565,0.016666666666666666,593,240,3,3,corrected_closed_loop,modvis-kappa-2e03357db2c9
152,52,0.8,recovery,0.05829185334946956,0.07125405979454576,0.06292436308604128,0.015,609,225,2,2,corrected_closed_loop,modvis-kappa-2e03357db2c9
152,52,0.8,reduced_reliability,0.05699156626465412,0.08696400038362581,0.047556528876379,0.02,593,240,3,3,corrected_closed_loop,modvis-kappa-2e03357db2c9
153,53,0.8,baseline,0.05223875068259663,0.07395646440433712,0.06091235157948586,0.02,624,209,2,2,corrected_closed_loop,modvis-kappa-2e03357db2c9
153,53,0.8,recovery,0.04810174722119899,0.0892660060551354,0.05849384230300864,0.02,633,201,2,2,corrected_closed_loop,modvis-kappa-2e03357db2c9
153,53,0.8,reduced_reliability,0.05369674877451221,0.08298295818724692,0.06059882004444432,0.03333333333333333,593,240,3,3,corrected_closed_loop,modvis-kappa-2e03357db2c9
154,54,0.8,baseline,0.05299127035118685,0.10366448363822234,0.05872344836931357,0.005,662,171,2,2,corrected_closed_loop,modvis-kappa-2e03357db2c9
154,54,0.8,recovery,0.049373273380637274,0.059096005904277105,0.06268339986277172,0.0033333333333333335,594,240,3,3,corrected_closed_loop,modvis-kappa-2e03357db2c9
154,54,0.8,reduced_reliability,0.05234687338380832,0.06573624370183594,0.06104491669362558,0.016666666666666666,593,240,3,3,corrected_closed_loop,modvis-kappa-2e03357db2c9
155,55,0.8,baseline,0.05237342969665726,0.08195994831224367,0.06112818662643604,0.02666666666666667,593,240,3,3,corrected_closed_loop,modvis-kappa-2e03357db2c9
155,55,0.8,recovery,0.054047514104407224,0.07224850849586054,0.07035331609021468,0.013333333333333334,594,240,3,3,corrected_closed_loop,modvis-kappa-2e03357db2c9
155,55,0.8,reduced_reliability,0.04936287888933968,0.060406624170955,0.06443771402666178,0.01,593,240,3,3,corrected_closed_loop,modvis-kappa-2e03357db2c9
156,56,0.8,baseline,0.05302633882990809,0.07640028773301519,0.04789926236638481,0.025,625,208,2,2,corrected_closed_loop,modvis-kappa-2e03357db2c9
156,56,0.8,recovery,0.053910276751387626,0.061989894718073625,0.05319051003810316,0.01,663,171,2,2,corrected_closed_loop,modvis-kappa-2e03357db2c9
156,56,0.8,reduced_reliability,0.055313360466687944,0.07106528197622085,0.06419677279357375,0.025,643,190,2,2,corrected_closed_loop,modvis-kappa-2e03357db2c9
157,57,0.8,baseline,0.051976271953813755,0.0656011785782919,0.06322844136005668,0.016666666666666666,593,240,3,3,corrected_closed_loop,modvis-kappa-2e03357db2c9
157,57,0.8,recovery,0.052512820601032226,0.08461536631533005,0.058339178231678286,0.015,664,170,2,2,corrected_closed_loop,modvis-kappa-2e03357db2c9
157,57,0.8,reduced_reliability,0.05340900786048138,0.09611823904581632,0.05296248911146588,0.02,616,217,1,1,corrected_closed_loop,modvis-kappa-2e03357db2c9
158,58,0.8,baseline,0.051064512485759224,0.06198827186373346,0.058769020859470944,0.01,593,240,3,3,corrected_closed_loop,modvis-kappa-2e03357db2c9
158,58,0.8,recovery,0.05363189610887554,0.08397698143113269,0.0648816790344436,0.01,602,232,2,2,corrected_closed_loop,modvis-kappa-2e03357db2c9
158,58,0.8,reduced_reliability,0.055808708298816845,0.07813731764865249,0.06219045259823293,0.01,598,235,2,2,corrected_closed_loop,modvis-kappa-2e03357db2c9
159,59,0.8,baseline,0.050709814192900014,0.0828310891657764,0.055206881020654484,0.01,629,204,2,2,corrected_closed_loop,modvis-kappa-2e03357db2c9
159,59,0.8,recovery,0.056751232509485466,0.07611360294590033,0.0659466152566505,0.013333333333333334,594,240,3,3,corrected_closed_loop,modvis-kappa-2e03357db2c9
159,59,0.8,reduced_reliability,0.05255979632251819,0.08668752136719159,0.05431861247756205,0.02,661,172,2,2,corrected_closed_loop,modvis-kappa-2e03357db2c9
160,60,0.8,baseline,0.051552853182869646,0.07193829151537541,0.056990671077715466,0.02,593,240,3,3,corrected_closed_loop,modvis-kappa-2e03357db2c9
160,60,0.8,recovery,0.05196745115530736,0.08789862041100163,0.05788665595238039,0.01,604,230,2,2,corrected_closed_loop,modvis-kappa-2e03357db2c9
160,60,0.8,reduced_reliability,0.053526389117360254,0.06560772292523923,0.06190257914218909,0.02,669,164,2,2,corrected_closed_loop,modvis-kappa-2e03357db2c9
161,61,0.8,baseline,0.04926279413650263,0.06883947204111783,0.05117815088193364,0.016666666666666666,593,240,3,3,corrected_closed_loop,modvis-kappa-2e03357db2c9
161,61,0.8,recovery,0.054145914481175166,0.0666324091167924,0.06256872471133111,0.015,604,230,2,2,corrected_closed_loop,modvis-kappa-2e03357db2c9
161,61,0.8,reduced_reliability,0.05557601858922025,0.07158248667076975,0.06575334423505791,0.02,593,240,3,3,corrected_closed_loop,modvis-kappa-2e03357db2c9
162,62,0.8,baseline,0.053405337534696014,0.07156119546522008,0.064285852028393,0.023333333333333334,593,240,3,3,corrected_closed_loop,modvis-kappa-2e03357db2c9
162,62,0.8,recovery,0.052704630148102186,0.08669475425588109,0.05743719147875057,0.02,636,198,1,1,corrected_closed_loop,modvis-kappa-2e03357db2c9
162,62,0.8,reduced_reliability,0.05377928166774559,0.054144381940383166,0.0630538013937559,0.015,663,170,2,2,corrected_closed_loop,modvis-kappa-2e03357db2c9
163,63,0.8,baseline,0.052905567516147646,0.06562839831398368,0.06290907612051412,0.016666666666666666,593,240,3,3,corrected_closed_loop,modvis-kappa-2e03357db2c9
163,63,0.8,recovery,0.05236748346875787,0.09150125917242723,0.05974629739957734,0.025,644,190,2,2,corrected_closed_loop,modvis-kappa-2e03357db2c9
163,63,0.8,reduced_reliability,0.05286514507575719,0.0674685491935589,0.06306311230131244,0.015,638,195,2,2,corrected_closed_loop,modvis-kappa-2e03357db2c9
164,64,0.8,baseline,0.052852878475681306,0.07285074120239957,0.05812496495383652,0.025,644,189,2,2,corrected_closed_loop,modvis-kappa-2e03357db2c9
164,64,0.8,recovery,0.054596802238769386,0.07128605045178639,0.06522311792041906,0.02,594,240,3,3,corrected_closed_loop,modvis-kappa-2e03357db2c9
164,64,0.8,reduced_reliability,0.04964855507604807,0.08494275887684119,0.055233317115196766,0.02,646,187,2,2,corrected_closed_loop,modvis-kappa-2e03357db2c9
165,65,0.8,baseline,0.052980941812786245,0.06714454940288464,0.05985094119122765,0.02,595,238,2,2,corrected_closed_loop,modvis-kappa-2e03357db2c9
165,65,0.8,recovery,0.054259991371815634,0.07913380964559978,0.058015612804069555,0.02,594,240,3,3,corrected_closed_loop,modvis-kappa-2e03357db2c9
165,65,0.8,reduced_reliability,0.05294362458789693,0.08610643564268662,0.056125133148387484,0.01,600,233,2,2,corrected_closed_loop,modvis-kappa-2e03357db2c9
166,66,0.8,baseline,0.05250926363626432,0.08167587561476383,0.05737977082885749,0.016666666666666666,593,240,3,3,corrected_closed_loop,modvis-kappa-2e03357db2c9
166,66,0.8,recovery,0.056700629411487534,0.08099447868608833,0.06406271906765325,0.02666666666666667,594,240,3,3,corrected_closed_loop,modvis-kappa-2e03357db2c9
166,66,0.8,reduced_reliability,0.05073762990086756,0.08750208903386954,0.05244096018551873,0.034999999999999996,664,169,2,2,corrected_closed_loop,modvis-kappa-2e03357db2c9
167,67,0.8,baseline,0.05415770307103585,0.0872290040446378,0.06087959521874462,0.016666666666666666,593,240,3,3,corrected_closed_loop,modvis-kappa-2e03357db2c9
167,67,0.8,recovery,0.05284345258284906,0.06924742313345567,0.06707586943453653,0.02,594,240,3,3,corrected_closed_loop,modvis-kappa-2e03357db2c9
167,67,0.8,reduced_reliability,0.054677254527340895,0.0725092098571848,0.062095612630871246,0.016666666666666666,593,240,3,3,corrected_closed_loop,modvis-kappa-2e03357db2c9
168,68,0.8,baseline,0.05332822873247957,0.09721628300985415,0.06215938584148244,0.02,597,236,2,2,corrected_closed_loop,modvis-kappa-2e03357db2c9
168,68,0.8,recovery,0.05292233694243806,0.07821921432252524,0.059432090565570105,0.016666666666666666,594,240,3,3,corrected_closed_loop,modvis-kappa-2e03357db2c9
168,68,0.8,reduced_reliability,0.04945011249488656,0.05817223203177874,0.05566206097430856,0.01,606,227,2,2,corrected_closed_loop,modvis-kappa-2e03357db2c9
169,69,0.8,baseline,0.050020820282859396,0.08177811394553393,0.0584163530258286,0.02,622,211,2,2,corrected_closed_loop,modvis-kappa-2e03357db2c9
169,69,0.8,recovery,0.05237323956432623,0.08115602447117237,0.06115711605451326,0.01,661,173,2,2,corrected_closed_loop,modvis-kappa-2e03357db2c9
169,69,0.8,reduced_reliability,0.05406692130549496,0.09904683830654416,0.05828144048720677,0.015,654,179,2,2,corrected_closed_loop,modvis-kappa-2e03357db2c9
170,70,0.8,baseline,0.04796571904136649,0.0836003961608328,0.06054035081493026,0.02,668,165,2,2,corrected_closed_loop,modvis-kappa-2e03357db2c9
170,70,0.8,recovery,0.05131563531168796,0.056456756204514,0.058296518231453945,0.006666666666666667,594,240,3,3,corrected_closed_loop,modvis-kappa-2e03357db2c9
170,70,0.8,reduced_reliability,0.05364175406766508,0.06120780931000321,0.0651391188982155,0.013333333333333334,593,240,3,3,corrected_closed_loop,modvis-kappa-2e03357db2c9
171,71,0.8,baseline,0.050846404524259765,0.06556537610885961,0.05611776331205313,0.01,618,215,2,2,corrected_closed_loop,modvis-kappa-2e03357db2c9
171,71,0.8,recovery,0.05334498481009838,0.07101871785581108,0.060648190822404975,0.02,594,240,3,3,corrected_closed_loop,modvis-kappa-2e03357db2c9
171,71,0.8,reduced_reliability,0.05454818333637041,0.07361782696584859,0.05761731234003246,0.016666666666666666,593,240,3,3,corrected_closed_loop,modvis-kappa-2e03357db2c9
172,72,0.8,baseline,0.0569761343728848,0.06119931766264757,0.06729019533991933,0.006666666666666667,593,240,3,3,corrected_closed_loop,modvis-kappa-2e03357db2c9
172,72,0.8,recovery,0.052498893813966316,0.07774968573388921,0.05293227748258766,0.02,594,240,3,3,corrected_closed_loop,modvis-kappa-2e03357db2c9
172,72,0.8,reduced_reliability,0.05662846321910591,0.06455276663948753,0.06334872754231258,0.013333333333333334,593,240,3,3,corrected_closed_loop,modvis-kappa-2e03357db2c9
173,73,0.8,baseline,0.047602490657439746,0.0972217749475222,0.05233421338133754,0.015,616,217,2,2,corrected_closed_loop,modvis-kappa-2e03357db2c9
173,73,0.8,recovery,0.0493817853457531,0.07861584015630811,0.05736681218139949,0.02,594,240,3,3,corrected_closed_loop,modvis-kappa-2e03357db2c9
173,73,0.8,reduced_reliability,0.0494276547678886,0.09033163998645503,0.0528871914796506,0.025,623,210,2,2,corrected_closed_loop,modvis-kappa-2e03357db2c9
174,74,0.8,baseline,0.05357217090275977,0.07628307466619423,0.05906326855332226,0.02,593,240,3,3,corrected_closed_loop,modvis-kappa-2e03357db2c9
174,74,0.8,recovery,0.04967531070428076,0.06610098944972409,0.056399111343723156,0.016666666666666666,594,240,3,3,corrected_closed_loop,modvis-kappa-2e03357db2c9
174,74,0.8,reduced_reliability,0.05213878061295541,0.07226517292497245,0.06009288004912024,0.025,670,163,2,2,corrected_closed_loop,modvis-kappa-2e03357db2c9
175,75,0.8,baseline,0.05189975968834314,0.0630541057780104,0.057998278657269565,0.013333333333333334,593,240,3,3,corrected_closed_loop,modvis-kappa-2e03357db2c9
175,75,0.8,recovery,0.05258335648906376,0.06488406017487693,0.05764550170209257,0.005,657,177,2,2,corrected_closed_loop,modvis-kappa-2e03357db2c9
175,75,0.8,reduced_reliability,0.057475912101644155,0.0915721494335651,0.0629022419043987,0.043333333333333335,593,240,3,3,corrected_closed_loop,modvis-kappa-2e03357db2c9
176,76,0.8,baseline,0.04951378815394634,0.07567662538203264,0.0569564930346843,0.013333333333333334,593,240,3,3,corrected_closed_loop,modvis-kappa-2e03357db2c9
176,76,0.8,recovery,0.052379731028386764,0.09743926599441585,0.05758872243232781,0.02,646,188,2,2,corrected_closed_loop,modvis-kappa-2e03357db2c9
176,76,0.8,reduced_reliability,0.05185291480722278,0.07086574458578246,0.05963472505980163,0.013333333333333334,593,240,3,3,corrected_closed_loop,modvis-kappa-2e03357db2c9
177,77,0.8,baseline,0.052828380242249694,0.08104512571449424,0.06425666220117864,0.01,597,236,2,2,corrected_closed_loop,modvis-kappa-2e03357db2c9
177,77,0.8,recovery,0.052232305465238396,0.07122565427844436,0.05612106139011717,0.02,645,189,2,2,corrected_closed_loop,modvis-kappa-2e03357db2c9
177,77,0.8,reduced_reliability,0.054450874529129466,0.0808003464813571,0.05886860695148008,0.005,633,200,2,2,corrected_closed_loop,modvis-kappa-2e03357db2c9
178,78,0.8,baseline,0.04782532862996041,0.06257613601154008,0.06136258415487581,0.013333333333333334,593,240,3,3,corrected_closed_loop,modvis-kappa-2e03357db2c9
178,78,0.8,recovery,0.05213103168073349,0.06219634860965419,0.059291532152831825,0.013333333333333334,594,240,3,3,corrected_closed_loop,modvis-kappa-2e03357db2c9
178,78,0.8,reduced_reliability,0.056437671154442585,0.06753743485079354,0.05801286815306792,0.01,626,207,2,2,corrected_closed_loop,modvis-kappa-2e03357db2c9
179,79,0.8,baseline,0.052623074248934525,0.09697530058671164,0.061333986093934714,0.02,632,201,2,2,corrected_closed_loop,modvis-kappa-2e03357db2c9
179,79,0.8,recovery,0.053075422945986474,0.04535724053020182,0.04699909155426383,0.0,665,169,1,1,corrected_closed_loop,modvis-kappa-2e03357db2c9
179,79,0.8,reduced_reliability,0.057564287155304136,0.1033858110682387,0.055711603824587716,0.02,603,230,2,2,corrected_closed_loop,modvis-kappa-2e03357db2c9
180,80,0.8,baseline,0.051039624235142474,0.09413848981145698,0.0564767373726758,0.025,670,163,2,2,corrected_closed_loop,modvis-kappa-2e03357db2c9
180,80,0.8,recovery,0.05618986557003987,0.09747197328137065,0.060031393556472565,0.035,608,226,2,2,corrected_closed_loop,modvis-kappa-2e03357db2c9
180,80,0.8,reduced_reliability,0.05402287388247145,0.07052087173332602,0.06286782241396861,0.013333333333333334,593,240,3,3,corrected_closed_loop,modvis-kappa-2e03357db2c9
181,81,0.8,baseline,0.05406056437771892,0.09208776980177776,0.05444677008908831,0.01,616,217,1,1,corrected_closed_loop,modvis-kappa-2e03357db2c9
181,81,0.8,recovery,0.05634295089505979,0.09421153089261748,0.057170681491883625,0.02,661,173,2,2,corrected_closed_loop,modvis-kappa-2e03357db2c9
181,81,0.8,reduced_reliability,0.05210387500825588,0.06721052451983801,0.06836347137082988,0.016666666666666666,593,240,3,3,corrected_closed_loop,modvis-kappa-2e03357db2c9
182,82,0.8,baseline,0.0535121663995529,0.09204900287443503,0.0635842717338292,0.02,593,240,2,2,corrected_closed_loop,modvis-kappa-2e03357db2c9
182,82,0.8,recovery,0.05314333687110227,0.06660982544923409,0.05465386098029659,0.02,668,166,2,2,corrected_closed_loop,modvis-kappa-2e03357db2c9
182,82,0.8,reduced_reliability,0.05268357336129191,0.07557556448035901,0.05803332919262049,0.015,598,235,2,2,corrected_closed_loop,modvis-kappa-2e03357db2c9
183,83,0.8,baseline,0.054063468133641254,0.09418819495197885,0.060315244334741745,0.02,710,123,1,1,corrected_closed_loop,modvis-kappa-2e03357db2c9
183,83,0.8,recovery,0.05444769183154533,0.08001794169712154,0.05708287160435415,0.015,600,234,2,2,corrected_closed_loop,modvis-kappa-2e03357db2c9
183,83,0.8,reduced_reliability,0.050743553325649705,0.07110914615397634,0.05853828523023314,0.023333333333333334,593,240,3,3,corrected_closed_loop,modvis-kappa-2e03357db2c9
184,84,0.8,baseline,0.052300847720054666,0.09865682339282553,0.06190893016764385,0.025,652,181,2,2,corrected_closed_loop,modvis-kappa-2e03357db2c9
184,84,0.8,recovery,0.05526590306004233,0.06904862199270831,0.0543021169325653,0.01,594,240,3,3,corrected_closed_loop,modvis-kappa-2e03357db2c9
184,84,0.8,reduced_reliability,0.052483994841847834,0.08333062060023255,0.0585998718057295,0.02,593,240,3,3,corrected_closed_loop,modvis-kappa-2e03357db2c9
185,85,0.8,baseline,0.05263077875804074,0.07747025082922147,0.061991349543273504,0.02,631,202,2,2,corrected_closed_loop,modvis-kappa-2e03357db2c9
185,85,0.8,recovery,0.053868952732262186,0.07887063058048337,0.0619053877478106,0.02666666666666667,594,240,3,3,corrected_closed_loop,modvis-kappa-2e03357db2c9
185,85,0.8,reduced_reliability,0.05562527986847973,0.08082983943807516,0.05611763106576947,0.016666666666666666,593,240,3,3,corrected_closed_loop,modvis-kappa-2e03357db2c9
186,86,0.8,baseline,0.055612327189756616,0.0665151829991613,0.0677173553103359,0.015,647,186,2,2,corrected_closed_loop,modvis-kappa-2e03357db2c9
186,86,0.8,recovery,0.05523294232108562,0.08968993113152794,0.06266829047091337,0.02,626,208,2,2,corrected_closed_loop,modvis-kappa-2e03357db2c9
186,86,0.8,reduced_reliability,0.05397958136951155,0.06805634386869489,0.06639494296180018,0.015,632,201,2,2,corrected_closed_loop,modvis-kappa-2e03357db2c9
187,87,0.8,baseline,0.05192827213403625,0.0947092376533061,0.05723240705661025,0.02,662,171,2,2,corrected_closed_loop,modvis-kappa-2e03357db2c9
187,87,0.8,recovery,0.05057402795277513,0.07001109448967419,0.06096847415312325,0.023333333333333334,594,240,3,3,corrected_closed_loop,modvis-kappa-2e03357db2c9
187,87,0.8,reduced_reliability,0.04989132145666746,0.06472749742316661,0.059781754570153216,0.02,618,215,2,2,corrected_closed_loop,modvis-kappa-2e03357db2c9
188,88,0.8,baseline,0.05070711288250752,0.07398820769447527,0.0621976223323443,0.02,593,240,3,3,corrected_closed_loop,modvis-kappa-2e03357db2c9
188,88,0.8,recovery,0.051428388652811886,0.06480087295867575,0.06404065446860627,0.016666666666666666,594,240,3,3,corrected_closed_loop,modvis-kappa-2e03357db2c9
188,88,0.8,reduced_reliability,0.05501738623905402,0.10554555290686272,0.05838479919454254,0.01,668,165,1,1,corrected_closed_loop,modvis-kappa-2e03357db2c9
189,89,0.8,baseline,0.04897642427440298,0.067506097948699,0.05541582864889222,0.025,616,217,2,2,corrected_closed_loop,modvis-kappa-2e03357db2c9
189,89,0.8,recovery,0.054640865488947005,0.07338426316012615,0.06689842216733663,0.02333333333333333,594,240,3,3,corrected_closed_loop,modvis-kappa-2e03357db2c9
189,89,0.8,reduced_reliability,0.05423273085221304,0.08031852459866343,0.051898130412291334,0.03,593,240,3,3,corrected_closed_loop,modvis-kappa-2e03357db2c9
190,90,0.8,baseline,0.051775831310064045,0.08080271177740062,0.06256461403937058,0.013333333333333334,593,240,3,3,corrected_closed_loop,modvis-kappa-2e03357db2c9
190,90,0.8,recovery,0.05750512900964171,0.06741014351818693,0.05852028705882262,0.015,640,194,2,2,corrected_closed_loop,modvis-kappa-2e03357db2c9
190,90,0.8,reduced_reliability,0.052145485719701075,0.06459602457670532,0.06214125606060103,0.016666666666666666,593,240,3,3,corrected_closed_loop,modvis-kappa-2e03357db2c9
191,91,0.8,baseline,0.051307190942468814,0.08773382221247268,0.05690323790197812,0.03,642,191,2,2,corrected_closed_loop,modvis-kappa-2e03357db2c9
191,91,0.8,recovery,0.05577149051525413,0.07906310217331917,0.06159436330624603,0.02,659,175,2,2,corrected_closed_loop,modvis-kappa-2e03357db2c9
191,91,0.8,reduced_reliability,0.052612506838422834,0.08044659202465458,0.06009155304288817,0.03,593,240,3,3,corrected_closed_loop,modvis-kappa-2e03357db2c9
192,92,0.8,baseline,0.05510037875592653,0.08773181064891436,0.06792345685409945,0.03333333333333333,593,240,3,3,corrected_closed_loop,modvis-kappa-2e03357db2c9
192,92,0.8,recovery,0.0556880547177477,0.10192969586714784,0.05810379566897427,0.01,625,209,2,2,corrected_closed_loop,modvis-kappa-2e03357db2c9
192,92,0.8,reduced_reliability,0.05267808261351419,0.07060478302111979,0.06341815997041826,0.013333333333333334,593,240,3,3,corrected_closed_loop,modvis-kappa-2e03357db2c9
193,93,0.8,baseline,0.055333061902072746,0.06703970157337293,0.06242514667705403,0.02,593,240,3,3,corrected_closed_loop,modvis-kappa-2e03357db2c9
193,93,0.8,recovery,0.05291808012410746,0.06809409978781804,0.06088815551206184,0.025,634,200,2,2,corrected_closed_loop,modvis-kappa-2e03357db2c9
193,93,0.8,reduced_reliability,0.054280548509829496,0.07407546559492066,0.06501688336005809,0.02,593,240,3,3,corrected_closed_loop,modvis-kappa-2e03357db2c9
194,94,0.8,baseline,0.05261704434084558,0.061421919983659576,0.058874221009179335,0.02,626,207,2,2,corrected_closed_loop,modvis-kappa-2e03357db2c9
194,94,0.8,recovery,0.0496077099692015,0.09608892092150972,0.06017085564904888,0.025,668,166,2,2,corrected_closed_loop,modvis-kappa-2e03357db2c9
194,94,0.8,reduced_reliability,0.05309029790498676,0.06959369504348277,0.06392473442173427,0.013333333333333334,593,240,3,3,corrected_closed_loop,modvis-kappa-2e03357db2c9
195,95,0.8,baseline,0.05201946119903407,0.08289278437560682,0.05434132603619144,0.03,609,224,2,2,corrected_closed_loop,modvis-kappa-2e03357db2c9
195,95,0.8,recovery,0.053711643193579996,0.05807904311993888,0.056243746738995855,0.015,618,216,2,2,corrected_closed_loop,modvis-kappa-2e03357db2c9
195,95,0.8,reduced_reliability,0.05646872289279236,0.06500689023936662,0.06347421341777851,0.013333333333333334,593,240,3,3,corrected_closed_loop,modvis-kappa-2e03357db2c9
196,96,0.8,baseline,0.053662041293337806,0.09258897628023652,0.05945194168846048,0.02,608,225,2,2,corrected_closed_loop,modvis-kappa-2e03357db2c9
196,96,0.8,recovery,0.054319477791903034,0.05742924974491856,0.06156620920553011,0.013333333333333334,594,240,3,3,corrected_closed_loop,modvis-kappa-2e03357db2c9
196,96,0.8,reduced_reliability,0.05381593545224794,0.0706162667551448,0.06394832543662048,0.015,633,200,2,2,corrected_closed_loop,modvis-kappa-2e03357db2c9
197,97,0.8,baseline,0.04586828811117179,0.09858488835716227,0.04975351427418086,0.02,690,143,1,1,corrected_closed_loop,modvis-kappa-2e03357db2c9
197,97,0.8,recovery,0.054151462531765976,0.07253188033863046,0.06140903634341193,0.02666666666666667,594,240,3,3,corrected_closed_loop,modvis-kappa-2e03357db2c9
197,97,0.8,reduced_reliability,0.05677784454037445,0.09888226888009753,0.05308248011724227,0.01,634,199,1,1,corrected_closed_loop,modvis-kappa-2e03357db2c9
198,98,0.8,baseline,0.05623767596104118,0.08607938671354835,0.06519901304122847,0.015,599,234,2,2,corrected_closed_loop,modvis-kappa-2e03357db2c9
198,98,0.8,recovery,0.052055227198828186,0.07396343476055679,0.05950554223003248,0.005,617,217,2,2,corrected_closed_loop,modvis-kappa-2e03357db2c9
198,98,0.8,reduced_reliability,0.05124946231614744,0.07931812144201747,0.05646020078006717,0.01,660,173,1,1,corrected_closed_loop,modvis-kappa-2e03357db2c9
199,99,0.8,baseline,0.05068436073003597,0.06510030773771813,0.06348550812761009,0.013333333333333334,593,240,3,3,corrected_closed_loop,modvis-kappa-2e03357db2c9
199,99,0.8,recovery,0.054544692235614534,0.07452277946711626,0.05716928971548127,0.023333333333333334,594,240,3,3,corrected_closed_loop,modvis-kappa-2e03357db2c9
199,99,0.8,reduced_reliability,0.0516203650941758,0.0661711341963265,0.057329645164570495,0.02,657,176,2,2,corrected_closed_loop,modvis-kappa-2e03357db2c9
100,0,0.9,baseline,0.05227903361128479,0.07643590785038243,0.05092163240002351,0.02,628,205,2,2,corrected_closed_loop,modvis-kappa-2e03357db2c9
100,0,0.9,recovery,0.052453744235632475,0.05648628107596215,0.05872636232208156,0.005,653,181,2,2,corrected_closed_loop,modvis-kappa-2e03357db2c9
100,0,0.9,reduced_reliability,0.055661805445673104,0.06374145099220756,0.06265379727035085,0.01,657,176,2,2,corrected_closed_loop,modvis-kappa-2e03357db2c9
101,1,0.9,baseline,0.048683555599097254,0.07984218432276635,0.05885431523510717,0.02,593,240,3,3,corrected_closed_loop,modvis-kappa-2e03357db2c9
101,1,0.9,recovery,0.05693552932431516,0.07637129581283437,0.06750555673084577,0.013333333333333334,594,240,3,3,corrected_closed_loop,modvis-kappa-2e03357db2c9
101,1,0.9,reduced_reliability,0.049146741538548484,0.07380237882674932,0.05747139549567709,0.03,626,207,2,2,corrected_closed_loop,modvis-kappa-2e03357db2c9
102,2,0.9,baseline,0.05234248019736282,0.07903576463981214,0.060202935547240384,0.015,608,225,2,2,corrected_closed_loop,modvis-kappa-2e03357db2c9
102,2,0.9,recovery,0.04862133953171588,0.06974748661336126,0.05163076157805023,0.023333333333333334,594,240,3,3,corrected_closed_loop,modvis-kappa-2e03357db2c9
102,2,0.9,reduced_reliability,0.056168281696254006,0.06416369267512342,0.06689534249269742,0.015,649,184,2,2,corrected_closed_loop,modvis-kappa-2e03357db2c9
103,3,0.9,baseline,0.05032722908195535,0.0810950685709957,0.05527311227670311,0.016666666666666666,593,240,3,3,corrected_closed_loop,modvis-kappa-2e03357db2c9
103,3,0.9,recovery,0.05810766300461854,0.0863637523272434,0.0626543886112763,0.01,624,210,1,1,corrected_closed_loop,modvis-kappa-2e03357db2c9
103,3,0.9,reduced_reliability,0.05402388105613749,0.07127869594505928,0.06235512656268722,0.02333333333333333,593,240,3,3,corrected_closed_loop,modvis-kappa-2e03357db2c9
104,4,0.9,baseline,0.05119621887821709,0.06326255002179447,0.06528116355477227,0.006666666666666667,593,240,3,3,corrected_closed_loop,modvis-kappa-2e03357db2c9
104,4,0.9,recovery,0.05231799201224153,0.0631153188960303,0.05073969464561974,0.006666666666666667,594,240,3,3,corrected_closed_loop,modvis-kappa-2e03357db2c9
104,4,0.9,reduced_reliability,0.05424343728151739,0.07794072903064966,0.0602949052587079,0.023333333333333334,593,240,3,3,corrected_closed_loop,modvis-kappa-2e03357db2c9
105,5,0.9,baseline,0.05243502133258905,0.07131443862880558,0.05999929294987376,0.016666666666666666,593,240,3,3,corrected_closed_loop,modvis-kappa-2e03357db2c9
105,5,0.9,recovery,0.04972437370952802,0.060717715648184234,0.048953590700759414,0.02,641,193,2,2,corrected_closed_loop,modvis-kappa-2e03357db2c9
105,5,0.9,reduced_reliability,0.05422282958950993,0.09152935690884138,0.061956168733368656,0.015,620,213,2,2,corrected_closed_loop,modvis-kappa-2e03357db2c9
106,6,0.9,baseline,0.05274316164064624,0.09472747098725408,0.053718430130723985,0.025,598,235,2,2,corrected_closed_loop,modvis-kappa-2e03357db2c9
106,6,0.9,recovery,0.05392928305244006,0.09817989300658689,0.0583528813190087,0.02,653,181,2,2,corrected_closed_loop,modvis-kappa-2e03357db2c9
106,6,0.9,reduced_reliability,0.055032708292599694,0.07687133437471438,0.05304667630885501,0.025,647,186,2,2,corrected_closed_loop,modvis-kappa-2e03357db2c9
107,7,0.9,baseline,0.05190239552492012,0.06378659349272257,0.054375773230939735,0.01,593,240,3,3,corrected_closed_loop,modvis-kappa-2e03357db2c9
107,7,0.9,recovery,0.05094107220733863,0.06743655305330168,0.05516192873510273,0.006666666666666667,594,240,3,3,corrected_closed_loop,modvis-kappa-2e03357db2c9
107,7,0.9,reduced_reliability,0.05125786184103535,0.08452283318802133,0.05399954447954767,0.01,677,156,1,1,corrected_closed_loop,modvis-kappa-2e03357db2c9
108,8,0.9,baseline,0.05124726672090241,0.06039476522035152,0.05618698468293863,0.02,607,226,2,2,corrected_closed_loop,modvis-kappa-2e03357db2c9
108,8,0.9,recovery,0.05011846122135989,0.0582336984820148,0.05640826873854579,0.016666666666666666,594,240,3,3,corrected_closed_loop,modvis-kappa-2e03357db2c9
108,8,0.9,reduced_reliability,0.056282157688354525,0.09359006326351825,0.06945724328270145,0.005,649,184,2,2,corrected_closed_loop,modvis-kappa-2e03357db2c9
109,9,0.9,baseline,0.0497259163568056,0.09373135449462155,0.051028094045126815,0.015,666,167,2,2,corrected_closed_loop,modvis-kappa-2e03357db2c9
109,9,0.9,recovery,0.050975347969808064,0.08303585823279565,0.05124163904471385,0.01,673,161,2,2,corrected_closed_loop,modvis-kappa-2e03357db2c9
109,9,0.9,reduced_reliability,0.05441110366300136,0.09848817443638481,0.05073678745837977,0.02,670,163,2,2,corrected_closed_loop,modvis-kappa-2e03357db2c9
110,10,0.9,baseline,0.050221344434371235,0.06713786743534526,0.0549733624712438,0.015,648,185,2,2,corrected_closed_loop,modvis-kappa-2e03357db2c9
110,10,0.9,recovery,0.05042914372974759,0.07125222643073426,0.058510320314733445,0.02,633,201,2,2,corrected_closed_loop,modvis-kappa-2e03357db2c9
110,10,0.9,reduced_reliability,0.05018947969128863,0.05518012989031645,0.05061349150107115,0.015,672,161,2,2,corrected_closed_loop,modvis-kappa-2e03357db2c9
111,11,0.9,baseline,0.05492426932575183,0.08006748030211115,0.05897219896197289,0.023333333333333334,593,240,3,3,corrected_closed_loop,modvis-kappa-2e03357db2c9
111,11,0.9,recovery,0.05335334236067884,0.08627018068635539,0.057205194112917496,0.01,598,236,2,2,corrected_closed_loop,modvis-kappa-2e03357db2c9
111,11,0.9,reduced_reliability,0.054955243887746016,0.10597092090241336,0.05651170415204106,0.03,666,167,1,1,corrected_closed_loop,modvis-kappa-2e03357db2c9
112,12,0.9,baseline,0.052176347681895975,0.05529345601473317,0.05586234669898512,0.01,623,210,2,2,corrected_closed_loop,modvis-kappa-2e03357db2c9
112,12,0.9,recovery,0.05208376979687179,0.06826844205204916,0.05827784914191642,0.02,594,240,3,3,corrected_closed_loop,modvis-kappa-2e03357db2c9
112,12,0.9,reduced_reliability,0.05178609905724477,0.09181607739158831,0.057805354477858166,0.025,660,173,2,2,corrected_closed_loop,modvis-kappa-2e03357db2c9
113,13,0.9,baseline,0.05206255485385231,0.0725712680876223,0.05731753697710737,0.016666666666666666,593,240,3,3,corrected_closed_loop,modvis-kappa-2e03357db2c9
113,13,0.9,recovery,0.052965272045238716,0.054470456092789846,0.06905497661047874,0.013333333333333334,594,240,3,3,corrected_closed_loop,modvis-kappa-2e03357db2c9
113,13,0.9,reduced_reliability,0.056793624153737204,0.061246342617698346,0.06654863220036414,0.013333333333333334,593,240,3,3,corrected_closed_loop,modvis-kappa-2e03357db2c9
114,14,0.9,baseline,0.05326431118241393,0.0707148747809747,0.06321700550586887,0.013333333333333334,593,240,3,3,corrected_closed_loop,modvis-kappa-2e03357db2c9
114,14,0.9,recovery,0.053146743247227665,0.06139204775705558,0.06596465798703471,0.016666666666666666,594,240,3,3,corrected_closed_loop,modvis-kappa-2e03357db2c9
114,14,0.9,reduced_reliability,0.05071439429981294,0.07309771995270957,0.05563721558329416,0.016666666666666666,593,240,3,3,corrected_closed_loop,modvis-kappa-2e03357db2c9
115,15,0.9,baseline,0.04712875648091697,0.08877222467639247,0.05642154265515883,0.01,624,209,2,2,corrected_closed_loop,modvis-kappa-2e03357db2c9
115,15,0.9,recovery,0.0519718801344013,0.07721972699609124,0.06345406878644687,0.02666666666666667,594,240,3,3,corrected_closed_loop,modvis-kappa-2e03357db2c9
115,15,0.9,reduced_reliability,0.05655961633367474,0.09931242324914612,0.053458892573803485,0.02,715,118,1,1,corrected_closed_loop,modvis-kappa-2e03357db2c9
116,16,0.9,baseline,0.0517451306473083,0.0630805911659902,0.05153984433904071,0.015,632,201,2,2,corrected_closed_loop,modvis-kappa-2e03357db2c9
116,16,0.9,recovery,0.05609358385481966,0.07071986556001444,0.06767402675664208,0.02,594,240,3,3,corrected_closed_loop,modvis-kappa-2e03357db2c9
116,16,0.9,reduced_reliability,0.05464104884876133,0.08026284601083436,0.0633459370669685,0.02666666666666666,593,240,3,3,corrected_closed_loop,modvis-kappa-2e03357db2c9
117,17,0.9,baseline,0.049726389075452786,0.07940649677572749,0.0566956585574074,0.02333333333333333,593,240,3,3,corrected_closed_loop,modvis-kappa-2e03357db2c9
117,17,0.9,recovery,0.053650383110054774,0.08629492811306419,0.050775903678904936,0.03,666,168,2,2,corrected_closed_loop,modvis-kappa-2e03357db2c9
117,17,0.9,reduced_reliability,0.05529961314732322,0.06879344042363525,0.05886408156935241,0.02,595,238,2,2,corrected_closed_loop,modvis-kappa-2e03357db2c9
118,18,0.9,baseline,0.05308937317680226,0.07631113866207387,0.05909712507191428,0.023333333333333334,593,240,3,3,corrected_closed_loop,modvis-kappa-2e03357db2c9
118,18,0.9,recovery,0.04815311139056467,0.06487689679460835,0.05571153500739473,0.006666666666666667,594,240,3,3,corrected_closed_loop,modvis-kappa-2e03357db2c9
118,18,0.9,reduced_reliability,0.053510886185741874,0.0718289933361489,0.059068542022667946,0.016666666666666666,593,240,3,3,corrected_closed_loop,modvis-kappa-2e03357db2c9
119,19,0.9,baseline,0.05148500620835039,0.0747683360866008,0.06241277800938054,0.016666666666666666,593,240,3,3,corrected_closed_loop,modvis-kappa-2e03357db2c9
119,19,0.9,recovery,0.050342589621877355,0.058267839931727475,0.06013170921995427,0.01,627,207,2,2,corrected_closed_loop,modvis-kappa-2e03357db2c9
119,19,0.9,reduced_reliability,0.05377968608146266,0.08608275878886021,0.06068849530737724,0.015,639,194,2,2,corrected_closed_loop,modvis-kappa-2e03357db2c9
120,20,0.9,baseline,0.04979896356208757,0.10111176228921491,0.058002275582574196,0.02,623,210,2,2,corrected_closed_loop,modvis-kappa-2e03357db2c9
120,20,0.9,recovery,0.05155300654096568,0.10118374448680174,0.05354166754114326,0.025,633,201,2,2,corrected_closed_loop,modvis-kappa-2e03357db2c9
120,20,0.9,reduced_reliability,0.05389917230836198,0.09216869955471274,0.05512037706763244,0.03,641,192,2,2,corrected_closed_loop,modvis-kappa-2e03357db2c9
121,21,0.9,baseline,0.05056171466806138,0.056244146267292426,0.05804824549063236,0.015,602,231,2,2,corrected_closed_loop,modvis-kappa-2e03357db2c9
121,21,0.9,recovery,0.05401010061436119,0.0626145066968393,0.056683403023660844,0.02,694,140,1,1,corrected_closed_loop,modvis-kappa-2e03357db2c9
121,21,0.9,reduced_reliability,0.05543038881328089,0.07512797315323691,0.06301454126054787,0.023333333333333334,593,240,3,3,corrected_closed_loop,modvis-kappa-2e03357db2c9
122,22,0.9,baseline,0.05097609946294546,0.07288938815293293,0.05720565898617815,0.025,649,184,2,2,corrected_closed_loop,modvis-kappa-2e03357db2c9
122,22,0.9,recovery,0.05166458228837115,0.054318607125663936,0.0671695568959743,0.01,594,240,3,3,corrected_closed_loop,modvis-kappa-2e03357db2c9
122,22,0.9,reduced_reliability,0.05059572974495343,0.0656438027102743,0.05216532167422119,0.025,671,162,2,2,corrected_closed_loop,modvis-kappa-2e03357db2c9
123,23,0.9,baseline,0.05128720292880176,0.06971469856860425,0.060030450812770884,0.02,615,218,2,2,corrected_closed_loop,modvis-kappa-2e03357db2c9
123,23,0.9,recovery,0.054151455241203156,0.0602988978369574,0.05307909857965037,0.01,705,129,1,1,corrected_closed_loop,modvis-kappa-2e03357db2c9
123,23,0.9,reduced_reliability,0.054772671906709786,0.060715579676724335,0.058869596745318935,0.0,663,170,2,2,corrected_closed_loop,modvis-kappa-2e03357db2c9
124,24,0.9,baseline,0.056034995899460364,0.11060674530993181,0.05622159341084604,0.01,693,140,1,1,corrected_closed_loop,modvis-kappa-2e03357db2c9
124,24,0.9,recovery,0.05063752391071341,0.06732412502768859,0.060440882824451876,0.02,604,230,2,2,corrected_closed_loop,modvis-kappa-2e03357db2c9
124,24,0.9,reduced_reliability,0.052961795376531624,0.09446163100969225,0.06030552079642116,0.025,598,235,2,2,corrected_closed_loop,modvis-kappa-2e03357db2c9
125,25,0.9,baseline,0.05388495183881424,0.07869637386536456,0.06577278147769818,0.02333333333333333,593,240,3,3,corrected_closed_loop,modvis-kappa-2e03357db2c9
125,25,0.9,recovery,0.05483513810214908,0.07406413968566072,0.06142008309062551,0.02,658,176,2,2,corrected_closed_loop,modvis-kappa-2e03357db2c9
125,25,0.9,reduced_reliability,0.050624720883568716,0.059708752361346346,0.0614204928417073,0.01,593,240,3,3,corrected_closed_loop,modvis-kappa-2e03357db2c9
126,26,0.9,baseline,0.05290724449819469,0.057410350517166225,0.05994369666894594,0.015,617,216,2,2,corrected_closed_loop,modvis-kappa-2e03357db2c9
126,26,0.9,recovery,0.05397341180322714,0.06770615790190247,0.05894536632074091,0.02,671,163,2,2,corrected_closed_loop,modvis-kappa-2e03357db2c9
126,26,0.9,reduced_reliability,0.053678754136655876,0.06476319289607564,0.057813055581176914,0.03,702,131,1,1,corrected_closed_loop,modvis-kappa-2e03357db2c9
127,27,0.9,baseline,0.04818328112980055,0.07560824879684892,0.054355724444286616,0.02,609,224,2,2,corrected_closed_loop,modvis-kappa-2e03357db2c9
127,27,0.9,recovery,0.05140404342126381,0.09888666762797724,0.05170455858067502,0.015,626,208,2,2,corrected_closed_loop,modvis-kappa-2e03357db2c9
127,27,0.9,reduced_reliability,0.050682372933404475,0.08022852273183578,0.0530496711651651,0.015,624,209,2,2,corrected_closed_loop,modvis-kappa-2e03357db2c9
128,28,0.9,baseline,0.05190722155131241,0.05778358004097755,0.056706823752402366,0.02,702,131,1,1,corrected_closed_loop,modvis-kappa-2e03357db2c9
128,28,0.9,recovery,0.05187237849359697,0.06976036742754015,0.055753883229418606,0.025,647,187,2,2,corrected_closed_loop,modvis-kappa-2e03357db2c9
128,28,0.9,reduced_reliability,0.0521828870590071,0.06741584388039211,0.05970456146081903,0.016666666666666666,593,240,3,3,corrected_closed_loop,modvis-kappa-2e03357db2c9
129,29,0.9,baseline,0.05361311017271911,0.061405073158389105,0.06477260569312294,0.016666666666666666,593,240,3,3,corrected_closed_loop,modvis-kappa-2e03357db2c9
129,29,0.9,recovery,0.05467147973292056,0.10013947555619634,0.054524182879119816,0.02,656,178,1,1,corrected_closed_loop,modvis-kappa-2e03357db2c9
129,29,0.9,reduced_reliability,0.05489166900694017,0.08350900329381486,0.062454245808437,0.023333333333333334,593,240,3,3,corrected_closed_loop,modvis-kappa-2e03357db2c9
130,30,0.9,baseline,0.05146487985740056,0.08324611488782761,0.06000466862521311,0.01,619,214,2,2,corrected_closed_loop,modvis-kappa-2e03357db2c9
130,30,0.9,recovery,0.056629749013374434,0.09465090222472887,0.06720466463284877,0.015,649,185,2,2,corrected_closed_loop,modvis-kappa-2e03357db2c9
130,30,0.9,reduced_reliability,0.05703211584818121,0.0955835226804263,0.06279414503634421,0.03,616,217,1,1,corrected_closed_loop,modvis-kappa-2e03357db2c9
131,31,0.9,baseline,0.05207429512638108,0.06902702500351925,0.05980343202904094,0.023333333333333334,593,240,3,3,corrected_closed_loop,modvis-kappa-2e03357db2c9
131,31,0.9,recovery,0.05308213821389661,0.07240597107174893,0.0597036180512213,0.023333333333333334,594,240,3,3,corrected_closed_loop,modvis-kappa-2e03357db2c9
131,31,0.9,reduced_reliability,0.05346484774575825,0.07941215405391987,0.06085368157214452,0.030000000000000002,593,240,3,3,corrected_closed_loop,modvis-kappa-2e03357db2c9
132,32,0.9,baseline,0.05097539018435661,0.05070028392192773,0.05513842979436651,0.005,661,172,2,2,corrected_closed_loop,modvis-kappa-2e03357db2c9
132,32,0.9,recovery,0.05690775608472474,0.08765259769546256,0.05767227451085998,0.02,602,232,2,2,corrected_closed_loop,modvis-kappa-2e03357db2c9
132,32,0.9,reduced_reliability,0.05374157612490716,0.0834354883430268,0.056693041783381456,0.01,641,192,2,2,corrected_closed_loop,modvis-kappa-2e03357db2c9
133,33,0.9,baseline,0.05303621504211288,0.07768208701815443,0.06005212124116561,0.016666666666666666,593,240,3,3,corrected_closed_loop,modvis-kappa-2e03357db2c9
133,33,0.9,recovery,0.051269437222064375,0.05919239698969673,0.05630650120126179,0.006666666666666667,594,240,3,3,corrected_closed_loop,modvis-kappa-2e03357db2c9
133,33,0.9,reduced_reliability,0.05422830117405826,0.06840937437117824,0.05183030362231114,0.015,601,232,2,2,corrected_closed_loop,modvis-kappa-2e03357db2c9
134,34,0.9,baseline,0.05303044886983147,0.06805823978675087,0.06235732831910402,0.01,593,240,3,3,corrected_closed_loop,modvis-kappa-2e03357db2c9
134,34,0.9,recovery,0.05485773666469053,0.08922036340337511,0.05506899572245184,0.03,642,192,1,1,corrected_closed_loop,modvis-kappa-2e03357db2c9
134,34,0.9,reduced_reliability,0.058067513317550126,0.0728057667950637,0.05837668071851645,0.023333333333333334,593,240,3,3,corrected_closed_loop,modvis-kappa-2e03357db2c9
135,35,0.9,baseline,0.052864997681610244,0.06823031092190088,0.05598780286747533,0.02,627,206,2,2,corrected_closed_loop,modvis-kappa-2e03357db2c9
135,35,0.9,recovery,0.05310103539434276,0.0987907135426,0.05861178054849027,0.02,641,193,2,2,corrected_closed_loop,modvis-kappa-2e03357db2c9
135,35,0.9,reduced_reliability,0.05117762655554944,0.060895119664049785,0.05897008109150146,0.015,666,167,2,2,corrected_closed_loop,modvis-kappa-2e03357db2c9
136,36,0.9,baseline,0.05276480030840734,0.0831172905014264,0.05669356295408379,0.023333333333333334,593,240,3,3,corrected_closed_loop,modvis-kappa-2e03357db2c9
136,36,0.9,recovery,0.055683691418696446,0.06937508862990939,0.06371724994605409,0.013333333333333334,594,240,3,3,corrected_closed_loop,modvis-kappa-2e03357db2c9
136,36,0.9,reduced_reliability,0.054387837620561784,0.06423639964591314,0.06242737867516836,0.0033333333333333335,593,240,3,3,corrected_closed_loop,modvis-kappa-2e03357db2c9
137,37,0.9,baseline,0.05243819337238668,0.06874245679253842,0.06949170441389267,0.016666666666666666,593,240,3,3,corrected_closed_loop,modvis-kappa-2e03357db2c9
137,37,0.9,recovery,0.0559054535722944,0.07565697709048184,0.059847244188458756,0.03,594,240,2,2,corrected_closed_loop,modvis-kappa-2e03357db2c9
137,37,0.9,reduced_reliability,0.052413427483133095,0.09319877042172847,0.049274156663882636,0.02,597,236,1,1,corrected_closed_loop,modvis-kappa-2e03357db2c9
138,38,0.9,baseline,0.049384602552353885,0.04348436095844358,0.04659790715542948,0.01,658,175,1,1,corrected_closed_loop,modvis-kappa-2e03357db2c9
138,38,0.9,recovery,0.05174456822912474,0.05761079238780387,0.052282818293711786,0.01,688,146,1,1,corrected_closed_loop,modvis-kappa-2e03357db2c9
138,38,0.9,reduced_reliability,0.04898414496233082,0.08113023010812644,0.05260707898569365,0.01,646,187,2,2,corrected_closed_loop,modvis-kappa-2e03357db2c9
139,39,0.9,baseline,0.05151801007601421,0.05288167260388503,0.05471264684663628,0.01,656,177,2,2,corrected_closed_loop,modvis-kappa-2e03357db2c9
139,39,0.9,recovery,0.055236810228177745,0.06939200184751171,0.06142252449423879,0.02,594,240,3,3,corrected_closed_loop,modvis-kappa-2e03357db2c9
139,39,0.9,reduced_reliability,0.05417855427068412,0.08088408555759545,0.05696352604424216,0.02,638,195,1,1,corrected_closed_loop,modvis-kappa-2e03357db2c9
140,40,0.9,baseline,0.04960370817195748,0.11040328705143197,0.05132790060437761,0.01,702,131,1,1,corrected_closed_loop,modvis-kappa-2e03357db2c9
140,40,0.9,recovery,0.05263255556572426,0.07677231455703637,0.057343984399453735,0.016666666666666666,594,240,3,3,corrected_closed_loop,modvis-kappa-2e03357db2c9
140,40,0.9,reduced_reliability,0.05577578818193836,0.10259337306693515,0.055579535939481874,0.02,650,183,2,2,corrected_closed_loop,modvis-kappa-2e03357db2c9
141,41,0.9,baseline,0.05041472877140103,0.09067643942549515,0.05228268940123131,0.01,659,174,2,2,corrected_closed_loop,modvis-kappa-2e03357db2c9
141,41,0.9,recovery,0.05880951985391148,0.07055413771772075,0.07152560757771889,0.02333333333333333,594,240,3,3,corrected_closed_loop,modvis-kappa-2e03357db2c9
141,41,0.9,reduced_reliability,0.05147753548943484,0.06735717568964333,0.055713422584408076,0.02,593,240,3,3,corrected_closed_loop,modvis-kappa-2e03357db2c9
142,42,0.9,baseline,0.04925916291607802,0.06418852995920396,0.05741182267118053,0.01,669,164,2,2,corrected_closed_loop,modvis-kappa-2e03357db2c9
142,42,0.9,recovery,0.05305430066749928,0.09799892058076476,0.056561006604966525,0.025,662,172,2,2,corrected_closed_loop,modvis-kappa-2e03357db2c9
142,42,0.9,reduced_reliability,0.054441013352982376,0.0715955478868386,0.06601132182531197,0.02,593,240,3,3,corrected_closed_loop,modvis-kappa-2e03357db2c9
143,43,0.9,baseline,0.05438195050204029,0.07089478322092685,0.0666098695911417,0.01,593,240,3,3,corrected_closed_loop,modvis-kappa-2e03357db2c9
143,43,0.9,recovery,0.05490050878055964,0.07158361874388564,0.0635717055047945,0.01,594,240,3,3,corrected_closed_loop,modvis-kappa-2e03357db2c9
143,43,0.9,reduced_reliability,0.05416760990636377,0.06362407413275126,0.06497567802142191,0.025,595,238,2,2,corrected_closed_loop,modvis-kappa-2e03357db2c9
144,44,0.9,baseline,0.051448138874435216,0.05714420469301624,0.05508341678186163,0.01,672,161,2,2,corrected_closed_loop,modvis-kappa-2e03357db2c9
144,44,0.9,recovery,0.05373466433095496,0.10192753950504872,0.04951383591362008,0.02,715,119,1,1,corrected_closed_loop,modvis-kappa-2e03357db2c9
144,44,0.9,reduced_reliability,0.05412180520602557,0.0746005883746641,0.06090194303677503,0.02,593,240,3,3,corrected_closed_loop,modvis-kappa-2e03357db2c9
145,45,0.9,baseline,0.05018925958062667,0.09037815497528018,0.057161283634456043,0.030000000000000002,622,211,2,2,corrected_closed_loop,modvis-kappa-2e03357db2c9
145,45,0.9,recovery,0.05242751218459639,0.07429885887359948,0.06002883500670506,0.025,628,206,2,2,corrected_closed_loop,modvis-kappa-2e03357db2c9
145,45,0.9,reduced_reliability,0.055322929708278124,0.07987041657317417,0.05667040140280191,0.01,622,211,1,1,corrected_closed_loop,modvis-kappa-2e03357db2c9
146,46,0.9,baseline,0.04849876580947924,0.05704786312594063,0.060255056262725856,0.02,626,207,2,2,corrected_closed_loop,modvis-kappa-2e03357db2c9
146,46,0.9,recovery,0.05044265860114495,0.08001580340187019,0.0700642601144137,0.03,594,240,3,3,corrected_closed_loop,modvis-kappa-2e03357db2c9
146,46,0.9,reduced_reliability,0.052994911792592775,0.09079951642764991,0.055881156012228296,0.02,656,177,2,2,corrected_closed_loop,modvis-kappa-2e03357db2c9
147,47,0.9,baseline,0.052371122607433145,0.07369298446990805,0.06372581237491,0.013333333333333334,593,240,3,3,corrected_closed_loop,modvis-kappa-2e03357db2c9
147,47,0.9,recovery,0.04994772127342901,0.061359614718932066,0.06266943086826171,0.01,594,240,3,3,corrected_closed_loop,modvis-kappa-2e03357db2c9
147,47,0.9,reduced_reliability,0.056875668787593196,0.07912701571247972,0.06818101973282091,0.016666666666666666,593,240,3,3,corrected_closed_loop,modvis-kappa-2e03357db2c9
148,48,0.9,baseline,0.05149649548773909,0.057068185181582375,0.056793872821087915,0.006666666666666667,593,240,3,3,corrected_closed_loop,modvis-kappa-2e03357db2c9
148,48,0.9,recovery,0.05546986847952987,0.07375205952329847,0.06347681853934366,0.023333333333333334,594,240,3,3,corrected_closed_loop,modvis-kappa-2e03357db2c9
148,48,0.9,reduced_reliability,0.05300691564187921,0.09221946050874619,0.05039236155195145,0.03,596,237,2,2,corrected_closed_loop,modvis-kappa-2e03357db2c9
149,49,0.9,baseline,0.05145285288468327,0.06783820072069519,0.06138565454794249,0.013333333333333334,593,240,3,3,corrected_closed_loop,modvis-kappa-2e03357db2c9
149,49,0.9,recovery,0.05481623132199172,0.07979807762616695,0.06719761526416196,0.02666666666666667,594,240,3,3,corrected_closed_loop,modvis-kappa-2e03357db2c9
149,49,0.9,reduced_reliability,0.05268278797029305,0.09320911886768278,0.05530445836832348,0.01,688,145,1,1,corrected_closed_loop,modvis-kappa-2e03357db2c9
150,50,0.9,baseline,0.05330968965978111,0.07723229268058363,0.06420441451020065,0.03,636,197,2,2,corrected_closed_loop,modvis-kappa-2e03357db2c9
150,50,0.9,recovery,0.05367321509288203,0.06220136144199341,0.05725165760115762,0.015,626,208,2,2,corrected_closed_loop,modvis-kappa-2e03357db2c9
150,50,0.9,reduced_reliability,0.050531967597690845,0.05883247125587981,0.058615653613855095,0.015,649,184,2,2,corrected_closed_loop,modvis-kappa-2e03357db2c9
151,51,0.9,baseline,0.051136663944746294,0.07358009524766916,0.05586570486612598,0.013333333333333334,593,240,3,3,corrected_closed_loop,modvis-kappa-2e03357db2c9
151,51,0.9,recovery,0.05516584047793091,0.07249754609745743,0.057431822488545836,0.023333333333333334,594,240,3,3,corrected_closed_loop,modvis-kappa-2e03357db2c9
151,51,0.9,reduced_reliability,0.052850585457344904,0.09143125598385471,0.05311170637421528,0.02,607,226,2,2,corrected_closed_loop,modvis-kappa-2e03357db2c9
152,52,0.9,baseline,0.05298945873773602,0.060034398089940356,0.06547936922687565,0.016666666666666666,593,240,3,3,corrected_closed_loop,modvis-kappa-2e03357db2c9
152,52,0.9,recovery,0.058291827238865127,0.07125438899526214,0.06292054418345651,0.015,609,225,2,2,corrected_closed_loop,modvis-kappa-2e03357db2c9
152,52,0.9,reduced_reliability,0.056988204224015064,0.08684702159133048,0.04707228560688122,0.02,593,240,3,3,corrected_closed_loop,modvis-kappa-2e03357db2c9
153,53,0.9,baseline,0.05223875068259663,0.07395646440433712,0.06091235157948586,0.02,624,209,2,2,corrected_closed_loop,modvis-kappa-2e03357db2c9
153,53,0.9,recovery,0.04810172712352746,0.0892657502736886,0.05849354390785197,0.02,633,201,2,2,corrected_closed_loop,modvis-kappa-2e03357db2c9
153,53,0.9,reduced_reliability,0.05369348889355612,0.08231355438665894,0.06030107040098595,0.023333333333333334,593,240,3,3,corrected_closed_loop,modvis-kappa-2e03357db2c9
154,54,0.9,baseline,0.05299127035118685,0.10366448363822234,0.05872344836931357,0.005,662,171,2,2,corrected_closed_loop,modvis-kappa-2e03357db2c9
154,54,0.9,recovery,0.049374186906182456,0.05909587323096415,0.06269321117763109,0.0033333333333333335,594,240,3,3,corrected_closed_loop,modvis-kappa-2e03357db2c9
154,54,0.9,reduced_reliability,0.052339013864878915,0.06518821430073118,0.06079716377454353,0.016666666666666666,593,240,3,3,corrected_closed_loop,modvis-kappa-2e03357db2c9
155,55,0.9,baseline,0.05237342969665726,0.08195994831224367,0.06112818662643604,0.02666666666666667,593,240,3,3,corrected_closed_loop,modvis-kappa-2e03357db2c9
155,55,0.9,recovery,0.05404675372094128,0.07224930510336611,0.07032892317843081,0.013333333333333334,594,240,3,3,corrected_closed_loop,modvis-kappa-2e03357db2c9
155,55,0.9,reduced_reliability,0.049364604220592585,0.06010851156151769,0.06333110108092997,0.01,593,240,3,3,corrected_closed_loop,modvis-kappa-2e03357db2c9
156,56,0.9,baseline,0.05302633882990809,0.07640028773301519,0.04789926236638481,0.025,625,208,2,2,corrected_closed_loop,modvis-kappa-2e03357db2c9
156,56,0.9,recovery,0.05391116641922278,0.06198966989237413,0.053183479474543244,0.01,663,171,2,2,corrected_closed_loop,modvis-kappa-2e03357db2c9
156,56,0.9,reduced_reliability,0.05531259932658452,0.07025239953458788,0.06304130603245128,0.025,643,190,2,2,corrected_closed_loop,modvis-kappa-2e03357db2c9
157,57,0.9,baseline,0.051976271953813755,0.0656011785782919,0.06322844136005668,0.016666666666666666,593,240,3,3,corrected_closed_loop,modvis-kappa-2e03357db2c9
157,57,0.9,recovery,0.052513436194255046,0.0846162463198727,0.05833904447205945,0.015,664,170,2,2,corrected_closed_loop,modvis-kappa-2e03357db2c9
157,57,0.9,reduced_reliability,0.053407434126520846,0.09572023041747163,0.0525434696278606,0.02,616,217,1,1,corrected_closed_loop,modvis-kappa-2e03357db2c9
158,58,0.9,baseline,0.051064512485759224,0.06198827186373346,0.058769020859470944,0.01,593,240,3,3,corrected_closed_loop,modvis-kappa-2e03357db2c9
158,58,0.9,recovery,0.053631952603630254,0.08397684007720128,0.06488205562270973,0.01,602,232,2,2,corrected_closed_loop,modvis-kappa-2e03357db2c9
158,58,0.9,reduced_reliability,0.05580980178273458,0.07723417839483818,0.06178637860808223,0.01,598,235,2,2,corrected_closed_loop,modvis-kappa-2e03357db2c9
159,59,0.9,baseline,0.050709814192900014,0.0828310891657764,0.055206881020654484,0.01,629,204,2,2,corrected_closed_loop,modvis-kappa-2e03357db2c9
159,59,0.9,recovery,0.05675064455350242,0.07611470062168835,0.06595444248579224,0.013333333333333334,594,240,3,3,corrected_closed_loop,modvis-kappa-2e03357db2c9
159,59,0.9,reduced_reliability,0.052555004805179543,0.08593698459108472,0.053893128736777596,0.02,661,172,2,2,corrected_closed_loop,modvis-kappa-2e03357db2c9
160,60,0.9,baseline,0.051552853182869646,0.07193829151537541,0.056990671077715466,0.02,593,240,3,3,corrected_closed_loop,modvis-kappa-2e03357db2c9
160,60,0.9,recovery,0.051968189206869526,0.08789873871661678,0.05789937705113143,0.01,604,230,2,2,corrected_closed_loop,modvis-kappa-2e03357db2c9
160,60,0.9,reduced_reliability,0.05351758062112598,0.06508083569151701,0.06124887494773337,0.02,669,164,2,2,corrected_closed_loop,modvis-kappa-2e03357db2c9
161,61,0.9,baseline,0.04926279413650263,0.06883947204111783,0.05117815088193364,0.016666666666666666,593,240,3,3,corrected_closed_loop,modvis-kappa-2e03357db2c9
161,61,0.9,recovery,0.054146953157753606,0.06663268111106091,0.06258728811700898,0.015,604,230,2,2,corrected_closed_loop,modvis-kappa-2e03357db2c9
161,61,0.9,reduced_reliability,0.055578892908764534,0.07086291372943297,0.06495502841339425,0.02,593,240,3,3,corrected_closed_loop,modvis-kappa-2e03357db2c9
162,62,0.9,baseline,0.053405337534696014,0.07156119546522008,0.064285852028393,0.023333333333333334,593,240,3,3,corrected_closed_loop,modvis-kappa-2e03357db2c9
162,62,0.9,recovery,0.05270430776736717,0.08669706064514639,0.05742899789533119,0.02,636,198,1,1,corrected_closed_loop,modvis-kappa-2e03357db2c9
162,62,0.9,reduced_reliability,0.053775383264946096,0.053690698051375205,0.062150057649371974,0.015,663,170,2,2,corrected_closed_loop,modvis-kappa-2e03357db2c9
163,63,0.9,baseline,0.052905567516147646,0.06562839831398368,0.06290907612051412,0.016666666666666666,593,240,3,3,corrected_closed_loop,modvis-kappa-2e03357db2c9
163,63,0.9,recovery,0.052367762410059186,0.09150211040849235,0.05974593475836865,0.025,644,190,2,2,corrected_closed_loop,modvis-kappa-2e03357db2c9
163,63,0.9,reduced_reliability,0.05285907872552704,0.06723162247968459,0.062281239380181666,0.015,638,195,2,2,corrected_closed_loop,modvis-kappa-2e03357db2c9
164,64,0.9,baseline,0.052852878475681306,0.07285074120239957,0.05812496495383652,0.025,644,189,2,2,corrected_closed_loop,modvis-kappa-2e03357db2c9
164,64,0.9,recovery,0.054596167145287935,0.07128297217342922,0.06515591685646141,0.02,594,240,3,3,corrected_closed_loop,modvis-kappa-2e03357db2c9
164,64,0.9,reduced_reliability,0.04964862983283963,0.08387113644449853,0.05467707194365229,0.02,646,187,2,2,corrected_closed_loop,modvis-kappa-2e03357db2c9
165,65,0.9,baseline,0.052980941812786245,0.06714454940288464,0.05985094119122765,0.02,595,238,2,2,corrected_closed_loop,modvis-kappa-2e03357db2c9
165,65,0.9,recovery,0.054259554092031086,0.07913313445816807,0.05800610989948177,0.02,594,240,3,3,corrected_closed_loop,modvis-kappa-2e03357db2c9
165,65,0.9,reduced_reliability,0.05293696095869889,0.08576718441047813,0.05590382032671527,0.01,600,233,2,2,corrected_closed_loop,modvis-kappa-2e03357db2c9
166,66,0.9,baseline,0.05250926363626432,0.08167587561476383,0.05737977082885749,0.016666666666666666,593,240,3,3,corrected_closed_loop,modvis-kappa-2e03357db2c9
166,66,0.9,recovery,0.05670079003398271,0.08099449665008082,0.06405946765297069,0.02666666666666667,594,240,3,3,corrected_closed_loop,modvis-kappa-2e03357db2c9
166,66,0.9,reduced_reliability,0.05073594738995458,0.08738989561141346,0.05183551393675102,0.034999999999999996,664,169,2,2,corrected_closed_loop,modvis-kappa-2e03357db2c9
167,67,0.9,baseline,0.05415770307103585,0.0872290040446378,0.06087959521874462,0.016666666666666666,593,240,3,3,corrected_closed_loop,modvis-kappa-2e03357db2c9
167,67,0.9,recovery,0.05284361066819656,0.06924715580974594,0.06708094062836244,0.02,594,240,3,3,corrected_closed_loop,modvis-kappa-2e03357db2c9
167,67,0.9,reduced_reliability,0.054677935268882344,0.07201141305959313,0.06128902304474985,0.016666666666666666,593,240,3,3,corrected_closed_loop,modvis-kappa-2e03357db2c9
168,68,0.9,baseline,0.05332822873247957,0.09721628300985415,0.06215938584148244,0.02,597,236,2,2,corrected_closed_loop,modvis-kappa-2e03357db2c9
168,68,0.9,recovery,0.05292226893897145,0.0782197344081472,0.0594332562660159,0.016666666666666666,594,240,3,3,corrected_closed_loop,modvis-kappa-2e03357db2c9
168,68,0.9,reduced_reliability,0.04944702429166205,0.05788297487245507,0.05495743693940932,0.01,606,227,2,2,corrected_closed_loop,modvis-kappa-2e03357db2c9
169,69,0.9,baseline,0.050020820282859396,0.08177811394553393,0.0584163530258286,0.02,622,211,2,2,corrected_closed_loop,modvis-kappa-2e03357db2c9
169,69,0.9,recovery,0.052373181766529484,0.08115557904002961,0.06116087071627656,0.01,661,173,2,2,corrected_closed_loop,modvis-kappa-2e03357db2c9
169,69,0.9,reduced_reliability,0.054063372898770994,0.09885386053874042,0.0579142377389054,0.015,654,179,2,2,corrected_closed_loop,modvis-kappa-2e03357db2c9
170,70,0.9,baseline,0.04796571904136649,0.0836003961608328,0.06054035081493026,0.02,668,165,2,2,corrected_closed_loop,modvis-kappa-2e03357db2c9
170,70,0.9,recovery,0.05131506788018749,0.05645788897790111,0.05829061864071511,0.006666666666666667,594,240,3,3,corrected_closed_loop,modvis-kappa-2e03357db2c9
170,70,0.9,reduced_reliability,0.05364437730208286,0.06138339713910239,0.06432628112544037,0.013333333333333334,593,240,3,3,corrected_closed_loop,modvis-kappa-2e03357db2c9
171,71,0.9,baseline,0.050846404524259765,0.06556537610885961,0.05611776331205313,0.01,618,215,2,2,corrected_closed_loop,modvis-kappa-2e03357db2c9
171,71,0.9,recovery,0.05334518712430062,0.07101868439821088,0.06065239334085535,0.02,594,240,3,3,corrected_closed_loop,modvis-kappa-2e03357db2c9
171,71,0.9,reduced_reliability,0.05454554839832812,0.07384066877750267,0.05649836033000461,0.016666666666666666,593,240,3,3,corrected_closed_loop,modvis-kappa-2e03357db2c9
172,72,0.9,baseline,0.0569761343728848,0.06119931766264757,0.06729019533991933,0.006666666666666667,593,240,3,3,corrected_closed_loop,modvis-kappa-2e03357db2c9
172,72,0.9,recovery,0.05249884124601987,0.07775021245014291,0.0529314814856383,0.02,594,240,3,3,corrected_closed_loop,modvis-kappa-2e03357db2c9
172,72,0.9,reduced_reliability,0.056627410766029326,0.06447136352665767,0.06272541362044307,0.013333333333333334,593,240,3,3,corrected_closed_loop,modvis-kappa-2e03357db2c9
173,73,0.9,baseline,0.047602490657439746,0.0972217749475222,0.05233421338133754,0.015,616,217,2,2,corrected_closed_loop,modvis-kappa-2e03357db2c9
173,73,0.9,recovery,0.0493823197253997,0.07861638589341584,0.05736204118893458,0.02,594,240,3,3,corrected_closed_loop,modvis-kappa-2e03357db2c9
173,73,0.9,reduced_reliability,0.04942449814608333,0.0902408874806192,0.05240305727018626,0.025,623,210,2,2,corrected_closed_loop,modvis-kappa-2e03357db2c9
174,74,0.9,baseline,0.05357217090275977,0.07628307466619423,0.05906326855332226,0.02,593,240,3,3,corrected_closed_loop,modvis-kappa-2e03357db2c9
174,74,0.9,recovery,0.049674843992212975,0.06609746743214653,0.05639881790077785,0.016666666666666666,594,240,3,3,corrected_closed_loop,modvis-kappa-2e03357db2c9
174,74,0.9,reduced_reliability,0.05213152574285449,0.07168134908053694,0.05927176642796427,0.025,670,163,2,2,corrected_closed_loop,modvis-kappa-2e03357db2c9
175,75,0.9,baseline,0.05189975968834314,0.0630541057780104,0.057998278657269565,0.013333333333333334,593,240,3,3,corrected_closed_loop,modvis-kappa-2e03357db2c9
175,75,0.9,recovery,0.05258415666040577,0.06488449408678183,0.057648926928519154,0.005,657,177,2,2,corrected_closed_loop,modvis-kappa-2e03357db2c9
175,75,0.9,reduced_reliability,0.05747221018299988,0.09082800498589848,0.06201915965128659,0.04,593,240,3,3,corrected_closed_loop,modvis-kappa-2e03357db2c9
176,76,0.9,baseline,0.04951378815394634,0.07567662538203264,0.0569564930346843,0.013333333333333334,593,240,3,3,corrected_closed_loop,modvis-kappa-2e03357db2c9
176,76,0.9,recovery,0.05237972780541471,0.09743835754088147,0.05756701945439136,0.02,646,188,2,2,corrected_closed_loop,modvis-kappa-2e03357db2c9
176,76,0.9,reduced_reliability,0.05185422444518043,0.06972090009970006,0.05925040173248873,0.013333333333333334,593,240,3,3,corrected_closed_loop,modvis-kappa-2e03357db2c9
177,77,0.9,baseline,0.052828380242249694,0.08104512571449424,0.06425666220117864,0.01,597,236,2,2,corrected_closed_loop,modvis-kappa-2e03357db2c9
177,77,0.9,recovery,0.05223133919066437,0.07122572840204267,0.056114985803782214,0.02,645,189,2,2,corrected_closed_loop,modvis-kappa-2e03357db2c9
177,77,0.9,reduced_reliability,0.054447054760343776,0.08007595376964384,0.05807850902917741,0.005,633,200,2,2,corrected_closed_loop,modvis-kappa-2e03357db2c9
178,78,0.9,baseline,0.04782532862996041,0.06257613601154008,0.06136258415487581,0.013333333333333334,593,240,3,3,corrected_closed_loop,modvis-kappa-2e03357db2c9
178,78,0.9,recovery,0.05213067523707943,0.06219639799856716,0.05929025956148303,0.013333333333333334,594,240,3,3,corrected_closed_loop,modvis-kappa-2e03357db2c9
178,78,0.9,reduced_reliability,0.0564333598278637,0.06621360063595723,0.05738725761794365,0.01,626,207,2,2,corrected_closed_loop,modvis-kappa-2e03357db2c9
179,79,0.9,baseline,0.052623074248934525,0.09697530058671164,0.061333986093934714,0.02,632,201,2,2,corrected_closed_loop,modvis-kappa-2e03357db2c9
179,79,0.9,recovery,0.053075999089754584,0.04535824360721063,0.046998585656708176,0.0,665,169,1,1,corrected_closed_loop,modvis-kappa-2e03357db2c9
179,79,0.9,reduced_reliability,0.05756504307290333,0.10231479537587841,0.055262040798351036,0.02,603,230,2,2,corrected_closed_loop,modvis-kappa-2e03357db2c9
180,80,0.9,baseline,0.051039624235142474,0.09413848981145698,0.0564767373726758,0.025,670,163,2,2,corrected_closed_loop,modvis-kappa-2e03357db2c9
180,80,0.9,recovery,0.056190246020739604,0.09747117459075244,0.06003143784677699,0.035,608,226,2,2,corrected_closed_loop,modvis-kappa-2e03357db2c9
180,80,0.9,reduced_reliability,0.0540199105019074,0.07060817344295622,0.06240990002824839,0.013333333333333334,593,240,3,3,corrected_closed_loop,modvis-kappa-2e03357db2c9
181,81,0.9,baseline,0.05406056437771892,0.09208776980177776,0.05444677008908831,0.01,616,217,1,1,corrected_closed_loop,modvis-kappa-2e03357db2c9
181,81,0.9,recovery,0.05634248022406069,0.09421153268903647,0.05716829458438235,0.02,661,173,2,2,corrected_closed_loop,modvis-kappa-2e03357db2c9
181,81,0.9,reduced_reliability,0.05210403180438873,0.06666578655294228,0.06749545979134691,0.016666666666666666,593,240,3,3,corrected_closed_loop,modvis-kappa-2e03357db2c9
182,82,0.9,baseline,0.0535121663995529,0.09204900287443503,0.0635842717338292,0.02,593,240,2,2,corrected_closed_loop,modvis-kappa-2e03357db2c9
182,82,0.9,recovery,0.05314343213530357,0.06660902785716086,0.05465214331357383,0.02,668,166,2,2,corrected_closed_loop,modvis-kappa-2e03357db2c9
182,82,0.9,reduced_reliability,0.0526827641592547,0.07580834456945677,0.057182611644171225,0.015,598,235,2,2,corrected_closed_loop,modvis-kappa-2e03357db2c9
183,83,0.9,baseline,0.054063468133641254,0.09418819495197885,0.060315244334741745,0.02,710,123,1,1,corrected_closed_loop,modvis-kappa-2e03357db2c9
183,83,0.9,recovery,0.054447977890120305,0.08001924169402978,0.057069444957268345,0.015,600,234,2,2,corrected_closed_loop,modvis-kappa-2e03357db2c9
183,83,0.9,reduced_reliability,0.050744645468497,0.07060247461872304,0.05794990867143823,0.023333333333333334,593,240,3,3,corrected_closed_loop,modvis-kappa-2e03357db2c9
184,84,0.9,baseline,0.052300847720054666,0.09865682339282553,0.06190893016764385,0.025,652,181,2,2,corrected_closed_loop,modvis-kappa-2e03357db2c9
184,84,0.9,recovery,0.055266738373481075,0.06905101694090439,0.05427899466132623,0.01,594,240,3,3,corrected_closed_loop,modvis-kappa-2e03357db2c9
184,84,0.9,reduced_reliability,0.05247867065295098,0.08254893411365288,0.057914556523436606,0.02,593,240,3,3,corrected_closed_loop,modvis-kappa-2e03357db2c9
185,85,0.9,baseline,0.05263077875804074,0.07747025082922147,0.061991349543273504,0.02,631,202,2,2,corrected_closed_loop,modvis-kappa-2e03357db2c9
185,85,0.9,recovery,0.053869079354409266,0.07887013550970282,0.06190515335490003,0.02666666666666667,594,240,3,3,corrected_closed_loop,modvis-kappa-2e03357db2c9
185,85,0.9,reduced_reliability,0.055624822316903494,0.08011970548502519,0.05585872576195956,0.016666666666666666,593,240,3,3,corrected_closed_loop,modvis-kappa-2e03357db2c9
186,86,0.9,baseline,0.055612327189756616,0.0665151829991613,0.0677173553103359,0.015,647,186,2,2,corrected_closed_loop,modvis-kappa-2e03357db2c9
186,86,0.9,recovery,0.05523276933984947,0.08969011127915866,0.06265974778228867,0.02,626,208,2,2,corrected_closed_loop,modvis-kappa-2e03357db2c9
186,86,0.9,reduced_reliability,0.05397824368048976,0.06700796112288025,0.06529858450735167,0.015,632,201,2,2,corrected_closed_loop,modvis-kappa-2e03357db2c9
187,87,0.9,baseline,0.05192827213403625,0.0947092376533061,0.05723240705661025,0.02,662,171,2,2,corrected_closed_loop,modvis-kappa-2e03357db2c9
187,87,0.9,recovery,0.05057300067662893,0.07001214939652113,0.06094899052886298,0.023333333333333334,594,240,3,3,corrected_closed_loop,modvis-kappa-2e03357db2c9
187,87,0.9,reduced_reliability,0.04989154603345766,0.06370535365653703,0.05878394672738282,0.02,618,215,2,2,corrected_closed_loop,modvis-kappa-2e03357db2c9
188,88,0.9,baseline,0.05070711288250752,0.07398820769447527,0.0621976223323443,0.02,593,240,3,3,corrected_closed_loop,modvis-kappa-2e03357db2c9
188,88,0.9,recovery,0.0514290479350932,0.06480104066576178,0.06404413475919464,0.016666666666666666,594,240,3,3,corrected_closed_loop,modvis-kappa-2e03357db2c9
188,88,0.9,reduced_reliability,0.055020244082014905,0.10452400030120784,0.0575415723100977,0.01,668,165,1,1,corrected_closed_loop,modvis-kappa-2e03357db2c9
189,89,0.9,baseline,0.04897642427440298,0.067506097948699,0.05541582864889222,0.025,616,217,2,2,corrected_closed_loop,modvis-kappa-2e03357db2c9
189,89,0.9,recovery,0.054641659298589704,0.07338399634656295,0.06690524801537619,0.02333333333333333,594,240,3,3,corrected_closed_loop,modvis-kappa-2e03357db2c9
189,89,0.9,reduced_reliability,0.05422708735156541,0.07961697312058062,0.051636738890282766,0.03,593,240,3,3,corrected_closed_loop,modvis-kappa-2e03357db2c9
190,90,0.9,baseline,0.051775831310064045,0.08080271177740062,0.06256461403937058,0.013333333333333334,593,240,3,3,corrected_closed_loop,modvis-kappa-2e03357db2c9
190,90,0.9,recovery,0.05750546447939947,0.06740762014569641,0.05851610283337051,0.015,640,194,2,2,corrected_closed_loop,modvis-kappa-2e03357db2c9
190,90,0.9,reduced_reliability,0.05213929347571793,0.06374879743928237,0.06166997431275624,0.016666666666666666,593,240,3,3,corrected_closed_loop,modvis-kappa-2e03357db2c9
191,91,0.9,baseline,0.051307190942468814,0.08773382221247268,0.05690323790197812,0.03,642,191,2,2,corrected_closed_loop,modvis-kappa-2e03357db2c9
191,91,0.9,recovery,0.05577256284247643,0.07906366973552131,0.06160463671083014,0.02,659,175,2,2,corrected_closed_loop,modvis-kappa-2e03357db2c9
191,91,0.9,reduced_reliability,0.05261307173682498,0.08011631729526743,0.05951006306182844,0.03,593,240,3,3,corrected_closed_loop,modvis-kappa-2e03357db2c9
192,92,0.9,baseline,0.05510037875592653,0.08773181064891436,0.06792345685409945,0.03333333333333333,593,240,3,3,corrected_closed_loop,modvis-kappa-2e03357db2c9
192,92,0.9,recovery,0.05568826234553528,0.10192992131903769,0.058103283429794976,0.01,625,209,2,2,corrected_closed_loop,modvis-kappa-2e03357db2c9
192,92,0.9,reduced_reliability,0.05267671661126102,0.06974555542182685,0.06288584481938062,0.013333333333333334,593,240,3,3,corrected_closed_loop,modvis-kappa-2e03357db2c9
193,93,0.9,baseline,0.055333061902072746,0.06703970157337293,0.06242514667705403,0.02,593,240,3,3,corrected_closed_loop,modvis-kappa-2e03357db2c9
193,93,0.9,recovery,0.05291882971504,0.06808631350931699,0.060924302994808485,0.025,634,200,2,2,corrected_closed_loop,modvis-kappa-2e03357db2c9
193,93,0.9,reduced_reliability,0.05427496163982611,0.07232167363664305,0.06421523093655736,0.02,593,240,3,3,corrected_closed_loop,modvis-kappa-2e03357db2c9
194,94,0.9,baseline,0.05261704434084558,0.061421919983659576,0.058874221009179335,0.02,626,207,2,2,corrected_closed_loop,modvis-kappa-2e03357db2c9
194,94,0.9,recovery,0.0496078358943104,0.09608848009271274,0.06017157855837668,0.025,668,166,2,2,corrected_closed_loop,modvis-kappa-2e03357db2c9
194,94,0.9,reduced_reliability,0.05308810615299188,0.06913891128832188,0.06331573145265323,0.016666666666666666,593,240,3,3,corrected_closed_loop,modvis-kappa-2e03357db2c9
195,95,0.9,baseline,0.05201946119903407,0.08289278437560682,0.05434132603619144,0.03,609,224,2,2,corrected_closed_loop,modvis-kappa-2e03357db2c9
195,95,0.9,recovery,0.05371157389530163,0.05807698579914301,0.05623995047556059,0.015,618,216,2,2,corrected_closed_loop,modvis-kappa-2e03357db2c9
195,95,0.9,reduced_reliability,0.05646209544519579,0.06435108812939701,0.06331028374355936,0.013333333333333334,593,240,3,3,corrected_closed_loop,modvis-kappa-2e03357db2c9
196,96,0.9,baseline,0.053662041293337806,0.09258897628023652,0.05945194168846048,0.02,608,225,2,2,corrected_closed_loop,modvis-kappa-2e03357db2c9
196,96,0.9,recovery,0.05431981657808632,0.057429535520012946,0.061563114998904954,0.013333333333333334,594,240,3,3,corrected_closed_loop,modvis-kappa-2e03357db2c9
196,96,0.9,reduced_reliability,0.05381581438009466,0.0697354296713477,0.0629474384216453,0.015,633,200,2,2,corrected_closed_loop,modvis-kappa-2e03357db2c9
197,97,0.9,baseline,0.04586828811117179,0.09858488835716227,0.04975351427418086,0.02,690,143,1,1,corrected_closed_loop,modvis-kappa-2e03357db2c9
197,97,0.9,recovery,0.05415020788368315,0.07252764160029493,0.06137722256752831,0.02666666666666667,594,240,3,3,corrected_closed_loop,modvis-kappa-2e03357db2c9
197,97,0.9,reduced_reliability,0.05677134618232138,0.09825286537429341,0.052519983633569696,0.01,634,199,1,1,corrected_closed_loop,modvis-kappa-2e03357db2c9
198,98,0.9,baseline,0.05623767596104118,0.08607938671354835,0.06519901304122847,0.015,599,234,2,2,corrected_closed_loop,modvis-kappa-2e03357db2c9
198,98,0.9,recovery,0.05205503762561714,0.07396339396445938,0.05950594363247442,0.005,617,217,2,2,corrected_closed_loop,modvis-kappa-2e03357db2c9
198,98,0.9,reduced_reliability,0.05124752321082587,0.07930369636492868,0.05555478857893053,0.01,660,173,1,1,corrected_closed_loop,modvis-kappa-2e03357db2c9
199,99,0.9,baseline,0.05068436073003597,0.06510030773771813,0.06348550812761009,0.013333333333333334,593,240,3,3,corrected_closed_loop,modvis-kappa-2e03357db2c9
199,99,0.9,recovery,0.05454541274170701,0.07452268953631963,0.05718543526992565,0.023333333333333334,594,240,3,3,corrected_closed_loop,modvis-kappa-2e03357db2c9
199,99,0.9,reduced_reliability,0.051614380720517467,0.06598770034659676,0.056844811347692425,0.02,657,176,2,2,corrected_closed_loop,modvis-kappa-2e03357db2c9
100,0,1.0,baseline,0.05227903361128479,0.07643590785038243,0.05092163240002351,0.02,628,205,2,2,corrected_closed_loop,modvis-kappa-2e03357db2c9
100,0,1.0,recovery,0.052452872596054315,0.05648641867960539,0.05872225100722325,0.005,653,181,2,2,corrected_closed_loop,modvis-kappa-2e03357db2c9
100,0,1.0,reduced_reliability,0.055665042507111705,0.06355206403876072,0.06177094380192217,0.01,657,176,2,2,corrected_closed_loop,modvis-kappa-2e03357db2c9
101,1,1.0,baseline,0.048683555599097254,0.07984218432276635,0.05885431523510717,0.02,593,240,3,3,corrected_closed_loop,modvis-kappa-2e03357db2c9
101,1,1.0,recovery,0.056936064417601656,0.07637071163727034,0.06750463094367076,0.013333333333333334,594,240,3,3,corrected_closed_loop,modvis-kappa-2e03357db2c9
101,1,1.0,reduced_reliability,0.049148848045631015,0.07333188061006941,0.05711805738323116,0.03,626,207,2,2,corrected_closed_loop,modvis-kappa-2e03357db2c9
102,2,1.0,baseline,0.05234248019736282,0.07903576463981214,0.060202935547240384,0.015,608,225,2,2,corrected_closed_loop,modvis-kappa-2e03357db2c9
102,2,1.0,recovery,0.04862133955347365,0.06974709664061866,0.051624793925414275,0.023333333333333334,594,240,3,3,corrected_closed_loop,modvis-kappa-2e03357db2c9
102,2,1.0,reduced_reliability,0.05616547075617004,0.06391219875199722,0.06612314687694457,0.015,649,184,2,2,corrected_closed_loop,modvis-kappa-2e03357db2c9
103,3,1.0,baseline,0.05032722908195535,0.0810950685709957,0.05527311227670311,0.016666666666666666,593,240,3,3,corrected_closed_loop,modvis-kappa-2e03357db2c9
103,3,1.0,recovery,0.05810724880741737,0.08636465390806339,0.06265055356965961,0.01,624,210,1,1,corrected_closed_loop,modvis-kappa-2e03357db2c9
103,3,1.0,reduced_reliability,0.054021688566048526,0.07112386089980988,0.06189415408286673,0.02333333333333333,593,240,3,3,corrected_closed_loop,modvis-kappa-2e03357db2c9
104,4,1.0,baseline,0.05119621887821709,0.06326255002179447,0.06528116355477227,0.006666666666666667,593,240,3,3,corrected_closed_loop,modvis-kappa-2e03357db2c9
104,4,1.0,recovery,0.052317890040322244,0.06311496359309138,0.0507395985652836,0.006666666666666667,594,240,3,3,corrected_closed_loop,modvis-kappa-2e03357db2c9
104,4,1.0,reduced_reliability,0.054244398868368536,0.07732902375864303,0.05989530950269978,0.023333333333333334,593,240,3,3,corrected_closed_loop,modvis-kappa-2e03357db2c9
105,5,1.0,baseline,0.05243502133258905,0.07131443862880558,0.05999929294987376,0.016666666666666666,593,240,3,3,corrected_closed_loop,modvis-kappa-2e03357db2c9
105,5,1.0,recovery,0.049724473603427716,0.0607178183372194,0.048956537718561274,0.02,641,193,2,2,corrected_closed_loop,modvis-kappa-2e03357db2c9
105,5,1.0,reduced_reliability,0.0542199609308465,0.09136476590482498,0.061380359053311614,0.015,620,213,2,2,corrected_closed_loop,modvis-kappa-2e03357db2c9
106,6,1.0,baseline,0.05274316164064624,0.09472747098725408,0.053718430130723985,0.025,598,235,2,2,corrected_closed_loop,modvis-kappa-2e03357db2c9
106,6,1.0,recovery,0.05392947516712731,0.09818018798563305,0.05835479301285009,0.02,653,181,2,2,corrected_closed_loop,modvis-kappa-2e03357db2c9
106,6,1.0,reduced_reliability,0.05502880655424066,0.07696363998765948,0.05279726397531783,0.025,647,186,2,2,corrected_closed_loop,modvis-kappa-2e03357db2c9
107,7,1.0,baseline,0.05190239552492012,0.06378659349272257,0.054375773230939735,0.01,593,240,3,3,corrected_closed_loop,modvis-kappa-2e03357db2c9
107,7,1.0,recovery,0.05094122438496044,0.06743611196554096,0.055168454183660905,0.006666666666666667,594,240,3,3,corrected_closed_loop,modvis-kappa-2e03357db2c9
107,7,1.0,reduced_reliability,0.051253818604218,0.08423179204538447,0.05390844800719198,0.01,677,156,1,1,corrected_closed_loop,modvis-kappa-2e03357db2c9
108,8,1.0,baseline,0.05124726672090241,0.06039476522035152,0.05618698468293863,0.02,607,226,2,2,corrected_closed_loop,modvis-kappa-2e03357db2c9
108,8,1.0,recovery,0.05011855268623998,0.05823429582441306,0.05640853698555875,0.016666666666666666,594,240,3,3,corrected_closed_loop,modvis-kappa-2e03357db2c9
108,8,1.0,reduced_reliability,0.05627928790123765,0.09349262193180917,0.0690353249285162,0.005,649,184,2,2,corrected_closed_loop,modvis-kappa-2e03357db2c9
109,9,1.0,baseline,0.0497259163568056,0.09373135449462155,0.051028094045126815,0.015,666,167,2,2,corrected_closed_loop,modvis-kappa-2e03357db2c9
109,9,1.0,recovery,0.05097571002036306,0.08303489522462248,0.051240226937693735,0.01,673,161,2,2,corrected_closed_loop,modvis-kappa-2e03357db2c9
109,9,1.0,reduced_reliability,0.054407425702297965,0.0990435413490431,0.05046761916172554,0.02,670,163,2,2,corrected_closed_loop,modvis-kappa-2e03357db2c9
110,10,1.0,baseline,0.050221344434371235,0.06713786743534526,0.0549733624712438,0.015,648,185,2,2,corrected_closed_loop,modvis-kappa-2e03357db2c9
110,10,1.0,recovery,0.05042864262757122,0.07125212894844249,0.058509944331732795,0.02,633,201,2,2,corrected_closed_loop,modvis-kappa-2e03357db2c9
110,10,1.0,reduced_reliability,0.05018719754971168,0.05479438532041775,0.05019090443868362,0.015,672,161,2,2,corrected_closed_loop,modvis-kappa-2e03357db2c9
111,11,1.0,baseline,0.05492426932575183,0.08006748030211115,0.05897219896197289,0.023333333333333334,593,240,3,3,corrected_closed_loop,modvis-kappa-2e03357db2c9
111,11,1.0,recovery,0.05335293278131773,0.08627015859931093,0.05720446734091833,0.01,598,236,2,2,corrected_closed_loop,modvis-kappa-2e03357db2c9
111,11,1.0,reduced_reliability,0.05495446079918313,0.10536938526737938,0.05611065596977556,0.03,666,167,1,1,corrected_closed_loop,modvis-kappa-2e03357db2c9
112,12,1.0,baseline,0.052176347681895975,0.05529345601473317,0.05586234669898512,0.01,623,210,2,2,corrected_closed_loop,modvis-kappa-2e03357db2c9
112,12,1.0,recovery,0.05208365612111156,0.06826843273872624,0.05827163138017944,0.02,594,240,3,3,corrected_closed_loop,modvis-kappa-2e03357db2c9
112,12,1.0,reduced_reliability,0.051785794064353775,0.09126970021178553,0.0571753457867536,0.025,660,173,2,2,corrected_closed_loop,modvis-kappa-2e03357db2c9
113,13,1.0,baseline,0.05206255485385231,0.0725712680876223,0.05731753697710737,0.016666666666666666,593,240,3,3,corrected_closed_loop,modvis-kappa-2e03357db2c9
113,13,1.0,recovery,0.052965394395227815,0.05447159028479698,0.0690474906324124,0.013333333333333334,594,240,3,3,corrected_closed_loop,modvis-kappa-2e03357db2c9
113,13,1.0,reduced_reliability,0.05679234863223506,0.060697705887040286,0.0661808799102075,0.013333333333333334,593,240,3,3,corrected_closed_loop,modvis-kappa-2e03357db2c9
114,14,1.0,baseline,0.05326431118241393,0.0707148747809747,0.06321700550586887,0.013333333333333334,593,240,3,3,corrected_closed_loop,modvis-kappa-2e03357db2c9
114,14,1.0,recovery,0.053145991311289595,0.06139223771647859,0.06595861632105235,0.016666666666666666,594,240,3,3,corrected_closed_loop,modvis-kappa-2e03357db2c9
114,14,1.0,reduced_reliability,0.05071259314975475,0.07239466809227149,0.05515185844141404,0.016666666666666666,593,240,3,3,corrected_closed_loop,modvis-kappa-2e03357db2c9
115,15,1.0,baseline,0.04712875648091697,0.08877222467639247,0.05642154265515883,0.01,624,209,2,2,corrected_closed_loop,modvis-kappa-2e03357db2c9
115,15,1.0,recovery,0.05197210574283195,0.07721997407061135,0.06345151624011242,0.02666666666666667,594,240,3,3,corrected_closed_loop,modvis-kappa-2e03357db2c9
115,15,1.0,reduced_reliability,0.05655489419549607,0.09946706727374459,0.05315046244128457,0.02,715,118,1,1,corrected_closed_loop,modvis-kappa-2e03357db2c9
116,16,1.0,baseline,0.0517451306473083,0.0630805911659902,0.05153984433904071,0.015,632,201,2,2,corrected_closed_loop,modvis-kappa-2e03357db2c9
116,16,1.0,recovery,0.056093786673739945,0.07072007730649811,0.06767497269466058,0.02,594,240,3,3,corrected_closed_loop,modvis-kappa-2e03357db2c9
116,16,1.0,reduced_reliability,0.054640628323439314,0.07967424116350867,0.06312381268297103,0.02666666666666666,593,240,3,3,corrected_closed_loop,modvis-kappa-2e03357db2c9
117,17,1.0,baseline,0.049726389075452786,0.07940649677572749,0.0566956585574074,0.02333333333333333,593,240,3,3,corrected_closed_loop,modvis-kappa-2e03357db2c9
117,17,1.0,recovery,0.053650303092384936,0.08629509729622668,0.05077551665405372,0.03,666,168,2,2,corrected_closed_loop,modvis-kappa-2e03357db2c9
117,17,1.0,reduced_reliability,0.055299547507593166,0.06832612790786458,0.05846422436272459,0.02,595,238,2,2,corrected_closed_loop,modvis-kappa-2e03357db2c9
118,18,1.0,baseline,0.05308937317680226,0.07631113866207387,0.05909712507191428,0.023333333333333334,593,240,3,3,corrected_closed_loop,modvis-kappa-2e03357db2c9
118,18,1.0,recovery,0.048152925772252116,0.06487819157278991,0.055711373033418936,0.006666666666666667,594,240,3,3,corrected_closed_loop,modvis-kappa-2e03357db2c9
118,18,1.0,reduced_reliability,0.05350561476085503,0.071063002654312,0.05834530947312478,0.016666666666666666,593,240,3,3,corrected_closed_loop,modvis-kappa-2e03357db2c9
119,19,1.0,baseline,0.05148500620835039,0.0747683360866008,0.06241277800938054,0.016666666666666666,593,240,3,3,corrected_closed_loop,modvis-kappa-2e03357db2c9
119,19,1.0,recovery,0.05034279723469099,0.05826746177279607,0.0601324706610705,0.01,627,207,2,2,corrected_closed_loop,modvis-kappa-2e03357db2c9
119,19,1.0,reduced_reliability,0.05377688161084786,0.0857907664909009,0.06018707645779432,0.015,639,194,2,2,corrected_closed_loop,modvis-kappa-2e03357db2c9
120,20,1.0,baseline,0.04979896356208757,0.10111176228921491,0.058002275582574196,0.02,623,210,2,2,corrected_closed_loop,modvis-kappa-2e03357db2c9
120,20,1.0,recovery,0.0515525451573916,0.1011843819223468,0.053532300340774046,0.025,633,201,2,2,corrected_closed_loop,modvis-kappa-2e03357db2c9
120,20,1.0,reduced_reliability,0.05389870174752652,0.09184636695006311,0.054499354194673846,0.03,641,192,2,2,corrected_closed_loop,modvis-kappa-2e03357db2c9
121,21,1.0,baseline,0.05056171466806138,0.056244146267292426,0.05804824549063236,0.015,602,231,2,2,corrected_closed_loop,modvis-kappa-2e03357db2c9
121,21,1.0,recovery,0.05401019765512966,0.0626145591971362,0.05668030458076106,0.02,694,140,1,1,corrected_closed_loop,modvis-kappa-2e03357db2c9
121,21,1.0,reduced_reliability,0.055433116197545575,0.07429467756707626,0.06267983423562104,0.023333333333333334,593,240,3,3,corrected_closed_loop,modvis-kappa-2e03357db2c9
122,22,1.0,baseline,0.05097609946294546,0.07288938815293293,0.05720565898617815,0.025,649,184,2,2,corrected_closed_loop,modvis-kappa-2e03357db2c9
122,22,1.0,recovery,0.051664492558395086,0.05431879698080485,0.06717011783549812,0.01,594,240,3,3,corrected_closed_loop,modvis-kappa-2e03357db2c9
122,22,1.0,reduced_reliability,0.05059713472500924,0.06563894004003544,0.05165472431040767,0.025,671,162,2,2,corrected_closed_loop,modvis-kappa-2e03357db2c9
123,23,1.0,baseline,0.05128720292880176,0.06971469856860425,0.060030450812770884,0.02,615,218,2,2,corrected_closed_loop,modvis-kappa-2e03357db2c9
123,23,1.0,recovery,0.05415146206738873,0.06029980445394198,0.05307834487367565,0.01,705,129,1,1,corrected_closed_loop,modvis-kappa-2e03357db2c9
123,23,1.0,reduced_reliability,0.05476963182997652,0.06026600620663185,0.05841264522028228,0.0,663,170,2,2,corrected_closed_loop,modvis-kappa-2e03357db2c9
124,24,1.0,baseline,0.056034995899460364,0.11060674530993181,0.05622159341084604,0.01,693,140,1,1,corrected_closed_loop,modvis-kappa-2e03357db2c9
124,24,1.0,recovery,0.050637490420523505,0.06732438957240894,0.060441867625483994,0.02,604,230,2,2,corrected_closed_loop,modvis-kappa-2e03357db2c9
124,24,1.0,reduced_reliability,0.052961036620789846,0.09393425136096865,0.059453041347338566,0.025,598,235,2,2,corrected_closed_loop,modvis-kappa-2e03357db2c9
125,25,1.0,baseline,0.05388495183881424,0.07869637386536456,0.06577278147769818,0.02333333333333333,593,240,3,3,corrected_closed_loop,modvis-kappa-2e03357db2c9
125,25,1.0,recovery,0.054835171401772624,0.07406399160598666,0.06142083928302551,0.02,658,176,2,2,corrected_closed_loop,modvis-kappa-2e03357db2c9
125,25,1.0,reduced_reliability,0.05062474821671742,0.05952309711621839,0.0608861702648111,0.01,593,240,3,3,corrected_closed_loop,modvis-kappa-2e03357db2c9
126,26,1.0,baseline,0.05290724449819469,0.057410350517166225,0.05994369666894594,0.015,617,216,2,2,corrected_closed_loop,modvis-kappa-2e03357db2c9
126,26,1.0,recovery,0.053973200134356546,0.06770540213952858,0.058935350457005,0.02,671,163,2,2,corrected_closed_loop,modvis-kappa-2e03357db2c9
126,26,1.0,reduced_reliability,0.053678890301474005,0.06469021660464008,0.05731396128931724,0.03,702,131,1,1,corrected_closed_loop,modvis-kappa-2e03357db2c9
127,27,1.0,baseline,0.04818328112980055,0.07560824879684892,0.054355724444286616,0.02,609,224,2,2,corrected_closed_loop,modvis-kappa-2e03357db2c9
127,27,1.0,recovery,0.05140388833325127,0.09888650701076535,0.051704002251317965,0.015,626,208,2,2,corrected_closed_loop,modvis-kappa-2e03357db2c9
127,27,1.0,reduced_reliability,0.05068207307130432,0.08032986711996731,0.05274457203464228,0.015,624,209,2,2,corrected_closed_loop,modvis-kappa-2e03357db2c9
128,28,1.0,baseline,0.05190722155131241,0.05778358004097755,0.056706823752402366,0.02,702,131,1,1,corrected_closed_loop,modvis-kappa-2e03357db2c9
128,28,1.0,recovery,0.05187250729066879,0.06976032402108177,0.05576036175799527,0.025,647,187,2,2,corrected_closed_loop,modvis-kappa-2e03357db2c9
128,28,1.0,reduced_reliability,0.052183227045547426,0.06666089795897844,0.05909203226773954,0.016666666666666666,593,240,3,3,corrected_closed_loop,modvis-kappa-2e03357db2c9
129,29,1.0,baseline,0.05361311017271911,0.061405073158389105,0.06477260569312294,0.016666666666666666,593,240,3,3,corrected_closed_loop,modvis-kappa-2e03357db2c9
129,29,1.0,recovery,0.054671581920204534,0.1001397271654972,0.054526183452066904,0.02,656,178,1,1,corrected_closed_loop,modvis-kappa-2e03357db2c9
129,29,1.0,reduced_reliability,0.05488936315279757,0.08353584631568542,0.062048885819846036,0.023333333333333334,593,240,3,3,corrected_closed_loop,modvis-kappa-2e03357db2c9
130,30,1.0,baseline,0.05146487985740056,0.08324611488782761,0.06000466862521311,0.01,619,214,2,2,corrected_closed_loop,modvis-kappa-2e03357db2c9
130,30,1.0,recovery,0.0566297051130738,0.09465089233737013,0.06720256858268277,0.015,649,185,2,2,corrected_closed_loop,modvis-kappa-2e03357db2c9
130,30,1.0,reduced_reliability,0.05703436583579502,0.09516679290100287,0.06238660047141617,0.03,616,217,1,1,corrected_closed_loop,modvis-kappa-2e03357db2c9
131,31,1.0,baseline,0.05207429512638108,0.06902702500351925,0.05980343202904094,0.023333333333333334,593,240,3,3,corrected_closed_loop,modvis-kappa-2e03357db2c9
131,31,1.0,recovery,0.05308163049592092,0.07240641084280779,0.05968437371169353,0.023333333333333334,594,240,3,3,corrected_closed_loop,modvis-kappa-2e03357db2c9
131,31,1.0,reduced_reliability,0.05346495119197792,0.07953466792046147,0.06041952523118342,0.030000000000000002,593,240,3,3,corrected_closed_loop,modvis-kappa-2e03357db2c9
132,32,1.0,baseline,0.05097539018435661,0.05070028392192773,0.05513842979436651,0.005,661,172,2,2,corrected_closed_loop,modvis-kappa-2e03357db2c9
132,32,1.0,recovery,0.056908840566453955,0.08765223462736711,0.05769362018975044,0.02,602,232,2,2,corrected_closed_loop,modvis-kappa-2e03357db2c9
132,32,1.0,reduced_reliability,0.05374202403315006,0.08338880712812403,0.056313265005134575,0.01,641,192,2,2,corrected_closed_loop,modvis-kappa-2e03357db2c9
133,33,1.0,baseline,0.05303621504211288,0.07768208701815443,0.06005212124116561,0.016666666666666666,593,240,3,3,corrected_closed_loop,modvis-kappa-2e03357db2c9
133,33,1.0,recovery,0.05126889046341675,0.05919237477681368,0.056306075739951944,0.006666666666666667,594,240,3,3,corrected_closed_loop,modvis-kappa-2e03357db2c9
133,33,1.0,reduced_reliability,0.05422230236215058,0.0679526817452395,0.05157542268868225,0.015,601,232,2,2,corrected_closed_loop,modvis-kappa-2e03357db2c9
134,34,1.0,baseline,0.05303044886983147,0.06805823978675087,0.06235732831910402,0.01,593,240,3,3,corrected_closed_loop,modvis-kappa-2e03357db2c9
134,34,1.0,recovery,0.054857453063931444,0.08922039005640617,0.05504622254687106,0.03,642,192,1,1,corrected_closed_loop,modvis-kappa-2e03357db2c9
134,34,1.0,reduced_reliability,0.05806551529755207,0.07244329452738175,0.05798691357071756,0.023333333333333334,593,240,3,3,corrected_closed_loop,modvis-kappa-2e03357db2c9
135,35,1.0,baseline,0.052864997681610244,0.06823031092190088,0.05598780286747533,0.02,627,206,2,2,corrected_closed_loop,modvis-kappa-2e03357db2c9
135,35,1.0,recovery,0.0531014937051508,0.09879068955256136,0.0586089506232594,0.02,641,193,2,2,corrected_closed_loop,modvis-kappa-2e03357db2c9
135,35,1.0,reduced_reliability,0.051178485005525756,0.060587350687574364,0.05852261565968878,0.015,666,167,2,2,corrected_closed_loop,modvis-kappa-2e03357db2c9
136,36,1.0,baseline,0.05276480030840734,0.0831172905014264,0.05669356295408379,0.023333333333333334,593,240,3,3,corrected_closed_loop,modvis-kappa-2e03357db2c9
136,36,1.0,recovery,0.055684059189072016,0.06937602941725475,0.06371951023423558,0.013333333333333334,594,240,3,3,corrected_closed_loop,modvis-kappa-2e03357db2c9
136,36,1.0,reduced_reliability,0.054389582225781025,0.0631954941423444,0.061692025907447615,0.0033333333333333335,593,240,3,3,corrected_closed_loop,modvis-kappa-2e03357db2c9
137,37,1.0,baseline,0.05243819337238668,0.06874245679253842,0.06949170441389267,0.016666666666666666,593,240,3,3,corrected_closed_loop,modvis-kappa-2e03357db2c9
137,37,1.0,recovery,0.055905500948730404,0.07565725252182663,0.05985080267000869,0.03,594,240,2,2,corrected_closed_loop,modvis-kappa-2e03357db2c9
137,37,1.0,reduced_reliability,0.05241173678920588,0.09215613284194914,0.04862606796843192,0.02,597,236,1,1,corrected_closed_loop,modvis-kappa-2e03357db2c9
138,38,1.0,baseline,0.049384602552353885,0.04348436095844358,0.04659790715542948,0.01,658,175,1,1,corrected_closed_loop,modvis-kappa-2e03357db2c9
138,38,1.0,recovery,0.05174446142114633,0.05761081096335477,0.052276640614184404,0.01,688,146,1,1,corrected_closed_loop,modvis-kappa-2e03357db2c9
138,38,1.0,reduced_reliability,0.048984933267779654,0.08057136776309819,0.052256387604242206,0.01,646,187,2,2,corrected_closed_loop,modvis-kappa-2e03357db2c9
139,39,1.0,baseline,0.05151801007601421,0.05288167260388503,0.05471264684663628,0.01,656,177,2,2,corrected_closed_loop,modvis-kappa-2e03357db2c9
139,39,1.0,recovery,0.055236943842772744,0.06939350183041941,0.061424863639176056,0.02,594,240,3,3,corrected_closed_loop,modvis-kappa-2e03357db2c9
139,39,1.0,reduced_reliability,0.05417987225676645,0.08057645758133396,0.05649950757078985,0.02,638,195,1,1,corrected_closed_loop,modvis-kappa-2e03357db2c9
140,40,1.0,baseline,0.04960370817195748,0.11040328705143197,0.05132790060437761,0.01,702,131,1,1,corrected_closed_loop,modvis-kappa-2e03357db2c9
140,40,1.0,recovery,0.05263218780705711,0.07677359074960623,0.05730951601343225,0.016666666666666666,594,240,3,3,corrected_closed_loop,modvis-kappa-2e03357db2c9
140,40,1.0,reduced_reliability,0.055776313345227146,0.10238822152179035,0.05516469700040958,0.02,650,183,2,2,corrected_closed_loop,modvis-kappa-2e03357db2c9
141,41,1.0,baseline,0.05041472877140103,0.09067643942549515,0.05228268940123131,0.01,659,174,2,2,corrected_closed_loop,modvis-kappa-2e03357db2c9
141,41,1.0,recovery,0.05880974026514584,0.07055434445023516,0.07152657861543185,0.02333333333333333,594,240,3,3,corrected_closed_loop,modvis-kappa-2e03357db2c9
141,41,1.0,reduced_reliability,0.05147753660740414,0.06729076259129063,0.05533169214221458,0.02,593,240,3,3,corrected_closed_loop,modvis-kappa-2e03357db2c9
142,42,1.0,baseline,0.04925916291607802,0.06418852995920396,0.05741182267118053,0.01,669,164,2,2,corrected_closed_loop,modvis-kappa-2e03357db2c9
142,42,1.0,recovery,0.053054010817677286,0.09799915315009779,0.05656282734585132,0.025,662,172,2,2,corrected_closed_loop,modvis-kappa-2e03357db2c9
142,42,1.0,reduced_reliability,0.05444047317970936,0.07132752883308442,0.06566293593906129,0.02,593,240,3,3,corrected_closed_loop,modvis-kappa-2e03357db2c9
143,43,1.0,baseline,0.05438195050204029,0.07089478322092685,0.0666098695911417,0.01,593,240,3,3,corrected_closed_loop,modvis-kappa-2e03357db2c9
143,43,1.0,recovery,0.054900407033961394,0.07158349702819532,0.06355349946498912,0.01,594,240,3,3,corrected_closed_loop,modvis-kappa-2e03357db2c9
143,43,1.0,reduced_reliability,0.05416876391865073,0.0630524766761576,0.0643986361325542,0.02,595,238,2,2,corrected_closed_loop,modvis-kappa-2e03357db2c9
144,44,1.0,baseline,0.051448138874435216,0.05714420469301624,0.05508341678186163,0.01,672,161,2,2,corrected_closed_loop,modvis-kappa-2e03357db2c9
144,44,1.0,recovery,0.05373411578859343,0.10192773997842013,0.049512132234079596,0.02,715,119,1,1,corrected_closed_loop,modvis-kappa-2e03357db2c9
144,44,1.0,reduced_reliability,0.054119875101598235,0.0740298541867586,0.06069750751881438,0.023333333333333334,593,240,3,3,corrected_closed_loop,modvis-kappa-2e03357db2c9
145,45,1.0,baseline,0.05018925958062667,0.09037815497528018,0.057161283634456043,0.030000000000000002,622,211,2,2,corrected_closed_loop,modvis-kappa-2e03357db2c9
145,45,1.0,recovery,0.05242715326996815,0.0742987487736367,0.06001364347941331,0.025,628,206,2,2,corrected_closed_loop,modvis-kappa-2e03357db2c9
145,45,1.0,reduced_reliability,0.05531979217709027,0.07976438804773246,0.05642979223396963,0.01,622,211,1,1,corrected_closed_loop,modvis-kappa-2e03357db2c9
146,46,1.0,baseline,0.04849876580947924,0.05704786312594063,0.060255056262725856,0.02,626,207,2,2,corrected_closed_loop,modvis-kappa-2e03357db2c9
146,46,1.0,recovery,0.0504417787299369,0.08001540750211204,0.07005872408285266,0.03,594,240,3,3,corrected_closed_loop,modvis-kappa-2e03357db2c9
146,46,1.0,reduced_reliability,0.05299523878789357,0.09041314910535632,0.05507734786095144,0.02,656,177,2,2,corrected_closed_loop,modvis-kappa-2e03357db2c9
147,47,1.0,baseline,0.052371122607433145,0.07369298446990805,0.06372581237491,0.013333333333333334,593,240,3,3,corrected_closed_loop,modvis-kappa-2e03357db2c9
147,47,1.0,recovery,0.049948235514548606,0.06136045817856816,0.06267558720079566,0.01,594,240,3,3,corrected_closed_loop,modvis-kappa-2e03357db2c9
147,47,1.0,reduced_reliability,0.056873903153462316,0.07838537881708071,0.06751636079477365,0.016666666666666666,593,240,3,3,corrected_closed_loop,modvis-kappa-2e03357db2c9
148,48,1.0,baseline,0.05149649548773909,0.057068185181582375,0.056793872821087915,0.006666666666666667,593,240,3,3,corrected_closed_loop,modvis-kappa-2e03357db2c9
148,48,1.0,recovery,0.055470013300301456,0.0737520285386445,0.06347633229982491,0.023333333333333334,594,240,3,3,corrected_closed_loop,modvis-kappa-2e03357db2c9
148,48,1.0,reduced_reliability,0.05300712701973005,0.09183678283996673,0.04981925932610742,0.03,596,237,2,2,corrected_closed_loop,modvis-kappa-2e03357db2c9
149,49,1.0,baseline,0.05145285288468327,0.06783820072069519,0.06138565454794249,0.013333333333333334,593,240,3,3,corrected_closed_loop,modvis-kappa-2e03357db2c9
149,49,1.0,recovery,0.05481625710741614,0.07979828788600968,0.06719583114236458,0.02666666666666667,594,240,3,3,corrected_closed_loop,modvis-kappa-2e03357db2c9
149,49,1.0,reduced_reliability,0.05267655035806449,0.0930436787129891,0.0548201075004251,0.01,688,145,1,1,corrected_closed_loop,modvis-kappa-2e03357db2c9
150,50,1.0,baseline,0.05330968965978111,0.07723229268058363,0.06420441451020065,0.03,636,197,2,2,corrected_closed_loop,modvis-kappa-2e03357db2c9
150,50,1.0,recovery,0.053673106750820924,0.062201443923549024,0.05724904628559602,0.015,626,208,2,2,corrected_closed_loop,modvis-kappa-2e03357db2c9
150,50,1.0,reduced_reliability,0.05053296524481945,0.058297295749597584,0.05840876465469015,0.015,649,184,2,2,corrected_closed_loop,modvis-kappa-2e03357db2c9
151,51,1.0,baseline,0.051136663944746294,0.07358009524766916,0.05586570486612598,0.013333333333333334,593,240,3,3,corrected_closed_loop,modvis-kappa-2e03357db2c9
151,51,1.0,recovery,0.05516580472365951,0.07249772698978328,0.05743363024992915,0.023333333333333334,594,240,3,3,corrected_closed_loop,modvis-kappa-2e03357db2c9
151,51,1.0,reduced_reliability,0.052848390487484374,0.09143734364244036,0.052724838527270716,0.02,607,226,2,2,corrected_closed_loop,modvis-kappa-2e03357db2c9
152,52,1.0,baseline,0.05298945873773602,0.060034398089940356,0.06547936922687565,0.016666666666666666,593,240,3,3,corrected_closed_loop,modvis-kappa-2e03357db2c9
152,52,1.0,recovery,0.05829180257959037,0.07125478707072924,0.06291756235093342,0.015,609,225,2,2,corrected_closed_loop,modvis-kappa-2e03357db2c9
152,52,1.0,reduced_reliability,0.05698602000324882,0.08678164635866967,0.04670779010807045,0.02,593,240,3,3,corrected_closed_loop,modvis-kappa-2e03357db2c9
153,53,1.0,baseline,0.05223875068259663,0.07395646440433712,0.06091235157948586,0.02,624,209,2,2,corrected_closed_loop,modvis-kappa-2e03357db2c9
153,53,1.0,recovery,0.048101757367094225,0.08926554674818415,0.058493427641891124,0.02,633,201,2,2,corrected_closed_loop,modvis-kappa-2e03357db2c9
153,53,1.0,reduced_reliability,0.05369049309836268,0.0818221592513113,0.06011761413423746,0.023333333333333334,593,240,3,3,corrected_closed_loop,modvis-kappa-2e03357db2c9
154,54,1.0,baseline,0.05299127035118685,0.10366448363822234,0.05872344836931357,0.005,662,171,2,2,corrected_closed_loop,modvis-kappa-2e03357db2c9
154,54,1.0,recovery,0.04937500843204377,0.05909571813842827,0.06270196254036563,0.0033333333333333335,594,240,3,3,corrected_closed_loop,modvis-kappa-2e03357db2c9
154,54,1.0,reduced_reliability,0.05233334410003169,0.06479303054736521,0.06061912602480267,0.016666666666666666,593,240,3,3,corrected_closed_loop,modvis-kappa-2e03357db2c9
155,55,1.0,baseline,0.05237342969665726,0.08195994831224367,0.06112818662643604,0.02666666666666667,593,240,3,3,corrected_closed_loop,modvis-kappa-2e03357db2c9
155,55,1.0,recovery,0.054046595317059916,0.07224996253468645,0.07032134451060186,0.013333333333333334,594,240,3,3,corrected_closed_loop,modvis-kappa-2e03357db2c9
155,55,1.0,reduced_reliability,0.049366722601425383,0.059950865417918976,0.062477565252145796,0.01,593,240,3,3,corrected_closed_loop,modvis-kappa-2e03357db2c9
156,56,1.0,baseline,0.05302633882990809,0.07640028773301519,0.04789926236638481,0.025,625,208,2,2,corrected_closed_loop,modvis-kappa-2e03357db2c9
156,56,1.0,recovery,0.05391183139092961,0.06198950395389051,0.05317827463314256,0.01,663,171,2,2,corrected_closed_loop,modvis-kappa-2e03357db2c9
156,56,1.0,reduced_reliability,0.05531208678551034,0.0696513605233384,0.06221290393315474,0.025,643,190,2,2,corrected_closed_loop,modvis-kappa-2e03357db2c9
157,57,1.0,baseline,0.051976271953813755,0.0656011785782919,0.06322844136005668,0.016666666666666666,593,240,3,3,corrected_closed_loop,modvis-kappa-2e03357db2c9
157,57,1.0,recovery,0.05251383244516842,0.08461680926017007,0.05833943974744458,0.015,664,170,2,2,corrected_closed_loop,modvis-kappa-2e03357db2c9
157,57,1.0,reduced_reliability,0.05340649832193828,0.09558569989333873,0.05217606094658113,0.02,616,217,1,1,corrected_closed_loop,modvis-kappa-2e03357db2c9
158,58,1.0,baseline,0.051064512485759224,0.06198827186373346,0.058769020859470944,0.01,593,240,3,3,corrected_closed_loop,modvis-kappa-2e03357db2c9
158,58,1.0,recovery,0.053631998954026365,0.08397666551746147,0.06488244017101817,0.01,602,232,2,2,corrected_closed_loop,modvis-kappa-2e03357db2c9
158,58,1.0,reduced_reliability,0.055810894339360435,0.07671279405499039,0.06149937070030991,0.01,598,235,2,2,corrected_closed_loop,modvis-kappa-2e03357db2c9
159,59,1.0,baseline,0.050709814192900014,0.0828310891657764,0.055206881020654484,0.01,629,204,2,2,corrected_closed_loop,modvis-kappa-2e03357db2c9
159,59,1.0,recovery,0.056750263540762354,0.07611498126283289,0.06596068888292513,0.013333333333333334,594,240,3,3,corrected_closed_loop,modvis-kappa-2e03357db2c9
159,59,1.0,reduced_reliability,0.05255105380532762,0.0856223674138622,0.05362262787904625,0.02,661,172,2,2,corrected_closed_loop,modvis-kappa-2e03357db2c9
160,60,1.0,baseline,0.051552853182869646,0.07193829151537541,0.056990671077715466,0.02,593,240,3,3,corrected_closed_loop,modvis-kappa-2e03357db2c9
160,60,1.0,recovery,0.051968790076048356,0.08789884439330284,0.05791020443023093,0.01,604,230,2,2,corrected_closed_loop,modvis-kappa-2e03357db2c9
160,60,1.0,reduced_reliability,0.05351069350453974,0.06470866361701555,0.06077888708561667,0.02,669,164,2,2,corrected_closed_loop,modvis-kappa-2e03357db2c9
161,61,1.0,baseline,0.04926279413650263,0.06883947204111783,0.05117815088193364,0.016666666666666666,593,240,3,3,corrected_closed_loop,modvis-kappa-2e03357db2c9
161,61,1.0,recovery,0.054147777712755994,0.06663291466643165,0.06260291512414978,0.015,604,230,2,2,corrected_closed_loop,modvis-kappa-2e03357db2c9
161,61,1.0,reduced_reliability,0.0555811839049782,0.07044955281732791,0.06439153121288577,0.02,593,240,3,3,corrected_closed_loop,modvis-kappa-2e03357db2c9
162,62,1.0,baseline,0.053405337534696014,0.07156119546522008,0.064285852028393,0.023333333333333334,593,240,3,3,corrected_closed_loop,modvis-kappa-2e03357db2c9
162,62,1.0,recovery,0.05270402322026059,0.08669854323257857,0.057423175961736586,0.02,636,198,1,1,corrected_closed_loop,modvis-kappa-2e03357db2c9
162,62,1.0,reduced_reliability,0.053772557840078006,0.05340638213093543,0.0615040445226163,0.015,663,170,2,2,corrected_closed_loop,modvis-kappa-2e03357db2c9
163,63,1.0,baseline,0.052905567516147646,0.06562839831398368,0.06290907612051412,0.016666666666666666,593,240,3,3,corrected_closed_loop,modvis-kappa-2e03357db2c9
163,63,1.0,recovery,0.05236798820487008,0.09150271766256034,0.059745846880806336,0.025,644,190,2,2,corrected_closed_loop,modvis-kappa-2e03357db2c9
163,63,1.0,reduced_reliability,0.05285547926441707,0.06707548313233398,0.061635090959217834,0.015,638,195,2,2,corrected_closed_loop,modvis-kappa-2e03357db2c9
164,64,1.0,baseline,0.052852878475681306,0.07285074120239957,0.05812496495383652,0.025,644,189,2,2,corrected_closed_loop,modvis-kappa-2e03357db2c9
164,64,1.0,recovery,0.05459575497910557,0.0712830074324832,0.06510504207318632,0.02,594,240,3,3,corrected_closed_loop,modvis-kappa-2e03357db2c9
164,64,1.0,reduced_reliability,0.04964844115232501,0.08356837293764868,0.05432032655418057,0.02,646,187,2,2,corrected_closed_loop,modvis-kappa-2e03357db2c9
165,65,1.0,baseline,0.052980941812786245,0.06714454940288464,0.05985094119122765,0.02,595,238,2,2,corrected_closed_loop,modvis-kappa-2e03357db2c9
165,65,1.0,recovery,0.05425919979557543,0.07913299893108267,0.05799956075801576,0.02,594,240,3,3,corrected_closed_loop,modvis-kappa-2e03357db2c9
165,65,1.0,reduced_reliability,0.05293277247270242,0.0852884564349282,0.055610004965423544,0.01,600,233,2,2,corrected_closed_loop,modvis-kappa-2e03357db2c9
166,66,1.0,baseline,0.05250926363626432,0.08167587561476383,0.05737977082885749,0.016666666666666666,593,240,3,3,corrected_closed_loop,modvis-kappa-2e03357db2c9
166,66,1.0,recovery,0.056700905321981986,0.0809942303718648,0.06405663769208826,0.02666666666666667,594,240,3,3,corrected_closed_loop,modvis-kappa-2e03357db2c9
166,66,1.0,reduced_reliability,0.05073393770637156,0.08726552082118771,0.05147558589141494,0.034999999999999996,664,169,2,2,corrected_closed_loop,modvis-kappa-2e03357db2c9
167,67,1.0,baseline,0.05415770307103585,0.0872290040446378,0.06087959521874462,0.016666666666666666,593,240,3,3,corrected_closed_loop,modvis-kappa-2e03357db2c9
167,67,1.0,recovery,0.05284373280972753,0.06924706242708303,0.06708528142889462,0.02,594,240,3,3,corrected_closed_loop,modvis-kappa-2e03357db2c9
167,67,1.0,reduced_reliability,0.0546789982796293,0.0716399834291974,0.06074805508903563,0.016666666666666666,593,240,3,3,corrected_closed_loop,modvis-kappa-2e03357db2c9
168,68,1.0,baseline,0.05332822873247957,0.09721628300985415,0.06215938584148244,0.02,597,236,2,2,corrected_closed_loop,modvis-kappa-2e03357db2c9
168,68,1.0,recovery,0.05292221202803641,0.07821987356784012,0.059434271666714514,0.016666666666666666,594,240,3,3,corrected_closed_loop,modvis-kappa-2e03357db2c9
168,68,1.0,reduced_reliability,0.04944454684411831,0.05778836569011001,0.054454940149628366,0.01,606,227,2,2,corrected_closed_loop,modvis-kappa-2e03357db2c9
169,69,1.0,baseline,0.050020820282859396,0.08177811394553393,0.0584163530258286,0.02,622,211,2,2,corrected_closed_loop,modvis-kappa-2e03357db2c9
169,69,1.0,recovery,0.052373228885434296,0.08115556966155714,0.06116374660194353,0.01,661,173,2,2,corrected_closed_loop,modvis-kappa-2e03357db2c9
169,69,1.0,reduced_reliability,0.05406134329154034,0.09864159471396815,0.05767994267121065,0.015,654,179,2,2,corrected_closed_loop,modvis-kappa-2e03357db2c9
170,70,1.0,baseline,0.04796571904136649,0.0836003961608328,0.06054035081493026,0.02,668,165,2,2,corrected_closed_loop,modvis-kappa-2e03357db2c9
170,70,1.0,recovery,0.05131461835021442,0.05645887516929955,0.05828637130077967,0.006666666666666667,594,240,3,3,corrected_closed_loop,modvis-kappa-2e03357db2c9
170,70,1.0,reduced_reliability,0.05364553381204672,0.061625659223728584,0.06366687781581686,0.013333333333333334,593,240,3,3,corrected_closed_loop,modvis-kappa-2e03357db2c9
171,71,1.0,baseline,0.050846404524259765,0.06556537610885961,0.05611776331205313,0.01,618,215,2,2,corrected_closed_loop,modvis-kappa-2e03357db2c9
171,71,1.0,recovery,0.05334535955484033,0.07101851922345397,0.06065566473517315,0.02,594,240,3,3,corrected_closed_loop,modvis-kappa-2e03357db2c9
171,71,1.0,reduced_reliability,0.05454337513688771,0.07407128812318634,0.055776905516217536,0.016666666666666666,593,240,3,3,corrected_closed_loop,modvis-kappa-2e03357db2c9
172,72,1.0,baseline,0.0569761343728848,0.06119931766264757,0.06729019533991933,0.006666666666666667,593,240,3,3,corrected_closed_loop,modvis-kappa-2e03357db2c9
172,72,1.0,recovery,0.05249880234410341,0.07775048092986184,0.05293060387469471,0.02,594,240,3,3,corrected_closed_loop,modvis-kappa-2e03357db2c9
172,72,1.0,reduced_reliability,0.056627001227993766,0.06444148235767866,0.06221172220234784,0.013333333333333334,593,240,3,3,corrected_closed_loop,modvis-kappa-2e03357db2c9
173,73,1.0,baseline,0.047602490657439746,0.0972217749475222,0.05233421338133754,0.015,616,217,2,2,corrected_closed_loop,modvis-kappa-2e03357db2c9
173,73,1.0,recovery,0.049382721624178554,0.07861664047037029,0.057358982439499766,0.02,594,240,3,3,corrected_closed_loop,modvis-kappa-2e03357db2c9
173,73,1.0,reduced_reliability,0.04942157986894137,0.0901942710651084,0.05203914780572042,0.025,623,210,2,2,corrected_closed_loop,modvis-kappa-2e03357db2c9
174,74,1.0,baseline,0.05357217090275977,0.07628307466619423,0.05906326855332226,0.02,593,240,3,3,corrected_closed_loop,modvis-kappa-2e03357db2c9
174,74,1.0,recovery,0.04967445600054312,0.06609778388994866,0.05639912276907224,0.016666666666666666,594,240,3,3,corrected_closed_loop,modvis-kappa-2e03357db2c9
174,74,1.0,reduced_reliability,0.05212810180653453,0.07114189448008812,0.05865704774006919,0.025,670,163,2,2,corrected_closed_loop,modvis-kappa-2e03357db2c9
175,75,1.0,baseline,0.05189975968834314,0.0630541057780104,0.057998278657269565,0.013333333333333334,593,240,3,3,corrected_closed_loop,modvis-kappa-2e03357db2c9
175,75,1.0,recovery,0.052584821808618246,0.06488477629675914,0.05765233335619171,0.005,657,177,2,2,corrected_closed_loop,modvis-kappa-2e03357db2c9
175,75,1.0,reduced_reliability,0.05747022772584683,0.09027570481436888,0.06136314395609919,0.04,593,240,3,3,corrected_closed_loop,modvis-kappa-2e03357db2c9
176,76,1.0,baseline,0.04951378815394634,0.07567662538203264,0.0569564930346843,0.013333333333333334,593,240,3,3,corrected_closed_loop,modvis-kappa-2e03357db2c9
176,76,1.0,recovery,0.052379718966559935,0.09743777299103147,0.05755001992599083,0.02,646,188,2,2,corrected_closed_loop,modvis-kappa-2e03357db2c9
176,76,1.0,reduced_reliability,0.05185573980140641,0.06912084696731897,0.058915239346657586,0.013333333333333334,593,240,3,3,corrected_closed_loop,modvis-kappa-2e03357db2c9
177,77,1.0,baseline,0.052828380242249694,0.08104512571449424,0.06425666220117864,0.01,597,236,2,2,corrected_closed_loop,modvis-kappa-2e03357db2c9
177,77,1.0,recovery,0.052230574252263975,0.0712263554439908,0.05610999528500405,0.02,645,189,2,2,corrected_closed_loop,modvis-kappa-2e03357db2c9
177,77,1.0,reduced_reliability,0.05444400246679257,0.07992410601165309,0.05747772269927793,0.005,633,200,2,2,corrected_closed_loop,modvis-kappa-2e03357db2c9
178,78,1.0,baseline,0.04782532862996041,0.06257613601154008,0.06136258415487581,0.013333333333333334,593,240,3,3,corrected_closed_loop,modvis-kappa-2e03357db2c9
178,78,1.0,recovery,0.052130532275764946,0.06219642016898166,0.05928976909411487,0.013333333333333334,594,240,3,3,corrected_closed_loop,modvis-kappa-2e03357db2c9
178,78,1.0,reduced_reliability,0.05643207648210092,0.06561748396368788,0.05686506323065491,0.01,626,207,2,2,corrected_closed_loop,modvis-kappa-2e03357db2c9
179,79,1.0,baseline,0.052623074248934525,0.09697530058671164,0.061333986093934714,0.02,632,201,2,2,corrected_closed_loop,modvis-kappa-2e03357db2c9
179,79,1.0,recovery,0.05307645725571338,0.04535909430922525,0.0469991223426561,0.0,665,169,1,1,corrected_closed_loop,modvis-kappa-2e03357db2c9
179,79,1.0,reduced_reliability,0.057565385409482486,0.10146982591471074,0.05495727081839903,0.02,603,230,2,2,corrected_closed_loop,modvis-kappa-2e03357db2c9
180,80,1.0,baseline,0.051039624235142474,0.09413848981145698,0.0564767373726758,0.025,670,163,2,2,corrected_closed_loop,modvis-kappa-2e03357db2c9
180,80,1.0,recovery,0.05619054965040325,0.09747050832539288,0.0600314663247839,0.035,608,226,2,2,corrected_closed_loop,modvis-kappa-2e03357db2c9
180,80,1.0,reduced_reliability,0.05401862742351326,0.07073111198712129,0.06206984514796045,0.013333333333333334,593,240,3,3,corrected_closed_loop,modvis-kappa-2e03357db2c9
181,81,1.0,baseline,0.05406056437771892,0.09208776980177776,0.05444677008908831,0.01,616,217,1,1,corrected_closed_loop,modvis-kappa-2e03357db2c9
181,81,1.0,recovery,0.05634210988377488,0.09421163545951622,0.057166660829097625,0.02,661,173,2,2,corrected_closed_loop,modvis-kappa-2e03357db2c9
181,81,1.0,reduced_reliability,0.052103150276099255,0.06630118648188078,0.06697341329492955,0.016666666666666666,593,240,3,3,corrected_closed_loop,modvis-kappa-2e03357db2c9
182,82,1.0,baseline,0.0535121663995529,0.09204900287443503,0.0635842717338292,0.02,593,240,2,2,corrected_closed_loop,modvis-kappa-2e03357db2c9
182,82,1.0,recovery,0.053143483579603856,0.06660840951691714,0.05465075862122886,0.02,668,166,2,2,corrected_closed_loop,modvis-kappa-2e03357db2c9
182,82,1.0,reduced_reliability,0.052681731398545144,0.07604262873518317,0.056564529264246155,0.015,598,235,2,2,corrected_closed_loop,modvis-kappa-2e03357db2c9
183,83,1.0,baseline,0.054063468133641254,0.09418819495197885,0.060315244334741745,0.02,710,123,1,1,corrected_closed_loop,modvis-kappa-2e03357db2c9
183,83,1.0,recovery,0.0544482052705584,0.08002042876356986,0.05705896395601301,0.015,600,234,2,2,corrected_closed_loop,modvis-kappa-2e03357db2c9
183,83,1.0,reduced_reliability,0.05074500044932443,0.07027777618684339,0.057556943122878415,0.023333333333333334,593,240,3,3,corrected_closed_loop,modvis-kappa-2e03357db2c9
184,84,1.0,baseline,0.052300847720054666,0.09865682339282553,0.06190893016764385,0.025,652,181,2,2,corrected_closed_loop,modvis-kappa-2e03357db2c9
184,84,1.0,recovery,0.05526741172380997,0.06905278938788399,0.05426300565653508,0.01,594,240,3,3,corrected_closed_loop,modvis-kappa-2e03357db2c9
184,84,1.0,reduced_reliability,0.05247455277813366,0.08204247107444312,0.05745720094439894,0.02,593,240,3,3,corrected_closed_loop,modvis-kappa-2e03357db2c9
185,85,1.0,baseline,0.05263077875804074,0.07747025082922147,0.061991349543273504,0.02,631,202,2,2,corrected_closed_loop,modvis-kappa-2e03357db2c9
185,85,1.0,recovery,0.05386916147843979,0.07886984876192983,0.061905403957004404,0.02666666666666667,594,240,3,3,corrected_closed_loop,modvis-kappa-2e03357db2c9
185,85,1.0,reduced_reliability,0.05562457401172051,0.07964193723039002,0.05573505042570257,0.016666666666666666,593,240,3,3,corrected_closed_loop,modvis-kappa-2e03357db2c9
186,86,1.0,baseline,0.055612327189756616,0.0665151829991613,0.0677173553103359,0.015,647,186,2,2,corrected_closed_loop,modvis-kappa-2e03357db2c9
186,86,1.0,recovery,0.05523264458810512,0.0896901487074719,0.06265416807391372,0.02,626,208,2,2,corrected_closed_loop,modvis-kappa-2e03357db2c9
186,86,1.0,reduced_reliability,0.05397817671349567,0.06624169740472233,0.06441670244551609,0.015,632,201,2,2,corrected_closed_loop,modvis-kappa-2e03357db2c9
187,87,1.0,baseline,0.05192827213403625,0.0947092376533061,0.05723240705661025,0.02,662,171,2,2,corrected_closed_loop,modvis-kappa-2e03357db2c9
187,87,1.0,recovery,0.050572191523930825,0.07001244856682229,0.0609340708102305,0.023333333333333334,594,240,3,3,corrected_closed_loop,modvis-kappa-2e03357db2c9
187,87,1.0,reduced_reliability,0.04989241991127319,0.06292793247258742,0.05802484463351025,0.02,618,215,2,2,corrected_closed_loop,modvis-kappa-2e03357db2c9
188,88,1.0,baseline,0.05070711288250752,0.07398820769447527,0.0621976223323443,0.02,593,240,3,3,corrected_closed_loop,modvis-kappa-2e03357db2c9
188,88,1.0,recovery,0.05142956801829866,0.06480116506695154,0.06404772024264388,0.016666666666666666,594,240,3,3,corrected_closed_loop,modvis-kappa-2e03357db2c9
188,88,1.0,reduced_reliability,0.05502371762288994,0.10377878765177023,0.056918751220167846,0.01,668,165,1,1,corrected_closed_loop,modvis-kappa-2e03357db2c9
189,89,1.0,baseline,0.04897642427440298,0.067506097948699,0.05541582864889222,0.025,616,217,2,2,corrected_closed_loop,modvis-kappa-2e03357db2c9
189,89,1.0,recovery,0.05464229864531314,0.07338375622911764,0.06691127335878327,0.02333333333333333,594,240,3,3,corrected_closed_loop,modvis-kappa-2e03357db2c9
189,89,1.0,reduced_reliability,0.054222939986942026,0.07909335849452437,0.051456890205065144,0.03,593,240,3,3,corrected_closed_loop,modvis-kappa-2e03357db2c9
190,90,1.0,baseline,0.051775831310064045,0.08080271177740062,0.06256461403937058,0.013333333333333334,593,240,3,3,corrected_closed_loop,modvis-kappa-2e03357db2c9
190,90,1.0,recovery,0.05750573671738161,0.0674073601651852,0.05851365271253996,0.015,640,194,2,2,corrected_closed_loop,modvis-kappa-2e03357db2c9
190,90,1.0,reduced_reliability,0.05213678301950474,0.0633964195242772,0.06128913587098609,0.016666666666666666,593,240,3,3,corrected_closed_loop,modvis-kappa-2e03357db2c9
191,91,1.0,baseline,0.051307190942468814,0.08773382221247268,0.05690323790197812,0.03,642,191,2,2,corrected_closed_loop,modvis-kappa-2e03357db2c9
191,91,1.0,recovery,0.05577341623008711,0.07906393122224475,0.061613317838456624,0.02,659,175,2,2,corrected_closed_loop,modvis-kappa-2e03357db2c9
191,91,1.0,reduced_reliability,0.05261372452431225,0.07988676731420861,0.05912270310699254,0.03,593,240,3,3,corrected_closed_loop,modvis-kappa-2e03357db2c9
192,92,1.0,baseline,0.05510037875592653,0.08773181064891436,0.06792345685409945,0.03333333333333333,593,240,3,3,corrected_closed_loop,modvis-kappa-2e03357db2c9
192,92,1.0,recovery,0.05568841941752006,0.10193038544198751,0.05810285795253916,0.01,625,209,2,2,corrected_closed_loop,modvis-kappa-2e03357db2c9
192,92,1.0,reduced_reliability,0.05267654664524799,0.06924950074789897,0.06248975181600444,0.013333333333333334,593,240,3,3,corrected_closed_loop,modvis-kappa-2e03357db2c9
193,93,1.0,baseline,0.055333061902072746,0.06703970157337293,0.06242514667705403,0.02,593,240,3,3,corrected_closed_loop,modvis-kappa-2e03357db2c9
193,93,1.0,recovery,0.05291947921890363,0.06808447193067677,0.06095500358220391,0.025,634,200,2,2,corrected_closed_loop,modvis-kappa-2e03357db2c9
193,93,1.0,reduced_reliability,0.05427166662808564,0.07121585089856787,0.06360081689886221,0.02,593,240,3,3,corrected_closed_loop,modvis-kappa-2e03357db2c9
194,94,1.0,baseline,0.05261704434084558,0.061421919983659576,0.058874221009179335,0.02,626,207,2,2,corrected_closed_loop,modvis-kappa-2e03357db2c9
194,94,1.0,recovery,0.04960793579423593,0.09608813523890833,0.06017224509010159,0.025,668,166,2,2,corrected_closed_loop,modvis-kappa-2e03357db2c9
194,94,1.0,reduced_reliability,0.053086067603938865,0.06890418746011143,0.06289274974518463,0.016666666666666666,593,240,3,3,corrected_closed_loop,modvis-kappa-2e03357db2c9
195,95,1.0,baseline,0.05201946119903407,0.08289278437560682,0.05434132603619144,0.03,609,224,2,2,corrected_closed_loop,modvis-kappa-2e03357db2c9
195,95,1.0,recovery,0.05371143343670431,0.05807603424084489,0.05623603539191738,0.015,618,216,2,2,corrected_closed_loop,modvis-kappa-2e03357db2c9
195,95,1.0,reduced_reliability,0.05645645137207169,0.06401940064172153,0.06327078338875655,0.013333333333333334,593,240,3,3,corrected_closed_loop,modvis-kappa-2e03357db2c9
196,96,1.0,baseline,0.053662041293337806,0.09258897628023652,0.05945194168846048,0.02,608,225,2,2,corrected_closed_loop,modvis-kappa-2e03357db2c9
196,96,1.0,recovery,0.05432009799394918,0.057430438768828355,0.06156091334504823,0.013333333333333334,594,240,3,3,corrected_closed_loop,modvis-kappa-2e03357db2c9
196,96,1.0,reduced_reliability,0.053816696081356905,0.06909299302562784,0.06218317283457858,0.015,633,200,2,2,corrected_closed_loop,modvis-kappa-2e03357db2c9
197,97,1.0,baseline,0.04586828811117179,0.09858488835716227,0.04975351427418086,0.02,690,143,1,1,corrected_closed_loop,modvis-kappa-2e03357db2c9
197,97,1.0,recovery,0.05414963085920006,0.07252531788380308,0.06135743995502513,0.02666666666666667,594,240,3,3,corrected_closed_loop,modvis-kappa-2e03357db2c9
197,97,1.0,reduced_reliability,0.05676824428171489,0.09778613572751525,0.052072514633334226,0.01,634,199,1,1,corrected_closed_loop,modvis-kappa-2e03357db2c9
198,98,1.0,baseline,0.05623767596104118,0.08607938671354835,0.06519901304122847,0.015,599,234,2,2,corrected_closed_loop,modvis-kappa-2e03357db2c9
198,98,1.0,recovery,0.05205488207306139,0.07396352587530854,0.0595062330076411,0.005,617,217,2,2,corrected_closed_loop,modvis-kappa-2e03357db2c9
198,98,1.0,reduced_reliability,0.05124665234883497,0.07937440028022352,0.054887837091395955,0.01,660,173,1,1,corrected_closed_loop,modvis-kappa-2e03357db2c9
199,99,1.0,baseline,0.05068436073003597,0.06510030773771813,0.06348550812761009,0.013333333333333334,593,240,3,3,corrected_closed_loop,modvis-kappa-2e03357db2c9
199,99,1.0,recovery,0.05454588333594628,0.07452279730963779,0.05719396771572097,0.023333333333333334,594,240,3,3,corrected_closed_loop,modvis-kappa-2e03357db2c9
199,99,1.0,reduced_reliability,0.05160989042878053,0.0658842365440096,0.0563993510790378,0.02,657,176,2,2,corrected_closed_loop,modvis-kappa-2e03357db2c9
