panel,time_s,metric,mean,realization_percentile_2p5,realization_percentile_97p5,n_realizations,realization_ids
A,0.0,g_okr,0.6,0.6,0.6,30,0;1;2;3;4;5;6;7;8;9;10;11;12;13;14;15;16;17;18;19;20;21;22;23;24;25;26;27;28;29
A,0.01,g_okr,0.5999878315383265,0.5999843719571928,0.5999927107999656,30,0;1;2;3;4;5;6;7;8;9;10;11;12;13;14;15;16;17;18;19;20;21;22;23;24;25;26;27;28;29
A,0.02,g_okr,0.5999873623549329,0.5999798599857866,0.5999957347901912,30,0;1;2;3;4;5;6;7;8;9;10;11;12;13;14;15;16;17;18;19;20;21;22;23;24;25;26;27;28;29
A,0.03,g_okr,0.5999987457879078,0.599986331720305,0.6000128168342272,30,0;1;2;3;4;5;6;7;8;9;10;11;12;13;14;15;16;17;18;19;20;21;22;23;24;25;26;27;28;29
A,0.04,g_okr,0.6000209689390689,0.6000017120416428,0.6000411729711721,30,0;1;2;3;4;5;6;7;8;9;10;11;12;13;14;15;16;17;18;19;20;21;22;23;24;25;26;27;28;29
A,0.05,g_okr,0.600054776570221,0.6000287403311445,0.6000833329462455,30,0;1;2;3;4;5;6;7;8;9;10;11;12;13;14;15;16;17;18;19;20;21;22;23;24;25;26;27;28;29
A,0.06,g_okr,0.6000988948691368,0.6000643915057075,0.600134430328717,30,0;1;2;3;4;5;6;7;8;9;10;11;12;13;14;15;16;17;18;19;20;21;22;23;24;25;26;27;28;29
A,0.07,g_okr,0.6001546498079899,0.6001157625142863,0.6001967428564932,30,0;1;2;3;4;5;6;7;8;9;10;11;12;13;14;15;16;17;18;19;20;21;22;23;24;25;26;27;28;29
A,0.08,g_okr,0.6002217200656913,0.6001796941641836,0.6002714612900969,30,0;1;2;3;4;5;6;7;8;9;10;11;12;13;14;15;16;17;18;19;20;21;22;23;24;25;26;27;28;29
A,0.09,g_okr,0.6003000845257093,0.6002537829081528,0.6003577354488283,30,0;1;2;3;4;5;6;7;8;9;10;11;12;13;14;15;16;17;18;19;20;21;22;23;24;25;26;27;28;29
A,0.1,g_okr,0.6003892343864344,0.6003384788028248,0.6004544131775922,30,0;1;2;3;4;5;6;7;8;9;10;11;12;13;14;15;16;17;18;19;20;21;22;23;24;25;26;27;28;29
A,0.11,g_okr,0.6004893281304822,0.6004310732312373,0.6005635908439674,30,0;1;2;3;4;5;6;7;8;9;10;11;12;13;14;15;16;17;18;19;20;21;22;23;24;25;26;27;28;29
A,0.12,g_okr,0.600599854201837,0.6005341173382707,0.6006809120677181,30,0;1;2;3;4;5;6;7;8;9;10;11;12;13;14;15;16;17;18;19;20;21;22;23;24;25;26;27;28;29
A,0.13,g_okr,0.6007207600843317,0.6006511682425567,0.6008082537367643,30,0;1;2;3;4;5;6;7;8;9;10;11;12;13;14;15;16;17;18;19;20;21;22;23;24;25;26;27;28;29
A,0.14,g_okr,0.6008517809217951,0.6007803544701823,0.6009445466790153,30,0;1;2;3;4;5;6;7;8;9;10;11;12;13;14;15;16;17;18;19;20;21;22;23;24;25;26;27;28;29
A,0.15,g_okr,0.6009923399349113,0.6009205949876278,0.6010934458514482,30,0;1;2;3;4;5;6;7;8;9;10;11;12;13;14;15;16;17;18;19;20;21;22;23;24;25;26;27;28;29
A,0.16,g_okr,0.6011424806881608,0.6010697018860834,0.6012537848619068,30,0;1;2;3;4;5;6;7;8;9;10;11;12;13;14;15;16;17;18;19;20;21;22;23;24;25;26;27;28;29
A,0.17,g_okr,0.6013024274474214,0.6012242882430084,0.6014257978254512,30,0;1;2;3;4;5;6;7;8;9;10;11;12;13;14;15;16;17;18;19;20;21;22;23;24;25;26;27;28;29
A,0.18,g_okr,0.6014724225169684,0.6013899443640617,0.6016068715119952,30,0;1;2;3;4;5;6;7;8;9;10;11;12;13;14;15;16;17;18;19;20;21;22;23;24;25;26;27;28;29
A,0.19,g_okr,0.6016522254253677,0.601561316403348,0.6017951779513271,30,0;1;2;3;4;5;6;7;8;9;10;11;12;13;14;15;16;17;18;19;20;21;22;23;24;25;26;27;28;29
A,0.2,g_okr,0.6018412098176458,0.6017426592731098,0.6019945146759939,30,0;1;2;3;4;5;6;7;8;9;10;11;12;13;14;15;16;17;18;19;20;21;22;23;24;25;26;27;28;29
A,0.21,g_okr,0.6020393149991787,0.6019319789113551,0.6022042202489708,30,0;1;2;3;4;5;6;7;8;9;10;11;12;13;14;15;16;17;18;19;20;21;22;23;24;25;26;27;28;29
A,0.22,g_okr,0.6022466531227822,0.602130199641698,0.6024230033257295,30,0;1;2;3;4;5;6;7;8;9;10;11;12;13;14;15;16;17;18;19;20;21;22;23;24;25;26;27;28;29
A,0.23,g_okr,0.6024644321170063,0.602338143692173,0.6026536915200125,30,0;1;2;3;4;5;6;7;8;9;10;11;12;13;14;15;16;17;18;19;20;21;22;23;24;25;26;27;28;29
A,0.24,g_okr,0.602691545298113,0.6025617193375618,0.6028919341114085,30,0;1;2;3;4;5;6;7;8;9;10;11;12;13;14;15;16;17;18;19;20;21;22;23;24;25;26;27;28;29
A,0.25,g_okr,0.6029276605318487,0.6027899350017001,0.603138825606704,30,0;1;2;3;4;5;6;7;8;9;10;11;12;13;14;15;16;17;18;19;20;21;22;23;24;25;26;27;28;29
A,0.26,g_okr,0.6031721623417331,0.6030245969000464,0.6033938381757493,30,0;1;2;3;4;5;6;7;8;9;10;11;12;13;14;15;16;17;18;19;20;21;22;23;24;25;26;27;28;29
A,0.27,g_okr,0.6034255083475839,0.6032637698098693,0.6036578815883443,30,0;1;2;3;4;5;6;7;8;9;10;11;12;13;14;15;16;17;18;19;20;21;22;23;24;25;26;27;28;29
A,0.28,g_okr,0.6036871904403538,0.6035132415264669,0.6039304540797794,30,0;1;2;3;4;5;6;7;8;9;10;11;12;13;14;15;16;17;18;19;20;21;22;23;24;25;26;27;28;29
A,0.29,g_okr,0.6039579823826503,0.6037702625780131,0.6042128402536228,30,0;1;2;3;4;5;6;7;8;9;10;11;12;13;14;15;16;17;18;19;20;21;22;23;24;25;26;27;28;29
A,0.3,g_okr,0.6042368717029059,0.6040332529702831,0.6045009593034703,30,0;1;2;3;4;5;6;7;8;9;10;11;12;13;14;15;16;17;18;19;20;21;22;23;24;25;26;27;28;29
A,0.31,g_okr,0.6045241430713554,0.604306543232302,0.6047966292003282,30,0;1;2;3;4;5;6;7;8;9;10;11;12;13;14;15;16;17;18;19;20;21;22;23;24;25;26;27;28;29
A,0.32,g_okr,0.6048202560859034,0.6045901374709495,0.6051028943784645,30,0;1;2;3;4;5;6;7;8;9;10;11;12;13;14;15;16;17;18;19;20;21;22;23;24;25;26;27;28;29
A,0.33,g_okr,0.605124418627281,0.6048840965056297,0.6054184201481573,30,0;1;2;3;4;5;6;7;8;9;10;11;12;13;14;15;16;17;18;19;20;21;22;23;24;25;26;27;28;29
A,0.34,g_okr,0.6054372333530992,0.605188087214691,0.6057431833752699,30,0;1;2;3;4;5;6;7;8;9;10;11;12;13;14;15;16;17;18;19;20;21;22;23;24;25;26;27;28;29
A,0.35000000000000003,g_okr,0.6057582810275888,0.6055004763768644,0.6060749994494916,30,0;1;2;3;4;5;6;7;8;9;10;11;12;13;14;15;16;17;18;19;20;21;22;23;24;25;26;27;28;29
A,0.36,g_okr,0.6060890601647244,0.6058243832254178,0.6064169720366274,30,0;1;2;3;4;5;6;7;8;9;10;11;12;13;14;15;16;17;18;19;20;21;22;23;24;25;26;27;28;29
A,0.37,g_okr,0.6064278207677268,0.6061571254848246,0.6067673564585352,30,0;1;2;3;4;5;6;7;8;9;10;11;12;13;14;15;16;17;18;19;20;21;22;23;24;25;26;27;28;29
A,0.38,g_okr,0.6067739666944927,0.6064952157234882,0.6071259060334515,30,0;1;2;3;4;5;6;7;8;9;10;11;12;13;14;15;16;17;18;19;20;21;22;23;24;25;26;27;28;29
A,0.39,g_okr,0.6071282713506879,0.606839605540731,0.6074918508284914,30,0;1;2;3;4;5;6;7;8;9;10;11;12;13;14;15;16;17;18;19;20;21;22;23;24;25;26;27;28;29
A,0.4,g_okr,0.6074904846982204,0.6071906313484681,0.607863274865862,30,0;1;2;3;4;5;6;7;8;9;10;11;12;13;14;15;16;17;18;19;20;21;22;23;24;25;26;27;28;29
A,0.41000000000000003,g_okr,0.6078605524410307,0.6075492503232172,0.6082379963094015,30,0;1;2;3;4;5;6;7;8;9;10;11;12;13;14;15;16;17;18;19;20;21;22;23;24;25;26;27;28;29
A,0.42,g_okr,0.6082378973590523,0.6079187560670128,0.6086171106729369,30,0;1;2;3;4;5;6;7;8;9;10;11;12;13;14;15;16;17;18;19;20;21;22;23;24;25;26;27;28;29
A,0.43,g_okr,0.6086230439312881,0.6082944962155141,0.6090043304780824,30,0;1;2;3;4;5;6;7;8;9;10;11;12;13;14;15;16;17;18;19;20;21;22;23;24;25;26;27;28;29
A,0.44,g_okr,0.609015264654354,0.6086740839832372,0.6093977015837371,30,0;1;2;3;4;5;6;7;8;9;10;11;12;13;14;15;16;17;18;19;20;21;22;23;24;25;26;27;28;29
A,0.45,g_okr,0.6094149788953304,0.6090609771267818,0.6097990857527833,30,0;1;2;3;4;5;6;7;8;9;10;11;12;13;14;15;16;17;18;19;20;21;22;23;24;25;26;27;28;29
A,0.46,g_okr,0.6098219339714871,0.6094570079653252,0.61022254627051,30,0;1;2;3;4;5;6;7;8;9;10;11;12;13;14;15;16;17;18;19;20;21;22;23;24;25;26;27;28;29
A,0.47000000000000003,g_okr,0.6102356697131879,0.6098622048067144,0.6106515868786666,30,0;1;2;3;4;5;6;7;8;9;10;11;12;13;14;15;16;17;18;19;20;21;22;23;24;25;26;27;28;29
A,0.48,g_okr,0.6106562628267934,0.6102738424457105,0.6110882516395275,30,0;1;2;3;4;5;6;7;8;9;10;11;12;13;14;15;16;17;18;19;20;21;22;23;24;25;26;27;28;29
A,0.49,g_okr,0.6110837103382823,0.6106948477626156,0.6115292046024292,30,0;1;2;3;4;5;6;7;8;9;10;11;12;13;14;15;16;17;18;19;20;21;22;23;24;25;26;27;28;29
A,0.5,g_okr,0.6115175440758667,0.6111206737758769,0.6119818140373443,30,0;1;2;3;4;5;6;7;8;9;10;11;12;13;14;15;16;17;18;19;20;21;22;23;24;25;26;27;28;29
A,0.51,g_okr,0.6119577590944957,0.6115544942562781,0.6124374834020343,30,0;1;2;3;4;5;6;7;8;9;10;11;12;13;14;15;16;17;18;19;20;21;22;23;24;25;26;27;28;29
A,0.52,g_okr,0.6124040837704942,0.6119956380806921,0.6128978117731076,30,0;1;2;3;4;5;6;7;8;9;10;11;12;13;14;15;16;17;18;19;20;21;22;23;24;25;26;27;28;29
A,0.53,g_okr,0.6128563016248934,0.6124395101351223,0.6133559508784521,30,0;1;2;3;4;5;6;7;8;9;10;11;12;13;14;15;16;17;18;19;20;21;22;23;24;25;26;27;28;29
A,0.54,g_okr,0.6133159215660359,0.6128896080624907,0.6138199235958289,30,0;1;2;3;4;5;6;7;8;9;10;11;12;13;14;15;16;17;18;19;20;21;22;23;24;25;26;27;28;29
A,0.55,g_okr,0.6137811679893452,0.6133432110899688,0.6142911189086021,30,0;1;2;3;4;5;6;7;8;9;10;11;12;13;14;15;16;17;18;19;20;21;22;23;24;25;26;27;28;29
A,0.56,g_okr,0.614253425868904,0.6138071463495295,0.6147685927181332,30,0;1;2;3;4;5;6;7;8;9;10;11;12;13;14;15;16;17;18;19;20;21;22;23;24;25;26;27;28;29
A,0.5700000000000001,g_okr,0.6147311378242125,0.6142778860312931,0.6152453910295216,30,0;1;2;3;4;5;6;7;8;9;10;11;12;13;14;15;16;17;18;19;20;21;22;23;24;25;26;27;28;29
A,0.58,g_okr,0.6152140061364152,0.6147545518023353,0.6157223911328452,30,0;1;2;3;4;5;6;7;8;9;10;11;12;13;14;15;16;17;18;19;20;21;22;23;24;25;26;27;28;29
A,0.59,g_okr,0.6157034104383963,0.6152407819805599,0.616207470169672,30,0;1;2;3;4;5;6;7;8;9;10;11;12;13;14;15;16;17;18;19;20;21;22;23;24;25;26;27;28;29
A,0.6,g_okr,0.6161979426650465,0.6157316606407869,0.6167002081464577,30,0;1;2;3;4;5;6;7;8;9;10;11;12;13;14;15;16;17;18;19;20;21;22;23;24;25;26;27;28;29
A,0.61,g_okr,0.6166971900583806,0.6162260355756767,0.6171986592442605,30,0;1;2;3;4;5;6;7;8;9;10;11;12;13;14;15;16;17;18;19;20;21;22;23;24;25;26;27;28;29
A,0.62,g_okr,0.617201461140455,0.6167106936643647,0.6177000060261806,30,0;1;2;3;4;5;6;7;8;9;10;11;12;13;14;15;16;17;18;19;20;21;22;23;24;25;26;27;28;29
A,0.63,g_okr,0.617711256509758,0.6171934435020848,0.6182106790932272,30,0;1;2;3;4;5;6;7;8;9;10;11;12;13;14;15;16;17;18;19;20;21;22;23;24;25;26;27;28;29
A,0.64,g_okr,0.6182260022461655,0.6176781796116989,0.6187468717723951,30,0;1;2;3;4;5;6;7;8;9;10;11;12;13;14;15;16;17;18;19;20;21;22;23;24;25;26;27;28;29
A,0.65,g_okr,0.6187461001342667,0.618168032506285,0.6193431987499182,30,0;1;2;3;4;5;6;7;8;9;10;11;12;13;14;15;16;17;18;19;20;21;22;23;24;25;26;27;28;29
A,0.66,g_okr,0.6192711497069544,0.6186601832920187,0.6199482500791034,30,0;1;2;3;4;5;6;7;8;9;10;11;12;13;14;15;16;17;18;19;20;21;22;23;24;25;26;27;28;29
A,0.67,g_okr,0.6198004760926491,0.6191541392419581,0.6205337707211299,30,0;1;2;3;4;5;6;7;8;9;10;11;12;13;14;15;16;17;18;19;20;21;22;23;24;25;26;27;28;29
A,0.68,g_okr,0.6203345220094797,0.6196484461367124,0.6210977983613745,30,0;1;2;3;4;5;6;7;8;9;10;11;12;13;14;15;16;17;18;19;20;21;22;23;24;25;26;27;28;29
A,0.6900000000000001,g_okr,0.6208728029653308,0.6201453222646909,0.6216925762686584,30,0;1;2;3;4;5;6;7;8;9;10;11;12;13;14;15;16;17;18;19;20;21;22;23;24;25;26;27;28;29
A,0.7000000000000001,g_okr,0.6214161234729098,0.6206455967825618,0.622344595721942,30,0;1;2;3;4;5;6;7;8;9;10;11;12;13;14;15;16;17;18;19;20;21;22;23;24;25;26;27;28;29
A,0.71,g_okr,0.6219631178953706,0.6211472773730142,0.6230020308207961,30,0;1;2;3;4;5;6;7;8;9;10;11;12;13;14;15;16;17;18;19;20;21;22;23;24;25;26;27;28;29
A,0.72,g_okr,0.6225128305487778,0.6216486972382937,0.6236659213059252,30,0;1;2;3;4;5;6;7;8;9;10;11;12;13;14;15;16;17;18;19;20;21;22;23;24;25;26;27;28;29
A,0.73,g_okr,0.6230659128041521,0.6221539712101667,0.6243377278206489,30,0;1;2;3;4;5;6;7;8;9;10;11;12;13;14;15;16;17;18;19;20;21;22;23;24;25;26;27;28;29
A,0.74,g_okr,0.6236220724518413,0.6226592162103723,0.6250188015642668,30,0;1;2;3;4;5;6;7;8;9;10;11;12;13;14;15;16;17;18;19;20;21;22;23;24;25;26;27;28;29
A,0.75,g_okr,0.624181664481585,0.6231664257599991,0.6257078495333113,30,0;1;2;3;4;5;6;7;8;9;10;11;12;13;14;15;16;17;18;19;20;21;22;23;24;25;26;27;28;29
A,0.76,g_okr,0.6247445835393921,0.6236753680498794,0.6263967845076118,30,0;1;2;3;4;5;6;7;8;9;10;11;12;13;14;15;16;17;18;19;20;21;22;23;24;25;26;27;28;29
A,0.77,g_okr,0.6253104466853919,0.6241855149220724,0.6270945814616016,30,0;1;2;3;4;5;6;7;8;9;10;11;12;13;14;15;16;17;18;19;20;21;22;23;24;25;26;27;28;29
A,0.78,g_okr,0.6258789412949664,0.624697850379849,0.6277970392012322,30,0;1;2;3;4;5;6;7;8;9;10;11;12;13;14;15;16;17;18;19;20;21;22;23;24;25;26;27;28;29
A,0.79,g_okr,0.6264498491157441,0.6252140112598075,0.6285077176556688,30,0;1;2;3;4;5;6;7;8;9;10;11;12;13;14;15;16;17;18;19;20;21;22;23;24;25;26;27;28;29
A,0.8,g_okr,0.6270229853128596,0.6257335567231669,0.6292253010782002,30,0;1;2;3;4;5;6;7;8;9;10;11;12;13;14;15;16;17;18;19;20;21;22;23;24;25;26;27;28;29
A,0.81,g_okr,0.6275983032047517,0.6262522620874886,0.6299458845618309,30,0;1;2;3;4;5;6;7;8;9;10;11;12;13;14;15;16;17;18;19;20;21;22;23;24;25;26;27;28;29
A,0.8200000000000001,g_okr,0.6281750989635209,0.6267730153056125,0.6306714765620439,30,0;1;2;3;4;5;6;7;8;9;10;11;12;13;14;15;16;17;18;19;20;21;22;23;24;25;26;27;28;29
A,0.8300000000000001,g_okr,0.6287530816512544,0.6272926052353514,0.6314010354595684,30,0;1;2;3;4;5;6;7;8;9;10;11;12;13;14;15;16;17;18;19;20;21;22;23;24;25;26;27;28;29
A,0.84,g_okr,0.629332333443722,0.6278125635079808,0.6321304533682687,30,0;1;2;3;4;5;6;7;8;9;10;11;12;13;14;15;16;17;18;19;20;21;22;23;24;25;26;27;28;29
A,0.85,g_okr,0.6299126626793713,0.6283361228843477,0.6328621230604815,30,0;1;2;3;4;5;6;7;8;9;10;11;12;13;14;15;16;17;18;19;20;21;22;23;24;25;26;27;28;29
A,0.86,g_okr,0.6304944393301298,0.6288598325732663,0.6335957044078089,30,0;1;2;3;4;5;6;7;8;9;10;11;12;13;14;15;16;17;18;19;20;21;22;23;24;25;26;27;28;29
A,0.87,g_okr,0.6310770575569454,0.6293810968921552,0.6343318447631878,30,0;1;2;3;4;5;6;7;8;9;10;11;12;13;14;15;16;17;18;19;20;21;22;23;24;25;26;27;28;29
A,0.88,g_okr,0.6316607478998095,0.6299001791656625,0.6350719063115223,30,0;1;2;3;4;5;6;7;8;9;10;11;12;13;14;15;16;17;18;19;20;21;22;23;24;25;26;27;28;29
A,0.89,g_okr,0.6322449643871366,0.6304188229297644,0.6358130193235755,30,0;1;2;3;4;5;6;7;8;9;10;11;12;13;14;15;16;17;18;19;20;21;22;23;24;25;26;27;28;29
A,0.9,g_okr,0.6328294752653295,0.6309376317971311,0.6365578768308966,30,0;1;2;3;4;5;6;7;8;9;10;11;12;13;14;15;16;17;18;19;20;21;22;23;24;25;26;27;28;29
A,0.91,g_okr,0.6334148402429511,0.6314570150282045,0.6373046163780274,30,0;1;2;3;4;5;6;7;8;9;10;11;12;13;14;15;16;17;18;19;20;21;22;23;24;25;26;27;28;29
A,0.92,g_okr,0.6340001419634776,0.631979124352565,0.6380531960289437,30,0;1;2;3;4;5;6;7;8;9;10;11;12;13;14;15;16;17;18;19;20;21;22;23;24;25;26;27;28;29
A,0.93,g_okr,0.6345856824427994,0.6324994566479012,0.6388015206216091,30,0;1;2;3;4;5;6;7;8;9;10;11;12;13;14;15;16;17;18;19;20;21;22;23;24;25;26;27;28;29
A,0.9400000000000001,g_okr,0.6351709602377656,0.6330183347343536,0.6395491996382878,30,0;1;2;3;4;5;6;7;8;9;10;11;12;13;14;15;16;17;18;19;20;21;22;23;24;25;26;27;28;29
A,0.9500000000000001,g_okr,0.6357566852267033,0.6335380372124814,0.6402984620746308,30,0;1;2;3;4;5;6;7;8;9;10;11;12;13;14;15;16;17;18;19;20;21;22;23;24;25;26;27;28;29
A,0.96,g_okr,0.6363426911400765,0.6340665057538077,0.6410439737383202,30,0;1;2;3;4;5;6;7;8;9;10;11;12;13;14;15;16;17;18;19;20;21;22;23;24;25;26;27;28;29
A,0.97,g_okr,0.6369296887177005,0.6346010876061995,0.6417926480355586,30,0;1;2;3;4;5;6;7;8;9;10;11;12;13;14;15;16;17;18;19;20;21;22;23;24;25;26;27;28;29
A,0.98,g_okr,0.6375168908850797,0.6351439903889743,0.6425371469729031,30,0;1;2;3;4;5;6;7;8;9;10;11;12;13;14;15;16;17;18;19;20;21;22;23;24;25;26;27;28;29
A,0.99,g_okr,0.6381046203915898,0.6356939705929584,0.643284533153829,30,0;1;2;3;4;5;6;7;8;9;10;11;12;13;14;15;16;17;18;19;20;21;22;23;24;25;26;27;28;29
A,1.0,g_okr,0.6386918864164876,0.6362529131674669,0.6440285200305153,30,0;1;2;3;4;5;6;7;8;9;10;11;12;13;14;15;16;17;18;19;20;21;22;23;24;25;26;27;28;29
A,1.01,g_okr,0.6392791834540382,0.6368175225725063,0.6447689438690305,30,0;1;2;3;4;5;6;7;8;9;10;11;12;13;14;15;16;17;18;19;20;21;22;23;24;25;26;27;28;29
A,1.02,g_okr,0.6398657221104318,0.6373848755315686,0.645508806001996,30,0;1;2;3;4;5;6;7;8;9;10;11;12;13;14;15;16;17;18;19;20;21;22;23;24;25;26;27;28;29
A,1.03,g_okr,0.6404507252076291,0.6379515908741448,0.6462489551191716,30,0;1;2;3;4;5;6;7;8;9;10;11;12;13;14;15;16;17;18;19;20;21;22;23;24;25;26;27;28;29
A,1.04,g_okr,0.6410341678772589,0.6385235178180232,0.6469877076204739,30,0;1;2;3;4;5;6;7;8;9;10;11;12;13;14;15;16;17;18;19;20;21;22;23;24;25;26;27;28;29
A,1.05,g_okr,0.6416159765739207,0.6390586747559673,0.647725225062348,30,0;1;2;3;4;5;6;7;8;9;10;11;12;13;14;15;16;17;18;19;20;21;22;23;24;25;26;27;28;29
A,1.06,g_okr,0.6421961289903739,0.639565819985397,0.6484586531940938,30,0;1;2;3;4;5;6;7;8;9;10;11;12;13;14;15;16;17;18;19;20;21;22;23;24;25;26;27;28;29
A,1.07,g_okr,0.6427746631945725,0.6400738275644684,0.6491901243561989,30,0;1;2;3;4;5;6;7;8;9;10;11;12;13;14;15;16;17;18;19;20;21;22;23;24;25;26;27;28;29
A,1.08,g_okr,0.6433509487778313,0.6405816035036853,0.6499166879362731,30,0;1;2;3;4;5;6;7;8;9;10;11;12;13;14;15;16;17;18;19;20;21;22;23;24;25;26;27;28;29
A,1.09,g_okr,0.6439255048415249,0.6410869357749818,0.6506399704182976,30,0;1;2;3;4;5;6;7;8;9;10;11;12;13;14;15;16;17;18;19;20;21;22;23;24;25;26;27;28;29
A,1.1,g_okr,0.6444977858568033,0.6415927393604001,0.6513597419299105,30,0;1;2;3;4;5;6;7;8;9;10;11;12;13;14;15;16;17;18;19;20;21;22;23;24;25;26;27;28;29
A,1.11,g_okr,0.6450683512466079,0.6420989000446167,0.6520781321956732,30,0;1;2;3;4;5;6;7;8;9;10;11;12;13;14;15;16;17;18;19;20;21;22;23;24;25;26;27;28;29
A,1.12,g_okr,0.6456362771692016,0.6426012357885251,0.6527963379428015,30,0;1;2;3;4;5;6;7;8;9;10;11;12;13;14;15;16;17;18;19;20;21;22;23;24;25;26;27;28;29
A,1.1300000000000001,g_okr,0.646201858179976,0.6430968780961012,0.6535119147370101,30,0;1;2;3;4;5;6;7;8;9;10;11;12;13;14;15;16;17;18;19;20;21;22;23;24;25;26;27;28;29
A,1.1400000000000001,g_okr,0.6467640464881779,0.6435863373137796,0.6542235849428659,30,0;1;2;3;4;5;6;7;8;9;10;11;12;13;14;15;16;17;18;19;20;21;22;23;24;25;26;27;28;29
A,1.1500000000000001,g_okr,0.6473220123874275,0.6440740466614179,0.6549276473479851,30,0;1;2;3;4;5;6;7;8;9;10;11;12;13;14;15;16;17;18;19;20;21;22;23;24;25;26;27;28;29
A,1.16,g_okr,0.6478763893586772,0.6445574800346953,0.6556292450527205,30,0;1;2;3;4;5;6;7;8;9;10;11;12;13;14;15;16;17;18;19;20;21;22;23;24;25;26;27;28;29
A,1.17,g_okr,0.6484269611212279,0.6450367820746448,0.6563258196671661,30,0;1;2;3;4;5;6;7;8;9;10;11;12;13;14;15;16;17;18;19;20;21;22;23;24;25;26;27;28;29
A,1.18,g_okr,0.6489728811409076,0.6455101286455719,0.6570161073708872,30,0;1;2;3;4;5;6;7;8;9;10;11;12;13;14;15;16;17;18;19;20;21;22;23;24;25;26;27;28;29
A,1.19,g_okr,0.6495152007300528,0.6459796632475326,0.6577010574763432,30,0;1;2;3;4;5;6;7;8;9;10;11;12;13;14;15;16;17;18;19;20;21;22;23;24;25;26;27;28;29
A,1.2,g_okr,0.6500532130793119,0.6464466285739741,0.6583792438647259,30,0;1;2;3;4;5;6;7;8;9;10;11;12;13;14;15;16;17;18;19;20;21;22;23;24;25;26;27;28;29
A,1.21,g_okr,0.6505878486672095,0.6469089871905384,0.6590513557007203,30,0;1;2;3;4;5;6;7;8;9;10;11;12;13;14;15;16;17;18;19;20;21;22;23;24;25;26;27;28;29
A,1.22,g_okr,0.6511186768156806,0.6473675199393659,0.6597194945376148,30,0;1;2;3;4;5;6;7;8;9;10;11;12;13;14;15;16;17;18;19;20;21;22;23;24;25;26;27;28;29
A,1.23,g_okr,0.6516445767557072,0.6478232491306566,0.6603848064774053,30,0;1;2;3;4;5;6;7;8;9;10;11;12;13;14;15;16;17;18;19;20;21;22;23;24;25;26;27;28;29
A,1.24,g_okr,0.6521656043794889,0.6482741827346251,0.661042214242092,30,0;1;2;3;4;5;6;7;8;9;10;11;12;13;14;15;16;17;18;19;20;21;22;23;24;25;26;27;28;29
A,1.25,g_okr,0.6526816829833171,0.6487206008203048,0.6616940011176146,30,0;1;2;3;4;5;6;7;8;9;10;11;12;13;14;15;16;17;18;19;20;21;22;23;24;25;26;27;28;29
A,1.26,g_okr,0.6531910809671192,0.6491646807527091,0.6623364911425585,30,0;1;2;3;4;5;6;7;8;9;10;11;12;13;14;15;16;17;18;19;20;21;22;23;24;25;26;27;28;29
A,1.27,g_okr,0.6536948940927337,0.6496032406062864,0.6629735760659811,30,0;1;2;3;4;5;6;7;8;9;10;11;12;13;14;15;16;17;18;19;20;21;22;23;24;25;26;27;28;29
A,1.28,g_okr,0.6541929929676212,0.6500381972763408,0.6636080810723259,30,0;1;2;3;4;5;6;7;8;9;10;11;12;13;14;15;16;17;18;19;20;21;22;23;24;25;26;27;28;29
A,1.29,g_okr,0.6546856316918355,0.6503892303162733,0.6642360824952234,30,0;1;2;3;4;5;6;7;8;9;10;11;12;13;14;15;16;17;18;19;20;21;22;23;24;25;26;27;28;29
A,1.3,g_okr,0.6551726629541725,0.6507318714200466,0.6648563953184798,30,0;1;2;3;4;5;6;7;8;9;10;11;12;13;14;15;16;17;18;19;20;21;22;23;24;25;26;27;28;29
A,1.31,g_okr,0.655654366531874,0.6510642115666596,0.6654706739385607,30,0;1;2;3;4;5;6;7;8;9;10;11;12;13;14;15;16;17;18;19;20;21;22;23;24;25;26;27;28;29
A,1.32,g_okr,0.6561303562731986,0.6513845460808132,0.6660814066593024,30,0;1;2;3;4;5;6;7;8;9;10;11;12;13;14;15;16;17;18;19;20;21;22;23;24;25;26;27;28;29
A,1.33,g_okr,0.6565998859428602,0.6516949334107033,0.6666845563921213,30,0;1;2;3;4;5;6;7;8;9;10;11;12;13;14;15;16;17;18;19;20;21;22;23;24;25;26;27;28;29
A,1.34,g_okr,0.6570626007019958,0.651996165008169,0.6672765796350549,30,0;1;2;3;4;5;6;7;8;9;10;11;12;13;14;15;16;17;18;19;20;21;22;23;24;25;26;27;28;29
A,1.35,g_okr,0.6575195227799722,0.6522925763672037,0.6678597685779611,30,0;1;2;3;4;5;6;7;8;9;10;11;12;13;14;15;16;17;18;19;20;21;22;23;24;25;26;27;28;29
A,1.36,g_okr,0.6579702798987095,0.6525796170420384,0.6684379481999563,30,0;1;2;3;4;5;6;7;8;9;10;11;12;13;14;15;16;17;18;19;20;21;22;23;24;25;26;27;28;29
A,1.37,g_okr,0.6584148136543373,0.6528609144119929,0.6690047077883226,30,0;1;2;3;4;5;6;7;8;9;10;11;12;13;14;15;16;17;18;19;20;21;22;23;24;25;26;27;28;29
A,1.3800000000000001,g_okr,0.6588525028043569,0.6531328774169152,0.6695608054569417,30,0;1;2;3;4;5;6;7;8;9;10;11;12;13;14;15;16;17;18;19;20;21;22;23;24;25;26;27;28;29
A,1.3900000000000001,g_okr,0.6592840819596285,0.6533971886627015,0.670106222402078,30,0;1;2;3;4;5;6;7;8;9;10;11;12;13;14;15;16;17;18;19;20;21;22;23;24;25;26;27;28;29
A,1.4000000000000001,g_okr,0.659709436513493,0.6536525262981611,0.6706423617541396,30,0;1;2;3;4;5;6;7;8;9;10;11;12;13;14;15;16;17;18;19;20;21;22;23;24;25;26;27;28;29
A,1.41,g_okr,0.6601278676230925,0.6538999374403269,0.6711570412635598,30,0;1;2;3;4;5;6;7;8;9;10;11;12;13;14;15;16;17;18;19;20;21;22;23;24;25;26;27;28;29
A,1.42,g_okr,0.6605389499773029,0.6541409767624768,0.6716548153954931,30,0;1;2;3;4;5;6;7;8;9;10;11;12;13;14;15;16;17;18;19;20;21;22;23;24;25;26;27;28;29
A,1.43,g_okr,0.6609426660265773,0.6543746745866493,0.6721341669614128,30,0;1;2;3;4;5;6;7;8;9;10;11;12;13;14;15;16;17;18;19;20;21;22;23;24;25;26;27;28;29
A,1.44,g_okr,0.6613394671336857,0.6546019269789699,0.6725817418874915,30,0;1;2;3;4;5;6;7;8;9;10;11;12;13;14;15;16;17;18;19;20;21;22;23;24;25;26;27;28;29
A,1.45,g_okr,0.6617293106538383,0.654823564041206,0.6730044677381072,30,0;1;2;3;4;5;6;7;8;9;10;11;12;13;14;15;16;17;18;19;20;21;22;23;24;25;26;27;28;29
A,1.46,g_okr,0.662112122668037,0.6550370289735096,0.6734106771321531,30,0;1;2;3;4;5;6;7;8;9;10;11;12;13;14;15;16;17;18;19;20;21;22;23;24;25;26;27;28;29
A,1.47,g_okr,0.6624877699048161,0.655240737928106,0.6738054000259787,30,0;1;2;3;4;5;6;7;8;9;10;11;12;13;14;15;16;17;18;19;20;21;22;23;24;25;26;27;28;29
A,1.48,g_okr,0.6628559116895619,0.6554357700002997,0.6741883221153571,30,0;1;2;3;4;5;6;7;8;9;10;11;12;13;14;15;16;17;18;19;20;21;22;23;24;25;26;27;28;29
A,1.49,g_okr,0.66321618360988,0.655619663847337,0.6745561028657409,30,0;1;2;3;4;5;6;7;8;9;10;11;12;13;14;15;16;17;18;19;20;21;22;23;24;25;26;27;28;29
A,1.5,g_okr,0.6635684833563431,0.6557959889426116,0.6749107536068587,30,0;1;2;3;4;5;6;7;8;9;10;11;12;13;14;15;16;17;18;19;20;21;22;23;24;25;26;27;28;29
A,1.51,g_okr,0.6639133354765232,0.6559620608160126,0.6752514361068843,30,0;1;2;3;4;5;6;7;8;9;10;11;12;13;14;15;16;17;18;19;20;21;22;23;24;25;26;27;28;29
A,1.52,g_okr,0.6642501658778205,0.6561174231757225,0.6755804362579978,30,0;1;2;3;4;5;6;7;8;9;10;11;12;13;14;15;16;17;18;19;20;21;22;23;24;25;26;27;28;29
A,1.53,g_okr,0.6645801154374288,0.6562660926154725,0.675901449828495,30,0;1;2;3;4;5;6;7;8;9;10;11;12;13;14;15;16;17;18;19;20;21;22;23;24;25;26;27;28;29
A,1.54,g_okr,0.6649028399981307,0.6564064162039802,0.6762106307054623,30,0;1;2;3;4;5;6;7;8;9;10;11;12;13;14;15;16;17;18;19;20;21;22;23;24;25;26;27;28;29
A,1.55,g_okr,0.6652177473249501,0.6565382042353395,0.6765069605709344,30,0;1;2;3;4;5;6;7;8;9;10;11;12;13;14;15;16;17;18;19;20;21;22;23;24;25;26;27;28;29
A,1.56,g_okr,0.6655247882335438,0.6566629349716551,0.6767909126644313,30,0;1;2;3;4;5;6;7;8;9;10;11;12;13;14;15;16;17;18;19;20;21;22;23;24;25;26;27;28;29
A,1.57,g_okr,0.6658243482268003,0.6567787511131881,0.6770626273034956,30,0;1;2;3;4;5;6;7;8;9;10;11;12;13;14;15;16;17;18;19;20;21;22;23;24;25;26;27;28;29
A,1.58,g_okr,0.666115718796197,0.6568890118848314,0.6773195602271198,30,0;1;2;3;4;5;6;7;8;9;10;11;12;13;14;15;16;17;18;19;20;21;22;23;24;25;26;27;28;29
A,1.59,g_okr,0.6664001971824475,0.656989739495328,0.6775672192833223,30,0;1;2;3;4;5;6;7;8;9;10;11;12;13;14;15;16;17;18;19;20;21;22;23;24;25;26;27;28;29
A,1.6,g_okr,0.6666768455654288,0.6570836930263734,0.6778094089378103,30,0;1;2;3;4;5;6;7;8;9;10;11;12;13;14;15;16;17;18;19;20;21;22;23;24;25;26;27;28;29
A,1.61,g_okr,0.6669466490339173,0.6571707943479956,0.6780423278627329,30,0;1;2;3;4;5;6;7;8;9;10;11;12;13;14;15;16;17;18;19;20;21;22;23;24;25;26;27;28;29
A,1.62,g_okr,0.6672087958106009,0.6572489896784872,0.6782643279537263,30,0;1;2;3;4;5;6;7;8;9;10;11;12;13;14;15;16;17;18;19;20;21;22;23;24;25;26;27;28;29
A,1.6300000000000001,g_okr,0.6674626875199315,0.6573203862552474,0.6784790412961687,30,0;1;2;3;4;5;6;7;8;9;10;11;12;13;14;15;16;17;18;19;20;21;22;23;24;25;26;27;28;29
A,1.6400000000000001,g_okr,0.6677086555745755,0.657385212275408,0.6786843610410791,30,0;1;2;3;4;5;6;7;8;9;10;11;12;13;14;15;16;17;18;19;20;21;22;23;24;25;26;27;28;29
A,1.6500000000000001,g_okr,0.6679477678341471,0.6574442672845731,0.6788806412649961,30,0;1;2;3;4;5;6;7;8;9;10;11;12;13;14;15;16;17;18;19;20;21;22;23;24;25;26;27;28;29
A,1.6600000000000001,g_okr,0.6681787296494232,0.6574940330944141,0.6790666318593244,30,0;1;2;3;4;5;6;7;8;9;10;11;12;13;14;15;16;17;18;19;20;21;22;23;24;25;26;27;28;29
A,1.67,g_okr,0.6684015471148906,0.657533987925416,0.6792454408391243,30,0;1;2;3;4;5;6;7;8;9;10;11;12;13;14;15;16;17;18;19;20;21;22;23;24;25;26;27;28;29
A,1.68,g_okr,0.6686174508779662,0.6575670277093755,0.6794162940560367,30,0;1;2;3;4;5;6;7;8;9;10;11;12;13;14;15;16;17;18;19;20;21;22;23;24;25;26;27;28;29
A,1.69,g_okr,0.6688252313347988,0.6575930790658157,0.6795766448264877,30,0;1;2;3;4;5;6;7;8;9;10;11;12;13;14;15;16;17;18;19;20;21;22;23;24;25;26;27;28;29
A,1.7,g_okr,0.6690252272999929,0.657611945723666,0.6797318012367587,30,0;1;2;3;4;5;6;7;8;9;10;11;12;13;14;15;16;17;18;19;20;21;22;23;24;25;26;27;28;29
A,1.71,g_okr,0.6692166030056292,0.6576250733543836,0.6799092373144907,30,0;1;2;3;4;5;6;7;8;9;10;11;12;13;14;15;16;17;18;19;20;21;22;23;24;25;26;27;28;29
A,1.72,g_okr,0.6693999185206253,0.6576314474161506,0.6801629520297968,30,0;1;2;3;4;5;6;7;8;9;10;11;12;13;14;15;16;17;18;19;20;21;22;23;24;25;26;27;28;29
A,1.73,g_okr,0.6695745806068503,0.6576307575694007,0.6803970150497718,30,0;1;2;3;4;5;6;7;8;9;10;11;12;13;14;15;16;17;18;19;20;21;22;23;24;25;26;27;28;29
A,1.74,g_okr,0.6697402047629059,0.657623021577731,0.6806140905725413,30,0;1;2;3;4;5;6;7;8;9;10;11;12;13;14;15;16;17;18;19;20;21;22;23;24;25;26;27;28;29
A,1.75,g_okr,0.6698982192562118,0.6576095274969953,0.6808156933344365,30,0;1;2;3;4;5;6;7;8;9;10;11;12;13;14;15;16;17;18;19;20;21;22;23;24;25;26;27;28;29
A,1.76,g_okr,0.670048144548543,0.6575956274973301,0.681003796326913,30,0;1;2;3;4;5;6;7;8;9;10;11;12;13;14;15;16;17;18;19;20;21;22;23;24;25;26;27;28;29
A,1.77,g_okr,0.670190758102877,0.6575868477985366,0.6811617882285053,30,0;1;2;3;4;5;6;7;8;9;10;11;12;13;14;15;16;17;18;19;20;21;22;23;24;25;26;27;28;29
A,1.78,g_okr,0.6703268922819576,0.6575825274207854,0.681275008078175,30,0;1;2;3;4;5;6;7;8;9;10;11;12;13;14;15;16;17;18;19;20;21;22;23;24;25;26;27;28;29
A,1.79,g_okr,0.6704557686299261,0.6575823757547993,0.6813817184030662,30,0;1;2;3;4;5;6;7;8;9;10;11;12;13;14;15;16;17;18;19;20;21;22;23;24;25;26;27;28;29
A,1.8,g_okr,0.6705781362345885,0.6575868162984453,0.6814756736812994,30,0;1;2;3;4;5;6;7;8;9;10;11;12;13;14;15;16;17;18;19;20;21;22;23;24;25;26;27;28;29
A,1.81,g_okr,0.6706943688119391,0.657597301880553,0.6815626545344314,30,0;1;2;3;4;5;6;7;8;9;10;11;12;13;14;15;16;17;18;19;20;21;22;23;24;25;26;27;28;29
A,1.82,g_okr,0.6708047520656527,0.6576129500722491,0.681638336301607,30,0;1;2;3;4;5;6;7;8;9;10;11;12;13;14;15;16;17;18;19;20;21;22;23;24;25;26;27;28;29
A,1.83,g_okr,0.67090896808181,0.6576389895242837,0.6816980423680356,30,0;1;2;3;4;5;6;7;8;9;10;11;12;13;14;15;16;17;18;19;20;21;22;23;24;25;26;27;28;29
A,1.84,g_okr,0.6710079447060056,0.6576709595086887,0.6817503409330878,30,0;1;2;3;4;5;6;7;8;9;10;11;12;13;14;15;16;17;18;19;20;21;22;23;24;25;26;27;28;29
A,1.85,g_okr,0.6711017472999057,0.6577079567363535,0.6817924003099263,30,0;1;2;3;4;5;6;7;8;9;10;11;12;13;14;15;16;17;18;19;20;21;22;23;24;25;26;27;28;29
A,1.86,g_okr,0.6711911708026814,0.6577476265641738,0.681827500603478,30,0;1;2;3;4;5;6;7;8;9;10;11;12;13;14;15;16;17;18;19;20;21;22;23;24;25;26;27;28;29
A,1.87,g_okr,0.6712754853577956,0.6577933880856336,0.6818565718484344,30,0;1;2;3;4;5;6;7;8;9;10;11;12;13;14;15;16;17;18;19;20;21;22;23;24;25;26;27;28;29
A,1.8800000000000001,g_okr,0.6713555031149677,0.6578446974142799,0.6818781187785511,30,0;1;2;3;4;5;6;7;8;9;10;11;12;13;14;15;16;17;18;19;20;21;22;23;24;25;26;27;28;29
A,1.8900000000000001,g_okr,0.6714306096742376,0.6579030476930153,0.6818905061619102,30,0;1;2;3;4;5;6;7;8;9;10;11;12;13;14;15;16;17;18;19;20;21;22;23;24;25;26;27;28;29
A,1.9000000000000001,g_okr,0.6715013839442453,0.657970104243132,0.6818966065129277,30,0;1;2;3;4;5;6;7;8;9;10;11;12;13;14;15;16;17;18;19;20;21;22;23;24;25;26;27;28;29
A,1.9100000000000001,g_okr,0.6715674988743028,0.6580430937448155,0.6818940132094089,30,0;1;2;3;4;5;6;7;8;9;10;11;12;13;14;15;16;17;18;19;20;21;22;23;24;25;26;27;28;29
A,1.92,g_okr,0.6716287537164879,0.6581190285189153,0.6818878343119429,30,0;1;2;3;4;5;6;7;8;9;10;11;12;13;14;15;16;17;18;19;20;21;22;23;24;25;26;27;28;29
A,1.93,g_okr,0.671685205575649,0.658197248356212,0.6819034090927028,30,0;1;2;3;4;5;6;7;8;9;10;11;12;13;14;15;16;17;18;19;20;21;22;23;24;25;26;27;28;29
A,1.94,g_okr,0.6717369128604886,0.6582808605402736,0.681914662658301,30,0;1;2;3;4;5;6;7;8;9;10;11;12;13;14;15;16;17;18;19;20;21;22;23;24;25;26;27;28;29
A,1.95,g_okr,0.6717849372770384,0.6583667793784027,0.6819160062938007,30,0;1;2;3;4;5;6;7;8;9;10;11;12;13;14;15;16;17;18;19;20;21;22;23;24;25;26;27;28;29
A,1.96,g_okr,0.6718292777805253,0.658456650530506,0.6819056755311903,30,0;1;2;3;4;5;6;7;8;9;10;11;12;13;14;15;16;17;18;19;20;21;22;23;24;25;26;27;28;29
A,1.97,g_okr,0.6718703850196712,0.6585520858820406,0.681889274136715,30,0;1;2;3;4;5;6;7;8;9;10;11;12;13;14;15;16;17;18;19;20;21;22;23;24;25;26;27;28;29
A,1.98,g_okr,0.6719093928436738,0.6586505850329181,0.68186580947241,30,0;1;2;3;4;5;6;7;8;9;10;11;12;13;14;15;16;17;18;19;20;21;22;23;24;25;26;27;28;29
A,1.99,g_okr,0.6719496924408321,0.6587459183406893,0.6818509495558264,30,0;1;2;3;4;5;6;7;8;9;10;11;12;13;14;15;16;17;18;19;20;21;22;23;24;25;26;27;28;29
A,2.0,g_okr,0.6719925983297024,0.6588363735698027,0.6818514231796093,30,0;1;2;3;4;5;6;7;8;9;10;11;12;13;14;15;16;17;18;19;20;21;22;23;24;25;26;27;28;29
A,2.0100000000000002,g_okr,0.67203888922835,0.6589256583181333,0.6818720956862623,30,0;1;2;3;4;5;6;7;8;9;10;11;12;13;14;15;16;17;18;19;20;21;22;23;24;25;26;27;28;29
A,2.02,g_okr,0.6720881548392976,0.6590111550362703,0.6818989523437409,30,0;1;2;3;4;5;6;7;8;9;10;11;12;13;14;15;16;17;18;19;20;21;22;23;24;25;26;27;28;29
A,2.0300000000000002,g_okr,0.6721401557910408,0.6590936046764002,0.6819323037402928,30,0;1;2;3;4;5;6;7;8;9;10;11;12;13;14;15;16;17;18;19;20;21;22;23;24;25;26;27;28;29
A,2.04,g_okr,0.6721952582897572,0.6591747626077786,0.6819708604809063,30,0;1;2;3;4;5;6;7;8;9;10;11;12;13;14;15;16;17;18;19;20;21;22;23;24;25;26;27;28;29
A,2.05,g_okr,0.6722534671997712,0.6592521649105163,0.682015674576625,30,0;1;2;3;4;5;6;7;8;9;10;11;12;13;14;15;16;17;18;19;20;21;22;23;24;25;26;27;28;29
A,2.06,g_okr,0.6723144622378846,0.6593285447583316,0.6820663594179281,30,0;1;2;3;4;5;6;7;8;9;10;11;12;13;14;15;16;17;18;19;20;21;22;23;24;25;26;27;28;29
A,2.07,g_okr,0.6723771764485247,0.659401491384619,0.6821194867250441,30,0;1;2;3;4;5;6;7;8;9;10;11;12;13;14;15;16;17;18;19;20;21;22;23;24;25;26;27;28;29
A,2.08,g_okr,0.6724431955686382,0.6594712643769644,0.6821778603687485,30,0;1;2;3;4;5;6;7;8;9;10;11;12;13;14;15;16;17;18;19;20;21;22;23;24;25;26;27;28;29
A,2.09,g_okr,0.6725131571902415,0.659538987329169,0.6822394385946094,30,0;1;2;3;4;5;6;7;8;9;10;11;12;13;14;15;16;17;18;19;20;21;22;23;24;25;26;27;28;29
A,2.1,g_okr,0.6725873325155193,0.6596070459709212,0.6823074793041172,30,0;1;2;3;4;5;6;7;8;9;10;11;12;13;14;15;16;17;18;19;20;21;22;23;24;25;26;27;28;29
A,2.11,g_okr,0.6726641420252104,0.6596777605710025,0.6823824189810487,30,0;1;2;3;4;5;6;7;8;9;10;11;12;13;14;15;16;17;18;19;20;21;22;23;24;25;26;27;28;29
A,2.12,g_okr,0.672743514234999,0.6597487935252286,0.6824608050322282,30,0;1;2;3;4;5;6;7;8;9;10;11;12;13;14;15;16;17;18;19;20;21;22;23;24;25;26;27;28;29
A,2.13,g_okr,0.6728260517155216,0.6598219873059865,0.6825431427792995,30,0;1;2;3;4;5;6;7;8;9;10;11;12;13;14;15;16;17;18;19;20;21;22;23;24;25;26;27;28;29
A,2.14,g_okr,0.6729114563402417,0.6598938981966279,0.6826274585568686,30,0;1;2;3;4;5;6;7;8;9;10;11;12;13;14;15;16;17;18;19;20;21;22;23;24;25;26;27;28;29
A,2.15,g_okr,0.672999704598281,0.6599643669893859,0.682716535547587,30,0;1;2;3;4;5;6;7;8;9;10;11;12;13;14;15;16;17;18;19;20;21;22;23;24;25;26;27;28;29
A,2.16,g_okr,0.6730904982676561,0.660034988254232,0.6828104904657876,30,0;1;2;3;4;5;6;7;8;9;10;11;12;13;14;15;16;17;18;19;20;21;22;23;24;25;26;27;28;29
A,2.17,g_okr,0.6731836719275535,0.6601054924930431,0.6829078719506917,30,0;1;2;3;4;5;6;7;8;9;10;11;12;13;14;15;16;17;18;19;20;21;22;23;24;25;26;27;28;29
A,2.18,g_okr,0.6732793111870746,0.6601764023776912,0.6830067852053008,30,0;1;2;3;4;5;6;7;8;9;10;11;12;13;14;15;16;17;18;19;20;21;22;23;24;25;26;27;28;29
A,2.19,g_okr,0.6733773793350228,0.6602510298173009,0.6831127687853166,30,0;1;2;3;4;5;6;7;8;9;10;11;12;13;14;15;16;17;18;19;20;21;22;23;24;25;26;27;28;29
A,2.2,g_okr,0.6734773537801596,0.6603256481735388,0.6832191503751212,30,0;1;2;3;4;5;6;7;8;9;10;11;12;13;14;15;16;17;18;19;20;21;22;23;24;25;26;27;28;29
A,2.21,g_okr,0.6735804760569869,0.6604025361099263,0.6833432362371963,30,0;1;2;3;4;5;6;7;8;9;10;11;12;13;14;15;16;17;18;19;20;21;22;23;24;25;26;27;28;29
A,2.22,g_okr,0.6736862206545778,0.6604821481010087,0.6834743180939673,30,0;1;2;3;4;5;6;7;8;9;10;11;12;13;14;15;16;17;18;19;20;21;22;23;24;25;26;27;28;29
A,2.23,g_okr,0.6737947649320843,0.6605600152907406,0.6836086989162297,30,0;1;2;3;4;5;6;7;8;9;10;11;12;13;14;15;16;17;18;19;20;21;22;23;24;25;26;27;28;29
A,2.24,g_okr,0.6739059738142623,0.6606400877987818,0.6837475270965916,30,0;1;2;3;4;5;6;7;8;9;10;11;12;13;14;15;16;17;18;19;20;21;22;23;24;25;26;27;28;29
A,2.25,g_okr,0.674019644330587,0.6607242336662758,0.683887955476448,30,0;1;2;3;4;5;6;7;8;9;10;11;12;13;14;15;16;17;18;19;20;21;22;23;24;25;26;27;28;29
A,2.2600000000000002,g_okr,0.6741366370472297,0.6608085618614249,0.6840331582372796,30,0;1;2;3;4;5;6;7;8;9;10;11;12;13;14;15;16;17;18;19;20;21;22;23;24;25;26;27;28;29
A,2.27,g_okr,0.6742565085905,0.6608928513076608,0.6841780371683719,30,0;1;2;3;4;5;6;7;8;9;10;11;12;13;14;15;16;17;18;19;20;21;22;23;24;25;26;27;28;29
A,2.2800000000000002,g_okr,0.6743793295566808,0.6609774274214614,0.6843261355148739,30,0;1;2;3;4;5;6;7;8;9;10;11;12;13;14;15;16;17;18;19;20;21;22;23;24;25;26;27;28;29
A,2.29,g_okr,0.6745050615731107,0.6610619234298345,0.6844773896629475,30,0;1;2;3;4;5;6;7;8;9;10;11;12;13;14;15;16;17;18;19;20;21;22;23;24;25;26;27;28;29
A,2.3000000000000003,g_okr,0.6746332108821581,0.6611469813673166,0.6846318894894475,30,0;1;2;3;4;5;6;7;8;9;10;11;12;13;14;15;16;17;18;19;20;21;22;23;24;25;26;27;28;29
A,2.31,g_okr,0.6747631399355456,0.6612359324152723,0.6847879656295918,30,0;1;2;3;4;5;6;7;8;9;10;11;12;13;14;15;16;17;18;19;20;21;22;23;24;25;26;27;28;29
A,2.32,g_okr,0.6748948715503355,0.6613240497598366,0.6849484918411237,30,0;1;2;3;4;5;6;7;8;9;10;11;12;13;14;15;16;17;18;19;20;21;22;23;24;25;26;27;28;29
A,2.33,g_okr,0.675028553758525,0.6614157866846844,0.6851104263917291,30,0;1;2;3;4;5;6;7;8;9;10;11;12;13;14;15;16;17;18;19;20;21;22;23;24;25;26;27;28;29
A,2.34,g_okr,0.6751638462530977,0.6615065864039278,0.6852716893436523,30,0;1;2;3;4;5;6;7;8;9;10;11;12;13;14;15;16;17;18;19;20;21;22;23;24;25;26;27;28;29
A,2.35,g_okr,0.6753004005976021,0.6615958518331981,0.6854298699554915,30,0;1;2;3;4;5;6;7;8;9;10;11;12;13;14;15;16;17;18;19;20;21;22;23;24;25;26;27;28;29
A,2.36,g_okr,0.6754379760112241,0.6616844668579255,0.6855890596543741,30,0;1;2;3;4;5;6;7;8;9;10;11;12;13;14;15;16;17;18;19;20;21;22;23;24;25;26;27;28;29
A,2.37,g_okr,0.6755772624272802,0.6617760963881928,0.685748017242441,30,0;1;2;3;4;5;6;7;8;9;10;11;12;13;14;15;16;17;18;19;20;21;22;23;24;25;26;27;28;29
A,2.38,g_okr,0.675717526763083,0.6618698373033428,0.6859175801807919,30,0;1;2;3;4;5;6;7;8;9;10;11;12;13;14;15;16;17;18;19;20;21;22;23;24;25;26;27;28;29
A,2.39,g_okr,0.6758596824887889,0.661963889936251,0.6860964790933719,30,0;1;2;3;4;5;6;7;8;9;10;11;12;13;14;15;16;17;18;19;20;21;22;23;24;25;26;27;28;29
A,2.4,g_okr,0.676002261494125,0.6620574965558691,0.6862826379151228,30,0;1;2;3;4;5;6;7;8;9;10;11;12;13;14;15;16;17;18;19;20;21;22;23;24;25;26;27;28;29
A,2.41,g_okr,0.6761456693486375,0.6621502260193486,0.6864730237825151,30,0;1;2;3;4;5;6;7;8;9;10;11;12;13;14;15;16;17;18;19;20;21;22;23;24;25;26;27;28;29
A,2.42,g_okr,0.6762905838041197,0.6622441861662329,0.6866728408620267,30,0;1;2;3;4;5;6;7;8;9;10;11;12;13;14;15;16;17;18;19;20;21;22;23;24;25;26;27;28;29
A,2.43,g_okr,0.6764363890040901,0.6623394897707565,0.6868798558382921,30,0;1;2;3;4;5;6;7;8;9;10;11;12;13;14;15;16;17;18;19;20;21;22;23;24;25;26;27;28;29
A,2.44,g_okr,0.6765831705822511,0.6624338087847075,0.6870922273373589,30,0;1;2;3;4;5;6;7;8;9;10;11;12;13;14;15;16;17;18;19;20;21;22;23;24;25;26;27;28;29
A,2.45,g_okr,0.6767302220060061,0.6625244729872806,0.6873126041002824,30,0;1;2;3;4;5;6;7;8;9;10;11;12;13;14;15;16;17;18;19;20;21;22;23;24;25;26;27;28;29
A,2.46,g_okr,0.6768775185333112,0.6626139915111358,0.6875344934218998,30,0;1;2;3;4;5;6;7;8;9;10;11;12;13;14;15;16;17;18;19;20;21;22;23;24;25;26;27;28;29
A,2.47,g_okr,0.6770251148386657,0.6627008733094618,0.6877588555920767,30,0;1;2;3;4;5;6;7;8;9;10;11;12;13;14;15;16;17;18;19;20;21;22;23;24;25;26;27;28;29
A,2.48,g_okr,0.677172658334132,0.6627834868659904,0.6879847765173512,30,0;1;2;3;4;5;6;7;8;9;10;11;12;13;14;15;16;17;18;19;20;21;22;23;24;25;26;27;28;29
A,2.49,g_okr,0.6773198341167282,0.6628650940151872,0.6882133920248928,30,0;1;2;3;4;5;6;7;8;9;10;11;12;13;14;15;16;17;18;19;20;21;22;23;24;25;26;27;28;29
A,2.5,g_okr,0.6774668511510441,0.662943353545219,0.6884426522247757,30,0;1;2;3;4;5;6;7;8;9;10;11;12;13;14;15;16;17;18;19;20;21;22;23;24;25;26;27;28;29
A,2.5100000000000002,g_okr,0.6776125507444856,0.6630171533870624,0.6886730719650772,30,0;1;2;3;4;5;6;7;8;9;10;11;12;13;14;15;16;17;18;19;20;21;22;23;24;25;26;27;28;29
A,2.52,g_okr,0.6777569643701625,0.66308985394684,0.6889027306377866,30,0;1;2;3;4;5;6;7;8;9;10;11;12;13;14;15;16;17;18;19;20;21;22;23;24;25;26;27;28;29
A,2.5300000000000002,g_okr,0.6779000200354399,0.6631564762421258,0.6891374964575211,30,0;1;2;3;4;5;6;7;8;9;10;11;12;13;14;15;16;17;18;19;20;21;22;23;24;25;26;27;28;29
A,2.54,g_okr,0.6780415937859802,0.6632189556315822,0.6893703335543135,30,0;1;2;3;4;5;6;7;8;9;10;11;12;13;14;15;16;17;18;19;20;21;22;23;24;25;26;27;28;29
A,2.5500000000000003,g_okr,0.6781816657568359,0.663276260697195,0.6895602756595293,30,0;1;2;3;4;5;6;7;8;9;10;11;12;13;14;15;16;17;18;19;20;21;22;23;24;25;26;27;28;29
A,2.56,g_okr,0.678319447443829,0.6633301560049798,0.6897332098501531,30,0;1;2;3;4;5;6;7;8;9;10;11;12;13;14;15;16;17;18;19;20;21;22;23;24;25;26;27;28;29
A,2.57,g_okr,0.6784551298676941,0.6633827152216187,0.6899042912143881,30,0;1;2;3;4;5;6;7;8;9;10;11;12;13;14;15;16;17;18;19;20;21;22;23;24;25;26;27;28;29
A,2.58,g_okr,0.6785896428133867,0.6634357622732877,0.6900739778557435,30,0;1;2;3;4;5;6;7;8;9;10;11;12;13;14;15;16;17;18;19;20;21;22;23;24;25;26;27;28;29
A,2.59,g_okr,0.6787218509919344,0.6634911803214281,0.6902412269041053,30,0;1;2;3;4;5;6;7;8;9;10;11;12;13;14;15;16;17;18;19;20;21;22;23;24;25;26;27;28;29
A,2.6,g_okr,0.6788518555728922,0.6635487489000849,0.6904047455950585,30,0;1;2;3;4;5;6;7;8;9;10;11;12;13;14;15;16;17;18;19;20;21;22;23;24;25;26;27;28;29
A,2.61,g_okr,0.6789798259175686,0.6636062683451359,0.690563274600041,30,0;1;2;3;4;5;6;7;8;9;10;11;12;13;14;15;16;17;18;19;20;21;22;23;24;25;26;27;28;29
A,2.62,g_okr,0.6791043607205022,0.6636653905808183,0.6907182799448823,30,0;1;2;3;4;5;6;7;8;9;10;11;12;13;14;15;16;17;18;19;20;21;22;23;24;25;26;27;28;29
A,2.63,g_okr,0.6792251224836868,0.6637191878636838,0.6908721925661901,30,0;1;2;3;4;5;6;7;8;9;10;11;12;13;14;15;16;17;18;19;20;21;22;23;24;25;26;27;28;29
A,2.64,g_okr,0.6793421866666911,0.6637704560319884,0.6910210663235958,30,0;1;2;3;4;5;6;7;8;9;10;11;12;13;14;15;16;17;18;19;20;21;22;23;24;25;26;27;28;29
A,2.65,g_okr,0.6794574661471512,0.6638229188846606,0.6911714881824416,30,0;1;2;3;4;5;6;7;8;9;10;11;12;13;14;15;16;17;18;19;20;21;22;23;24;25;26;27;28;29
A,2.66,g_okr,0.6795705952510542,0.6638732656384966,0.6913202349726402,30,0;1;2;3;4;5;6;7;8;9;10;11;12;13;14;15;16;17;18;19;20;21;22;23;24;25;26;27;28;29
A,2.67,g_okr,0.679680894143681,0.6639218218332605,0.6914658089608666,30,0;1;2;3;4;5;6;7;8;9;10;11;12;13;14;15;16;17;18;19;20;21;22;23;24;25;26;27;28;29
A,2.68,g_okr,0.6797881773570558,0.6639689749584077,0.6916055929740719,30,0;1;2;3;4;5;6;7;8;9;10;11;12;13;14;15;16;17;18;19;20;21;22;23;24;25;26;27;28;29
A,2.69,g_okr,0.6798928473201333,0.6640160700473527,0.691739320058992,30,0;1;2;3;4;5;6;7;8;9;10;11;12;13;14;15;16;17;18;19;20;21;22;23;24;25;26;27;28;29
A,2.7,g_okr,0.6799943285951391,0.6640590706168039,0.6918725732926544,30,0;1;2;3;4;5;6;7;8;9;10;11;12;13;14;15;16;17;18;19;20;21;22;23;24;25;26;27;28;29
A,2.71,g_okr,0.6800924142605067,0.6640993984447412,0.6920496052709265,30,0;1;2;3;4;5;6;7;8;9;10;11;12;13;14;15;16;17;18;19;20;21;22;23;24;25;26;27;28;29
A,2.72,g_okr,0.6801869213488289,0.6641394707208914,0.69227800292797,30,0;1;2;3;4;5;6;7;8;9;10;11;12;13;14;15;16;17;18;19;20;21;22;23;24;25;26;27;28;29
A,2.73,g_okr,0.6802779159059329,0.664178298461478,0.6925052867231065,30,0;1;2;3;4;5;6;7;8;9;10;11;12;13;14;15;16;17;18;19;20;21;22;23;24;25;26;27;28;29
A,2.74,g_okr,0.6803657259188568,0.6642153856804515,0.6927298289276085,30,0;1;2;3;4;5;6;7;8;9;10;11;12;13;14;15;16;17;18;19;20;21;22;23;24;25;26;27;28;29
A,2.75,g_okr,0.6804504174442497,0.6642526048010169,0.6929502501751095,30,0;1;2;3;4;5;6;7;8;9;10;11;12;13;14;15;16;17;18;19;20;21;22;23;24;25;26;27;28;29
A,2.7600000000000002,g_okr,0.6805320429255491,0.6642858530372904,0.6931694935487909,30,0;1;2;3;4;5;6;7;8;9;10;11;12;13;14;15;16;17;18;19;20;21;22;23;24;25;26;27;28;29
A,2.77,g_okr,0.680610682521688,0.6643176556691999,0.6933859247729582,30,0;1;2;3;4;5;6;7;8;9;10;11;12;13;14;15;16;17;18;19;20;21;22;23;24;25;26;27;28;29
A,2.7800000000000002,g_okr,0.6806862845360601,0.6643499014440345,0.6936010610592072,30,0;1;2;3;4;5;6;7;8;9;10;11;12;13;14;15;16;17;18;19;20;21;22;23;24;25;26;27;28;29
A,2.79,g_okr,0.6807582015732249,0.6643780673112046,0.6938117628723569,30,0;1;2;3;4;5;6;7;8;9;10;11;12;13;14;15;16;17;18;19;20;21;22;23;24;25;26;27;28;29
A,2.8000000000000003,g_okr,0.6808273585792856,0.6644065038816215,0.6940185476850887,30,0;1;2;3;4;5;6;7;8;9;10;11;12;13;14;15;16;17;18;19;20;21;22;23;24;25;26;27;28;29
A,2.81,g_okr,0.6808941263875511,0.6644337547174727,0.694219117920477,30,0;1;2;3;4;5;6;7;8;9;10;11;12;13;14;15;16;17;18;19;20;21;22;23;24;25;26;27;28;29
A,2.82,g_okr,0.6809580706046078,0.6644604788991237,0.6944181605951404,30,0;1;2;3;4;5;6;7;8;9;10;11;12;13;14;15;16;17;18;19;20;21;22;23;24;25;26;27;28;29
A,2.83,g_okr,0.6810180111580902,0.6644852075112134,0.6946128893702559,30,0;1;2;3;4;5;6;7;8;9;10;11;12;13;14;15;16;17;18;19;20;21;22;23;24;25;26;27;28;29
A,2.84,g_okr,0.6810749922090283,0.6645058961138933,0.6948024645849831,30,0;1;2;3;4;5;6;7;8;9;10;11;12;13;14;15;16;17;18;19;20;21;22;23;24;25;26;27;28;29
A,2.85,g_okr,0.6811295892216153,0.6645320293751674,0.694983979393525,30,0;1;2;3;4;5;6;7;8;9;10;11;12;13;14;15;16;17;18;19;20;21;22;23;24;25;26;27;28;29
A,2.86,g_okr,0.6811820150488442,0.6645630107040904,0.6951599005155825,30,0;1;2;3;4;5;6;7;8;9;10;11;12;13;14;15;16;17;18;19;20;21;22;23;24;25;26;27;28;29
A,2.87,g_okr,0.6812325145976756,0.6645992346244203,0.6953263483628489,30,0;1;2;3;4;5;6;7;8;9;10;11;12;13;14;15;16;17;18;19;20;21;22;23;24;25;26;27;28;29
A,2.88,g_okr,0.6812811331511575,0.6646383297286317,0.6954877721935863,30,0;1;2;3;4;5;6;7;8;9;10;11;12;13;14;15;16;17;18;19;20;21;22;23;24;25;26;27;28;29
A,2.89,g_okr,0.6813288192493147,0.6646804777862027,0.6956405798104667,30,0;1;2;3;4;5;6;7;8;9;10;11;12;13;14;15;16;17;18;19;20;21;22;23;24;25;26;27;28;29
A,2.9,g_okr,0.6813761723075508,0.6647297276288103,0.6957860840818809,30,0;1;2;3;4;5;6;7;8;9;10;11;12;13;14;15;16;17;18;19;20;21;22;23;24;25;26;27;28;29
A,2.91,g_okr,0.6814240113666499,0.6647850453954204,0.6959252295718246,30,0;1;2;3;4;5;6;7;8;9;10;11;12;13;14;15;16;17;18;19;20;21;22;23;24;25;26;27;28;29
A,2.92,g_okr,0.6814715680926607,0.664842966474753,0.6960556022701841,30,0;1;2;3;4;5;6;7;8;9;10;11;12;13;14;15;16;17;18;19;20;21;22;23;24;25;26;27;28;29
A,2.93,g_okr,0.6815198676011721,0.6649052807990926,0.696180006248015,30,0;1;2;3;4;5;6;7;8;9;10;11;12;13;14;15;16;17;18;19;20;21;22;23;24;25;26;27;28;29
A,2.94,g_okr,0.6815699184860438,0.6649710206039442,0.6962957580849364,30,0;1;2;3;4;5;6;7;8;9;10;11;12;13;14;15;16;17;18;19;20;21;22;23;24;25;26;27;28;29
A,2.95,g_okr,0.6816230781983633,0.6650401586805992,0.6964082706713598,30,0;1;2;3;4;5;6;7;8;9;10;11;12;13;14;15;16;17;18;19;20;21;22;23;24;25;26;27;28;29
A,2.96,g_okr,0.6816800148490935,0.6651158643466522,0.6965122343340432,30,0;1;2;3;4;5;6;7;8;9;10;11;12;13;14;15;16;17;18;19;20;21;22;23;24;25;26;27;28;29
A,2.97,g_okr,0.6817413891768713,0.6651949091119748,0.6966143491934833,30,0;1;2;3;4;5;6;7;8;9;10;11;12;13;14;15;16;17;18;19;20;21;22;23;24;25;26;27;28;29
A,2.98,g_okr,0.6818066948748284,0.6652792790985057,0.6967083206720147,30,0;1;2;3;4;5;6;7;8;9;10;11;12;13;14;15;16;17;18;19;20;21;22;23;24;25;26;27;28;29
A,2.99,g_okr,0.6818769305345715,0.6653724218927849,0.6967965471981091,30,0;1;2;3;4;5;6;7;8;9;10;11;12;13;14;15;16;17;18;19;20;21;22;23;24;25;26;27;28;29
A,3.0,g_okr,0.6819514209513059,0.6654717788306526,0.6968766817432073,30,0;1;2;3;4;5;6;7;8;9;10;11;12;13;14;15;16;17;18;19;20;21;22;23;24;25;26;27;28;29
A,3.0100000000000002,g_okr,0.6820297774370198,0.6655755521377127,0.6969498179797811,30,0;1;2;3;4;5;6;7;8;9;10;11;12;13;14;15;16;17;18;19;20;21;22;23;24;25;26;27;28;29
A,3.02,g_okr,0.6821122543836745,0.6656848925777836,0.6970197179307313,30,0;1;2;3;4;5;6;7;8;9;10;11;12;13;14;15;16;17;18;19;20;21;22;23;24;25;26;27;28;29
A,3.0300000000000002,g_okr,0.6821994165108016,0.6657982620998153,0.6970828812541282,30,0;1;2;3;4;5;6;7;8;9;10;11;12;13;14;15;16;17;18;19;20;21;22;23;24;25;26;27;28;29
A,3.04,g_okr,0.6822906211917953,0.6659187522352525,0.6971359823193838,30,0;1;2;3;4;5;6;7;8;9;10;11;12;13;14;15;16;17;18;19;20;21;22;23;24;25;26;27;28;29
A,3.0500000000000003,g_okr,0.6823859344053123,0.6660443916296597,0.6971800469122823,30,0;1;2;3;4;5;6;7;8;9;10;11;12;13;14;15;16;17;18;19;20;21;22;23;24;25;26;27;28;29
A,3.06,g_okr,0.6824848012856122,0.6661755505203016,0.6972186501949708,30,0;1;2;3;4;5;6;7;8;9;10;11;12;13;14;15;16;17;18;19;20;21;22;23;24;25;26;27;28;29
A,3.0700000000000003,g_okr,0.6825871255289145,0.6663133523502126,0.6972510506221592,30,0;1;2;3;4;5;6;7;8;9;10;11;12;13;14;15;16;17;18;19;20;21;22;23;24;25;26;27;28;29
A,3.08,g_okr,0.6826920691795438,0.6664568568826174,0.6972778878649531,30,0;1;2;3;4;5;6;7;8;9;10;11;12;13;14;15;16;17;18;19;20;21;22;23;24;25;26;27;28;29
A,3.09,g_okr,0.6828000963780606,0.6666079602693318,0.6972960812743361,30,0;1;2;3;4;5;6;7;8;9;10;11;12;13;14;15;16;17;18;19;20;21;22;23;24;25;26;27;28;29
A,3.1,g_okr,0.682911666771528,0.6667637230954493,0.6973106210058049,30,0;1;2;3;4;5;6;7;8;9;10;11;12;13;14;15;16;17;18;19;20;21;22;23;24;25;26;27;28;29
A,3.11,g_okr,0.6830273439850318,0.666926795160823,0.6973216143332701,30,0;1;2;3;4;5;6;7;8;9;10;11;12;13;14;15;16;17;18;19;20;21;22;23;24;25;26;27;28;29
A,3.12,g_okr,0.6831473511334056,0.6670989185594798,0.6973219048155705,30,0;1;2;3;4;5;6;7;8;9;10;11;12;13;14;15;16;17;18;19;20;21;22;23;24;25;26;27;28;29
A,3.13,g_okr,0.6832713289592811,0.6672787211396802,0.6973148464069872,30,0;1;2;3;4;5;6;7;8;9;10;11;12;13;14;15;16;17;18;19;20;21;22;23;24;25;26;27;28;29
A,3.14,g_okr,0.6833995365027595,0.6674648337268414,0.6973024864137289,30,0;1;2;3;4;5;6;7;8;9;10;11;12;13;14;15;16;17;18;19;20;21;22;23;24;25;26;27;28;29
A,3.15,g_okr,0.6835327624770369,0.6676551016827897,0.6972868091418153,30,0;1;2;3;4;5;6;7;8;9;10;11;12;13;14;15;16;17;18;19;20;21;22;23;24;25;26;27;28;29
A,3.16,g_okr,0.6836712970294527,0.6678540271753606,0.6972689312686288,30,0;1;2;3;4;5;6;7;8;9;10;11;12;13;14;15;16;17;18;19;20;21;22;23;24;25;26;27;28;29
A,3.17,g_okr,0.6838154173162925,0.6680621083143349,0.6973244377710253,30,0;1;2;3;4;5;6;7;8;9;10;11;12;13;14;15;16;17;18;19;20;21;22;23;24;25;26;27;28;29
A,3.18,g_okr,0.6839655236790442,0.668277482408381,0.6973947326930996,30,0;1;2;3;4;5;6;7;8;9;10;11;12;13;14;15;16;17;18;19;20;21;22;23;24;25;26;27;28;29
A,3.19,g_okr,0.6841208597071675,0.6684992570266355,0.6974771630061132,30,0;1;2;3;4;5;6;7;8;9;10;11;12;13;14;15;16;17;18;19;20;21;22;23;24;25;26;27;28;29
A,3.2,g_okr,0.6842822626666819,0.668726554405948,0.6975754076031156,30,0;1;2;3;4;5;6;7;8;9;10;11;12;13;14;15;16;17;18;19;20;21;22;23;24;25;26;27;28;29
A,3.21,g_okr,0.6844503093548434,0.6689605429575658,0.6976896457332287,30,0;1;2;3;4;5;6;7;8;9;10;11;12;13;14;15;16;17;18;19;20;21;22;23;24;25;26;27;28;29
A,3.22,g_okr,0.6846253581107627,0.669200474920532,0.6978182228868114,30,0;1;2;3;4;5;6;7;8;9;10;11;12;13;14;15;16;17;18;19;20;21;22;23;24;25;26;27;28;29
A,3.23,g_okr,0.6848067056442868,0.6694463155218076,0.697958233683816,30,0;1;2;3;4;5;6;7;8;9;10;11;12;13;14;15;16;17;18;19;20;21;22;23;24;25;26;27;28;29
A,3.24,g_okr,0.6849946791735106,0.6696977485180756,0.6981104508819612,30,0;1;2;3;4;5;6;7;8;9;10;11;12;13;14;15;16;17;18;19;20;21;22;23;24;25;26;27;28;29
A,3.25,g_okr,0.6851886509690662,0.6699548289490551,0.6982709748138191,30,0;1;2;3;4;5;6;7;8;9;10;11;12;13;14;15;16;17;18;19;20;21;22;23;24;25;26;27;28;29
A,3.2600000000000002,g_okr,0.6853883071670672,0.6702154293155487,0.6984426512961794,30,0;1;2;3;4;5;6;7;8;9;10;11;12;13;14;15;16;17;18;19;20;21;22;23;24;25;26;27;28;29
A,3.27,g_okr,0.6855937059667875,0.6704806759566044,0.6986241826949249,30,0;1;2;3;4;5;6;7;8;9;10;11;12;13;14;15;16;17;18;19;20;21;22;23;24;25;26;27;28;29
A,3.2800000000000002,g_okr,0.6858038526919298,0.6707479172316102,0.6988150331788,30,0;1;2;3;4;5;6;7;8;9;10;11;12;13;14;15;16;17;18;19;20;21;22;23;24;25;26;27;28;29
A,3.29,g_okr,0.6860185635356159,0.6710159296483603,0.6990166257692875,30,0;1;2;3;4;5;6;7;8;9;10;11;12;13;14;15;16;17;18;19;20;21;22;23;24;25;26;27;28;29
A,3.3000000000000003,g_okr,0.6862378659380824,0.6712869418646017,0.6992245636501877,30,0;1;2;3;4;5;6;7;8;9;10;11;12;13;14;15;16;17;18;19;20;21;22;23;24;25;26;27;28;29
A,3.31,g_okr,0.6864617713844722,0.6715608660321918,0.699441576463105,30,0;1;2;3;4;5;6;7;8;9;10;11;12;13;14;15;16;17;18;19;20;21;22;23;24;25;26;27;28;29
A,3.3200000000000003,g_okr,0.6866899374466346,0.6718354223598266,0.699664891808721,30,0;1;2;3;4;5;6;7;8;9;10;11;12;13;14;15;16;17;18;19;20;21;22;23;24;25;26;27;28;29
A,3.33,g_okr,0.6869219996321803,0.6721108595823142,0.699894695405284,30,0;1;2;3;4;5;6;7;8;9;10;11;12;13;14;15;16;17;18;19;20;21;22;23;24;25;26;27;28;29
A,3.34,g_okr,0.6871581964179476,0.6723891323174712,0.7001308190481329,30,0;1;2;3;4;5;6;7;8;9;10;11;12;13;14;15;16;17;18;19;20;21;22;23;24;25;26;27;28;29
A,3.35,g_okr,0.6873993345251125,0.6726732273319985,0.7003750221406047,30,0;1;2;3;4;5;6;7;8;9;10;11;12;13;14;15;16;17;18;19;20;21;22;23;24;25;26;27;28;29
A,3.36,g_okr,0.6876445531319999,0.6728199067381067,0.7006292118491491,30,0;1;2;3;4;5;6;7;8;9;10;11;12;13;14;15;16;17;18;19;20;21;22;23;24;25;26;27;28;29
A,3.37,g_okr,0.6878944055516594,0.6729632443737195,0.7008919927280617,30,0;1;2;3;4;5;6;7;8;9;10;11;12;13;14;15;16;17;18;19;20;21;22;23;24;25;26;27;28;29
A,3.38,g_okr,0.6881482341451001,0.6731065990749966,0.7011606124462468,30,0;1;2;3;4;5;6;7;8;9;10;11;12;13;14;15;16;17;18;19;20;21;22;23;24;25;26;27;28;29
A,3.39,g_okr,0.688406813770422,0.6732540337308833,0.7014357373917736,30,0;1;2;3;4;5;6;7;8;9;10;11;12;13;14;15;16;17;18;19;20;21;22;23;24;25;26;27;28;29
A,3.4,g_okr,0.6886709817977487,0.6734080995401679,0.701716978859849,30,0;1;2;3;4;5;6;7;8;9;10;11;12;13;14;15;16;17;18;19;20;21;22;23;24;25;26;27;28;29
A,3.41,g_okr,0.6889402426353115,0.6735678928243262,0.7020045102532011,30,0;1;2;3;4;5;6;7;8;9;10;11;12;13;14;15;16;17;18;19;20;21;22;23;24;25;26;27;28;29
A,3.42,g_okr,0.6892143246303762,0.673739727192095,0.7023002263477014,30,0;1;2;3;4;5;6;7;8;9;10;11;12;13;14;15;16;17;18;19;20;21;22;23;24;25;26;27;28;29
A,3.43,g_okr,0.6894932712447442,0.6739251909116758,0.7026020924138286,30,0;1;2;3;4;5;6;7;8;9;10;11;12;13;14;15;16;17;18;19;20;21;22;23;24;25;26;27;28;29
A,3.44,g_okr,0.6897763048705237,0.6741222365793469,0.7029067604581622,30,0;1;2;3;4;5;6;7;8;9;10;11;12;13;14;15;16;17;18;19;20;21;22;23;24;25;26;27;28;29
A,3.45,g_okr,0.6900628805434688,0.6743288977981429,0.7032174094132575,30,0;1;2;3;4;5;6;7;8;9;10;11;12;13;14;15;16;17;18;19;20;21;22;23;24;25;26;27;28;29
A,3.46,g_okr,0.6903532315897092,0.6745452693311408,0.7035335596489468,30,0;1;2;3;4;5;6;7;8;9;10;11;12;13;14;15;16;17;18;19;20;21;22;23;24;25;26;27;28;29
A,3.47,g_okr,0.6906476633076057,0.6747707677632113,0.7038536990393682,30,0;1;2;3;4;5;6;7;8;9;10;11;12;13;14;15;16;17;18;19;20;21;22;23;24;25;26;27;28;29
A,3.48,g_okr,0.6909459103744771,0.6750114842039986,0.7041772945256652,30,0;1;2;3;4;5;6;7;8;9;10;11;12;13;14;15;16;17;18;19;20;21;22;23;24;25;26;27;28;29
A,3.49,g_okr,0.6912465303304471,0.6752613225946456,0.7045031828676394,30,0;1;2;3;4;5;6;7;8;9;10;11;12;13;14;15;16;17;18;19;20;21;22;23;24;25;26;27;28;29
A,3.5,g_okr,0.6915509947511128,0.6755217668141195,0.7048343237571268,30,0;1;2;3;4;5;6;7;8;9;10;11;12;13;14;15;16;17;18;19;20;21;22;23;24;25;26;27;28;29
A,3.5100000000000002,g_okr,0.691859005620023,0.6757880053399823,0.7051702810344008,30,0;1;2;3;4;5;6;7;8;9;10;11;12;13;14;15;16;17;18;19;20;21;22;23;24;25;26;27;28;29
A,3.52,g_okr,0.6921707001564438,0.6760631532089657,0.7055085234695591,30,0;1;2;3;4;5;6;7;8;9;10;11;12;13;14;15;16;17;18;19;20;21;22;23;24;25;26;27;28;29
A,3.5300000000000002,g_okr,0.6924848181872371,0.6763446659470398,0.7058522836080442,30,0;1;2;3;4;5;6;7;8;9;10;11;12;13;14;15;16;17;18;19;20;21;22;23;24;25;26;27;28;29
A,3.54,g_okr,0.6928020358652444,0.6766326090932892,0.706203450723849,30,0;1;2;3;4;5;6;7;8;9;10;11;12;13;14;15;16;17;18;19;20;21;22;23;24;25;26;27;28;29
A,3.5500000000000003,g_okr,0.6931216597526048,0.676928922704999,0.7065551236327001,30,0;1;2;3;4;5;6;7;8;9;10;11;12;13;14;15;16;17;18;19;20;21;22;23;24;25;26;27;28;29
A,3.56,g_okr,0.6934433283714019,0.6772323734375554,0.7069110780756321,30,0;1;2;3;4;5;6;7;8;9;10;11;12;13;14;15;16;17;18;19;20;21;22;23;24;25;26;27;28;29
A,3.5700000000000003,g_okr,0.6937670189752525,0.6775421608292878,0.7072692844492852,30,0;1;2;3;4;5;6;7;8;9;10;11;12;13;14;15;16;17;18;19;20;21;22;23;24;25;26;27;28;29
A,3.58,g_okr,0.6940927589530599,0.6778587290740227,0.7076318608091314,30,0;1;2;3;4;5;6;7;8;9;10;11;12;13;14;15;16;17;18;19;20;21;22;23;24;25;26;27;28;29
A,3.59,g_okr,0.6944198909288208,0.6781798793413661,0.7079995000663679,30,0;1;2;3;4;5;6;7;8;9;10;11;12;13;14;15;16;17;18;19;20;21;22;23;24;25;26;27;28;29
A,3.6,g_okr,0.6947486234293742,0.6785074686732677,0.7083696632270603,30,0;1;2;3;4;5;6;7;8;9;10;11;12;13;14;15;16;17;18;19;20;21;22;23;24;25;26;27;28;29
A,3.61,g_okr,0.6950782422704253,0.6788377861970518,0.7087427566120725,30,0;1;2;3;4;5;6;7;8;9;10;11;12;13;14;15;16;17;18;19;20;21;22;23;24;25;26;27;28;29
A,3.62,g_okr,0.6954100587431947,0.6791731111724801,0.7091195842142552,30,0;1;2;3;4;5;6;7;8;9;10;11;12;13;14;15;16;17;18;19;20;21;22;23;24;25;26;27;28;29
A,3.63,g_okr,0.6957436340988807,0.6795135166895249,0.7095006320111833,30,0;1;2;3;4;5;6;7;8;9;10;11;12;13;14;15;16;17;18;19;20;21;22;23;24;25;26;27;28;29
A,3.64,g_okr,0.6960789830350979,0.6798582324152367,0.7098855728300569,30,0;1;2;3;4;5;6;7;8;9;10;11;12;13;14;15;16;17;18;19;20;21;22;23;24;25;26;27;28;29
A,3.65,g_okr,0.6964142541005444,0.6802080231207965,0.7102717908916432,30,0;1;2;3;4;5;6;7;8;9;10;11;12;13;14;15;16;17;18;19;20;21;22;23;24;25;26;27;28;29
A,3.66,g_okr,0.6967508486319827,0.6805593906013138,0.7106623062083998,30,0;1;2;3;4;5;6;7;8;9;10;11;12;13;14;15;16;17;18;19;20;21;22;23;24;25;26;27;28;29
A,3.67,g_okr,0.6970892080500269,0.6809154551384006,0.7110545354013997,30,0;1;2;3;4;5;6;7;8;9;10;11;12;13;14;15;16;17;18;19;20;21;22;23;24;25;26;27;28;29
A,3.68,g_okr,0.6974293975474298,0.681275595000392,0.7114461668637011,30,0;1;2;3;4;5;6;7;8;9;10;11;12;13;14;15;16;17;18;19;20;21;22;23;24;25;26;27;28;29
A,3.69,g_okr,0.6977701765429216,0.6816381097686377,0.7118415022992639,30,0;1;2;3;4;5;6;7;8;9;10;11;12;13;14;15;16;17;18;19;20;21;22;23;24;25;26;27;28;29
A,3.7,g_okr,0.6981113292436415,0.6820043720873651,0.7122373483876022,30,0;1;2;3;4;5;6;7;8;9;10;11;12;13;14;15;16;17;18;19;20;21;22;23;24;25;26;27;28;29
A,3.71,g_okr,0.6984530458776546,0.6823722452581436,0.7126317099216621,30,0;1;2;3;4;5;6;7;8;9;10;11;12;13;14;15;16;17;18;19;20;21;22;23;24;25;26;27;28;29
A,3.72,g_okr,0.6987954209489514,0.6827421731874183,0.7130262495484965,30,0;1;2;3;4;5;6;7;8;9;10;11;12;13;14;15;16;17;18;19;20;21;22;23;24;25;26;27;28;29
A,3.73,g_okr,0.6991378929232084,0.6831150266533844,0.7134183986822741,30,0;1;2;3;4;5;6;7;8;9;10;11;12;13;14;15;16;17;18;19;20;21;22;23;24;25;26;27;28;29
A,3.74,g_okr,0.699480126139425,0.6834870032986016,0.7138073062935544,30,0;1;2;3;4;5;6;7;8;9;10;11;12;13;14;15;16;17;18;19;20;21;22;23;24;25;26;27;28;29
A,3.75,g_okr,0.6998220422409689,0.6838581574124835,0.7141975344362023,30,0;1;2;3;4;5;6;7;8;9;10;11;12;13;14;15;16;17;18;19;20;21;22;23;24;25;26;27;28;29
A,3.7600000000000002,g_okr,0.7001639005374258,0.6842326498707839,0.7145871563512476,30,0;1;2;3;4;5;6;7;8;9;10;11;12;13;14;15;16;17;18;19;20;21;22;23;24;25;26;27;28;29
A,3.77,g_okr,0.7005061895541579,0.68460946554656,0.7149775007309814,30,0;1;2;3;4;5;6;7;8;9;10;11;12;13;14;15;16;17;18;19;20;21;22;23;24;25;26;27;28;29
A,3.7800000000000002,g_okr,0.7008485245135848,0.6848846515367727,0.715364257925814,30,0;1;2;3;4;5;6;7;8;9;10;11;12;13;14;15;16;17;18;19;20;21;22;23;24;25;26;27;28;29
A,3.79,g_okr,0.7011897612333751,0.685132990655386,0.7157522596156463,30,0;1;2;3;4;5;6;7;8;9;10;11;12;13;14;15;16;17;18;19;20;21;22;23;24;25;26;27;28;29
A,3.8000000000000003,g_okr,0.7015302436828436,0.685381180662284,0.7161407836108957,30,0;1;2;3;4;5;6;7;8;9;10;11;12;13;14;15;16;17;18;19;20;21;22;23;24;25;26;27;28;29
A,3.81,g_okr,0.7018697532147248,0.6856245192911874,0.7165272830735155,30,0;1;2;3;4;5;6;7;8;9;10;11;12;13;14;15;16;17;18;19;20;21;22;23;24;25;26;27;28;29
A,3.8200000000000003,g_okr,0.7022089868442175,0.6858725425147331,0.7169123453024204,30,0;1;2;3;4;5;6;7;8;9;10;11;12;13;14;15;16;17;18;19;20;21;22;23;24;25;26;27;28;29
A,3.83,g_okr,0.7025461771074824,0.6861198610101871,0.7172930236647852,30,0;1;2;3;4;5;6;7;8;9;10;11;12;13;14;15;16;17;18;19;20;21;22;23;24;25;26;27;28;29
A,3.84,g_okr,0.7028815575024606,0.6863647006295803,0.7176758714480251,30,0;1;2;3;4;5;6;7;8;9;10;11;12;13;14;15;16;17;18;19;20;21;22;23;24;25;26;27;28;29
A,3.85,g_okr,0.7032149418903118,0.6866169832452969,0.7180552502262432,30,0;1;2;3;4;5;6;7;8;9;10;11;12;13;14;15;16;17;18;19;20;21;22;23;24;25;26;27;28;29
A,3.86,g_okr,0.7035477480180137,0.6868786979691444,0.7184341311442424,30,0;1;2;3;4;5;6;7;8;9;10;11;12;13;14;15;16;17;18;19;20;21;22;23;24;25;26;27;28;29
A,3.87,g_okr,0.7038794716905072,0.6871486881679814,0.7188141866445347,30,0;1;2;3;4;5;6;7;8;9;10;11;12;13;14;15;16;17;18;19;20;21;22;23;24;25;26;27;28;29
A,3.88,g_okr,0.7042094735301984,0.6874220518248813,0.7191920654935672,30,0;1;2;3;4;5;6;7;8;9;10;11;12;13;14;15;16;17;18;19;20;21;22;23;24;25;26;27;28;29
A,3.89,g_okr,0.7045374301918019,0.6876998929874903,0.7195682686552874,30,0;1;2;3;4;5;6;7;8;9;10;11;12;13;14;15;16;17;18;19;20;21;22;23;24;25;26;27;28;29
A,3.9,g_okr,0.7048640461441392,0.6879831344612479,0.7199432957339995,30,0;1;2;3;4;5;6;7;8;9;10;11;12;13;14;15;16;17;18;19;20;21;22;23;24;25;26;27;28;29
A,3.91,g_okr,0.7051879526744735,0.6882712289141515,0.7203146944473472,30,0;1;2;3;4;5;6;7;8;9;10;11;12;13;14;15;16;17;18;19;20;21;22;23;24;25;26;27;28;29
A,3.92,g_okr,0.7055104322995549,0.6885609087852774,0.7206844454994383,30,0;1;2;3;4;5;6;7;8;9;10;11;12;13;14;15;16;17;18;19;20;21;22;23;24;25;26;27;28;29
A,3.93,g_okr,0.7058310222619391,0.6888534840526882,0.7210522823963146,30,0;1;2;3;4;5;6;7;8;9;10;11;12;13;14;15;16;17;18;19;20;21;22;23;24;25;26;27;28;29
A,3.94,g_okr,0.7061502786568699,0.689149602138551,0.7214170789000637,30,0;1;2;3;4;5;6;7;8;9;10;11;12;13;14;15;16;17;18;19;20;21;22;23;24;25;26;27;28;29
A,3.95,g_okr,0.7064667102400682,0.6894495898171185,0.7217825333703403,30,0;1;2;3;4;5;6;7;8;9;10;11;12;13;14;15;16;17;18;19;20;21;22;23;24;25;26;27;28;29
A,3.96,g_okr,0.7067806059932693,0.689752757140147,0.7221464445900775,30,0;1;2;3;4;5;6;7;8;9;10;11;12;13;14;15;16;17;18;19;20;21;22;23;24;25;26;27;28;29
A,3.97,g_okr,0.7070924990481041,0.6900590422028874,0.7225062256023878,30,0;1;2;3;4;5;6;7;8;9;10;11;12;13;14;15;16;17;18;19;20;21;22;23;24;25;26;27;28;29
A,3.98,g_okr,0.7074015888758266,0.6903667836433744,0.7228612693343592,30,0;1;2;3;4;5;6;7;8;9;10;11;12;13;14;15;16;17;18;19;20;21;22;23;24;25;26;27;28;29
A,3.99,g_okr,0.7077072472727922,0.6906736946465014,0.7232119858498746,30,0;1;2;3;4;5;6;7;8;9;10;11;12;13;14;15;16;17;18;19;20;21;22;23;24;25;26;27;28;29
A,4.0,g_okr,0.7080086864545669,0.6909807546510466,0.7235565215765447,30,0;1;2;3;4;5;6;7;8;9;10;11;12;13;14;15;16;17;18;19;20;21;22;23;24;25;26;27;28;29
A,4.01,g_okr,0.7083071530525458,0.6912867165731269,0.7238992756587943,30,0;1;2;3;4;5;6;7;8;9;10;11;12;13;14;15;16;17;18;19;20;21;22;23;24;25;26;27;28;29
A,4.0200000000000005,g_okr,0.7086012061012196,0.6915912862140419,0.7242430270301183,30,0;1;2;3;4;5;6;7;8;9;10;11;12;13;14;15;16;17;18;19;20;21;22;23;24;25;26;27;28;29
A,4.03,g_okr,0.7088912478537263,0.6918985597550603,0.7245823115437959,30,0;1;2;3;4;5;6;7;8;9;10;11;12;13;14;15;16;17;18;19;20;21;22;23;24;25;26;27;28;29
A,4.04,g_okr,0.7091768620885405,0.6922058305512201,0.7249185836057089,30,0;1;2;3;4;5;6;7;8;9;10;11;12;13;14;15;16;17;18;19;20;21;22;23;24;25;26;27;28;29
A,4.05,g_okr,0.7094574470774094,0.6925126129287094,0.7252516230783481,30,0;1;2;3;4;5;6;7;8;9;10;11;12;13;14;15;16;17;18;19;20;21;22;23;24;25;26;27;28;29
A,4.0600000000000005,g_okr,0.7097331384390995,0.6928172677715986,0.7255785866788808,30,0;1;2;3;4;5;6;7;8;9;10;11;12;13;14;15;16;17;18;19;20;21;22;23;24;25;26;27;28;29
A,4.07,g_okr,0.7100036165043572,0.6931158568048467,0.7258966932215675,30,0;1;2;3;4;5;6;7;8;9;10;11;12;13;14;15;16;17;18;19;20;21;22;23;24;25;26;27;28;29
A,4.08,g_okr,0.710269677963057,0.6934114660128593,0.7262073396360635,30,0;1;2;3;4;5;6;7;8;9;10;11;12;13;14;15;16;17;18;19;20;21;22;23;24;25;26;27;28;29
A,4.09,g_okr,0.7105316497795493,0.6937013776236616,0.7265119490171686,30,0;1;2;3;4;5;6;7;8;9;10;11;12;13;14;15;16;17;18;19;20;21;22;23;24;25;26;27;28;29
A,4.1,g_okr,0.7107889812875059,0.6939865809107391,0.7268087754446676,30,0;1;2;3;4;5;6;7;8;9;10;11;12;13;14;15;16;17;18;19;20;21;22;23;24;25;26;27;28;29
A,4.11,g_okr,0.7110414649283697,0.6942682245006682,0.7271005995124026,30,0;1;2;3;4;5;6;7;8;9;10;11;12;13;14;15;16;17;18;19;20;21;22;23;24;25;26;27;28;29
A,4.12,g_okr,0.7112896675626,0.6945459218891005,0.7273866624861974,30,0;1;2;3;4;5;6;7;8;9;10;11;12;13;14;15;16;17;18;19;20;21;22;23;24;25;26;27;28;29
A,4.13,g_okr,0.7115333611481414,0.6948202479947398,0.727664830885065,30,0;1;2;3;4;5;6;7;8;9;10;11;12;13;14;15;16;17;18;19;20;21;22;23;24;25;26;27;28;29
A,4.14,g_okr,0.7117725784073907,0.6950886201344771,0.7279352656711854,30,0;1;2;3;4;5;6;7;8;9;10;11;12;13;14;15;16;17;18;19;20;21;22;23;24;25;26;27;28;29
A,4.15,g_okr,0.7120068822140038,0.6953528010615503,0.7281996222162573,30,0;1;2;3;4;5;6;7;8;9;10;11;12;13;14;15;16;17;18;19;20;21;22;23;24;25;26;27;28;29
A,4.16,g_okr,0.7122359062128166,0.6956128875987518,0.7284581753545218,30,0;1;2;3;4;5;6;7;8;9;10;11;12;13;14;15;16;17;18;19;20;21;22;23;24;25;26;27;28;29
A,4.17,g_okr,0.7124593179324399,0.6958685817363793,0.7287106703080651,30,0;1;2;3;4;5;6;7;8;9;10;11;12;13;14;15;16;17;18;19;20;21;22;23;24;25;26;27;28;29
A,4.18,g_okr,0.7126778877091353,0.696120393140273,0.7289522813905602,30,0;1;2;3;4;5;6;7;8;9;10;11;12;13;14;15;16;17;18;19;20;21;22;23;24;25;26;27;28;29
A,4.19,g_okr,0.7128905472615196,0.6963128278507824,0.7291864852065998,30,0;1;2;3;4;5;6;7;8;9;10;11;12;13;14;15;16;17;18;19;20;21;22;23;24;25;26;27;28;29
A,4.2,g_okr,0.7130962209894689,0.6964995013359854,0.7294119851341715,30,0;1;2;3;4;5;6;7;8;9;10;11;12;13;14;15;16;17;18;19;20;21;22;23;24;25;26;27;28;29
A,4.21,g_okr,0.7132959618890985,0.69668429018104,0.7296336145437087,30,0;1;2;3;4;5;6;7;8;9;10;11;12;13;14;15;16;17;18;19;20;21;22;23;24;25;26;27;28;29
A,4.22,g_okr,0.7134889648412617,0.6968654444961409,0.7298496341798322,30,0;1;2;3;4;5;6;7;8;9;10;11;12;13;14;15;16;17;18;19;20;21;22;23;24;25;26;27;28;29
A,4.23,g_okr,0.7136757977907958,0.6970421488182978,0.7300602409694534,30,0;1;2;3;4;5;6;7;8;9;10;11;12;13;14;15;16;17;18;19;20;21;22;23;24;25;26;27;28;29
A,4.24,g_okr,0.7138568845034368,0.6972173208756349,0.730267225999089,30,0;1;2;3;4;5;6;7;8;9;10;11;12;13;14;15;16;17;18;19;20;21;22;23;24;25;26;27;28;29
A,4.25,g_okr,0.7140319017175139,0.6973923328780052,0.7304674510339706,30,0;1;2;3;4;5;6;7;8;9;10;11;12;13;14;15;16;17;18;19;20;21;22;23;24;25;26;27;28;29
A,4.26,g_okr,0.7142011707092646,0.6975649755864507,0.7306635561464826,30,0;1;2;3;4;5;6;7;8;9;10;11;12;13;14;15;16;17;18;19;20;21;22;23;24;25;26;27;28;29
A,4.2700000000000005,g_okr,0.7143640596275019,0.6977348937741878,0.7308526246716843,30,0;1;2;3;4;5;6;7;8;9;10;11;12;13;14;15;16;17;18;19;20;21;22;23;24;25;26;27;28;29
A,4.28,g_okr,0.7145195972487921,0.6979017761964446,0.7310305518992405,30,0;1;2;3;4;5;6;7;8;9;10;11;12;13;14;15;16;17;18;19;20;21;22;23;24;25;26;27;28;29
A,4.29,g_okr,0.71466780063297,0.6980635192787669,0.7312013694206146,30,0;1;2;3;4;5;6;7;8;9;10;11;12;13;14;15;16;17;18;19;20;21;22;23;24;25;26;27;28;29
A,4.3,g_okr,0.7148092480229603,0.6982221678265834,0.7313635612949553,30,0;1;2;3;4;5;6;7;8;9;10;11;12;13;14;15;16;17;18;19;20;21;22;23;24;25;26;27;28;29
A,4.3100000000000005,g_okr,0.7149439175992318,0.6983731631392966,0.7315192924936073,30,0;1;2;3;4;5;6;7;8;9;10;11;12;13;14;15;16;17;18;19;20;21;22;23;24;25;26;27;28;29
A,4.32,g_okr,0.7150717619079169,0.6985157966450589,0.7316687654033425,30,0;1;2;3;4;5;6;7;8;9;10;11;12;13;14;15;16;17;18;19;20;21;22;23;24;25;26;27;28;29
A,4.33,g_okr,0.7151931069100776,0.6986551585595875,0.7318123749521414,30,0;1;2;3;4;5;6;7;8;9;10;11;12;13;14;15;16;17;18;19;20;21;22;23;24;25;26;27;28;29
A,4.34,g_okr,0.715307744400569,0.6987877275198024,0.7319522714952275,30,0;1;2;3;4;5;6;7;8;9;10;11;12;13;14;15;16;17;18;19;20;21;22;23;24;25;26;27;28;29
A,4.3500000000000005,g_okr,0.7154158661035497,0.6989139381326335,0.7320833324000844,30,0;1;2;3;4;5;6;7;8;9;10;11;12;13;14;15;16;17;18;19;20;21;22;23;24;25;26;27;28;29
A,4.36,g_okr,0.7155177686424404,0.6990368010516806,0.7322053691687419,30,0;1;2;3;4;5;6;7;8;9;10;11;12;13;14;15;16;17;18;19;20;21;22;23;24;25;26;27;28;29
A,4.37,g_okr,0.7156144588153224,0.6991545017398434,0.73232040159753,30,0;1;2;3;4;5;6;7;8;9;10;11;12;13;14;15;16;17;18;19;20;21;22;23;24;25;26;27;28;29
A,4.38,g_okr,0.7157076903598397,0.699274594770321,0.7324296194299238,30,0;1;2;3;4;5;6;7;8;9;10;11;12;13;14;15;16;17;18;19;20;21;22;23;24;25;26;27;28;29
A,4.39,g_okr,0.7157975589945015,0.6993959862071317,0.732528333823712,30,0;1;2;3;4;5;6;7;8;9;10;11;12;13;14;15;16;17;18;19;20;21;22;23;24;25;26;27;28;29
A,4.4,g_okr,0.7158839917248001,0.6995185341320812,0.7326200926803339,30,0;1;2;3;4;5;6;7;8;9;10;11;12;13;14;15;16;17;18;19;20;21;22;23;24;25;26;27;28;29
A,4.41,g_okr,0.7159671145127563,0.6996401928620336,0.7327055406022702,30,0;1;2;3;4;5;6;7;8;9;10;11;12;13;14;15;16;17;18;19;20;21;22;23;24;25;26;27;28;29
A,4.42,g_okr,0.716046006191125,0.6997614144889847,0.7327817915788852,30,0;1;2;3;4;5;6;7;8;9;10;11;12;13;14;15;16;17;18;19;20;21;22;23;24;25;26;27;28;29
A,4.43,g_okr,0.716121139211356,0.6998845882229008,0.7328516494354167,30,0;1;2;3;4;5;6;7;8;9;10;11;12;13;14;15;16;17;18;19;20;21;22;23;24;25;26;27;28;29
A,4.44,g_okr,0.7161922379653635,0.7000041876544617,0.7329118668958202,30,0;1;2;3;4;5;6;7;8;9;10;11;12;13;14;15;16;17;18;19;20;21;22;23;24;25;26;27;28;29
A,4.45,g_okr,0.7162597775542837,0.7001231681163063,0.7329643431694769,30,0;1;2;3;4;5;6;7;8;9;10;11;12;13;14;15;16;17;18;19;20;21;22;23;24;25;26;27;28;29
A,4.46,g_okr,0.7163236490992462,0.7002404397797191,0.7330091697436756,30,0;1;2;3;4;5;6;7;8;9;10;11;12;13;14;15;16;17;18;19;20;21;22;23;24;25;26;27;28;29
A,4.47,g_okr,0.7163840548029472,0.7003568069959459,0.7330436564871388,30,0;1;2;3;4;5;6;7;8;9;10;11;12;13;14;15;16;17;18;19;20;21;22;23;24;25;26;27;28;29
A,4.48,g_okr,0.7164413621288677,0.7004732827414618,0.733071479497267,30,0;1;2;3;4;5;6;7;8;9;10;11;12;13;14;15;16;17;18;19;20;21;22;23;24;25;26;27;28;29
A,4.49,g_okr,0.7164950105858604,0.7005872825044567,0.7330881655730335,30,0;1;2;3;4;5;6;7;8;9;10;11;12;13;14;15;16;17;18;19;20;21;22;23;24;25;26;27;28;29
A,4.5,g_okr,0.7165448904054318,0.7006987276291736,0.7331000255855703,30,0;1;2;3;4;5;6;7;8;9;10;11;12;13;14;15;16;17;18;19;20;21;22;23;24;25;26;27;28;29
A,4.51,g_okr,0.7165907707947651,0.7007585948169471,0.7331046160933615,30,0;1;2;3;4;5;6;7;8;9;10;11;12;13;14;15;16;17;18;19;20;21;22;23;24;25;26;27;28;29
A,4.5200000000000005,g_okr,0.7166334447034178,0.7007744378261256,0.7331019747966275,30,0;1;2;3;4;5;6;7;8;9;10;11;12;13;14;15;16;17;18;19;20;21;22;23;24;25;26;27;28;29
A,4.53,g_okr,0.7166727014503912,0.7007830035488868,0.7330883500766089,30,0;1;2;3;4;5;6;7;8;9;10;11;12;13;14;15;16;17;18;19;20;21;22;23;24;25;26;27;28;29
A,4.54,g_okr,0.716709051004724,0.7007841547728243,0.7330698961640343,30,0;1;2;3;4;5;6;7;8;9;10;11;12;13;14;15;16;17;18;19;20;21;22;23;24;25;26;27;28;29
A,4.55,g_okr,0.7167438908384244,0.7007808104349119,0.7330508761316716,30,0;1;2;3;4;5;6;7;8;9;10;11;12;13;14;15;16;17;18;19;20;21;22;23;24;25;26;27;28;29
A,4.5600000000000005,g_okr,0.7167820194164278,0.7007749183089712,0.7330419868117214,30,0;1;2;3;4;5;6;7;8;9;10;11;12;13;14;15;16;17;18;19;20;21;22;23;24;25;26;27;28;29
A,4.57,g_okr,0.716823108927103,0.7007639898171348,0.7330412240257627,30,0;1;2;3;4;5;6;7;8;9;10;11;12;13;14;15;16;17;18;19;20;21;22;23;24;25;26;27;28;29
A,4.58,g_okr,0.7168681047051051,0.7007491790233776,0.7330481113251552,30,0;1;2;3;4;5;6;7;8;9;10;11;12;13;14;15;16;17;18;19;20;21;22;23;24;25;26;27;28;29
A,4.59,g_okr,0.7169165684110863,0.7007409287518537,0.733058734082452,30,0;1;2;3;4;5;6;7;8;9;10;11;12;13;14;15;16;17;18;19;20;21;22;23;24;25;26;27;28;29
A,4.6000000000000005,g_okr,0.716969774398389,0.700744658135478,0.7330763001232032,30,0;1;2;3;4;5;6;7;8;9;10;11;12;13;14;15;16;17;18;19;20;21;22;23;24;25;26;27;28;29
A,4.61,g_okr,0.7170279693914362,0.7007522754741586,0.7330995697250845,30,0;1;2;3;4;5;6;7;8;9;10;11;12;13;14;15;16;17;18;19;20;21;22;23;24;25;26;27;28;29
A,4.62,g_okr,0.717091614525025,0.7007695494341625,0.7331298553202702,30,0;1;2;3;4;5;6;7;8;9;10;11;12;13;14;15;16;17;18;19;20;21;22;23;24;25;26;27;28;29
A,4.63,g_okr,0.7171612224678924,0.7007935673316066,0.7331669329692111,30,0;1;2;3;4;5;6;7;8;9;10;11;12;13;14;15;16;17;18;19;20;21;22;23;24;25;26;27;28;29
A,4.64,g_okr,0.7172371397554494,0.7008261099312553,0.733209343491862,30,0;1;2;3;4;5;6;7;8;9;10;11;12;13;14;15;16;17;18;19;20;21;22;23;24;25;26;27;28;29
A,4.65,g_okr,0.7173171159153741,0.7008635453583579,0.7332574152156068,30,0;1;2;3;4;5;6;7;8;9;10;11;12;13;14;15;16;17;18;19;20;21;22;23;24;25;26;27;28;29
A,4.66,g_okr,0.7174030352242456,0.7009081598930015,0.7333140081460873,30,0;1;2;3;4;5;6;7;8;9;10;11;12;13;14;15;16;17;18;19;20;21;22;23;24;25;26;27;28;29
A,4.67,g_okr,0.7174941533802783,0.700953767634544,0.7333779353160516,30,0;1;2;3;4;5;6;7;8;9;10;11;12;13;14;15;16;17;18;19;20;21;22;23;24;25;26;27;28;29
A,4.68,g_okr,0.7175907386918033,0.7009991646586993,0.7334517734623006,30,0;1;2;3;4;5;6;7;8;9;10;11;12;13;14;15;16;17;18;19;20;21;22;23;24;25;26;27;28;29
A,4.69,g_okr,0.7176925672453389,0.7010438279505321,0.7335327229952396,30,0;1;2;3;4;5;6;7;8;9;10;11;12;13;14;15;16;17;18;19;20;21;22;23;24;25;26;27;28;29
A,4.7,g_okr,0.7177993246354164,0.7010895656443036,0.7336237117621184,30,0;1;2;3;4;5;6;7;8;9;10;11;12;13;14;15;16;17;18;19;20;21;22;23;24;25;26;27;28;29
A,4.71,g_okr,0.7179111647552708,0.701134756039672,0.7337203101902456,30,0;1;2;3;4;5;6;7;8;9;10;11;12;13;14;15;16;17;18;19;20;21;22;23;24;25;26;27;28;29
A,4.72,g_okr,0.7180270610580087,0.7011789322877894,0.7338241599266146,30,0;1;2;3;4;5;6;7;8;9;10;11;12;13;14;15;16;17;18;19;20;21;22;23;24;25;26;27;28;29
A,4.73,g_okr,0.7181466239953664,0.7012210430917316,0.7339329257776914,30,0;1;2;3;4;5;6;7;8;9;10;11;12;13;14;15;16;17;18;19;20;21;22;23;24;25;26;27;28;29
A,4.74,g_okr,0.7182719442872202,0.7012677995556603,0.7340472916809265,30,0;1;2;3;4;5;6;7;8;9;10;11;12;13;14;15;16;17;18;19;20;21;22;23;24;25;26;27;28;29
A,4.75,g_okr,0.7184031320638156,0.7013179631539187,0.7342525996753414,30,0;1;2;3;4;5;6;7;8;9;10;11;12;13;14;15;16;17;18;19;20;21;22;23;24;25;26;27;28;29
A,4.76,g_okr,0.718538683875702,0.701371503716072,0.7345240795467664,30,0;1;2;3;4;5;6;7;8;9;10;11;12;13;14;15;16;17;18;19;20;21;22;23;24;25;26;27;28;29
A,4.7700000000000005,g_okr,0.7186796583059747,0.7014251970165545,0.7348000433922159,30,0;1;2;3;4;5;6;7;8;9;10;11;12;13;14;15;16;17;18;19;20;21;22;23;24;25;26;27;28;29
A,4.78,g_okr,0.7188260068916625,0.7014805829022521,0.735081296822806,30,0;1;2;3;4;5;6;7;8;9;10;11;12;13;14;15;16;17;18;19;20;21;22;23;24;25;26;27;28;29
A,4.79,g_okr,0.7189772447897321,0.7015389144608758,0.7353680060485643,30,0;1;2;3;4;5;6;7;8;9;10;11;12;13;14;15;16;17;18;19;20;21;22;23;24;25;26;27;28;29
A,4.8,g_okr,0.7191336776604581,0.7016023581201649,0.7356619521254459,30,0;1;2;3;4;5;6;7;8;9;10;11;12;13;14;15;16;17;18;19;20;21;22;23;24;25;26;27;28;29
A,4.8100000000000005,g_okr,0.7192949520250679,0.7016679928314575,0.7359588041576576,30,0;1;2;3;4;5;6;7;8;9;10;11;12;13;14;15;16;17;18;19;20;21;22;23;24;25;26;27;28;29
A,4.82,g_okr,0.7194604765831916,0.7017329696070697,0.7362613842448172,30,0;1;2;3;4;5;6;7;8;9;10;11;12;13;14;15;16;17;18;19;20;21;22;23;24;25;26;27;28;29
A,4.83,g_okr,0.7196305781895903,0.7017966598956148,0.7365687218330148,30,0;1;2;3;4;5;6;7;8;9;10;11;12;13;14;15;16;17;18;19;20;21;22;23;24;25;26;27;28;29
A,4.84,g_okr,0.7198056910860736,0.7018680761783209,0.7368716227203836,30,0;1;2;3;4;5;6;7;8;9;10;11;12;13;14;15;16;17;18;19;20;21;22;23;24;25;26;27;28;29
A,4.8500000000000005,g_okr,0.7199861335572694,0.70194096692961,0.7371723746636387,30,0;1;2;3;4;5;6;7;8;9;10;11;12;13;14;15;16;17;18;19;20;21;22;23;24;25;26;27;28;29
A,4.86,g_okr,0.7201720749956716,0.7020153574754343,0.7374697039761497,30,0;1;2;3;4;5;6;7;8;9;10;11;12;13;14;15;16;17;18;19;20;21;22;23;24;25;26;27;28;29
A,4.87,g_okr,0.7203631213495749,0.7020920325797771,0.737764186306769,30,0;1;2;3;4;5;6;7;8;9;10;11;12;13;14;15;16;17;18;19;20;21;22;23;24;25;26;27;28;29
A,4.88,g_okr,0.7205583698592891,0.7021674065816149,0.7380580917181848,30,0;1;2;3;4;5;6;7;8;9;10;11;12;13;14;15;16;17;18;19;20;21;22;23;24;25;26;27;28;29
A,4.89,g_okr,0.7207591953457535,0.7022491151018128,0.7383429445508591,30,0;1;2;3;4;5;6;7;8;9;10;11;12;13;14;15;16;17;18;19;20;21;22;23;24;25;26;27;28;29
A,4.9,g_okr,0.7209646425834213,0.7023359524810601,0.7385805265993234,30,0;1;2;3;4;5;6;7;8;9;10;11;12;13;14;15;16;17;18;19;20;21;22;23;24;25;26;27;28;29
A,4.91,g_okr,0.7211747887508493,0.7024734245442685,0.7388232401144866,30,0;1;2;3;4;5;6;7;8;9;10;11;12;13;14;15;16;17;18;19;20;21;22;23;24;25;26;27;28;29
A,4.92,g_okr,0.7213893295511128,0.7026405998066758,0.7390686881344652,30,0;1;2;3;4;5;6;7;8;9;10;11;12;13;14;15;16;17;18;19;20;21;22;23;24;25;26;27;28;29
A,4.93,g_okr,0.7216083322289443,0.7028151083261402,0.7393127936061281,30,0;1;2;3;4;5;6;7;8;9;10;11;12;13;14;15;16;17;18;19;20;21;22;23;24;25;26;27;28;29
A,4.94,g_okr,0.7218322499594809,0.7029926850653111,0.7395600742058661,30,0;1;2;3;4;5;6;7;8;9;10;11;12;13;14;15;16;17;18;19;20;21;22;23;24;25;26;27;28;29
A,4.95,g_okr,0.7220600541415609,0.7031752109864373,0.7398087432170748,30,0;1;2;3;4;5;6;7;8;9;10;11;12;13;14;15;16;17;18;19;20;21;22;23;24;25;26;27;28;29
A,4.96,g_okr,0.7222912176129912,0.7033596914704521,0.7400615625296563,30,0;1;2;3;4;5;6;7;8;9;10;11;12;13;14;15;16;17;18;19;20;21;22;23;24;25;26;27;28;29
A,4.97,g_okr,0.7225276813755251,0.7035505762478684,0.7403205066711359,30,0;1;2;3;4;5;6;7;8;9;10;11;12;13;14;15;16;17;18;19;20;21;22;23;24;25;26;27;28;29
A,4.98,g_okr,0.7227678263212325,0.7037440924872617,0.7405828545286415,30,0;1;2;3;4;5;6;7;8;9;10;11;12;13;14;15;16;17;18;19;20;21;22;23;24;25;26;27;28;29
A,4.99,g_okr,0.7230113362698545,0.703883111611625,0.740849502252353,30,0;1;2;3;4;5;6;7;8;9;10;11;12;13;14;15;16;17;18;19;20;21;22;23;24;25;26;27;28;29
A,5.0,g_okr,0.7232583935543223,0.7039498021155559,0.7411179843175473,30,0;1;2;3;4;5;6;7;8;9;10;11;12;13;14;15;16;17;18;19;20;21;22;23;24;25;26;27;28;29
A,5.01,g_okr,0.7235093125333318,0.704018192062004,0.7413874783316194,30,0;1;2;3;4;5;6;7;8;9;10;11;12;13;14;15;16;17;18;19;20;21;22;23;24;25;26;27;28;29
A,5.0200000000000005,g_okr,0.7237644162544481,0.7040881873222697,0.7416598644442723,30,0;1;2;3;4;5;6;7;8;9;10;11;12;13;14;15;16;17;18;19;20;21;22;23;24;25;26;27;28;29
A,5.03,g_okr,0.7240219673061353,0.7041610824123242,0.7419329080534144,30,0;1;2;3;4;5;6;7;8;9;10;11;12;13;14;15;16;17;18;19;20;21;22;23;24;25;26;27;28;29
A,5.04,g_okr,0.7242831874552412,0.7042357712416368,0.7422094766934988,30,0;1;2;3;4;5;6;7;8;9;10;11;12;13;14;15;16;17;18;19;20;21;22;23;24;25;26;27;28;29
A,5.05,g_okr,0.7245476525712395,0.7043133080963908,0.7424867484428658,30,0;1;2;3;4;5;6;7;8;9;10;11;12;13;14;15;16;17;18;19;20;21;22;23;24;25;26;27;28;29
A,5.0600000000000005,g_okr,0.7248156457137539,0.7043933551259569,0.7427637511330204,30,0;1;2;3;4;5;6;7;8;9;10;11;12;13;14;15;16;17;18;19;20;21;22;23;24;25;26;27;28;29
A,5.07,g_okr,0.725087569511646,0.7044792340278858,0.7430436858811647,30,0;1;2;3;4;5;6;7;8;9;10;11;12;13;14;15;16;17;18;19;20;21;22;23;24;25;26;27;28;29
A,5.08,g_okr,0.7253621817375829,0.7045705283030111,0.7433221538485552,30,0;1;2;3;4;5;6;7;8;9;10;11;12;13;14;15;16;17;18;19;20;21;22;23;24;25;26;27;28;29
A,5.09,g_okr,0.7256397048568117,0.7046664338525441,0.7436038079088876,30,0;1;2;3;4;5;6;7;8;9;10;11;12;13;14;15;16;17;18;19;20;21;22;23;24;25;26;27;28;29
A,5.1000000000000005,g_okr,0.7259198454930044,0.7047680347429371,0.7438865614755018,30,0;1;2;3;4;5;6;7;8;9;10;11;12;13;14;15;16;17;18;19;20;21;22;23;24;25;26;27;28;29
A,5.11,g_okr,0.7262039774236796,0.7048739666174825,0.7441716985744102,30,0;1;2;3;4;5;6;7;8;9;10;11;12;13;14;15;16;17;18;19;20;21;22;23;24;25;26;27;28;29
A,5.12,g_okr,0.7264909965889526,0.7049844962605651,0.7444573584391331,30,0;1;2;3;4;5;6;7;8;9;10;11;12;13;14;15;16;17;18;19;20;21;22;23;24;25;26;27;28;29
A,5.13,g_okr,0.7267804256985304,0.7050975429710798,0.7447451583162867,30,0;1;2;3;4;5;6;7;8;9;10;11;12;13;14;15;16;17;18;19;20;21;22;23;24;25;26;27;28;29
A,5.14,g_okr,0.7270718153628147,0.705215415875471,0.7450356556328193,30,0;1;2;3;4;5;6;7;8;9;10;11;12;13;14;15;16;17;18;19;20;21;22;23;24;25;26;27;28;29
A,5.15,g_okr,0.7273651645992545,0.705339690918071,0.7453244633254095,30,0;1;2;3;4;5;6;7;8;9;10;11;12;13;14;15;16;17;18;19;20;21;22;23;24;25;26;27;28;29
A,5.16,g_okr,0.727660605955798,0.7054664159844629,0.7456156185286836,30,0;1;2;3;4;5;6;7;8;9;10;11;12;13;14;15;16;17;18;19;20;21;22;23;24;25;26;27;28;29
A,5.17,g_okr,0.7279574474848661,0.7055943895535485,0.7459050746150397,30,0;1;2;3;4;5;6;7;8;9;10;11;12;13;14;15;16;17;18;19;20;21;22;23;24;25;26;27;28;29
A,5.18,g_okr,0.7282568427148337,0.7057350302799077,0.7461941176714935,30,0;1;2;3;4;5;6;7;8;9;10;11;12;13;14;15;16;17;18;19;20;21;22;23;24;25;26;27;28;29
A,5.19,g_okr,0.7285587323858246,0.7058891505160799,0.7464842646697015,30,0;1;2;3;4;5;6;7;8;9;10;11;12;13;14;15;16;17;18;19;20;21;22;23;24;25;26;27;28;29
A,5.2,g_okr,0.7288626377750265,0.7060536076656598,0.7467747018333422,30,0;1;2;3;4;5;6;7;8;9;10;11;12;13;14;15;16;17;18;19;20;21;22;23;24;25;26;27;28;29
A,5.21,g_okr,0.7291682952612302,0.706226237548734,0.7470681130183324,30,0;1;2;3;4;5;6;7;8;9;10;11;12;13;14;15;16;17;18;19;20;21;22;23;24;25;26;27;28;29
A,5.22,g_okr,0.7294756190155208,0.7064084032640996,0.7473611607140157,30,0;1;2;3;4;5;6;7;8;9;10;11;12;13;14;15;16;17;18;19;20;21;22;23;24;25;26;27;28;29
A,5.23,g_okr,0.7297842275953037,0.706596771902605,0.7476519125725748,30,0;1;2;3;4;5;6;7;8;9;10;11;12;13;14;15;16;17;18;19;20;21;22;23;24;25;26;27;28;29
A,5.24,g_okr,0.7300937204369913,0.706793007895185,0.7479452384714455,30,0;1;2;3;4;5;6;7;8;9;10;11;12;13;14;15;16;17;18;19;20;21;22;23;24;25;26;27;28;29
A,5.25,g_okr,0.7304043896662638,0.7069998175651835,0.7482414368626419,30,0;1;2;3;4;5;6;7;8;9;10;11;12;13;14;15;16;17;18;19;20;21;22;23;24;25;26;27;28;29
A,5.26,g_okr,0.7307146249460997,0.7072108735922108,0.7485378125341919,30,0;1;2;3;4;5;6;7;8;9;10;11;12;13;14;15;16;17;18;19;20;21;22;23;24;25;26;27;28;29
A,5.2700000000000005,g_okr,0.7310247136586967,0.7074253072902762,0.7488318149075034,30,0;1;2;3;4;5;6;7;8;9;10;11;12;13;14;15;16;17;18;19;20;21;22;23;24;25;26;27;28;29
A,5.28,g_okr,0.7313337928943702,0.7076422649032114,0.7491240734128489,30,0;1;2;3;4;5;6;7;8;9;10;11;12;13;14;15;16;17;18;19;20;21;22;23;24;25;26;27;28;29
A,5.29,g_okr,0.7316421774492515,0.707862277824039,0.7494156312286185,30,0;1;2;3;4;5;6;7;8;9;10;11;12;13;14;15;16;17;18;19;20;21;22;23;24;25;26;27;28;29
A,5.3,g_okr,0.7319500210619329,0.7080911607526112,0.7497062052750254,30,0;1;2;3;4;5;6;7;8;9;10;11;12;13;14;15;16;17;18;19;20;21;22;23;24;25;26;27;28;29
A,5.3100000000000005,g_okr,0.7322579654516057,0.7083246150567356,0.7499953961224153,30,0;1;2;3;4;5;6;7;8;9;10;11;12;13;14;15;16;17;18;19;20;21;22;23;24;25;26;27;28;29
A,5.32,g_okr,0.7325656981989113,0.7085640210302268,0.750282529477336,30,0;1;2;3;4;5;6;7;8;9;10;11;12;13;14;15;16;17;18;19;20;21;22;23;24;25;26;27;28;29
A,5.33,g_okr,0.7328722664760112,0.7088041390207451,0.7505720915768251,30,0;1;2;3;4;5;6;7;8;9;10;11;12;13;14;15;16;17;18;19;20;21;22;23;24;25;26;27;28;29
A,5.34,g_okr,0.7331771500190245,0.7090460711620163,0.750861068926764,30,0;1;2;3;4;5;6;7;8;9;10;11;12;13;14;15;16;17;18;19;20;21;22;23;24;25;26;27;28;29
A,5.3500000000000005,g_okr,0.7334811486684323,0.7092893429686197,0.7511475886974585,30,0;1;2;3;4;5;6;7;8;9;10;11;12;13;14;15;16;17;18;19;20;21;22;23;24;25;26;27;28;29
A,5.36,g_okr,0.7337827187765034,0.7095333788866804,0.7514334163076702,30,0;1;2;3;4;5;6;7;8;9;10;11;12;13;14;15;16;17;18;19;20;21;22;23;24;25;26;27;28;29
A,5.37,g_okr,0.734081760158727,0.7097757850155209,0.7517185992853374,30,0;1;2;3;4;5;6;7;8;9;10;11;12;13;14;15;16;17;18;19;20;21;22;23;24;25;26;27;28;29
A,5.38,g_okr,0.7343784599075086,0.7100168483959388,0.7520002393361906,30,0;1;2;3;4;5;6;7;8;9;10;11;12;13;14;15;16;17;18;19;20;21;22;23;24;25;26;27;28;29
A,5.39,g_okr,0.7346735691304352,0.7102578905312713,0.7522803060629655,30,0;1;2;3;4;5;6;7;8;9;10;11;12;13;14;15;16;17;18;19;20;21;22;23;24;25;26;27;28;29
A,5.4,g_okr,0.7349662485632533,0.7104954337220674,0.7525545503826743,30,0;1;2;3;4;5;6;7;8;9;10;11;12;13;14;15;16;17;18;19;20;21;22;23;24;25;26;27;28;29
A,5.41,g_okr,0.7352567265329111,0.7107342941220157,0.7528297442426063,30,0;1;2;3;4;5;6;7;8;9;10;11;12;13;14;15;16;17;18;19;20;21;22;23;24;25;26;27;28;29
A,5.42,g_okr,0.7355444887753912,0.7109756275801472,0.7531035008644951,30,0;1;2;3;4;5;6;7;8;9;10;11;12;13;14;15;16;17;18;19;20;21;22;23;24;25;26;27;28;29
A,5.43,g_okr,0.7358288732348872,0.7112202327753586,0.7533734608458669,30,0;1;2;3;4;5;6;7;8;9;10;11;12;13;14;15;16;17;18;19;20;21;22;23;24;25;26;27;28;29
A,5.44,g_okr,0.7361103631332324,0.7114602453817747,0.7536415534899663,30,0;1;2;3;4;5;6;7;8;9;10;11;12;13;14;15;16;17;18;19;20;21;22;23;24;25;26;27;28;29
A,5.45,g_okr,0.7363886527299488,0.7117024799739775,0.753897763802713,30,0;1;2;3;4;5;6;7;8;9;10;11;12;13;14;15;16;17;18;19;20;21;22;23;24;25;26;27;28;29
A,5.46,g_okr,0.7366629914805342,0.7119416945462145,0.754137850390456,30,0;1;2;3;4;5;6;7;8;9;10;11;12;13;14;15;16;17;18;19;20;21;22;23;24;25;26;27;28;29
A,5.47,g_okr,0.7369334608665847,0.7121861214709052,0.7543693545073628,30,0;1;2;3;4;5;6;7;8;9;10;11;12;13;14;15;16;17;18;19;20;21;22;23;24;25;26;27;28;29
A,5.48,g_okr,0.7371994503431073,0.7124315465886577,0.7545896595104707,30,0;1;2;3;4;5;6;7;8;9;10;11;12;13;14;15;16;17;18;19;20;21;22;23;24;25;26;27;28;29
A,5.49,g_okr,0.737461557141269,0.7126777461285964,0.7547980211280444,30,0;1;2;3;4;5;6;7;8;9;10;11;12;13;14;15;16;17;18;19;20;21;22;23;24;25;26;27;28;29
A,5.5,g_okr,0.7377184808787014,0.712925912670579,0.7549949046313785,30,0;1;2;3;4;5;6;7;8;9;10;11;12;13;14;15;16;17;18;19;20;21;22;23;24;25;26;27;28;29
A,5.51,g_okr,0.7379698919490016,0.7131717231947454,0.7551814690318219,30,0;1;2;3;4;5;6;7;8;9;10;11;12;13;14;15;16;17;18;19;20;21;22;23;24;25;26;27;28;29
A,5.5200000000000005,g_okr,0.7382159760416426,0.713421678238641,0.7553591318116833,30,0;1;2;3;4;5;6;7;8;9;10;11;12;13;14;15;16;17;18;19;20;21;22;23;24;25;26;27;28;29
A,5.53,g_okr,0.7384570055755345,0.713673309666598,0.7555310163134518,30,0;1;2;3;4;5;6;7;8;9;10;11;12;13;14;15;16;17;18;19;20;21;22;23;24;25;26;27;28;29
A,5.54,g_okr,0.7386932589020495,0.7139232157172692,0.75569944965544,30,0;1;2;3;4;5;6;7;8;9;10;11;12;13;14;15;16;17;18;19;20;21;22;23;24;25;26;27;28;29
A,5.55,g_okr,0.7389245622855368,0.7141692947849196,0.7558566461623222,30,0;1;2;3;4;5;6;7;8;9;10;11;12;13;14;15;16;17;18;19;20;21;22;23;24;25;26;27;28;29
A,5.5600000000000005,g_okr,0.7391505424152849,0.714414390656088,0.7560079234687599,30,0;1;2;3;4;5;6;7;8;9;10;11;12;13;14;15;16;17;18;19;20;21;22;23;24;25;26;27;28;29
A,5.57,g_okr,0.7393703430326833,0.7146561508132545,0.7561504644695866,30,0;1;2;3;4;5;6;7;8;9;10;11;12;13;14;15;16;17;18;19;20;21;22;23;24;25;26;27;28;29
A,5.58,g_okr,0.7395837213132024,0.7148951361054284,0.7562840427716497,30,0;1;2;3;4;5;6;7;8;9;10;11;12;13;14;15;16;17;18;19;20;21;22;23;24;25;26;27;28;29
A,5.59,g_okr,0.7397918030826844,0.7151318228658534,0.7564102240392687,30,0;1;2;3;4;5;6;7;8;9;10;11;12;13;14;15;16;17;18;19;20;21;22;23;24;25;26;27;28;29
A,5.6000000000000005,g_okr,0.7399936327777641,0.7153662926915562,0.7565304218164444,30,0;1;2;3;4;5;6;7;8;9;10;11;12;13;14;15;16;17;18;19;20;21;22;23;24;25;26;27;28;29
A,5.61,g_okr,0.7401906181766523,0.715598300560301,0.7566429740760414,30,0;1;2;3;4;5;6;7;8;9;10;11;12;13;14;15;16;17;18;19;20;21;22;23;24;25;26;27;28;29
A,5.62,g_okr,0.7403809629032266,0.7158284419281938,0.7567475285637412,30,0;1;2;3;4;5;6;7;8;9;10;11;12;13;14;15;16;17;18;19;20;21;22;23;24;25;26;27;28;29
A,5.63,g_okr,0.740564698502513,0.7160516584987074,0.7568450986245017,30,0;1;2;3;4;5;6;7;8;9;10;11;12;13;14;15;16;17;18;19;20;21;22;23;24;25;26;27;28;29
A,5.64,g_okr,0.7407418677773024,0.7162691172162294,0.7569354080869632,30,0;1;2;3;4;5;6;7;8;9;10;11;12;13;14;15;16;17;18;19;20;21;22;23;24;25;26;27;28;29
A,5.65,g_okr,0.7409123356233867,0.7164789459232643,0.7570151961553191,30,0;1;2;3;4;5;6;7;8;9;10;11;12;13;14;15;16;17;18;19;20;21;22;23;24;25;26;27;28;29
A,5.66,g_okr,0.7410770687266491,0.7166844821931241,0.7570896415062042,30,0;1;2;3;4;5;6;7;8;9;10;11;12;13;14;15;16;17;18;19;20;21;22;23;24;25;26;27;28;29
A,5.67,g_okr,0.7412357730167665,0.7168877643373561,0.7571570380553789,30,0;1;2;3;4;5;6;7;8;9;10;11;12;13;14;15;16;17;18;19;20;21;22;23;24;25;26;27;28;29
A,5.68,g_okr,0.7413895675365606,0.7170867377820754,0.7572167904198537,30,0;1;2;3;4;5;6;7;8;9;10;11;12;13;14;15;16;17;18;19;20;21;22;23;24;25;26;27;28;29
A,5.69,g_okr,0.7415371101971212,0.7172795436246675,0.757273287419262,30,0;1;2;3;4;5;6;7;8;9;10;11;12;13;14;15;16;17;18;19;20;21;22;23;24;25;26;27;28;29
A,5.7,g_okr,0.7416786273350741,0.71746783227571,0.7573212577434673,30,0;1;2;3;4;5;6;7;8;9;10;11;12;13;14;15;16;17;18;19;20;21;22;23;24;25;26;27;28;29
A,5.71,g_okr,0.7418134908429824,0.7176515274099021,0.7573622570058685,30,0;1;2;3;4;5;6;7;8;9;10;11;12;13;14;15;16;17;18;19;20;21;22;23;24;25;26;27;28;29
A,5.72,g_okr,0.7419422011013258,0.7178309618215122,0.7573962445328245,30,0;1;2;3;4;5;6;7;8;9;10;11;12;13;14;15;16;17;18;19;20;21;22;23;24;25;26;27;28;29
A,5.73,g_okr,0.7420650883289014,0.7180032602643177,0.757512351916335,30,0;1;2;3;4;5;6;7;8;9;10;11;12;13;14;15;16;17;18;19;20;21;22;23;24;25;26;27;28;29
A,5.74,g_okr,0.7421822063211627,0.7181696357610007,0.7576509921747742,30,0;1;2;3;4;5;6;7;8;9;10;11;12;13;14;15;16;17;18;19;20;21;22;23;24;25;26;27;28;29
A,5.75,g_okr,0.742293501756656,0.718331504658212,0.7577799640294007,30,0;1;2;3;4;5;6;7;8;9;10;11;12;13;14;15;16;17;18;19;20;21;22;23;24;25;26;27;28;29
A,5.76,g_okr,0.7423996971277529,0.7184895512035991,0.7579051043975068,30,0;1;2;3;4;5;6;7;8;9;10;11;12;13;14;15;16;17;18;19;20;21;22;23;24;25;26;27;28;29
A,5.7700000000000005,g_okr,0.7425014642192741,0.7186421480727876,0.7580228097979971,30,0;1;2;3;4;5;6;7;8;9;10;11;12;13;14;15;16;17;18;19;20;21;22;23;24;25;26;27;28;29
A,5.78,g_okr,0.7425994218423545,0.7187922804574226,0.7581329321128101,30,0;1;2;3;4;5;6;7;8;9;10;11;12;13;14;15;16;17;18;19;20;21;22;23;24;25;26;27;28;29
A,5.79,g_okr,0.7426939641845969,0.7189392001675146,0.7582399245049571,30,0;1;2;3;4;5;6;7;8;9;10;11;12;13;14;15;16;17;18;19;20;21;22;23;24;25;26;27;28;29
A,5.8,g_okr,0.7427854314789459,0.7190816561650873,0.7583423674757006,30,0;1;2;3;4;5;6;7;8;9;10;11;12;13;14;15;16;17;18;19;20;21;22;23;24;25;26;27;28;29
A,5.8100000000000005,g_okr,0.7428734709980941,0.7192205527932859,0.758441489750223,30,0;1;2;3;4;5;6;7;8;9;10;11;12;13;14;15;16;17;18;19;20;21;22;23;24;25;26;27;28;29
A,5.82,g_okr,0.7429592761765965,0.7193545147860401,0.758534020726096,30,0;1;2;3;4;5;6;7;8;9;10;11;12;13;14;15;16;17;18;19;20;21;22;23;24;25;26;27;28;29
A,5.83,g_okr,0.7430423973707653,0.7194844428978964,0.7586161770262236,30,0;1;2;3;4;5;6;7;8;9;10;11;12;13;14;15;16;17;18;19;20;21;22;23;24;25;26;27;28;29
A,5.84,g_okr,0.7431226674580497,0.7196099904680998,0.7586980573610782,30,0;1;2;3;4;5;6;7;8;9;10;11;12;13;14;15;16;17;18;19;20;21;22;23;24;25;26;27;28;29
A,5.8500000000000005,g_okr,0.7431994975561609,0.7197279957094284,0.7589020898559639,30,0;1;2;3;4;5;6;7;8;9;10;11;12;13;14;15;16;17;18;19;20;21;22;23;24;25;26;27;28;29
A,5.86,g_okr,0.7432721778427884,0.7198397461438786,0.7591010331915703,30,0;1;2;3;4;5;6;7;8;9;10;11;12;13;14;15;16;17;18;19;20;21;22;23;24;25;26;27;28;29
A,5.87,g_okr,0.7433416461206692,0.719943745134314,0.7592892906538318,30,0;1;2;3;4;5;6;7;8;9;10;11;12;13;14;15;16;17;18;19;20;21;22;23;24;25;26;27;28;29
A,5.88,g_okr,0.7434064922930351,0.7200402543310604,0.7594598864220189,30,0;1;2;3;4;5;6;7;8;9;10;11;12;13;14;15;16;17;18;19;20;21;22;23;24;25;26;27;28;29
A,5.89,g_okr,0.743466339484021,0.7201313764050498,0.7596152052143191,30,0;1;2;3;4;5;6;7;8;9;10;11;12;13;14;15;16;17;18;19;20;21;22;23;24;25;26;27;28;29
A,5.9,g_okr,0.7435216804398593,0.7202169649956051,0.7597542041529715,30,0;1;2;3;4;5;6;7;8;9;10;11;12;13;14;15;16;17;18;19;20;21;22;23;24;25;26;27;28;29
A,5.91,g_okr,0.7435730730919451,0.7202934503494537,0.7598797406489443,30,0;1;2;3;4;5;6;7;8;9;10;11;12;13;14;15;16;17;18;19;20;21;22;23;24;25;26;27;28;29
A,5.92,g_okr,0.7436185623627751,0.720363563608717,0.7599899526598862,30,0;1;2;3;4;5;6;7;8;9;10;11;12;13;14;15;16;17;18;19;20;21;22;23;24;25;26;27;28;29
A,5.93,g_okr,0.7436596301437657,0.7204281663933259,0.7600865350958295,30,0;1;2;3;4;5;6;7;8;9;10;11;12;13;14;15;16;17;18;19;20;21;22;23;24;25;26;27;28;29
A,5.94,g_okr,0.7436962501570948,0.7204836645494462,0.7601680909594017,30,0;1;2;3;4;5;6;7;8;9;10;11;12;13;14;15;16;17;18;19;20;21;22;23;24;25;26;27;28;29
A,5.95,g_okr,0.743729418028632,0.7205304466016533,0.7602372153571239,30,0;1;2;3;4;5;6;7;8;9;10;11;12;13;14;15;16;17;18;19;20;21;22;23;24;25;26;27;28;29
A,5.96,g_okr,0.7437603592958606,0.7205734557715637,0.7602924731428063,30,0;1;2;3;4;5;6;7;8;9;10;11;12;13;14;15;16;17;18;19;20;21;22;23;24;25;26;27;28;29
A,5.97,g_okr,0.743788547717698,0.720610747247608,0.7603355255057845,30,0;1;2;3;4;5;6;7;8;9;10;11;12;13;14;15;16;17;18;19;20;21;22;23;24;25;26;27;28;29
A,5.98,g_okr,0.7438148636666625,0.7206444159668427,0.7603694499454066,30,0;1;2;3;4;5;6;7;8;9;10;11;12;13;14;15;16;17;18;19;20;21;22;23;24;25;26;27;28;29
A,5.99,g_okr,0.7438407499639242,0.7206742228668257,0.7603915155724374,30,0;1;2;3;4;5;6;7;8;9;10;11;12;13;14;15;16;17;18;19;20;21;22;23;24;25;26;27;28;29
A,6.0,g_okr,0.7438664254661592,0.7206987732389141,0.7604047824239724,30,0;1;2;3;4;5;6;7;8;9;10;11;12;13;14;15;16;17;18;19;20;21;22;23;24;25;26;27;28;29
A,6.01,g_okr,0.7438917889386369,0.7207144009163596,0.7604089228055295,30,0;1;2;3;4;5;6;7;8;9;10;11;12;13;14;15;16;17;18;19;20;21;22;23;24;25;26;27;28;29
A,6.0200000000000005,g_okr,0.7439181824819419,0.7207234429888457,0.7604058460578726,30,0;1;2;3;4;5;6;7;8;9;10;11;12;13;14;15;16;17;18;19;20;21;22;23;24;25;26;27;28;29
A,6.03,g_okr,0.7439459525940524,0.7207253455003702,0.7603998272807999,30,0;1;2;3;4;5;6;7;8;9;10;11;12;13;14;15;16;17;18;19;20;21;22;23;24;25;26;27;28;29
A,6.04,g_okr,0.7439763055298276,0.7207192461131047,0.7603879360774712,30,0;1;2;3;4;5;6;7;8;9;10;11;12;13;14;15;16;17;18;19;20;21;22;23;24;25;26;27;28;29
A,6.05,g_okr,0.7440104941636166,0.7207067408657658,0.7603727573342622,30,0;1;2;3;4;5;6;7;8;9;10;11;12;13;14;15;16;17;18;19;20;21;22;23;24;25;26;27;28;29
A,6.0600000000000005,g_okr,0.7440493460646095,0.720690388273487,0.7603650038478861,30,0;1;2;3;4;5;6;7;8;9;10;11;12;13;14;15;16;17;18;19;20;21;22;23;24;25;26;27;28;29
A,6.07,g_okr,0.7440926952321193,0.7206723927786651,0.7603641081483351,30,0;1;2;3;4;5;6;7;8;9;10;11;12;13;14;15;16;17;18;19;20;21;22;23;24;25;26;27;28;29
A,6.08,g_okr,0.7441412469553733,0.7206552621997131,0.7603685367722152,30,0;1;2;3;4;5;6;7;8;9;10;11;12;13;14;15;16;17;18;19;20;21;22;23;24;25;26;27;28;29
A,6.09,g_okr,0.7441951215299863,0.7206436259311277,0.7603803058163869,30,0;1;2;3;4;5;6;7;8;9;10;11;12;13;14;15;16;17;18;19;20;21;22;23;24;25;26;27;28;29
A,6.1000000000000005,g_okr,0.7442531938568798,0.7206364714913945,0.7604012480148037,30,0;1;2;3;4;5;6;7;8;9;10;11;12;13;14;15;16;17;18;19;20;21;22;23;24;25;26;27;28;29
A,6.11,g_okr,0.7443166457391841,0.7206360697258214,0.7604326043887789,30,0;1;2;3;4;5;6;7;8;9;10;11;12;13;14;15;16;17;18;19;20;21;22;23;24;25;26;27;28;29
A,6.12,g_okr,0.7443855765518622,0.7206388129573396,0.7604713786722489,30,0;1;2;3;4;5;6;7;8;9;10;11;12;13;14;15;16;17;18;19;20;21;22;23;24;25;26;27;28;29
A,6.13,g_okr,0.7444607115250074,0.7206496050122648,0.760516642429785,30,0;1;2;3;4;5;6;7;8;9;10;11;12;13;14;15;16;17;18;19;20;21;22;23;24;25;26;27;28;29
A,6.140000000000001,g_okr,0.7445410626771293,0.720668485586082,0.7605683617864872,30,0;1;2;3;4;5;6;7;8;9;10;11;12;13;14;15;16;17;18;19;20;21;22;23;24;25;26;27;28;29
A,6.15,g_okr,0.7446269871111783,0.7206963898271875,0.7607058137215258,30,0;1;2;3;4;5;6;7;8;9;10;11;12;13;14;15;16;17;18;19;20;21;22;23;24;25;26;27;28;29
A,6.16,g_okr,0.7447183076703328,0.7207320403213144,0.7608656974577649,30,0;1;2;3;4;5;6;7;8;9;10;11;12;13;14;15;16;17;18;19;20;21;22;23;24;25;26;27;28;29
A,6.17,g_okr,0.7448152957529223,0.7207731567955344,0.7610278260125631,30,0;1;2;3;4;5;6;7;8;9;10;11;12;13;14;15;16;17;18;19;20;21;22;23;24;25;26;27;28;29
A,6.18,g_okr,0.7449174258765769,0.7208197791533336,0.7611979542451414,30,0;1;2;3;4;5;6;7;8;9;10;11;12;13;14;15;16;17;18;19;20;21;22;23;24;25;26;27;28;29
A,6.19,g_okr,0.7450237790010431,0.7208731786842381,0.7613721122647086,30,0;1;2;3;4;5;6;7;8;9;10;11;12;13;14;15;16;17;18;19;20;21;22;23;24;25;26;27;28;29
A,6.2,g_okr,0.7451346499506221,0.7209278120571458,0.7615209161835867,30,0;1;2;3;4;5;6;7;8;9;10;11;12;13;14;15;16;17;18;19;20;21;22;23;24;25;26;27;28;29
A,6.21,g_okr,0.7452494869903055,0.720987230430239,0.7616365366215994,30,0;1;2;3;4;5;6;7;8;9;10;11;12;13;14;15;16;17;18;19;20;21;22;23;24;25;26;27;28;29
A,6.22,g_okr,0.7453684121043407,0.721049190373853,0.7617558016159938,30,0;1;2;3;4;5;6;7;8;9;10;11;12;13;14;15;16;17;18;19;20;21;22;23;24;25;26;27;28;29
A,6.23,g_okr,0.745491301824315,0.7211170650133918,0.7618791410348069,30,0;1;2;3;4;5;6;7;8;9;10;11;12;13;14;15;16;17;18;19;20;21;22;23;24;25;26;27;28;29
A,6.24,g_okr,0.7456187655581343,0.7211868761715727,0.7620074780618149,30,0;1;2;3;4;5;6;7;8;9;10;11;12;13;14;15;16;17;18;19;20;21;22;23;24;25;26;27;28;29
A,6.25,g_okr,0.7457497963651655,0.7212640930275898,0.7621397192063447,30,0;1;2;3;4;5;6;7;8;9;10;11;12;13;14;15;16;17;18;19;20;21;22;23;24;25;26;27;28;29
A,6.26,g_okr,0.7458838456536125,0.7213461062438936,0.7622740103813302,30,0;1;2;3;4;5;6;7;8;9;10;11;12;13;14;15;16;17;18;19;20;21;22;23;24;25;26;27;28;29
A,6.2700000000000005,g_okr,0.7460213711208126,0.7214337607122191,0.7624086415434561,30,0;1;2;3;4;5;6;7;8;9;10;11;12;13;14;15;16;17;18;19;20;21;22;23;24;25;26;27;28;29
A,6.28,g_okr,0.7461620126537054,0.7215292877027205,0.7625419615067297,30,0;1;2;3;4;5;6;7;8;9;10;11;12;13;14;15;16;17;18;19;20;21;22;23;24;25;26;27;28;29
A,6.29,g_okr,0.746304814444581,0.721629528009776,0.7626746636789729,30,0;1;2;3;4;5;6;7;8;9;10;11;12;13;14;15;16;17;18;19;20;21;22;23;24;25;26;27;28;29
A,6.3,g_okr,0.7464502771506805,0.7217319872493977,0.7628067711039314,30,0;1;2;3;4;5;6;7;8;9;10;11;12;13;14;15;16;17;18;19;20;21;22;23;24;25;26;27;28;29
A,6.3100000000000005,g_okr,0.7465992360546487,0.7218411103338362,0.7629386764626871,30,0;1;2;3;4;5;6;7;8;9;10;11;12;13;14;15;16;17;18;19;20;21;22;23;24;25;26;27;28;29
A,6.32,g_okr,0.7467505785820737,0.7219528653612366,0.763072713933455,30,0;1;2;3;4;5;6;7;8;9;10;11;12;13;14;15;16;17;18;19;20;21;22;23;24;25;26;27;28;29
A,6.33,g_okr,0.7469042832822061,0.7220670463135412,0.7632033770093072,30,0;1;2;3;4;5;6;7;8;9;10;11;12;13;14;15;16;17;18;19;20;21;22;23;24;25;26;27;28;29
A,6.34,g_okr,0.747060160799141,0.7221802729774837,0.763335584941512,30,0;1;2;3;4;5;6;7;8;9;10;11;12;13;14;15;16;17;18;19;20;21;22;23;24;25;26;27;28;29
A,6.3500000000000005,g_okr,0.7472195923495745,0.7222970811317561,0.7634708319988847,30,0;1;2;3;4;5;6;7;8;9;10;11;12;13;14;15;16;17;18;19;20;21;22;23;24;25;26;27;28;29
A,6.36,g_okr,0.7473818723582889,0.7224184070820729,0.7636057405605523,30,0;1;2;3;4;5;6;7;8;9;10;11;12;13;14;15;16;17;18;19;20;21;22;23;24;25;26;27;28;29
A,6.37,g_okr,0.7475465376209366,0.7225421828847878,0.7637430511092586,30,0;1;2;3;4;5;6;7;8;9;10;11;12;13;14;15;16;17;18;19;20;21;22;23;24;25;26;27;28;29
A,6.38,g_okr,0.7477139165302057,0.7226679676194195,0.7638832344043037,30,0;1;2;3;4;5;6;7;8;9;10;11;12;13;14;15;16;17;18;19;20;21;22;23;24;25;26;27;28;29
A,6.390000000000001,g_okr,0.7478829393780745,0.7227958574887406,0.7640252921420485,30,0;1;2;3;4;5;6;7;8;9;10;11;12;13;14;15;16;17;18;19;20;21;22;23;24;25;26;27;28;29
A,6.4,g_okr,0.7480525901155807,0.7229220265648549,0.7641745423005102,30,0;1;2;3;4;5;6;7;8;9;10;11;12;13;14;15;16;17;18;19;20;21;22;23;24;25;26;27;28;29
A,6.41,g_okr,0.7482235808065113,0.7230515220965812,0.7643490834595479,30,0;1;2;3;4;5;6;7;8;9;10;11;12;13;14;15;16;17;18;19;20;21;22;23;24;25;26;27;28;29
A,6.42,g_okr,0.7483970929746839,0.7231833948575952,0.7645250826135364,30,0;1;2;3;4;5;6;7;8;9;10;11;12;13;14;15;16;17;18;19;20;21;22;23;24;25;26;27;28;29
A,6.43,g_okr,0.748572304500876,0.7233172464169562,0.7646997911372719,30,0;1;2;3;4;5;6;7;8;9;10;11;12;13;14;15;16;17;18;19;20;21;22;23;24;25;26;27;28;29
A,6.44,g_okr,0.7487493045157312,0.7234547495000037,0.7648753745136895,30,0;1;2;3;4;5;6;7;8;9;10;11;12;13;14;15;16;17;18;19;20;21;22;23;24;25;26;27;28;29
A,6.45,g_okr,0.748927369397038,0.7235908876366809,0.7650511119408998,30,0;1;2;3;4;5;6;7;8;9;10;11;12;13;14;15;16;17;18;19;20;21;22;23;24;25;26;27;28;29
A,6.46,g_okr,0.7491077320205565,0.7237265982160412,0.7652314233988539,30,0;1;2;3;4;5;6;7;8;9;10;11;12;13;14;15;16;17;18;19;20;21;22;23;24;25;26;27;28;29
A,6.47,g_okr,0.7492894747151522,0.723863702390632,0.7654110834615345,30,0;1;2;3;4;5;6;7;8;9;10;11;12;13;14;15;16;17;18;19;20;21;22;23;24;25;26;27;28;29
A,6.48,g_okr,0.749473079820084,0.7240029798734151,0.7655937713255754,30,0;1;2;3;4;5;6;7;8;9;10;11;12;13;14;15;16;17;18;19;20;21;22;23;24;25;26;27;28;29
A,6.49,g_okr,0.7496582008656143,0.7241454922875936,0.7657778657615018,30,0;1;2;3;4;5;6;7;8;9;10;11;12;13;14;15;16;17;18;19;20;21;22;23;24;25;26;27;28;29
A,6.5,g_okr,0.749843604688995,0.7242881465551367,0.7659620469437186,30,0;1;2;3;4;5;6;7;8;9;10;11;12;13;14;15;16;17;18;19;20;21;22;23;24;25;26;27;28;29
A,6.51,g_okr,0.7500296130493833,0.7244340348065245,0.7661452370174557,30,0;1;2;3;4;5;6;7;8;9;10;11;12;13;14;15;16;17;18;19;20;21;22;23;24;25;26;27;28;29
A,6.5200000000000005,g_okr,0.7502160770312647,0.7245802809619692,0.7663281466682795,30,0;1;2;3;4;5;6;7;8;9;10;11;12;13;14;15;16;17;18;19;20;21;22;23;24;25;26;27;28;29
A,6.53,g_okr,0.7504033840473442,0.7247265385092464,0.7665103204295688,30,0;1;2;3;4;5;6;7;8;9;10;11;12;13;14;15;16;17;18;19;20;21;22;23;24;25;26;27;28;29
A,6.54,g_okr,0.7505907815913488,0.7248733481261903,0.7666898259057634,30,0;1;2;3;4;5;6;7;8;9;10;11;12;13;14;15;16;17;18;19;20;21;22;23;24;25;26;27;28;29
A,6.55,g_okr,0.750777990575395,0.7250191304019669,0.7668682467179083,30,0;1;2;3;4;5;6;7;8;9;10;11;12;13;14;15;16;17;18;19;20;21;22;23;24;25;26;27;28;29
A,6.5600000000000005,g_okr,0.7509651022874838,0.7251683136389963,0.7670447389674577,30,0;1;2;3;4;5;6;7;8;9;10;11;12;13;14;15;16;17;18;19;20;21;22;23;24;25;26;27;28;29
A,6.57,g_okr,0.7511514840386451,0.7253181820570055,0.7672203788635381,30,0;1;2;3;4;5;6;7;8;9;10;11;12;13;14;15;16;17;18;19;20;21;22;23;24;25;26;27;28;29
A,6.58,g_okr,0.7513374293207016,0.7254722256188698,0.7673931619967,30,0;1;2;3;4;5;6;7;8;9;10;11;12;13;14;15;16;17;18;19;20;21;22;23;24;25;26;27;28;29
A,6.59,g_okr,0.7515232809923513,0.7256317547014688,0.7675676333544363,30,0;1;2;3;4;5;6;7;8;9;10;11;12;13;14;15;16;17;18;19;20;21;22;23;24;25;26;27;28;29
A,6.6000000000000005,g_okr,0.75170808753781,0.7257942571211357,0.7677429236076084,30,0;1;2;3;4;5;6;7;8;9;10;11;12;13;14;15;16;17;18;19;20;21;22;23;24;25;26;27;28;29
A,6.61,g_okr,0.751892447378743,0.7259572278335764,0.7679173585997976,30,0;1;2;3;4;5;6;7;8;9;10;11;12;13;14;15;16;17;18;19;20;21;22;23;24;25;26;27;28;29
A,6.62,g_okr,0.7520759359452981,0.7261210099423782,0.7680912484861047,30,0;1;2;3;4;5;6;7;8;9;10;11;12;13;14;15;16;17;18;19;20;21;22;23;24;25;26;27;28;29
A,6.63,g_okr,0.7522580061623683,0.726284755021452,0.7682620413783499,30,0;1;2;3;4;5;6;7;8;9;10;11;12;13;14;15;16;17;18;19;20;21;22;23;24;25;26;27;28;29
A,6.640000000000001,g_okr,0.752438971242553,0.7264504780564095,0.7684300368124009,30,0;1;2;3;4;5;6;7;8;9;10;11;12;13;14;15;16;17;18;19;20;21;22;23;24;25;26;27;28;29
A,6.65,g_okr,0.752617544256693,0.7266185287309792,0.7685947256260409,30,0;1;2;3;4;5;6;7;8;9;10;11;12;13;14;15;16;17;18;19;20;21;22;23;24;25;26;27;28;29
A,6.66,g_okr,0.7527940692845401,0.7267853500524013,0.7687572433697882,30,0;1;2;3;4;5;6;7;8;9;10;11;12;13;14;15;16;17;18;19;20;21;22;23;24;25;26;27;28;29
A,6.67,g_okr,0.7529682698304262,0.7269509904042326,0.7689163609466434,30,0;1;2;3;4;5;6;7;8;9;10;11;12;13;14;15;16;17;18;19;20;21;22;23;24;25;26;27;28;29
A,6.68,g_okr,0.7531409005275288,0.7271159160495752,0.7690740279628805,30,0;1;2;3;4;5;6;7;8;9;10;11;12;13;14;15;16;17;18;19;20;21;22;23;24;25;26;27;28;29
A,6.69,g_okr,0.7533103985694151,0.7272805032832729,0.7692296500677002,30,0;1;2;3;4;5;6;7;8;9;10;11;12;13;14;15;16;17;18;19;20;21;22;23;24;25;26;27;28;29
A,6.7,g_okr,0.753476887817028,0.7274434768386143,0.769377992017569,30,0;1;2;3;4;5;6;7;8;9;10;11;12;13;14;15;16;17;18;19;20;21;22;23;24;25;26;27;28;29
A,6.71,g_okr,0.7536404955081314,0.7276051132489525,0.7695220532612403,30,0;1;2;3;4;5;6;7;8;9;10;11;12;13;14;15;16;17;18;19;20;21;22;23;24;25;26;27;28;29
A,6.72,g_okr,0.7538009346339841,0.727764795711352,0.7696613598345284,30,0;1;2;3;4;5;6;7;8;9;10;11;12;13;14;15;16;17;18;19;20;21;22;23;24;25;26;27;28;29
A,6.73,g_okr,0.7539581958915995,0.7279158011123347,0.7697954748924293,30,0;1;2;3;4;5;6;7;8;9;10;11;12;13;14;15;16;17;18;19;20;21;22;23;24;25;26;27;28;29
A,6.74,g_okr,0.7541116941475747,0.7280546235509266,0.7699271365998701,30,0;1;2;3;4;5;6;7;8;9;10;11;12;13;14;15;16;17;18;19;20;21;22;23;24;25;26;27;28;29
A,6.75,g_okr,0.7542619931900367,0.7281810247933647,0.7700496143194714,30,0;1;2;3;4;5;6;7;8;9;10;11;12;13;14;15;16;17;18;19;20;21;22;23;24;25;26;27;28;29
A,6.76,g_okr,0.7544087195783464,0.7282996763651921,0.7701560134251245,30,0;1;2;3;4;5;6;7;8;9;10;11;12;13;14;15;16;17;18;19;20;21;22;23;24;25;26;27;28;29
A,6.7700000000000005,g_okr,0.7545520148095357,0.7284105255963214,0.770260374528425,30,0;1;2;3;4;5;6;7;8;9;10;11;12;13;14;15;16;17;18;19;20;21;22;23;24;25;26;27;28;29
A,6.78,g_okr,0.7546909623589817,0.7285097105608032,0.7703624836554415,30,0;1;2;3;4;5;6;7;8;9;10;11;12;13;14;15;16;17;18;19;20;21;22;23;24;25;26;27;28;29
A,6.79,g_okr,0.7548254025932845,0.7285976176583973,0.7704578658743374,30,0;1;2;3;4;5;6;7;8;9;10;11;12;13;14;15;16;17;18;19;20;21;22;23;24;25;26;27;28;29
A,6.8,g_okr,0.7549550083676704,0.7286776608714506,0.770547811002532,30,0;1;2;3;4;5;6;7;8;9;10;11;12;13;14;15;16;17;18;19;20;21;22;23;24;25;26;27;28;29
A,6.8100000000000005,g_okr,0.7550804256075134,0.7287484027824369,0.7706337025965163,30,0;1;2;3;4;5;6;7;8;9;10;11;12;13;14;15;16;17;18;19;20;21;22;23;24;25;26;27;28;29
A,6.82,g_okr,0.7552019584285915,0.7288090052569383,0.7707166524907907,30,0;1;2;3;4;5;6;7;8;9;10;11;12;13;14;15;16;17;18;19;20;21;22;23;24;25;26;27;28;29
A,6.83,g_okr,0.7553196485451363,0.7288605826679208,0.7707917354586691,30,0;1;2;3;4;5;6;7;8;9;10;11;12;13;14;15;16;17;18;19;20;21;22;23;24;25;26;27;28;29
A,6.84,g_okr,0.7554338123815899,0.7289121924949595,0.7709428701968352,30,0;1;2;3;4;5;6;7;8;9;10;11;12;13;14;15;16;17;18;19;20;21;22;23;24;25;26;27;28;29
A,6.8500000000000005,g_okr,0.7555445014916103,0.7289684672874744,0.7711567211395468,30,0;1;2;3;4;5;6;7;8;9;10;11;12;13;14;15;16;17;18;19;20;21;22;23;24;25;26;27;28;29
A,6.86,g_okr,0.7556518969900927,0.7290297367537085,0.7713646485027544,30,0;1;2;3;4;5;6;7;8;9;10;11;12;13;14;15;16;17;18;19;20;21;22;23;24;25;26;27;28;29
A,6.87,g_okr,0.7557553383173576,0.7290965418104415,0.7715076342548868,30,0;1;2;3;4;5;6;7;8;9;10;11;12;13;14;15;16;17;18;19;20;21;22;23;24;25;26;27;28;29
A,6.88,g_okr,0.7558545630083636,0.7291683808406961,0.7716323150124257,30,0;1;2;3;4;5;6;7;8;9;10;11;12;13;14;15;16;17;18;19;20;21;22;23;24;25;26;27;28;29
A,6.890000000000001,g_okr,0.7559497505030716,0.7292438117040059,0.771752024402013,30,0;1;2;3;4;5;6;7;8;9;10;11;12;13;14;15;16;17;18;19;20;21;22;23;24;25;26;27;28;29
A,6.9,g_okr,0.7560411822362305,0.7293264183510757,0.7718704488679843,30,0;1;2;3;4;5;6;7;8;9;10;11;12;13;14;15;16;17;18;19;20;21;22;23;24;25;26;27;28;29
A,6.91,g_okr,0.7561292557543997,0.7294159239051059,0.7719867679089057,30,0;1;2;3;4;5;6;7;8;9;10;11;12;13;14;15;16;17;18;19;20;21;22;23;24;25;26;27;28;29
A,6.92,g_okr,0.7562130542082279,0.7295081105982221,0.7720996317557104,30,0;1;2;3;4;5;6;7;8;9;10;11;12;13;14;15;16;17;18;19;20;21;22;23;24;25;26;27;28;29
A,6.93,g_okr,0.7562926417863641,0.7296035684505854,0.7722094493456593,30,0;1;2;3;4;5;6;7;8;9;10;11;12;13;14;15;16;17;18;19;20;21;22;23;24;25;26;27;28;29
A,6.94,g_okr,0.7563675373005283,0.7297047261530027,0.7723092926915541,30,0;1;2;3;4;5;6;7;8;9;10;11;12;13;14;15;16;17;18;19;20;21;22;23;24;25;26;27;28;29
A,6.95,g_okr,0.7564380076295113,0.7298082367448372,0.7724045649352649,30,0;1;2;3;4;5;6;7;8;9;10;11;12;13;14;15;16;17;18;19;20;21;22;23;24;25;26;27;28;29
A,6.96,g_okr,0.756504272331109,0.7299188835232076,0.7724956397573532,30,0;1;2;3;4;5;6;7;8;9;10;11;12;13;14;15;16;17;18;19;20;21;22;23;24;25;26;27;28;29
A,6.97,g_okr,0.7565651777786702,0.7300320023571418,0.7725780799356307,30,0;1;2;3;4;5;6;7;8;9;10;11;12;13;14;15;16;17;18;19;20;21;22;23;24;25;26;27;28;29
A,6.98,g_okr,0.756621053289185,0.7301472814291134,0.7726530824649246,30,0;1;2;3;4;5;6;7;8;9;10;11;12;13;14;15;16;17;18;19;20;21;22;23;24;25;26;27;28;29
A,6.99,g_okr,0.7566714180915631,0.7302667044917526,0.7727197101778335,30,0;1;2;3;4;5;6;7;8;9;10;11;12;13;14;15;16;17;18;19;20;21;22;23;24;25;26;27;28;29
A,7.0,g_okr,0.7567171247874868,0.7303882125609862,0.7727790650352494,30,0;1;2;3;4;5;6;7;8;9;10;11;12;13;14;15;16;17;18;19;20;21;22;23;24;25;26;27;28;29
A,7.01,g_okr,0.7567590423341914,0.7305130307346888,0.7728306592063288,30,0;1;2;3;4;5;6;7;8;9;10;11;12;13;14;15;16;17;18;19;20;21;22;23;24;25;26;27;28;29
A,7.0200000000000005,g_okr,0.7567974087783835,0.7306411507485817,0.772875756071503,30,0;1;2;3;4;5;6;7;8;9;10;11;12;13;14;15;16;17;18;19;20;21;22;23;24;25;26;27;28;29
A,7.03,g_okr,0.7568335889131573,0.7307750977835685,0.7729148741393924,30,0;1;2;3;4;5;6;7;8;9;10;11;12;13;14;15;16;17;18;19;20;21;22;23;24;25;26;27;28;29
A,7.04,g_okr,0.7568678389467077,0.7309116563783333,0.7729466987550777,30,0;1;2;3;4;5;6;7;8;9;10;11;12;13;14;15;16;17;18;19;20;21;22;23;24;25;26;27;28;29
A,7.05,g_okr,0.7569018237065592,0.7310498044056093,0.7729725530977881,30,0;1;2;3;4;5;6;7;8;9;10;11;12;13;14;15;16;17;18;19;20;21;22;23;24;25;26;27;28;29
A,7.0600000000000005,g_okr,0.7569357922469405,0.731191888381642,0.7729910171645352,30,0;1;2;3;4;5;6;7;8;9;10;11;12;13;14;15;16;17;18;19;20;21;22;23;24;25;26;27;28;29
A,7.07,g_okr,0.7569733665399085,0.7313414853191709,0.7730048020425803,30,0;1;2;3;4;5;6;7;8;9;10;11;12;13;14;15;16;17;18;19;20;21;22;23;24;25;26;27;28;29
A,7.08,g_okr,0.7570140756029657,0.7314935238007144,0.7730225224311277,30,0;1;2;3;4;5;6;7;8;9;10;11;12;13;14;15;16;17;18;19;20;21;22;23;24;25;26;27;28;29
A,7.09,g_okr,0.7570584684115896,0.731648641895218,0.7730424762824964,30,0;1;2;3;4;5;6;7;8;9;10;11;12;13;14;15;16;17;18;19;20;21;22;23;24;25;26;27;28;29
A,7.1000000000000005,g_okr,0.7571080587037401,0.7318099201552463,0.7730642187840814,30,0;1;2;3;4;5;6;7;8;9;10;11;12;13;14;15;16;17;18;19;20;21;22;23;24;25;26;27;28;29
A,7.11,g_okr,0.7571623878886703,0.7319754541746644,0.7730880636102095,30,0;1;2;3;4;5;6;7;8;9;10;11;12;13;14;15;16;17;18;19;20;21;22;23;24;25;26;27;28;29
A,7.12,g_okr,0.7572217275572662,0.7321421353989293,0.7731156360939715,30,0;1;2;3;4;5;6;7;8;9;10;11;12;13;14;15;16;17;18;19;20;21;22;23;24;25;26;27;28;29
A,7.13,g_okr,0.7572858935258715,0.7323095571953641,0.7731457946410479,30,0;1;2;3;4;5;6;7;8;9;10;11;12;13;14;15;16;17;18;19;20;21;22;23;24;25;26;27;28;29
A,7.140000000000001,g_okr,0.7573541976160266,0.7324778280313883,0.7731776836278114,30,0;1;2;3;4;5;6;7;8;9;10;11;12;13;14;15;16;17;18;19;20;21;22;23;24;25;26;27;28;29
A,7.15,g_okr,0.7574267382543258,0.7326497233518326,0.7732108715209728,30,0;1;2;3;4;5;6;7;8;9;10;11;12;13;14;15;16;17;18;19;20;21;22;23;24;25;26;27;28;29
A,7.16,g_okr,0.7575034735068117,0.7328251748459668,0.7732456453200527,30,0;1;2;3;4;5;6;7;8;9;10;11;12;13;14;15;16;17;18;19;20;21;22;23;24;25;26;27;28;29
A,7.17,g_okr,0.7575861397275883,0.7330054697526367,0.7732857236732201,30,0;1;2;3;4;5;6;7;8;9;10;11;12;13;14;15;16;17;18;19;20;21;22;23;24;25;26;27;28;29
A,7.18,g_okr,0.7576747233786826,0.7331898690942736,0.7733305427159722,30,0;1;2;3;4;5;6;7;8;9;10;11;12;13;14;15;16;17;18;19;20;21;22;23;24;25;26;27;28;29
A,7.19,g_okr,0.7577694619930923,0.7333740741606509,0.7733802434510564,30,0;1;2;3;4;5;6;7;8;9;10;11;12;13;14;15;16;17;18;19;20;21;22;23;24;25;26;27;28;29
A,7.2,g_okr,0.7578706460672429,0.7335654541007227,0.7734333281061995,30,0;1;2;3;4;5;6;7;8;9;10;11;12;13;14;15;16;17;18;19;20;21;22;23;24;25;26;27;28;29
A,7.21,g_okr,0.7579775617496239,0.7337599631364555,0.7734869763229942,30,0;1;2;3;4;5;6;7;8;9;10;11;12;13;14;15;16;17;18;19;20;21;22;23;24;25;26;27;28;29
A,7.22,g_okr,0.7580907301893073,0.7339568926201787,0.7735438287861696,30,0;1;2;3;4;5;6;7;8;9;10;11;12;13;14;15;16;17;18;19;20;21;22;23;24;25;26;27;28;29
A,7.23,g_okr,0.7582095572136612,0.7341563606695274,0.7736021936748223,30,0;1;2;3;4;5;6;7;8;9;10;11;12;13;14;15;16;17;18;19;20;21;22;23;24;25;26;27;28;29
A,7.24,g_okr,0.7583341345709481,0.7343562854699601,0.7736691269328115,30,0;1;2;3;4;5;6;7;8;9;10;11;12;13;14;15;16;17;18;19;20;21;22;23;24;25;26;27;28;29
A,7.25,g_okr,0.7584644522472794,0.7345577734415331,0.7737406828908368,30,0;1;2;3;4;5;6;7;8;9;10;11;12;13;14;15;16;17;18;19;20;21;22;23;24;25;26;27;28;29
A,7.26,g_okr,0.7586023447462635,0.7347308435137948,0.7739321962444979,30,0;1;2;3;4;5;6;7;8;9;10;11;12;13;14;15;16;17;18;19;20;21;22;23;24;25;26;27;28;29
A,7.2700000000000005,g_okr,0.7587478946883334,0.7348152437720993,0.7741445705074612,30,0;1;2;3;4;5;6;7;8;9;10;11;12;13;14;15;16;17;18;19;20;21;22;23;24;25;26;27;28;29
A,7.28,g_okr,0.7589018001776714,0.73490810375758,0.7743645799006013,30,0;1;2;3;4;5;6;7;8;9;10;11;12;13;14;15;16;17;18;19;20;21;22;23;24;25;26;27;28;29
A,7.29,g_okr,0.7590640009268204,0.7350102529844548,0.7745954070249781,30,0;1;2;3;4;5;6;7;8;9;10;11;12;13;14;15;16;17;18;19;20;21;22;23;24;25;26;27;28;29
A,7.3,g_okr,0.7592344804443325,0.7351228177159708,0.7748327559647934,30,0;1;2;3;4;5;6;7;8;9;10;11;12;13;14;15;16;17;18;19;20;21;22;23;24;25;26;27;28;29
A,7.3100000000000005,g_okr,0.7594133211823113,0.7352446830432228,0.7750740522536267,30,0;1;2;3;4;5;6;7;8;9;10;11;12;13;14;15;16;17;18;19;20;21;22;23;24;25;26;27;28;29
A,7.32,g_okr,0.7596006046996077,0.7353710520675103,0.7753232979455495,30,0;1;2;3;4;5;6;7;8;9;10;11;12;13;14;15;16;17;18;19;20;21;22;23;24;25;26;27;28;29
A,7.33,g_okr,0.7597963710728316,0.7355052770481012,0.7755822633359197,30,0;1;2;3;4;5;6;7;8;9;10;11;12;13;14;15;16;17;18;19;20;21;22;23;24;25;26;27;28;29
A,7.34,g_okr,0.7599999046703262,0.7356470414554691,0.7758460375241047,30,0;1;2;3;4;5;6;7;8;9;10;11;12;13;14;15;16;17;18;19;20;21;22;23;24;25;26;27;28;29
A,7.3500000000000005,g_okr,0.7602110565581474,0.7357941117697746,0.7760692656202806,30,0;1;2;3;4;5;6;7;8;9;10;11;12;13;14;15;16;17;18;19;20;21;22;23;24;25;26;27;28;29
A,7.36,g_okr,0.7604301619863668,0.7359555170936073,0.7762229788027297,30,0;1;2;3;4;5;6;7;8;9;10;11;12;13;14;15;16;17;18;19;20;21;22;23;24;25;26;27;28;29
A,7.37,g_okr,0.7606571567243262,0.736126643461524,0.7763869539026546,30,0;1;2;3;4;5;6;7;8;9;10;11;12;13;14;15;16;17;18;19;20;21;22;23;24;25;26;27;28;29
A,7.38,g_okr,0.7608926246890807,0.7363077481124746,0.7765583801701942,30,0;1;2;3;4;5;6;7;8;9;10;11;12;13;14;15;16;17;18;19;20;21;22;23;24;25;26;27;28;29
A,7.390000000000001,g_okr,0.7611359926874675,0.7365022700853882,0.7767344442124304,30,0;1;2;3;4;5;6;7;8;9;10;11;12;13;14;15;16;17;18;19;20;21;22;23;24;25;26;27;28;29
A,7.4,g_okr,0.7613873011261153,0.7367095216301471,0.7769233215514842,30,0;1;2;3;4;5;6;7;8;9;10;11;12;13;14;15;16;17;18;19;20;21;22;23;24;25;26;27;28;29
A,7.41,g_okr,0.7616477898578997,0.7369252345075546,0.7771200927944665,30,0;1;2;3;4;5;6;7;8;9;10;11;12;13;14;15;16;17;18;19;20;21;22;23;24;25;26;27;28;29
A,7.42,g_okr,0.7619165949209562,0.7371530152791622,0.7773231679199125,30,0;1;2;3;4;5;6;7;8;9;10;11;12;13;14;15;16;17;18;19;20;21;22;23;24;25;26;27;28;29
A,7.43,g_okr,0.7621926735166535,0.7373904364059715,0.777534569520248,30,0;1;2;3;4;5;6;7;8;9;10;11;12;13;14;15;16;17;18;19;20;21;22;23;24;25;26;27;28;29
A,7.44,g_okr,0.7624760548759524,0.7376418296784016,0.7777540394649147,30,0;1;2;3;4;5;6;7;8;9;10;11;12;13;14;15;16;17;18;19;20;21;22;23;24;25;26;27;28;29
A,7.45,g_okr,0.7627660165108091,0.7379041865212645,0.7779752262430485,30,0;1;2;3;4;5;6;7;8;9;10;11;12;13;14;15;16;17;18;19;20;21;22;23;24;25;26;27;28;29
A,7.46,g_okr,0.7630636079548867,0.7381756558748012,0.7782076601166852,30,0;1;2;3;4;5;6;7;8;9;10;11;12;13;14;15;16;17;18;19;20;21;22;23;24;25;26;27;28;29
A,7.47,g_okr,0.7633682061524429,0.7384590274934971,0.7785366983854137,30,0;1;2;3;4;5;6;7;8;9;10;11;12;13;14;15;16;17;18;19;20;21;22;23;24;25;26;27;28;29
A,7.48,g_okr,0.7636807376637712,0.7387531537006568,0.7788719304364174,30,0;1;2;3;4;5;6;7;8;9;10;11;12;13;14;15;16;17;18;19;20;21;22;23;24;25;26;27;28;29
A,7.49,g_okr,0.7640008155003566,0.739060053377713,0.7792126869967264,30,0;1;2;3;4;5;6;7;8;9;10;11;12;13;14;15;16;17;18;19;20;21;22;23;24;25;26;27;28;29
A,7.5,g_okr,0.7643281384836957,0.7393742344007266,0.7795585045658763,30,0;1;2;3;4;5;6;7;8;9;10;11;12;13;14;15;16;17;18;19;20;21;22;23;24;25;26;27;28;29
A,7.51,g_okr,0.7646628761437244,0.7397005919293683,0.7799088088502125,30,0;1;2;3;4;5;6;7;8;9;10;11;12;13;14;15;16;17;18;19;20;21;22;23;24;25;26;27;28;29
A,7.5200000000000005,g_okr,0.7650043234891878,0.7400352570867752,0.7802632270470092,30,0;1;2;3;4;5;6;7;8;9;10;11;12;13;14;15;16;17;18;19;20;21;22;23;24;25;26;27;28;29
A,7.53,g_okr,0.7653521876658178,0.7403777803461545,0.7806229298257407,30,0;1;2;3;4;5;6;7;8;9;10;11;12;13;14;15;16;17;18;19;20;21;22;23;24;25;26;27;28;29
A,7.54,g_okr,0.7657062175041514,0.7407265164296148,0.7809882978520578,30,0;1;2;3;4;5;6;7;8;9;10;11;12;13;14;15;16;17;18;19;20;21;22;23;24;25;26;27;28;29
A,7.55,g_okr,0.766067123372508,0.7410822408198455,0.7813594626590191,30,0;1;2;3;4;5;6;7;8;9;10;11;12;13;14;15;16;17;18;19;20;21;22;23;24;25;26;27;28;29
A,7.5600000000000005,g_okr,0.7664344240565509,0.7414461095062547,0.7817361360346782,30,0;1;2;3;4;5;6;7;8;9;10;11;12;13;14;15;16;17;18;19;20;21;22;23;24;25;26;27;28;29
A,7.57,g_okr,0.7668085027842919,0.7418208881998188,0.7821198037949219,30,0;1;2;3;4;5;6;7;8;9;10;11;12;13;14;15;16;17;18;19;20;21;22;23;24;25;26;27;28;29
A,7.58,g_okr,0.7671887135855389,0.7422011406596497,0.7825090362213103,30,0;1;2;3;4;5;6;7;8;9;10;11;12;13;14;15;16;17;18;19;20;21;22;23;24;25;26;27;28;29
A,7.59,g_okr,0.767575066394044,0.742587116031283,0.7829028453260747,30,0;1;2;3;4;5;6;7;8;9;10;11;12;13;14;15;16;17;18;19;20;21;22;23;24;25;26;27;28;29
A,7.6000000000000005,g_okr,0.7679682458573477,0.7429784187658721,0.7833033642401404,30,0;1;2;3;4;5;6;7;8;9;10;11;12;13;14;15;16;17;18;19;20;21;22;23;24;25;26;27;28;29
A,7.61,g_okr,0.7683683783116665,0.7433785423385957,0.7837077799948124,30,0;1;2;3;4;5;6;7;8;9;10;11;12;13;14;15;16;17;18;19;20;21;22;23;24;25;26;27;28;29
A,7.62,g_okr,0.7687753117349267,0.7437875261442474,0.7841167664363823,30,0;1;2;3;4;5;6;7;8;9;10;11;12;13;14;15;16;17;18;19;20;21;22;23;24;25;26;27;28;29
A,7.63,g_okr,0.7691880613569226,0.7442057776850408,0.7845316770420434,30,0;1;2;3;4;5;6;7;8;9;10;11;12;13;14;15;16;17;18;19;20;21;22;23;24;25;26;27;28;29
A,7.640000000000001,g_okr,0.7696065867850802,0.7446304197961556,0.784949468502596,30,0;1;2;3;4;5;6;7;8;9;10;11;12;13;14;15;16;17;18;19;20;21;22;23;24;25;26;27;28;29
A,7.65,g_okr,0.7700307963625296,0.7450593127851535,0.7854286646602789,30,0;1;2;3;4;5;6;7;8;9;10;11;12;13;14;15;16;17;18;19;20;21;22;23;24;25;26;27;28;29
A,7.66,g_okr,0.7704607338754852,0.7454942635143352,0.7859601710596581,30,0;1;2;3;4;5;6;7;8;9;10;11;12;13;14;15;16;17;18;19;20;21;22;23;24;25;26;27;28;29
A,7.67,g_okr,0.7708960668266817,0.74593493877153,0.7865005450431107,30,0;1;2;3;4;5;6;7;8;9;10;11;12;13;14;15;16;17;18;19;20;21;22;23;24;25;26;27;28;29
A,7.68,g_okr,0.7713374802946878,0.7463832116953578,0.7870453489733532,30,0;1;2;3;4;5;6;7;8;9;10;11;12;13;14;15;16;17;18;19;20;21;22;23;24;25;26;27;28;29
A,7.69,g_okr,0.7717842211247766,0.7468366809602742,0.7875910534582754,30,0;1;2;3;4;5;6;7;8;9;10;11;12;13;14;15;16;17;18;19;20;21;22;23;24;25;26;27;28;29
A,7.7,g_okr,0.772236537585894,0.7472957973304246,0.7881395373970107,30,0;1;2;3;4;5;6;7;8;9;10;11;12;13;14;15;16;17;18;19;20;21;22;23;24;25;26;27;28;29
A,7.71,g_okr,0.772693001223424,0.7477560923064285,0.7886913318211245,30,0;1;2;3;4;5;6;7;8;9;10;11;12;13;14;15;16;17;18;19;20;21;22;23;24;25;26;27;28;29
A,7.72,g_okr,0.7731556256693117,0.7482250966048188,0.7892460662450024,30,0;1;2;3;4;5;6;7;8;9;10;11;12;13;14;15;16;17;18;19;20;21;22;23;24;25;26;27;28;29
A,7.73,g_okr,0.7736237231223025,0.7486989682419483,0.7898061282363695,30,0;1;2;3;4;5;6;7;8;9;10;11;12;13;14;15;16;17;18;19;20;21;22;23;24;25;26;27;28;29
A,7.74,g_okr,0.7740971058069789,0.7491792603764448,0.7903681346219952,30,0;1;2;3;4;5;6;7;8;9;10;11;12;13;14;15;16;17;18;19;20;21;22;23;24;25;26;27;28;29
A,7.75,g_okr,0.7745749064816774,0.7496660742137022,0.7909358217600454,30,0;1;2;3;4;5;6;7;8;9;10;11;12;13;14;15;16;17;18;19;20;21;22;23;24;25;26;27;28;29
A,7.76,g_okr,0.7750566836302949,0.7501566804231714,0.7915074607011421,30,0;1;2;3;4;5;6;7;8;9;10;11;12;13;14;15;16;17;18;19;20;21;22;23;24;25;26;27;28;29
A,7.7700000000000005,g_okr,0.7755424539217918,0.7506522120697836,0.7920740751927957,30,0;1;2;3;4;5;6;7;8;9;10;11;12;13;14;15;16;17;18;19;20;21;22;23;24;25;26;27;28;29
A,7.78,g_okr,0.7760327525904509,0.751151989071501,0.7926342147935102,30,0;1;2;3;4;5;6;7;8;9;10;11;12;13;14;15;16;17;18;19;20;21;22;23;24;25;26;27;28;29
A,7.79,g_okr,0.776526376325649,0.7516569125381747,0.7931871891740389,30,0;1;2;3;4;5;6;7;8;9;10;11;12;13;14;15;16;17;18;19;20;21;22;23;24;25;26;27;28;29
A,7.8,g_okr,0.7770238818979984,0.7521654776110651,0.7937349031471843,30,0;1;2;3;4;5;6;7;8;9;10;11;12;13;14;15;16;17;18;19;20;21;22;23;24;25;26;27;28;29
A,7.8100000000000005,g_okr,0.777525145602268,0.7526764570979301,0.7942785683535066,30,0;1;2;3;4;5;6;7;8;9;10;11;12;13;14;15;16;17;18;19;20;21;22;23;24;25;26;27;28;29
A,7.82,g_okr,0.778030025068306,0.7531895823366036,0.7948216614278312,30,0;1;2;3;4;5;6;7;8;9;10;11;12;13;14;15;16;17;18;19;20;21;22;23;24;25;26;27;28;29
A,7.83,g_okr,0.7785383373338516,0.7537050456480646,0.795362411198646,30,0;1;2;3;4;5;6;7;8;9;10;11;12;13;14;15;16;17;18;19;20;21;22;23;24;25;26;27;28;29
A,7.84,g_okr,0.7790496976887279,0.7542234448686514,0.7958983368671224,30,0;1;2;3;4;5;6;7;8;9;10;11;12;13;14;15;16;17;18;19;20;21;22;23;24;25;26;27;28;29
A,7.8500000000000005,g_okr,0.7795641825601588,0.7547433150575089,0.7964346895495754,30,0;1;2;3;4;5;6;7;8;9;10;11;12;13;14;15;16;17;18;19;20;21;22;23;24;25;26;27;28;29
A,7.86,g_okr,0.7800812977659963,0.7552677995227336,0.7969728360916558,30,0;1;2;3;4;5;6;7;8;9;10;11;12;13;14;15;16;17;18;19;20;21;22;23;24;25;26;27;28;29
A,7.87,g_okr,0.780601562977711,0.7557949424635705,0.7975084992443755,30,0;1;2;3;4;5;6;7;8;9;10;11;12;13;14;15;16;17;18;19;20;21;22;23;24;25;26;27;28;29
A,7.88,g_okr,0.7811238337868723,0.7563239270949367,0.7980418565973063,30,0;1;2;3;4;5;6;7;8;9;10;11;12;13;14;15;16;17;18;19;20;21;22;23;24;25;26;27;28;29
A,7.890000000000001,g_okr,0.7816484291348551,0.7568543906537606,0.7985728037291077,30,0;1;2;3;4;5;6;7;8;9;10;11;12;13;14;15;16;17;18;19;20;21;22;23;24;25;26;27;28;29
A,7.9,g_okr,0.7821750956766306,0.757386786506553,0.7991024550966527,30,0;1;2;3;4;5;6;7;8;9;10;11;12;13;14;15;16;17;18;19;20;21;22;23;24;25;26;27;28;29
A,7.91,g_okr,0.7827037966670515,0.7579239088889139,0.7996301882240534,30,0;1;2;3;4;5;6;7;8;9;10;11;12;13;14;15;16;17;18;19;20;21;22;23;24;25;26;27;28;29
A,7.92,g_okr,0.7832343996863258,0.758463869197611,0.8001543638777873,30,0;1;2;3;4;5;6;7;8;9;10;11;12;13;14;15;16;17;18;19;20;21;22;23;24;25;26;27;28;29
A,7.930000000000001,g_okr,0.7837672273188708,0.7590060614820031,0.8006768345473205,30,0;1;2;3;4;5;6;7;8;9;10;11;12;13;14;15;16;17;18;19;20;21;22;23;24;25;26;27;28;29
A,7.94,g_okr,0.7843016212325419,0.7595525364720243,0.8012014481114282,30,0;1;2;3;4;5;6;7;8;9;10;11;12;13;14;15;16;17;18;19;20;21;22;23;24;25;26;27;28;29
A,7.95,g_okr,0.7848377422428051,0.7600992147069435,0.8017262591338524,30,0;1;2;3;4;5;6;7;8;9;10;11;12;13;14;15;16;17;18;19;20;21;22;23;24;25;26;27;28;29
A,7.96,g_okr,0.7853750707110135,0.7606526639464498,0.8022499919135412,30,0;1;2;3;4;5;6;7;8;9;10;11;12;13;14;15;16;17;18;19;20;21;22;23;24;25;26;27;28;29
A,7.97,g_okr,0.785913149385492,0.7612046724112181,0.8027722110683873,30,0;1;2;3;4;5;6;7;8;9;10;11;12;13;14;15;16;17;18;19;20;21;22;23;24;25;26;27;28;29
A,7.98,g_okr,0.7864515899589549,0.7617548167508722,0.8032899859607406,30,0;1;2;3;4;5;6;7;8;9;10;11;12;13;14;15;16;17;18;19;20;21;22;23;24;25;26;27;28;29
A,7.99,g_okr,0.7869908602187751,0.7623042414040292,0.8038059074466058,30,0;1;2;3;4;5;6;7;8;9;10;11;12;13;14;15;16;17;18;19;20;21;22;23;24;25;26;27;28;29
A,8.0,g_okr,0.7875304200593276,0.7628523003185764,0.8043210764520647,30,0;1;2;3;4;5;6;7;8;9;10;11;12;13;14;15;16;17;18;19;20;21;22;23;24;25;26;27;28;29
A,8.01,g_okr,0.7880694862671128,0.7633988533219057,0.8048361163148446,30,0;1;2;3;4;5;6;7;8;9;10;11;12;13;14;15;16;17;18;19;20;21;22;23;24;25;26;27;28;29
A,8.02,g_okr,0.788608819735688,0.7639473765040087,0.8053454776293469,30,0;1;2;3;4;5;6;7;8;9;10;11;12;13;14;15;16;17;18;19;20;21;22;23;24;25;26;27;28;29
A,8.03,g_okr,0.7891485024954459,0.7644954055278611,0.8058497618654599,30,0;1;2;3;4;5;6;7;8;9;10;11;12;13;14;15;16;17;18;19;20;21;22;23;24;25;26;27;28;29
A,8.040000000000001,g_okr,0.789688263570955,0.7650429963783211,0.8063533905581327,30,0;1;2;3;4;5;6;7;8;9;10;11;12;13;14;15;16;17;18;19;20;21;22;23;24;25;26;27;28;29
A,8.05,g_okr,0.790227675541207,0.7655912374399697,0.8068581338132057,30,0;1;2;3;4;5;6;7;8;9;10;11;12;13;14;15;16;17;18;19;20;21;22;23;24;25;26;27;28;29
A,8.06,g_okr,0.7907666841015408,0.7661389477113261,0.8073627765048753,30,0;1;2;3;4;5;6;7;8;9;10;11;12;13;14;15;16;17;18;19;20;21;22;23;24;25;26;27;28;29
A,8.07,g_okr,0.7913048570830684,0.766682903093528,0.8078674783959423,30,0;1;2;3;4;5;6;7;8;9;10;11;12;13;14;15;16;17;18;19;20;21;22;23;24;25;26;27;28;29
A,8.08,g_okr,0.7918427001380254,0.7672229019555075,0.808372740862018,30,0;1;2;3;4;5;6;7;8;9;10;11;12;13;14;15;16;17;18;19;20;21;22;23;24;25;26;27;28;29
A,8.09,g_okr,0.7923799426739667,0.7677625687629781,0.8088802586687605,30,0;1;2;3;4;5;6;7;8;9;10;11;12;13;14;15;16;17;18;19;20;21;22;23;24;25;26;27;28;29
A,8.1,g_okr,0.7929148303996142,0.7682986522592955,0.8093858302294006,30,0;1;2;3;4;5;6;7;8;9;10;11;12;13;14;15;16;17;18;19;20;21;22;23;24;25;26;27;28;29
A,8.11,g_okr,0.7934485538772795,0.7688323440037389,0.8098883891995371,30,0;1;2;3;4;5;6;7;8;9;10;11;12;13;14;15;16;17;18;19;20;21;22;23;24;25;26;27;28;29
A,8.120000000000001,g_okr,0.7939810468311782,0.7693637820208084,0.8103927169137951,30,0;1;2;3;4;5;6;7;8;9;10;11;12;13;14;15;16;17;18;19;20;21;22;23;24;25;26;27;28;29
A,8.13,g_okr,0.7945125468436782,0.7698972468179363,0.8108928929027587,30,0;1;2;3;4;5;6;7;8;9;10;11;12;13;14;15;16;17;18;19;20;21;22;23;24;25;26;27;28;29
A,8.14,g_okr,0.7950425751837698,0.7704295297115707,0.8113907296803368,30,0;1;2;3;4;5;6;7;8;9;10;11;12;13;14;15;16;17;18;19;20;21;22;23;24;25;26;27;28;29
A,8.15,g_okr,0.7955703472030198,0.77096252810514,0.8118853876898582,30,0;1;2;3;4;5;6;7;8;9;10;11;12;13;14;15;16;17;18;19;20;21;22;23;24;25;26;27;28;29
A,8.16,g_okr,0.7960958123635972,0.771494954363726,0.812378094313896,30,0;1;2;3;4;5;6;7;8;9;10;11;12;13;14;15;16;17;18;19;20;21;22;23;24;25;26;27;28;29
A,8.17,g_okr,0.7966188072989584,0.7720247084305539,0.8128694527295313,30,0;1;2;3;4;5;6;7;8;9;10;11;12;13;14;15;16;17;18;19;20;21;22;23;24;25;26;27;28;29
A,8.18,g_okr,0.7971395837053711,0.7725535773512967,0.8133577152996764,30,0;1;2;3;4;5;6;7;8;9;10;11;12;13;14;15;16;17;18;19;20;21;22;23;24;25;26;27;28;29
A,8.19,g_okr,0.7976575368021491,0.7730805220592989,0.8138425635192412,30,0;1;2;3;4;5;6;7;8;9;10;11;12;13;14;15;16;17;18;19;20;21;22;23;24;25;26;27;28;29
A,8.2,g_okr,0.7981728364117673,0.773604656608354,0.8143280051587236,30,0;1;2;3;4;5;6;7;8;9;10;11;12;13;14;15;16;17;18;19;20;21;22;23;24;25;26;27;28;29
A,8.21,g_okr,0.798684522677955,0.7741281582965552,0.814810509411433,30,0;1;2;3;4;5;6;7;8;9;10;11;12;13;14;15;16;17;18;19;20;21;22;23;24;25;26;27;28;29
A,8.22,g_okr,0.7991938412934083,0.7746486314338508,0.8152922718311962,30,0;1;2;3;4;5;6;7;8;9;10;11;12;13;14;15;16;17;18;19;20;21;22;23;24;25;26;27;28;29
A,8.23,g_okr,0.7997002875910912,0.7751670622371544,0.8157696603102187,30,0;1;2;3;4;5;6;7;8;9;10;11;12;13;14;15;16;17;18;19;20;21;22;23;24;25;26;27;28;29
A,8.24,g_okr,0.8002040845318391,0.7756846379111122,0.8162451213005415,30,0;1;2;3;4;5;6;7;8;9;10;11;12;13;14;15;16;17;18;19;20;21;22;23;24;25;26;27;28;29
A,8.25,g_okr,0.8007040701985714,0.7761985468524629,0.8167136586086222,30,0;1;2;3;4;5;6;7;8;9;10;11;12;13;14;15;16;17;18;19;20;21;22;23;24;25;26;27;28;29
A,8.26,g_okr,0.8011995478623006,0.7767075457054169,0.817175149402878,30,0;1;2;3;4;5;6;7;8;9;10;11;12;13;14;15;16;17;18;19;20;21;22;23;24;25;26;27;28;29
A,8.27,g_okr,0.8016910722682876,0.7772123928368126,0.8176284273813732,30,0;1;2;3;4;5;6;7;8;9;10;11;12;13;14;15;16;17;18;19;20;21;22;23;24;25;26;27;28;29
A,8.28,g_okr,0.8021776491992486,0.7777148626323155,0.8180772461326248,30,0;1;2;3;4;5;6;7;8;9;10;11;12;13;14;15;16;17;18;19;20;21;22;23;24;25;26;27;28;29
A,8.290000000000001,g_okr,0.8026593575712834,0.7782126960422072,0.8185210521031979,30,0;1;2;3;4;5;6;7;8;9;10;11;12;13;14;15;16;17;18;19;20;21;22;23;24;25;26;27;28;29
A,8.3,g_okr,0.8031365102080213,0.7787054970078874,0.8189611720668443,30,0;1;2;3;4;5;6;7;8;9;10;11;12;13;14;15;16;17;18;19;20;21;22;23;24;25;26;27;28;29
A,8.31,g_okr,0.8036097643736438,0.7791951439309202,0.8193956630247046,30,0;1;2;3;4;5;6;7;8;9;10;11;12;13;14;15;16;17;18;19;20;21;22;23;24;25;26;27;28;29
A,8.32,g_okr,0.804077793707977,0.7796790938867147,0.8198240080093515,30,0;1;2;3;4;5;6;7;8;9;10;11;12;13;14;15;16;17;18;19;20;21;22;23;24;25;26;27;28;29
A,8.33,g_okr,0.8045406988641309,0.7801543103907511,0.8202476644137626,30,0;1;2;3;4;5;6;7;8;9;10;11;12;13;14;15;16;17;18;19;20;21;22;23;24;25;26;27;28;29
A,8.34,g_okr,0.8049984534816393,0.7806216676392135,0.8206653184463683,30,0;1;2;3;4;5;6;7;8;9;10;11;12;13;14;15;16;17;18;19;20;21;22;23;24;25;26;27;28;29
A,8.35,g_okr,0.8054503242771658,0.781084386930387,0.8210807046333661,30,0;1;2;3;4;5;6;7;8;9;10;11;12;13;14;15;16;17;18;19;20;21;22;23;24;25;26;27;28;29
A,8.36,g_okr,0.8058972389331818,0.7815414310652489,0.8214919449152209,30,0;1;2;3;4;5;6;7;8;9;10;11;12;13;14;15;16;17;18;19;20;21;22;23;24;25;26;27;28;29
A,8.370000000000001,g_okr,0.8063385810060436,0.7819935133210008,0.8218972967279053,30,0;1;2;3;4;5;6;7;8;9;10;11;12;13;14;15;16;17;18;19;20;21;22;23;24;25;26;27;28;29
A,8.38,g_okr,0.8067740892638251,0.7824409890354933,0.8222988648727967,30,0;1;2;3;4;5;6;7;8;9;10;11;12;13;14;15;16;17;18;19;20;21;22;23;24;25;26;27;28;29
A,8.39,g_okr,0.8072028220680073,0.78287976243558,0.8226938135855478,30,0;1;2;3;4;5;6;7;8;9;10;11;12;13;14;15;16;17;18;19;20;21;22;23;24;25;26;27;28;29
A,8.4,g_okr,0.8076253292630005,0.7833118130144249,0.8230812759592787,30,0;1;2;3;4;5;6;7;8;9;10;11;12;13;14;15;16;17;18;19;20;21;22;23;24;25;26;27;28;29
A,8.41,g_okr,0.8080414334308866,0.7837367710313115,0.8234657843746881,30,0;1;2;3;4;5;6;7;8;9;10;11;12;13;14;15;16;17;18;19;20;21;22;23;24;25;26;27;28;29
A,8.42,g_okr,0.808451605871639,0.7841541049006727,0.8238461323042556,30,0;1;2;3;4;5;6;7;8;9;10;11;12;13;14;15;16;17;18;19;20;21;22;23;24;25;26;27;28;29
A,8.43,g_okr,0.80885584136446,0.7845652270850815,0.8242208213620658,30,0;1;2;3;4;5;6;7;8;9;10;11;12;13;14;15;16;17;18;19;20;21;22;23;24;25;26;27;28;29
A,8.44,g_okr,0.8092533144474513,0.784968817242431,0.8245932674359714,30,0;1;2;3;4;5;6;7;8;9;10;11;12;13;14;15;16;17;18;19;20;21;22;23;24;25;26;27;28;29
A,8.45,g_okr,0.8096430746277428,0.785364958856212,0.8249587834908315,30,0;1;2;3;4;5;6;7;8;9;10;11;12;13;14;15;16;17;18;19;20;21;22;23;24;25;26;27;28;29
A,8.46,g_okr,0.8100258435964892,0.7857516579072557,0.8253137035997032,30,0;1;2;3;4;5;6;7;8;9;10;11;12;13;14;15;16;17;18;19;20;21;22;23;24;25;26;27;28;29
A,8.47,g_okr,0.8104009270510593,0.7861311369120093,0.8256676470944788,30,0;1;2;3;4;5;6;7;8;9;10;11;12;13;14;15;16;17;18;19;20;21;22;23;24;25;26;27;28;29
A,8.48,g_okr,0.8107684986895969,0.7865053767220613,0.8260384754785086,30,0;1;2;3;4;5;6;7;8;9;10;11;12;13;14;15;16;17;18;19;20;21;22;23;24;25;26;27;28;29
A,8.49,g_okr,0.8111289208064677,0.7868737438229425,0.8264021839011421,30,0;1;2;3;4;5;6;7;8;9;10;11;12;13;14;15;16;17;18;19;20;21;22;23;24;25;26;27;28;29
A,8.5,g_okr,0.8114820595368678,0.7872332525082969,0.8267574509081361,30,0;1;2;3;4;5;6;7;8;9;10;11;12;13;14;15;16;17;18;19;20;21;22;23;24;25;26;27;28;29
A,8.51,g_okr,0.8118277053296822,0.7875869446190569,0.8271031682727115,30,0;1;2;3;4;5;6;7;8;9;10;11;12;13;14;15;16;17;18;19;20;21;22;23;24;25;26;27;28;29
A,8.52,g_okr,0.8121659147557886,0.7879298379929267,0.8274433152071171,30,0;1;2;3;4;5;6;7;8;9;10;11;12;13;14;15;16;17;18;19;20;21;22;23;24;25;26;27;28;29
A,8.53,g_okr,0.812497145205083,0.7882648939845279,0.8277761715032143,30,0;1;2;3;4;5;6;7;8;9;10;11;12;13;14;15;16;17;18;19;20;21;22;23;24;25;26;27;28;29
A,8.540000000000001,g_okr,0.8128199278250541,0.7885938202105514,0.8280986861736548,30,0;1;2;3;4;5;6;7;8;9;10;11;12;13;14;15;16;17;18;19;20;21;22;23;24;25;26;27;28;29
A,8.55,g_okr,0.8131351946088626,0.7889181409508803,0.8284128092212699,30,0;1;2;3;4;5;6;7;8;9;10;11;12;13;14;15;16;17;18;19;20;21;22;23;24;25;26;27;28;29
A,8.56,g_okr,0.8134422112596741,0.7892332499389081,0.8287198502451424,30,0;1;2;3;4;5;6;7;8;9;10;11;12;13;14;15;16;17;18;19;20;21;22;23;24;25;26;27;28;29
A,8.57,g_okr,0.8137410020810153,0.7895408257789378,0.8290201382272885,30,0;1;2;3;4;5;6;7;8;9;10;11;12;13;14;15;16;17;18;19;20;21;22;23;24;25;26;27;28;29
A,8.58,g_okr,0.8140318012900326,0.7898373717460476,0.8293118069251195,30,0;1;2;3;4;5;6;7;8;9;10;11;12;13;14;15;16;17;18;19;20;21;22;23;24;25;26;27;28;29
A,8.59,g_okr,0.8143149423920043,0.790129164727838,0.8295892170851508,30,0;1;2;3;4;5;6;7;8;9;10;11;12;13;14;15;16;17;18;19;20;21;22;23;24;25;26;27;28;29
A,8.6,g_okr,0.8145892328459211,0.7904110913918789,0.8298512052644071,30,0;1;2;3;4;5;6;7;8;9;10;11;12;13;14;15;16;17;18;19;20;21;22;23;24;25;26;27;28;29
A,8.61,g_okr,0.8148555797000695,0.7906836908832242,0.8301060409147236,30,0;1;2;3;4;5;6;7;8;9;10;11;12;13;14;15;16;17;18;19;20;21;22;23;24;25;26;27;28;29
A,8.620000000000001,g_okr,0.8151134570058925,0.790947957494706,0.8303508849671877,30,0;1;2;3;4;5;6;7;8;9;10;11;12;13;14;15;16;17;18;19;20;21;22;23;24;25;26;27;28;29
A,8.63,g_okr,0.8153632249268394,0.7912046621253982,0.8305885945399832,30,0;1;2;3;4;5;6;7;8;9;10;11;12;13;14;15;16;17;18;19;20;21;22;23;24;25;26;27;28;29
A,8.64,g_okr,0.8156043376020979,0.791451478794143,0.8308215704123041,30,0;1;2;3;4;5;6;7;8;9;10;11;12;13;14;15;16;17;18;19;20;21;22;23;24;25;26;27;28;29
A,8.65,g_okr,0.8158366649770807,0.7916848110069263,0.83104394393513,30,0;1;2;3;4;5;6;7;8;9;10;11;12;13;14;15;16;17;18;19;20;21;22;23;24;25;26;27;28;29
A,8.66,g_okr,0.8160606882200262,0.7919101078910527,0.8312567650745337,30,0;1;2;3;4;5;6;7;8;9;10;11;12;13;14;15;16;17;18;19;20;21;22;23;24;25;26;27;28;29
A,8.67,g_okr,0.8162764047454698,0.7921263412738734,0.8314624875163203,30,0;1;2;3;4;5;6;7;8;9;10;11;12;13;14;15;16;17;18;19;20;21;22;23;24;25;26;27;28;29
A,8.68,g_okr,0.816483738535228,0.7923353822638369,0.8316614763179495,30,0;1;2;3;4;5;6;7;8;9;10;11;12;13;14;15;16;17;18;19;20;21;22;23;24;25;26;27;28;29
A,8.69,g_okr,0.8166820329980595,0.792535606827748,0.8318502887119985,30,0;1;2;3;4;5;6;7;8;9;10;11;12;13;14;15;16;17;18;19;20;21;22;23;24;25;26;27;28;29
A,8.700000000000001,g_okr,0.816872518429822,0.7927263063140467,0.8320329522572358,30,0;1;2;3;4;5;6;7;8;9;10;11;12;13;14;15;16;17;18;19;20;21;22;23;24;25;26;27;28;29
A,8.71,g_okr,0.8170543679315986,0.7929115367555242,0.8322044689039931,30,0;1;2;3;4;5;6;7;8;9;10;11;12;13;14;15;16;17;18;19;20;21;22;23;24;25;26;27;28;29
A,8.72,g_okr,0.8172268340274954,0.7930871937982842,0.8323663999969473,30,0;1;2;3;4;5;6;7;8;9;10;11;12;13;14;15;16;17;18;19;20;21;22;23;24;25;26;27;28;29
A,8.73,g_okr,0.8173904561928949,0.7932510628977493,0.8325178999478295,30,0;1;2;3;4;5;6;7;8;9;10;11;12;13;14;15;16;17;18;19;20;21;22;23;24;25;26;27;28;29
A,8.74,g_okr,0.8175447047667537,0.7934042094127656,0.8326639408506662,30,0;1;2;3;4;5;6;7;8;9;10;11;12;13;14;15;16;17;18;19;20;21;22;23;24;25;26;27;28;29
A,8.75,g_okr,0.817690517320511,0.7935483359672928,0.8327989130846412,30,0;1;2;3;4;5;6;7;8;9;10;11;12;13;14;15;16;17;18;19;20;21;22;23;24;25;26;27;28;29
A,8.76,g_okr,0.8178273224874636,0.793682985364851,0.8329292880263407,30,0;1;2;3;4;5;6;7;8;9;10;11;12;13;14;15;16;17;18;19;20;21;22;23;24;25;26;27;28;29
A,8.77,g_okr,0.8179555363139944,0.7938115277035801,0.833051370272806,30,0;1;2;3;4;5;6;7;8;9;10;11;12;13;14;15;16;17;18;19;20;21;22;23;24;25;26;27;28;29
A,8.78,g_okr,0.8180746234025462,0.7939290405539323,0.8331656370268283,30,0;1;2;3;4;5;6;7;8;9;10;11;12;13;14;15;16;17;18;19;20;21;22;23;24;25;26;27;28;29
A,8.790000000000001,g_okr,0.8181848445729206,0.794039370283485,0.8332701871518712,30,0;1;2;3;4;5;6;7;8;9;10;11;12;13;14;15;16;17;18;19;20;21;22;23;24;25;26;27;28;29
A,8.8,g_okr,0.8182864459522806,0.7941404897345111,0.8333672204975934,30,0;1;2;3;4;5;6;7;8;9;10;11;12;13;14;15;16;17;18;19;20;21;22;23;24;25;26;27;28;29
A,8.81,g_okr,0.8183796266540052,0.7942336873045095,0.8334547989273834,30,0;1;2;3;4;5;6;7;8;9;10;11;12;13;14;15;16;17;18;19;20;21;22;23;24;25;26;27;28;29
A,8.82,g_okr,0.8184633309850472,0.7943164413783659,0.8335359123094989,30,0;1;2;3;4;5;6;7;8;9;10;11;12;13;14;15;16;17;18;19;20;21;22;23;24;25;26;27;28;29
A,8.83,g_okr,0.8185372610730255,0.794388981300185,0.8336064203566933,30,0;1;2;3;4;5;6;7;8;9;10;11;12;13;14;15;16;17;18;19;20;21;22;23;24;25;26;27;28;29
A,8.84,g_okr,0.8186031346410446,0.7944542117676451,0.8336695007636967,30,0;1;2;3;4;5;6;7;8;9;10;11;12;13;14;15;16;17;18;19;20;21;22;23;24;25;26;27;28;29
A,8.85,g_okr,0.8186601882022352,0.7945083256223998,0.833723270116336,30,0;1;2;3;4;5;6;7;8;9;10;11;12;13;14;15;16;17;18;19;20;21;22;23;24;25;26;27;28;29
A,8.86,g_okr,0.8187089748846951,0.7945513717893379,0.8337685082571691,30,0;1;2;3;4;5;6;7;8;9;10;11;12;13;14;15;16;17;18;19;20;21;22;23;24;25;26;27;28;29
A,8.870000000000001,g_okr,0.8187484874266135,0.7945861952929629,0.8338057236435994,30,0;1;2;3;4;5;6;7;8;9;10;11;12;13;14;15;16;17;18;19;20;21;22;23;24;25;26;27;28;29
A,8.88,g_okr,0.8187807993155142,0.7946117791492245,0.8338351412061195,30,0;1;2;3;4;5;6;7;8;9;10;11;12;13;14;15;16;17;18;19;20;21;22;23;24;25;26;27;28;29
A,8.89,g_okr,0.8188049165945823,0.7946261405691246,0.8338550169319398,30,0;1;2;3;4;5;6;7;8;9;10;11;12;13;14;15;16;17;18;19;20;21;22;23;24;25;26;27;28;29
A,8.9,g_okr,0.8188214074737619,0.7946369625851916,0.8338682211104634,30,0;1;2;3;4;5;6;7;8;9;10;11;12;13;14;15;16;17;18;19;20;21;22;23;24;25;26;27;28;29
A,8.91,g_okr,0.8188307395804644,0.7946414119839196,0.833873349862163,30,0;1;2;3;4;5;6;7;8;9;10;11;12;13;14;15;16;17;18;19;20;21;22;23;24;25;26;27;28;29
A,8.92,g_okr,0.8188319903988664,0.7946363433352013,0.8338673638825285,30,0;1;2;3;4;5;6;7;8;9;10;11;12;13;14;15;16;17;18;19;20;21;22;23;24;25;26;27;28;29
A,8.93,g_okr,0.8188258459059488,0.794626198118249,0.833850783341691,30,0;1;2;3;4;5;6;7;8;9;10;11;12;13;14;15;16;17;18;19;20;21;22;23;24;25;26;27;28;29
A,8.94,g_okr,0.8188142727376866,0.794610166999151,0.8338272318076809,30,0;1;2;3;4;5;6;7;8;9;10;11;12;13;14;15;16;17;18;19;20;21;22;23;24;25;26;27;28;29
A,8.950000000000001,g_okr,0.8188028517205161,0.7945934122467541,0.8338154881427862,30,0;1;2;3;4;5;6;7;8;9;10;11;12;13;14;15;16;17;18;19;20;21;22;23;24;25;26;27;28;29
A,8.96,g_okr,0.8187959284784249,0.7945780448182925,0.8338342206869476,30,0;1;2;3;4;5;6;7;8;9;10;11;12;13;14;15;16;17;18;19;20;21;22;23;24;25;26;27;28;29
A,8.97,g_okr,0.8187970226338164,0.7945666511332083,0.8338927790145535,30,0;1;2;3;4;5;6;7;8;9;10;11;12;13;14;15;16;17;18;19;20;21;22;23;24;25;26;27;28;29
A,8.98,g_okr,0.8188054514213089,0.7945624128819451,0.8339479262977335,30,0;1;2;3;4;5;6;7;8;9;10;11;12;13;14;15;16;17;18;19;20;21;22;23;24;25;26;27;28;29
A,8.99,g_okr,0.8188221107614436,0.7945656725954912,0.8340037891808318,30,0;1;2;3;4;5;6;7;8;9;10;11;12;13;14;15;16;17;18;19;20;21;22;23;24;25;26;27;28;29
A,9.0,g_okr,0.8188468244419297,0.7945791655851836,0.8340581780511077,30,0;1;2;3;4;5;6;7;8;9;10;11;12;13;14;15;16;17;18;19;20;21;22;23;24;25;26;27;28;29
A,9.01,g_okr,0.8188786535357253,0.7946040755723442,0.8341099828857927,30,0;1;2;3;4;5;6;7;8;9;10;11;12;13;14;15;16;17;18;19;20;21;22;23;24;25;26;27;28;29
A,9.02,g_okr,0.8189184401721323,0.7946360704375686,0.8341610054579752,30,0;1;2;3;4;5;6;7;8;9;10;11;12;13;14;15;16;17;18;19;20;21;22;23;24;25;26;27;28;29
A,9.03,g_okr,0.8189652250566556,0.794677846976335,0.8342101361637106,30,0;1;2;3;4;5;6;7;8;9;10;11;12;13;14;15;16;17;18;19;20;21;22;23;24;25;26;27;28;29
A,9.040000000000001,g_okr,0.8190195282614785,0.7947275090862674,0.8342556118632846,30,0;1;2;3;4;5;6;7;8;9;10;11;12;13;14;15;16;17;18;19;20;21;22;23;24;25;26;27;28;29
A,9.05,g_okr,0.8190816027428113,0.7947861875524663,0.8342999823708747,30,0;1;2;3;4;5;6;7;8;9;10;11;12;13;14;15;16;17;18;19;20;21;22;23;24;25;26;27;28;29
A,9.06,g_okr,0.8191515881632593,0.7948504221908006,0.8343425912382021,30,0;1;2;3;4;5;6;7;8;9;10;11;12;13;14;15;16;17;18;19;20;21;22;23;24;25;26;27;28;29
A,9.07,g_okr,0.819227975357909,0.7949230427213021,0.8343872134635086,30,0;1;2;3;4;5;6;7;8;9;10;11;12;13;14;15;16;17;18;19;20;21;22;23;24;25;26;27;28;29
A,9.08,g_okr,0.819311477065651,0.795005612564908,0.834424743701951,30,0;1;2;3;4;5;6;7;8;9;10;11;12;13;14;15;16;17;18;19;20;21;22;23;24;25;26;27;28;29
A,9.09,g_okr,0.8194030262890334,0.7950990481259465,0.8345151590413235,30,0;1;2;3;4;5;6;7;8;9;10;11;12;13;14;15;16;17;18;19;20;21;22;23;24;25;26;27;28;29
A,9.1,g_okr,0.819501462899096,0.7952010127440059,0.8346248743561653,30,0;1;2;3;4;5;6;7;8;9;10;11;12;13;14;15;16;17;18;19;20;21;22;23;24;25;26;27;28;29
A,9.11,g_okr,0.8196069040307077,0.7953099275701941,0.8347444249475655,30,0;1;2;3;4;5;6;7;8;9;10;11;12;13;14;15;16;17;18;19;20;21;22;23;24;25;26;27;28;29
A,9.120000000000001,g_okr,0.8197190777233602,0.7954258639534969,0.8348734468500563,30,0;1;2;3;4;5;6;7;8;9;10;11;12;13;14;15;16;17;18;19;20;21;22;23;24;25;26;27;28;29
A,9.13,g_okr,0.8198383696172179,0.7955398479037263,0.8350847120998471,30,0;1;2;3;4;5;6;7;8;9;10;11;12;13;14;15;16;17;18;19;20;21;22;23;24;25;26;27;28;29
A,9.14,g_okr,0.8199639535008885,0.7956527657178628,0.8353038987189026,30,0;1;2;3;4;5;6;7;8;9;10;11;12;13;14;15;16;17;18;19;20;21;22;23;24;25;26;27;28;29
A,9.15,g_okr,0.8200958688419867,0.7957650426209325,0.8355340048157229,30,0;1;2;3;4;5;6;7;8;9;10;11;12;13;14;15;16;17;18;19;20;21;22;23;24;25;26;27;28;29
A,9.16,g_okr,0.8202343469507528,0.795878669707821,0.8357747118093122,30,0;1;2;3;4;5;6;7;8;9;10;11;12;13;14;15;16;17;18;19;20;21;22;23;24;25;26;27;28;29
A,9.17,g_okr,0.8203794107107024,0.7959907412123507,0.8360249397802355,30,0;1;2;3;4;5;6;7;8;9;10;11;12;13;14;15;16;17;18;19;20;21;22;23;24;25;26;27;28;29
A,9.18,g_okr,0.8205314927403418,0.7961030055393606,0.8362845736636318,30,0;1;2;3;4;5;6;7;8;9;10;11;12;13;14;15;16;17;18;19;20;21;22;23;24;25;26;27;28;29
A,9.19,g_okr,0.8206906368080709,0.796213227919952,0.8365111052825543,30,0;1;2;3;4;5;6;7;8;9;10;11;12;13;14;15;16;17;18;19;20;21;22;23;24;25;26;27;28;29
A,9.200000000000001,g_okr,0.8208564613547172,0.7963228249521714,0.8367199037356403,30,0;1;2;3;4;5;6;7;8;9;10;11;12;13;14;15;16;17;18;19;20;21;22;23;24;25;26;27;28;29
A,9.21,g_okr,0.8210281594020644,0.7964321806663801,0.8369346999617238,30,0;1;2;3;4;5;6;7;8;9;10;11;12;13;14;15;16;17;18;19;20;21;22;23;24;25;26;27;28;29
A,9.22,g_okr,0.8212060728366902,0.7965400322365073,0.8371589499737198,30,0;1;2;3;4;5;6;7;8;9;10;11;12;13;14;15;16;17;18;19;20;21;22;23;24;25;26;27;28;29
A,9.23,g_okr,0.8213901757093436,0.7966440076906596,0.8373914557204531,30,0;1;2;3;4;5;6;7;8;9;10;11;12;13;14;15;16;17;18;19;20;21;22;23;24;25;26;27;28;29
A,9.24,g_okr,0.8215798996534153,0.7967444070288273,0.837631229567503,30,0;1;2;3;4;5;6;7;8;9;10;11;12;13;14;15;16;17;18;19;20;21;22;23;24;25;26;27;28;29
A,9.25,g_okr,0.821775837374583,0.7968444612315935,0.8378720775617339,30,0;1;2;3;4;5;6;7;8;9;10;11;12;13;14;15;16;17;18;19;20;21;22;23;24;25;26;27;28;29
A,9.26,g_okr,0.821978180044415,0.7969441293445333,0.8381191250940113,30,0;1;2;3;4;5;6;7;8;9;10;11;12;13;14;15;16;17;18;19;20;21;22;23;24;25;26;27;28;29
A,9.27,g_okr,0.822185778965105,0.7970440658484198,0.8383748093557714,30,0;1;2;3;4;5;6;7;8;9;10;11;12;13;14;15;16;17;18;19;20;21;22;23;24;25;26;27;28;29
A,9.28,g_okr,0.8223989915478231,0.7971450306990078,0.8386346095882813,30,0;1;2;3;4;5;6;7;8;9;10;11;12;13;14;15;16;17;18;19;20;21;22;23;24;25;26;27;28;29
A,9.290000000000001,g_okr,0.8226175177784399,0.7972460990535878,0.8389017694862898,30,0;1;2;3;4;5;6;7;8;9;10;11;12;13;14;15;16;17;18;19;20;21;22;23;24;25;26;27;28;29
A,9.3,g_okr,0.8228411683434558,0.7973462319111624,0.8391733390532472,30,0;1;2;3;4;5;6;7;8;9;10;11;12;13;14;15;16;17;18;19;20;21;22;23;24;25;26;27;28;29
A,9.31,g_okr,0.8230710815903255,0.79744606659473,0.8394514454288204,30,0;1;2;3;4;5;6;7;8;9;10;11;12;13;14;15;16;17;18;19;20;21;22;23;24;25;26;27;28;29
A,9.32,g_okr,0.823305446930031,0.7975466256315652,0.8397326347613501,30,0;1;2;3;4;5;6;7;8;9;10;11;12;13;14;15;16;17;18;19;20;21;22;23;24;25;26;27;28;29
A,9.33,g_okr,0.8235443180590781,0.7976487871785848,0.840020845822692,30,0;1;2;3;4;5;6;7;8;9;10;11;12;13;14;15;16;17;18;19;20;21;22;23;24;25;26;27;28;29
A,9.34,g_okr,0.8237886280973867,0.797749048055953,0.8403183099561085,30,0;1;2;3;4;5;6;7;8;9;10;11;12;13;14;15;16;17;18;19;20;21;22;23;24;25;26;27;28;29
A,9.35,g_okr,0.8240371444803487,0.7978508322235376,0.8406230744846891,30,0;1;2;3;4;5;6;7;8;9;10;11;12;13;14;15;16;17;18;19;20;21;22;23;24;25;26;27;28;29
A,9.36,g_okr,0.824290900947705,0.7979558788420336,0.8409311714165749,30,0;1;2;3;4;5;6;7;8;9;10;11;12;13;14;15;16;17;18;19;20;21;22;23;24;25;26;27;28;29
A,9.370000000000001,g_okr,0.8245489910025038,0.7980629886575439,0.8412431314319714,30,0;1;2;3;4;5;6;7;8;9;10;11;12;13;14;15;16;17;18;19;20;21;22;23;24;25;26;27;28;29
A,9.38,g_okr,0.8248125063884741,0.7981698077927072,0.8415579508659974,30,0;1;2;3;4;5;6;7;8;9;10;11;12;13;14;15;16;17;18;19;20;21;22;23;24;25;26;27;28;29
A,9.39,g_okr,0.8250805231084182,0.7982796741681478,0.841878322268293,30,0;1;2;3;4;5;6;7;8;9;10;11;12;13;14;15;16;17;18;19;20;21;22;23;24;25;26;27;28;29
A,9.4,g_okr,0.8253521753671004,0.7983895387596801,0.8422006232356414,30,0;1;2;3;4;5;6;7;8;9;10;11;12;13;14;15;16;17;18;19;20;21;22;23;24;25;26;27;28;29
A,9.41,g_okr,0.8256272475566695,0.7985011012521516,0.8425253384840369,30,0;1;2;3;4;5;6;7;8;9;10;11;12;13;14;15;16;17;18;19;20;21;22;23;24;25;26;27;28;29
A,9.42,g_okr,0.8259050033710121,0.7986137394523889,0.8428519449718855,30,0;1;2;3;4;5;6;7;8;9;10;11;12;13;14;15;16;17;18;19;20;21;22;23;24;25;26;27;28;29
A,9.43,g_okr,0.8261862922771197,0.7987288452526027,0.8431829008335601,30,0;1;2;3;4;5;6;7;8;9;10;11;12;13;14;15;16;17;18;19;20;21;22;23;24;25;26;27;28;29
A,9.44,g_okr,0.826470896158562,0.7988471840182507,0.8435172888854937,30,0;1;2;3;4;5;6;7;8;9;10;11;12;13;14;15;16;17;18;19;20;21;22;23;24;25;26;27;28;29
A,9.450000000000001,g_okr,0.8267588566890169,0.7989687148693073,0.8438552927867874,30,0;1;2;3;4;5;6;7;8;9;10;11;12;13;14;15;16;17;18;19;20;21;22;23;24;25;26;27;28;29
A,9.46,g_okr,0.8270495608222321,0.79909267078628,0.8441941205073867,30,0;1;2;3;4;5;6;7;8;9;10;11;12;13;14;15;16;17;18;19;20;21;22;23;24;25;26;27;28;29
A,9.47,g_okr,0.8273430633856825,0.7992235502941302,0.8445324802553156,30,0;1;2;3;4;5;6;7;8;9;10;11;12;13;14;15;16;17;18;19;20;21;22;23;24;25;26;27;28;29
A,9.48,g_okr,0.8276386242937483,0.7993619125471054,0.8448714065888939,30,0;1;2;3;4;5;6;7;8;9;10;11;12;13;14;15;16;17;18;19;20;21;22;23;24;25;26;27;28;29
A,9.49,g_okr,0.8279361045784774,0.7994992873193035,0.8452135930128754,30,0;1;2;3;4;5;6;7;8;9;10;11;12;13;14;15;16;17;18;19;20;21;22;23;24;25;26;27;28;29
A,9.5,g_okr,0.8282354628945906,0.799637088700187,0.845559124225496,30,0;1;2;3;4;5;6;7;8;9;10;11;12;13;14;15;16;17;18;19;20;21;22;23;24;25;26;27;28;29
A,9.51,g_okr,0.8285365249601171,0.7997790657446824,0.8459056094198082,30,0;1;2;3;4;5;6;7;8;9;10;11;12;13;14;15;16;17;18;19;20;21;22;23;24;25;26;27;28;29
A,9.52,g_okr,0.8288392346638707,0.7999223604941036,0.8462562894009928,30,0;1;2;3;4;5;6;7;8;9;10;11;12;13;14;15;16;17;18;19;20;21;22;23;24;25;26;27;28;29
A,9.53,g_okr,0.8291434368277645,0.8000701452488942,0.8466060573139247,30,0;1;2;3;4;5;6;7;8;9;10;11;12;13;14;15;16;17;18;19;20;21;22;23;24;25;26;27;28;29
A,9.540000000000001,g_okr,0.829448511670174,0.8002177207454242,0.8469534909990494,30,0;1;2;3;4;5;6;7;8;9;10;11;12;13;14;15;16;17;18;19;20;21;22;23;24;25;26;27;28;29
A,9.55,g_okr,0.8297553308981221,0.800369388106962,0.8473454256105585,30,0;1;2;3;4;5;6;7;8;9;10;11;12;13;14;15;16;17;18;19;20;21;22;23;24;25;26;27;28;29
A,9.56,g_okr,0.8300631537279719,0.8005225108571133,0.8478292403372697,30,0;1;2;3;4;5;6;7;8;9;10;11;12;13;14;15;16;17;18;19;20;21;22;23;24;25;26;27;28;29
A,9.57,g_okr,0.8303721533029597,0.8006755729652417,0.8483150593524849,30,0;1;2;3;4;5;6;7;8;9;10;11;12;13;14;15;16;17;18;19;20;21;22;23;24;25;26;27;28;29
A,9.58,g_okr,0.8306818265629474,0.8008283609430835,0.8488021211425446,30,0;1;2;3;4;5;6;7;8;9;10;11;12;13;14;15;16;17;18;19;20;21;22;23;24;25;26;27;28;29
A,9.59,g_okr,0.830991873616089,0.8009818939013824,0.8492886360485993,30,0;1;2;3;4;5;6;7;8;9;10;11;12;13;14;15;16;17;18;19;20;21;22;23;24;25;26;27;28;29
A,9.6,g_okr,0.8313010619391397,0.8011338359150779,0.8497762246302699,30,0;1;2;3;4;5;6;7;8;9;10;11;12;13;14;15;16;17;18;19;20;21;22;23;24;25;26;27;28;29
A,9.61,g_okr,0.8316103063002487,0.8012875192064565,0.85026454656914,30,0;1;2;3;4;5;6;7;8;9;10;11;12;13;14;15;16;17;18;19;20;21;22;23;24;25;26;27;28;29
A,9.620000000000001,g_okr,0.8319192562269097,0.8014412016386633,0.8507539638412337,30,0;1;2;3;4;5;6;7;8;9;10;11;12;13;14;15;16;17;18;19;20;21;22;23;24;25;26;27;28;29
A,9.63,g_okr,0.8322282491527649,0.8015962515488555,0.8512449176056557,30,0;1;2;3;4;5;6;7;8;9;10;11;12;13;14;15;16;17;18;19;20;21;22;23;24;25;26;27;28;29
A,9.64,g_okr,0.8325361857701911,0.8017503961472793,0.8517346145155622,30,0;1;2;3;4;5;6;7;8;9;10;11;12;13;14;15;16;17;18;19;20;21;22;23;24;25;26;27;28;29
A,9.65,g_okr,0.8328437399411951,0.8019043992957751,0.8522224272190411,30,0;1;2;3;4;5;6;7;8;9;10;11;12;13;14;15;16;17;18;19;20;21;22;23;24;25;26;27;28;29
A,9.66,g_okr,0.8331503481918634,0.8020580745490703,0.8527085481612644,30,0;1;2;3;4;5;6;7;8;9;10;11;12;13;14;15;16;17;18;19;20;21;22;23;24;25;26;27;28;29
A,9.67,g_okr,0.8334565121018337,0.8022116073600767,0.8531981191099091,30,0;1;2;3;4;5;6;7;8;9;10;11;12;13;14;15;16;17;18;19;20;21;22;23;24;25;26;27;28;29
A,9.68,g_okr,0.8337629707703599,0.8023663987509889,0.8536904841862958,30,0;1;2;3;4;5;6;7;8;9;10;11;12;13;14;15;16;17;18;19;20;21;22;23;24;25;26;27;28;29
A,9.69,g_okr,0.8340686187508564,0.8025201004024984,0.8541833369342395,30,0;1;2;3;4;5;6;7;8;9;10;11;12;13;14;15;16;17;18;19;20;21;22;23;24;25;26;27;28;29
A,9.700000000000001,g_okr,0.8343744802616327,0.8026765100993971,0.8546784873241989,30,0;1;2;3;4;5;6;7;8;9;10;11;12;13;14;15;16;17;18;19;20;21;22;23;24;25;26;27;28;29
A,9.71,g_okr,0.8346784350813427,0.8028319660736521,0.8551715660428144,30,0;1;2;3;4;5;6;7;8;9;10;11;12;13;14;15;16;17;18;19;20;21;22;23;24;25;26;27;28;29
A,9.72,g_okr,0.8349820380362157,0.8029891300526897,0.8556619241894659,30,0;1;2;3;4;5;6;7;8;9;10;11;12;13;14;15;16;17;18;19;20;21;22;23;24;25;26;27;28;29
A,9.73,g_okr,0.8352850804107815,0.8031466961752984,0.8561516819993812,30,0;1;2;3;4;5;6;7;8;9;10;11;12;13;14;15;16;17;18;19;20;21;22;23;24;25;26;27;28;29
A,9.74,g_okr,0.8355872965569782,0.8033037935984877,0.856643416926517,30,0;1;2;3;4;5;6;7;8;9;10;11;12;13;14;15;16;17;18;19;20;21;22;23;24;25;26;27;28;29
A,9.75,g_okr,0.8358879864738457,0.8034603959745931,0.8571317081996503,30,0;1;2;3;4;5;6;7;8;9;10;11;12;13;14;15;16;17;18;19;20;21;22;23;24;25;26;27;28;29
A,9.76,g_okr,0.8361865047181387,0.8036184146917433,0.8576171829842218,30,0;1;2;3;4;5;6;7;8;9;10;11;12;13;14;15;16;17;18;19;20;21;22;23;24;25;26;27;28;29
A,9.77,g_okr,0.8364833619821723,0.8037716447913815,0.8581017653160107,30,0;1;2;3;4;5;6;7;8;9;10;11;12;13;14;15;16;17;18;19;20;21;22;23;24;25;26;27;28;29
A,9.78,g_okr,0.8367783051377178,0.8039251348298335,0.8585773061152674,30,0;1;2;3;4;5;6;7;8;9;10;11;12;13;14;15;16;17;18;19;20;21;22;23;24;25;26;27;28;29
A,9.790000000000001,g_okr,0.8370713915037231,0.804075118546806,0.8590430744436163,30,0;1;2;3;4;5;6;7;8;9;10;11;12;13;14;15;16;17;18;19;20;21;22;23;24;25;26;27;28;29
A,9.8,g_okr,0.8373627734784294,0.8042229424011572,0.8595025253156094,30,0;1;2;3;4;5;6;7;8;9;10;11;12;13;14;15;16;17;18;19;20;21;22;23;24;25;26;27;28;29
A,9.81,g_okr,0.8376519428028343,0.8043723398368676,0.8599548882518782,30,0;1;2;3;4;5;6;7;8;9;10;11;12;13;14;15;16;17;18;19;20;21;22;23;24;25;26;27;28;29
A,9.82,g_okr,0.8379385931684912,0.8045191451421372,0.8603950922272603,30,0;1;2;3;4;5;6;7;8;9;10;11;12;13;14;15;16;17;18;19;20;21;22;23;24;25;26;27;28;29
A,9.83,g_okr,0.8382220418757016,0.8046628854551526,0.8608265145513149,30,0;1;2;3;4;5;6;7;8;9;10;11;12;13;14;15;16;17;18;19;20;21;22;23;24;25;26;27;28;29
A,9.84,g_okr,0.8385034763160245,0.8048007375351337,0.8612511537323141,30,0;1;2;3;4;5;6;7;8;9;10;11;12;13;14;15;16;17;18;19;20;21;22;23;24;25;26;27;28;29
A,9.85,g_okr,0.8387815512860238,0.8049357766558436,0.8616675999997724,30,0;1;2;3;4;5;6;7;8;9;10;11;12;13;14;15;16;17;18;19;20;21;22;23;24;25;26;27;28;29
A,9.86,g_okr,0.8390571000567572,0.805071788411773,0.8620774893587603,30,0;1;2;3;4;5;6;7;8;9;10;11;12;13;14;15;16;17;18;19;20;21;22;23;24;25;26;27;28;29
A,9.870000000000001,g_okr,0.8393294955418001,0.8052028837669074,0.8624791110994432,30,0;1;2;3;4;5;6;7;8;9;10;11;12;13;14;15;16;17;18;19;20;21;22;23;24;25;26;27;28;29
A,9.88,g_okr,0.8395988708637857,0.8053338678384467,0.8628757291008755,30,0;1;2;3;4;5;6;7;8;9;10;11;12;13;14;15;16;17;18;19;20;21;22;23;24;25;26;27;28;29
A,9.89,g_okr,0.8398638715689198,0.8054615139284066,0.8632644721237851,30,0;1;2;3;4;5;6;7;8;9;10;11;12;13;14;15;16;17;18;19;20;21;22;23;24;25;26;27;28;29
A,9.9,g_okr,0.8401254166990287,0.8055858919689943,0.8636492885433211,30,0;1;2;3;4;5;6;7;8;9;10;11;12;13;14;15;16;17;18;19;20;21;22;23;24;25;26;27;28;29
A,9.91,g_okr,0.8403839081293357,0.8057093741602862,0.8640299736521316,30,0;1;2;3;4;5;6;7;8;9;10;11;12;13;14;15;16;17;18;19;20;21;22;23;24;25;26;27;28;29
A,9.92,g_okr,0.8406389589351309,0.8058351434992664,0.8644053823897636,30,0;1;2;3;4;5;6;7;8;9;10;11;12;13;14;15;16;17;18;19;20;21;22;23;24;25;26;27;28;29
A,9.93,g_okr,0.8408904141267014,0.8059556907740618,0.8647756321034621,30,0;1;2;3;4;5;6;7;8;9;10;11;12;13;14;15;16;17;18;19;20;21;22;23;24;25;26;27;28;29
A,9.94,g_okr,0.8411366665202834,0.8060740533842055,0.8651409253718544,30,0;1;2;3;4;5;6;7;8;9;10;11;12;13;14;15;16;17;18;19;20;21;22;23;24;25;26;27;28;29
A,9.950000000000001,g_okr,0.8413785056914757,0.8061861950709504,0.8654994369059421,30,0;1;2;3;4;5;6;7;8;9;10;11;12;13;14;15;16;17;18;19;20;21;22;23;24;25;26;27;28;29
A,9.96,g_okr,0.8416162775370941,0.8062934679443831,0.8658517531053302,30,0;1;2;3;4;5;6;7;8;9;10;11;12;13;14;15;16;17;18;19;20;21;22;23;24;25;26;27;28;29
A,9.97,g_okr,0.8418500786104198,0.8063962153998212,0.8662026566894986,30,0;1;2;3;4;5;6;7;8;9;10;11;12;13;14;15;16;17;18;19;20;21;22;23;24;25;26;27;28;29
A,9.98,g_okr,0.842079562193653,0.8064973567124235,0.8665496720809959,30,0;1;2;3;4;5;6;7;8;9;10;11;12;13;14;15;16;17;18;19;20;21;22;23;24;25;26;27;28;29
A,9.99,g_okr,0.8423044666796832,0.8065964875784921,0.8668876310993558,30,0;1;2;3;4;5;6;7;8;9;10;11;12;13;14;15;16;17;18;19;20;21;22;23;24;25;26;27;28;29
A,10.0,g_okr,0.8425266335111221,0.8066984842197136,0.8672236711587342,30,0;1;2;3;4;5;6;7;8;9;10;11;12;13;14;15;16;17;18;19;20;21;22;23;24;25;26;27;28;29
A,10.01,g_okr,0.8427448427794595,0.8067960423574454,0.8675538335097985,30,0;1;2;3;4;5;6;7;8;9;10;11;12;13;14;15;16;17;18;19;20;21;22;23;24;25;26;27;28;29
A,10.02,g_okr,0.842959358451648,0.8068927123791917,0.8678705573751424,30,0;1;2;3;4;5;6;7;8;9;10;11;12;13;14;15;16;17;18;19;20;21;22;23;24;25;26;27;28;29
A,10.03,g_okr,0.843169956643443,0.8069890256578197,0.8681730948235421,30,0;1;2;3;4;5;6;7;8;9;10;11;12;13;14;15;16;17;18;19;20;21;22;23;24;25;26;27;28;29
A,10.040000000000001,g_okr,0.843375735890645,0.807080710543387,0.8684628435165179,30,0;1;2;3;4;5;6;7;8;9;10;11;12;13;14;15;16;17;18;19;20;21;22;23;24;25;26;27;28;29
A,10.05,g_okr,0.8435763910389215,0.8071696747108573,0.8687404204157172,30,0;1;2;3;4;5;6;7;8;9;10;11;12;13;14;15;16;17;18;19;20;21;22;23;24;25;26;27;28;29
A,10.06,g_okr,0.8437721741159065,0.8072570550382285,0.8690054550389213,30,0;1;2;3;4;5;6;7;8;9;10;11;12;13;14;15;16;17;18;19;20;21;22;23;24;25;26;27;28;29
A,10.07,g_okr,0.8439631981722802,0.8073437372630944,0.8692550746572304,30,0;1;2;3;4;5;6;7;8;9;10;11;12;13;14;15;16;17;18;19;20;21;22;23;24;25;26;27;28;29
A,10.08,g_okr,0.8441493407098518,0.8074245771747436,0.8694926336381031,30,0;1;2;3;4;5;6;7;8;9;10;11;12;13;14;15;16;17;18;19;20;21;22;23;24;25;26;27;28;29
A,10.09,g_okr,0.8443308380133012,0.8075056119354057,0.8697181691156873,30,0;1;2;3;4;5;6;7;8;9;10;11;12;13;14;15;16;17;18;19;20;21;22;23;24;25;26;27;28;29
A,10.1,g_okr,0.8445077799064712,0.8075852816857371,0.8699382920294594,30,0;1;2;3;4;5;6;7;8;9;10;11;12;13;14;15;16;17;18;19;20;21;22;23;24;25;26;27;28;29
A,10.11,g_okr,0.8446794538024989,0.807660506408551,0.8701475740978968,30,0;1;2;3;4;5;6;7;8;9;10;11;12;13;14;15;16;17;18;19;20;21;22;23;24;25;26;27;28;29
A,10.120000000000001,g_okr,0.8448462288106591,0.8077328413166887,0.8703445565283987,30,0;1;2;3;4;5;6;7;8;9;10;11;12;13;14;15;16;17;18;19;20;21;22;23;24;25;26;27;28;29
A,10.13,g_okr,0.8450085597549869,0.8078024600537959,0.8705317293539853,30,0;1;2;3;4;5;6;7;8;9;10;11;12;13;14;15;16;17;18;19;20;21;22;23;24;25;26;27;28;29
A,10.14,g_okr,0.8451645402910207,0.8078685383656655,0.8707093781975199,30,0;1;2;3;4;5;6;7;8;9;10;11;12;13;14;15;16;17;18;19;20;21;22;23;24;25;26;27;28;29
A,10.15,g_okr,0.8453156775893739,0.8079353039031896,0.870878983951838,30,0;1;2;3;4;5;6;7;8;9;10;11;12;13;14;15;16;17;18;19;20;21;22;23;24;25;26;27;28;29
A,10.16,g_okr,0.84546172264384,0.8080012735906448,0.871040221386954,30,0;1;2;3;4;5;6;7;8;9;10;11;12;13;14;15;16;17;18;19;20;21;22;23;24;25;26;27;28;29
A,10.17,g_okr,0.8456027776041385,0.8080661520219555,0.8711922277124904,30,0;1;2;3;4;5;6;7;8;9;10;11;12;13;14;15;16;17;18;19;20;21;22;23;24;25;26;27;28;29
A,10.18,g_okr,0.8457387371129417,0.8081268977932036,0.871337977789236,30,0;1;2;3;4;5;6;7;8;9;10;11;12;13;14;15;16;17;18;19;20;21;22;23;24;25;26;27;28;29
A,10.19,g_okr,0.8458686019937757,0.8082354471647752,0.87147439349887,30,0;1;2;3;4;5;6;7;8;9;10;11;12;13;14;15;16;17;18;19;20;21;22;23;24;25;26;27;28;29
A,10.200000000000001,g_okr,0.8459937393309419,0.808352120082225,0.8716026048089783,30,0;1;2;3;4;5;6;7;8;9;10;11;12;13;14;15;16;17;18;19;20;21;22;23;24;25;26;27;28;29
A,10.21,g_okr,0.846114066928105,0.8084637904378569,0.8717188864622171,30,0;1;2;3;4;5;6;7;8;9;10;11;12;13;14;15;16;17;18;19;20;21;22;23;24;25;26;27;28;29
A,10.22,g_okr,0.846229630908093,0.8085711929754956,0.8718268495346633,30,0;1;2;3;4;5;6;7;8;9;10;11;12;13;14;15;16;17;18;19;20;21;22;23;24;25;26;27;28;29
A,10.23,g_okr,0.8463417280364247,0.8086762622113561,0.8719305070923808,30,0;1;2;3;4;5;6;7;8;9;10;11;12;13;14;15;16;17;18;19;20;21;22;23;24;25;26;27;28;29
A,10.24,g_okr,0.8464499962591145,0.8087764080126073,0.872029350917227,30,0;1;2;3;4;5;6;7;8;9;10;11;12;13;14;15;16;17;18;19;20;21;22;23;24;25;26;27;28;29
A,10.25,g_okr,0.8465544589158152,0.8088725334150833,0.8721213515902873,30,0;1;2;3;4;5;6;7;8;9;10;11;12;13;14;15;16;17;18;19;20;21;22;23;24;25;26;27;28;29
A,10.26,g_okr,0.8466554325245846,0.8089653633381665,0.872205379473217,30,0;1;2;3;4;5;6;7;8;9;10;11;12;13;14;15;16;17;18;19;20;21;22;23;24;25;26;27;28;29
A,10.27,g_okr,0.8467525318872465,0.80905400560877,0.8722794339507521,30,0;1;2;3;4;5;6;7;8;9;10;11;12;13;14;15;16;17;18;19;20;21;22;23;24;25;26;27;28;29
A,10.28,g_okr,0.8468472782588754,0.8091397394095332,0.8723458049895588,30,0;1;2;3;4;5;6;7;8;9;10;11;12;13;14;15;16;17;18;19;20;21;22;23;24;25;26;27;28;29
A,10.290000000000001,g_okr,0.8469394658708125,0.8092220250757756,0.8724043030076962,30,0;1;2;3;4;5;6;7;8;9;10;11;12;13;14;15;16;17;18;19;20;21;22;23;24;25;26;27;28;29
A,10.3,g_okr,0.8470279814241839,0.8093012206380731,0.872456996286367,30,0;1;2;3;4;5;6;7;8;9;10;11;12;13;14;15;16;17;18;19;20;21;22;23;24;25;26;27;28;29
A,10.31,g_okr,0.8471135327857033,0.8093774385981788,0.8725037171775868,30,0;1;2;3;4;5;6;7;8;9;10;11;12;13;14;15;16;17;18;19;20;21;22;23;24;25;26;27;28;29
A,10.32,g_okr,0.8471971443312445,0.8094530016230724,0.8725429415359914,30,0;1;2;3;4;5;6;7;8;9;10;11;12;13;14;15;16;17;18;19;20;21;22;23;24;25;26;27;28;29
A,10.33,g_okr,0.847277208236017,0.8095260147186668,0.872572538509367,30,0;1;2;3;4;5;6;7;8;9;10;11;12;13;14;15;16;17;18;19;20;21;22;23;24;25;26;27;28;29
A,10.34,g_okr,0.847354748046535,0.809597270430162,0.8725992065077482,30,0;1;2;3;4;5;6;7;8;9;10;11;12;13;14;15;16;17;18;19;20;21;22;23;24;25;26;27;28;29
A,10.35,g_okr,0.8474289165094641,0.8096665814593017,0.8726221979722449,30,0;1;2;3;4;5;6;7;8;9;10;11;12;13;14;15;16;17;18;19;20;21;22;23;24;25;26;27;28;29
A,10.36,g_okr,0.8475002553879517,0.8097343287646918,0.8726418250702223,30,0;1;2;3;4;5;6;7;8;9;10;11;12;13;14;15;16;17;18;19;20;21;22;23;24;25;26;27;28;29
A,10.370000000000001,g_okr,0.8475683756198518,0.8098005322146702,0.872655824545517,30,0;1;2;3;4;5;6;7;8;9;10;11;12;13;14;15;16;17;18;19;20;21;22;23;24;25;26;27;28;29
A,10.38,g_okr,0.8476335034633607,0.8098630725109427,0.8726671026767208,30,0;1;2;3;4;5;6;7;8;9;10;11;12;13;14;15;16;17;18;19;20;21;22;23;24;25;26;27;28;29
A,10.39,g_okr,0.8476947807303734,0.809925093737198,0.8726757294099077,30,0;1;2;3;4;5;6;7;8;9;10;11;12;13;14;15;16;17;18;19;20;21;22;23;24;25;26;27;28;29
A,10.4,g_okr,0.8477526276437415,0.8099832100982594,0.8726766240848824,30,0;1;2;3;4;5;6;7;8;9;10;11;12;13;14;15;16;17;18;19;20;21;22;23;24;25;26;27;28;29
A,10.41,g_okr,0.8478077289774977,0.810041152968498,0.8726723356629182,30,0;1;2;3;4;5;6;7;8;9;10;11;12;13;14;15;16;17;18;19;20;21;22;23;24;25;26;27;28;29
A,10.42,g_okr,0.8478592463770315,0.8100953786903322,0.8726616269152919,30,0;1;2;3;4;5;6;7;8;9;10;11;12;13;14;15;16;17;18;19;20;21;22;23;24;25;26;27;28;29
A,10.43,g_okr,0.8479068103361158,0.8101457724547139,0.8726436879059383,30,0;1;2;3;4;5;6;7;8;9;10;11;12;13;14;15;16;17;18;19;20;21;22;23;24;25;26;27;28;29
A,10.44,g_okr,0.8479512952376037,0.8101938395457297,0.8726192497060744,30,0;1;2;3;4;5;6;7;8;9;10;11;12;13;14;15;16;17;18;19;20;21;22;23;24;25;26;27;28;29
A,10.450000000000001,g_okr,0.8479924147389796,0.8102344454395679,0.8725961914960761,30,0;1;2;3;4;5;6;7;8;9;10;11;12;13;14;15;16;17;18;19;20;21;22;23;24;25;26;27;28;29
A,10.46,g_okr,0.8480312484358353,0.8102714869793619,0.8725776147055168,30,0;1;2;3;4;5;6;7;8;9;10;11;12;13;14;15;16;17;18;19;20;21;22;23;24;25;26;27;28;29
A,10.47,g_okr,0.8480689622350973,0.8102996338659192,0.8725616686164495,30,0;1;2;3;4;5;6;7;8;9;10;11;12;13;14;15;16;17;18;19;20;21;22;23;24;25;26;27;28;29
A,10.48,g_okr,0.8481065310979397,0.8103269284632483,0.872550981365462,30,0;1;2;3;4;5;6;7;8;9;10;11;12;13;14;15;16;17;18;19;20;21;22;23;24;25;26;27;28;29
A,10.49,g_okr,0.8481439490843365,0.8103507615133289,0.8725464680124568,30,0;1;2;3;4;5;6;7;8;9;10;11;12;13;14;15;16;17;18;19;20;21;22;23;24;25;26;27;28;29
A,10.5,g_okr,0.8481806122648826,0.8103704533937615,0.8725453256784999,30,0;1;2;3;4;5;6;7;8;9;10;11;12;13;14;15;16;17;18;19;20;21;22;23;24;25;26;27;28;29
A,10.51,g_okr,0.8482161759132996,0.8103847299817878,0.8725472943163265,30,0;1;2;3;4;5;6;7;8;9;10;11;12;13;14;15;16;17;18;19;20;21;22;23;24;25;26;27;28;29
A,10.52,g_okr,0.8482509011048017,0.8103941634816891,0.8725514492707445,30,0;1;2;3;4;5;6;7;8;9;10;11;12;13;14;15;16;17;18;19;20;21;22;23;24;25;26;27;28;29
A,10.53,g_okr,0.8482850587506445,0.8104046666867969,0.8725616671312033,30,0;1;2;3;4;5;6;7;8;9;10;11;12;13;14;15;16;17;18;19;20;21;22;23;24;25;26;27;28;29
A,10.540000000000001,g_okr,0.8483190039782799,0.8104137215211614,0.8725776279622118,30,0;1;2;3;4;5;6;7;8;9;10;11;12;13;14;15;16;17;18;19;20;21;22;23;24;25;26;27;28;29
A,10.55,g_okr,0.848353535992289,0.8104187839020398,0.8725967628961516,30,0;1;2;3;4;5;6;7;8;9;10;11;12;13;14;15;16;17;18;19;20;21;22;23;24;25;26;27;28;29
A,10.56,g_okr,0.8483892658483196,0.8104197484898468,0.8726170345875774,30,0;1;2;3;4;5;6;7;8;9;10;11;12;13;14;15;16;17;18;19;20;21;22;23;24;25;26;27;28;29
A,10.57,g_okr,0.8484264138642069,0.8104175885897936,0.8726296592078284,30,0;1;2;3;4;5;6;7;8;9;10;11;12;13;14;15;16;17;18;19;20;21;22;23;24;25;26;27;28;29
A,10.58,g_okr,0.8484648302826461,0.8104118317493326,0.8726442119481588,30,0;1;2;3;4;5;6;7;8;9;10;11;12;13;14;15;16;17;18;19;20;21;22;23;24;25;26;27;28;29
A,10.59,g_okr,0.8485050218885077,0.810403897777495,0.8726596220154611,30,0;1;2;3;4;5;6;7;8;9;10;11;12;13;14;15;16;17;18;19;20;21;22;23;24;25;26;27;28;29
A,10.6,g_okr,0.8485467607379991,0.8103955212648974,0.8726768985792667,30,0;1;2;3;4;5;6;7;8;9;10;11;12;13;14;15;16;17;18;19;20;21;22;23;24;25;26;27;28;29
A,10.61,g_okr,0.8485904269085135,0.8103853697956686,0.8727000219836554,30,0;1;2;3;4;5;6;7;8;9;10;11;12;13;14;15;16;17;18;19;20;21;22;23;24;25;26;27;28;29
A,10.620000000000001,g_okr,0.8486355290235956,0.8103739028419041,0.87272683024869,30,0;1;2;3;4;5;6;7;8;9;10;11;12;13;14;15;16;17;18;19;20;21;22;23;24;25;26;27;28;29
A,10.63,g_okr,0.8486821586158602,0.8103558370386994,0.8727566839658948,30,0;1;2;3;4;5;6;7;8;9;10;11;12;13;14;15;16;17;18;19;20;21;22;23;24;25;26;27;28;29
A,10.64,g_okr,0.8487299334418129,0.81033498982767,0.8727877223176138,30,0;1;2;3;4;5;6;7;8;9;10;11;12;13;14;15;16;17;18;19;20;21;22;23;24;25;26;27;28;29
A,10.65,g_okr,0.8487803209385694,0.8103114821752454,0.8728209247175758,30,0;1;2;3;4;5;6;7;8;9;10;11;12;13;14;15;16;17;18;19;20;21;22;23;24;25;26;27;28;29
A,10.66,g_okr,0.8488325129724642,0.8102894657456756,0.8728517846079867,30,0;1;2;3;4;5;6;7;8;9;10;11;12;13;14;15;16;17;18;19;20;21;22;23;24;25;26;27;28;29
A,10.67,g_okr,0.848885938767501,0.8102678196988155,0.8728849587249392,30,0;1;2;3;4;5;6;7;8;9;10;11;12;13;14;15;16;17;18;19;20;21;22;23;24;25;26;27;28;29
A,10.68,g_okr,0.8489409029079714,0.8102478052053091,0.8729228489679897,30,0;1;2;3;4;5;6;7;8;9;10;11;12;13;14;15;16;17;18;19;20;21;22;23;24;25;26;27;28;29
A,10.69,g_okr,0.848996989742876,0.8102249669005813,0.8729603807210659,30,0;1;2;3;4;5;6;7;8;9;10;11;12;13;14;15;16;17;18;19;20;21;22;23;24;25;26;27;28;29
A,10.700000000000001,g_okr,0.8490540926928293,0.810203284923816,0.8729976949933284,30,0;1;2;3;4;5;6;7;8;9;10;11;12;13;14;15;16;17;18;19;20;21;22;23;24;25;26;27;28;29
A,10.71,g_okr,0.8491128717818143,0.8101819484011055,0.8730357218038942,30,0;1;2;3;4;5;6;7;8;9;10;11;12;13;14;15;16;17;18;19;20;21;22;23;24;25;26;27;28;29
A,10.72,g_okr,0.8491730743143626,0.8101594997403139,0.8730752814108056,30,0;1;2;3;4;5;6;7;8;9;10;11;12;13;14;15;16;17;18;19;20;21;22;23;24;25;26;27;28;29
A,10.73,g_okr,0.8492350189647632,0.8101368253276946,0.8731159470430554,30,0;1;2;3;4;5;6;7;8;9;10;11;12;13;14;15;16;17;18;19;20;21;22;23;24;25;26;27;28;29
A,10.74,g_okr,0.849298126407291,0.8101148330958635,0.8731600651581898,30,0;1;2;3;4;5;6;7;8;9;10;11;12;13;14;15;16;17;18;19;20;21;22;23;24;25;26;27;28;29
A,10.75,g_okr,0.8493619281547248,0.8100933794014037,0.8732067299329991,30,0;1;2;3;4;5;6;7;8;9;10;11;12;13;14;15;16;17;18;19;20;21;22;23;24;25;26;27;28;29
A,10.76,g_okr,0.8494240069610085,0.8100700434749042,0.8732502963505557,30,0;1;2;3;4;5;6;7;8;9;10;11;12;13;14;15;16;17;18;19;20;21;22;23;24;25;26;27;28;29
A,10.77,g_okr,0.8494864352486715,0.810045833883619,0.8732934138411667,30,0;1;2;3;4;5;6;7;8;9;10;11;12;13;14;15;16;17;18;19;20;21;22;23;24;25;26;27;28;29
A,10.78,g_okr,0.8495483290649836,0.8100223155696441,0.8733346229548509,30,0;1;2;3;4;5;6;7;8;9;10;11;12;13;14;15;16;17;18;19;20;21;22;23;24;25;26;27;28;29
A,10.790000000000001,g_okr,0.8496102107072196,0.8100003596668093,0.8733888197024832,30,0;1;2;3;4;5;6;7;8;9;10;11;12;13;14;15;16;17;18;19;20;21;22;23;24;25;26;27;28;29
A,10.8,g_okr,0.84967125592849,0.8099763084095803,0.8735659820037748,30,0;1;2;3;4;5;6;7;8;9;10;11;12;13;14;15;16;17;18;19;20;21;22;23;24;25;26;27;28;29
A,10.81,g_okr,0.8497313087916444,0.8099542805002167,0.8737271108889569,30,0;1;2;3;4;5;6;7;8;9;10;11;12;13;14;15;16;17;18;19;20;21;22;23;24;25;26;27;28;29
A,10.82,g_okr,0.8497907137024593,0.8099359510059602,0.8738250543726858,30,0;1;2;3;4;5;6;7;8;9;10;11;12;13;14;15;16;17;18;19;20;21;22;23;24;25;26;27;28;29
A,10.83,g_okr,0.8498494352588636,0.8099191141307429,0.8739213707029533,30,0;1;2;3;4;5;6;7;8;9;10;11;12;13;14;15;16;17;18;19;20;21;22;23;24;25;26;27;28;29
A,10.84,g_okr,0.8499075575770156,0.8099011382160867,0.8740180705982913,30,0;1;2;3;4;5;6;7;8;9;10;11;12;13;14;15;16;17;18;19;20;21;22;23;24;25;26;27;28;29
A,10.85,g_okr,0.8499652460516771,0.8098849890397659,0.8741106717197507,30,0;1;2;3;4;5;6;7;8;9;10;11;12;13;14;15;16;17;18;19;20;21;22;23;24;25;26;27;28;29
A,10.86,g_okr,0.8500218389246241,0.8098685247030157,0.8742022636378141,30,0;1;2;3;4;5;6;7;8;9;10;11;12;13;14;15;16;17;18;19;20;21;22;23;24;25;26;27;28;29
A,10.870000000000001,g_okr,0.8500780146014459,0.8098530404061608,0.8742913853612139,30,0;1;2;3;4;5;6;7;8;9;10;11;12;13;14;15;16;17;18;19;20;21;22;23;24;25;26;27;28;29
A,10.88,g_okr,0.850133788247594,0.8098379973262331,0.8743846311912493,30,0;1;2;3;4;5;6;7;8;9;10;11;12;13;14;15;16;17;18;19;20;21;22;23;24;25;26;27;28;29
A,10.89,g_okr,0.8501902147982388,0.8098230947048984,0.8744766119864115,30,0;1;2;3;4;5;6;7;8;9;10;11;12;13;14;15;16;17;18;19;20;21;22;23;24;25;26;27;28;29
A,10.9,g_okr,0.8502472972037403,0.8098114044382191,0.8745680547531767,30,0;1;2;3;4;5;6;7;8;9;10;11;12;13;14;15;16;17;18;19;20;21;22;23;24;25;26;27;28;29
A,10.91,g_okr,0.8503047147605779,0.8098007846084496,0.8746539615327507,30,0;1;2;3;4;5;6;7;8;9;10;11;12;13;14;15;16;17;18;19;20;21;22;23;24;25;26;27;28;29
A,10.92,g_okr,0.850362832045206,0.8097886386688289,0.8747396983909433,30,0;1;2;3;4;5;6;7;8;9;10;11;12;13;14;15;16;17;18;19;20;21;22;23;24;25;26;27;28;29
A,10.93,g_okr,0.8504203250974774,0.8097778752408155,0.8748229676896686,30,0;1;2;3;4;5;6;7;8;9;10;11;12;13;14;15;16;17;18;19;20;21;22;23;24;25;26;27;28;29
A,10.94,g_okr,0.8504774867305362,0.8097660829294974,0.8749035374033373,30,0;1;2;3;4;5;6;7;8;9;10;11;12;13;14;15;16;17;18;19;20;21;22;23;24;25;26;27;28;29
A,10.950000000000001,g_okr,0.8505355538904734,0.8097520188535735,0.8749824577254818,30,0;1;2;3;4;5;6;7;8;9;10;11;12;13;14;15;16;17;18;19;20;21;22;23;24;25;26;27;28;29
A,10.96,g_okr,0.8505931122626927,0.8097351794541211,0.8750621602630784,30,0;1;2;3;4;5;6;7;8;9;10;11;12;13;14;15;16;17;18;19;20;21;22;23;24;25;26;27;28;29
A,10.97,g_okr,0.8506506787677891,0.8097179943153474,0.8751404610258844,30,0;1;2;3;4;5;6;7;8;9;10;11;12;13;14;15;16;17;18;19;20;21;22;23;24;25;26;27;28;29
A,10.98,g_okr,0.8507084635060849,0.8097017993934804,0.8752157391471148,30,0;1;2;3;4;5;6;7;8;9;10;11;12;13;14;15;16;17;18;19;20;21;22;23;24;25;26;27;28;29
A,10.99,g_okr,0.8507655617902342,0.8096819821162073,0.8752895309185281,30,0;1;2;3;4;5;6;7;8;9;10;11;12;13;14;15;16;17;18;19;20;21;22;23;24;25;26;27;28;29
A,11.0,g_okr,0.8508215882661965,0.8096610125360674,0.8753605929404983,30,0;1;2;3;4;5;6;7;8;9;10;11;12;13;14;15;16;17;18;19;20;21;22;23;24;25;26;27;28;29
A,11.01,g_okr,0.8508776370419485,0.8096387640586291,0.8754242459903286,30,0;1;2;3;4;5;6;7;8;9;10;11;12;13;14;15;16;17;18;19;20;21;22;23;24;25;26;27;28;29
A,11.02,g_okr,0.8509333815460156,0.8096190129537687,0.8754843814668584,30,0;1;2;3;4;5;6;7;8;9;10;11;12;13;14;15;16;17;18;19;20;21;22;23;24;25;26;27;28;29
A,11.03,g_okr,0.8509891854089118,0.8095973124433652,0.8755415831105778,30,0;1;2;3;4;5;6;7;8;9;10;11;12;13;14;15;16;17;18;19;20;21;22;23;24;25;26;27;28;29
A,11.040000000000001,g_okr,0.8510429817504854,0.8095737984921189,0.8755966486722435,30,0;1;2;3;4;5;6;7;8;9;10;11;12;13;14;15;16;17;18;19;20;21;22;23;24;25;26;27;28;29
A,11.05,g_okr,0.8510962812754962,0.8095539475885677,0.875652261055222,30,0;1;2;3;4;5;6;7;8;9;10;11;12;13;14;15;16;17;18;19;20;21;22;23;24;25;26;27;28;29
A,11.06,g_okr,0.8511490169291812,0.8095362341046626,0.8757048048683224,30,0;1;2;3;4;5;6;7;8;9;10;11;12;13;14;15;16;17;18;19;20;21;22;23;24;25;26;27;28;29
A,11.07,g_okr,0.8512004887251915,0.8095215074761473,0.8757547017611048,30,0;1;2;3;4;5;6;7;8;9;10;11;12;13;14;15;16;17;18;19;20;21;22;23;24;25;26;27;28;29
A,11.08,g_okr,0.851250768161637,0.8095096089373798,0.8758034982697892,30,0;1;2;3;4;5;6;7;8;9;10;11;12;13;14;15;16;17;18;19;20;21;22;23;24;25;26;27;28;29
A,11.09,g_okr,0.851300390834221,0.8095003494205716,0.8758467531644529,30,0;1;2;3;4;5;6;7;8;9;10;11;12;13;14;15;16;17;18;19;20;21;22;23;24;25;26;27;28;29
A,11.1,g_okr,0.8513491343664245,0.8094939864210514,0.8758854906814149,30,0;1;2;3;4;5;6;7;8;9;10;11;12;13;14;15;16;17;18;19;20;21;22;23;24;25;26;27;28;29
A,11.11,g_okr,0.8513968012739296,0.8094919376119603,0.8759191360673748,30,0;1;2;3;4;5;6;7;8;9;10;11;12;13;14;15;16;17;18;19;20;21;22;23;24;25;26;27;28;29
A,11.120000000000001,g_okr,0.8514430439322872,0.8094900705430532,0.8759496213301363,30,0;1;2;3;4;5;6;7;8;9;10;11;12;13;14;15;16;17;18;19;20;21;22;23;24;25;26;27;28;29
A,11.13,g_okr,0.8514876139163193,0.8094881283346882,0.8759776006772867,30,0;1;2;3;4;5;6;7;8;9;10;11;12;13;14;15;16;17;18;19;20;21;22;23;24;25;26;27;28;29
A,11.14,g_okr,0.8515310117129237,0.8094894783526055,0.8760000094022286,30,0;1;2;3;4;5;6;7;8;9;10;11;12;13;14;15;16;17;18;19;20;21;22;23;24;25;26;27;28;29
A,11.15,g_okr,0.851574698680937,0.8094932127323929,0.8760170651261603,30,0;1;2;3;4;5;6;7;8;9;10;11;12;13;14;15;16;17;18;19;20;21;22;23;24;25;26;27;28;29
A,11.16,g_okr,0.8516191928643659,0.8095007315045967,0.8760317708155514,30,0;1;2;3;4;5;6;7;8;9;10;11;12;13;14;15;16;17;18;19;20;21;22;23;24;25;26;27;28;29
A,11.17,g_okr,0.8516649227851746,0.8095103659650433,0.8760454417401303,30,0;1;2;3;4;5;6;7;8;9;10;11;12;13;14;15;16;17;18;19;20;21;22;23;24;25;26;27;28;29
A,11.18,g_okr,0.8517127703800728,0.8095246223999994,0.8760611596158796,30,0;1;2;3;4;5;6;7;8;9;10;11;12;13;14;15;16;17;18;19;20;21;22;23;24;25;26;27;28;29
A,11.19,g_okr,0.8517607420607604,0.809544052150269,0.8760809418067248,30,0;1;2;3;4;5;6;7;8;9;10;11;12;13;14;15;16;17;18;19;20;21;22;23;24;25;26;27;28;29
A,11.200000000000001,g_okr,0.8518095921986334,0.8095659929933816,0.8760971322819043,30,0;1;2;3;4;5;6;7;8;9;10;11;12;13;14;15;16;17;18;19;20;21;22;23;24;25;26;27;28;29
A,11.21,g_okr,0.8518598833739975,0.8095948587954123,0.8761115691627147,30,0;1;2;3;4;5;6;7;8;9;10;11;12;13;14;15;16;17;18;19;20;21;22;23;24;25;26;27;28;29
A,11.22,g_okr,0.8519112962541235,0.8096285090874252,0.8761263353650182,30,0;1;2;3;4;5;6;7;8;9;10;11;12;13;14;15;16;17;18;19;20;21;22;23;24;25;26;27;28;29
A,11.23,g_okr,0.8519639739953638,0.809666837780547,0.8761408184822742,30,0;1;2;3;4;5;6;7;8;9;10;11;12;13;14;15;16;17;18;19;20;21;22;23;24;25;26;27;28;29
A,11.24,g_okr,0.852018810624538,0.8097089249887375,0.8761584986463982,30,0;1;2;3;4;5;6;7;8;9;10;11;12;13;14;15;16;17;18;19;20;21;22;23;24;25;26;27;28;29
A,11.25,g_okr,0.8520750679960245,0.8097589431797139,0.8761738564941701,30,0;1;2;3;4;5;6;7;8;9;10;11;12;13;14;15;16;17;18;19;20;21;22;23;24;25;26;27;28;29
A,11.26,g_okr,0.8521323056114842,0.8098086923610098,0.8761883152997462,30,0;1;2;3;4;5;6;7;8;9;10;11;12;13;14;15;16;17;18;19;20;21;22;23;24;25;26;27;28;29
A,11.27,g_okr,0.8521918383869801,0.8098640018477774,0.8762043391880231,30,0;1;2;3;4;5;6;7;8;9;10;11;12;13;14;15;16;17;18;19;20;21;22;23;24;25;26;27;28;29
A,11.28,g_okr,0.8522532574267104,0.8099199474513775,0.8762253610813523,30,0;1;2;3;4;5;6;7;8;9;10;11;12;13;14;15;16;17;18;19;20;21;22;23;24;25;26;27;28;29
A,11.290000000000001,g_okr,0.8523181003767684,0.809980709219291,0.8762506160469097,30,0;1;2;3;4;5;6;7;8;9;10;11;12;13;14;15;16;17;18;19;20;21;22;23;24;25;26;27;28;29
A,11.3,g_okr,0.8523867126705651,0.8100485392436305,0.8762840226032217,30,0;1;2;3;4;5;6;7;8;9;10;11;12;13;14;15;16;17;18;19;20;21;22;23;24;25;26;27;28;29
A,11.31,g_okr,0.8524577787864819,0.8101234906077251,0.8763263287257075,30,0;1;2;3;4;5;6;7;8;9;10;11;12;13;14;15;16;17;18;19;20;21;22;23;24;25;26;27;28;29
A,11.32,g_okr,0.8525337686670824,0.8102054313097438,0.8763751784570919,30,0;1;2;3;4;5;6;7;8;9;10;11;12;13;14;15;16;17;18;19;20;21;22;23;24;25;26;27;28;29
A,11.33,g_okr,0.8526141843566042,0.8102943564896309,0.8764309541379275,30,0;1;2;3;4;5;6;7;8;9;10;11;12;13;14;15;16;17;18;19;20;21;22;23;24;25;26;27;28;29
A,11.34,g_okr,0.852698167699965,0.8103891620375347,0.8764957807032924,30,0;1;2;3;4;5;6;7;8;9;10;11;12;13;14;15;16;17;18;19;20;21;22;23;24;25;26;27;28;29
A,11.35,g_okr,0.8527859534406578,0.8104884343057607,0.8765685775901904,30,0;1;2;3;4;5;6;7;8;9;10;11;12;13;14;15;16;17;18;19;20;21;22;23;24;25;26;27;28;29
A,11.36,g_okr,0.8528774231951916,0.8105887955045431,0.8766504250307906,30,0;1;2;3;4;5;6;7;8;9;10;11;12;13;14;15;16;17;18;19;20;21;22;23;24;25;26;27;28;29
A,11.370000000000001,g_okr,0.8529733573296826,0.8106953721450534,0.8767422933116439,30,0;1;2;3;4;5;6;7;8;9;10;11;12;13;14;15;16;17;18;19;20;21;22;23;24;25;26;27;28;29
A,11.38,g_okr,0.8530745950863701,0.810808687906109,0.8768413744710815,30,0;1;2;3;4;5;6;7;8;9;10;11;12;13;14;15;16;17;18;19;20;21;22;23;24;25;26;27;28;29
A,11.39,g_okr,0.8531808391822631,0.8109256386555073,0.8769490853318502,30,0;1;2;3;4;5;6;7;8;9;10;11;12;13;14;15;16;17;18;19;20;21;22;23;24;25;26;27;28;29
A,11.4,g_okr,0.8532917484785016,0.8110474236987366,0.8770655047954347,30,0;1;2;3;4;5;6;7;8;9;10;11;12;13;14;15;16;17;18;19;20;21;22;23;24;25;26;27;28;29
A,11.41,g_okr,0.8534077707970668,0.8111747067093728,0.8771874306125909,30,0;1;2;3;4;5;6;7;8;9;10;11;12;13;14;15;16;17;18;19;20;21;22;23;24;25;26;27;28;29
A,11.42,g_okr,0.8535289876631801,0.8113036231292973,0.8773153350517923,30,0;1;2;3;4;5;6;7;8;9;10;11;12;13;14;15;16;17;18;19;20;21;22;23;24;25;26;27;28;29
A,11.43,g_okr,0.853656114290688,0.811440774582411,0.877453205495212,30,0;1;2;3;4;5;6;7;8;9;10;11;12;13;14;15;16;17;18;19;20;21;22;23;24;25;26;27;28;29
A,11.44,g_okr,0.8537893816634043,0.8115863591511201,0.8775951195970954,30,0;1;2;3;4;5;6;7;8;9;10;11;12;13;14;15;16;17;18;19;20;21;22;23;24;25;26;27;28;29
A,11.450000000000001,g_okr,0.8539288546200504,0.8117392779203625,0.8777436451069367,30,0;1;2;3;4;5;6;7;8;9;10;11;12;13;14;15;16;17;18;19;20;21;22;23;24;25;26;27;28;29
A,11.46,g_okr,0.8540751135814362,0.8118997465241842,0.8778981809265948,30,0;1;2;3;4;5;6;7;8;9;10;11;12;13;14;15;16;17;18;19;20;21;22;23;24;25;26;27;28;29
A,11.47,g_okr,0.8542282114801761,0.8120612752520484,0.8780627846957937,30,0;1;2;3;4;5;6;7;8;9;10;11;12;13;14;15;16;17;18;19;20;21;22;23;24;25;26;27;28;29
A,11.48,g_okr,0.8543880650747321,0.8122312946808449,0.8782352351812902,30,0;1;2;3;4;5;6;7;8;9;10;11;12;13;14;15;16;17;18;19;20;21;22;23;24;25;26;27;28;29
A,11.49,g_okr,0.8545545595544753,0.8124066974149181,0.8784169296558625,30,0;1;2;3;4;5;6;7;8;9;10;11;12;13;14;15;16;17;18;19;20;21;22;23;24;25;26;27;28;29
A,11.5,g_okr,0.8547270023012119,0.81258590080242,0.878602630060854,30,0;1;2;3;4;5;6;7;8;9;10;11;12;13;14;15;16;17;18;19;20;21;22;23;24;25;26;27;28;29
A,11.51,g_okr,0.8549052635809414,0.8127721170718138,0.8787905218069739,30,0;1;2;3;4;5;6;7;8;9;10;11;12;13;14;15;16;17;18;19;20;21;22;23;24;25;26;27;28;29
A,11.52,g_okr,0.8550902162637005,0.8129634577788106,0.8789836282064908,30,0;1;2;3;4;5;6;7;8;9;10;11;12;13;14;15;16;17;18;19;20;21;22;23;24;25;26;27;28;29
A,11.53,g_okr,0.8552818471590133,0.8131603153410412,0.8791799970088631,30,0;1;2;3;4;5;6;7;8;9;10;11;12;13;14;15;16;17;18;19;20;21;22;23;24;25;26;27;28;29
A,11.540000000000001,g_okr,0.8554808467984404,0.8133611947817032,0.87938347904618,30,0;1;2;3;4;5;6;7;8;9;10;11;12;13;14;15;16;17;18;19;20;21;22;23;24;25;26;27;28;29
A,11.55,g_okr,0.8556870480326926,0.8135684201607197,0.8795941054343944,30,0;1;2;3;4;5;6;7;8;9;10;11;12;13;14;15;16;17;18;19;20;21;22;23;24;25;26;27;28;29
A,11.56,g_okr,0.8558993147213332,0.8137814740485984,0.8798112053963721,30,0;1;2;3;4;5;6;7;8;9;10;11;12;13;14;15;16;17;18;19;20;21;22;23;24;25;26;27;28;29
A,11.57,g_okr,0.856117446540292,0.8140002748943683,0.8800330018341583,30,0;1;2;3;4;5;6;7;8;9;10;11;12;13;14;15;16;17;18;19;20;21;22;23;24;25;26;27;28;29
A,11.58,g_okr,0.8563417166507907,0.8142234870509555,0.8802601399232087,30,0;1;2;3;4;5;6;7;8;9;10;11;12;13;14;15;16;17;18;19;20;21;22;23;24;25;26;27;28;29
A,11.59,g_okr,0.8565729091449523,0.8144576863148842,0.8804951936562726,30,0;1;2;3;4;5;6;7;8;9;10;11;12;13;14;15;16;17;18;19;20;21;22;23;24;25;26;27;28;29
A,11.6,g_okr,0.856811202508472,0.8146961636938695,0.8807361262033307,30,0;1;2;3;4;5;6;7;8;9;10;11;12;13;14;15;16;17;18;19;20;21;22;23;24;25;26;27;28;29
A,11.61,g_okr,0.8570569688150732,0.8149442163244532,0.8809872607326716,30,0;1;2;3;4;5;6;7;8;9;10;11;12;13;14;15;16;17;18;19;20;21;22;23;24;25;26;27;28;29
A,11.620000000000001,g_okr,0.8573091034264677,0.8151962289759632,0.8812457708658854,30,0;1;2;3;4;5;6;7;8;9;10;11;12;13;14;15;16;17;18;19;20;21;22;23;24;25;26;27;28;29
A,11.63,g_okr,0.857567247712822,0.815452930640359,0.8815096703855975,30,0;1;2;3;4;5;6;7;8;9;10;11;12;13;14;15;16;17;18;19;20;21;22;23;24;25;26;27;28;29
A,11.64,g_okr,0.857831086643724,0.8157167704856381,0.8817786982390684,30,0;1;2;3;4;5;6;7;8;9;10;11;12;13;14;15;16;17;18;19;20;21;22;23;24;25;26;27;28;29
A,11.65,g_okr,0.858101082052606,0.8159854235616489,0.8820538883656112,30,0;1;2;3;4;5;6;7;8;9;10;11;12;13;14;15;16;17;18;19;20;21;22;23;24;25;26;27;28;29
A,11.66,g_okr,0.858377691182829,0.8162631322020258,0.8823349720596586,30,0;1;2;3;4;5;6;7;8;9;10;11;12;13;14;15;16;17;18;19;20;21;22;23;24;25;26;27;28;29
A,11.67,g_okr,0.8586603269531021,0.8165467330545212,0.8826207887063934,30,0;1;2;3;4;5;6;7;8;9;10;11;12;13;14;15;16;17;18;19;20;21;22;23;24;25;26;27;28;29
A,11.68,g_okr,0.8589495928307048,0.8168334965154213,0.8829141452713126,30,0;1;2;3;4;5;6;7;8;9;10;11;12;13;14;15;16;17;18;19;20;21;22;23;24;25;26;27;28;29
A,11.69,g_okr,0.8592442851982789,0.8171263653714577,0.8832114433159135,30,0;1;2;3;4;5;6;7;8;9;10;11;12;13;14;15;16;17;18;19;20;21;22;23;24;25;26;27;28;29
A,11.700000000000001,g_okr,0.8595466243179334,0.8174264496658958,0.8836179732972999,30,0;1;2;3;4;5;6;7;8;9;10;11;12;13;14;15;16;17;18;19;20;21;22;23;24;25;26;27;28;29
A,11.71,g_okr,0.8598557437038915,0.8177312616308804,0.8840798102992975,30,0;1;2;3;4;5;6;7;8;9;10;11;12;13;14;15;16;17;18;19;20;21;22;23;24;25;26;27;28;29
A,11.72,g_okr,0.860170863377014,0.8180432233786291,0.8845470729231604,30,0;1;2;3;4;5;6;7;8;9;10;11;12;13;14;15;16;17;18;19;20;21;22;23;24;25;26;27;28;29
A,11.73,g_okr,0.8604934797490865,0.8183616441018521,0.8850210459829646,30,0;1;2;3;4;5;6;7;8;9;10;11;12;13;14;15;16;17;18;19;20;21;22;23;24;25;26;27;28;29
A,11.74,g_okr,0.8608231745504369,0.8186859330761561,0.885502924360829,30,0;1;2;3;4;5;6;7;8;9;10;11;12;13;14;15;16;17;18;19;20;21;22;23;24;25;26;27;28;29
A,11.75,g_okr,0.8611598652043533,0.8190171638389194,0.8859889865470657,30,0;1;2;3;4;5;6;7;8;9;10;11;12;13;14;15;16;17;18;19;20;21;22;23;24;25;26;27;28;29
A,11.76,g_okr,0.8615040683996296,0.8193521677702263,0.8864825490723379,30,0;1;2;3;4;5;6;7;8;9;10;11;12;13;14;15;16;17;18;19;20;21;22;23;24;25;26;27;28;29
A,11.77,g_okr,0.8618544083378618,0.8196941305160625,0.8869781997146892,30,0;1;2;3;4;5;6;7;8;9;10;11;12;13;14;15;16;17;18;19;20;21;22;23;24;25;26;27;28;29
A,11.78,g_okr,0.862211226282556,0.8200419422621157,0.8874809660902127,30,0;1;2;3;4;5;6;7;8;9;10;11;12;13;14;15;16;17;18;19;20;21;22;23;24;25;26;27;28;29
A,11.790000000000001,g_okr,0.8625746112750744,0.8203964018349545,0.887990358986638,30,0;1;2;3;4;5;6;7;8;9;10;11;12;13;14;15;16;17;18;19;20;21;22;23;24;25;26;27;28;29
A,11.8,g_okr,0.8629441746862291,0.8207576818959543,0.8885049178959391,30,0;1;2;3;4;5;6;7;8;9;10;11;12;13;14;15;16;17;18;19;20;21;22;23;24;25;26;27;28;29
A,11.81,g_okr,0.8633200320301861,0.8211257992581308,0.8890256940663124,30,0;1;2;3;4;5;6;7;8;9;10;11;12;13;14;15;16;17;18;19;20;21;22;23;24;25;26;27;28;29
A,11.82,g_okr,0.8637010811617825,0.8214989257582156,0.8895552229153485,30,0;1;2;3;4;5;6;7;8;9;10;11;12;13;14;15;16;17;18;19;20;21;22;23;24;25;26;27;28;29
A,11.83,g_okr,0.8640881820431241,0.8218785530552555,0.8900905027691821,30,0;1;2;3;4;5;6;7;8;9;10;11;12;13;14;15;16;17;18;19;20;21;22;23;24;25;26;27;28;29
A,11.84,g_okr,0.8644809004425495,0.8222582627415448,0.8906306671701489,30,0;1;2;3;4;5;6;7;8;9;10;11;12;13;14;15;16;17;18;19;20;21;22;23;24;25;26;27;28;29
A,11.85,g_okr,0.8648799055260844,0.8226464264449024,0.891175965407285,30,0;1;2;3;4;5;6;7;8;9;10;11;12;13;14;15;16;17;18;19;20;21;22;23;24;25;26;27;28;29
A,11.86,g_okr,0.8652847485573212,0.8230398680948584,0.8917272100660133,30,0;1;2;3;4;5;6;7;8;9;10;11;12;13;14;15;16;17;18;19;20;21;22;23;24;25;26;27;28;29
A,11.870000000000001,g_okr,0.8656948161761874,0.8234367474658608,0.8922821483485942,30,0;1;2;3;4;5;6;7;8;9;10;11;12;13;14;15;16;17;18;19;20;21;22;23;24;25;26;27;28;29
A,11.88,g_okr,0.8661102260082502,0.8238408482350591,0.8928435392850435,30,0;1;2;3;4;5;6;7;8;9;10;11;12;13;14;15;16;17;18;19;20;21;22;23;24;25;26;27;28;29
A,11.89,g_okr,0.8665311887035377,0.8242523135083533,0.8934100589153037,30,0;1;2;3;4;5;6;7;8;9;10;11;12;13;14;15;16;17;18;19;20;21;22;23;24;25;26;27;28;29
A,11.9,g_okr,0.8669568058581536,0.824665751667765,0.8939808327498299,30,0;1;2;3;4;5;6;7;8;9;10;11;12;13;14;15;16;17;18;19;20;21;22;23;24;25;26;27;28;29
A,11.91,g_okr,0.8673869270516106,0.8250814676876994,0.8945557949266096,30,0;1;2;3;4;5;6;7;8;9;10;11;12;13;14;15;16;17;18;19;20;21;22;23;24;25;26;27;28;29
A,11.92,g_okr,0.8678223526419983,0.8255032869025491,0.8951347198805927,30,0;1;2;3;4;5;6;7;8;9;10;11;12;13;14;15;16;17;18;19;20;21;22;23;24;25;26;27;28;29
A,11.93,g_okr,0.8682623674863994,0.8259285597409313,0.8957180809715177,30,0;1;2;3;4;5;6;7;8;9;10;11;12;13;14;15;16;17;18;19;20;21;22;23;24;25;26;27;28;29
A,11.94,g_okr,0.8687061126019039,0.8263559311420653,0.8963010981849568,30,0;1;2;3;4;5;6;7;8;9;10;11;12;13;14;15;16;17;18;19;20;21;22;23;24;25;26;27;28;29
A,11.950000000000001,g_okr,0.8691546367675876,0.8267907445860835,0.896872619580473,30,0;1;2;3;4;5;6;7;8;9;10;11;12;13;14;15;16;17;18;19;20;21;22;23;24;25;26;27;28;29
A,11.96,g_okr,0.8696062675910721,0.8272300442906075,0.8974295048039488,30,0;1;2;3;4;5;6;7;8;9;10;11;12;13;14;15;16;17;18;19;20;21;22;23;24;25;26;27;28;29
A,11.97,g_okr,0.870062164559263,0.8276767322291675,0.8979748058751951,30,0;1;2;3;4;5;6;7;8;9;10;11;12;13;14;15;16;17;18;19;20;21;22;23;24;25;26;27;28;29
A,11.98,g_okr,0.8705220917814361,0.8281293056553141,0.898509774363537,30,0;1;2;3;4;5;6;7;8;9;10;11;12;13;14;15;16;17;18;19;20;21;22;23;24;25;26;27;28;29
A,11.99,g_okr,0.8709854549156346,0.828583595532433,0.899032482752319,30,0;1;2;3;4;5;6;7;8;9;10;11;12;13;14;15;16;17;18;19;20;21;22;23;24;25;26;27;28;29
A,12.0,g_okr,0.8714513050928118,0.8290422622163884,0.899545833392195,30,0;1;2;3;4;5;6;7;8;9;10;11;12;13;14;15;16;17;18;19;20;21;22;23;24;25;26;27;28;29
A,12.01,g_okr,0.8719208460046288,0.829503756459747,0.900046285051535,30,0;1;2;3;4;5;6;7;8;9;10;11;12;13;14;15;16;17;18;19;20;21;22;23;24;25;26;27;28;29
A,12.02,g_okr,0.8723926652118933,0.8299681208024536,0.9005380426525246,30,0;1;2;3;4;5;6;7;8;9;10;11;12;13;14;15;16;17;18;19;20;21;22;23;24;25;26;27;28;29
A,12.030000000000001,g_okr,0.872866540845503,0.8304363794651953,0.9010224647264489,30,0;1;2;3;4;5;6;7;8;9;10;11;12;13;14;15;16;17;18;19;20;21;22;23;24;25;26;27;28;29
A,12.040000000000001,g_okr,0.8733425126706877,0.8309073547324486,0.9014996117897903,30,0;1;2;3;4;5;6;7;8;9;10;11;12;13;14;15;16;17;18;19;20;21;22;23;24;25;26;27;28;29
A,12.05,g_okr,0.8738209603513035,0.8313817244155163,0.9019660119337495,30,0;1;2;3;4;5;6;7;8;9;10;11;12;13;14;15;16;17;18;19;20;21;22;23;24;25;26;27;28;29
A,12.06,g_okr,0.8743011647618376,0.8318604450640644,0.9024245117362965,30,0;1;2;3;4;5;6;7;8;9;10;11;12;13;14;15;16;17;18;19;20;21;22;23;24;25;26;27;28;29
A,12.07,g_okr,0.8747827382659252,0.8323413085308914,0.9028730798046204,30,0;1;2;3;4;5;6;7;8;9;10;11;12;13;14;15;16;17;18;19;20;21;22;23;24;25;26;27;28;29
A,12.08,g_okr,0.875265876053161,0.8328237605860623,0.9033124070246861,30,0;1;2;3;4;5;6;7;8;9;10;11;12;13;14;15;16;17;18;19;20;21;22;23;24;25;26;27;28;29
A,12.09,g_okr,0.8757505999686265,0.8333089776208742,0.9037475493648492,30,0;1;2;3;4;5;6;7;8;9;10;11;12;13;14;15;16;17;18;19;20;21;22;23;24;25;26;27;28;29
A,12.1,g_okr,0.8762366516842705,0.833796444232392,0.9041774242912699,30,0;1;2;3;4;5;6;7;8;9;10;11;12;13;14;15;16;17;18;19;20;21;22;23;24;25;26;27;28;29
A,12.11,g_okr,0.8767240249200089,0.8342849003931739,0.9046043428954332,30,0;1;2;3;4;5;6;7;8;9;10;11;12;13;14;15;16;17;18;19;20;21;22;23;24;25;26;27;28;29
A,12.120000000000001,g_okr,0.8772128785106116,0.8347765634433957,0.9050243746601273,30,0;1;2;3;4;5;6;7;8;9;10;11;12;13;14;15;16;17;18;19;20;21;22;23;24;25;26;27;28;29
A,12.13,g_okr,0.8777026249026172,0.83526969292559,0.9054390615381362,30,0;1;2;3;4;5;6;7;8;9;10;11;12;13;14;15;16;17;18;19;20;21;22;23;24;25;26;27;28;29
A,12.14,g_okr,0.8781936499108955,0.8357656297339828,0.9058483568843142,30,0;1;2;3;4;5;6;7;8;9;10;11;12;13;14;15;16;17;18;19;20;21;22;23;24;25;26;27;28;29
A,12.15,g_okr,0.8786851099308459,0.836264087432967,0.9062514202142455,30,0;1;2;3;4;5;6;7;8;9;10;11;12;13;14;15;16;17;18;19;20;21;22;23;24;25;26;27;28;29
A,12.16,g_okr,0.8791769615764657,0.8367620139114297,0.9066542462562093,30,0;1;2;3;4;5;6;7;8;9;10;11;12;13;14;15;16;17;18;19;20;21;22;23;24;25;26;27;28;29
A,12.17,g_okr,0.8796683866676526,0.8372621304634004,0.9070530166180809,30,0;1;2;3;4;5;6;7;8;9;10;11;12;13;14;15;16;17;18;19;20;21;22;23;24;25;26;27;28;29
A,12.18,g_okr,0.8801605114858562,0.8377638131788174,0.9074479610775064,30,0;1;2;3;4;5;6;7;8;9;10;11;12;13;14;15;16;17;18;19;20;21;22;23;24;25;26;27;28;29
A,12.19,g_okr,0.8806517804370839,0.8382646899869228,0.9078407164618522,30,0;1;2;3;4;5;6;7;8;9;10;11;12;13;14;15;16;17;18;19;20;21;22;23;24;25;26;27;28;29
A,12.200000000000001,g_okr,0.8811424747095724,0.8387672669813476,0.9082253244955109,30,0;1;2;3;4;5;6;7;8;9;10;11;12;13;14;15;16;17;18;19;20;21;22;23;24;25;26;27;28;29
A,12.21,g_okr,0.8816328871024729,0.8392719524078587,0.9086074348985635,30,0;1;2;3;4;5;6;7;8;9;10;11;12;13;14;15;16;17;18;19;20;21;22;23;24;25;26;27;28;29
A,12.22,g_okr,0.8821220682743817,0.8397753061862495,0.9092102979431059,30,0;1;2;3;4;5;6;7;8;9;10;11;12;13;14;15;16;17;18;19;20;21;22;23;24;25;26;27;28;29
A,12.23,g_okr,0.882609701596198,0.840277894877142,0.9098208992218145,30,0;1;2;3;4;5;6;7;8;9;10;11;12;13;14;15;16;17;18;19;20;21;22;23;24;25;26;27;28;29
A,12.24,g_okr,0.8830960447666073,0.840780947767304,0.9104331604512332,30,0;1;2;3;4;5;6;7;8;9;10;11;12;13;14;15;16;17;18;19;20;21;22;23;24;25;26;27;28;29
A,12.25,g_okr,0.8835816029293263,0.8412832612306899,0.9110457744525504,30,0;1;2;3;4;5;6;7;8;9;10;11;12;13;14;15;16;17;18;19;20;21;22;23;24;25;26;27;28;29
A,12.26,g_okr,0.8840658019488842,0.8417851489176573,0.9116571746693811,30,0;1;2;3;4;5;6;7;8;9;10;11;12;13;14;15;16;17;18;19;20;21;22;23;24;25;26;27;28;29
A,12.27,g_okr,0.8845486462411436,0.8422880561721908,0.9122668397202006,30,0;1;2;3;4;5;6;7;8;9;10;11;12;13;14;15;16;17;18;19;20;21;22;23;24;25;26;27;28;29
A,12.280000000000001,g_okr,0.8850298645664443,0.8427924151832898,0.9128728972775147,30,0;1;2;3;4;5;6;7;8;9;10;11;12;13;14;15;16;17;18;19;20;21;22;23;24;25;26;27;28;29
A,12.290000000000001,g_okr,0.885509255772034,0.8433035176603516,0.9134768261205579,30,0;1;2;3;4;5;6;7;8;9;10;11;12;13;14;15;16;17;18;19;20;21;22;23;24;25;26;27;28;29
A,12.3,g_okr,0.8859869015041314,0.843818864213711,0.914076410019528,30,0;1;2;3;4;5;6;7;8;9;10;11;12;13;14;15;16;17;18;19;20;21;22;23;24;25;26;27;28;29
A,12.31,g_okr,0.8864632461758378,0.8443419009916663,0.9146735924389207,30,0;1;2;3;4;5;6;7;8;9;10;11;12;13;14;15;16;17;18;19;20;21;22;23;24;25;26;27;28;29
A,12.32,g_okr,0.8869382833007091,0.8448715620216758,0.9152712511654693,30,0;1;2;3;4;5;6;7;8;9;10;11;12;13;14;15;16;17;18;19;20;21;22;23;24;25;26;27;28;29
A,12.33,g_okr,0.8874114540925288,0.8454081356619934,0.9158668314050612,30,0;1;2;3;4;5;6;7;8;9;10;11;12;13;14;15;16;17;18;19;20;21;22;23;24;25;26;27;28;29
A,12.34,g_okr,0.8878825322440467,0.8459520085507934,0.9164632380752004,30,0;1;2;3;4;5;6;7;8;9;10;11;12;13;14;15;16;17;18;19;20;21;22;23;24;25;26;27;28;29
A,12.35,g_okr,0.8883514575225255,0.8464997535931811,0.9170574797093013,30,0;1;2;3;4;5;6;7;8;9;10;11;12;13;14;15;16;17;18;19;20;21;22;23;24;25;26;27;28;29
A,12.36,g_okr,0.8888175456053856,0.8470505110938921,0.9176457568210337,30,0;1;2;3;4;5;6;7;8;9;10;11;12;13;14;15;16;17;18;19;20;21;22;23;24;25;26;27;28;29
A,12.370000000000001,g_okr,0.8892803451353957,0.8476036357877181,0.9182316276093831,30,0;1;2;3;4;5;6;7;8;9;10;11;12;13;14;15;16;17;18;19;20;21;22;23;24;25;26;27;28;29
A,12.38,g_okr,0.8897403504729213,0.8481596082326803,0.9188130915015487,30,0;1;2;3;4;5;6;7;8;9;10;11;12;13;14;15;16;17;18;19;20;21;22;23;24;25;26;27;28;29
A,12.39,g_okr,0.890195675219846,0.8487168544338657,0.9193893519640377,30,0;1;2;3;4;5;6;7;8;9;10;11;12;13;14;15;16;17;18;19;20;21;22;23;24;25;26;27;28;29
A,12.4,g_okr,0.8906475345375818,0.8492726224911392,0.9199616844244948,30,0;1;2;3;4;5;6;7;8;9;10;11;12;13;14;15;16;17;18;19;20;21;22;23;24;25;26;27;28;29
A,12.41,g_okr,0.8910960311197095,0.8498293378803595,0.9205318229806536,30,0;1;2;3;4;5;6;7;8;9;10;11;12;13;14;15;16;17;18;19;20;21;22;23;24;25;26;27;28;29
A,12.42,g_okr,0.8915415283050774,0.8503887522895959,0.9210973026547625,30,0;1;2;3;4;5;6;7;8;9;10;11;12;13;14;15;16;17;18;19;20;21;22;23;24;25;26;27;28;29
A,12.43,g_okr,0.8919829081759425,0.8509473502292265,0.9216542600885436,30,0;1;2;3;4;5;6;7;8;9;10;11;12;13;14;15;16;17;18;19;20;21;22;23;24;25;26;27;28;29
A,12.44,g_okr,0.8924210212574093,0.8515032321567976,0.9221457259929204,30,0;1;2;3;4;5;6;7;8;9;10;11;12;13;14;15;16;17;18;19;20;21;22;23;24;25;26;27;28;29
A,12.450000000000001,g_okr,0.892856041173586,0.8520584993242147,0.922636139545086,30,0;1;2;3;4;5;6;7;8;9;10;11;12;13;14;15;16;17;18;19;20;21;22;23;24;25;26;27;28;29
A,12.46,g_okr,0.8932859465815819,0.852612677790072,0.9231221932724961,30,0;1;2;3;4;5;6;7;8;9;10;11;12;13;14;15;16;17;18;19;20;21;22;23;24;25;26;27;28;29
A,12.47,g_okr,0.8937119720658643,0.8531645592410804,0.9236016797331399,30,0;1;2;3;4;5;6;7;8;9;10;11;12;13;14;15;16;17;18;19;20;21;22;23;24;25;26;27;28;29
A,12.48,g_okr,0.8941334089119686,0.8537121400951234,0.9240739056246497,30,0;1;2;3;4;5;6;7;8;9;10;11;12;13;14;15;16;17;18;19;20;21;22;23;24;25;26;27;28;29
A,12.49,g_okr,0.8945500406248447,0.8542589081650226,0.9245385088730788,30,0;1;2;3;4;5;6;7;8;9;10;11;12;13;14;15;16;17;18;19;20;21;22;23;24;25;26;27;28;29
A,12.5,g_okr,0.8949617699497024,0.8548066495426483,0.9249980572067932,30,0;1;2;3;4;5;6;7;8;9;10;11;12;13;14;15;16;17;18;19;20;21;22;23;24;25;26;27;28;29
A,12.51,g_okr,0.8953689233874357,0.8553539732508948,0.9254553631207916,30,0;1;2;3;4;5;6;7;8;9;10;11;12;13;14;15;16;17;18;19;20;21;22;23;24;25;26;27;28;29
A,12.52,g_okr,0.8957710312616591,0.855897677979687,0.9259085560972956,30,0;1;2;3;4;5;6;7;8;9;10;11;12;13;14;15;16;17;18;19;20;21;22;23;24;25;26;27;28;29
A,12.530000000000001,g_okr,0.8961669611444333,0.8564363745718364,0.9263557030369766,30,0;1;2;3;4;5;6;7;8;9;10;11;12;13;14;15;16;17;18;19;20;21;22;23;24;25;26;27;28;29
A,12.540000000000001,g_okr,0.8965579673766721,0.8569685883454022,0.9267996239810464,30,0;1;2;3;4;5;6;7;8;9;10;11;12;13;14;15;16;17;18;19;20;21;22;23;24;25;26;27;28;29
A,12.55,g_okr,0.8969437350122828,0.8574940881900995,0.9272412684496969,30,0;1;2;3;4;5;6;7;8;9;10;11;12;13;14;15;16;17;18;19;20;21;22;23;24;25;26;27;28;29
A,12.56,g_okr,0.8973235696488244,0.8580150004516416,0.9276776341703307,30,0;1;2;3;4;5;6;7;8;9;10;11;12;13;14;15;16;17;18;19;20;21;22;23;24;25;26;27;28;29
A,12.57,g_okr,0.8976978654735704,0.8585323806749859,0.9281094103452711,30,0;1;2;3;4;5;6;7;8;9;10;11;12;13;14;15;16;17;18;19;20;21;22;23;24;25;26;27;28;29
A,12.58,g_okr,0.8980664441186171,0.8590477044541873,0.9285333520290294,30,0;1;2;3;4;5;6;7;8;9;10;11;12;13;14;15;16;17;18;19;20;21;22;23;24;25;26;27;28;29
A,12.59,g_okr,0.8984284560980985,0.8595564152620452,0.9289532056000299,30,0;1;2;3;4;5;6;7;8;9;10;11;12;13;14;15;16;17;18;19;20;21;22;23;24;25;26;27;28;29
A,12.6,g_okr,0.8987847993476054,0.8600594868769088,0.9293656239818492,30,0;1;2;3;4;5;6;7;8;9;10;11;12;13;14;15;16;17;18;19;20;21;22;23;24;25;26;27;28;29
A,12.61,g_okr,0.899135721162209,0.8605561330293742,0.9297698084298458,30,0;1;2;3;4;5;6;7;8;9;10;11;12;13;14;15;16;17;18;19;20;21;22;23;24;25;26;27;28;29
A,12.620000000000001,g_okr,0.8994808349632961,0.8610440198925233,0.9301692157921547,30,0;1;2;3;4;5;6;7;8;9;10;11;12;13;14;15;16;17;18;19;20;21;22;23;24;25;26;27;28;29
A,12.63,g_okr,0.8998190164713428,0.8615232284559593,0.9305559678159259,30,0;1;2;3;4;5;6;7;8;9;10;11;12;13;14;15;16;17;18;19;20;21;22;23;24;25;26;27;28;29
A,12.64,g_okr,0.9001509833540524,0.8619981250827089,0.9309306810751007,30,0;1;2;3;4;5;6;7;8;9;10;11;12;13;14;15;16;17;18;19;20;21;22;23;24;25;26;27;28;29
A,12.65,g_okr,0.9004757257526114,0.8624665256132302,0.9312934304735492,30,0;1;2;3;4;5;6;7;8;9;10;11;12;13;14;15;16;17;18;19;20;21;22;23;24;25;26;27;28;29
A,12.66,g_okr,0.9007938711377954,0.8629288123710828,0.9316484463468907,30,0;1;2;3;4;5;6;7;8;9;10;11;12;13;14;15;16;17;18;19;20;21;22;23;24;25;26;27;28;29
A,12.67,g_okr,0.9011056147933937,0.8633830976643507,0.9319963775240769,30,0;1;2;3;4;5;6;7;8;9;10;11;12;13;14;15;16;17;18;19;20;21;22;23;24;25;26;27;28;29
A,12.68,g_okr,0.9014094704855595,0.8638303039454313,0.9323367370018447,30,0;1;2;3;4;5;6;7;8;9;10;11;12;13;14;15;16;17;18;19;20;21;22;23;24;25;26;27;28;29
A,12.69,g_okr,0.901705692636736,0.8642673102406548,0.9326670179748023,30,0;1;2;3;4;5;6;7;8;9;10;11;12;13;14;15;16;17;18;19;20;21;22;23;24;25;26;27;28;29
A,12.700000000000001,g_okr,0.901995376393057,0.8646997157445689,0.9329897219507531,30,0;1;2;3;4;5;6;7;8;9;10;11;12;13;14;15;16;17;18;19;20;21;22;23;24;25;26;27;28;29
A,12.71,g_okr,0.9022781406422791,0.8651239468844947,0.9333035713483202,30,0;1;2;3;4;5;6;7;8;9;10;11;12;13;14;15;16;17;18;19;20;21;22;23;24;25;26;27;28;29
A,12.72,g_okr,0.90255406303765,0.865539992044014,0.9336093907875347,30,0;1;2;3;4;5;6;7;8;9;10;11;12;13;14;15;16;17;18;19;20;21;22;23;24;25;26;27;28;29
A,12.73,g_okr,0.9028219482824892,0.865947911532776,0.933905157030358,30,0;1;2;3;4;5;6;7;8;9;10;11;12;13;14;15;16;17;18;19;20;21;22;23;24;25;26;27;28;29
A,12.74,g_okr,0.9030825511243239,0.8663510000841721,0.9341917595989123,30,0;1;2;3;4;5;6;7;8;9;10;11;12;13;14;15;16;17;18;19;20;21;22;23;24;25;26;27;28;29
A,12.75,g_okr,0.9033364779604729,0.8667434691746889,0.9344652770914947,30,0;1;2;3;4;5;6;7;8;9;10;11;12;13;14;15;16;17;18;19;20;21;22;23;24;25;26;27;28;29
A,12.76,g_okr,0.9035829651010384,0.8671257083970075,0.934730120707595,30,0;1;2;3;4;5;6;7;8;9;10;11;12;13;14;15;16;17;18;19;20;21;22;23;24;25;26;27;28;29
A,12.77,g_okr,0.9038228054566894,0.8675033403140763,0.9349881420747488,30,0;1;2;3;4;5;6;7;8;9;10;11;12;13;14;15;16;17;18;19;20;21;22;23;24;25;26;27;28;29
A,12.780000000000001,g_okr,0.9040551664380182,0.8678707116218634,0.9352354731238977,30,0;1;2;3;4;5;6;7;8;9;10;11;12;13;14;15;16;17;18;19;20;21;22;23;24;25;26;27;28;29
A,12.790000000000001,g_okr,0.9042798386980664,0.8682304332433287,0.9354702498042116,30,0;1;2;3;4;5;6;7;8;9;10;11;12;13;14;15;16;17;18;19;20;21;22;23;24;25;26;27;28;29
A,12.8,g_okr,0.9044963947912723,0.8685843799939182,0.935697001033637,30,0;1;2;3;4;5;6;7;8;9;10;11;12;13;14;15;16;17;18;19;20;21;22;23;24;25;26;27;28;29
A,12.81,g_okr,0.9047045840429079,0.8689309262703123,0.9359155181354184,30,0;1;2;3;4;5;6;7;8;9;10;11;12;13;14;15;16;17;18;19;20;21;22;23;24;25;26;27;28;29
A,12.82,g_okr,0.9049047255827348,0.8692680896327684,0.9361240868890142,30,0;1;2;3;4;5;6;7;8;9;10;11;12;13;14;15;16;17;18;19;20;21;22;23;24;25;26;27;28;29
A,12.83,g_okr,0.905096991139164,0.8695948423359152,0.936320093064454,30,0;1;2;3;4;5;6;7;8;9;10;11;12;13;14;15;16;17;18;19;20;21;22;23;24;25;26;27;28;29
A,12.84,g_okr,0.9052807244201653,0.8699097533378395,0.9365056467405156,30,0;1;2;3;4;5;6;7;8;9;10;11;12;13;14;15;16;17;18;19;20;21;22;23;24;25;26;27;28;29
A,12.85,g_okr,0.9054563953814895,0.870218260414678,0.9366805138468011,30,0;1;2;3;4;5;6;7;8;9;10;11;12;13;14;15;16;17;18;19;20;21;22;23;24;25;26;27;28;29
A,12.86,g_okr,0.9056234192064101,0.8705178166571435,0.9368432372284883,30,0;1;2;3;4;5;6;7;8;9;10;11;12;13;14;15;16;17;18;19;20;21;22;23;24;25;26;27;28;29
A,12.870000000000001,g_okr,0.9057823667432643,0.870808855881574,0.9369946211387875,30,0;1;2;3;4;5;6;7;8;9;10;11;12;13;14;15;16;17;18;19;20;21;22;23;24;25;26;27;28;29
A,12.88,g_okr,0.9059321827942782,0.8710911685502079,0.9371358313381488,30,0;1;2;3;4;5;6;7;8;9;10;11;12;13;14;15;16;17;18;19;20;21;22;23;24;25;26;27;28;29
A,12.89,g_okr,0.9060740822108718,0.8713607498496717,0.9372687366243522,30,0;1;2;3;4;5;6;7;8;9;10;11;12;13;14;15;16;17;18;19;20;21;22;23;24;25;26;27;28;29
A,12.9,g_okr,0.9062067802527772,0.8716185889796325,0.9373919117723662,30,0;1;2;3;4;5;6;7;8;9;10;11;12;13;14;15;16;17;18;19;20;21;22;23;24;25;26;27;28;29
A,12.91,g_okr,0.9063314142676028,0.8718659588480461,0.9375083318922869,30,0;1;2;3;4;5;6;7;8;9;10;11;12;13;14;15;16;17;18;19;20;21;22;23;24;25;26;27;28;29
A,12.92,g_okr,0.9064486260322301,0.8721040543792058,0.9376175773502107,30,0;1;2;3;4;5;6;7;8;9;10;11;12;13;14;15;16;17;18;19;20;21;22;23;24;25;26;27;28;29
A,12.93,g_okr,0.9065573285370119,0.8723283408889451,0.9377157142344184,30,0;1;2;3;4;5;6;7;8;9;10;11;12;13;14;15;16;17;18;19;20;21;22;23;24;25;26;27;28;29
A,12.94,g_okr,0.9066599640142623,0.8725416514337376,0.9378040524336663,30,0;1;2;3;4;5;6;7;8;9;10;11;12;13;14;15;16;17;18;19;20;21;22;23;24;25;26;27;28;29
A,12.950000000000001,g_okr,0.9067570514971979,0.8727473941486519,0.9378821376435191,30,0;1;2;3;4;5;6;7;8;9;10;11;12;13;14;15;16;17;18;19;20;21;22;23;24;25;26;27;28;29
A,12.96,g_okr,0.9068479395400009,0.8729447831672681,0.9379487825229469,30,0;1;2;3;4;5;6;7;8;9;10;11;12;13;14;15;16;17;18;19;20;21;22;23;24;25;26;27;28;29
A,12.97,g_okr,0.9069344511536765,0.8731323306284217,0.9380069235622172,30,0;1;2;3;4;5;6;7;8;9;10;11;12;13;14;15;16;17;18;19;20;21;22;23;24;25;26;27;28;29
A,12.98,g_okr,0.9070159134527678,0.8733118534114588,0.9380575627425601,30,0;1;2;3;4;5;6;7;8;9;10;11;12;13;14;15;16;17;18;19;20;21;22;23;24;25;26;27;28;29
A,12.99,g_okr,0.9070926181569664,0.8734776555991807,0.9380975379090805,30,0;1;2;3;4;5;6;7;8;9;10;11;12;13;14;15;16;17;18;19;20;21;22;23;24;25;26;27;28;29
A,13.0,g_okr,0.9071651987115295,0.8736344429171906,0.9381279386110102,30,0;1;2;3;4;5;6;7;8;9;10;11;12;13;14;15;16;17;18;19;20;21;22;23;24;25;26;27;28;29
A,13.01,g_okr,0.9072320719705916,0.8737797909700982,0.9381496427516138,30,0;1;2;3;4;5;6;7;8;9;10;11;12;13;14;15;16;17;18;19;20;21;22;23;24;25;26;27;28;29
A,13.02,g_okr,0.9072939073701393,0.873918744288891,0.9381593914427286,30,0;1;2;3;4;5;6;7;8;9;10;11;12;13;14;15;16;17;18;19;20;21;22;23;24;25;26;27;28;29
A,13.030000000000001,g_okr,0.907351172645415,0.8740480574884368,0.9381637496092785,30,0;1;2;3;4;5;6;7;8;9;10;11;12;13;14;15;16;17;18;19;20;21;22;23;24;25;26;27;28;29
A,13.040000000000001,g_okr,0.9074035932719864,0.8741680926444648,0.9381652698042471,30,0;1;2;3;4;5;6;7;8;9;10;11;12;13;14;15;16;17;18;19;20;21;22;23;24;25;26;27;28;29
A,13.05,g_okr,0.9074502785326098,0.8742793074529008,0.9381639248986843,30,0;1;2;3;4;5;6;7;8;9;10;11;12;13;14;15;16;17;18;19;20;21;22;23;24;25;26;27;28;29
A,13.06,g_okr,0.9074921838619245,0.8743834934472581,0.938159919141579,30,0;1;2;3;4;5;6;7;8;9;10;11;12;13;14;15;16;17;18;19;20;21;22;23;24;25;26;27;28;29
A,13.07,g_okr,0.9075319225677073,0.8744770446930042,0.9381528277490525,30,0;1;2;3;4;5;6;7;8;9;10;11;12;13;14;15;16;17;18;19;20;21;22;23;24;25;26;27;28;29
A,13.08,g_okr,0.9075710800289417,0.8745609402669426,0.9381424509036526,30,0;1;2;3;4;5;6;7;8;9;10;11;12;13;14;15;16;17;18;19;20;21;22;23;24;25;26;27;28;29
A,13.09,g_okr,0.9076114786736168,0.8746250910712652,0.9381409569080118,30,0;1;2;3;4;5;6;7;8;9;10;11;12;13;14;15;16;17;18;19;20;21;22;23;24;25;26;27;28;29
A,13.1,g_okr,0.9076552839566617,0.8746735684470203,0.9381474964915559,30,0;1;2;3;4;5;6;7;8;9;10;11;12;13;14;15;16;17;18;19;20;21;22;23;24;25;26;27;28;29
A,13.11,g_okr,0.9077021276093461,0.8747056812625135,0.9381645119452114,30,0;1;2;3;4;5;6;7;8;9;10;11;12;13;14;15;16;17;18;19;20;21;22;23;24;25;26;27;28;29
A,13.120000000000001,g_okr,0.9077530977949836,0.874724036589557,0.9381874139584135,30,0;1;2;3;4;5;6;7;8;9;10;11;12;13;14;15;16;17;18;19;20;21;22;23;24;25;26;27;28;29
A,13.13,g_okr,0.9078087861266382,0.8747327399489708,0.9382200994717521,30,0;1;2;3;4;5;6;7;8;9;10;11;12;13;14;15;16;17;18;19;20;21;22;23;24;25;26;27;28;29
A,13.14,g_okr,0.9078687963797459,0.8747289966785832,0.9382578737808994,30,0;1;2;3;4;5;6;7;8;9;10;11;12;13;14;15;16;17;18;19;20;21;22;23;24;25;26;27;28;29
A,13.15,g_okr,0.907934648987154,0.8747203698614412,0.9383065153387354,30,0;1;2;3;4;5;6;7;8;9;10;11;12;13;14;15;16;17;18;19;20;21;22;23;24;25;26;27;28;29
A,13.16,g_okr,0.9080061906628459,0.8747263089386542,0.9383668163434264,30,0;1;2;3;4;5;6;7;8;9;10;11;12;13;14;15;16;17;18;19;20;21;22;23;24;25;26;27;28;29
A,13.17,g_okr,0.9080827292664171,0.874742642495282,0.9384359878589672,30,0;1;2;3;4;5;6;7;8;9;10;11;12;13;14;15;16;17;18;19;20;21;22;23;24;25;26;27;28;29
A,13.18,g_okr,0.9081647054421782,0.8747717471344906,0.9385132970983813,30,0;1;2;3;4;5;6;7;8;9;10;11;12;13;14;15;16;17;18;19;20;21;22;23;24;25;26;27;28;29
A,13.19,g_okr,0.9082519450925639,0.8748131924778565,0.9385993861917041,30,0;1;2;3;4;5;6;7;8;9;10;11;12;13;14;15;16;17;18;19;20;21;22;23;24;25;26;27;28;29
A,13.200000000000001,g_okr,0.9083437055806018,0.8748671607763815,0.9386936425149496,30,0;1;2;3;4;5;6;7;8;9;10;11;12;13;14;15;16;17;18;19;20;21;22;23;24;25;26;27;28;29
A,13.21,g_okr,0.9084405909406276,0.8749326997579772,0.9387973999274813,30,0;1;2;3;4;5;6;7;8;9;10;11;12;13;14;15;16;17;18;19;20;21;22;23;24;25;26;27;28;29
A,13.22,g_okr,0.9085419825697424,0.8750109154168964,0.9389083273421912,30,0;1;2;3;4;5;6;7;8;9;10;11;12;13;14;15;16;17;18;19;20;21;22;23;24;25;26;27;28;29
A,13.23,g_okr,0.9086490731388115,0.8751039070418267,0.9390295452057108,30,0;1;2;3;4;5;6;7;8;9;10;11;12;13;14;15;16;17;18;19;20;21;22;23;24;25;26;27;28;29
A,13.24,g_okr,0.9087623334030038,0.8752064159031735,0.9391575158109083,30,0;1;2;3;4;5;6;7;8;9;10;11;12;13;14;15;16;17;18;19;20;21;22;23;24;25;26;27;28;29
A,13.25,g_okr,0.9088815832948463,0.8753216456384716,0.939294600095649,30,0;1;2;3;4;5;6;7;8;9;10;11;12;13;14;15;16;17;18;19;20;21;22;23;24;25;26;27;28;29
A,13.26,g_okr,0.9090067244718879,0.8754477575079582,0.9394367598838252,30,0;1;2;3;4;5;6;7;8;9;10;11;12;13;14;15;16;17;18;19;20;21;22;23;24;25;26;27;28;29
A,13.27,g_okr,0.909138436738743,0.8755836785564064,0.9395876618503525,30,0;1;2;3;4;5;6;7;8;9;10;11;12;13;14;15;16;17;18;19;20;21;22;23;24;25;26;27;28;29
A,13.280000000000001,g_okr,0.9092762981919079,0.8757317248159202,0.9397420397938168,30,0;1;2;3;4;5;6;7;8;9;10;11;12;13;14;15;16;17;18;19;20;21;22;23;24;25;26;27;28;29
A,13.290000000000001,g_okr,0.9094212921900551,0.8758864104887486,0.9399032523742835,30,0;1;2;3;4;5;6;7;8;9;10;11;12;13;14;15;16;17;18;19;20;21;22;23;24;25;26;27;28;29
A,13.3,g_okr,0.9095736561429495,0.8760523226801338,0.9400740647417458,30,0;1;2;3;4;5;6;7;8;9;10;11;12;13;14;15;16;17;18;19;20;21;22;23;24;25;26;27;28;29
A,13.31,g_okr,0.9097338535783748,0.8762273445956157,0.9402527050090382,30,0;1;2;3;4;5;6;7;8;9;10;11;12;13;14;15;16;17;18;19;20;21;22;23;24;25;26;27;28;29
A,13.32,g_okr,0.9099014460310736,0.8764150453423739,0.9404384158214667,30,0;1;2;3;4;5;6;7;8;9;10;11;12;13;14;15;16;17;18;19;20;21;22;23;24;25;26;27;28;29
A,13.33,g_okr,0.9100763416192694,0.8766131154104756,0.9406336289257479,30,0;1;2;3;4;5;6;7;8;9;10;11;12;13;14;15;16;17;18;19;20;21;22;23;24;25;26;27;28;29
A,13.34,g_okr,0.9102575947194705,0.8768192577418754,0.9408356034734352,30,0;1;2;3;4;5;6;7;8;9;10;11;12;13;14;15;16;17;18;19;20;21;22;23;24;25;26;27;28;29
A,13.35,g_okr,0.9104458144183847,0.8770374228329755,0.9410470286662665,30,0;1;2;3;4;5;6;7;8;9;10;11;12;13;14;15;16;17;18;19;20;21;22;23;24;25;26;27;28;29
A,13.36,g_okr,0.9106413149097278,0.8772659055035993,0.94126417855769,30,0;1;2;3;4;5;6;7;8;9;10;11;12;13;14;15;16;17;18;19;20;21;22;23;24;25;26;27;28;29
A,13.370000000000001,g_okr,0.9108443307790552,0.8775029163244944,0.9414894060299643,30,0;1;2;3;4;5;6;7;8;9;10;11;12;13;14;15;16;17;18;19;20;21;22;23;24;25;26;27;28;29
A,13.38,g_okr,0.9110535858695308,0.8777491249529217,0.9417192090519859,30,0;1;2;3;4;5;6;7;8;9;10;11;12;13;14;15;16;17;18;19;20;21;22;23;24;25;26;27;28;29
A,13.39,g_okr,0.911269375930343,0.8780031554361722,0.9419585546661104,30,0;1;2;3;4;5;6;7;8;9;10;11;12;13;14;15;16;17;18;19;20;21;22;23;24;25;26;27;28;29
A,13.4,g_okr,0.911492743298977,0.87826791256994,0.9422031905493663,30,0;1;2;3;4;5;6;7;8;9;10;11;12;13;14;15;16;17;18;19;20;21;22;23;24;25;26;27;28;29
A,13.41,g_okr,0.9117242206986307,0.8785408437172815,0.9424542734207064,30,0;1;2;3;4;5;6;7;8;9;10;11;12;13;14;15;16;17;18;19;20;21;22;23;24;25;26;27;28;29
A,13.42,g_okr,0.9119630953135076,0.8788204804849393,0.942711484799078,30,0;1;2;3;4;5;6;7;8;9;10;11;12;13;14;15;16;17;18;19;20;21;22;23;24;25;26;27;28;29
A,13.43,g_okr,0.9122093450286761,0.879109817567473,0.9429738583035965,30,0;1;2;3;4;5;6;7;8;9;10;11;12;13;14;15;16;17;18;19;20;21;22;23;24;25;26;27;28;29
A,13.44,g_okr,0.9124626602417801,0.8794043490427437,0.9432439977404256,30,0;1;2;3;4;5;6;7;8;9;10;11;12;13;14;15;16;17;18;19;20;21;22;23;24;25;26;27;28;29
A,13.450000000000001,g_okr,0.9127231345904219,0.8797029824118122,0.9435206096330134,30,0;1;2;3;4;5;6;7;8;9;10;11;12;13;14;15;16;17;18;19;20;21;22;23;24;25;26;27;28;29
A,13.46,g_okr,0.9129908538471324,0.8799015188769058,0.9438031947365588,30,0;1;2;3;4;5;6;7;8;9;10;11;12;13;14;15;16;17;18;19;20;21;22;23;24;25;26;27;28;29
A,13.47,g_okr,0.9132648079741568,0.8800635324536314,0.9440934093325849,30,0;1;2;3;4;5;6;7;8;9;10;11;12;13;14;15;16;17;18;19;20;21;22;23;24;25;26;27;28;29
A,13.48,g_okr,0.9135436571950265,0.8802312465130517,0.9444306449289347,30,0;1;2;3;4;5;6;7;8;9;10;11;12;13;14;15;16;17;18;19;20;21;22;23;24;25;26;27;28;29
A,13.49,g_okr,0.9138273985678672,0.8804066370971656,0.9448608442290499,30,0;1;2;3;4;5;6;7;8;9;10;11;12;13;14;15;16;17;18;19;20;21;22;23;24;25;26;27;28;29
A,13.5,g_okr,0.9141169990178593,0.8805864488776366,0.9452944155038278,30,0;1;2;3;4;5;6;7;8;9;10;11;12;13;14;15;16;17;18;19;20;21;22;23;24;25;26;27;28;29
A,13.51,g_okr,0.9144136177210563,0.8807770048395928,0.9457294009940586,30,0;1;2;3;4;5;6;7;8;9;10;11;12;13;14;15;16;17;18;19;20;21;22;23;24;25;26;27;28;29
A,13.52,g_okr,0.9147158356419368,0.8809738998137779,0.946168080167391,30,0;1;2;3;4;5;6;7;8;9;10;11;12;13;14;15;16;17;18;19;20;21;22;23;24;25;26;27;28;29
A,13.530000000000001,g_okr,0.9150236977277,0.8811750553494646,0.9466099764393542,30,0;1;2;3;4;5;6;7;8;9;10;11;12;13;14;15;16;17;18;19;20;21;22;23;24;25;26;27;28;29
A,13.540000000000001,g_okr,0.9153374940142798,0.8813825706371002,0.9470578901853991,30,0;1;2;3;4;5;6;7;8;9;10;11;12;13;14;15;16;17;18;19;20;21;22;23;24;25;26;27;28;29
A,13.55,g_okr,0.9156568096733225,0.8815924351311807,0.9475088358456318,30,0;1;2;3;4;5;6;7;8;9;10;11;12;13;14;15;16;17;18;19;20;21;22;23;24;25;26;27;28;29
A,13.56,g_okr,0.9159805911328736,0.8818089778170819,0.9479636076299494,30,0;1;2;3;4;5;6;7;8;9;10;11;12;13;14;15;16;17;18;19;20;21;22;23;24;25;26;27;28;29
A,13.57,g_okr,0.9163090821077365,0.8820310388255316,0.9484172069016582,30,0;1;2;3;4;5;6;7;8;9;10;11;12;13;14;15;16;17;18;19;20;21;22;23;24;25;26;27;28;29
A,13.58,g_okr,0.9166420510808775,0.8822543628907845,0.9488762032315406,30,0;1;2;3;4;5;6;7;8;9;10;11;12;13;14;15;16;17;18;19;20;21;22;23;24;25;26;27;28;29
A,13.59,g_okr,0.9169800716863378,0.8824821849858887,0.9493383665151133,30,0;1;2;3;4;5;6;7;8;9;10;11;12;13;14;15;16;17;18;19;20;21;22;23;24;25;26;27;28;29
A,13.6,g_okr,0.9173219261528622,0.8827139660433438,0.9498039416727055,30,0;1;2;3;4;5;6;7;8;9;10;11;12;13;14;15;16;17;18;19;20;21;22;23;24;25;26;27;28;29
A,13.61,g_okr,0.917667291354369,0.8829507036587881,0.950273433695224,30,0;1;2;3;4;5;6;7;8;9;10;11;12;13;14;15;16;17;18;19;20;21;22;23;24;25;26;27;28;29
A,13.620000000000001,g_okr,0.9180157114484092,0.8831862999928667,0.9507462890169285,30,0;1;2;3;4;5;6;7;8;9;10;11;12;13;14;15;16;17;18;19;20;21;22;23;24;25;26;27;28;29
A,13.63,g_okr,0.9183675328708406,0.8834224126771023,0.9512213640667058,30,0;1;2;3;4;5;6;7;8;9;10;11;12;13;14;15;16;17;18;19;20;21;22;23;24;25;26;27;28;29
A,13.64,g_okr,0.9187237176406736,0.8836632456099852,0.9516986890949203,30,0;1;2;3;4;5;6;7;8;9;10;11;12;13;14;15;16;17;18;19;20;21;22;23;24;25;26;27;28;29
A,13.65,g_okr,0.9190824855967826,0.8839060588684736,0.9521747296216349,30,0;1;2;3;4;5;6;7;8;9;10;11;12;13;14;15;16;17;18;19;20;21;22;23;24;25;26;27;28;29
A,13.66,g_okr,0.919443426617838,0.8841548997723835,0.9526416813116761,30,0;1;2;3;4;5;6;7;8;9;10;11;12;13;14;15;16;17;18;19;20;21;22;23;24;25;26;27;28;29
A,13.67,g_okr,0.9198057814335411,0.884406134940808,0.9530997755122227,30,0;1;2;3;4;5;6;7;8;9;10;11;12;13;14;15;16;17;18;19;20;21;22;23;24;25;26;27;28;29
A,13.68,g_okr,0.9201696306319399,0.8846616976480164,0.9535498865724586,30,0;1;2;3;4;5;6;7;8;9;10;11;12;13;14;15;16;17;18;19;20;21;22;23;24;25;26;27;28;29
A,13.69,g_okr,0.9205357756498832,0.8849179512998775,0.9539937758335101,30,0;1;2;3;4;5;6;7;8;9;10;11;12;13;14;15;16;17;18;19;20;21;22;23;24;25;26;27;28;29
A,13.700000000000001,g_okr,0.9209041323196414,0.8851784417014897,0.954430119207557,30,0;1;2;3;4;5;6;7;8;9;10;11;12;13;14;15;16;17;18;19;20;21;22;23;24;25;26;27;28;29
A,13.71,g_okr,0.9212736911508979,0.8854396758860684,0.9548586251810052,30,0;1;2;3;4;5;6;7;8;9;10;11;12;13;14;15;16;17;18;19;20;21;22;23;24;25;26;27;28;29
A,13.72,g_okr,0.9216451104403759,0.8857037197680632,0.955282002547159,30,0;1;2;3;4;5;6;7;8;9;10;11;12;13;14;15;16;17;18;19;20;21;22;23;24;25;26;27;28;29
A,13.73,g_okr,0.9220183863468823,0.8859732538725544,0.9557010408164327,30,0;1;2;3;4;5;6;7;8;9;10;11;12;13;14;15;16;17;18;19;20;21;22;23;24;25;26;27;28;29
A,13.74,g_okr,0.9223923074027078,0.8862441593927972,0.9561132592145027,30,0;1;2;3;4;5;6;7;8;9;10;11;12;13;14;15;16;17;18;19;20;21;22;23;24;25;26;27;28;29
A,13.75,g_okr,0.9227679671817778,0.8865176967280656,0.9565241834684682,30,0;1;2;3;4;5;6;7;8;9;10;11;12;13;14;15;16;17;18;19;20;21;22;23;24;25;26;27;28;29
A,13.76,g_okr,0.9231445633983328,0.8867922783384568,0.9569298784620464,30,0;1;2;3;4;5;6;7;8;9;10;11;12;13;14;15;16;17;18;19;20;21;22;23;24;25;26;27;28;29
A,13.77,g_okr,0.923521724760275,0.8870676133975932,0.9573280811729431,30,0;1;2;3;4;5;6;7;8;9;10;11;12;13;14;15;16;17;18;19;20;21;22;23;24;25;26;27;28;29
A,13.780000000000001,g_okr,0.9238999186524872,0.887345995511506,0.9577243396750816,30,0;1;2;3;4;5;6;7;8;9;10;11;12;13;14;15;16;17;18;19;20;21;22;23;24;25;26;27;28;29
A,13.790000000000001,g_okr,0.924278248519844,0.8876234313569049,0.9581166416170278,30,0;1;2;3;4;5;6;7;8;9;10;11;12;13;14;15;16;17;18;19;20;21;22;23;24;25;26;27;28;29
A,13.8,g_okr,0.9246566260232668,0.8878995733158516,0.9585059781382373,30,0;1;2;3;4;5;6;7;8;9;10;11;12;13;14;15;16;17;18;19;20;21;22;23;24;25;26;27;28;29
A,13.81,g_okr,0.9250354301419478,0.8881796636773454,0.9588935368123298,30,0;1;2;3;4;5;6;7;8;9;10;11;12;13;14;15;16;17;18;19;20;21;22;23;24;25;26;27;28;29
A,13.82,g_okr,0.925413687696712,0.8884584550300717,0.9592755526524365,30,0;1;2;3;4;5;6;7;8;9;10;11;12;13;14;15;16;17;18;19;20;21;22;23;24;25;26;27;28;29
A,13.83,g_okr,0.9257921681094501,0.8887380747772722,0.959650981359064,30,0;1;2;3;4;5;6;7;8;9;10;11;12;13;14;15;16;17;18;19;20;21;22;23;24;25;26;27;28;29
A,13.84,g_okr,0.9261701225667291,0.8890201306666997,0.9600230376431992,30,0;1;2;3;4;5;6;7;8;9;10;11;12;13;14;15;16;17;18;19;20;21;22;23;24;25;26;27;28;29
A,13.85,g_okr,0.926548278207965,0.8893187399011331,0.9603925540193772,30,0;1;2;3;4;5;6;7;8;9;10;11;12;13;14;15;16;17;18;19;20;21;22;23;24;25;26;27;28;29
A,13.86,g_okr,0.9269257710036461,0.889633244996299,0.9607580564934507,30,0;1;2;3;4;5;6;7;8;9;10;11;12;13;14;15;16;17;18;19;20;21;22;23;24;25;26;27;28;29
A,13.870000000000001,g_okr,0.927303869453615,0.8899628391671225,0.9611221661032847,30,0;1;2;3;4;5;6;7;8;9;10;11;12;13;14;15;16;17;18;19;20;21;22;23;24;25;26;27;28;29
A,13.88,g_okr,0.9276808275588937,0.8903087067192518,0.9614787643894559,30,0;1;2;3;4;5;6;7;8;9;10;11;12;13;14;15;16;17;18;19;20;21;22;23;24;25;26;27;28;29
A,13.89,g_okr,0.9280582891811828,0.8906701782652272,0.9618336198296706,30,0;1;2;3;4;5;6;7;8;9;10;11;12;13;14;15;16;17;18;19;20;21;22;23;24;25;26;27;28;29
A,13.9,g_okr,0.928436231652187,0.8910448206358467,0.9621834105727782,30,0;1;2;3;4;5;6;7;8;9;10;11;12;13;14;15;16;17;18;19;20;21;22;23;24;25;26;27;28;29
A,13.91,g_okr,0.9288152422943587,0.8914316086807297,0.9625311969022793,30,0;1;2;3;4;5;6;7;8;9;10;11;12;13;14;15;16;17;18;19;20;21;22;23;24;25;26;27;28;29
A,13.92,g_okr,0.9291938249612737,0.8918275125194086,0.9628771256307991,30,0;1;2;3;4;5;6;7;8;9;10;11;12;13;14;15;16;17;18;19;20;21;22;23;24;25;26;27;28;29
A,13.93,g_okr,0.9295714365107435,0.8922342606138803,0.9632204986126137,30,0;1;2;3;4;5;6;7;8;9;10;11;12;13;14;15;16;17;18;19;20;21;22;23;24;25;26;27;28;29
A,13.94,g_okr,0.9299477742742088,0.8926470738423669,0.9635614133378816,30,0;1;2;3;4;5;6;7;8;9;10;11;12;13;14;15;16;17;18;19;20;21;22;23;24;25;26;27;28;29
A,13.950000000000001,g_okr,0.9303227443243244,0.8930667426254678,0.9638956076012772,30,0;1;2;3;4;5;6;7;8;9;10;11;12;13;14;15;16;17;18;19;20;21;22;23;24;25;26;27;28;29
A,13.96,g_okr,0.9306968912173872,0.8934930087185251,0.9642269590558481,30,0;1;2;3;4;5;6;7;8;9;10;11;12;13;14;15;16;17;18;19;20;21;22;23;24;25;26;27;28;29
A,13.97,g_okr,0.9310691169783765,0.8939248736953249,0.9645544142362603,30,0;1;2;3;4;5;6;7;8;9;10;11;12;13;14;15;16;17;18;19;20;21;22;23;24;25;26;27;28;29
A,13.98,g_okr,0.93143965018807,0.894362825283393,0.964875318412274,30,0;1;2;3;4;5;6;7;8;9;10;11;12;13;14;15;16;17;18;19;20;21;22;23;24;25;26;27;28;29
A,13.99,g_okr,0.9318088645709897,0.8948092872375946,0.9651930275790584,30,0;1;2;3;4;5;6;7;8;9;10;11;12;13;14;15;16;17;18;19;20;21;22;23;24;25;26;27;28;29
A,14.0,g_okr,0.9321756395585575,0.8952597174523539,0.965505453669459,30,0;1;2;3;4;5;6;7;8;9;10;11;12;13;14;15;16;17;18;19;20;21;22;23;24;25;26;27;28;29
A,14.01,g_okr,0.9325389512762897,0.895712209061145,0.9658156075071479,30,0;1;2;3;4;5;6;7;8;9;10;11;12;13;14;15;16;17;18;19;20;21;22;23;24;25;26;27;28;29
A,14.02,g_okr,0.9329004742285719,0.8961657463241363,0.9661251859561872,30,0;1;2;3;4;5;6;7;8;9;10;11;12;13;14;15;16;17;18;19;20;21;22;23;24;25;26;27;28;29
A,14.030000000000001,g_okr,0.9332589317040495,0.8966222315569663,0.9664260587120835,30,0;1;2;3;4;5;6;7;8;9;10;11;12;13;14;15;16;17;18;19;20;21;22;23;24;25;26;27;28;29
A,14.040000000000001,g_okr,0.933613527415471,0.8970820302634556,0.9667180929858307,30,0;1;2;3;4;5;6;7;8;9;10;11;12;13;14;15;16;17;18;19;20;21;22;23;24;25;26;27;28;29
A,14.05,g_okr,0.9339650874478153,0.8975405893117273,0.9670038270246124,30,0;1;2;3;4;5;6;7;8;9;10;11;12;13;14;15;16;17;18;19;20;21;22;23;24;25;26;27;28;29
A,14.06,g_okr,0.9343126086123095,0.8979984420907049,0.9672829145438042,30,0;1;2;3;4;5;6;7;8;9;10;11;12;13;14;15;16;17;18;19;20;21;22;23;24;25;26;27;28;29
A,14.07,g_okr,0.9346572916364021,0.8984573228923868,0.9675590828096825,30,0;1;2;3;4;5;6;7;8;9;10;11;12;13;14;15;16;17;18;19;20;21;22;23;24;25;26;27;28;29
A,14.08,g_okr,0.9349985043169171,0.8989185043601916,0.9678298343249213,30,0;1;2;3;4;5;6;7;8;9;10;11;12;13;14;15;16;17;18;19;20;21;22;23;24;25;26;27;28;29
A,14.09,g_okr,0.9353353771310282,0.8993783509600635,0.9680950551444467,30,0;1;2;3;4;5;6;7;8;9;10;11;12;13;14;15;16;17;18;19;20;21;22;23;24;25;26;27;28;29
A,14.1,g_okr,0.9356673687181485,0.8998389319575918,0.9683535533794659,30,0;1;2;3;4;5;6;7;8;9;10;11;12;13;14;15;16;17;18;19;20;21;22;23;24;25;26;27;28;29
A,14.11,g_okr,0.935995102067322,0.900297509883323,0.9686011508105526,30,0;1;2;3;4;5;6;7;8;9;10;11;12;13;14;15;16;17;18;19;20;21;22;23;24;25;26;27;28;29
A,14.120000000000001,g_okr,0.9363170763797337,0.9007521097376084,0.9688417965708953,30,0;1;2;3;4;5;6;7;8;9;10;11;12;13;14;15;16;17;18;19;20;21;22;23;24;25;26;27;28;29
A,14.13,g_okr,0.9366337749904887,0.901200235745546,0.9690749902358013,30,0;1;2;3;4;5;6;7;8;9;10;11;12;13;14;15;16;17;18;19;20;21;22;23;24;25;26;27;28;29
A,14.14,g_okr,0.9369462996035541,0.9016466822395419,0.969300870421159,30,0;1;2;3;4;5;6;7;8;9;10;11;12;13;14;15;16;17;18;19;20;21;22;23;24;25;26;27;28;29
A,14.15,g_okr,0.9372537051310341,0.9020878274471491,0.9695224931645202,30,0;1;2;3;4;5;6;7;8;9;10;11;12;13;14;15;16;17;18;19;20;21;22;23;24;25;26;27;28;29
A,14.16,g_okr,0.9375556556506283,0.9025278757167311,0.9697413681387959,30,0;1;2;3;4;5;6;7;8;9;10;11;12;13;14;15;16;17;18;19;20;21;22;23;24;25;26;27;28;29
A,14.17,g_okr,0.9378521162315925,0.9029635852774663,0.9699534076008901,30,0;1;2;3;4;5;6;7;8;9;10;11;12;13;14;15;16;17;18;19;20;21;22;23;24;25;26;27;28;29
A,14.18,g_okr,0.9381426701504889,0.9033950728009321,0.9701594661790538,30,0;1;2;3;4;5;6;7;8;9;10;11;12;13;14;15;16;17;18;19;20;21;22;23;24;25;26;27;28;29
A,14.19,g_okr,0.9384267600191034,0.9038225321715345,0.9703636534747798,30,0;1;2;3;4;5;6;7;8;9;10;11;12;13;14;15;16;17;18;19;20;21;22;23;24;25;26;27;28;29
A,14.200000000000001,g_okr,0.9387039853674481,0.9042434874683049,0.9705615006214622,30,0;1;2;3;4;5;6;7;8;9;10;11;12;13;14;15;16;17;18;19;20;21;22;23;24;25;26;27;28;29
A,14.21,g_okr,0.938974081166185,0.9046570055251854,0.9707523831091589,30,0;1;2;3;4;5;6;7;8;9;10;11;12;13;14;15;16;17;18;19;20;21;22;23;24;25;26;27;28;29
A,14.22,g_okr,0.9392372455703006,0.9050693258249233,0.9709353340123166,30,0;1;2;3;4;5;6;7;8;9;10;11;12;13;14;15;16;17;18;19;20;21;22;23;24;25;26;27;28;29
A,14.23,g_okr,0.9394934507356293,0.9054802543437277,0.9711158246985351,30,0;1;2;3;4;5;6;7;8;9;10;11;12;13;14;15;16;17;18;19;20;21;22;23;24;25;26;27;28;29
A,14.24,g_okr,0.9397428018146078,0.9058833517904941,0.97128945628599,30,0;1;2;3;4;5;6;7;8;9;10;11;12;13;14;15;16;17;18;19;20;21;22;23;24;25;26;27;28;29
A,14.25,g_okr,0.9399862800225046,0.9062848507133184,0.9714581152723578,30,0;1;2;3;4;5;6;7;8;9;10;11;12;13;14;15;16;17;18;19;20;21;22;23;24;25;26;27;28;29
A,14.26,g_okr,0.9402220406589673,0.90667866144602,0.9716186003174831,30,0;1;2;3;4;5;6;7;8;9;10;11;12;13;14;15;16;17;18;19;20;21;22;23;24;25;26;27;28;29
A,14.27,g_okr,0.9404515931498248,0.9070683576315582,0.971773329552008,30,0;1;2;3;4;5;6;7;8;9;10;11;12;13;14;15;16;17;18;19;20;21;22;23;24;25;26;27;28;29
A,14.280000000000001,g_okr,0.9406743140454252,0.9074498085241605,0.9719216467053456,30,0;1;2;3;4;5;6;7;8;9;10;11;12;13;14;15;16;17;18;19;20;21;22;23;24;25;26;27;28;29
A,14.290000000000001,g_okr,0.9408906765770851,0.90782695581557,0.972065516269502,30,0;1;2;3;4;5;6;7;8;9;10;11;12;13;14;15;16;17;18;19;20;21;22;23;24;25;26;27;28;29
A,14.3,g_okr,0.9410999139719457,0.9082006943101762,0.9722032443490349,30,0;1;2;3;4;5;6;7;8;9;10;11;12;13;14;15;16;17;18;19;20;21;22;23;24;25;26;27;28;29
A,14.31,g_okr,0.9413020450337561,0.9085663111963317,0.9723330621573902,30,0;1;2;3;4;5;6;7;8;9;10;11;12;13;14;15;16;17;18;19;20;21;22;23;24;25;26;27;28;29
A,14.32,g_okr,0.9414984646213542,0.9089317791393734,0.9724608372042953,30,0;1;2;3;4;5;6;7;8;9;10;11;12;13;14;15;16;17;18;19;20;21;22;23;24;25;26;27;28;29
A,14.33,g_okr,0.9416884312818173,0.9092914911089925,0.9725812322754718,30,0;1;2;3;4;5;6;7;8;9;10;11;12;13;14;15;16;17;18;19;20;21;22;23;24;25;26;27;28;29
A,14.34,g_okr,0.9418718188401556,0.9096441038608821,0.9726953237881534,30,0;1;2;3;4;5;6;7;8;9;10;11;12;13;14;15;16;17;18;19;20;21;22;23;24;25;26;27;28;29
A,14.35,g_okr,0.9420479492841426,0.9099883611593227,0.9728027141866268,30,0;1;2;3;4;5;6;7;8;9;10;11;12;13;14;15;16;17;18;19;20;21;22;23;24;25;26;27;28;29
A,14.36,g_okr,0.9422181017490755,0.9103226216378113,0.9729039614927851,30,0;1;2;3;4;5;6;7;8;9;10;11;12;13;14;15;16;17;18;19;20;21;22;23;24;25;26;27;28;29
A,14.370000000000001,g_okr,0.9423812164419726,0.9106518328250339,0.9729993813093566,30,0;1;2;3;4;5;6;7;8;9;10;11;12;13;14;15;16;17;18;19;20;21;22;23;24;25;26;27;28;29
A,14.38,g_okr,0.9425373209216918,0.9109723066317595,0.9730884515644932,30,0;1;2;3;4;5;6;7;8;9;10;11;12;13;14;15;16;17;18;19;20;21;22;23;24;25;26;27;28;29
A,14.39,g_okr,0.9426866373163676,0.9112870093689838,0.9731710386893389,30,0;1;2;3;4;5;6;7;8;9;10;11;12;13;14;15;16;17;18;19;20;21;22;23;24;25;26;27;28;29
A,14.4,g_okr,0.9428288627679591,0.9115945745443591,0.9732436742187042,30,0;1;2;3;4;5;6;7;8;9;10;11;12;13;14;15;16;17;18;19;20;21;22;23;24;25;26;27;28;29
A,14.41,g_okr,0.9429652307630538,0.9118920716110925,0.9733126744830701,30,0;1;2;3;4;5;6;7;8;9;10;11;12;13;14;15;16;17;18;19;20;21;22;23;24;25;26;27;28;29
A,14.42,g_okr,0.9430939962984655,0.9121794253767987,0.9733789622536884,30,0;1;2;3;4;5;6;7;8;9;10;11;12;13;14;15;16;17;18;19;20;21;22;23;24;25;26;27;28;29
A,14.43,g_okr,0.9432153448501758,0.9124570321622527,0.9734430315926668,30,0;1;2;3;4;5;6;7;8;9;10;11;12;13;14;15;16;17;18;19;20;21;22;23;24;25;26;27;28;29
A,14.44,g_okr,0.9433313707200122,0.9127241364122886,0.9734836707127327,30,0;1;2;3;4;5;6;7;8;9;10;11;12;13;14;15;16;17;18;19;20;21;22;23;24;25;26;27;28;29
A,14.450000000000001,g_okr,0.9434412991119446,0.9129838218164881,0.9735099214710649,30,0;1;2;3;4;5;6;7;8;9;10;11;12;13;14;15;16;17;18;19;20;21;22;23;24;25;26;27;28;29
A,14.46,g_okr,0.9435449249346942,0.9132375358768797,0.9735406035659773,30,0;1;2;3;4;5;6;7;8;9;10;11;12;13;14;15;16;17;18;19;20;21;22;23;24;25;26;27;28;29
A,14.47,g_okr,0.9436436562771292,0.9134830709330798,0.9735753680509482,30,0;1;2;3;4;5;6;7;8;9;10;11;12;13;14;15;16;17;18;19;20;21;22;23;24;25;26;27;28;29
A,14.48,g_okr,0.9437369485510203,0.9137180710123524,0.9736136132007087,30,0;1;2;3;4;5;6;7;8;9;10;11;12;13;14;15;16;17;18;19;20;21;22;23;24;25;26;27;28;29
A,14.49,g_okr,0.9438246222358365,0.9139464793944936,0.9736549276783453,30,0;1;2;3;4;5;6;7;8;9;10;11;12;13;14;15;16;17;18;19;20;21;22;23;24;25;26;27;28;29
A,14.5,g_okr,0.9439067143370223,0.914166831222717,0.9736996091174603,30,0;1;2;3;4;5;6;7;8;9;10;11;12;13;14;15;16;17;18;19;20;21;22;23;24;25;26;27;28;29
A,14.51,g_okr,0.9439841719495244,0.9143803247254801,0.9737492497365497,30,0;1;2;3;4;5;6;7;8;9;10;11;12;13;14;15;16;17;18;19;20;21;22;23;24;25;26;27;28;29
A,14.52,g_okr,0.9440569307670271,0.9145822699912031,0.9738026987235201,30,0;1;2;3;4;5;6;7;8;9;10;11;12;13;14;15;16;17;18;19;20;21;22;23;24;25;26;27;28;29
A,14.530000000000001,g_okr,0.9441247820298173,0.914777256098968,0.973859970109594,30,0;1;2;3;4;5;6;7;8;9;10;11;12;13;14;15;16;17;18;19;20;21;22;23;24;25;26;27;28;29
A,14.540000000000001,g_okr,0.9441876860502313,0.9149640705620757,0.9739191566637634,30,0;1;2;3;4;5;6;7;8;9;10;11;12;13;14;15;16;17;18;19;20;21;22;23;24;25;26;27;28;29
A,14.55,g_okr,0.9442460248917379,0.9151445942029344,0.9739812921309882,30,0;1;2;3;4;5;6;7;8;9;10;11;12;13;14;15;16;17;18;19;20;21;22;23;24;25;26;27;28;29
A,14.56,g_okr,0.944298873016956,0.915317607862868,0.9740445561842443,30,0;1;2;3;4;5;6;7;8;9;10;11;12;13;14;15;16;17;18;19;20;21;22;23;24;25;26;27;28;29
A,14.57,g_okr,0.9443478117362865,0.9154841133044509,0.9740898091869534,30,0;1;2;3;4;5;6;7;8;9;10;11;12;13;14;15;16;17;18;19;20;21;22;23;24;25;26;27;28;29
A,14.58,g_okr,0.9443927663915801,0.9156459326860021,0.9741160796576749,30,0;1;2;3;4;5;6;7;8;9;10;11;12;13;14;15;16;17;18;19;20;21;22;23;24;25;26;27;28;29
A,14.59,g_okr,0.9444340675074112,0.9157944063737634,0.9741416970123586,30,0;1;2;3;4;5;6;7;8;9;10;11;12;13;14;15;16;17;18;19;20;21;22;23;24;25;26;27;28;29
A,14.6,g_okr,0.9444725032554993,0.9159326707673864,0.974165705208985,30,0;1;2;3;4;5;6;7;8;9;10;11;12;13;14;15;16;17;18;19;20;21;22;23;24;25;26;27;28;29
A,14.61,g_okr,0.9445090264249529,0.9160670679546676,0.974189764945736,30,0;1;2;3;4;5;6;7;8;9;10;11;12;13;14;15;16;17;18;19;20;21;22;23;24;25;26;27;28;29
A,14.620000000000001,g_okr,0.9445437532122838,0.9161936629212781,0.97420754142218,30,0;1;2;3;4;5;6;7;8;9;10;11;12;13;14;15;16;17;18;19;20;21;22;23;24;25;26;27;28;29
A,14.63,g_okr,0.9445760175361608,0.9163118184841271,0.9742271737798688,30,0;1;2;3;4;5;6;7;8;9;10;11;12;13;14;15;16;17;18;19;20;21;22;23;24;25;26;27;28;29
A,14.64,g_okr,0.9446075344217866,0.9164221861346383,0.9742540109360827,30,0;1;2;3;4;5;6;7;8;9;10;11;12;13;14;15;16;17;18;19;20;21;22;23;24;25;26;27;28;29
A,14.65,g_okr,0.9446401596333645,0.9165135979394672,0.9742909404288224,30,0;1;2;3;4;5;6;7;8;9;10;11;12;13;14;15;16;17;18;19;20;21;22;23;24;25;26;27;28;29
A,14.66,g_okr,0.9446745119922323,0.9165865384677513,0.9743355917333693,30,0;1;2;3;4;5;6;7;8;9;10;11;12;13;14;15;16;17;18;19;20;21;22;23;24;25;26;27;28;29
A,14.67,g_okr,0.9447111830469624,0.9166418676350687,0.9743884014867559,30,0;1;2;3;4;5;6;7;8;9;10;11;12;13;14;15;16;17;18;19;20;21;22;23;24;25;26;27;28;29
A,14.68,g_okr,0.9447507539543238,0.9166834615700936,0.9744482925782382,30,0;1;2;3;4;5;6;7;8;9;10;11;12;13;14;15;16;17;18;19;20;21;22;23;24;25;26;27;28;29
A,14.69,g_okr,0.9447933633369506,0.9167157222312865,0.9745172376548685,30,0;1;2;3;4;5;6;7;8;9;10;11;12;13;14;15;16;17;18;19;20;21;22;23;24;25;26;27;28;29
A,14.700000000000001,g_okr,0.9448397261913024,0.9167388378552392,0.9745927794787168,30,0;1;2;3;4;5;6;7;8;9;10;11;12;13;14;15;16;17;18;19;20;21;22;23;24;25;26;27;28;29
A,14.71,g_okr,0.9448897605258889,0.9167511214031153,0.9746757034827365,30,0;1;2;3;4;5;6;7;8;9;10;11;12;13;14;15;16;17;18;19;20;21;22;23;24;25;26;27;28;29
A,14.72,g_okr,0.9449446501385114,0.9167570641419914,0.9747661432582767,30,0;1;2;3;4;5;6;7;8;9;10;11;12;13;14;15;16;17;18;19;20;21;22;23;24;25;26;27;28;29
A,14.73,g_okr,0.9450040820749417,0.9167545229441849,0.9748627329101668,30,0;1;2;3;4;5;6;7;8;9;10;11;12;13;14;15;16;17;18;19;20;21;22;23;24;25;26;27;28;29
A,14.74,g_okr,0.9450673594697019,0.9167497474434195,0.974963148968611,30,0;1;2;3;4;5;6;7;8;9;10;11;12;13;14;15;16;17;18;19;20;21;22;23;24;25;26;27;28;29
A,14.75,g_okr,0.9451350139977924,0.916747225998421,0.9750710770919232,30,0;1;2;3;4;5;6;7;8;9;10;11;12;13;14;15;16;17;18;19;20;21;22;23;24;25;26;27;28;29
A,14.76,g_okr,0.9452079284244445,0.9167595265409365,0.9751850042180286,30,0;1;2;3;4;5;6;7;8;9;10;11;12;13;14;15;16;17;18;19;20;21;22;23;24;25;26;27;28;29
A,14.77,g_okr,0.9452871966586097,0.9167826173417413,0.9753028228965801,30,0;1;2;3;4;5;6;7;8;9;10;11;12;13;14;15;16;17;18;19;20;21;22;23;24;25;26;27;28;29
A,14.780000000000001,g_okr,0.945371667249392,0.9168110396693163,0.9754222685508319,30,0;1;2;3;4;5;6;7;8;9;10;11;12;13;14;15;16;17;18;19;20;21;22;23;24;25;26;27;28;29
A,14.790000000000001,g_okr,0.9454610371236228,0.9168478419472587,0.9755438073953965,30,0;1;2;3;4;5;6;7;8;9;10;11;12;13;14;15;16;17;18;19;20;21;22;23;24;25;26;27;28;29
A,14.8,g_okr,0.9455556056010841,0.9168895641344719,0.9756678074456652,30,0;1;2;3;4;5;6;7;8;9;10;11;12;13;14;15;16;17;18;19;20;21;22;23;24;25;26;27;28;29
A,14.81,g_okr,0.9456555245669898,0.9169427620646959,0.9757969492016645,30,0;1;2;3;4;5;6;7;8;9;10;11;12;13;14;15;16;17;18;19;20;21;22;23;24;25;26;27;28;29
A,14.82,g_okr,0.9457601479938825,0.9169949005350005,0.9759323084391094,30,0;1;2;3;4;5;6;7;8;9;10;11;12;13;14;15;16;17;18;19;20;21;22;23;24;25;26;27;28;29
A,14.83,g_okr,0.9458691068028079,0.9170495363840746,0.9760704007768197,30,0;1;2;3;4;5;6;7;8;9;10;11;12;13;14;15;16;17;18;19;20;21;22;23;24;25;26;27;28;29
A,14.84,g_okr,0.9459825777492998,0.917107255043632,0.9762118529352763,30,0;1;2;3;4;5;6;7;8;9;10;11;12;13;14;15;16;17;18;19;20;21;22;23;24;25;26;27;28;29
A,14.85,g_okr,0.9461004004762329,0.9171669646391626,0.976356633498591,30,0;1;2;3;4;5;6;7;8;9;10;11;12;13;14;15;16;17;18;19;20;21;22;23;24;25;26;27;28;29
A,14.86,g_okr,0.9462217161512212,0.9172265823736853,0.9765033374019334,30,0;1;2;3;4;5;6;7;8;9;10;11;12;13;14;15;16;17;18;19;20;21;22;23;24;25;26;27;28;29
A,14.870000000000001,g_okr,0.9463466059719706,0.9172858515464455,0.9766515245240772,30,0;1;2;3;4;5;6;7;8;9;10;11;12;13;14;15;16;17;18;19;20;21;22;23;24;25;26;27;28;29
A,14.88,g_okr,0.9464753429085567,0.917345392726517,0.9768010779949422,30,0;1;2;3;4;5;6;7;8;9;10;11;12;13;14;15;16;17;18;19;20;21;22;23;24;25;26;27;28;29
A,14.89,g_okr,0.9466084039923661,0.9174075417770416,0.9769494380763509,30,0;1;2;3;4;5;6;7;8;9;10;11;12;13;14;15;16;17;18;19;20;21;22;23;24;25;26;27;28;29
A,14.9,g_okr,0.9467448808686393,0.9174701707112866,0.9771007883425659,30,0;1;2;3;4;5;6;7;8;9;10;11;12;13;14;15;16;17;18;19;20;21;22;23;24;25;26;27;28;29
A,14.91,g_okr,0.9468853039771401,0.917533877544537,0.9772533211015157,30,0;1;2;3;4;5;6;7;8;9;10;11;12;13;14;15;16;17;18;19;20;21;22;23;24;25;26;27;28;29
A,14.92,g_okr,0.9470288221654537,0.9175975268472591,0.9774076740077171,30,0;1;2;3;4;5;6;7;8;9;10;11;12;13;14;15;16;17;18;19;20;21;22;23;24;25;26;27;28;29
A,14.93,g_okr,0.9471753706999002,0.9176630870548859,0.9775692323897153,30,0;1;2;3;4;5;6;7;8;9;10;11;12;13;14;15;16;17;18;19;20;21;22;23;24;25;26;27;28;29
A,14.94,g_okr,0.9473250008104299,0.9177291346897122,0.9777327898612472,30,0;1;2;3;4;5;6;7;8;9;10;11;12;13;14;15;16;17;18;19;20;21;22;23;24;25;26;27;28;29
A,14.950000000000001,g_okr,0.9474785231391537,0.9177962498524809,0.9778946530519702,30,0;1;2;3;4;5;6;7;8;9;10;11;12;13;14;15;16;17;18;19;20;21;22;23;24;25;26;27;28;29
A,14.96,g_okr,0.9476364474873408,0.9178662502539391,0.9780593675044577,30,0;1;2;3;4;5;6;7;8;9;10;11;12;13;14;15;16;17;18;19;20;21;22;23;24;25;26;27;28;29
A,14.97,g_okr,0.9477980744654135,0.9179398509178474,0.9782269790352828,30,0;1;2;3;4;5;6;7;8;9;10;11;12;13;14;15;16;17;18;19;20;21;22;23;24;25;26;27;28;29
A,14.98,g_okr,0.9479627944837475,0.9180144378075421,0.978396104752249,30,0;1;2;3;4;5;6;7;8;9;10;11;12;13;14;15;16;17;18;19;20;21;22;23;24;25;26;27;28;29
A,14.99,g_okr,0.948131038744219,0.9180919249245232,0.9785688480013867,30,0;1;2;3;4;5;6;7;8;9;10;11;12;13;14;15;16;17;18;19;20;21;22;23;24;25;26;27;28;29
A,15.0,g_okr,0.9483027279785865,0.9181734983421287,0.9787486667566765,30,0;1;2;3;4;5;6;7;8;9;10;11;12;13;14;15;16;17;18;19;20;21;22;23;24;25;26;27;28;29
A,15.01,g_okr,0.9484765763330505,0.9182553623975613,0.9789307987243485,30,0;1;2;3;4;5;6;7;8;9;10;11;12;13;14;15;16;17;18;19;20;21;22;23;24;25;26;27;28;29
A,15.02,g_okr,0.9486526947800009,0.9183363187770744,0.9791169552020561,30,0;1;2;3;4;5;6;7;8;9;10;11;12;13;14;15;16;17;18;19;20;21;22;23;24;25;26;27;28;29
A,15.030000000000001,g_okr,0.9488307487630173,0.9184196658011816,0.9793034007190446,30,0;1;2;3;4;5;6;7;8;9;10;11;12;13;14;15;16;17;18;19;20;21;22;23;24;25;26;27;28;29
A,15.040000000000001,g_okr,0.9490115312544662,0.918505814463927,0.9794931319424085,30,0;1;2;3;4;5;6;7;8;9;10;11;12;13;14;15;16;17;18;19;20;21;22;23;24;25;26;27;28;29
A,15.05,g_okr,0.9491943808975619,0.9185941469934698,0.9796804962381087,30,0;1;2;3;4;5;6;7;8;9;10;11;12;13;14;15;16;17;18;19;20;21;22;23;24;25;26;27;28;29
A,15.06,g_okr,0.9493794993047903,0.9186866547385716,0.9798723479063575,30,0;1;2;3;4;5;6;7;8;9;10;11;12;13;14;15;16;17;18;19;20;21;22;23;24;25;26;27;28;29
A,15.07,g_okr,0.9495652612224498,0.9187803710494452,0.9800647091199068,30,0;1;2;3;4;5;6;7;8;9;10;11;12;13;14;15;16;17;18;19;20;21;22;23;24;25;26;27;28;29
A,15.08,g_okr,0.9497526642095975,0.9188742017378835,0.980259037752643,30,0;1;2;3;4;5;6;7;8;9;10;11;12;13;14;15;16;17;18;19;20;21;22;23;24;25;26;27;28;29
A,15.09,g_okr,0.9499410203748876,0.918969542053452,0.9804523935744752,30,0;1;2;3;4;5;6;7;8;9;10;11;12;13;14;15;16;17;18;19;20;21;22;23;24;25;26;27;28;29
A,15.1,g_okr,0.9501305882857235,0.919065211111879,0.9806458974140928,30,0;1;2;3;4;5;6;7;8;9;10;11;12;13;14;15;16;17;18;19;20;21;22;23;24;25;26;27;28;29
A,15.11,g_okr,0.9503214905362571,0.9191599919745871,0.9808404478424736,30,0;1;2;3;4;5;6;7;8;9;10;11;12;13;14;15;16;17;18;19;20;21;22;23;24;25;26;27;28;29
A,15.120000000000001,g_okr,0.9505143685892175,0.919256794287379,0.9810343700139141,30,0;1;2;3;4;5;6;7;8;9;10;11;12;13;14;15;16;17;18;19;20;21;22;23;24;25;26;27;28;29
A,15.13,g_okr,0.9507088600945095,0.9193535980491222,0.9812306240803986,30,0;1;2;3;4;5;6;7;8;9;10;11;12;13;14;15;16;17;18;19;20;21;22;23;24;25;26;27;28;29
A,15.14,g_okr,0.9509047781582036,0.9194479828722404,0.9814255659509931,30,0;1;2;3;4;5;6;7;8;9;10;11;12;13;14;15;16;17;18;19;20;21;22;23;24;25;26;27;28;29
A,15.15,g_okr,0.9511015886606923,0.9195436671906647,0.9816221515476397,30,0;1;2;3;4;5;6;7;8;9;10;11;12;13;14;15;16;17;18;19;20;21;22;23;24;25;26;27;28;29
A,15.16,g_okr,0.9512998318701871,0.9196424087599744,0.9818206610336975,30,0;1;2;3;4;5;6;7;8;9;10;11;12;13;14;15;16;17;18;19;20;21;22;23;24;25;26;27;28;29
A,15.17,g_okr,0.9514998346011879,0.919744796201997,0.9820172940829361,30,0;1;2;3;4;5;6;7;8;9;10;11;12;13;14;15;16;17;18;19;20;21;22;23;24;25;26;27;28;29
A,15.18,g_okr,0.951701171133268,0.9198492276523477,0.9822123028564058,30,0;1;2;3;4;5;6;7;8;9;10;11;12;13;14;15;16;17;18;19;20;21;22;23;24;25;26;27;28;29
A,15.19,g_okr,0.9519029836031281,0.919956022801216,0.9824074923139658,30,0;1;2;3;4;5;6;7;8;9;10;11;12;13;14;15;16;17;18;19;20;21;22;23;24;25;26;27;28;29
A,15.200000000000001,g_okr,0.9521060536099831,0.9200630747455186,0.9825979013585141,30,0;1;2;3;4;5;6;7;8;9;10;11;12;13;14;15;16;17;18;19;20;21;22;23;24;25;26;27;28;29
A,15.21,g_okr,0.9523104102063197,0.920172141472918,0.9827870147218528,30,0;1;2;3;4;5;6;7;8;9;10;11;12;13;14;15;16;17;18;19;20;21;22;23;24;25;26;27;28;29
A,15.22,g_okr,0.9525151993550545,0.9202832043099772,0.9829807836484702,30,0;1;2;3;4;5;6;7;8;9;10;11;12;13;14;15;16;17;18;19;20;21;22;23;24;25;26;27;28;29
A,15.23,g_okr,0.9527212452386636,0.9203948123433294,0.9831771305334842,30,0;1;2;3;4;5;6;7;8;9;10;11;12;13;14;15;16;17;18;19;20;21;22;23;24;25;26;27;28;29
A,15.24,g_okr,0.9529275620137121,0.9205060384407063,0.9833770050506379,30,0;1;2;3;4;5;6;7;8;9;10;11;12;13;14;15;16;17;18;19;20;21;22;23;24;25;26;27;28;29
A,15.25,g_okr,0.9531340171060215,0.9206170617932989,0.9835743989161352,30,0;1;2;3;4;5;6;7;8;9;10;11;12;13;14;15;16;17;18;19;20;21;22;23;24;25;26;27;28;29
A,15.26,g_okr,0.953340933527817,0.9207250107516377,0.9837727528833576,30,0;1;2;3;4;5;6;7;8;9;10;11;12;13;14;15;16;17;18;19;20;21;22;23;24;25;26;27;28;29
A,15.27,g_okr,0.9535481825063105,0.9208327371490465,0.9839695612271364,30,0;1;2;3;4;5;6;7;8;9;10;11;12;13;14;15;16;17;18;19;20;21;22;23;24;25;26;27;28;29
A,15.280000000000001,g_okr,0.9537547627393799,0.9209395403895959,0.9841637298203967,30,0;1;2;3;4;5;6;7;8;9;10;11;12;13;14;15;16;17;18;19;20;21;22;23;24;25;26;27;28;29
A,15.290000000000001,g_okr,0.9539615565881528,0.9210444808259475,0.9843589205967056,30,0;1;2;3;4;5;6;7;8;9;10;11;12;13;14;15;16;17;18;19;20;21;22;23;24;25;26;27;28;29
A,15.3,g_okr,0.9541665352312059,0.9211465780469331,0.9845497705866053,30,0;1;2;3;4;5;6;7;8;9;10;11;12;13;14;15;16;17;18;19;20;21;22;23;24;25;26;27;28;29
A,15.31,g_okr,0.9543711763596481,0.9212468471167471,0.9847406724289337,30,0;1;2;3;4;5;6;7;8;9;10;11;12;13;14;15;16;17;18;19;20;21;22;23;24;25;26;27;28;29
A,15.32,g_okr,0.9545754896677612,0.921346539132004,0.9849310992542748,30,0;1;2;3;4;5;6;7;8;9;10;11;12;13;14;15;16;17;18;19;20;21;22;23;24;25;26;27;28;29
A,15.33,g_okr,0.9547798048423364,0.921448369924426,0.9851193514021173,30,0;1;2;3;4;5;6;7;8;9;10;11;12;13;14;15;16;17;18;19;20;21;22;23;24;25;26;27;28;29
A,15.34,g_okr,0.954982341389147,0.9215466854053505,0.9853057416540112,30,0;1;2;3;4;5;6;7;8;9;10;11;12;13;14;15;16;17;18;19;20;21;22;23;24;25;26;27;28;29
A,15.35,g_okr,0.9551821437236254,0.9216413843799363,0.9854897001153226,30,0;1;2;3;4;5;6;7;8;9;10;11;12;13;14;15;16;17;18;19;20;21;22;23;24;25;26;27;28;29
A,15.36,g_okr,0.9553794714053697,0.9217344519658389,0.98567036440297,30,0;1;2;3;4;5;6;7;8;9;10;11;12;13;14;15;16;17;18;19;20;21;22;23;24;25;26;27;28;29
A,15.370000000000001,g_okr,0.9555746292429285,0.9218246382248058,0.9858517716009596,30,0;1;2;3;4;5;6;7;8;9;10;11;12;13;14;15;16;17;18;19;20;21;22;23;24;25;26;27;28;29
A,15.38,g_okr,0.9557676177293327,0.9219147976398947,0.9860313308419804,30,0;1;2;3;4;5;6;7;8;9;10;11;12;13;14;15;16;17;18;19;20;21;22;23;24;25;26;27;28;29
A,15.39,g_okr,0.9559586069878261,0.9220051584771053,0.9862069675204841,30,0;1;2;3;4;5;6;7;8;9;10;11;12;13;14;15;16;17;18;19;20;21;22;23;24;25;26;27;28;29
A,15.4,g_okr,0.9561468977555988,0.9220953704132496,0.9863801990345363,30,0;1;2;3;4;5;6;7;8;9;10;11;12;13;14;15;16;17;18;19;20;21;22;23;24;25;26;27;28;29
A,15.41,g_okr,0.9563333815637217,0.9221864013379847,0.9865521515933123,30,0;1;2;3;4;5;6;7;8;9;10;11;12;13;14;15;16;17;18;19;20;21;22;23;24;25;26;27;28;29
A,15.42,g_okr,0.9565165330850415,0.9222755585145329,0.9867205831984261,30,0;1;2;3;4;5;6;7;8;9;10;11;12;13;14;15;16;17;18;19;20;21;22;23;24;25;26;27;28;29
A,15.43,g_okr,0.9566967869263087,0.9223630130755222,0.986884667587471,30,0;1;2;3;4;5;6;7;8;9;10;11;12;13;14;15;16;17;18;19;20;21;22;23;24;25;26;27;28;29
A,15.44,g_okr,0.9568740403670278,0.9224487167143041,0.9870492570591146,30,0;1;2;3;4;5;6;7;8;9;10;11;12;13;14;15;16;17;18;19;20;21;22;23;24;25;26;27;28;29
A,15.450000000000001,g_okr,0.9570486412012134,0.9225317022013625,0.9872111960853293,30,0;1;2;3;4;5;6;7;8;9;10;11;12;13;14;15;16;17;18;19;20;21;22;23;24;25;26;27;28;29
A,15.46,g_okr,0.9572195912227142,0.9226132567086064,0.9873691611232648,30,0;1;2;3;4;5;6;7;8;9;10;11;12;13;14;15;16;17;18;19;20;21;22;23;24;25;26;27;28;29
A,15.47,g_okr,0.9573873197518954,0.922693804033066,0.9875264616215722,30,0;1;2;3;4;5;6;7;8;9;10;11;12;13;14;15;16;17;18;19;20;21;22;23;24;25;26;27;28;29
A,15.48,g_okr,0.9575518515773765,0.9227719389916882,0.9876828016593264,30,0;1;2;3;4;5;6;7;8;9;10;11;12;13;14;15;16;17;18;19;20;21;22;23;24;25;26;27;28;29
A,15.49,g_okr,0.9577124627114387,0.9228474717000041,0.9878302931794581,30,0;1;2;3;4;5;6;7;8;9;10;11;12;13;14;15;16;17;18;19;20;21;22;23;24;25;26;27;28;29
A,15.5,g_okr,0.9578693155802324,0.9229208841758466,0.9879736672758599,30,0;1;2;3;4;5;6;7;8;9;10;11;12;13;14;15;16;17;18;19;20;21;22;23;24;25;26;27;28;29
A,15.51,g_okr,0.9580220297333041,0.9229891361882359,0.9881132714427537,30,0;1;2;3;4;5;6;7;8;9;10;11;12;13;14;15;16;17;18;19;20;21;22;23;24;25;26;27;28;29
A,15.52,g_okr,0.9581709109209716,0.9230529629245608,0.9882511997196215,30,0;1;2;3;4;5;6;7;8;9;10;11;12;13;14;15;16;17;18;19;20;21;22;23;24;25;26;27;28;29
A,15.530000000000001,g_okr,0.958316131043831,0.9231145883927925,0.9883857378192658,30,0;1;2;3;4;5;6;7;8;9;10;11;12;13;14;15;16;17;18;19;20;21;22;23;24;25;26;27;28;29
A,15.540000000000001,g_okr,0.9584572324339292,0.9231735781884451,0.988514697273849,30,0;1;2;3;4;5;6;7;8;9;10;11;12;13;14;15;16;17;18;19;20;21;22;23;24;25;26;27;28;29
A,15.55,g_okr,0.9585942137362756,0.9232318668625498,0.9886399035985962,30,0;1;2;3;4;5;6;7;8;9;10;11;12;13;14;15;16;17;18;19;20;21;22;23;24;25;26;27;28;29
A,15.56,g_okr,0.9587271530972928,0.9232855454566558,0.9887610454808621,30,0;1;2;3;4;5;6;7;8;9;10;11;12;13;14;15;16;17;18;19;20;21;22;23;24;25;26;27;28;29
A,15.57,g_okr,0.9588552912419845,0.9233383561626946,0.9888778684457881,30,0;1;2;3;4;5;6;7;8;9;10;11;12;13;14;15;16;17;18;19;20;21;22;23;24;25;26;27;28;29
A,15.58,g_okr,0.9589787113240706,0.9233901794307314,0.9889907919017794,30,0;1;2;3;4;5;6;7;8;9;10;11;12;13;14;15;16;17;18;19;20;21;22;23;24;25;26;27;28;29
A,15.59,g_okr,0.9590975847514155,0.9234387606931485,0.9890989409208442,30,0;1;2;3;4;5;6;7;8;9;10;11;12;13;14;15;16;17;18;19;20;21;22;23;24;25;26;27;28;29
A,15.6,g_okr,0.9592113033813249,0.923482948618981,0.9892035769483061,30,0;1;2;3;4;5;6;7;8;9;10;11;12;13;14;15;16;17;18;19;20;21;22;23;24;25;26;27;28;29
A,15.610000000000001,g_okr,0.9593212290423949,0.9235211782163588,0.9893054998304114,30,0;1;2;3;4;5;6;7;8;9;10;11;12;13;14;15;16;17;18;19;20;21;22;23;24;25;26;27;28;29
A,15.620000000000001,g_okr,0.9594263144232343,0.9235620983842893,0.9894026720483751,30,0;1;2;3;4;5;6;7;8;9;10;11;12;13;14;15;16;17;18;19;20;21;22;23;24;25;26;27;28;29
A,15.63,g_okr,0.9595267230976547,0.9236051651090872,0.9894970017642629,30,0;1;2;3;4;5;6;7;8;9;10;11;12;13;14;15;16;17;18;19;20;21;22;23;24;25;26;27;28;29
A,15.64,g_okr,0.9596230091724809,0.9236486377509021,0.9895841538068724,30,0;1;2;3;4;5;6;7;8;9;10;11;12;13;14;15;16;17;18;19;20;21;22;23;24;25;26;27;28;29
A,15.65,g_okr,0.9597140313650481,0.9236917778100432,0.989665466196975,30,0;1;2;3;4;5;6;7;8;9;10;11;12;13;14;15;16;17;18;19;20;21;22;23;24;25;26;27;28;29
A,15.66,g_okr,0.959800345686036,0.9237385863578461,0.9897426350228608,30,0;1;2;3;4;5;6;7;8;9;10;11;12;13;14;15;16;17;18;19;20;21;22;23;24;25;26;27;28;29
A,15.67,g_okr,0.9598819154410675,0.923787227987723,0.9898188960513209,30,0;1;2;3;4;5;6;7;8;9;10;11;12;13;14;15;16;17;18;19;20;21;22;23;24;25;26;27;28;29
A,15.68,g_okr,0.9599589836616709,0.923836765653487,0.9898923911841199,30,0;1;2;3;4;5;6;7;8;9;10;11;12;13;14;15;16;17;18;19;20;21;22;23;24;25;26;27;28;29
A,15.69,g_okr,0.9600322604258203,0.9238882811406198,0.9899628418667966,30,0;1;2;3;4;5;6;7;8;9;10;11;12;13;14;15;16;17;18;19;20;21;22;23;24;25;26;27;28;29
A,15.700000000000001,g_okr,0.9601008038919937,0.9239398531513363,0.9900303704764527,30,0;1;2;3;4;5;6;7;8;9;10;11;12;13;14;15;16;17;18;19;20;21;22;23;24;25;26;27;28;29
A,15.71,g_okr,0.9601637179386039,0.923989910967853,0.9900886575032709,30,0;1;2;3;4;5;6;7;8;9;10;11;12;13;14;15;16;17;18;19;20;21;22;23;24;25;26;27;28;29
A,15.72,g_okr,0.9602224597366961,0.9240359286760368,0.9901445357323494,30,0;1;2;3;4;5;6;7;8;9;10;11;12;13;14;15;16;17;18;19;20;21;22;23;24;25;26;27;28;29
A,15.73,g_okr,0.9602763430540834,0.9240815636791875,0.9901953499084258,30,0;1;2;3;4;5;6;7;8;9;10;11;12;13;14;15;16;17;18;19;20;21;22;23;24;25;26;27;28;29
A,15.74,g_okr,0.9603246313797554,0.9241254048807805,0.9902401074949521,30,0;1;2;3;4;5;6;7;8;9;10;11;12;13;14;15;16;17;18;19;20;21;22;23;24;25;26;27;28;29
A,15.75,g_okr,0.9603686471185859,0.9241670341328639,0.9902801023756437,30,0;1;2;3;4;5;6;7;8;9;10;11;12;13;14;15;16;17;18;19;20;21;22;23;24;25;26;27;28;29
A,15.76,g_okr,0.9604076818550951,0.9242086325816705,0.990315383954962,30,0;1;2;3;4;5;6;7;8;9;10;11;12;13;14;15;16;17;18;19;20;21;22;23;24;25;26;27;28;29
A,15.77,g_okr,0.9604419177539565,0.924247394922222,0.9903451904722232,30,0;1;2;3;4;5;6;7;8;9;10;11;12;13;14;15;16;17;18;19;20;21;22;23;24;25;26;27;28;29
A,15.780000000000001,g_okr,0.9604720343697655,0.9242809052346624,0.9903670466241197,30,0;1;2;3;4;5;6;7;8;9;10;11;12;13;14;15;16;17;18;19;20;21;22;23;24;25;26;27;28;29
A,15.790000000000001,g_okr,0.960497977859627,0.9243115362775832,0.9903852960061318,30,0;1;2;3;4;5;6;7;8;9;10;11;12;13;14;15;16;17;18;19;20;21;22;23;24;25;26;27;28;29
A,15.8,g_okr,0.9605203373991772,0.9243421637275925,0.9903976107890857,30,0;1;2;3;4;5;6;7;8;9;10;11;12;13;14;15;16;17;18;19;20;21;22;23;24;25;26;27;28;29
A,15.81,g_okr,0.9605384329010772,0.9243694272295835,0.9904063338530817,30,0;1;2;3;4;5;6;7;8;9;10;11;12;13;14;15;16;17;18;19;20;21;22;23;24;25;26;27;28;29
A,15.82,g_okr,0.9605526952230493,0.9243949546673681,0.9904091834087075,30,0;1;2;3;4;5;6;7;8;9;10;11;12;13;14;15;16;17;18;19;20;21;22;23;24;25;26;27;28;29
A,15.83,g_okr,0.9605629696282244,0.9244162567337576,0.9904064370758303,30,0;1;2;3;4;5;6;7;8;9;10;11;12;13;14;15;16;17;18;19;20;21;22;23;24;25;26;27;28;29
A,15.84,g_okr,0.9605700581396172,0.9244328983646031,0.9904003848674378,30,0;1;2;3;4;5;6;7;8;9;10;11;12;13;14;15;16;17;18;19;20;21;22;23;24;25;26;27;28;29
A,15.85,g_okr,0.9605732459838203,0.9244476432487149,0.9903902498390584,30,0;1;2;3;4;5;6;7;8;9;10;11;12;13;14;15;16;17;18;19;20;21;22;23;24;25;26;27;28;29
A,15.860000000000001,g_okr,0.9605735724710178,0.9244574107062513,0.9903739214328671,30,0;1;2;3;4;5;6;7;8;9;10;11;12;13;14;15;16;17;18;19;20;21;22;23;24;25;26;27;28;29
A,15.870000000000001,g_okr,0.960572482884282,0.924469969385883,0.9903551198496846,30,0;1;2;3;4;5;6;7;8;9;10;11;12;13;14;15;16;17;18;19;20;21;22;23;24;25;26;27;28;29
A,15.88,g_okr,0.9605731357653818,0.9244810513975381,0.9903369209655585,30,0;1;2;3;4;5;6;7;8;9;10;11;12;13;14;15;16;17;18;19;20;21;22;23;24;25;26;27;28;29
A,15.89,g_okr,0.9605768945017912,0.9244884541652263,0.9903247807342086,30,0;1;2;3;4;5;6;7;8;9;10;11;12;13;14;15;16;17;18;19;20;21;22;23;24;25;26;27;28;29
A,15.9,g_okr,0.9605833607725011,0.924495184608361,0.9903152122044369,30,0;1;2;3;4;5;6;7;8;9;10;11;12;13;14;15;16;17;18;19;20;21;22;23;24;25;26;27;28;29
A,15.91,g_okr,0.9605925354975391,0.9244974052885427,0.9903143982613624,30,0;1;2;3;4;5;6;7;8;9;10;11;12;13;14;15;16;17;18;19;20;21;22;23;24;25;26;27;28;29
A,15.92,g_okr,0.9606046455445907,0.9244971797849337,0.9903180481879816,30,0;1;2;3;4;5;6;7;8;9;10;11;12;13;14;15;16;17;18;19;20;21;22;23;24;25;26;27;28;29
A,15.93,g_okr,0.9606209385479836,0.9244960465797296,0.990326126433742,30,0;1;2;3;4;5;6;7;8;9;10;11;12;13;14;15;16;17;18;19;20;21;22;23;24;25;26;27;28;29
A,15.94,g_okr,0.9606419903264364,0.9244922267326395,0.9903383969410666,30,0;1;2;3;4;5;6;7;8;9;10;11;12;13;14;15;16;17;18;19;20;21;22;23;24;25;26;27;28;29
A,15.950000000000001,g_okr,0.9606670467024284,0.9244873885746095,0.9903569928697251,30,0;1;2;3;4;5;6;7;8;9;10;11;12;13;14;15;16;17;18;19;20;21;22;23;24;25;26;27;28;29
A,15.96,g_okr,0.9606966777791156,0.9244784899029946,0.9903832996319109,30,0;1;2;3;4;5;6;7;8;9;10;11;12;13;14;15;16;17;18;19;20;21;22;23;24;25;26;27;28;29
A,15.97,g_okr,0.9607305495030684,0.9244738417410107,0.9904195750031822,30,0;1;2;3;4;5;6;7;8;9;10;11;12;13;14;15;16;17;18;19;20;21;22;23;24;25;26;27;28;29
A,15.98,g_okr,0.960769782452959,0.9244756465395091,0.9904624645140193,30,0;1;2;3;4;5;6;7;8;9;10;11;12;13;14;15;16;17;18;19;20;21;22;23;24;25;26;27;28;29
A,15.99,g_okr,0.9608147414974759,0.9244840825671583,0.9905099697871289,30,0;1;2;3;4;5;6;7;8;9;10;11;12;13;14;15;16;17;18;19;20;21;22;23;24;25;26;27;28;29
A,16.0,g_okr,0.9608659419182128,0.9245009381166859,0.9905640594347181,30,0;1;2;3;4;5;6;7;8;9;10;11;12;13;14;15;16;17;18;19;20;21;22;23;24;25;26;27;28;29
A,16.01,g_okr,0.9609228992409637,0.9245228652531751,0.990624831772857,30,0;1;2;3;4;5;6;7;8;9;10;11;12;13;14;15;16;17;18;19;20;21;22;23;24;25;26;27;28;29
A,16.02,g_okr,0.9609851144711047,0.9245549808788844,0.9906878982741979,30,0;1;2;3;4;5;6;7;8;9;10;11;12;13;14;15;16;17;18;19;20;21;22;23;24;25;26;27;28;29
A,16.03,g_okr,0.9610529272513741,0.9245914528395248,0.990752036301888,30,0;1;2;3;4;5;6;7;8;9;10;11;12;13;14;15;16;17;18;19;20;21;22;23;24;25;26;27;28;29
A,16.04,g_okr,0.9611269465161997,0.924637362951016,0.9908232970912713,30,0;1;2;3;4;5;6;7;8;9;10;11;12;13;14;15;16;17;18;19;20;21;22;23;24;25;26;27;28;29
A,16.05,g_okr,0.9612060989667364,0.9246889002361682,0.9909005217594304,30,0;1;2;3;4;5;6;7;8;9;10;11;12;13;14;15;16;17;18;19;20;21;22;23;24;25;26;27;28;29
A,16.06,g_okr,0.9612902043220398,0.9247478571306595,0.9909812947776372,30,0;1;2;3;4;5;6;7;8;9;10;11;12;13;14;15;16;17;18;19;20;21;22;23;24;25;26;27;28;29
A,16.07,g_okr,0.9613798477145872,0.9248111681059598,0.9910654167616846,30,0;1;2;3;4;5;6;7;8;9;10;11;12;13;14;15;16;17;18;19;20;21;22;23;24;25;26;27;28;29
A,16.080000000000002,g_okr,0.961474860626255,0.9248793456492939,0.9911561081165382,30,0;1;2;3;4;5;6;7;8;9;10;11;12;13;14;15;16;17;18;19;20;21;22;23;24;25;26;27;28;29
A,16.09,g_okr,0.9615750797455219,0.9249523235219337,0.9912543868545546,30,0;1;2;3;4;5;6;7;8;9;10;11;12;13;14;15;16;17;18;19;20;21;22;23;24;25;26;27;28;29
A,16.1,g_okr,0.9616810514682457,0.9250336117502944,0.9913618741440259,30,0;1;2;3;4;5;6;7;8;9;10;11;12;13;14;15;16;17;18;19;20;21;22;23;24;25;26;27;28;29
A,16.11,g_okr,0.9617919840824382,0.925122051676867,0.9914748751604137,30,0;1;2;3;4;5;6;7;8;9;10;11;12;13;14;15;16;17;18;19;20;21;22;23;24;25;26;27;28;29
A,16.12,g_okr,0.9619080894916581,0.9252179191618634,0.9915915943070022,30,0;1;2;3;4;5;6;7;8;9;10;11;12;13;14;15;16;17;18;19;20;21;22;23;24;25;26;27;28;29
A,16.13,g_okr,0.9620291812608494,0.9253187580634038,0.9917133884368796,30,0;1;2;3;4;5;6;7;8;9;10;11;12;13;14;15;16;17;18;19;20;21;22;23;24;25;26;27;28;29
A,16.14,g_okr,0.9621558322021672,0.9254234745926622,0.9918437205530575,30,0;1;2;3;4;5;6;7;8;9;10;11;12;13;14;15;16;17;18;19;20;21;22;23;24;25;26;27;28;29
A,16.15,g_okr,0.9622870053826585,0.9255317321910826,0.9919778646963671,30,0;1;2;3;4;5;6;7;8;9;10;11;12;13;14;15;16;17;18;19;20;21;22;23;24;25;26;27;28;29
A,16.16,g_okr,0.962422595608362,0.925643983410843,0.9921174277819348,30,0;1;2;3;4;5;6;7;8;9;10;11;12;13;14;15;16;17;18;19;20;21;22;23;24;25;26;27;28;29
A,16.17,g_okr,0.9625621773683334,0.9257587853837375,0.9922633303451897,30,0;1;2;3;4;5;6;7;8;9;10;11;12;13;14;15;16;17;18;19;20;21;22;23;24;25;26;27;28;29
A,16.18,g_okr,0.9627064475984076,0.9258766533287388,0.9924114806568317,30,0;1;2;3;4;5;6;7;8;9;10;11;12;13;14;15;16;17;18;19;20;21;22;23;24;25;26;27;28;29
A,16.19,g_okr,0.9628546687150623,0.9259997424120027,0.9925651176318143,30,0;1;2;3;4;5;6;7;8;9;10;11;12;13;14;15;16;17;18;19;20;21;22;23;24;25;26;27;28;29
A,16.2,g_okr,0.9630065403373903,0.9261232835449735,0.9927243693508211,30,0;1;2;3;4;5;6;7;8;9;10;11;12;13;14;15;16;17;18;19;20;21;22;23;24;25;26;27;28;29
A,16.21,g_okr,0.9631636127063277,0.9262532975083009,0.99288726956864,30,0;1;2;3;4;5;6;7;8;9;10;11;12;13;14;15;16;17;18;19;20;21;22;23;24;25;26;27;28;29
A,16.22,g_okr,0.963324948589637,0.9263858492150173,0.9930561947285372,30,0;1;2;3;4;5;6;7;8;9;10;11;12;13;14;15;16;17;18;19;20;21;22;23;24;25;26;27;28;29
A,16.23,g_okr,0.9634901360334812,0.9265230063594434,0.9932308535486855,30,0;1;2;3;4;5;6;7;8;9;10;11;12;13;14;15;16;17;18;19;20;21;22;23;24;25;26;27;28;29
A,16.240000000000002,g_okr,0.9636597684512892,0.9266649852821662,0.9934122882255566,30,0;1;2;3;4;5;6;7;8;9;10;11;12;13;14;15;16;17;18;19;20;21;22;23;24;25;26;27;28;29
A,16.25,g_okr,0.9638330481732336,0.9268109710826459,0.9935953771919858,30,0;1;2;3;4;5;6;7;8;9;10;11;12;13;14;15;16;17;18;19;20;21;22;23;24;25;26;27;28;29
A,16.26,g_okr,0.964010409482503,0.9269607503568559,0.993780335688622,30,0;1;2;3;4;5;6;7;8;9;10;11;12;13;14;15;16;17;18;19;20;21;22;23;24;25;26;27;28;29
A,16.27,g_okr,0.9641912991692202,0.927113032584929,0.9939735799032853,30,0;1;2;3;4;5;6;7;8;9;10;11;12;13;14;15;16;17;18;19;20;21;22;23;24;25;26;27;28;29
A,16.28,g_okr,0.9643763445584198,0.9272759765598927,0.9941696437578021,30,0;1;2;3;4;5;6;7;8;9;10;11;12;13;14;15;16;17;18;19;20;21;22;23;24;25;26;27;28;29
A,16.29,g_okr,0.9645656118508115,0.9274418461598882,0.9943675853766574,30,0;1;2;3;4;5;6;7;8;9;10;11;12;13;14;15;16;17;18;19;20;21;22;23;24;25;26;27;28;29
A,16.3,g_okr,0.9647597593550645,0.9276129821312628,0.9945712369661484,30,0;1;2;3;4;5;6;7;8;9;10;11;12;13;14;15;16;17;18;19;20;21;22;23;24;25;26;27;28;29
A,16.31,g_okr,0.9649579137082941,0.9277863894946905,0.9947820001810789,30,0;1;2;3;4;5;6;7;8;9;10;11;12;13;14;15;16;17;18;19;20;21;22;23;24;25;26;27;28;29
A,16.32,g_okr,0.9651597254243527,0.9279632147935234,0.9949993116136329,30,0;1;2;3;4;5;6;7;8;9;10;11;12;13;14;15;16;17;18;19;20;21;22;23;24;25;26;27;28;29
A,16.330000000000002,g_okr,0.965363363508475,0.9281428356656599,0.9952163053304551,30,0;1;2;3;4;5;6;7;8;9;10;11;12;13;14;15;16;17;18;19;20;21;22;23;24;25;26;27;28;29
A,16.34,g_okr,0.9655703432767045,0.9283251767398129,0.9954375421813052,30,0;1;2;3;4;5;6;7;8;9;10;11;12;13;14;15;16;17;18;19;20;21;22;23;24;25;26;27;28;29
A,16.35,g_okr,0.9657803197086587,0.9285101667207017,0.9956576071191654,30,0;1;2;3;4;5;6;7;8;9;10;11;12;13;14;15;16;17;18;19;20;21;22;23;24;25;26;27;28;29
A,16.36,g_okr,0.9659923610342368,0.928697279769519,0.9958734921353496,30,0;1;2;3;4;5;6;7;8;9;10;11;12;13;14;15;16;17;18;19;20;21;22;23;24;25;26;27;28;29
A,16.37,g_okr,0.9662071703146076,0.9288879643364231,0.9960917529699634,30,0;1;2;3;4;5;6;7;8;9;10;11;12;13;14;15;16;17;18;19;20;21;22;23;24;25;26;27;28;29
A,16.38,g_okr,0.9664246104181936,0.929081602238032,0.9963091467700397,30,0;1;2;3;4;5;6;7;8;9;10;11;12;13;14;15;16;17;18;19;20;21;22;23;24;25;26;27;28;29
A,16.39,g_okr,0.9666450854495167,0.9292813301518785,0.9965303117828938,30,0;1;2;3;4;5;6;7;8;9;10;11;12;13;14;15;16;17;18;19;20;21;22;23;24;25;26;27;28;29
A,16.4,g_okr,0.9668679021747111,0.9294832028560004,0.9967567277038467,30,0;1;2;3;4;5;6;7;8;9;10;11;12;13;14;15;16;17;18;19;20;21;22;23;24;25;26;27;28;29
A,16.41,g_okr,0.9670927388447451,0.9296864428708255,0.996985786529664,30,0;1;2;3;4;5;6;7;8;9;10;11;12;13;14;15;16;17;18;19;20;21;22;23;24;25;26;27;28;29
A,16.42,g_okr,0.9673196531012275,0.9298963170656118,0.9972131635660969,30,0;1;2;3;4;5;6;7;8;9;10;11;12;13;14;15;16;17;18;19;20;21;22;23;24;25;26;27;28;29
A,16.43,g_okr,0.967549027487384,0.9301081717121689,0.997440961889488,30,0;1;2;3;4;5;6;7;8;9;10;11;12;13;14;15;16;17;18;19;20;21;22;23;24;25;26;27;28;29
A,16.44,g_okr,0.9677802325377847,0.9303218658363401,0.9976708516677594,30,0;1;2;3;4;5;6;7;8;9;10;11;12;13;14;15;16;17;18;19;20;21;22;23;24;25;26;27;28;29
A,16.45,g_okr,0.9680129901327617,0.9305376260496394,0.9979010856438065,30,0;1;2;3;4;5;6;7;8;9;10;11;12;13;14;15;16;17;18;19;20;21;22;23;24;25;26;27;28;29
A,16.46,g_okr,0.9682472472425266,0.9307554241894619,0.9981328752694457,30,0;1;2;3;4;5;6;7;8;9;10;11;12;13;14;15;16;17;18;19;20;21;22;23;24;25;26;27;28;29
A,16.47,g_okr,0.9684827389304858,0.9309732209134167,0.9983664041969771,30,0;1;2;3;4;5;6;7;8;9;10;11;12;13;14;15;16;17;18;19;20;21;22;23;24;25;26;27;28;29
A,16.48,g_okr,0.9687185063677077,0.9311924754911843,0.9986007192724352,30,0;1;2;3;4;5;6;7;8;9;10;11;12;13;14;15;16;17;18;19;20;21;22;23;24;25;26;27;28;29
A,16.490000000000002,g_okr,0.9689551762433657,0.9314149476609324,0.998833574533587,30,0;1;2;3;4;5;6;7;8;9;10;11;12;13;14;15;16;17;18;19;20;21;22;23;24;25;26;27;28;29
A,16.5,g_okr,0.9691922412935617,0.9316389830837774,0.9990679730909177,30,0;1;2;3;4;5;6;7;8;9;10;11;12;13;14;15;16;17;18;19;20;21;22;23;24;25;26;27;28;29
A,16.51,g_okr,0.9694298138322639,0.9318662676681714,0.9993006429466986,30,0;1;2;3;4;5;6;7;8;9;10;11;12;13;14;15;16;17;18;19;20;21;22;23;24;25;26;27;28;29
A,16.52,g_okr,0.9696682379421688,0.9320930592655551,0.9995334674668858,30,0;1;2;3;4;5;6;7;8;9;10;11;12;13;14;15;16;17;18;19;20;21;22;23;24;25;26;27;28;29
A,16.53,g_okr,0.9699074984203008,0.9323215838256198,0.9997692908359196,30,0;1;2;3;4;5;6;7;8;9;10;11;12;13;14;15;16;17;18;19;20;21;22;23;24;25;26;27;28;29
A,16.54,g_okr,0.9701470630682827,0.9325484014179404,1.0000060211066233,30,0;1;2;3;4;5;6;7;8;9;10;11;12;13;14;15;16;17;18;19;20;21;22;23;24;25;26;27;28;29
A,16.55,g_okr,0.9703866466691625,0.9327744905074035,1.0002445383589855,30,0;1;2;3;4;5;6;7;8;9;10;11;12;13;14;15;16;17;18;19;20;21;22;23;24;25;26;27;28;29
A,16.56,g_okr,0.9706257283653476,0.9330006496381048,1.0004814742930563,30,0;1;2;3;4;5;6;7;8;9;10;11;12;13;14;15;16;17;18;19;20;21;22;23;24;25;26;27;28;29
A,16.57,g_okr,0.9708638541817904,0.9332225831160477,1.000719076221993,30,0;1;2;3;4;5;6;7;8;9;10;11;12;13;14;15;16;17;18;19;20;21;22;23;24;25;26;27;28;29
A,16.580000000000002,g_okr,0.9711022780028749,0.9334451069982959,1.0009580435876144,30,0;1;2;3;4;5;6;7;8;9;10;11;12;13;14;15;16;17;18;19;20;21;22;23;24;25;26;27;28;29
A,16.59,g_okr,0.9713403334865434,0.9336705265408111,1.001196062595562,30,0;1;2;3;4;5;6;7;8;9;10;11;12;13;14;15;16;17;18;19;20;21;22;23;24;25;26;27;28;29
A,16.6,g_okr,0.9715783344461876,0.933898538950115,1.0014346562546659,30,0;1;2;3;4;5;6;7;8;9;10;11;12;13;14;15;16;17;18;19;20;21;22;23;24;25;26;27;28;29
A,16.61,g_okr,0.971815306090018,0.9341269125392966,1.0016746955417821,30,0;1;2;3;4;5;6;7;8;9;10;11;12;13;14;15;16;17;18;19;20;21;22;23;24;25;26;27;28;29
A,16.62,g_okr,0.9720512261250588,0.9343537268326176,1.0019121766718386,30,0;1;2;3;4;5;6;7;8;9;10;11;12;13;14;15;16;17;18;19;20;21;22;23;24;25;26;27;28;29
A,16.63,g_okr,0.9722866809344529,0.9345804056155111,1.0021470665893313,30,0;1;2;3;4;5;6;7;8;9;10;11;12;13;14;15;16;17;18;19;20;21;22;23;24;25;26;27;28;29
A,16.64,g_okr,0.9725212830137792,0.9348079179006843,1.0023770466542976,30,0;1;2;3;4;5;6;7;8;9;10;11;12;13;14;15;16;17;18;19;20;21;22;23;24;25;26;27;28;29
A,16.65,g_okr,0.9727539717267786,0.9350331429316522,1.0026035170577914,30,0;1;2;3;4;5;6;7;8;9;10;11;12;13;14;15;16;17;18;19;20;21;22;23;24;25;26;27;28;29
A,16.66,g_okr,0.9729853574408891,0.9352551545604082,1.0028310101456177,30,0;1;2;3;4;5;6;7;8;9;10;11;12;13;14;15;16;17;18;19;20;21;22;23;24;25;26;27;28;29
A,16.67,g_okr,0.9732161865877119,0.9354773276363231,1.0030604743271372,30,0;1;2;3;4;5;6;7;8;9;10;11;12;13;14;15;16;17;18;19;20;21;22;23;24;25;26;27;28;29
A,16.68,g_okr,0.9734455534164503,0.9356990368225265,1.0032883715503553,30,0;1;2;3;4;5;6;7;8;9;10;11;12;13;14;15;16;17;18;19;20;21;22;23;24;25;26;27;28;29
A,16.69,g_okr,0.9736735724580178,0.9359200120770588,1.0035154205585717,30,0;1;2;3;4;5;6;7;8;9;10;11;12;13;14;15;16;17;18;19;20;21;22;23;24;25;26;27;28;29
A,16.7,g_okr,0.9738999489145801,0.9361394890976721,1.0037390724803308,30,0;1;2;3;4;5;6;7;8;9;10;11;12;13;14;15;16;17;18;19;20;21;22;23;24;25;26;27;28;29
A,16.71,g_okr,0.9741241040148731,0.936355280468223,1.0039592432221822,30,0;1;2;3;4;5;6;7;8;9;10;11;12;13;14;15;16;17;18;19;20;21;22;23;24;25;26;27;28;29
A,16.72,g_okr,0.9743462568728201,0.9365674106561522,1.0041765874308874,30,0;1;2;3;4;5;6;7;8;9;10;11;12;13;14;15;16;17;18;19;20;21;22;23;24;25;26;27;28;29
A,16.73,g_okr,0.9745654065272246,0.9367767348855403,1.0043881196964048,30,0;1;2;3;4;5;6;7;8;9;10;11;12;13;14;15;16;17;18;19;20;21;22;23;24;25;26;27;28;29
A,16.740000000000002,g_okr,0.974782386582403,0.9369873641061436,1.004601412949077,30,0;1;2;3;4;5;6;7;8;9;10;11;12;13;14;15;16;17;18;19;20;21;22;23;24;25;26;27;28;29
A,16.75,g_okr,0.9749970342917326,0.9371948084311188,1.004815244237131,30,0;1;2;3;4;5;6;7;8;9;10;11;12;13;14;15;16;17;18;19;20;21;22;23;24;25;26;27;28;29
A,16.76,g_okr,0.9752091810007621,0.937398033759653,1.005028151153506,30,0;1;2;3;4;5;6;7;8;9;10;11;12;13;14;15;16;17;18;19;20;21;22;23;24;25;26;27;28;29
A,16.77,g_okr,0.9754184632387172,0.9375956067019687,1.0052418534059764,30,0;1;2;3;4;5;6;7;8;9;10;11;12;13;14;15;16;17;18;19;20;21;22;23;24;25;26;27;28;29
A,16.78,g_okr,0.9756246910013868,0.937793115558568,1.0054493577614638,30,0;1;2;3;4;5;6;7;8;9;10;11;12;13;14;15;16;17;18;19;20;21;22;23;24;25;26;27;28;29
A,16.79,g_okr,0.9758279935024813,0.9379877639998115,1.0056526426595278,30,0;1;2;3;4;5;6;7;8;9;10;11;12;13;14;15;16;17;18;19;20;21;22;23;24;25;26;27;28;29
A,16.8,g_okr,0.9760274793231876,0.9381749492548922,1.0058509883231939,30,0;1;2;3;4;5;6;7;8;9;10;11;12;13;14;15;16;17;18;19;20;21;22;23;24;25;26;27;28;29
A,16.81,g_okr,0.9762239610049719,0.9383610715429862,1.0060471958787094,30,0;1;2;3;4;5;6;7;8;9;10;11;12;13;14;15;16;17;18;19;20;21;22;23;24;25;26;27;28;29
A,16.82,g_okr,0.9764163211240297,0.9385437179716668,1.0062404513671124,30,0;1;2;3;4;5;6;7;8;9;10;11;12;13;14;15;16;17;18;19;20;21;22;23;24;25;26;27;28;29
A,16.830000000000002,g_okr,0.9766046316512339,0.9387229900389067,1.0064287332412654,30,0;1;2;3;4;5;6;7;8;9;10;11;12;13;14;15;16;17;18;19;20;21;22;23;24;25;26;27;28;29
A,16.84,g_okr,0.9767878933638594,0.9388973230455995,1.0066120419211502,30,0;1;2;3;4;5;6;7;8;9;10;11;12;13;14;15;16;17;18;19;20;21;22;23;24;25;26;27;28;29
A,16.85,g_okr,0.9769670442758299,0.9390674803188818,1.006793039644586,30,0;1;2;3;4;5;6;7;8;9;10;11;12;13;14;15;16;17;18;19;20;21;22;23;24;25;26;27;28;29
A,16.86,g_okr,0.9771424465003296,0.9392370699349811,1.0069706860699292,30,0;1;2;3;4;5;6;7;8;9;10;11;12;13;14;15;16;17;18;19;20;21;22;23;24;25;26;27;28;29
A,16.87,g_okr,0.9773142526454578,0.9394039686540261,1.0071423629953302,30,0;1;2;3;4;5;6;7;8;9;10;11;12;13;14;15;16;17;18;19;20;21;22;23;24;25;26;27;28;29
A,16.88,g_okr,0.9774819924386784,0.939566148601677,1.0073112038932,30,0;1;2;3;4;5;6;7;8;9;10;11;12;13;14;15;16;17;18;19;20;21;22;23;24;25;26;27;28;29
A,16.89,g_okr,0.9776456160443411,0.9397250223963851,1.0074748469472863,30,0;1;2;3;4;5;6;7;8;9;10;11;12;13;14;15;16;17;18;19;20;21;22;23;24;25;26;27;28;29
A,16.9,g_okr,0.9778041328918937,0.9398771157449181,1.0076320885225034,30,0;1;2;3;4;5;6;7;8;9;10;11;12;13;14;15;16;17;18;19;20;21;22;23;24;25;26;27;28;29
A,16.91,g_okr,0.9779583671212126,0.9400265657413667,1.007785620889852,30,0;1;2;3;4;5;6;7;8;9;10;11;12;13;14;15;16;17;18;19;20;21;22;23;24;25;26;27;28;29
A,16.92,g_okr,0.9781081639273173,0.9401718110883104,1.0079361299675917,30,0;1;2;3;4;5;6;7;8;9;10;11;12;13;14;15;16;17;18;19;20;21;22;23;24;25;26;27;28;29
A,16.93,g_okr,0.9782525888861212,0.9403108936952571,1.008080021272291,30,0;1;2;3;4;5;6;7;8;9;10;11;12;13;14;15;16;17;18;19;20;21;22;23;24;25;26;27;28;29
A,16.94,g_okr,0.9783918922386766,0.9404468857407322,1.0082197593534736,30,0;1;2;3;4;5;6;7;8;9;10;11;12;13;14;15;16;17;18;19;20;21;22;23;24;25;26;27;28;29
A,16.95,g_okr,0.978526758514541,0.9405800291196766,1.0083562072933685,30,0;1;2;3;4;5;6;7;8;9;10;11;12;13;14;15;16;17;18;19;20;21;22;23;24;25;26;27;28;29
A,16.96,g_okr,0.9786574202767478,0.9407088482059376,1.008487834263917,30,0;1;2;3;4;5;6;7;8;9;10;11;12;13;14;15;16;17;18;19;20;21;22;23;24;25;26;27;28;29
A,16.97,g_okr,0.978782783949227,0.9408313104131932,1.00861360876216,30,0;1;2;3;4;5;6;7;8;9;10;11;12;13;14;15;16;17;18;19;20;21;22;23;24;25;26;27;28;29
A,16.98,g_okr,0.9789030352555202,0.9409466592645253,1.0087348569061867,30,0;1;2;3;4;5;6;7;8;9;10;11;12;13;14;15;16;17;18;19;20;21;22;23;24;25;26;27;28;29
A,16.990000000000002,g_okr,0.9790176424230451,0.9410571636182075,1.0088493299067889,30,0;1;2;3;4;5;6;7;8;9;10;11;12;13;14;15;16;17;18;19;20;21;22;23;24;25;26;27;28;29
A,17.0,g_okr,0.9791265101105312,0.9411616955219851,1.0089582372657961,30,0;1;2;3;4;5;6;7;8;9;10;11;12;13;14;15;16;17;18;19;20;21;22;23;24;25;26;27;28;29
A,17.01,g_okr,0.979229207582397,0.94125777594452,1.0090613201890475,30,0;1;2;3;4;5;6;7;8;9;10;11;12;13;14;15;16;17;18;19;20;21;22;23;24;25;26;27;28;29
A,17.02,g_okr,0.9793271282359115,0.9413424998039981,1.0091538231656432,30,0;1;2;3;4;5;6;7;8;9;10;11;12;13;14;15;16;17;18;19;20;21;22;23;24;25;26;27;28;29
A,17.03,g_okr,0.9794198985425847,0.9414240779398976,1.0092424630575751,30,0;1;2;3;4;5;6;7;8;9;10;11;12;13;14;15;16;17;18;19;20;21;22;23;24;25;26;27;28;29
A,17.04,g_okr,0.9795074116060378,0.9415026611535257,1.0093270104085859,30,0;1;2;3;4;5;6;7;8;9;10;11;12;13;14;15;16;17;18;19;20;21;22;23;24;25;26;27;28;29
A,17.05,g_okr,0.9795884361311127,0.9415720977143825,1.0094040012328487,30,0;1;2;3;4;5;6;7;8;9;10;11;12;13;14;15;16;17;18;19;20;21;22;23;24;25;26;27;28;29
A,17.06,g_okr,0.9796641780371804,0.9416366022330878,1.0094763746178999,30,0;1;2;3;4;5;6;7;8;9;10;11;12;13;14;15;16;17;18;19;20;21;22;23;24;25;26;27;28;29
A,17.07,g_okr,0.9797337466258313,0.9416942655177228,1.0095444945599623,30,0;1;2;3;4;5;6;7;8;9;10;11;12;13;14;15;16;17;18;19;20;21;22;23;24;25;26;27;28;29
A,17.080000000000002,g_okr,0.9797973746375797,0.9417465794770591,1.0096081000690198,30,0;1;2;3;4;5;6;7;8;9;10;11;12;13;14;15;16;17;18;19;20;21;22;23;24;25;26;27;28;29
A,17.09,g_okr,0.9798549204986403,0.9417947042099977,1.0096631152347,30,0;1;2;3;4;5;6;7;8;9;10;11;12;13;14;15;16;17;18;19;20;21;22;23;24;25;26;27;28;29
A,17.1,g_okr,0.979905872285377,0.9418389076912462,1.0097090098979733,30,0;1;2;3;4;5;6;7;8;9;10;11;12;13;14;15;16;17;18;19;20;21;22;23;24;25;26;27;28;29
A,17.11,g_okr,0.9799511119540673,0.9418777430767082,1.0097471980041246,30,0;1;2;3;4;5;6;7;8;9;10;11;12;13;14;15;16;17;18;19;20;21;22;23;24;25;26;27;28;29
A,17.12,g_okr,0.979989702149948,0.9419078770462256,1.0097799726098375,30,0;1;2;3;4;5;6;7;8;9;10;11;12;13;14;15;16;17;18;19;20;21;22;23;24;25;26;27;28;29
A,17.13,g_okr,0.9800215590110155,0.9419345885914315,1.0098062287117606,30,0;1;2;3;4;5;6;7;8;9;10;11;12;13;14;15;16;17;18;19;20;21;22;23;24;25;26;27;28;29
A,17.14,g_okr,0.9800474164913483,0.9419546378526591,1.0098293118881154,30,0;1;2;3;4;5;6;7;8;9;10;11;12;13;14;15;16;17;18;19;20;21;22;23;24;25;26;27;28;29
A,17.150000000000002,g_okr,0.9800671256461546,0.9419668057366061,1.0098433168886354,30,0;1;2;3;4;5;6;7;8;9;10;11;12;13;14;15;16;17;18;19;20;21;22;23;24;25;26;27;28;29
A,17.16,g_okr,0.9800807031658462,0.9419735568280245,1.0098496911887216,30,0;1;2;3;4;5;6;7;8;9;10;11;12;13;14;15;16;17;18;19;20;21;22;23;24;25;26;27;28;29
A,17.17,g_okr,0.98008758699834,0.9419700476234563,1.0098488870861742,30,0;1;2;3;4;5;6;7;8;9;10;11;12;13;14;15;16;17;18;19;20;21;22;23;24;25;26;27;28;29
A,17.18,g_okr,0.9800880840069888,0.9419603424990798,1.0098427823708906,30,0;1;2;3;4;5;6;7;8;9;10;11;12;13;14;15;16;17;18;19;20;21;22;23;24;25;26;27;28;29
A,17.19,g_okr,0.9800816706347064,0.9419423138299987,1.0098272781387019,30,0;1;2;3;4;5;6;7;8;9;10;11;12;13;14;15;16;17;18;19;20;21;22;23;24;25;26;27;28;29
A,17.2,g_okr,0.9800692735416567,0.9419229392540895,1.0098048407640636,30,0;1;2;3;4;5;6;7;8;9;10;11;12;13;14;15;16;17;18;19;20;21;22;23;24;25;26;27;28;29
A,17.21,g_okr,0.9800523605201368,0.9419048383212684,1.0097830650412487,30,0;1;2;3;4;5;6;7;8;9;10;11;12;13;14;15;16;17;18;19;20;21;22;23;24;25;26;27;28;29
A,17.22,g_okr,0.9800350746452617,0.9418914384819174,1.009768337168486,30,0;1;2;3;4;5;6;7;8;9;10;11;12;13;14;15;16;17;18;19;20;21;22;23;24;25;26;27;28;29
A,17.23,g_okr,0.9800211727246845,0.9418860736995134,1.009757351918771,30,0;1;2;3;4;5;6;7;8;9;10;11;12;13;14;15;16;17;18;19;20;21;22;23;24;25;26;27;28;29
A,17.240000000000002,g_okr,0.9800134841235073,0.9418875904882876,1.0097532456237266,30,0;1;2;3;4;5;6;7;8;9;10;11;12;13;14;15;16;17;18;19;20;21;22;23;24;25;26;27;28;29
A,17.25,g_okr,0.9800120472901802,0.9418933428369827,1.0097560900893745,30,0;1;2;3;4;5;6;7;8;9;10;11;12;13;14;15;16;17;18;19;20;21;22;23;24;25;26;27;28;29
A,17.26,g_okr,0.9800176457916,0.9419087299329998,1.0097674266042242,30,0;1;2;3;4;5;6;7;8;9;10;11;12;13;14;15;16;17;18;19;20;21;22;23;24;25;26;27;28;29
A,17.27,g_okr,0.9800300198762258,0.941928375373062,1.0097840358390695,30,0;1;2;3;4;5;6;7;8;9;10;11;12;13;14;15;16;17;18;19;20;21;22;23;24;25;26;27;28;29
A,17.28,g_okr,0.9800487599114034,0.9419526126547784,1.0098068724303464,30,0;1;2;3;4;5;6;7;8;9;10;11;12;13;14;15;16;17;18;19;20;21;22;23;24;25;26;27;28;29
A,17.29,g_okr,0.9800742526604356,0.941984432140192,1.009834740397457,30,0;1;2;3;4;5;6;7;8;9;10;11;12;13;14;15;16;17;18;19;20;21;22;23;24;25;26;27;28;29
A,17.3,g_okr,0.9801065860750859,0.9420235591236069,1.0098672867019203,30,0;1;2;3;4;5;6;7;8;9;10;11;12;13;14;15;16;17;18;19;20;21;22;23;24;25;26;27;28;29
A,17.31,g_okr,0.9801464311300705,0.9420702664322156,1.0099089506945733,30,0;1;2;3;4;5;6;7;8;9;10;11;12;13;14;15;16;17;18;19;20;21;22;23;24;25;26;27;28;29
A,17.32,g_okr,0.9801937948606336,0.9421224532290426,1.009957823455787,30,0;1;2;3;4;5;6;7;8;9;10;11;12;13;14;15;16;17;18;19;20;21;22;23;24;25;26;27;28;29
A,17.330000000000002,g_okr,0.9802487678681131,0.9421822808354913,1.0100118278611496,30,0;1;2;3;4;5;6;7;8;9;10;11;12;13;14;15;16;17;18;19;20;21;22;23;24;25;26;27;28;29
A,17.34,g_okr,0.9803104134112134,0.9422488300268712,1.01007553324437,30,0;1;2;3;4;5;6;7;8;9;10;11;12;13;14;15;16;17;18;19;20;21;22;23;24;25;26;27;28;29
A,17.35,g_okr,0.9803799442695915,0.9423230288532022,1.0101468110247982,30,0;1;2;3;4;5;6;7;8;9;10;11;12;13;14;15;16;17;18;19;20;21;22;23;24;25;26;27;28;29
A,17.36,g_okr,0.9804567069173931,0.9424016746482015,1.0102267670380571,30,0;1;2;3;4;5;6;7;8;9;10;11;12;13;14;15;16;17;18;19;20;21;22;23;24;25;26;27;28;29
A,17.37,g_okr,0.9805405363725404,0.9424833303790301,1.010356434441466,30,0;1;2;3;4;5;6;7;8;9;10;11;12;13;14;15;16;17;18;19;20;21;22;23;24;25;26;27;28;29
A,17.38,g_okr,0.9806322116560509,0.9425697136917279,1.0105066940914702,30,0;1;2;3;4;5;6;7;8;9;10;11;12;13;14;15;16;17;18;19;20;21;22;23;24;25;26;27;28;29
A,17.39,g_okr,0.980731947197016,0.9426621246989523,1.0106701721653553,30,0;1;2;3;4;5;6;7;8;9;10;11;12;13;14;15;16;17;18;19;20;21;22;23;24;25;26;27;28;29
A,17.400000000000002,g_okr,0.9808380458773716,0.9427589561857619,1.0108437475281564,30,0;1;2;3;4;5;6;7;8;9;10;11;12;13;14;15;16;17;18;19;20;21;22;23;24;25;26;27;28;29
A,17.41,g_okr,0.9809507499798403,0.9428615236851513,1.0110268807784246,30,0;1;2;3;4;5;6;7;8;9;10;11;12;13;14;15;16;17;18;19;20;21;22;23;24;25;26;27;28;29
A,17.42,g_okr,0.9810697805207959,0.9429689101162924,1.0112218944548756,30,0;1;2;3;4;5;6;7;8;9;10;11;12;13;14;15;16;17;18;19;20;21;22;23;24;25;26;27;28;29
A,17.43,g_okr,0.9811948539652394,0.9430840697785832,1.0114267246592625,30,0;1;2;3;4;5;6;7;8;9;10;11;12;13;14;15;16;17;18;19;20;21;22;23;24;25;26;27;28;29
A,17.44,g_okr,0.9813264534797076,0.9432062735367233,1.0116412702020772,30,0;1;2;3;4;5;6;7;8;9;10;11;12;13;14;15;16;17;18;19;20;21;22;23;24;25;26;27;28;29
A,17.45,g_okr,0.9814654029132536,0.9433384492394457,1.0118663131028023,30,0;1;2;3;4;5;6;7;8;9;10;11;12;13;14;15;16;17;18;19;20;21;22;23;24;25;26;27;28;29
A,17.46,g_okr,0.9816108188272803,0.9434815311954201,1.0121025409281252,30,0;1;2;3;4;5;6;7;8;9;10;11;12;13;14;15;16;17;18;19;20;21;22;23;24;25;26;27;28;29
A,17.47,g_okr,0.9817630075323545,0.9436296942963621,1.0123490330204783,30,0;1;2;3;4;5;6;7;8;9;10;11;12;13;14;15;16;17;18;19;20;21;22;23;24;25;26;27;28;29
A,17.48,g_okr,0.9819218813759741,0.943781305733661,1.0126081014429642,30,0;1;2;3;4;5;6;7;8;9;10;11;12;13;14;15;16;17;18;19;20;21;22;23;24;25;26;27;28;29
A,17.490000000000002,g_okr,0.9820874536806791,0.9439377613155501,1.0128777524822132,30,0;1;2;3;4;5;6;7;8;9;10;11;12;13;14;15;16;17;18;19;20;21;22;23;24;25;26;27;28;29
A,17.5,g_okr,0.9822601168518489,0.9440984212413449,1.0131576490031242,30,0;1;2;3;4;5;6;7;8;9;10;11;12;13;14;15;16;17;18;19;20;21;22;23;24;25;26;27;28;29
A,17.51,g_okr,0.9824384281000983,0.9442600811180125,1.0134477494047869,30,0;1;2;3;4;5;6;7;8;9;10;11;12;13;14;15;16;17;18;19;20;21;22;23;24;25;26;27;28;29
A,17.52,g_okr,0.982623290461602,0.9444277344165332,1.0137463693471545,30,0;1;2;3;4;5;6;7;8;9;10;11;12;13;14;15;16;17;18;19;20;21;22;23;24;25;26;27;28;29
A,17.53,g_okr,0.982814457909706,0.9446054077389308,1.0140541134087102,30,0;1;2;3;4;5;6;7;8;9;10;11;12;13;14;15;16;17;18;19;20;21;22;23;24;25;26;27;28;29
A,17.54,g_okr,0.9830117826156886,0.9447875652939142,1.0143672964898802,30,0;1;2;3;4;5;6;7;8;9;10;11;12;13;14;15;16;17;18;19;20;21;22;23;24;25;26;27;28;29
A,17.55,g_okr,0.9832155238147986,0.9449766658606006,1.0146899448092839,30,0;1;2;3;4;5;6;7;8;9;10;11;12;13;14;15;16;17;18;19;20;21;22;23;24;25;26;27;28;29
A,17.56,g_okr,0.9834257998514391,0.9451704597767643,1.0150209002582093,30,0;1;2;3;4;5;6;7;8;9;10;11;12;13;14;15;16;17;18;19;20;21;22;23;24;25;26;27;28;29
A,17.57,g_okr,0.9836425107641377,0.9453673527767797,1.0153565409131406,30,0;1;2;3;4;5;6;7;8;9;10;11;12;13;14;15;16;17;18;19;20;21;22;23;24;25;26;27;28;29
A,17.580000000000002,g_okr,0.9838653068535342,0.9455688092443626,1.015696914200943,30,0;1;2;3;4;5;6;7;8;9;10;11;12;13;14;15;16;17;18;19;20;21;22;23;24;25;26;27;28;29
A,17.59,g_okr,0.9840934949002857,0.9457760660685085,1.016043328736818,30,0;1;2;3;4;5;6;7;8;9;10;11;12;13;14;15;16;17;18;19;20;21;22;23;24;25;26;27;28;29
A,17.6,g_okr,0.9843271924593012,0.9459869018351937,1.0163967599491455,30,0;1;2;3;4;5;6;7;8;9;10;11;12;13;14;15;16;17;18;19;20;21;22;23;24;25;26;27;28;29
A,17.61,g_okr,0.9845659827191635,0.9462057285809555,1.0167582140599853,30,0;1;2;3;4;5;6;7;8;9;10;11;12;13;14;15;16;17;18;19;20;21;22;23;24;25;26;27;28;29
A,17.62,g_okr,0.9848093477415036,0.946428881448073,1.0171252899828225,30,0;1;2;3;4;5;6;7;8;9;10;11;12;13;14;15;16;17;18;19;20;21;22;23;24;25;26;27;28;29
A,17.63,g_okr,0.9850576730378156,0.9466581897893726,1.0174976250463188,30,0;1;2;3;4;5;6;7;8;9;10;11;12;13;14;15;16;17;18;19;20;21;22;23;24;25;26;27;28;29
A,17.64,g_okr,0.9853113869901768,0.946891486954693,1.017875731590427,30,0;1;2;3;4;5;6;7;8;9;10;11;12;13;14;15;16;17;18;19;20;21;22;23;24;25;26;27;28;29
A,17.650000000000002,g_okr,0.9855685996161844,0.9471301574811066,1.0182584519978697,30,0;1;2;3;4;5;6;7;8;9;10;11;12;13;14;15;16;17;18;19;20;21;22;23;24;25;26;27;28;29
A,17.66,g_okr,0.9858293568264952,0.9473726416985434,1.0186446696666107,30,0;1;2;3;4;5;6;7;8;9;10;11;12;13;14;15;16;17;18;19;20;21;22;23;24;25;26;27;28;29
A,17.67,g_okr,0.9860942778516139,0.9476205849277775,1.0190370511615938,30,0;1;2;3;4;5;6;7;8;9;10;11;12;13;14;15;16;17;18;19;20;21;22;23;24;25;26;27;28;29
A,17.68,g_okr,0.9863631458429736,0.9478714600283416,1.0194317486348734,30,0;1;2;3;4;5;6;7;8;9;10;11;12;13;14;15;16;17;18;19;20;21;22;23;24;25;26;27;28;29
A,17.69,g_okr,0.9866370643376865,0.9481260833778482,1.0198347048720704,30,0;1;2;3;4;5;6;7;8;9;10;11;12;13;14;15;16;17;18;19;20;21;22;23;24;25;26;27;28;29
A,17.7,g_okr,0.986915212265311,0.9483829892236614,1.0202422163925702,30,0;1;2;3;4;5;6;7;8;9;10;11;12;13;14;15;16;17;18;19;20;21;22;23;24;25;26;27;28;29
A,17.71,g_okr,0.9871969730486669,0.9486436796818247,1.0206519207410312,30,0;1;2;3;4;5;6;7;8;9;10;11;12;13;14;15;16;17;18;19;20;21;22;23;24;25;26;27;28;29
A,17.72,g_okr,0.9874825578764278,0.9489086414338286,1.021068775404281,30,0;1;2;3;4;5;6;7;8;9;10;11;12;13;14;15;16;17;18;19;20;21;22;23;24;25;26;27;28;29
A,17.73,g_okr,0.9877724163358412,0.9491783609845055,1.0214888137969882,30,0;1;2;3;4;5;6;7;8;9;10;11;12;13;14;15;16;17;18;19;20;21;22;23;24;25;26;27;28;29
A,17.740000000000002,g_okr,0.9880666962124831,0.9494518407865359,1.0219099894856243,30,0;1;2;3;4;5;6;7;8;9;10;11;12;13;14;15;16;17;18;19;20;21;22;23;24;25;26;27;28;29
A,17.75,g_okr,0.9883650931639804,0.9497297315928259,1.0223329549604718,30,0;1;2;3;4;5;6;7;8;9;10;11;12;13;14;15;16;17;18;19;20;21;22;23;24;25;26;27;28;29
A,17.76,g_okr,0.988667105372269,0.9500093205899365,1.0227592300823654,30,0;1;2;3;4;5;6;7;8;9;10;11;12;13;14;15;16;17;18;19;20;21;22;23;24;25;26;27;28;29
A,17.77,g_okr,0.9889723858333415,0.9502910318358284,1.0231893773160021,30,0;1;2;3;4;5;6;7;8;9;10;11;12;13;14;15;16;17;18;19;20;21;22;23;24;25;26;27;28;29
A,17.78,g_okr,0.9892805144920161,0.9505781416639799,1.0236247115590473,30,0;1;2;3;4;5;6;7;8;9;10;11;12;13;14;15;16;17;18;19;20;21;22;23;24;25;26;27;28;29
A,17.79,g_okr,0.9895916005765729,0.9508665377172524,1.024065352868478,30,0;1;2;3;4;5;6;7;8;9;10;11;12;13;14;15;16;17;18;19;20;21;22;23;24;25;26;27;28;29
A,17.8,g_okr,0.9899056687081876,0.95115864183137,1.0245098530893804,30,0;1;2;3;4;5;6;7;8;9;10;11;12;13;14;15;16;17;18;19;20;21;22;23;24;25;26;27;28;29
A,17.81,g_okr,0.990222882096605,0.9514543388577705,1.0249590893849696,30,0;1;2;3;4;5;6;7;8;9;10;11;12;13;14;15;16;17;18;19;20;21;22;23;24;25;26;27;28;29
A,17.82,g_okr,0.9905424406581439,0.9517533633260977,1.0254116242017917,30,0;1;2;3;4;5;6;7;8;9;10;11;12;13;14;15;16;17;18;19;20;21;22;23;24;25;26;27;28;29
A,17.830000000000002,g_okr,0.9908646120406991,0.9520530846340535,1.025865810084779,30,0;1;2;3;4;5;6;7;8;9;10;11;12;13;14;15;16;17;18;19;20;21;22;23;24;25;26;27;28;29
A,17.84,g_okr,0.991189582596263,0.9523525658273525,1.0263238244846244,30,0;1;2;3;4;5;6;7;8;9;10;11;12;13;14;15;16;17;18;19;20;21;22;23;24;25;26;27;28;29
A,17.85,g_okr,0.991516972868913,0.9526520978185756,1.0267856796490056,30,0;1;2;3;4;5;6;7;8;9;10;11;12;13;14;15;16;17;18;19;20;21;22;23;24;25;26;27;28;29
A,17.86,g_okr,0.991846067425517,0.9529524221938659,1.0272481801266897,30,0;1;2;3;4;5;6;7;8;9;10;11;12;13;14;15;16;17;18;19;20;21;22;23;24;25;26;27;28;29
A,17.87,g_okr,0.9921770941315129,0.9532563450150693,1.027710977536847,30,0;1;2;3;4;5;6;7;8;9;10;11;12;13;14;15;16;17;18;19;20;21;22;23;24;25;26;27;28;29
A,17.88,g_okr,0.992510015847635,0.9535615140058633,1.0281739788588256,30,0;1;2;3;4;5;6;7;8;9;10;11;12;13;14;15;16;17;18;19;20;21;22;23;24;25;26;27;28;29
A,17.89,g_okr,0.9928446044915177,0.9538656139883291,1.0286375263922032,30,0;1;2;3;4;5;6;7;8;9;10;11;12;13;14;15;16;17;18;19;20;21;22;23;24;25;26;27;28;29
A,17.900000000000002,g_okr,0.993180148012345,0.9541701598131443,1.0291009066152377,30,0;1;2;3;4;5;6;7;8;9;10;11;12;13;14;15;16;17;18;19;20;21;22;23;24;25;26;27;28;29
A,17.91,g_okr,0.9935162419690937,0.9544760130786364,1.0295586517092996,30,0;1;2;3;4;5;6;7;8;9;10;11;12;13;14;15;16;17;18;19;20;21;22;23;24;25;26;27;28;29
A,17.92,g_okr,0.9938521185537039,0.9547826383420063,1.030014081490166,30,0;1;2;3;4;5;6;7;8;9;10;11;12;13;14;15;16;17;18;19;20;21;22;23;24;25;26;27;28;29
A,17.93,g_okr,0.9941881544297974,0.9550878856608225,1.0304698829100691,30,0;1;2;3;4;5;6;7;8;9;10;11;12;13;14;15;16;17;18;19;20;21;22;23;24;25;26;27;28;29
A,17.94,g_okr,0.9945244326374019,0.9553906446916152,1.0309262004366795,30,0;1;2;3;4;5;6;7;8;9;10;11;12;13;14;15;16;17;18;19;20;21;22;23;24;25;26;27;28;29
A,17.95,g_okr,0.994861889150875,0.9556987587746987,1.0313841722388597,30,0;1;2;3;4;5;6;7;8;9;10;11;12;13;14;15;16;17;18;19;20;21;22;23;24;25;26;27;28;29
A,17.96,g_okr,0.9951985818382487,0.9560057320663733,1.0318363554611425,30,0;1;2;3;4;5;6;7;8;9;10;11;12;13;14;15;16;17;18;19;20;21;22;23;24;25;26;27;28;29
A,17.97,g_okr,0.9955345384752746,0.9563107099910076,1.032288243480865,30,0;1;2;3;4;5;6;7;8;9;10;11;12;13;14;15;16;17;18;19;20;21;22;23;24;25;26;27;28;29
A,17.98,g_okr,0.9958703841289097,0.9566159201285238,1.032740663476457,30,0;1;2;3;4;5;6;7;8;9;10;11;12;13;14;15;16;17;18;19;20;21;22;23;24;25;26;27;28;29
A,17.990000000000002,g_okr,0.9962045795504105,0.9569185431924286,1.0331925236819317,30,0;1;2;3;4;5;6;7;8;9;10;11;12;13;14;15;16;17;18;19;20;21;22;23;24;25;26;27;28;29
A,18.0,g_okr,0.9965376620664794,0.9572226197208205,1.0336416620094062,30,0;1;2;3;4;5;6;7;8;9;10;11;12;13;14;15;16;17;18;19;20;21;22;23;24;25;26;27;28;29
A,18.01,g_okr,0.9968693834621436,0.9575276478731684,1.0340911579768328,30,0;1;2;3;4;5;6;7;8;9;10;11;12;13;14;15;16;17;18;19;20;21;22;23;24;25;26;27;28;29
A,18.02,g_okr,0.9971997313796666,0.9578334913938777,1.0345418800547355,30,0;1;2;3;4;5;6;7;8;9;10;11;12;13;14;15;16;17;18;19;20;21;22;23;24;25;26;27;28;29
A,18.03,g_okr,0.9975278069900234,0.9581405189712111,1.0349905220450846,30,0;1;2;3;4;5;6;7;8;9;10;11;12;13;14;15;16;17;18;19;20;21;22;23;24;25;26;27;28;29
A,18.04,g_okr,0.9978545084832037,0.9584472660504253,1.0354384653214501,30,0;1;2;3;4;5;6;7;8;9;10;11;12;13;14;15;16;17;18;19;20;21;22;23;24;25;26;27;28;29
A,18.05,g_okr,0.9981787042411513,0.9587529447782087,1.035883860027428,30,0;1;2;3;4;5;6;7;8;9;10;11;12;13;14;15;16;17;18;19;20;21;22;23;24;25;26;27;28;29
A,18.06,g_okr,0.9985011195870278,0.9590557486802064,1.0363265761175553,30,0;1;2;3;4;5;6;7;8;9;10;11;12;13;14;15;16;17;18;19;20;21;22;23;24;25;26;27;28;29
A,18.07,g_okr,0.9988213103574076,0.959356784575064,1.0367672072428855,30,0;1;2;3;4;5;6;7;8;9;10;11;12;13;14;15;16;17;18;19;20;21;22;23;24;25;26;27;28;29
A,18.080000000000002,g_okr,0.9991394917228047,0.95965496499581,1.0372068376379229,30,0;1;2;3;4;5;6;7;8;9;10;11;12;13;14;15;16;17;18;19;20;21;22;23;24;25;26;27;28;29
A,18.09,g_okr,0.999455567291457,0.9599525707509877,1.0376442447095364,30,0;1;2;3;4;5;6;7;8;9;10;11;12;13;14;15;16;17;18;19;20;21;22;23;24;25;26;27;28;29
A,18.1,g_okr,0.9997684109353889,0.9602445998063855,1.03807780210229,30,0;1;2;3;4;5;6;7;8;9;10;11;12;13;14;15;16;17;18;19;20;21;22;23;24;25;26;27;28;29
A,18.11,g_okr,1.000077756246692,0.9605358605029461,1.0384985362923964,30,0;1;2;3;4;5;6;7;8;9;10;11;12;13;14;15;16;17;18;19;20;21;22;23;24;25;26;27;28;29
A,18.12,g_okr,1.0003839909675747,0.9608233126207965,1.0389096151916137,30,0;1;2;3;4;5;6;7;8;9;10;11;12;13;14;15;16;17;18;19;20;21;22;23;24;25;26;27;28;29
A,18.13,g_okr,1.0006856937941393,0.9611094655357019,1.0393091406788797,30,0;1;2;3;4;5;6;7;8;9;10;11;12;13;14;15;16;17;18;19;20;21;22;23;24;25;26;27;28;29
A,18.14,g_okr,1.0009840223873885,0.9613940522924722,1.0396925582090686,30,0;1;2;3;4;5;6;7;8;9;10;11;12;13;14;15;16;17;18;19;20;21;22;23;24;25;26;27;28;29
A,18.150000000000002,g_okr,1.001279029241004,0.9616754497140816,1.0400666672176981,30,0;1;2;3;4;5;6;7;8;9;10;11;12;13;14;15;16;17;18;19;20;21;22;23;24;25;26;27;28;29
A,18.16,g_okr,1.001569649259077,0.9619520169919777,1.0404309746841933,30,0;1;2;3;4;5;6;7;8;9;10;11;12;13;14;15;16;17;18;19;20;21;22;23;24;25;26;27;28;29
A,18.17,g_okr,1.001856280566917,0.9622263320570772,1.0407854541757986,30,0;1;2;3;4;5;6;7;8;9;10;11;12;13;14;15;16;17;18;19;20;21;22;23;24;25;26;27;28;29
A,18.18,g_okr,1.0021381309843729,0.962498975685442,1.041130024830041,30,0;1;2;3;4;5;6;7;8;9;10;11;12;13;14;15;16;17;18;19;20;21;22;23;24;25;26;27;28;29
A,18.19,g_okr,1.002416076265703,0.9627678566039335,1.0414677706413131,30,0;1;2;3;4;5;6;7;8;9;10;11;12;13;14;15;16;17;18;19;20;21;22;23;24;25;26;27;28;29
A,18.2,g_okr,1.002689443143523,0.9630331129174313,1.0417964544199523,30,0;1;2;3;4;5;6;7;8;9;10;11;12;13;14;15;16;17;18;19;20;21;22;23;24;25;26;27;28;29
A,18.21,g_okr,1.0029583289787805,0.9632965059378271,1.0421159566290699,30,0;1;2;3;4;5;6;7;8;9;10;11;12;13;14;15;16;17;18;19;20;21;22;23;24;25;26;27;28;29
A,18.22,g_okr,1.003222383760996,0.9635567711794879,1.0424268628707762,30,0;1;2;3;4;5;6;7;8;9;10;11;12;13;14;15;16;17;18;19;20;21;22;23;24;25;26;27;28;29
A,18.23,g_okr,1.0034817570975063,0.963812881533353,1.042728661941457,30,0;1;2;3;4;5;6;7;8;9;10;11;12;13;14;15;16;17;18;19;20;21;22;23;24;25;26;27;28;29
A,18.240000000000002,g_okr,1.003736414388814,0.9640667037700204,1.0430237151908972,30,0;1;2;3;4;5;6;7;8;9;10;11;12;13;14;15;16;17;18;19;20;21;22;23;24;25;26;27;28;29
A,18.25,g_okr,1.0039862016322212,0.9643149917312716,1.0433077152686,30,0;1;2;3;4;5;6;7;8;9;10;11;12;13;14;15;16;17;18;19;20;21;22;23;24;25;26;27;28;29
A,18.26,g_okr,1.0042315208698522,0.9645557908728861,1.0435775826744491,30,0;1;2;3;4;5;6;7;8;9;10;11;12;13;14;15;16;17;18;19;20;21;22;23;24;25;26;27;28;29
A,18.27,g_okr,1.0044718505147587,0.9647931214302633,1.0438361594933414,30,0;1;2;3;4;5;6;7;8;9;10;11;12;13;14;15;16;17;18;19;20;21;22;23;24;25;26;27;28;29
A,18.28,g_okr,1.0047073682333743,0.9650251833367604,1.044083662329049,30,0;1;2;3;4;5;6;7;8;9;10;11;12;13;14;15;16;17;18;19;20;21;22;23;24;25;26;27;28;29
A,18.29,g_okr,1.0049379420283868,0.9652548023462479,1.0443199714561588,30,0;1;2;3;4;5;6;7;8;9;10;11;12;13;14;15;16;17;18;19;20;21;22;23;24;25;26;27;28;29
A,18.3,g_okr,1.0051626577776773,0.9654790629916516,1.0445438094813926,30,0;1;2;3;4;5;6;7;8;9;10;11;12;13;14;15;16;17;18;19;20;21;22;23;24;25;26;27;28;29
A,18.31,g_okr,1.0053822217996833,0.9656986156341487,1.0447546400050536,30,0;1;2;3;4;5;6;7;8;9;10;11;12;13;14;15;16;17;18;19;20;21;22;23;24;25;26;27;28;29
A,18.32,g_okr,1.0055959719186034,0.9659155250227164,1.0449566737370546,30,0;1;2;3;4;5;6;7;8;9;10;11;12;13;14;15;16;17;18;19;20;21;22;23;24;25;26;27;28;29
A,18.330000000000002,g_okr,1.0058029258748642,0.9661227856409358,1.0451474025815508,30,0;1;2;3;4;5;6;7;8;9;10;11;12;13;14;15;16;17;18;19;20;21;22;23;24;25;26;27;28;29
A,18.34,g_okr,1.006004167765023,0.9663218395326187,1.0453283187883886,30,0;1;2;3;4;5;6;7;8;9;10;11;12;13;14;15;16;17;18;19;20;21;22;23;24;25;26;27;28;29
A,18.35,g_okr,1.006199447149086,0.9665179301636185,1.0454979410823748,30,0;1;2;3;4;5;6;7;8;9;10;11;12;13;14;15;16;17;18;19;20;21;22;23;24;25;26;27;28;29
A,18.36,g_okr,1.0063889361736664,0.9667085267912865,1.0456535408134702,30,0;1;2;3;4;5;6;7;8;9;10;11;12;13;14;15;16;17;18;19;20;21;22;23;24;25;26;27;28;29
A,18.37,g_okr,1.006572016631698,0.9668928333332422,1.0458013560594768,30,0;1;2;3;4;5;6;7;8;9;10;11;12;13;14;15;16;17;18;19;20;21;22;23;24;25;26;27;28;29
A,18.38,g_okr,1.0067489264589244,0.9670687870405466,1.0459417708667453,30,0;1;2;3;4;5;6;7;8;9;10;11;12;13;14;15;16;17;18;19;20;21;22;23;24;25;26;27;28;29
A,18.39,g_okr,1.0069186529157217,0.9672365702565587,1.046073799860455,30,0;1;2;3;4;5;6;7;8;9;10;11;12;13;14;15;16;17;18;19;20;21;22;23;24;25;26;27;28;29
A,18.400000000000002,g_okr,1.0070820180094548,0.9674020097812944,1.0462005063339261,30,0;1;2;3;4;5;6;7;8;9;10;11;12;13;14;15;16;17;18;19;20;21;22;23;24;25;26;27;28;29
A,18.41,g_okr,1.0072392453119714,0.9675636748541167,1.0463226124081304,30,0;1;2;3;4;5;6;7;8;9;10;11;12;13;14;15;16;17;18;19;20;21;22;23;24;25;26;27;28;29
A,18.42,g_okr,1.007389999311784,0.9677189812088367,1.0464310189116848,30,0;1;2;3;4;5;6;7;8;9;10;11;12;13;14;15;16;17;18;19;20;21;22;23;24;25;26;27;28;29
A,18.43,g_okr,1.0075345112279832,0.9678664639408147,1.0465328554836242,30,0;1;2;3;4;5;6;7;8;9;10;11;12;13;14;15;16;17;18;19;20;21;22;23;24;25;26;27;28;29
A,18.44,g_okr,1.007672567820349,0.9680044853912333,1.0466250680767546,30,0;1;2;3;4;5;6;7;8;9;10;11;12;13;14;15;16;17;18;19;20;21;22;23;24;25;26;27;28;29
A,18.45,g_okr,1.0078046233197682,0.9681368672867793,1.0467086218560204,30,0;1;2;3;4;5;6;7;8;9;10;11;12;13;14;15;16;17;18;19;20;21;22;23;24;25;26;27;28;29
A,18.46,g_okr,1.0079306778140449,0.9682613286328836,1.0467790924108307,30,0;1;2;3;4;5;6;7;8;9;10;11;12;13;14;15;16;17;18;19;20;21;22;23;24;25;26;27;28;29
A,18.47,g_okr,1.0080503368911031,0.968378337001555,1.0468419059114955,30,0;1;2;3;4;5;6;7;8;9;10;11;12;13;14;15;16;17;18;19;20;21;22;23;24;25;26;27;28;29
A,18.48,g_okr,1.0081648684878395,0.9684901685708418,1.0468979043581454,30,0;1;2;3;4;5;6;7;8;9;10;11;12;13;14;15;16;17;18;19;20;21;22;23;24;25;26;27;28;29
A,18.490000000000002,g_okr,1.0082729790929321,0.9685952623109028,1.0469454030988494,30,0;1;2;3;4;5;6;7;8;9;10;11;12;13;14;15;16;17;18;19;20;21;22;23;24;25;26;27;28;29
A,18.5,g_okr,1.0083750242137068,0.9686928753264957,1.0469845046701876,30,0;1;2;3;4;5;6;7;8;9;10;11;12;13;14;15;16;17;18;19;20;21;22;23;24;25;26;27;28;29
A,18.51,g_okr,1.0084711582910126,0.9687838067959376,1.0470185022755434,30,0;1;2;3;4;5;6;7;8;9;10;11;12;13;14;15;16;17;18;19;20;21;22;23;24;25;26;27;28;29
A,18.52,g_okr,1.0085622736119793,0.968868503297835,1.0470455802687428,30,0;1;2;3;4;5;6;7;8;9;10;11;12;13;14;15;16;17;18;19;20;21;22;23;24;25;26;27;28;29
A,18.53,g_okr,1.0086458436956292,0.9689433974262684,1.0470606366900896,30,0;1;2;3;4;5;6;7;8;9;10;11;12;13;14;15;16;17;18;19;20;21;22;23;24;25;26;27;28;29
A,18.54,g_okr,1.0087223493977568,0.9690118042827075,1.0470661390386373,30,0;1;2;3;4;5;6;7;8;9;10;11;12;13;14;15;16;17;18;19;20;21;22;23;24;25;26;27;28;29
A,18.55,g_okr,1.0087921689322559,0.9690728776159737,1.047065317704197,30,0;1;2;3;4;5;6;7;8;9;10;11;12;13;14;15;16;17;18;19;20;21;22;23;24;25;26;27;28;29
A,18.56,g_okr,1.0088548306956189,0.96912535865831,1.0470950357826583,30,0;1;2;3;4;5;6;7;8;9;10;11;12;13;14;15;16;17;18;19;20;21;22;23;24;25;26;27;28;29
A,18.57,g_okr,1.0089106261589762,0.969172510641018,1.0472266308484524,30,0;1;2;3;4;5;6;7;8;9;10;11;12;13;14;15;16;17;18;19;20;21;22;23;24;25;26;27;28;29
A,18.580000000000002,g_okr,1.008960119006148,0.9692145546647261,1.0473487829277004,30,0;1;2;3;4;5;6;7;8;9;10;11;12;13;14;15;16;17;18;19;20;21;22;23;24;25;26;27;28;29
A,18.59,g_okr,1.0090045559029106,0.9692488077332198,1.0474605848487366,30,0;1;2;3;4;5;6;7;8;9;10;11;12;13;14;15;16;17;18;19;20;21;22;23;24;25;26;27;28;29
A,18.6,g_okr,1.0090441572496085,0.969274071357681,1.0475554884280653,30,0;1;2;3;4;5;6;7;8;9;10;11;12;13;14;15;16;17;18;19;20;21;22;23;24;25;26;27;28;29
A,18.61,g_okr,1.0090802621992676,0.9692898680439127,1.047634436356207,30,0;1;2;3;4;5;6;7;8;9;10;11;12;13;14;15;16;17;18;19;20;21;22;23;24;25;26;27;28;29
A,18.62,g_okr,1.0091140541659198,0.9693004324050348,1.0477028232883971,30,0;1;2;3;4;5;6;7;8;9;10;11;12;13;14;15;16;17;18;19;20;21;22;23;24;25;26;27;28;29
A,18.63,g_okr,1.0091440113357075,0.9693059482802341,1.0477585584299907,30,0;1;2;3;4;5;6;7;8;9;10;11;12;13;14;15;16;17;18;19;20;21;22;23;24;25;26;27;28;29
A,18.64,g_okr,1.009170292050189,0.9693049650866297,1.047804498818244,30,0;1;2;3;4;5;6;7;8;9;10;11;12;13;14;15;16;17;18;19;20;21;22;23;24;25;26;27;28;29
A,18.650000000000002,g_okr,1.0091932547932614,0.9692957263638059,1.0478398430422462,30,0;1;2;3;4;5;6;7;8;9;10;11;12;13;14;15;16;17;18;19;20;21;22;23;24;25;26;27;28;29
A,18.66,g_okr,1.009212994617189,0.9692778836504059,1.0478641443715304,30,0;1;2;3;4;5;6;7;8;9;10;11;12;13;14;15;16;17;18;19;20;21;22;23;24;25;26;27;28;29
A,18.67,g_okr,1.0092343384398403,0.9692541076224042,1.0478772771931473,30,0;1;2;3;4;5;6;7;8;9;10;11;12;13;14;15;16;17;18;19;20;21;22;23;24;25;26;27;28;29
A,18.68,g_okr,1.0092604682901267,0.9692369517083379,1.0478814641204435,30,0;1;2;3;4;5;6;7;8;9;10;11;12;13;14;15;16;17;18;19;20;21;22;23;24;25;26;27;28;29
A,18.69,g_okr,1.0092921356801972,0.9692276286518159,1.0478776263579925,30,0;1;2;3;4;5;6;7;8;9;10;11;12;13;14;15;16;17;18;19;20;21;22;23;24;25;26;27;28;29
A,18.7,g_okr,1.009330270707213,0.9692236353923303,1.04788332049179,30,0;1;2;3;4;5;6;7;8;9;10;11;12;13;14;15;16;17;18;19;20;21;22;23;24;25;26;27;28;29
A,18.71,g_okr,1.009374628251732,0.9692248060836539,1.0479013058227806,30,0;1;2;3;4;5;6;7;8;9;10;11;12;13;14;15;16;17;18;19;20;21;22;23;24;25;26;27;28;29
A,18.72,g_okr,1.0094257626312084,0.9692332186328897,1.0479316034733164,30,0;1;2;3;4;5;6;7;8;9;10;11;12;13;14;15;16;17;18;19;20;21;22;23;24;25;26;27;28;29
A,18.73,g_okr,1.0094838700231759,0.9692502850864948,1.0479781608181158,30,0;1;2;3;4;5;6;7;8;9;10;11;12;13;14;15;16;17;18;19;20;21;22;23;24;25;26;27;28;29
A,18.740000000000002,g_okr,1.0095480733594517,0.9692768564564027,1.0480364381032663,30,0;1;2;3;4;5;6;7;8;9;10;11;12;13;14;15;16;17;18;19;20;21;22;23;24;25;26;27;28;29
A,18.75,g_okr,1.0096177254884529,0.9693088833332091,1.048105451622296,30,0;1;2;3;4;5;6;7;8;9;10;11;12;13;14;15;16;17;18;19;20;21;22;23;24;25;26;27;28;29
A,18.76,g_okr,1.0096929253022044,0.9693479088014657,1.0481839464831793,30,0;1;2;3;4;5;6;7;8;9;10;11;12;13;14;15;16;17;18;19;20;21;22;23;24;25;26;27;28;29
A,18.77,g_okr,1.0097747549882936,0.9693933731178527,1.0482727601806707,30,0;1;2;3;4;5;6;7;8;9;10;11;12;13;14;15;16;17;18;19;20;21;22;23;24;25;26;27;28;29
A,18.78,g_okr,1.0098628449299918,0.9694471300496355,1.0483724551063844,30,0;1;2;3;4;5;6;7;8;9;10;11;12;13;14;15;16;17;18;19;20;21;22;23;24;25;26;27;28;29
A,18.79,g_okr,1.0099572789605498,0.9695065108657036,1.0484824751897217,30,0;1;2;3;4;5;6;7;8;9;10;11;12;13;14;15;16;17;18;19;20;21;22;23;24;25;26;27;28;29
A,18.8,g_okr,1.0100580237743881,0.969574790972179,1.0485991752081538,30,0;1;2;3;4;5;6;7;8;9;10;11;12;13;14;15;16;17;18;19;20;21;22;23;24;25;26;27;28;29
A,18.81,g_okr,1.0101648051811598,0.9696503770305969,1.0487309254747015,30,0;1;2;3;4;5;6;7;8;9;10;11;12;13;14;15;16;17;18;19;20;21;22;23;24;25;26;27;28;29
A,18.82,g_okr,1.0102769933977187,0.9697349459968478,1.0488706207547014,30,0;1;2;3;4;5;6;7;8;9;10;11;12;13;14;15;16;17;18;19;20;21;22;23;24;25;26;27;28;29
A,18.830000000000002,g_okr,1.0103954411205953,0.9698275103662896,1.049022529269739,30,0;1;2;3;4;5;6;7;8;9;10;11;12;13;14;15;16;17;18;19;20;21;22;23;24;25;26;27;28;29
A,18.84,g_okr,1.0105190263328814,0.9699274753441791,1.049181864513228,30,0;1;2;3;4;5;6;7;8;9;10;11;12;13;14;15;16;17;18;19;20;21;22;23;24;25;26;27;28;29
A,18.85,g_okr,1.0106482128796792,0.970035723166374,1.0493521197504223,30,0;1;2;3;4;5;6;7;8;9;10;11;12;13;14;15;16;17;18;19;20;21;22;23;24;25;26;27;28;29
A,18.86,g_okr,1.0107837970871028,0.9701532409530209,1.049532408811664,30,0;1;2;3;4;5;6;7;8;9;10;11;12;13;14;15;16;17;18;19;20;21;22;23;24;25;26;27;28;29
A,18.87,g_okr,1.010926582268844,0.9702785813753609,1.049720118554429,30,0;1;2;3;4;5;6;7;8;9;10;11;12;13;14;15;16;17;18;19;20;21;22;23;24;25;26;27;28;29
A,18.88,g_okr,1.0110763781739815,0.9704145561609702,1.0499163427100138,30,0;1;2;3;4;5;6;7;8;9;10;11;12;13;14;15;16;17;18;19;20;21;22;23;24;25;26;27;28;29
A,18.89,g_okr,1.011234226808757,0.9705596386325863,1.0501194081961511,30,0;1;2;3;4;5;6;7;8;9;10;11;12;13;14;15;16;17;18;19;20;21;22;23;24;25;26;27;28;29
A,18.900000000000002,g_okr,1.0113993281458344,0.9707172877642074,1.0503310467705573,30,0;1;2;3;4;5;6;7;8;9;10;11;12;13;14;15;16;17;18;19;20;21;22;23;24;25;26;27;28;29
A,18.91,g_okr,1.0115707399492178,0.9708803269115986,1.0505517832054851,30,0;1;2;3;4;5;6;7;8;9;10;11;12;13;14;15;16;17;18;19;20;21;22;23;24;25;26;27;28;29
A,18.92,g_okr,1.0117491705696284,0.971053537382561,1.0507827438398938,30,0;1;2;3;4;5;6;7;8;9;10;11;12;13;14;15;16;17;18;19;20;21;22;23;24;25;26;27;28;29
A,18.93,g_okr,1.0119350828384506,0.971239448579924,1.0510187495545302,30,0;1;2;3;4;5;6;7;8;9;10;11;12;13;14;15;16;17;18;19;20;21;22;23;24;25;26;27;28;29
A,18.94,g_okr,1.0121275824143336,0.9714347285003472,1.0512627134616217,30,0;1;2;3;4;5;6;7;8;9;10;11;12;13;14;15;16;17;18;19;20;21;22;23;24;25;26;27;28;29
A,18.95,g_okr,1.0123265263783625,0.9716373161544335,1.0515136041964916,30,0;1;2;3;4;5;6;7;8;9;10;11;12;13;14;15;16;17;18;19;20;21;22;23;24;25;26;27;28;29
A,18.96,g_okr,1.0125331759944318,0.9718484064842784,1.0517719321020123,30,0;1;2;3;4;5;6;7;8;9;10;11;12;13;14;15;16;17;18;19;20;21;22;23;24;25;26;27;28;29
A,18.97,g_okr,1.0127463363064308,0.9720621253824963,1.0520370845123417,30,0;1;2;3;4;5;6;7;8;9;10;11;12;13;14;15;16;17;18;19;20;21;22;23;24;25;26;27;28;29
A,18.98,g_okr,1.0129661140897572,0.9722829596027238,1.05231095925986,30,0;1;2;3;4;5;6;7;8;9;10;11;12;13;14;15;16;17;18;19;20;21;22;23;24;25;26;27;28;29
A,18.990000000000002,g_okr,1.0131917850360863,0.9725091927256261,1.0525908853836035,30,0;1;2;3;4;5;6;7;8;9;10;11;12;13;14;15;16;17;18;19;20;21;22;23;24;25;26;27;28;29
A,19.0,g_okr,1.0134238863556624,0.9727404519097238,1.0528773000186409,30,0;1;2;3;4;5;6;7;8;9;10;11;12;13;14;15;16;17;18;19;20;21;22;23;24;25;26;27;28;29
A,19.01,g_okr,1.0136625532691417,0.9729788381689078,1.053169837013524,30,0;1;2;3;4;5;6;7;8;9;10;11;12;13;14;15;16;17;18;19;20;21;22;23;24;25;26;27;28;29
A,19.02,g_okr,1.013907989008081,0.9732230096023161,1.0534687576683848,30,0;1;2;3;4;5;6;7;8;9;10;11;12;13;14;15;16;17;18;19;20;21;22;23;24;25;26;27;28;29
A,19.03,g_okr,1.0141590982697803,0.973472712227782,1.053768146500179,30,0;1;2;3;4;5;6;7;8;9;10;11;12;13;14;15;16;17;18;19;20;21;22;23;24;25;26;27;28;29
A,19.04,g_okr,1.0144157828009455,0.9737282201807216,1.0540718441330565,30,0;1;2;3;4;5;6;7;8;9;10;11;12;13;14;15;16;17;18;19;20;21;22;23;24;25;26;27;28;29
A,19.05,g_okr,1.014678658499837,0.973991890841355,1.0543784551743307,30,0;1;2;3;4;5;6;7;8;9;10;11;12;13;14;15;16;17;18;19;20;21;22;23;24;25;26;27;28;29
A,19.06,g_okr,1.014947589739452,0.9742595366318051,1.0546892761327638,30,0;1;2;3;4;5;6;7;8;9;10;11;12;13;14;15;16;17;18;19;20;21;22;23;24;25;26;27;28;29
A,19.07,g_okr,1.0152232724375307,0.9745365941187053,1.055005790677674,30,0;1;2;3;4;5;6;7;8;9;10;11;12;13;14;15;16;17;18;19;20;21;22;23;24;25;26;27;28;29
A,19.080000000000002,g_okr,1.0155050333502775,0.9748225963046223,1.0553287136821283,30,0;1;2;3;4;5;6;7;8;9;10;11;12;13;14;15;16;17;18;19;20;21;22;23;24;25;26;27;28;29
A,19.09,g_okr,1.0157928271558965,0.9751106518007927,1.055658507276932,30,0;1;2;3;4;5;6;7;8;9;10;11;12;13;14;15;16;17;18;19;20;21;22;23;24;25;26;27;28;29
A,19.1,g_okr,1.0160864137587222,0.9754050436048924,1.0559921550629134,30,0;1;2;3;4;5;6;7;8;9;10;11;12;13;14;15;16;17;18;19;20;21;22;23;24;25;26;27;28;29
A,19.11,g_okr,1.0163863993057816,0.9757046047962281,1.0563317166841557,30,0;1;2;3;4;5;6;7;8;9;10;11;12;13;14;15;16;17;18;19;20;21;22;23;24;25;26;27;28;29
A,19.12,g_okr,1.0166926427908756,0.9760079493878895,1.0566757238197175,30,0;1;2;3;4;5;6;7;8;9;10;11;12;13;14;15;16;17;18;19;20;21;22;23;24;25;26;27;28;29
A,19.13,g_okr,1.0170046525433294,0.9763151132985678,1.0570276673733334,30,0;1;2;3;4;5;6;7;8;9;10;11;12;13;14;15;16;17;18;19;20;21;22;23;24;25;26;27;28;29
A,19.14,g_okr,1.0173229772243741,0.9766255216234326,1.0573838270033376,30,0;1;2;3;4;5;6;7;8;9;10;11;12;13;14;15;16;17;18;19;20;21;22;23;24;25;26;27;28;29
A,19.150000000000002,g_okr,1.0176473855898305,0.9769436802020318,1.057745231554548,30,0;1;2;3;4;5;6;7;8;9;10;11;12;13;14;15;16;17;18;19;20;21;22;23;24;25;26;27;28;29
A,19.16,g_okr,1.0179783578066917,0.9772685439582942,1.0581098046675568,30,0;1;2;3;4;5;6;7;8;9;10;11;12;13;14;15;16;17;18;19;20;21;22;23;24;25;26;27;28;29
A,19.17,g_okr,1.0183149146495496,0.9775961802012095,1.0584803803289862,30,0;1;2;3;4;5;6;7;8;9;10;11;12;13;14;15;16;17;18;19;20;21;22;23;24;25;26;27;28;29
A,19.18,g_okr,1.018657652511664,0.9779329716970763,1.0588548877443011,30,0;1;2;3;4;5;6;7;8;9;10;11;12;13;14;15;16;17;18;19;20;21;22;23;24;25;26;27;28;29
A,19.19,g_okr,1.0190056453027965,0.9782753503376317,1.0592321133584193,30,0;1;2;3;4;5;6;7;8;9;10;11;12;13;14;15;16;17;18;19;20;21;22;23;24;25;26;27;28;29
A,19.2,g_okr,1.0193593562795131,0.9786240391924272,1.0596123367492307,30,0;1;2;3;4;5;6;7;8;9;10;11;12;13;14;15;16;17;18;19;20;21;22;23;24;25;26;27;28;29
A,19.21,g_okr,1.0197164905592275,0.9789752111956797,1.0599957069141954,30,0;1;2;3;4;5;6;7;8;9;10;11;12;13;14;15;16;17;18;19;20;21;22;23;24;25;26;27;28;29
A,19.22,g_okr,1.0200776508070557,0.9793333544344385,1.0603820784153064,30,0;1;2;3;4;5;6;7;8;9;10;11;12;13;14;15;16;17;18;19;20;21;22;23;24;25;26;27;28;29
A,19.23,g_okr,1.020443440535985,0.9796948260934112,1.060770323852335,30,0;1;2;3;4;5;6;7;8;9;10;11;12;13;14;15;16;17;18;19;20;21;22;23;24;25;26;27;28;29
A,19.240000000000002,g_okr,1.020813495575775,0.9800613605192019,1.0611617558061628,30,0;1;2;3;4;5;6;7;8;9;10;11;12;13;14;15;16;17;18;19;20;21;22;23;24;25;26;27;28;29
A,19.25,g_okr,1.0211876520171164,0.9803305948478098,1.0615550921492174,30,0;1;2;3;4;5;6;7;8;9;10;11;12;13;14;15;16;17;18;19;20;21;22;23;24;25;26;27;28;29
A,19.26,g_okr,1.0215654130155065,0.9805501111561339,1.0619492608970134,30,0;1;2;3;4;5;6;7;8;9;10;11;12;13;14;15;16;17;18;19;20;21;22;23;24;25;26;27;28;29
A,19.27,g_okr,1.0219468956942646,0.9807720104659421,1.0623482955100734,30,0;1;2;3;4;5;6;7;8;9;10;11;12;13;14;15;16;17;18;19;20;21;22;23;24;25;26;27;28;29
A,19.28,g_okr,1.0223323935937783,0.9809996940077927,1.062747492174278,30,0;1;2;3;4;5;6;7;8;9;10;11;12;13;14;15;16;17;18;19;20;21;22;23;24;25;26;27;28;29
A,19.29,g_okr,1.0227205271300883,0.9812300303265208,1.06314822959567,30,0;1;2;3;4;5;6;7;8;9;10;11;12;13;14;15;16;17;18;19;20;21;22;23;24;25;26;27;28;29
A,19.3,g_okr,1.0231095848860674,0.9814639512703881,1.0635461356895772,30,0;1;2;3;4;5;6;7;8;9;10;11;12;13;14;15;16;17;18;19;20;21;22;23;24;25;26;27;28;29
A,19.31,g_okr,1.0234999752235545,0.9817004013740899,1.063942489949047,30,0;1;2;3;4;5;6;7;8;9;10;11;12;13;14;15;16;17;18;19;20;21;22;23;24;25;26;27;28;29
A,19.32,g_okr,1.0238926147756067,0.9819394448686288,1.0643377563305025,30,0;1;2;3;4;5;6;7;8;9;10;11;12;13;14;15;16;17;18;19;20;21;22;23;24;25;26;27;28;29
A,19.330000000000002,g_okr,1.0242876371916578,0.9821836587931605,1.0647298785435628,30,0;1;2;3;4;5;6;7;8;9;10;11;12;13;14;15;16;17;18;19;20;21;22;23;24;25;26;27;28;29
A,19.34,g_okr,1.0246834666674625,0.9824287319040388,1.0651192266618774,30,0;1;2;3;4;5;6;7;8;9;10;11;12;13;14;15;16;17;18;19;20;21;22;23;24;25;26;27;28;29
A,19.35,g_okr,1.0250790960976794,0.9826782663297521,1.0655042314588583,30,0;1;2;3;4;5;6;7;8;9;10;11;12;13;14;15;16;17;18;19;20;21;22;23;24;25;26;27;28;29
A,19.36,g_okr,1.0254750906057908,0.9829288789605378,1.0658862741895803,30,0;1;2;3;4;5;6;7;8;9;10;11;12;13;14;15;16;17;18;19;20;21;22;23;24;25;26;27;28;29
A,19.37,g_okr,1.0258717922034706,0.9831839362364729,1.066267771994214,30,0;1;2;3;4;5;6;7;8;9;10;11;12;13;14;15;16;17;18;19;20;21;22;23;24;25;26;27;28;29
A,19.38,g_okr,1.0262701382703834,0.9834432268196736,1.0666507114212596,30,0;1;2;3;4;5;6;7;8;9;10;11;12;13;14;15;16;17;18;19;20;21;22;23;24;25;26;27;28;29
A,19.39,g_okr,1.0266684341144645,0.983704010360776,1.0670325447684739,30,0;1;2;3;4;5;6;7;8;9;10;11;12;13;14;15;16;17;18;19;20;21;22;23;24;25;26;27;28;29
A,19.400000000000002,g_okr,1.0270673037660203,0.9839675533212909,1.0674138147039107,30,0;1;2;3;4;5;6;7;8;9;10;11;12;13;14;15;16;17;18;19;20;21;22;23;24;25;26;27;28;29
A,19.41,g_okr,1.0274662284072398,0.9842313313154211,1.0677936866183375,30,0;1;2;3;4;5;6;7;8;9;10;11;12;13;14;15;16;17;18;19;20;21;22;23;24;25;26;27;28;29
A,19.42,g_okr,1.0278656936295123,0.9844979872774909,1.068173710867242,30,0;1;2;3;4;5;6;7;8;9;10;11;12;13;14;15;16;17;18;19;20;21;22;23;24;25;26;27;28;29
A,19.43,g_okr,1.0282650828503923,0.984768245169616,1.0685499787432207,30,0;1;2;3;4;5;6;7;8;9;10;11;12;13;14;15;16;17;18;19;20;21;22;23;24;25;26;27;28;29
A,19.44,g_okr,1.0286638723524333,0.9850379913417044,1.0689267179582316,30,0;1;2;3;4;5;6;7;8;9;10;11;12;13;14;15;16;17;18;19;20;21;22;23;24;25;26;27;28;29
A,19.45,g_okr,1.029062792930988,0.9853099731456052,1.069304909961529,30,0;1;2;3;4;5;6;7;8;9;10;11;12;13;14;15;16;17;18;19;20;21;22;23;24;25;26;27;28;29
A,19.46,g_okr,1.0294612715279856,0.9855835504297321,1.0696824898297368,30,0;1;2;3;4;5;6;7;8;9;10;11;12;13;14;15;16;17;18;19;20;21;22;23;24;25;26;27;28;29
A,19.47,g_okr,1.0298590984297396,0.985857865979919,1.0700566279071368,30,0;1;2;3;4;5;6;7;8;9;10;11;12;13;14;15;16;17;18;19;20;21;22;23;24;25;26;27;28;29
A,19.48,g_okr,1.0302566276786427,0.9861342143656713,1.0704343219991868,30,0;1;2;3;4;5;6;7;8;9;10;11;12;13;14;15;16;17;18;19;20;21;22;23;24;25;26;27;28;29
A,19.490000000000002,g_okr,1.0306528675116182,0.9864103041799723,1.0708084499028274,30,0;1;2;3;4;5;6;7;8;9;10;11;12;13;14;15;16;17;18;19;20;21;22;23;24;25;26;27;28;29
A,19.5,g_okr,1.0310485484493193,0.9866900662241987,1.0711830088504015,30,0;1;2;3;4;5;6;7;8;9;10;11;12;13;14;15;16;17;18;19;20;21;22;23;24;25;26;27;28;29
A,19.51,g_okr,1.031442792582328,0.9869695062204223,1.071560818864422,30,0;1;2;3;4;5;6;7;8;9;10;11;12;13;14;15;16;17;18;19;20;21;22;23;24;25;26;27;28;29
A,19.52,g_okr,1.0318346481318763,0.9872472856605783,1.071936432085889,30,0;1;2;3;4;5;6;7;8;9;10;11;12;13;14;15;16;17;18;19;20;21;22;23;24;25;26;27;28;29
A,19.53,g_okr,1.0322241219480977,0.9875291349946048,1.072280850689912,30,0;1;2;3;4;5;6;7;8;9;10;11;12;13;14;15;16;17;18;19;20;21;22;23;24;25;26;27;28;29
A,19.54,g_okr,1.0326112415991429,0.9878122288592713,1.0725815015783784,30,0;1;2;3;4;5;6;7;8;9;10;11;12;13;14;15;16;17;18;19;20;21;22;23;24;25;26;27;28;29
A,19.55,g_okr,1.0329957461303063,0.9880944478992958,1.0728776837372413,30,0;1;2;3;4;5;6;7;8;9;10;11;12;13;14;15;16;17;18;19;20;21;22;23;24;25;26;27;28;29
A,19.56,g_okr,1.033377535340579,0.988375841801886,1.073172618124788,30,0;1;2;3;4;5;6;7;8;9;10;11;12;13;14;15;16;17;18;19;20;21;22;23;24;25;26;27;28;29
A,19.57,g_okr,1.033756322871138,0.988654808313131,1.0734631097342768,30,0;1;2;3;4;5;6;7;8;9;10;11;12;13;14;15;16;17;18;19;20;21;22;23;24;25;26;27;28;29
A,19.580000000000002,g_okr,1.03413348578856,0.9889460746452553,1.073751785923215,30,0;1;2;3;4;5;6;7;8;9;10;11;12;13;14;15;16;17;18;19;20;21;22;23;24;25;26;27;28;29
A,19.59,g_okr,1.0345088173858834,0.9892438728057216,1.0740384213469734,30,0;1;2;3;4;5;6;7;8;9;10;11;12;13;14;15;16;17;18;19;20;21;22;23;24;25;26;27;28;29
A,19.6,g_okr,1.034882082404956,0.9895468072662701,1.0743256968113655,30,0;1;2;3;4;5;6;7;8;9;10;11;12;13;14;15;16;17;18;19;20;21;22;23;24;25;26;27;28;29
A,19.61,g_okr,1.0352539449029907,0.9898589800614134,1.07460986161578,30,0;1;2;3;4;5;6;7;8;9;10;11;12;13;14;15;16;17;18;19;20;21;22;23;24;25;26;27;28;29
A,19.62,g_okr,1.0356226716968104,0.9901749090546702,1.074889410782344,30,0;1;2;3;4;5;6;7;8;9;10;11;12;13;14;15;16;17;18;19;20;21;22;23;24;25;26;27;28;29
A,19.63,g_okr,1.0359897646983847,0.9905404276983779,1.0751638651190616,30,0;1;2;3;4;5;6;7;8;9;10;11;12;13;14;15;16;17;18;19;20;21;22;23;24;25;26;27;28;29
A,19.64,g_okr,1.0363544485281133,0.9909052643401247,1.075436262490298,30,0;1;2;3;4;5;6;7;8;9;10;11;12;13;14;15;16;17;18;19;20;21;22;23;24;25;26;27;28;29
A,19.650000000000002,g_okr,1.0367161159936116,0.9912703207232316,1.0757055797686323,30,0;1;2;3;4;5;6;7;8;9;10;11;12;13;14;15;16;17;18;19;20;21;22;23;24;25;26;27;28;29
A,19.66,g_okr,1.0370747264493714,0.9916335050013675,1.0759707573334536,30,0;1;2;3;4;5;6;7;8;9;10;11;12;13;14;15;16;17;18;19;20;21;22;23;24;25;26;27;28;29
A,19.67,g_okr,1.0374309645134314,0.9919954988837661,1.0762317145498217,30,0;1;2;3;4;5;6;7;8;9;10;11;12;13;14;15;16;17;18;19;20;21;22;23;24;25;26;27;28;29
A,19.68,g_okr,1.0377848963950336,0.9923604404649512,1.07658258883035,30,0;1;2;3;4;5;6;7;8;9;10;11;12;13;14;15;16;17;18;19;20;21;22;23;24;25;26;27;28;29
A,19.69,g_okr,1.0381364301277205,0.9927205675272945,1.0769497862924937,30,0;1;2;3;4;5;6;7;8;9;10;11;12;13;14;15;16;17;18;19;20;21;22;23;24;25;26;27;28;29
A,19.7,g_okr,1.0384853955614959,0.993081306197373,1.0773111839216822,30,0;1;2;3;4;5;6;7;8;9;10;11;12;13;14;15;16;17;18;19;20;21;22;23;24;25;26;27;28;29
A,19.71,g_okr,1.0388307966727188,0.993438235861,1.0776682114950071,30,0;1;2;3;4;5;6;7;8;9;10;11;12;13;14;15;16;17;18;19;20;21;22;23;24;25;26;27;28;29
A,19.72,g_okr,1.0391723269454347,0.9937915432390519,1.0780227376634584,30,0;1;2;3;4;5;6;7;8;9;10;11;12;13;14;15;16;17;18;19;20;21;22;23;24;25;26;27;28;29
A,19.73,g_okr,1.039509863375606,0.9941389963945946,1.0783729095064585,30,0;1;2;3;4;5;6;7;8;9;10;11;12;13;14;15;16;17;18;19;20;21;22;23;24;25;26;27;28;29
A,19.740000000000002,g_okr,1.0398437112566716,0.9944840871279548,1.0787196246316388,30,0;1;2;3;4;5;6;7;8;9;10;11;12;13;14;15;16;17;18;19;20;21;22;23;24;25;26;27;28;29
A,19.75,g_okr,1.040173657194404,0.9948230442780308,1.079064267532279,30,0;1;2;3;4;5;6;7;8;9;10;11;12;13;14;15;16;17;18;19;20;21;22;23;24;25;26;27;28;29
A,19.76,g_okr,1.0404994267748895,0.9951551414601878,1.0794054408597062,30,0;1;2;3;4;5;6;7;8;9;10;11;12;13;14;15;16;17;18;19;20;21;22;23;24;25;26;27;28;29
A,19.77,g_okr,1.040820679590215,0.9954866813562933,1.0797413001210416,30,0;1;2;3;4;5;6;7;8;9;10;11;12;13;14;15;16;17;18;19;20;21;22;23;24;25;26;27;28;29
A,19.78,g_okr,1.0411382379218932,0.9958130454378036,1.0800725198937082,30,0;1;2;3;4;5;6;7;8;9;10;11;12;13;14;15;16;17;18;19;20;21;22;23;24;25;26;27;28;29
A,19.79,g_okr,1.0414514327947912,0.9961341522710901,1.0804011126740016,30,0;1;2;3;4;5;6;7;8;9;10;11;12;13;14;15;16;17;18;19;20;21;22;23;24;25;26;27;28;29
A,19.8,g_okr,1.0417602274022975,0.9964530090199399,1.0807250544399978,30,0;1;2;3;4;5;6;7;8;9;10;11;12;13;14;15;16;17;18;19;20;21;22;23;24;25;26;27;28;29
A,19.81,g_okr,1.0420636076378342,0.9967666282764421,1.0810435954443616,30,0;1;2;3;4;5;6;7;8;9;10;11;12;13;14;15;16;17;18;19;20;21;22;23;24;25;26;27;28;29
A,19.82,g_okr,1.0423620677227279,0.9970752317595204,1.0813555588212376,30,0;1;2;3;4;5;6;7;8;9;10;11;12;13;14;15;16;17;18;19;20;21;22;23;24;25;26;27;28;29
A,19.830000000000002,g_okr,1.042655326072865,0.9973785570298643,1.0816597329508584,30,0;1;2;3;4;5;6;7;8;9;10;11;12;13;14;15;16;17;18;19;20;21;22;23;24;25;26;27;28;29
A,19.84,g_okr,1.0429441053197934,0.997680922457003,1.0819656681146255,30,0;1;2;3;4;5;6;7;8;9;10;11;12;13;14;15;16;17;18;19;20;21;22;23;24;25;26;27;28;29
A,19.85,g_okr,1.0432279796411554,0.9979705545018458,1.0822639183792377,30,0;1;2;3;4;5;6;7;8;9;10;11;12;13;14;15;16;17;18;19;20;21;22;23;24;25;26;27;28;29
A,19.86,g_okr,1.0435077141095317,0.9981565619371076,1.082556169710545,30,0;1;2;3;4;5;6;7;8;9;10;11;12;13;14;15;16;17;18;19;20;21;22;23;24;25;26;27;28;29
A,19.87,g_okr,1.043781920208471,0.9983357531156447,1.0828402182934305,30,0;1;2;3;4;5;6;7;8;9;10;11;12;13;14;15;16;17;18;19;20;21;22;23;24;25;26;27;28;29
A,19.88,g_okr,1.0440503968487889,0.9985053515895208,1.0831181590157524,30,0;1;2;3;4;5;6;7;8;9;10;11;12;13;14;15;16;17;18;19;20;21;22;23;24;25;26;27;28;29
A,19.89,g_okr,1.0443121091854126,0.9987205578363937,1.0833899053277645,30,0;1;2;3;4;5;6;7;8;9;10;11;12;13;14;15;16;17;18;19;20;21;22;23;24;25;26;27;28;29
A,19.900000000000002,g_okr,1.0445681868488677,0.9989603128304491,1.0836566043131668,30,0;1;2;3;4;5;6;7;8;9;10;11;12;13;14;15;16;17;18;19;20;21;22;23;24;25;26;27;28;29
A,19.91,g_okr,1.0448182392509884,0.9991990795644372,1.083915418694197,30,0;1;2;3;4;5;6;7;8;9;10;11;12;13;14;15;16;17;18;19;20;21;22;23;24;25;26;27;28;29
A,19.92,g_okr,1.0450612675138107,0.9994335170790777,1.08416829144596,30,0;1;2;3;4;5;6;7;8;9;10;11;12;13;14;15;16;17;18;19;20;21;22;23;24;25;26;27;28;29
A,19.93,g_okr,1.0452972119866601,0.9996626872555061,1.0844151464084213,30,0;1;2;3;4;5;6;7;8;9;10;11;12;13;14;15;16;17;18;19;20;21;22;23;24;25;26;27;28;29
A,19.94,g_okr,1.0455259643430501,0.9998882667616433,1.0846561601009599,30,0;1;2;3;4;5;6;7;8;9;10;11;12;13;14;15;16;17;18;19;20;21;22;23;24;25;26;27;28;29
A,19.95,g_okr,1.0457468427344203,1.0001052806755955,1.0848910465036072,30,0;1;2;3;4;5;6;7;8;9;10;11;12;13;14;15;16;17;18;19;20;21;22;23;24;25;26;27;28;29
A,19.96,g_okr,1.0459615620532021,1.000317609199226,1.085119494415748,30,0;1;2;3;4;5;6;7;8;9;10;11;12;13;14;15;16;17;18;19;20;21;22;23;24;25;26;27;28;29
A,19.97,g_okr,1.0461688703187522,1.0005242792273863,1.0853409740359354,30,0;1;2;3;4;5;6;7;8;9;10;11;12;13;14;15;16;17;18;19;20;21;22;23;24;25;26;27;28;29
A,19.98,g_okr,1.046369092278236,1.0007257116657213,1.085557399519458,30,0;1;2;3;4;5;6;7;8;9;10;11;12;13;14;15;16;17;18;19;20;21;22;23;24;25;26;27;28;29
A,19.990000000000002,g_okr,1.0465619423243215,1.000924979861046,1.0857651665503727,30,0;1;2;3;4;5;6;7;8;9;10;11;12;13;14;15;16;17;18;19;20;21;22;23;24;25;26;27;28;29
A,20.0,g_okr,1.0467475201615162,1.001113385741626,1.0859666877867276,30,0;1;2;3;4;5;6;7;8;9;10;11;12;13;14;15;16;17;18;19;20;21;22;23;24;25;26;27;28;29
A,20.01,g_okr,1.0469270998258566,1.0012970127624787,1.0861593997109644,30,0;1;2;3;4;5;6;7;8;9;10;11;12;13;14;15;16;17;18;19;20;21;22;23;24;25;26;27;28;29
A,20.02,g_okr,1.047100426214241,1.0014732782051117,1.0863447984817205,30,0;1;2;3;4;5;6;7;8;9;10;11;12;13;14;15;16;17;18;19;20;21;22;23;24;25;26;27;28;29
A,20.03,g_okr,1.0472662348740915,1.0016381507589576,1.0865266002462495,30,0;1;2;3;4;5;6;7;8;9;10;11;12;13;14;15;16;17;18;19;20;21;22;23;24;25;26;27;28;29
A,20.04,g_okr,1.0474252079616555,1.0017944186516035,1.086701160884522,30,0;1;2;3;4;5;6;7;8;9;10;11;12;13;14;15;16;17;18;19;20;21;22;23;24;25;26;27;28;29
A,20.05,g_okr,1.0475779215321908,1.0019465377923036,1.0868704709727448,30,0;1;2;3;4;5;6;7;8;9;10;11;12;13;14;15;16;17;18;19;20;21;22;23;24;25;26;27;28;29
A,20.06,g_okr,1.0477242318921016,1.0020903098343468,1.0870350562873168,30,0;1;2;3;4;5;6;7;8;9;10;11;12;13;14;15;16;17;18;19;20;21;22;23;24;25;26;27;28;29
A,20.07,g_okr,1.047863664424292,1.0022274227126837,1.0871925109725864,30,0;1;2;3;4;5;6;7;8;9;10;11;12;13;14;15;16;17;18;19;20;21;22;23;24;25;26;27;28;29
A,20.080000000000002,g_okr,1.0479967259133323,1.0023610699729075,1.0873437386328861,30,0;1;2;3;4;5;6;7;8;9;10;11;12;13;14;15;16;17;18;19;20;21;22;23;24;25;26;27;28;29
A,20.09,g_okr,1.0481228207872388,1.0024850743006186,1.0874881245768213,30,0;1;2;3;4;5;6;7;8;9;10;11;12;13;14;15;16;17;18;19;20;21;22;23;24;25;26;27;28;29
A,20.1,g_okr,1.0482422409061518,1.0025849778897977,1.087626503229135,30,0;1;2;3;4;5;6;7;8;9;10;11;12;13;14;15;16;17;18;19;20;21;22;23;24;25;26;27;28;29
A,20.11,g_okr,1.048355346355435,1.0026774685880937,1.0877575093725844,30,0;1;2;3;4;5;6;7;8;9;10;11;12;13;14;15;16;17;18;19;20;21;22;23;24;25;26;27;28;29
A,20.12,g_okr,1.0484621639490401,1.0027623244313484,1.0878803311869696,30,0;1;2;3;4;5;6;7;8;9;10;11;12;13;14;15;16;17;18;19;20;21;22;23;24;25;26;27;28;29
A,20.13,g_okr,1.0485633589018635,1.0028469054799678,1.0879977155344056,30,0;1;2;3;4;5;6;7;8;9;10;11;12;13;14;15;16;17;18;19;20;21;22;23;24;25;26;27;28;29
A,20.14,g_okr,1.048658321704462,1.002926173096497,1.0881108705222542,30,0;1;2;3;4;5;6;7;8;9;10;11;12;13;14;15;16;17;18;19;20;21;22;23;24;25;26;27;28;29
A,20.150000000000002,g_okr,1.0487480865159193,1.0030008556274583,1.088218746415867,30,0;1;2;3;4;5;6;7;8;9;10;11;12;13;14;15;16;17;18;19;20;21;22;23;24;25;26;27;28;29
A,20.16,g_okr,1.0488327378012736,1.0030699755276677,1.088316961699253,30,0;1;2;3;4;5;6;7;8;9;10;11;12;13;14;15;16;17;18;19;20;21;22;23;24;25;26;27;28;29
A,20.17,g_okr,1.048912870349835,1.0031368260370508,1.0884073203044138,30,0;1;2;3;4;5;6;7;8;9;10;11;12;13;14;15;16;17;18;19;20;21;22;23;24;25;26;27;28;29
A,20.18,g_okr,1.0489884443377215,1.0031977726421972,1.0884888709997174,30,0;1;2;3;4;5;6;7;8;9;10;11;12;13;14;15;16;17;18;19;20;21;22;23;24;25;26;27;28;29
A,20.19,g_okr,1.0490593262048475,1.0032584948334464,1.088561144844919,30,0;1;2;3;4;5;6;7;8;9;10;11;12;13;14;15;16;17;18;19;20;21;22;23;24;25;26;27;28;29
A,20.2,g_okr,1.0491242733705368,1.0033131896097722,1.0886265982271395,30,0;1;2;3;4;5;6;7;8;9;10;11;12;13;14;15;16;17;18;19;20;21;22;23;24;25;26;27;28;29
A,20.21,g_okr,1.0491843510724528,1.0033664581642407,1.0886844457253662,30,0;1;2;3;4;5;6;7;8;9;10;11;12;13;14;15;16;17;18;19;20;21;22;23;24;25;26;27;28;29
A,20.22,g_okr,1.0492396014302676,1.003415363504483,1.0887387326146871,30,0;1;2;3;4;5;6;7;8;9;10;11;12;13;14;15;16;17;18;19;20;21;22;23;24;25;26;27;28;29
A,20.23,g_okr,1.0492901217689248,1.0034590416685871,1.0887856977271815,30,0;1;2;3;4;5;6;7;8;9;10;11;12;13;14;15;16;17;18;19;20;21;22;23;24;25;26;27;28;29
A,20.240000000000002,g_okr,1.049335389592235,1.0034973328053454,1.0888236229334798,30,0;1;2;3;4;5;6;7;8;9;10;11;12;13;14;15;16;17;18;19;20;21;22;23;24;25;26;27;28;29
A,20.25,g_okr,1.0493767114197734,1.0035350236682186,1.0888516041963934,30,0;1;2;3;4;5;6;7;8;9;10;11;12;13;14;15;16;17;18;19;20;21;22;23;24;25;26;27;28;29
A,20.26,g_okr,1.0494133039285733,1.0035689277739062,1.0888697770583196,30,0;1;2;3;4;5;6;7;8;9;10;11;12;13;14;15;16;17;18;19;20;21;22;23;24;25;26;27;28;29
A,20.27,g_okr,1.04944501228449,1.003598842543113,1.088882910674881,30,0;1;2;3;4;5;6;7;8;9;10;11;12;13;14;15;16;17;18;19;20;21;22;23;24;25;26;27;28;29
A,20.28,g_okr,1.0494735798360144,1.003627548799842,1.088888290270857,30,0;1;2;3;4;5;6;7;8;9;10;11;12;13;14;15;16;17;18;19;20;21;22;23;24;25;26;27;28;29
A,20.29,g_okr,1.0494992580277558,1.0036522714294598,1.0888844161409312,30,0;1;2;3;4;5;6;7;8;9;10;11;12;13;14;15;16;17;18;19;20;21;22;23;24;25;26;27;28;29
A,20.3,g_okr,1.0495217115225792,1.0036754377439,1.088870301337247,30,0;1;2;3;4;5;6;7;8;9;10;11;12;13;14;15;16;17;18;19;20;21;22;23;24;25;26;27;28;29
A,20.31,g_okr,1.0495429484118042,1.0036948232905798,1.0888476388700763,30,0;1;2;3;4;5;6;7;8;9;10;11;12;13;14;15;16;17;18;19;20;21;22;23;24;25;26;27;28;29
A,20.32,g_okr,1.0495641482716704,1.0037097571039735,1.0888326060077103,30,0;1;2;3;4;5;6;7;8;9;10;11;12;13;14;15;16;17;18;19;20;21;22;23;24;25;26;27;28;29
A,20.330000000000002,g_okr,1.0495873141728596,1.003725180259428,1.0888245269556136,30,0;1;2;3;4;5;6;7;8;9;10;11;12;13;14;15;16;17;18;19;20;21;22;23;24;25;26;27;28;29
A,20.34,g_okr,1.049612801943587,1.0037477156230155,1.088823161712987,30,0;1;2;3;4;5;6;7;8;9;10;11;12;13;14;15;16;17;18;19;20;21;22;23;24;25;26;27;28;29
A,20.35,g_okr,1.0496415177940894,1.003777402526353,1.0888281216027298,30,0;1;2;3;4;5;6;7;8;9;10;11;12;13;14;15;16;17;18;19;20;21;22;23;24;25;26;27;28;29
A,20.36,g_okr,1.0496736154231578,1.0038140760786474,1.0888424274824244,30,0;1;2;3;4;5;6;7;8;9;10;11;12;13;14;15;16;17;18;19;20;21;22;23;24;25;26;27;28;29
A,20.37,g_okr,1.0497099585876712,1.0038566924872134,1.088864865952324,30,0;1;2;3;4;5;6;7;8;9;10;11;12;13;14;15;16;17;18;19;20;21;22;23;24;25;26;27;28;29
A,20.38,g_okr,1.0497510446905922,1.0039047472126974,1.0888932507259188,30,0;1;2;3;4;5;6;7;8;9;10;11;12;13;14;15;16;17;18;19;20;21;22;23;24;25;26;27;28;29
A,20.39,g_okr,1.0497968423247543,1.0039596645143538,1.0889283933541964,30,0;1;2;3;4;5;6;7;8;9;10;11;12;13;14;15;16;17;18;19;20;21;22;23;24;25;26;27;28;29
A,20.400000000000002,g_okr,1.0498472716018223,1.0040216066883514,1.0889677131592415,30,0;1;2;3;4;5;6;7;8;9;10;11;12;13;14;15;16;17;18;19;20;21;22;23;24;25;26;27;28;29
A,20.41,g_okr,1.0499023459572185,1.0040895561356182,1.0890128018518463,30,0;1;2;3;4;5;6;7;8;9;10;11;12;13;14;15;16;17;18;19;20;21;22;23;24;25;26;27;28;29
A,20.42,g_okr,1.0499625332050384,1.0041654159842144,1.0890604136326734,30,0;1;2;3;4;5;6;7;8;9;10;11;12;13;14;15;16;17;18;19;20;21;22;23;24;25;26;27;28;29
A,20.43,g_okr,1.0500277596929963,1.0042497026962942,1.0891132950367512,30,0;1;2;3;4;5;6;7;8;9;10;11;12;13;14;15;16;17;18;19;20;21;22;23;24;25;26;27;28;29
A,20.44,g_okr,1.05009706825284,1.0043376263877675,1.0891729446459184,30,0;1;2;3;4;5;6;7;8;9;10;11;12;13;14;15;16;17;18;19;20;21;22;23;24;25;26;27;28;29
A,20.45,g_okr,1.0501712057682204,1.0044293327640346,1.0892405044547941,30,0;1;2;3;4;5;6;7;8;9;10;11;12;13;14;15;16;17;18;19;20;21;22;23;24;25;26;27;28;29
A,20.46,g_okr,1.050250637952075,1.0045282130744113,1.0893170198813167,30,0;1;2;3;4;5;6;7;8;9;10;11;12;13;14;15;16;17;18;19;20;21;22;23;24;25;26;27;28;29
A,20.47,g_okr,1.0503344073662508,1.0046328591372364,1.0894014878390395,30,0;1;2;3;4;5;6;7;8;9;10;11;12;13;14;15;16;17;18;19;20;21;22;23;24;25;26;27;28;29
A,20.48,g_okr,1.0504240043791522,1.0047441570821367,1.0894925338682584,30,0;1;2;3;4;5;6;7;8;9;10;11;12;13;14;15;16;17;18;19;20;21;22;23;24;25;26;27;28;29
A,20.490000000000002,g_okr,1.0505195543444528,1.0048594470902525,1.0895896142061932,30,0;1;2;3;4;5;6;7;8;9;10;11;12;13;14;15;16;17;18;19;20;21;22;23;24;25;26;27;28;29
A,20.5,g_okr,1.0506209674048372,1.0049802061620419,1.0896930636096982,30,0;1;2;3;4;5;6;7;8;9;10;11;12;13;14;15;16;17;18;19;20;21;22;23;24;25;26;27;28;29
A,20.51,g_okr,1.0507284075786365,1.0051085147726042,1.0898048810199725,30,0;1;2;3;4;5;6;7;8;9;10;11;12;13;14;15;16;17;18;19;20;21;22;23;24;25;26;27;28;29
A,20.52,g_okr,1.0508418955887988,1.0052402871654984,1.0899229236294148,30,0;1;2;3;4;5;6;7;8;9;10;11;12;13;14;15;16;17;18;19;20;21;22;23;24;25;26;27;28;29
A,20.53,g_okr,1.0509606012878434,1.0053766224473426,1.09004202921852,30,0;1;2;3;4;5;6;7;8;9;10;11;12;13;14;15;16;17;18;19;20;21;22;23;24;25;26;27;28;29
A,20.54,g_okr,1.051085064016513,1.0055170339522312,1.0901629788396416,30,0;1;2;3;4;5;6;7;8;9;10;11;12;13;14;15;16;17;18;19;20;21;22;23;24;25;26;27;28;29
A,20.55,g_okr,1.0512154748048887,1.0056646710168338,1.090289047074879,30,0;1;2;3;4;5;6;7;8;9;10;11;12;13;14;15;16;17;18;19;20;21;22;23;24;25;26;27;28;29
A,20.56,g_okr,1.0513518688260464,1.0058176128319656,1.0904193384599123,30,0;1;2;3;4;5;6;7;8;9;10;11;12;13;14;15;16;17;18;19;20;21;22;23;24;25;26;27;28;29
A,20.57,g_okr,1.0514939810544326,1.0059765555402178,1.0905556916414423,30,0;1;2;3;4;5;6;7;8;9;10;11;12;13;14;15;16;17;18;19;20;21;22;23;24;25;26;27;28;29
A,20.580000000000002,g_okr,1.0516410566250205,1.0061402671600022,1.090693679963777,30,0;1;2;3;4;5;6;7;8;9;10;11;12;13;14;15;16;17;18;19;20;21;22;23;24;25;26;27;28;29
A,20.59,g_okr,1.0517937389731946,1.006318310989715,1.0908357600972702,30,0;1;2;3;4;5;6;7;8;9;10;11;12;13;14;15;16;17;18;19;20;21;22;23;24;25;26;27;28;29
A,20.6,g_okr,1.0519524042713795,1.0065083839482403,1.0909833126922976,30,0;1;2;3;4;5;6;7;8;9;10;11;12;13;14;15;16;17;18;19;20;21;22;23;24;25;26;27;28;29
A,20.61,g_okr,1.05211634807796,1.0067097386425896,1.0911343733187306,30,0;1;2;3;4;5;6;7;8;9;10;11;12;13;14;15;16;17;18;19;20;21;22;23;24;25;26;27;28;29
A,20.62,g_okr,1.0522853688181804,1.0069257024716103,1.0912880513647154,30,0;1;2;3;4;5;6;7;8;9;10;11;12;13;14;15;16;17;18;19;20;21;22;23;24;25;26;27;28;29
A,20.63,g_okr,1.0524593402422322,1.007156027212524,1.0914465372299393,30,0;1;2;3;4;5;6;7;8;9;10;11;12;13;14;15;16;17;18;19;20;21;22;23;24;25;26;27;28;29
A,20.64,g_okr,1.0526376505980546,1.0073952149917142,1.091609950391511,30,0;1;2;3;4;5;6;7;8;9;10;11;12;13;14;15;16;17;18;19;20;21;22;23;24;25;26;27;28;29
A,20.650000000000002,g_okr,1.0528214509857257,1.0076450831979262,1.0917791956024825,30,0;1;2;3;4;5;6;7;8;9;10;11;12;13;14;15;16;17;18;19;20;21;22;23;24;25;26;27;28;29
A,20.66,g_okr,1.0530097915488759,1.007902108079323,1.0919507529680734,30,0;1;2;3;4;5;6;7;8;9;10;11;12;13;14;15;16;17;18;19;20;21;22;23;24;25;26;27;28;29
A,20.67,g_okr,1.0532026045476686,1.0081689510753553,1.092128075102941,30,0;1;2;3;4;5;6;7;8;9;10;11;12;13;14;15;16;17;18;19;20;21;22;23;24;25;26;27;28;29
A,20.68,g_okr,1.0533995784321668,1.0084500463070754,1.092308204035452,30,0;1;2;3;4;5;6;7;8;9;10;11;12;13;14;15;16;17;18;19;20;21;22;23;24;25;26;27;28;29
A,20.69,g_okr,1.0536022960868359,1.0087395139876136,1.0924911246296778,30,0;1;2;3;4;5;6;7;8;9;10;11;12;13;14;15;16;17;18;19;20;21;22;23;24;25;26;27;28;29
A,20.7,g_okr,1.053809779414648,1.009037599161157,1.0926753076579019,30,0;1;2;3;4;5;6;7;8;9;10;11;12;13;14;15;16;17;18;19;20;21;22;23;24;25;26;27;28;29
A,20.71,g_okr,1.0540216289395266,1.0093429595832721,1.0928607937623658,30,0;1;2;3;4;5;6;7;8;9;10;11;12;13;14;15;16;17;18;19;20;21;22;23;24;25;26;27;28;29
A,20.72,g_okr,1.054237226096094,1.009654903736335,1.0930510799176116,30,0;1;2;3;4;5;6;7;8;9;10;11;12;13;14;15;16;17;18;19;20;21;22;23;24;25;26;27;28;29
A,20.73,g_okr,1.0544559713496784,1.0099734005542527,1.0932454656965314,30,0;1;2;3;4;5;6;7;8;9;10;11;12;13;14;15;16;17;18;19;20;21;22;23;24;25;26;27;28;29
A,20.740000000000002,g_okr,1.0546777405916476,1.0103005911737957,1.0934424276117787,30,0;1;2;3;4;5;6;7;8;9;10;11;12;13;14;15;16;17;18;19;20;21;22;23;24;25;26;27;28;29
A,20.75,g_okr,1.054902555398037,1.0106303181391765,1.09364452645846,30,0;1;2;3;4;5;6;7;8;9;10;11;12;13;14;15;16;17;18;19;20;21;22;23;24;25;26;27;28;29
A,20.76,g_okr,1.0551299469256707,1.0109604600683983,1.0938498454482053,30,0;1;2;3;4;5;6;7;8;9;10;11;12;13;14;15;16;17;18;19;20;21;22;23;24;25;26;27;28;29
A,20.77,g_okr,1.0553592612861182,1.0112948024553055,1.0940552659646683,30,0;1;2;3;4;5;6;7;8;9;10;11;12;13;14;15;16;17;18;19;20;21;22;23;24;25;26;27;28;29
A,20.78,g_okr,1.0555907794800634,1.011636519180368,1.0942639151154026,30,0;1;2;3;4;5;6;7;8;9;10;11;12;13;14;15;16;17;18;19;20;21;22;23;24;25;26;27;28;29
A,20.79,g_okr,1.0558242714984811,1.0119840802643882,1.0944801394838415,30,0;1;2;3;4;5;6;7;8;9;10;11;12;13;14;15;16;17;18;19;20;21;22;23;24;25;26;27;28;29
A,20.8,g_okr,1.056060348409744,1.0123393886179373,1.0947008202141846,30,0;1;2;3;4;5;6;7;8;9;10;11;12;13;14;15;16;17;18;19;20;21;22;23;24;25;26;27;28;29
A,20.81,g_okr,1.0562980454644975,1.0126977320299053,1.0949238667509895,30,0;1;2;3;4;5;6;7;8;9;10;11;12;13;14;15;16;17;18;19;20;21;22;23;24;25;26;27;28;29
A,20.82,g_okr,1.0565368754247992,1.013060398858888,1.0951458666358767,30,0;1;2;3;4;5;6;7;8;9;10;11;12;13;14;15;16;17;18;19;20;21;22;23;24;25;26;27;28;29
A,20.830000000000002,g_okr,1.0567773688965827,1.0134255659197189,1.0953696764458143,30,0;1;2;3;4;5;6;7;8;9;10;11;12;13;14;15;16;17;18;19;20;21;22;23;24;25;26;27;28;29
A,20.84,g_okr,1.0570198731634277,1.0137921118652151,1.095595072105781,30,0;1;2;3;4;5;6;7;8;9;10;11;12;13;14;15;16;17;18;19;20;21;22;23;24;25;26;27;28;29
A,20.85,g_okr,1.0572628748830322,1.0141572192859638,1.0958227984146975,30,0;1;2;3;4;5;6;7;8;9;10;11;12;13;14;15;16;17;18;19;20;21;22;23;24;25;26;27;28;29
A,20.86,g_okr,1.0575063732001848,1.014520627561019,1.0960484728279107,30,0;1;2;3;4;5;6;7;8;9;10;11;12;13;14;15;16;17;18;19;20;21;22;23;24;25;26;27;28;29
A,20.87,g_okr,1.057750057856072,1.0148813202485516,1.096277963478218,30,0;1;2;3;4;5;6;7;8;9;10;11;12;13;14;15;16;17;18;19;20;21;22;23;24;25;26;27;28;29
A,20.88,g_okr,1.0579937468530483,1.0152408113309173,1.096506133239292,30,0;1;2;3;4;5;6;7;8;9;10;11;12;13;14;15;16;17;18;19;20;21;22;23;24;25;26;27;28;29
A,20.89,g_okr,1.0582370451875887,1.0155980926548287,1.0967325001958197,30,0;1;2;3;4;5;6;7;8;9;10;11;12;13;14;15;16;17;18;19;20;21;22;23;24;25;26;27;28;29
A,20.900000000000002,g_okr,1.0584811305133683,1.0159527564499278,1.096960616072248,30,0;1;2;3;4;5;6;7;8;9;10;11;12;13;14;15;16;17;18;19;20;21;22;23;24;25;26;27;28;29
A,20.91,g_okr,1.0587255218004088,1.01630880981217,1.0971867761614689,30,0;1;2;3;4;5;6;7;8;9;10;11;12;13;14;15;16;17;18;19;20;21;22;23;24;25;26;27;28;29
A,20.92,g_okr,1.0589696977577454,1.0166629101445288,1.0974158128101084,30,0;1;2;3;4;5;6;7;8;9;10;11;12;13;14;15;16;17;18;19;20;21;22;23;24;25;26;27;28;29
A,20.93,g_okr,1.0592140600621882,1.0170193881388117,1.097643409365806,30,0;1;2;3;4;5;6;7;8;9;10;11;12;13;14;15;16;17;18;19;20;21;22;23;24;25;26;27;28;29
A,20.94,g_okr,1.0594576484220537,1.017376211527277,1.0978707277534234,30,0;1;2;3;4;5;6;7;8;9;10;11;12;13;14;15;16;17;18;19;20;21;22;23;24;25;26;27;28;29
A,20.95,g_okr,1.0597015031193289,1.0177317796070362,1.0981007964638947,30,0;1;2;3;4;5;6;7;8;9;10;11;12;13;14;15;16;17;18;19;20;21;22;23;24;25;26;27;28;29
A,20.96,g_okr,1.0599450886633783,1.0180865559923273,1.0983302951498937,30,0;1;2;3;4;5;6;7;8;9;10;11;12;13;14;15;16;17;18;19;20;21;22;23;24;25;26;27;28;29
A,20.97,g_okr,1.060188201622194,1.0184408868626698,1.0985605633564937,30,0;1;2;3;4;5;6;7;8;9;10;11;12;13;14;15;16;17;18;19;20;21;22;23;24;25;26;27;28;29
A,20.98,g_okr,1.060430100452378,1.0187952454685303,1.0987888462685498,30,0;1;2;3;4;5;6;7;8;9;10;11;12;13;14;15;16;17;18;19;20;21;22;23;24;25;26;27;28;29
A,20.990000000000002,g_okr,1.0606714591736504,1.0191439491028536,1.0990198364383161,30,0;1;2;3;4;5;6;7;8;9;10;11;12;13;14;15;16;17;18;19;20;21;22;23;24;25;26;27;28;29
A,21.0,g_okr,1.0609112889087777,1.0194916833630883,1.0992493508461676,30,0;1;2;3;4;5;6;7;8;9;10;11;12;13;14;15;16;17;18;19;20;21;22;23;24;25;26;27;28;29
A,21.01,g_okr,1.0611504174512993,1.0198392572603472,1.0994798070348903,30,0;1;2;3;4;5;6;7;8;9;10;11;12;13;14;15;16;17;18;19;20;21;22;23;24;25;26;27;28;29
A,21.02,g_okr,1.0613874292251237,1.02018153895464,1.0997092993559476,30,0;1;2;3;4;5;6;7;8;9;10;11;12;13;14;15;16;17;18;19;20;21;22;23;24;25;26;27;28;29
A,21.03,g_okr,1.0616226918572427,1.020523462684788,1.0999384144473685,30,0;1;2;3;4;5;6;7;8;9;10;11;12;13;14;15;16;17;18;19;20;21;22;23;24;25;26;27;28;29
A,21.04,g_okr,1.0618567190467119,1.020865266729561,1.1001646455113478,30,0;1;2;3;4;5;6;7;8;9;10;11;12;13;14;15;16;17;18;19;20;21;22;23;24;25;26;27;28;29
A,21.05,g_okr,1.0620892374366935,1.021207022881608,1.1003849913358288,30,0;1;2;3;4;5;6;7;8;9;10;11;12;13;14;15;16;17;18;19;20;21;22;23;24;25;26;27;28;29
A,21.06,g_okr,1.0623194923602612,1.021546795485909,1.1005985378734129,30,0;1;2;3;4;5;6;7;8;9;10;11;12;13;14;15;16;17;18;19;20;21;22;23;24;25;26;27;28;29
A,21.07,g_okr,1.0625471588225068,1.0218799472922986,1.1008077422566176,30,0;1;2;3;4;5;6;7;8;9;10;11;12;13;14;15;16;17;18;19;20;21;22;23;24;25;26;27;28;29
A,21.080000000000002,g_okr,1.0627733931493784,1.0222101178324632,1.1010195660263773,30,0;1;2;3;4;5;6;7;8;9;10;11;12;13;14;15;16;17;18;19;20;21;22;23;24;25;26;27;28;29
A,21.09,g_okr,1.0629969206797363,1.0225371930880325,1.1012299573159967,30,0;1;2;3;4;5;6;7;8;9;10;11;12;13;14;15;16;17;18;19;20;21;22;23;24;25;26;27;28;29
A,21.1,g_okr,1.063218063466855,1.0228597191779143,1.1014355446760906,30,0;1;2;3;4;5;6;7;8;9;10;11;12;13;14;15;16;17;18;19;20;21;22;23;24;25;26;27;28;29
A,21.11,g_okr,1.063437585409486,1.0231782111438052,1.1016355095714387,30,0;1;2;3;4;5;6;7;8;9;10;11;12;13;14;15;16;17;18;19;20;21;22;23;24;25;26;27;28;29
A,21.12,g_okr,1.0636537743903292,1.0234933957877106,1.1018279220287301,30,0;1;2;3;4;5;6;7;8;9;10;11;12;13;14;15;16;17;18;19;20;21;22;23;24;25;26;27;28;29
A,21.13,g_okr,1.0638678219328506,1.0238069392260283,1.102019062980904,30,0;1;2;3;4;5;6;7;8;9;10;11;12;13;14;15;16;17;18;19;20;21;22;23;24;25;26;27;28;29
A,21.14,g_okr,1.0640777784465563,1.0241108163202084,1.1022108026524502,30,0;1;2;3;4;5;6;7;8;9;10;11;12;13;14;15;16;17;18;19;20;21;22;23;24;25;26;27;28;29
A,21.150000000000002,g_okr,1.0642849960445777,1.0244098965002242,1.1024000304071324,30,0;1;2;3;4;5;6;7;8;9;10;11;12;13;14;15;16;17;18;19;20;21;22;23;24;25;26;27;28;29
A,21.16,g_okr,1.0644880959852658,1.0247056597809931,1.102585135073893,30,0;1;2;3;4;5;6;7;8;9;10;11;12;13;14;15;16;17;18;19;20;21;22;23;24;25;26;27;28;29
A,21.17,g_okr,1.0646876301115158,1.0249967250185426,1.102766402989612,30,0;1;2;3;4;5;6;7;8;9;10;11;12;13;14;15;16;17;18;19;20;21;22;23;24;25;26;27;28;29
A,21.18,g_okr,1.0648832142248799,1.0252786545013974,1.102948478331383,30,0;1;2;3;4;5;6;7;8;9;10;11;12;13;14;15;16;17;18;19;20;21;22;23;24;25;26;27;28;29
A,21.19,g_okr,1.065074396880871,1.0255559848744848,1.1031251714009511,30,0;1;2;3;4;5;6;7;8;9;10;11;12;13;14;15;16;17;18;19;20;21;22;23;24;25;26;27;28;29
A,21.2,g_okr,1.0652608564968231,1.025828353984962,1.1032976752694899,30,0;1;2;3;4;5;6;7;8;9;10;11;12;13;14;15;16;17;18;19;20;21;22;23;24;25;26;27;28;29
A,21.21,g_okr,1.06544265145887,1.026095875745349,1.1034674681077448,30,0;1;2;3;4;5;6;7;8;9;10;11;12;13;14;15;16;17;18;19;20;21;22;23;24;25;26;27;28;29
A,21.22,g_okr,1.0656193857774683,1.0263550621681745,1.1036317433394325,30,0;1;2;3;4;5;6;7;8;9;10;11;12;13;14;15;16;17;18;19;20;21;22;23;24;25;26;27;28;29
A,21.23,g_okr,1.0657916503082763,1.0266107623488607,1.10379510660625,30,0;1;2;3;4;5;6;7;8;9;10;11;12;13;14;15;16;17;18;19;20;21;22;23;24;25;26;27;28;29
A,21.240000000000002,g_okr,1.0659592227359147,1.0268620931312167,1.1039556724438158,30,0;1;2;3;4;5;6;7;8;9;10;11;12;13;14;15;16;17;18;19;20;21;22;23;24;25;26;27;28;29
A,21.25,g_okr,1.0661224742046722,1.0271110672029673,1.1041109949583554,30,0;1;2;3;4;5;6;7;8;9;10;11;12;13;14;15;16;17;18;19;20;21;22;23;24;25;26;27;28;29
A,21.26,g_okr,1.0662812710421254,1.0273557089656724,1.1042621769503842,30,0;1;2;3;4;5;6;7;8;9;10;11;12;13;14;15;16;17;18;19;20;21;22;23;24;25;26;27;28;29
A,21.27,g_okr,1.0664353002432623,1.0275941224521292,1.1044093692527421,30,0;1;2;3;4;5;6;7;8;9;10;11;12;13;14;15;16;17;18;19;20;21;22;23;24;25;26;27;28;29
A,21.28,g_okr,1.0665855478783515,1.0278287243156208,1.1045527208126507,30,0;1;2;3;4;5;6;7;8;9;10;11;12;13;14;15;16;17;18;19;20;21;22;23;24;25;26;27;28;29
A,21.29,g_okr,1.0667305098812554,1.0280583359209738,1.1046906752713015,30,0;1;2;3;4;5;6;7;8;9;10;11;12;13;14;15;16;17;18;19;20;21;22;23;24;25;26;27;28;29
A,21.3,g_okr,1.0668702602625744,1.0282830038070703,1.1048262038157772,30,0;1;2;3;4;5;6;7;8;9;10;11;12;13;14;15;16;17;18;19;20;21;22;23;24;25;26;27;28;29
A,21.31,g_okr,1.0670043129341207,1.028498385262169,1.1049551022815371,30,0;1;2;3;4;5;6;7;8;9;10;11;12;13;14;15;16;17;18;19;20;21;22;23;24;25;26;27;28;29
A,21.32,g_okr,1.0671325344219418,1.0287054420222923,1.1050805589605937,30,0;1;2;3;4;5;6;7;8;9;10;11;12;13;14;15;16;17;18;19;20;21;22;23;24;25;26;27;28;29
A,21.330000000000002,g_okr,1.0672552522623655,1.0289041906936283,1.105202850063851,30,0;1;2;3;4;5;6;7;8;9;10;11;12;13;14;15;16;17;18;19;20;21;22;23;24;25;26;27;28;29
A,21.34,g_okr,1.0673738763721543,1.0291011647195318,1.1053242494561621,30,0;1;2;3;4;5;6;7;8;9;10;11;12;13;14;15;16;17;18;19;20;21;22;23;24;25;26;27;28;29
A,21.35,g_okr,1.0674883859026225,1.0292896755134517,1.1054392683642666,30,0;1;2;3;4;5;6;7;8;9;10;11;12;13;14;15;16;17;18;19;20;21;22;23;24;25;26;27;28;29
A,21.36,g_okr,1.0675999399535563,1.0294724577769463,1.105549234758651,30,0;1;2;3;4;5;6;7;8;9;10;11;12;13;14;15;16;17;18;19;20;21;22;23;24;25;26;27;28;29
A,21.37,g_okr,1.0677070483120852,1.0296513307495077,1.1056505595968866,30,0;1;2;3;4;5;6;7;8;9;10;11;12;13;14;15;16;17;18;19;20;21;22;23;24;25;26;27;28;29
A,21.38,g_okr,1.0678105997913607,1.0298258145133807,1.1057455406541343,30,0;1;2;3;4;5;6;7;8;9;10;11;12;13;14;15;16;17;18;19;20;21;22;23;24;25;26;27;28;29
A,21.39,g_okr,1.0679109803180018,1.0299964141039692,1.1058315141167478,30,0;1;2;3;4;5;6;7;8;9;10;11;12;13;14;15;16;17;18;19;20;21;22;23;24;25;26;27;28;29
A,21.400000000000002,g_okr,1.0680075657203587,1.0300972701053368,1.1059092158050865,30,0;1;2;3;4;5;6;7;8;9;10;11;12;13;14;15;16;17;18;19;20;21;22;23;24;25;26;27;28;29
A,21.41,g_okr,1.068100482419467,1.030147253951555,1.1059830120079277,30,0;1;2;3;4;5;6;7;8;9;10;11;12;13;14;15;16;17;18;19;20;21;22;23;24;25;26;27;28;29
A,21.42,g_okr,1.068189835217948,1.0301916101246351,1.106055011259577,30,0;1;2;3;4;5;6;7;8;9;10;11;12;13;14;15;16;17;18;19;20;21;22;23;24;25;26;27;28;29
A,21.43,g_okr,1.0682750484895989,1.0302301716710505,1.1061228641504905,30,0;1;2;3;4;5;6;7;8;9;10;11;12;13;14;15;16;17;18;19;20;21;22;23;24;25;26;27;28;29
A,21.44,g_okr,1.0683557088366853,1.0302627525152044,1.1061880882352224,30,0;1;2;3;4;5;6;7;8;9;10;11;12;13;14;15;16;17;18;19;20;21;22;23;24;25;26;27;28;29
A,21.45,g_okr,1.0684317181164988,1.030290549542561,1.1062492611995178,30,0;1;2;3;4;5;6;7;8;9;10;11;12;13;14;15;16;17;18;19;20;21;22;23;24;25;26;27;28;29
A,21.46,g_okr,1.0685023968414324,1.0303095653369723,1.1063045659467288,30,0;1;2;3;4;5;6;7;8;9;10;11;12;13;14;15;16;17;18;19;20;21;22;23;24;25;26;27;28;29
A,21.47,g_okr,1.0685688640611117,1.0303255998032692,1.1063523136778424,30,0;1;2;3;4;5;6;7;8;9;10;11;12;13;14;15;16;17;18;19;20;21;22;23;24;25;26;27;28;29
A,21.48,g_okr,1.0686313050970857,1.0303346034758065,1.1063958868469717,30,0;1;2;3;4;5;6;7;8;9;10;11;12;13;14;15;16;17;18;19;20;21;22;23;24;25;26;27;28;29
A,21.490000000000002,g_okr,1.0686892530964225,1.0303384666392361,1.1064353194577874,30,0;1;2;3;4;5;6;7;8;9;10;11;12;13;14;15;16;17;18;19;20;21;22;23;24;25;26;27;28;29
A,21.5,g_okr,1.0687425575291651,1.0303375487033077,1.1064683364790406,30,0;1;2;3;4;5;6;7;8;9;10;11;12;13;14;15;16;17;18;19;20;21;22;23;24;25;26;27;28;29
A,21.51,g_okr,1.0687910117108426,1.0303298315698042,1.1064961112426703,30,0;1;2;3;4;5;6;7;8;9;10;11;12;13;14;15;16;17;18;19;20;21;22;23;24;25;26;27;28;29
A,21.52,g_okr,1.0688340126548455,1.0303129989176691,1.1065176580720313,30,0;1;2;3;4;5;6;7;8;9;10;11;12;13;14;15;16;17;18;19;20;21;22;23;24;25;26;27;28;29
A,21.53,g_okr,1.068872565463412,1.0302907212679397,1.106530958779167,30,0;1;2;3;4;5;6;7;8;9;10;11;12;13;14;15;16;17;18;19;20;21;22;23;24;25;26;27;28;29
A,21.54,g_okr,1.0689092489662646,1.0302733779287259,1.106535777301521,30,0;1;2;3;4;5;6;7;8;9;10;11;12;13;14;15;16;17;18;19;20;21;22;23;24;25;26;27;28;29
A,21.55,g_okr,1.068944477061953,1.0302607187423654,1.1065337493466922,30,0;1;2;3;4;5;6;7;8;9;10;11;12;13;14;15;16;17;18;19;20;21;22;23;24;25;26;27;28;29
A,21.56,g_okr,1.068977938373197,1.0302544404011775,1.1065266422271807,30,0;1;2;3;4;5;6;7;8;9;10;11;12;13;14;15;16;17;18;19;20;21;22;23;24;25;26;27;28;29
A,21.57,g_okr,1.0690104666132294,1.0302549373543126,1.1065136704362792,30,0;1;2;3;4;5;6;7;8;9;10;11;12;13;14;15;16;17;18;19;20;21;22;23;24;25;26;27;28;29
A,21.580000000000002,g_okr,1.0690431295166802,1.0302622777421655,1.1064976737245362,30,0;1;2;3;4;5;6;7;8;9;10;11;12;13;14;15;16;17;18;19;20;21;22;23;24;25;26;27;28;29
A,21.59,g_okr,1.0690767702642232,1.0302762963988736,1.1064787782544956,30,0;1;2;3;4;5;6;7;8;9;10;11;12;13;14;15;16;17;18;19;20;21;22;23;24;25;26;27;28;29
A,21.6,g_okr,1.0691126278766725,1.0302985684817956,1.1064594577121794,30,0;1;2;3;4;5;6;7;8;9;10;11;12;13;14;15;16;17;18;19;20;21;22;23;24;25;26;27;28;29
A,21.61,g_okr,1.0691524956678184,1.0303267793601878,1.106446441825448,30,0;1;2;3;4;5;6;7;8;9;10;11;12;13;14;15;16;17;18;19;20;21;22;23;24;25;26;27;28;29
A,21.62,g_okr,1.0691971815302608,1.0303621535655465,1.106442245097857,30,0;1;2;3;4;5;6;7;8;9;10;11;12;13;14;15;16;17;18;19;20;21;22;23;24;25;26;27;28;29
A,21.63,g_okr,1.0692465909268247,1.0304031929782698,1.1064435952852167,30,0;1;2;3;4;5;6;7;8;9;10;11;12;13;14;15;16;17;18;19;20;21;22;23;24;25;26;27;28;29
A,21.64,g_okr,1.069300754321106,1.0304479983680093,1.1064548371057734,30,0;1;2;3;4;5;6;7;8;9;10;11;12;13;14;15;16;17;18;19;20;21;22;23;24;25;26;27;28;29
A,21.650000000000002,g_okr,1.069360147377604,1.0304981957390686,1.1064678876548895,30,0;1;2;3;4;5;6;7;8;9;10;11;12;13;14;15;16;17;18;19;20;21;22;23;24;25;26;27;28;29
A,21.66,g_okr,1.069424767415829,1.0305569323659052,1.1064887039693108,30,0;1;2;3;4;5;6;7;8;9;10;11;12;13;14;15;16;17;18;19;20;21;22;23;24;25;26;27;28;29
A,21.67,g_okr,1.0694941139702792,1.0306184822426296,1.10651622893464,30,0;1;2;3;4;5;6;7;8;9;10;11;12;13;14;15;16;17;18;19;20;21;22;23;24;25;26;27;28;29
A,21.68,g_okr,1.0695679199402464,1.0306842603377995,1.1065488708634483,30,0;1;2;3;4;5;6;7;8;9;10;11;12;13;14;15;16;17;18;19;20;21;22;23;24;25;26;27;28;29
A,21.69,g_okr,1.0696463094720314,1.0307562438312894,1.1065882154831226,30,0;1;2;3;4;5;6;7;8;9;10;11;12;13;14;15;16;17;18;19;20;21;22;23;24;25;26;27;28;29
A,21.7,g_okr,1.0697292198312192,1.030834433823848,1.106632539227108,30,0;1;2;3;4;5;6;7;8;9;10;11;12;13;14;15;16;17;18;19;20;21;22;23;24;25;26;27;28;29
A,21.71,g_okr,1.0698168435955688,1.0309170922539477,1.106685050899157,30,0;1;2;3;4;5;6;7;8;9;10;11;12;13;14;15;16;17;18;19;20;21;22;23;24;25;26;27;28;29
A,21.72,g_okr,1.069909007759108,1.0310064199838138,1.1067428177058891,30,0;1;2;3;4;5;6;7;8;9;10;11;12;13;14;15;16;17;18;19;20;21;22;23;24;25;26;27;28;29
A,21.73,g_okr,1.070005815555306,1.031101179162717,1.1068091772211037,30,0;1;2;3;4;5;6;7;8;9;10;11;12;13;14;15;16;17;18;19;20;21;22;23;24;25;26;27;28;29
A,21.740000000000002,g_okr,1.0701070828162178,1.0312019013801086,1.1068803689140558,30,0;1;2;3;4;5;6;7;8;9;10;11;12;13;14;15;16;17;18;19;20;21;22;23;24;25;26;27;28;29
A,21.75,g_okr,1.0702127155987753,1.0313096376188393,1.1069604222828893,30,0;1;2;3;4;5;6;7;8;9;10;11;12;13;14;15;16;17;18;19;20;21;22;23;24;25;26;27;28;29
A,21.76,g_okr,1.070322699694365,1.0314214582980128,1.1070499088986037,30,0;1;2;3;4;5;6;7;8;9;10;11;12;13;14;15;16;17;18;19;20;21;22;23;24;25;26;27;28;29
A,21.77,g_okr,1.0704376308476478,1.0315414654279076,1.1071455710781413,30,0;1;2;3;4;5;6;7;8;9;10;11;12;13;14;15;16;17;18;19;20;21;22;23;24;25;26;27;28;29
A,21.78,g_okr,1.0705562196200502,1.0316660717928217,1.107244829477624,30,0;1;2;3;4;5;6;7;8;9;10;11;12;13;14;15;16;17;18;19;20;21;22;23;24;25;26;27;28;29
A,21.79,g_okr,1.070679222573856,1.031795606536672,1.1073479890576563,30,0;1;2;3;4;5;6;7;8;9;10;11;12;13;14;15;16;17;18;19;20;21;22;23;24;25;26;27;28;29
A,21.8,g_okr,1.0708067796672076,1.0319339131711591,1.1074567678018334,30,0;1;2;3;4;5;6;7;8;9;10;11;12;13;14;15;16;17;18;19;20;21;22;23;24;25;26;27;28;29
A,21.81,g_okr,1.07093921908351,1.0320788609395575,1.1075740683831847,30,0;1;2;3;4;5;6;7;8;9;10;11;12;13;14;15;16;17;18;19;20;21;22;23;24;25;26;27;28;29
A,21.82,g_okr,1.071076022734511,1.032228892874046,1.1076954198438427,30,0;1;2;3;4;5;6;7;8;9;10;11;12;13;14;15;16;17;18;19;20;21;22;23;24;25;26;27;28;29
A,21.830000000000002,g_okr,1.0712178832170876,1.032382334076596,1.1078195785484466,30,0;1;2;3;4;5;6;7;8;9;10;11;12;13;14;15;16;17;18;19;20;21;22;23;24;25;26;27;28;29
A,21.84,g_okr,1.0713653159216714,1.032540774188707,1.1079487939303871,30,0;1;2;3;4;5;6;7;8;9;10;11;12;13;14;15;16;17;18;19;20;21;22;23;24;25;26;27;28;29
A,21.85,g_okr,1.0715183438055527,1.0327018069064133,1.108086502576342,30,0;1;2;3;4;5;6;7;8;9;10;11;12;13;14;15;16;17;18;19;20;21;22;23;24;25;26;27;28;29
A,21.86,g_okr,1.0716764462438637,1.0328696465231382,1.108229025325487,30,0;1;2;3;4;5;6;7;8;9;10;11;12;13;14;15;16;17;18;19;20;21;22;23;24;25;26;27;28;29
A,21.87,g_okr,1.0718398628799828,1.0330414568200381,1.1083790192205785,30,0;1;2;3;4;5;6;7;8;9;10;11;12;13;14;15;16;17;18;19;20;21;22;23;24;25;26;27;28;29
A,21.88,g_okr,1.0720081275933147,1.033219402773544,1.108537201508154,30,0;1;2;3;4;5;6;7;8;9;10;11;12;13;14;15;16;17;18;19;20;21;22;23;24;25;26;27;28;29
A,21.89,g_okr,1.0721809904854493,1.0334007059002728,1.1086974668147302,30,0;1;2;3;4;5;6;7;8;9;10;11;12;13;14;15;16;17;18;19;20;21;22;23;24;25;26;27;28;29
A,21.900000000000002,g_okr,1.0723577937443103,1.0335855224423536,1.1088528073313644,30,0;1;2;3;4;5;6;7;8;9;10;11;12;13;14;15;16;17;18;19;20;21;22;23;24;25;26;27;28;29
A,21.91,g_okr,1.0725387330792977,1.0337763927165449,1.1090046854004758,30,0;1;2;3;4;5;6;7;8;9;10;11;12;13;14;15;16;17;18;19;20;21;22;23;24;25;26;27;28;29
A,21.92,g_okr,1.0727238460576665,1.0339728598212155,1.1091506815160912,30,0;1;2;3;4;5;6;7;8;9;10;11;12;13;14;15;16;17;18;19;20;21;22;23;24;25;26;27;28;29
A,21.93,g_okr,1.0729133656583467,1.0341715844178563,1.1092928940558902,30,0;1;2;3;4;5;6;7;8;9;10;11;12;13;14;15;16;17;18;19;20;21;22;23;24;25;26;27;28;29
A,21.94,g_okr,1.0731080034008122,1.0343745759038523,1.1094324111942322,30,0;1;2;3;4;5;6;7;8;9;10;11;12;13;14;15;16;17;18;19;20;21;22;23;24;25;26;27;28;29
A,21.95,g_okr,1.0733053242318953,1.0345803078663955,1.109567885816521,30,0;1;2;3;4;5;6;7;8;9;10;11;12;13;14;15;16;17;18;19;20;21;22;23;24;25;26;27;28;29
A,21.96,g_okr,1.073506400293781,1.0347903407859709,1.1097005085103537,30,0;1;2;3;4;5;6;7;8;9;10;11;12;13;14;15;16;17;18;19;20;21;22;23;24;25;26;27;28;29
A,21.97,g_okr,1.0737107092560974,1.035004122195572,1.1098322894012558,30,0;1;2;3;4;5;6;7;8;9;10;11;12;13;14;15;16;17;18;19;20;21;22;23;24;25;26;27;28;29
A,21.98,g_okr,1.0739182796924456,1.035218112956653,1.109963122545057,30,0;1;2;3;4;5;6;7;8;9;10;11;12;13;14;15;16;17;18;19;20;21;22;23;24;25;26;27;28;29
A,21.990000000000002,g_okr,1.074130051759996,1.0354377845808198,1.1100917286330243,30,0;1;2;3;4;5;6;7;8;9;10;11;12;13;14;15;16;17;18;19;20;21;22;23;24;25;26;27;28;29
A,22.0,g_okr,1.0743449631845112,1.0356583288601273,1.110219312234613,30,0;1;2;3;4;5;6;7;8;9;10;11;12;13;14;15;16;17;18;19;20;21;22;23;24;25;26;27;28;29
A,22.01,g_okr,1.0745634085227382,1.0358836543828336,1.1103466176929757,30,0;1;2;3;4;5;6;7;8;9;10;11;12;13;14;15;16;17;18;19;20;21;22;23;24;25;26;27;28;29
A,22.02,g_okr,1.0747840124605215,1.0361117933032422,1.1104731426286008,30,0;1;2;3;4;5;6;7;8;9;10;11;12;13;14;15;16;17;18;19;20;21;22;23;24;25;26;27;28;29
A,22.03,g_okr,1.0750069009376457,1.0363461878952331,1.1105992779396965,30,0;1;2;3;4;5;6;7;8;9;10;11;12;13;14;15;16;17;18;19;20;21;22;23;24;25;26;27;28;29
A,22.04,g_okr,1.0752324763038499,1.036583670078715,1.1107255446354938,30,0;1;2;3;4;5;6;7;8;9;10;11;12;13;14;15;16;17;18;19;20;21;22;23;24;25;26;27;28;29
A,22.05,g_okr,1.075460290868666,1.0368259277049225,1.1108493090255183,30,0;1;2;3;4;5;6;7;8;9;10;11;12;13;14;15;16;17;18;19;20;21;22;23;24;25;26;27;28;29
A,22.06,g_okr,1.0756912450322642,1.0370714996535388,1.1109757788798684,30,0;1;2;3;4;5;6;7;8;9;10;11;12;13;14;15;16;17;18;19;20;21;22;23;24;25;26;27;28;29
A,22.07,g_okr,1.0759244574768767,1.0373178157199427,1.111106381320242,30,0;1;2;3;4;5;6;7;8;9;10;11;12;13;14;15;16;17;18;19;20;21;22;23;24;25;26;27;28;29
A,22.080000000000002,g_okr,1.0761598050743804,1.037568390072743,1.1112354750737792,30,0;1;2;3;4;5;6;7;8;9;10;11;12;13;14;15;16;17;18;19;20;21;22;23;24;25;26;27;28;29
A,22.09,g_okr,1.0763969198646923,1.037820499082143,1.111364274036317,30,0;1;2;3;4;5;6;7;8;9;10;11;12;13;14;15;16;17;18;19;20;21;22;23;24;25;26;27;28;29
A,22.1,g_okr,1.0766364374031592,1.038077677111826,1.1114942092069235,30,0;1;2;3;4;5;6;7;8;9;10;11;12;13;14;15;16;17;18;19;20;21;22;23;24;25;26;27;28;29
A,22.11,g_okr,1.0768788292378886,1.0383387840914606,1.1116301157475421,30,0;1;2;3;4;5;6;7;8;9;10;11;12;13;14;15;16;17;18;19;20;21;22;23;24;25;26;27;28;29
A,22.12,g_okr,1.077123123207153,1.0386022777451813,1.1117699132665626,30,0;1;2;3;4;5;6;7;8;9;10;11;12;13;14;15;16;17;18;19;20;21;22;23;24;25;26;27;28;29
A,22.13,g_okr,1.0773693375324889,1.0388698683241264,1.111910053668175,30,0;1;2;3;4;5;6;7;8;9;10;11;12;13;14;15;16;17;18;19;20;21;22;23;24;25;26;27;28;29
A,22.14,g_okr,1.0776186018217189,1.0391355293567595,1.1121922536292443,30,0;1;2;3;4;5;6;7;8;9;10;11;12;13;14;15;16;17;18;19;20;21;22;23;24;25;26;27;28;29
A,22.150000000000002,g_okr,1.0778696584881873,1.0394010194316008,1.1125429254213615,30,0;1;2;3;4;5;6;7;8;9;10;11;12;13;14;15;16;17;18;19;20;21;22;23;24;25;26;27;28;29
A,22.16,g_okr,1.078122218622077,1.0396699567083414,1.1128935756214102,30,0;1;2;3;4;5;6;7;8;9;10;11;12;13;14;15;16;17;18;19;20;21;22;23;24;25;26;27;28;29
A,22.17,g_okr,1.0783770659789687,1.0399411903583369,1.113247639268536,30,0;1;2;3;4;5;6;7;8;9;10;11;12;13;14;15;16;17;18;19;20;21;22;23;24;25;26;27;28;29
A,22.18,g_okr,1.078633549550923,1.0402116949615805,1.1136007067769036,30,0;1;2;3;4;5;6;7;8;9;10;11;12;13;14;15;16;17;18;19;20;21;22;23;24;25;26;27;28;29
A,22.19,g_okr,1.0788920507701816,1.040481347099066,1.1139551656048783,30,0;1;2;3;4;5;6;7;8;9;10;11;12;13;14;15;16;17;18;19;20;21;22;23;24;25;26;27;28;29
A,22.2,g_okr,1.079153024929416,1.0407535677841988,1.114309952893465,30,0;1;2;3;4;5;6;7;8;9;10;11;12;13;14;15;16;17;18;19;20;21;22;23;24;25;26;27;28;29
A,22.21,g_okr,1.0794153465370115,1.041026870279161,1.114665641458841,30,0;1;2;3;4;5;6;7;8;9;10;11;12;13;14;15;16;17;18;19;20;21;22;23;24;25;26;27;28;29
A,22.22,g_okr,1.0796800043316306,1.0413028183100925,1.1150226715417952,30,0;1;2;3;4;5;6;7;8;9;10;11;12;13;14;15;16;17;18;19;20;21;22;23;24;25;26;27;28;29
A,22.23,g_okr,1.079945802303103,1.0415776069734817,1.115381145377931,30,0;1;2;3;4;5;6;7;8;9;10;11;12;13;14;15;16;17;18;19;20;21;22;23;24;25;26;27;28;29
A,22.240000000000002,g_okr,1.0802132836729128,1.0418551037608201,1.115740066331931,30,0;1;2;3;4;5;6;7;8;9;10;11;12;13;14;15;16;17;18;19;20;21;22;23;24;25;26;27;28;29
A,22.25,g_okr,1.080480666018773,1.0421322259750958,1.1161003125525697,30,0;1;2;3;4;5;6;7;8;9;10;11;12;13;14;15;16;17;18;19;20;21;22;23;24;25;26;27;28;29
A,22.26,g_okr,1.0807482212122488,1.0424081877299185,1.116460509591788,30,0;1;2;3;4;5;6;7;8;9;10;11;12;13;14;15;16;17;18;19;20;21;22;23;24;25;26;27;28;29
A,22.27,g_okr,1.0810156500168024,1.0426846406850372,1.1168216656752796,30,0;1;2;3;4;5;6;7;8;9;10;11;12;13;14;15;16;17;18;19;20;21;22;23;24;25;26;27;28;29
A,22.28,g_okr,1.0812826755074043,1.04295975934449,1.1171789331502344,30,0;1;2;3;4;5;6;7;8;9;10;11;12;13;14;15;16;17;18;19;20;21;22;23;24;25;26;27;28;29
A,22.29,g_okr,1.0815503209552453,1.0432366040029581,1.1175357434825848,30,0;1;2;3;4;5;6;7;8;9;10;11;12;13;14;15;16;17;18;19;20;21;22;23;24;25;26;27;28;29
A,22.3,g_okr,1.0818161862239775,1.0435113860988119,1.1178896394852034,30,0;1;2;3;4;5;6;7;8;9;10;11;12;13;14;15;16;17;18;19;20;21;22;23;24;25;26;27;28;29
A,22.31,g_okr,1.0820804330481528,1.0437836546119383,1.1182421068487063,30,0;1;2;3;4;5;6;7;8;9;10;11;12;13;14;15;16;17;18;19;20;21;22;23;24;25;26;27;28;29
A,22.32,g_okr,1.0823427080020207,1.0440551109640523,1.1185906030876556,30,0;1;2;3;4;5;6;7;8;9;10;11;12;13;14;15;16;17;18;19;20;21;22;23;24;25;26;27;28;29
A,22.330000000000002,g_okr,1.0826039845080977,1.0443267625897523,1.118932508312817,30,0;1;2;3;4;5;6;7;8;9;10;11;12;13;14;15;16;17;18;19;20;21;22;23;24;25;26;27;28;29
A,22.34,g_okr,1.0828629513914398,1.0445989513560978,1.1192634055011887,30,0;1;2;3;4;5;6;7;8;9;10;11;12;13;14;15;16;17;18;19;20;21;22;23;24;25;26;27;28;29
A,22.35,g_okr,1.0831194819381615,1.0448717104479857,1.119585020016122,30,0;1;2;3;4;5;6;7;8;9;10;11;12;13;14;15;16;17;18;19;20;21;22;23;24;25;26;27;28;29
A,22.36,g_okr,1.083374509621416,1.0451435347572593,1.1198981687142584,30,0;1;2;3;4;5;6;7;8;9;10;11;12;13;14;15;16;17;18;19;20;21;22;23;24;25;26;27;28;29
A,22.37,g_okr,1.0836272464053174,1.0454121308317421,1.120200748923313,30,0;1;2;3;4;5;6;7;8;9;10;11;12;13;14;15;16;17;18;19;20;21;22;23;24;25;26;27;28;29
A,22.38,g_okr,1.0838774068284995,1.0456767610951208,1.1204930019025003,30,0;1;2;3;4;5;6;7;8;9;10;11;12;13;14;15;16;17;18;19;20;21;22;23;24;25;26;27;28;29
A,22.39,g_okr,1.0841259671744459,1.04594151318327,1.120775980367736,30,0;1;2;3;4;5;6;7;8;9;10;11;12;13;14;15;16;17;18;19;20;21;22;23;24;25;26;27;28;29
A,22.400000000000002,g_okr,1.0843720756646078,1.046203621267065,1.1210512685485226,30,0;1;2;3;4;5;6;7;8;9;10;11;12;13;14;15;16;17;18;19;20;21;22;23;24;25;26;27;28;29
A,22.41,g_okr,1.0846154496840985,1.0464658102071167,1.1213217927704,30,0;1;2;3;4;5;6;7;8;9;10;11;12;13;14;15;16;17;18;19;20;21;22;23;24;25;26;27;28;29
A,22.42,g_okr,1.0848566335903587,1.0467225314896944,1.1215852515304665,30,0;1;2;3;4;5;6;7;8;9;10;11;12;13;14;15;16;17;18;19;20;21;22;23;24;25;26;27;28;29
A,22.43,g_okr,1.0850960458085015,1.0469755648745636,1.121843497346839,30,0;1;2;3;4;5;6;7;8;9;10;11;12;13;14;15;16;17;18;19;20;21;22;23;24;25;26;27;28;29
A,22.44,g_okr,1.0853335475830759,1.047227706831783,1.1220965704586603,30,0;1;2;3;4;5;6;7;8;9;10;11;12;13;14;15;16;17;18;19;20;21;22;23;24;25;26;27;28;29
A,22.45,g_okr,1.0855687181509126,1.047477942196989,1.1223429415058868,30,0;1;2;3;4;5;6;7;8;9;10;11;12;13;14;15;16;17;18;19;20;21;22;23;24;25;26;27;28;29
A,22.46,g_okr,1.0858007742633229,1.047724561590813,1.1225828517602674,30,0;1;2;3;4;5;6;7;8;9;10;11;12;13;14;15;16;17;18;19;20;21;22;23;24;25;26;27;28;29
A,22.47,g_okr,1.086029322105127,1.0479681882385523,1.1228152894153038,30,0;1;2;3;4;5;6;7;8;9;10;11;12;13;14;15;16;17;18;19;20;21;22;23;24;25;26;27;28;29
A,22.48,g_okr,1.0862550038631233,1.048208946073032,1.1230396490664332,30,0;1;2;3;4;5;6;7;8;9;10;11;12;13;14;15;16;17;18;19;20;21;22;23;24;25;26;27;28;29
A,22.490000000000002,g_okr,1.086476841134437,1.0484466250661495,1.1232530353350318,30,0;1;2;3;4;5;6;7;8;9;10;11;12;13;14;15;16;17;18;19;20;21;22;23;24;25;26;27;28;29
A,22.5,g_okr,1.0866953280806866,1.0486839539250623,1.12346141831439,30,0;1;2;3;4;5;6;7;8;9;10;11;12;13;14;15;16;17;18;19;20;21;22;23;24;25;26;27;28;29
A,22.51,g_okr,1.086910546337214,1.048916766773945,1.1236644976040386,30,0;1;2;3;4;5;6;7;8;9;10;11;12;13;14;15;16;17;18;19;20;21;22;23;24;25;26;27;28;29
A,22.52,g_okr,1.0871223773092509,1.049147356979935,1.1238631259049456,30,0;1;2;3;4;5;6;7;8;9;10;11;12;13;14;15;16;17;18;19;20;21;22;23;24;25;26;27;28;29
A,22.53,g_okr,1.0873316772766115,1.0493748306326287,1.1240593638898095,30,0;1;2;3;4;5;6;7;8;9;10;11;12;13;14;15;16;17;18;19;20;21;22;23;24;25;26;27;28;29
A,22.54,g_okr,1.0875371724708367,1.0495991118362127,1.124251141711384,30,0;1;2;3;4;5;6;7;8;9;10;11;12;13;14;15;16;17;18;19;20;21;22;23;24;25;26;27;28;29
A,22.55,g_okr,1.0877385037999054,1.0498172017772778,1.1244343212580357,30,0;1;2;3;4;5;6;7;8;9;10;11;12;13;14;15;16;17;18;19;20;21;22;23;24;25;26;27;28;29
A,22.56,g_okr,1.087935543657559,1.0500269815278478,1.1246106051186304,30,0;1;2;3;4;5;6;7;8;9;10;11;12;13;14;15;16;17;18;19;20;21;22;23;24;25;26;27;28;29
A,22.57,g_okr,1.0881294449723575,1.050237689545745,1.1247816968483233,30,0;1;2;3;4;5;6;7;8;9;10;11;12;13;14;15;16;17;18;19;20;21;22;23;24;25;26;27;28;29
A,22.580000000000002,g_okr,1.0883196117305962,1.050443392236925,1.1249470465533284,30,0;1;2;3;4;5;6;7;8;9;10;11;12;13;14;15;16;17;18;19;20;21;22;23;24;25;26;27;28;29
A,22.59,g_okr,1.0885071397539368,1.0506450137095213,1.125112181673961,30,0;1;2;3;4;5;6;7;8;9;10;11;12;13;14;15;16;17;18;19;20;21;22;23;24;25;26;27;28;29
A,22.6,g_okr,1.0886905195802052,1.0508428453093601,1.1252708745081734,30,0;1;2;3;4;5;6;7;8;9;10;11;12;13;14;15;16;17;18;19;20;21;22;23;24;25;26;27;28;29
A,22.61,g_okr,1.0888689748305747,1.0510358088314542,1.125422624332071,30,0;1;2;3;4;5;6;7;8;9;10;11;12;13;14;15;16;17;18;19;20;21;22;23;24;25;26;27;28;29
A,22.62,g_okr,1.089042648728486,1.0512254340444394,1.1255673435056364,30,0;1;2;3;4;5;6;7;8;9;10;11;12;13;14;15;16;17;18;19;20;21;22;23;24;25;26;27;28;29
A,22.63,g_okr,1.0892113996342667,1.0514131059370513,1.1257053457568589,30,0;1;2;3;4;5;6;7;8;9;10;11;12;13;14;15;16;17;18;19;20;21;22;23;24;25;26;27;28;29
A,22.64,g_okr,1.089375813585942,1.0515971265469204,1.1258391688278138,30,0;1;2;3;4;5;6;7;8;9;10;11;12;13;14;15;16;17;18;19;20;21;22;23;24;25;26;27;28;29
A,22.650000000000002,g_okr,1.0895353005911739,1.0517731551827842,1.1259663141493814,30,0;1;2;3;4;5;6;7;8;9;10;11;12;13;14;15;16;17;18;19;20;21;22;23;24;25;26;27;28;29
A,22.66,g_okr,1.0896898191314688,1.0519459493955179,1.1260917429430122,30,0;1;2;3;4;5;6;7;8;9;10;11;12;13;14;15;16;17;18;19;20;21;22;23;24;25;26;27;28;29
A,22.67,g_okr,1.0898395475672515,1.0521169899090823,1.126208761329268,30,0;1;2;3;4;5;6;7;8;9;10;11;12;13;14;15;16;17;18;19;20;21;22;23;24;25;26;27;28;29
A,22.68,g_okr,1.0899843509619391,1.0522844301039143,1.1263176582669305,30,0;1;2;3;4;5;6;7;8;9;10;11;12;13;14;15;16;17;18;19;20;21;22;23;24;25;26;27;28;29
A,22.69,g_okr,1.0901240478829266,1.0524480947291157,1.1264252274790827,30,0;1;2;3;4;5;6;7;8;9;10;11;12;13;14;15;16;17;18;19;20;21;22;23;24;25;26;27;28;29
A,22.7,g_okr,1.090257871936323,1.0526068686781722,1.1265267412678739,30,0;1;2;3;4;5;6;7;8;9;10;11;12;13;14;15;16;17;18;19;20;21;22;23;24;25;26;27;28;29
A,22.71,g_okr,1.090386424112019,1.0527602732388843,1.1266235284927555,30,0;1;2;3;4;5;6;7;8;9;10;11;12;13;14;15;16;17;18;19;20;21;22;23;24;25;26;27;28;29
A,22.72,g_okr,1.0905114563786336,1.0529084478575468,1.1267114250471895,30,0;1;2;3;4;5;6;7;8;9;10;11;12;13;14;15;16;17;18;19;20;21;22;23;24;25;26;27;28;29
A,22.73,g_okr,1.090631921817725,1.0530513491363418,1.126793059181596,30,0;1;2;3;4;5;6;7;8;9;10;11;12;13;14;15;16;17;18;19;20;21;22;23;24;25;26;27;28;29
A,22.740000000000002,g_okr,1.0907479770850939,1.05318743326831,1.1268684000154705,30,0;1;2;3;4;5;6;7;8;9;10;11;12;13;14;15;16;17;18;19;20;21;22;23;24;25;26;27;28;29
A,22.75,g_okr,1.0908600754357962,1.0533174840936599,1.1269385007441004,30,0;1;2;3;4;5;6;7;8;9;10;11;12;13;14;15;16;17;18;19;20;21;22;23;24;25;26;27;28;29
A,22.76,g_okr,1.090968432130799,1.0534400689620838,1.127005491296917,30,0;1;2;3;4;5;6;7;8;9;10;11;12;13;14;15;16;17;18;19;20;21;22;23;24;25;26;27;28;29
A,22.77,g_okr,1.0910728407079704,1.0535625315814967,1.1270635550647627,30,0;1;2;3;4;5;6;7;8;9;10;11;12;13;14;15;16;17;18;19;20;21;22;23;24;25;26;27;28;29
A,22.78,g_okr,1.0911734362870467,1.05368066133044,1.1271173211388394,30,0;1;2;3;4;5;6;7;8;9;10;11;12;13;14;15;16;17;18;19;20;21;22;23;24;25;26;27;28;29
A,22.79,g_okr,1.0912706071881275,1.0537979426048112,1.1271676601058487,30,0;1;2;3;4;5;6;7;8;9;10;11;12;13;14;15;16;17;18;19;20;21;22;23;24;25;26;27;28;29
A,22.8,g_okr,1.0913637452559055,1.053908835381215,1.1272128012184663,30,0;1;2;3;4;5;6;7;8;9;10;11;12;13;14;15;16;17;18;19;20;21;22;23;24;25;26;27;28;29
A,22.81,g_okr,1.0914523904453373,1.0540193016218675,1.1272529724770208,30,0;1;2;3;4;5;6;7;8;9;10;11;12;13;14;15;16;17;18;19;20;21;22;23;24;25;26;27;28;29
A,22.82,g_okr,1.091536185888852,1.054126289614996,1.1272890177470782,30,0;1;2;3;4;5;6;7;8;9;10;11;12;13;14;15;16;17;18;19;20;21;22;23;24;25;26;27;28;29
A,22.830000000000002,g_okr,1.0916153992602915,1.0542288663319916,1.1273195234929294,30,0;1;2;3;4;5;6;7;8;9;10;11;12;13;14;15;16;17;18;19;20;21;22;23;24;25;26;27;28;29
A,22.84,g_okr,1.0916895349980296,1.0543258712816816,1.127341416378688,30,0;1;2;3;4;5;6;7;8;9;10;11;12;13;14;15;16;17;18;19;20;21;22;23;24;25;26;27;28;29
A,22.85,g_okr,1.091758205671587,1.0544181153341672,1.1273560573905288,30,0;1;2;3;4;5;6;7;8;9;10;11;12;13;14;15;16;17;18;19;20;21;22;23;24;25;26;27;28;29
A,22.86,g_okr,1.0918225410509945,1.05450386689454,1.1273636818302397,30,0;1;2;3;4;5;6;7;8;9;10;11;12;13;14;15;16;17;18;19;20;21;22;23;24;25;26;27;28;29
A,22.87,g_okr,1.0918824391549675,1.05458107709991,1.1273670966455467,30,0;1;2;3;4;5;6;7;8;9;10;11;12;13;14;15;16;17;18;19;20;21;22;23;24;25;26;27;28;29
A,22.88,g_okr,1.0919371851786246,1.054651611228537,1.127365746873474,30,0;1;2;3;4;5;6;7;8;9;10;11;12;13;14;15;16;17;18;19;20;21;22;23;24;25;26;27;28;29
A,22.89,g_okr,1.0919873811963652,1.0547147984810326,1.1273578653602718,30,0;1;2;3;4;5;6;7;8;9;10;11;12;13;14;15;16;17;18;19;20;21;22;23;24;25;26;27;28;29
A,22.900000000000002,g_okr,1.0920332821244514,1.0547738567023577,1.1273523102639873,30,0;1;2;3;4;5;6;7;8;9;10;11;12;13;14;15;16;17;18;19;20;21;22;23;24;25;26;27;28;29
A,22.91,g_okr,1.0920755548327514,1.0548289553523116,1.1273500094973317,30,0;1;2;3;4;5;6;7;8;9;10;11;12;13;14;15;16;17;18;19;20;21;22;23;24;25;26;27;28;29
A,22.92,g_okr,1.0921140279264323,1.0548758976616306,1.1273485087711896,30,0;1;2;3;4;5;6;7;8;9;10;11;12;13;14;15;16;17;18;19;20;21;22;23;24;25;26;27;28;29
A,22.93,g_okr,1.0921505474598594,1.0549175192551234,1.1273527804201233,30,0;1;2;3;4;5;6;7;8;9;10;11;12;13;14;15;16;17;18;19;20;21;22;23;24;25;26;27;28;29
A,22.94,g_okr,1.0921850992158246,1.0549521565225959,1.1273585036655818,30,0;1;2;3;4;5;6;7;8;9;10;11;12;13;14;15;16;17;18;19;20;21;22;23;24;25;26;27;28;29
A,22.95,g_okr,1.0922171909837213,1.0549797088968191,1.1273609327092093,30,0;1;2;3;4;5;6;7;8;9;10;11;12;13;14;15;16;17;18;19;20;21;22;23;24;25;26;27;28;29
A,22.96,g_okr,1.092246886344934,1.0550041182857208,1.1273682635160012,30,0;1;2;3;4;5;6;7;8;9;10;11;12;13;14;15;16;17;18;19;20;21;22;23;24;25;26;27;28;29
A,22.97,g_okr,1.0922753867808983,1.0550217606318302,1.1273803035518801,30,0;1;2;3;4;5;6;7;8;9;10;11;12;13;14;15;16;17;18;19;20;21;22;23;24;25;26;27;28;29
A,22.98,g_okr,1.0923045056576859,1.0550406133557748,1.1273967424931977,30,0;1;2;3;4;5;6;7;8;9;10;11;12;13;14;15;16;17;18;19;20;21;22;23;24;25;26;27;28;29
A,22.990000000000002,g_okr,1.0923341280293717,1.0550578529241956,1.1274193442320708,30,0;1;2;3;4;5;6;7;8;9;10;11;12;13;14;15;16;17;18;19;20;21;22;23;24;25;26;27;28;29
A,23.0,g_okr,1.092365888367499,1.0550810825377117,1.1274474788567774,30,0;1;2;3;4;5;6;7;8;9;10;11;12;13;14;15;16;17;18;19;20;21;22;23;24;25;26;27;28;29
A,23.01,g_okr,1.0923999904722559,1.055105612870581,1.1274815031670569,30,0;1;2;3;4;5;6;7;8;9;10;11;12;13;14;15;16;17;18;19;20;21;22;23;24;25;26;27;28;29
A,23.02,g_okr,1.0924361833459029,1.055131513561045,1.127518653689379,30,0;1;2;3;4;5;6;7;8;9;10;11;12;13;14;15;16;17;18;19;20;21;22;23;24;25;26;27;28;29
A,23.03,g_okr,1.0924769339173368,1.0551607948698354,1.1275605328782117,30,0;1;2;3;4;5;6;7;8;9;10;11;12;13;14;15;16;17;18;19;20;21;22;23;24;25;26;27;28;29
A,23.04,g_okr,1.0925227824620765,1.0551954789881102,1.1276089498136155,30,0;1;2;3;4;5;6;7;8;9;10;11;12;13;14;15;16;17;18;19;20;21;22;23;24;25;26;27;28;29
A,23.05,g_okr,1.0925734914263037,1.055233001646058,1.127667134523677,30,0;1;2;3;4;5;6;7;8;9;10;11;12;13;14;15;16;17;18;19;20;21;22;23;24;25;26;27;28;29
A,23.06,g_okr,1.0926283866605913,1.0552740914593772,1.1277262824365142,30,0;1;2;3;4;5;6;7;8;9;10;11;12;13;14;15;16;17;18;19;20;21;22;23;24;25;26;27;28;29
A,23.07,g_okr,1.0926883103547866,1.0553178573819084,1.1277939365618286,30,0;1;2;3;4;5;6;7;8;9;10;11;12;13;14;15;16;17;18;19;20;21;22;23;24;25;26;27;28;29
A,23.080000000000002,g_okr,1.0927526706741946,1.0553665044274745,1.1278680831220602,30,0;1;2;3;4;5;6;7;8;9;10;11;12;13;14;15;16;17;18;19;20;21;22;23;24;25;26;27;28;29
A,23.09,g_okr,1.0928227291126098,1.0554149145622198,1.1279463475325313,30,0;1;2;3;4;5;6;7;8;9;10;11;12;13;14;15;16;17;18;19;20;21;22;23;24;25;26;27;28;29
A,23.1,g_okr,1.0928983045254836,1.0554679772584836,1.1280285985609555,30,0;1;2;3;4;5;6;7;8;9;10;11;12;13;14;15;16;17;18;19;20;21;22;23;24;25;26;27;28;29
A,23.11,g_okr,1.092978401197365,1.0555230912496443,1.128115332931841,30,0;1;2;3;4;5;6;7;8;9;10;11;12;13;14;15;16;17;18;19;20;21;22;23;24;25;26;27;28;29
A,23.12,g_okr,1.0930631791881864,1.0555819412589917,1.1282084407672335,30,0;1;2;3;4;5;6;7;8;9;10;11;12;13;14;15;16;17;18;19;20;21;22;23;24;25;26;27;28;29
A,23.13,g_okr,1.0931526904629107,1.0556388640152246,1.1283041310825173,30,0;1;2;3;4;5;6;7;8;9;10;11;12;13;14;15;16;17;18;19;20;21;22;23;24;25;26;27;28;29
A,23.14,g_okr,1.0932460920997011,1.0557009214687103,1.1284049153566336,30,0;1;2;3;4;5;6;7;8;9;10;11;12;13;14;15;16;17;18;19;20;21;22;23;24;25;26;27;28;29
A,23.150000000000002,g_okr,1.093343084025838,1.0557656604500965,1.1285121986176383,30,0;1;2;3;4;5;6;7;8;9;10;11;12;13;14;15;16;17;18;19;20;21;22;23;24;25;26;27;28;29
A,23.16,g_okr,1.0934424652911154,1.0558352386660776,1.1286223301622487,30,0;1;2;3;4;5;6;7;8;9;10;11;12;13;14;15;16;17;18;19;20;21;22;23;24;25;26;27;28;29
A,23.17,g_okr,1.0935445387520593,1.0559065177314584,1.1287334946343617,30,0;1;2;3;4;5;6;7;8;9;10;11;12;13;14;15;16;17;18;19;20;21;22;23;24;25;26;27;28;29
A,23.18,g_okr,1.0936497341408011,1.0559794155973163,1.1288499559419551,30,0;1;2;3;4;5;6;7;8;9;10;11;12;13;14;15;16;17;18;19;20;21;22;23;24;25;26;27;28;29
A,23.19,g_okr,1.0937588508157396,1.0560575775487662,1.1289715934213758,30,0;1;2;3;4;5;6;7;8;9;10;11;12;13;14;15;16;17;18;19;20;21;22;23;24;25;26;27;28;29
A,23.2,g_okr,1.0938721781576817,1.0561390493513072,1.1290945015104044,30,0;1;2;3;4;5;6;7;8;9;10;11;12;13;14;15;16;17;18;19;20;21;22;23;24;25;26;27;28;29
A,23.21,g_okr,1.0939899155336787,1.056218011542588,1.129218640148804,30,0;1;2;3;4;5;6;7;8;9;10;11;12;13;14;15;16;17;18;19;20;21;22;23;24;25;26;27;28;29
A,23.22,g_okr,1.0941115206779009,1.0562987457783677,1.1293462880521103,30,0;1;2;3;4;5;6;7;8;9;10;11;12;13;14;15;16;17;18;19;20;21;22;23;24;25;26;27;28;29
A,23.23,g_okr,1.0942371786589022,1.056383165661986,1.1294752024895192,30,0;1;2;3;4;5;6;7;8;9;10;11;12;13;14;15;16;17;18;19;20;21;22;23;24;25;26;27;28;29
A,23.240000000000002,g_okr,1.0943673519325448,1.0564727932726208,1.129607119599393,30,0;1;2;3;4;5;6;7;8;9;10;11;12;13;14;15;16;17;18;19;20;21;22;23;24;25;26;27;28;29
A,23.25,g_okr,1.0945020862063608,1.0565655461065178,1.1297412352063771,30,0;1;2;3;4;5;6;7;8;9;10;11;12;13;14;15;16;17;18;19;20;21;22;23;24;25;26;27;28;29
A,23.26,g_okr,1.09464236678206,1.0566631896846785,1.1298795644905129,30,0;1;2;3;4;5;6;7;8;9;10;11;12;13;14;15;16;17;18;19;20;21;22;23;24;25;26;27;28;29
A,23.27,g_okr,1.0947874992782187,1.0567669434719213,1.130024337211122,30,0;1;2;3;4;5;6;7;8;9;10;11;12;13;14;15;16;17;18;19;20;21;22;23;24;25;26;27;28;29
A,23.28,g_okr,1.0949371386741857,1.0568800553976339,1.130169268611808,30,0;1;2;3;4;5;6;7;8;9;10;11;12;13;14;15;16;17;18;19;20;21;22;23;24;25;26;27;28;29
A,23.29,g_okr,1.0950916183921797,1.0569986837357115,1.1303180989303496,30,0;1;2;3;4;5;6;7;8;9;10;11;12;13;14;15;16;17;18;19;20;21;22;23;24;25;26;27;28;29
A,23.3,g_okr,1.095250534082497,1.0571222537998537,1.130469104713257,30,0;1;2;3;4;5;6;7;8;9;10;11;12;13;14;15;16;17;18;19;20;21;22;23;24;25;26;27;28;29
A,23.31,g_okr,1.0954138219053027,1.0572493171495974,1.1306219532844135,30,0;1;2;3;4;5;6;7;8;9;10;11;12;13;14;15;16;17;18;19;20;21;22;23;24;25;26;27;28;29
A,23.32,g_okr,1.0955817901741745,1.0573786159393057,1.1307767558803,30,0;1;2;3;4;5;6;7;8;9;10;11;12;13;14;15;16;17;18;19;20;21;22;23;24;25;26;27;28;29
A,23.330000000000002,g_okr,1.0957551917379276,1.0575131004417886,1.1309374732571391,30,0;1;2;3;4;5;6;7;8;9;10;11;12;13;14;15;16;17;18;19;20;21;22;23;24;25;26;27;28;29
A,23.34,g_okr,1.0959341239423483,1.0576547664482165,1.1311007752083506,30,0;1;2;3;4;5;6;7;8;9;10;11;12;13;14;15;16;17;18;19;20;21;22;23;24;25;26;27;28;29
A,23.35,g_okr,1.096118079577098,1.0578020412734972,1.1312662001204565,30,0;1;2;3;4;5;6;7;8;9;10;11;12;13;14;15;16;17;18;19;20;21;22;23;24;25;26;27;28;29
A,23.36,g_okr,1.0963063167749987,1.0579574477521974,1.1314307103744512,30,0;1;2;3;4;5;6;7;8;9;10;11;12;13;14;15;16;17;18;19;20;21;22;23;24;25;26;27;28;29
A,23.37,g_okr,1.0964993577524067,1.0581169488902689,1.1315991817506799,30,0;1;2;3;4;5;6;7;8;9;10;11;12;13;14;15;16;17;18;19;20;21;22;23;24;25;26;27;28;29
A,23.38,g_okr,1.0966973613246467,1.0582809031694036,1.1317228642261,30,0;1;2;3;4;5;6;7;8;9;10;11;12;13;14;15;16;17;18;19;20;21;22;23;24;25;26;27;28;29
A,23.39,g_okr,1.0969001867171921,1.0584488101990537,1.1318317649558207,30,0;1;2;3;4;5;6;7;8;9;10;11;12;13;14;15;16;17;18;19;20;21;22;23;24;25;26;27;28;29
A,23.400000000000002,g_okr,1.0971067459066997,1.058621675740779,1.131943344468589,30,0;1;2;3;4;5;6;7;8;9;10;11;12;13;14;15;16;17;18;19;20;21;22;23;24;25;26;27;28;29
A,23.41,g_okr,1.097317351506636,1.0587981354692915,1.1320569302137755,30,0;1;2;3;4;5;6;7;8;9;10;11;12;13;14;15;16;17;18;19;20;21;22;23;24;25;26;27;28;29
A,23.42,g_okr,1.0975325616548197,1.0589815994672016,1.1321739397071329,30,0;1;2;3;4;5;6;7;8;9;10;11;12;13;14;15;16;17;18;19;20;21;22;23;24;25;26;27;28;29
A,23.43,g_okr,1.0977516527358744,1.0591717764416302,1.132295700221482,30,0;1;2;3;4;5;6;7;8;9;10;11;12;13;14;15;16;17;18;19;20;21;22;23;24;25;26;27;28;29
A,23.44,g_okr,1.0979747709518324,1.0593684616575565,1.1324193589064857,30,0;1;2;3;4;5;6;7;8;9;10;11;12;13;14;15;16;17;18;19;20;21;22;23;24;25;26;27;28;29
A,23.45,g_okr,1.098201648211937,1.0595676507843328,1.1325421397983788,30,0;1;2;3;4;5;6;7;8;9;10;11;12;13;14;15;16;17;18;19;20;21;22;23;24;25;26;27;28;29
A,23.46,g_okr,1.0984313150548533,1.0597729627196402,1.1326672497946784,30,0;1;2;3;4;5;6;7;8;9;10;11;12;13;14;15;16;17;18;19;20;21;22;23;24;25;26;27;28;29
A,23.47,g_okr,1.0986637036233957,1.059979622243242,1.1327918936389285,30,0;1;2;3;4;5;6;7;8;9;10;11;12;13;14;15;16;17;18;19;20;21;22;23;24;25;26;27;28;29
A,23.48,g_okr,1.0988994267192982,1.060190767044052,1.1329227740612706,30,0;1;2;3;4;5;6;7;8;9;10;11;12;13;14;15;16;17;18;19;20;21;22;23;24;25;26;27;28;29
A,23.490000000000002,g_okr,1.0991385524252912,1.0604052572055154,1.133055628251377,30,0;1;2;3;4;5;6;7;8;9;10;11;12;13;14;15;16;17;18;19;20;21;22;23;24;25;26;27;28;29
A,23.5,g_okr,1.0993818748285629,1.060622404519687,1.1331892781414645,30,0;1;2;3;4;5;6;7;8;9;10;11;12;13;14;15;16;17;18;19;20;21;22;23;24;25;26;27;28;29
A,23.51,g_okr,1.099629233644176,1.0608439641097502,1.1333265655628781,30,0;1;2;3;4;5;6;7;8;9;10;11;12;13;14;15;16;17;18;19;20;21;22;23;24;25;26;27;28;29
A,23.52,g_okr,1.0998800298636795,1.0610667065272579,1.1334679003902945,30,0;1;2;3;4;5;6;7;8;9;10;11;12;13;14;15;16;17;18;19;20;21;22;23;24;25;26;27;28;29
A,23.53,g_okr,1.1001342605162563,1.0612920172016764,1.1336102153231011,30,0;1;2;3;4;5;6;7;8;9;10;11;12;13;14;15;16;17;18;19;20;21;22;23;24;25;26;27;28;29
A,23.54,g_okr,1.1003912902457056,1.0615198298352688,1.13375669747475,30,0;1;2;3;4;5;6;7;8;9;10;11;12;13;14;15;16;17;18;19;20;21;22;23;24;25;26;27;28;29
A,23.55,g_okr,1.1006513526406339,1.061749565833308,1.1339056920159587,30,0;1;2;3;4;5;6;7;8;9;10;11;12;13;14;15;16;17;18;19;20;21;22;23;24;25;26;27;28;29
A,23.56,g_okr,1.1009139336867373,1.0619811863788033,1.134054393730393,30,0;1;2;3;4;5;6;7;8;9;10;11;12;13;14;15;16;17;18;19;20;21;22;23;24;25;26;27;28;29
A,23.57,g_okr,1.1011798523983078,1.0622190118263357,1.134203495771195,30,0;1;2;3;4;5;6;7;8;9;10;11;12;13;14;15;16;17;18;19;20;21;22;23;24;25;26;27;28;29
A,23.580000000000002,g_okr,1.1014491955472108,1.0624623266597522,1.1343587626249807,30,0;1;2;3;4;5;6;7;8;9;10;11;12;13;14;15;16;17;18;19;20;21;22;23;24;25;26;27;28;29
A,23.59,g_okr,1.1017220169177304,1.0627133468552574,1.1345180364205891,30,0;1;2;3;4;5;6;7;8;9;10;11;12;13;14;15;16;17;18;19;20;21;22;23;24;25;26;27;28;29
A,23.6,g_okr,1.1019966772823824,1.0629717599307407,1.1346794549689212,30,0;1;2;3;4;5;6;7;8;9;10;11;12;13;14;15;16;17;18;19;20;21;22;23;24;25;26;27;28;29
A,23.61,g_okr,1.1022736610050474,1.0632315118885522,1.1348441704261265,30,0;1;2;3;4;5;6;7;8;9;10;11;12;13;14;15;16;17;18;19;20;21;22;23;24;25;26;27;28;29
A,23.62,g_okr,1.1025532464974168,1.0634983816715724,1.135010761238798,30,0;1;2;3;4;5;6;7;8;9;10;11;12;13;14;15;16;17;18;19;20;21;22;23;24;25;26;27;28;29
A,23.63,g_okr,1.1028356512616084,1.063766851842199,1.1351753516240486,30,0;1;2;3;4;5;6;7;8;9;10;11;12;13;14;15;16;17;18;19;20;21;22;23;24;25;26;27;28;29
A,23.64,g_okr,1.103120626525264,1.064036491121952,1.135339434255546,30,0;1;2;3;4;5;6;7;8;9;10;11;12;13;14;15;16;17;18;19;20;21;22;23;24;25;26;27;28;29
A,23.650000000000002,g_okr,1.1034082656103743,1.0643095778356766,1.1355044647219488,30,0;1;2;3;4;5;6;7;8;9;10;11;12;13;14;15;16;17;18;19;20;21;22;23;24;25;26;27;28;29
A,23.66,g_okr,1.1036977245105644,1.06458422831955,1.1356714895612294,30,0;1;2;3;4;5;6;7;8;9;10;11;12;13;14;15;16;17;18;19;20;21;22;23;24;25;26;27;28;29
A,23.67,g_okr,1.1039889082469996,1.06485927438713,1.135840639305202,30,0;1;2;3;4;5;6;7;8;9;10;11;12;13;14;15;16;17;18;19;20;21;22;23;24;25;26;27;28;29
A,23.68,g_okr,1.1042817716549764,1.0651348022659537,1.136142103698386,30,0;1;2;3;4;5;6;7;8;9;10;11;12;13;14;15;16;17;18;19;20;21;22;23;24;25;26;27;28;29
A,23.69,g_okr,1.1045760794939734,1.0654134213782391,1.1365078621835785,30,0;1;2;3;4;5;6;7;8;9;10;11;12;13;14;15;16;17;18;19;20;21;22;23;24;25;26;27;28;29
A,23.7,g_okr,1.1048707968107296,1.0656940284029817,1.1368720969214974,30,0;1;2;3;4;5;6;7;8;9;10;11;12;13;14;15;16;17;18;19;20;21;22;23;24;25;26;27;28;29
A,23.71,g_okr,1.1051661519351395,1.0659771269168725,1.1372355273991417,30,0;1;2;3;4;5;6;7;8;9;10;11;12;13;14;15;16;17;18;19;20;21;22;23;24;25;26;27;28;29
A,23.72,g_okr,1.1054619088115352,1.0662616031950145,1.1375996869017089,30,0;1;2;3;4;5;6;7;8;9;10;11;12;13;14;15;16;17;18;19;20;21;22;23;24;25;26;27;28;29
A,23.73,g_okr,1.1057581137594037,1.0665454767617615,1.1379629982388222,30,0;1;2;3;4;5;6;7;8;9;10;11;12;13;14;15;16;17;18;19;20;21;22;23;24;25;26;27;28;29
A,23.740000000000002,g_okr,1.1060537750821002,1.0668312943800984,1.1383276612713529,30,0;1;2;3;4;5;6;7;8;9;10;11;12;13;14;15;16;17;18;19;20;21;22;23;24;25;26;27;28;29
A,23.75,g_okr,1.1063486780007459,1.0671185658060172,1.1386939669202913,30,0;1;2;3;4;5;6;7;8;9;10;11;12;13;14;15;16;17;18;19;20;21;22;23;24;25;26;27;28;29
A,23.76,g_okr,1.1066439861865898,1.0674067019331694,1.1390585669588233,30,0;1;2;3;4;5;6;7;8;9;10;11;12;13;14;15;16;17;18;19;20;21;22;23;24;25;26;27;28;29
A,23.77,g_okr,1.1069383301430276,1.0676896237900122,1.139424657912497,30,0;1;2;3;4;5;6;7;8;9;10;11;12;13;14;15;16;17;18;19;20;21;22;23;24;25;26;27;28;29
A,23.78,g_okr,1.1072312488354925,1.0679711996180887,1.1397803204028045,30,0;1;2;3;4;5;6;7;8;9;10;11;12;13;14;15;16;17;18;19;20;21;22;23;24;25;26;27;28;29
A,23.79,g_okr,1.107523557161626,1.0682512567514226,1.14012638565036,30,0;1;2;3;4;5;6;7;8;9;10;11;12;13;14;15;16;17;18;19;20;21;22;23;24;25;26;27;28;29
A,23.8,g_okr,1.107814460194186,1.0685340255010616,1.1404656835260718,30,0;1;2;3;4;5;6;7;8;9;10;11;12;13;14;15;16;17;18;19;20;21;22;23;24;25;26;27;28;29
A,23.81,g_okr,1.1081034002392807,1.068816215890529,1.1407921493522373,30,0;1;2;3;4;5;6;7;8;9;10;11;12;13;14;15;16;17;18;19;20;21;22;23;24;25;26;27;28;29
A,23.82,g_okr,1.108391379713935,1.069098185801533,1.141109319906852,30,0;1;2;3;4;5;6;7;8;9;10;11;12;13;14;15;16;17;18;19;20;21;22;23;24;25;26;27;28;29
A,23.830000000000002,g_okr,1.108677546639122,1.069376642748779,1.1414193121176268,30,0;1;2;3;4;5;6;7;8;9;10;11;12;13;14;15;16;17;18;19;20;21;22;23;24;25;26;27;28;29
A,23.84,g_okr,1.108962408866397,1.0696533671895503,1.1417177871414026,30,0;1;2;3;4;5;6;7;8;9;10;11;12;13;14;15;16;17;18;19;20;21;22;23;24;25;26;27;28;29
A,23.85,g_okr,1.109245648391412,1.0699315980014714,1.142007758137136,30,0;1;2;3;4;5;6;7;8;9;10;11;12;13;14;15;16;17;18;19;20;21;22;23;24;25;26;27;28;29
A,23.86,g_okr,1.1095267931921384,1.0702041041864774,1.1422880322218345,30,0;1;2;3;4;5;6;7;8;9;10;11;12;13;14;15;16;17;18;19;20;21;22;23;24;25;26;27;28;29
A,23.87,g_okr,1.1098047549390604,1.0704726611445994,1.1425580602698302,30,0;1;2;3;4;5;6;7;8;9;10;11;12;13;14;15;16;17;18;19;20;21;22;23;24;25;26;27;28;29
A,23.88,g_okr,1.1100791089917157,1.070735794312875,1.1428199841990774,30,0;1;2;3;4;5;6;7;8;9;10;11;12;13;14;15;16;17;18;19;20;21;22;23;24;25;26;27;28;29
A,23.89,g_okr,1.1103499895144475,1.0709938522864737,1.1430747883178254,30,0;1;2;3;4;5;6;7;8;9;10;11;12;13;14;15;16;17;18;19;20;21;22;23;24;25;26;27;28;29
A,23.900000000000002,g_okr,1.1106175037326964,1.0712500882625715,1.1433214928537574,30,0;1;2;3;4;5;6;7;8;9;10;11;12;13;14;15;16;17;18;19;20;21;22;23;24;25;26;27;28;29
A,23.91,g_okr,1.110880719556172,1.0715035981344772,1.1435588211716665,30,0;1;2;3;4;5;6;7;8;9;10;11;12;13;14;15;16;17;18;19;20;21;22;23;24;25;26;27;28;29
A,23.92,g_okr,1.1111400214088814,1.0717522237681116,1.1437861009112584,30,0;1;2;3;4;5;6;7;8;9;10;11;12;13;14;15;16;17;18;19;20;21;22;23;24;25;26;27;28;29
A,23.93,g_okr,1.1113953951372533,1.0719976699144784,1.144004725630206,30,0;1;2;3;4;5;6;7;8;9;10;11;12;13;14;15;16;17;18;19;20;21;22;23;24;25;26;27;28;29
A,23.94,g_okr,1.1116469477004414,1.0722403802829126,1.1442180698038713,30,0;1;2;3;4;5;6;7;8;9;10;11;12;13;14;15;16;17;18;19;20;21;22;23;24;25;26;27;28;29
A,23.95,g_okr,1.1118944152817714,1.0724783747122617,1.144420348687526,30,0;1;2;3;4;5;6;7;8;9;10;11;12;13;14;15;16;17;18;19;20;21;22;23;24;25;26;27;28;29
A,23.96,g_okr,1.1121373672221622,1.0727133154072452,1.1446155056683456,30,0;1;2;3;4;5;6;7;8;9;10;11;12;13;14;15;16;17;18;19;20;21;22;23;24;25;26;27;28;29
A,23.97,g_okr,1.1123763772060484,1.0729439592061527,1.1448072840803964,30,0;1;2;3;4;5;6;7;8;9;10;11;12;13;14;15;16;17;18;19;20;21;22;23;24;25;26;27;28;29
A,23.98,g_okr,1.1126115278354107,1.0731746768423989,1.144993321884925,30,0;1;2;3;4;5;6;7;8;9;10;11;12;13;14;15;16;17;18;19;20;21;22;23;24;25;26;27;28;29
A,23.990000000000002,g_okr,1.112842411652971,1.073397559907837,1.1451735390411142,30,0;1;2;3;4;5;6;7;8;9;10;11;12;13;14;15;16;17;18;19;20;21;22;23;24;25;26;27;28;29
A,24.0,g_okr,1.1130685310853872,1.07361721160564,1.145345360849311,30,0;1;2;3;4;5;6;7;8;9;10;11;12;13;14;15;16;17;18;19;20;21;22;23;24;25;26;27;28;29
A,24.01,g_okr,1.1132901344796418,1.0738318205921487,1.1455143452359575,30,0;1;2;3;4;5;6;7;8;9;10;11;12;13;14;15;16;17;18;19;20;21;22;23;24;25;26;27;28;29
A,24.02,g_okr,1.113506978019018,1.0740424493245837,1.145679429979276,30,0;1;2;3;4;5;6;7;8;9;10;11;12;13;14;15;16;17;18;19;20;21;22;23;24;25;26;27;28;29
A,24.03,g_okr,1.1137200674452123,1.0742514954040272,1.1458399523645642,30,0;1;2;3;4;5;6;7;8;9;10;11;12;13;14;15;16;17;18;19;20;21;22;23;24;25;26;27;28;29
A,24.04,g_okr,1.1139280978686945,1.0744544234169935,1.1459944483539146,30,0;1;2;3;4;5;6;7;8;9;10;11;12;13;14;15;16;17;18;19;20;21;22;23;24;25;26;27;28;29
A,24.05,g_okr,1.1141311073563194,1.0746499421820586,1.1461430769934216,30,0;1;2;3;4;5;6;7;8;9;10;11;12;13;14;15;16;17;18;19;20;21;22;23;24;25;26;27;28;29
A,24.060000000000002,g_okr,1.114329296135809,1.0748410115012017,1.1462861708935728,30,0;1;2;3;4;5;6;7;8;9;10;11;12;13;14;15;16;17;18;19;20;21;22;23;24;25;26;27;28;29
A,24.07,g_okr,1.1145218778870993,1.0750267261756759,1.1464219096154946,30,0;1;2;3;4;5;6;7;8;9;10;11;12;13;14;15;16;17;18;19;20;21;22;23;24;25;26;27;28;29
A,24.080000000000002,g_okr,1.114709119156646,1.075207201973946,1.146550730133084,30,0;1;2;3;4;5;6;7;8;9;10;11;12;13;14;15;16;17;18;19;20;21;22;23;24;25;26;27;28;29
A,24.09,g_okr,1.1148893896962726,1.0753805645485053,1.146670373901171,30,0;1;2;3;4;5;6;7;8;9;10;11;12;13;14;15;16;17;18;19;20;21;22;23;24;25;26;27;28;29
A,24.1,g_okr,1.115063554437516,1.0755486968609762,1.1467800579169243,30,0;1;2;3;4;5;6;7;8;9;10;11;12;13;14;15;16;17;18;19;20;21;22;23;24;25;26;27;28;29
A,24.11,g_okr,1.1152327187770334,1.0757096683520866,1.1468854512263404,30,0;1;2;3;4;5;6;7;8;9;10;11;12;13;14;15;16;17;18;19;20;21;22;23;24;25;26;27;28;29
A,24.12,g_okr,1.1153956345695326,1.0758711752080796,1.146981110874272,30,0;1;2;3;4;5;6;7;8;9;10;11;12;13;14;15;16;17;18;19;20;21;22;23;24;25;26;27;28;29
A,24.13,g_okr,1.1155518221227587,1.0760292510346592,1.1470710369581447,30,0;1;2;3;4;5;6;7;8;9;10;11;12;13;14;15;16;17;18;19;20;21;22;23;24;25;26;27;28;29
A,24.14,g_okr,1.1157017775564475,1.0761854624851583,1.1471552514241459,30,0;1;2;3;4;5;6;7;8;9;10;11;12;13;14;15;16;17;18;19;20;21;22;23;24;25;26;27;28;29
A,24.150000000000002,g_okr,1.1158456714447724,1.0763374090846638,1.1472339265557292,30,0;1;2;3;4;5;6;7;8;9;10;11;12;13;14;15;16;17;18;19;20;21;22;23;24;25;26;27;28;29
A,24.16,g_okr,1.1159839119379054,1.076483506341301,1.1473070552126177,30,0;1;2;3;4;5;6;7;8;9;10;11;12;13;14;15;16;17;18;19;20;21;22;23;24;25;26;27;28;29
A,24.17,g_okr,1.1161165910996715,1.076621694011775,1.1473785402917442,30,0;1;2;3;4;5;6;7;8;9;10;11;12;13;14;15;16;17;18;19;20;21;22;23;24;25;26;27;28;29
A,24.18,g_okr,1.1162441692139653,1.0767522828838512,1.1475396106478994,30,0;1;2;3;4;5;6;7;8;9;10;11;12;13;14;15;16;17;18;19;20;21;22;23;24;25;26;27;28;29
A,24.19,g_okr,1.1163652070980612,1.0768772548597876,1.147749850684554,30,0;1;2;3;4;5;6;7;8;9;10;11;12;13;14;15;16;17;18;19;20;21;22;23;24;25;26;27;28;29
A,24.2,g_okr,1.1164808093727732,1.0769974011841499,1.147952883778082,30,0;1;2;3;4;5;6;7;8;9;10;11;12;13;14;15;16;17;18;19;20;21;22;23;24;25;26;27;28;29
A,24.21,g_okr,1.116590946513622,1.077110152761807,1.148151327997217,30,0;1;2;3;4;5;6;7;8;9;10;11;12;13;14;15;16;17;18;19;20;21;22;23;24;25;26;27;28;29
A,24.22,g_okr,1.1166954131004834,1.0772164062633054,1.1483423078810302,30,0;1;2;3;4;5;6;7;8;9;10;11;12;13;14;15;16;17;18;19;20;21;22;23;24;25;26;27;28;29
A,24.23,g_okr,1.1167947115761698,1.0773170241757857,1.1485256654305382,30,0;1;2;3;4;5;6;7;8;9;10;11;12;13;14;15;16;17;18;19;20;21;22;23;24;25;26;27;28;29
A,24.240000000000002,g_okr,1.116888800770127,1.0774131875862933,1.148701520874278,30,0;1;2;3;4;5;6;7;8;9;10;11;12;13;14;15;16;17;18;19;20;21;22;23;24;25;26;27;28;29
A,24.25,g_okr,1.116977237578713,1.0775003089942004,1.1488736118933116,30,0;1;2;3;4;5;6;7;8;9;10;11;12;13;14;15;16;17;18;19;20;21;22;23;24;25;26;27;28;29
A,24.26,g_okr,1.1170600463147493,1.0775816819860113,1.1490401378887916,30,0;1;2;3;4;5;6;7;8;9;10;11;12;13;14;15;16;17;18;19;20;21;22;23;24;25;26;27;28;29
A,24.27,g_okr,1.1171376000800397,1.0776562575606141,1.1491987488144213,30,0;1;2;3;4;5;6;7;8;9;10;11;12;13;14;15;16;17;18;19;20;21;22;23;24;25;26;27;28;29
A,24.28,g_okr,1.1172095164747957,1.0777235148822182,1.149351410190957,30,0;1;2;3;4;5;6;7;8;9;10;11;12;13;14;15;16;17;18;19;20;21;22;23;24;25;26;27;28;29
A,24.29,g_okr,1.1172770726572965,1.0777821801500507,1.1494998540132926,30,0;1;2;3;4;5;6;7;8;9;10;11;12;13;14;15;16;17;18;19;20;21;22;23;24;25;26;27;28;29
A,24.3,g_okr,1.1173386428992902,1.0778356680093384,1.1496428121226978,30,0;1;2;3;4;5;6;7;8;9;10;11;12;13;14;15;16;17;18;19;20;21;22;23;24;25;26;27;28;29
A,24.310000000000002,g_okr,1.1173940335715469,1.077881401316036,1.149777706874464,30,0;1;2;3;4;5;6;7;8;9;10;11;12;13;14;15;16;17;18;19;20;21;22;23;24;25;26;27;28;29
A,24.32,g_okr,1.1174436667941747,1.0779185049699855,1.1499021800881963,30,0;1;2;3;4;5;6;7;8;9;10;11;12;13;14;15;16;17;18;19;20;21;22;23;24;25;26;27;28;29
A,24.330000000000002,g_okr,1.117487891212686,1.0779475722806107,1.1500221562103363,30,0;1;2;3;4;5;6;7;8;9;10;11;12;13;14;15;16;17;18;19;20;21;22;23;24;25;26;27;28;29
A,24.34,g_okr,1.1175264753862877,1.0779698182522808,1.1501362797933503,30,0;1;2;3;4;5;6;7;8;9;10;11;12;13;14;15;16;17;18;19;20;21;22;23;24;25;26;27;28;29
A,24.35,g_okr,1.1175589778652495,1.0779817580476403,1.1502429013815008,30,0;1;2;3;4;5;6;7;8;9;10;11;12;13;14;15;16;17;18;19;20;21;22;23;24;25;26;27;28;29
A,24.36,g_okr,1.1175862493536273,1.0779889229251212,1.1503401622893985,30,0;1;2;3;4;5;6;7;8;9;10;11;12;13;14;15;16;17;18;19;20;21;22;23;24;25;26;27;28;29
A,24.37,g_okr,1.1176092557011545,1.077992273364857,1.1504321483725024,30,0;1;2;3;4;5;6;7;8;9;10;11;12;13;14;15;16;17;18;19;20;21;22;23;24;25;26;27;28;29
A,24.38,g_okr,1.1176272800189524,1.0779852336866713,1.1505157556994432,30,0;1;2;3;4;5;6;7;8;9;10;11;12;13;14;15;16;17;18;19;20;21;22;23;24;25;26;27;28;29
A,24.39,g_okr,1.1176424429103287,1.0779701174632998,1.1505913986180893,30,0;1;2;3;4;5;6;7;8;9;10;11;12;13;14;15;16;17;18;19;20;21;22;23;24;25;26;27;28;29
A,24.400000000000002,g_okr,1.1176557038002524,1.0779499653618372,1.1506566388544668,30,0;1;2;3;4;5;6;7;8;9;10;11;12;13;14;15;16;17;18;19;20;21;22;23;24;25;26;27;28;29
A,24.41,g_okr,1.117669095224698,1.0779268520389411,1.1507163809118945,30,0;1;2;3;4;5;6;7;8;9;10;11;12;13;14;15;16;17;18;19;20;21;22;23;24;25;26;27;28;29
A,24.42,g_okr,1.1176850093344295,1.0779103367579674,1.1507730826740041,30,0;1;2;3;4;5;6;7;8;9;10;11;12;13;14;15;16;17;18;19;20;21;22;23;24;25;26;27;28;29
A,24.43,g_okr,1.11770297427028,1.0779013675713902,1.150825473600944,30,0;1;2;3;4;5;6;7;8;9;10;11;12;13;14;15;16;17;18;19;20;21;22;23;24;25;26;27;28;29
A,24.44,g_okr,1.1177239220395534,1.077901215922659,1.1508627386692312,30,0;1;2;3;4;5;6;7;8;9;10;11;12;13;14;15;16;17;18;19;20;21;22;23;24;25;26;27;28;29
A,24.45,g_okr,1.1177489959669347,1.0779086581388795,1.1508927530307274,30,0;1;2;3;4;5;6;7;8;9;10;11;12;13;14;15;16;17;18;19;20;21;22;23;24;25;26;27;28;29
A,24.46,g_okr,1.1177774029738885,1.0779217235867478,1.150911307646979,30,0;1;2;3;4;5;6;7;8;9;10;11;12;13;14;15;16;17;18;19;20;21;22;23;24;25;26;27;28;29
A,24.47,g_okr,1.1178109002845293,1.0779426990110332,1.1509206467776427,30,0;1;2;3;4;5;6;7;8;9;10;11;12;13;14;15;16;17;18;19;20;21;22;23;24;25;26;27;28;29
A,24.48,g_okr,1.1178501315611677,1.0779704002409276,1.1509148214668476,30,0;1;2;3;4;5;6;7;8;9;10;11;12;13;14;15;16;17;18;19;20;21;22;23;24;25;26;27;28;29
A,24.490000000000002,g_okr,1.1178955887994133,1.0780005565303707,1.15090630866836,30,0;1;2;3;4;5;6;7;8;9;10;11;12;13;14;15;16;17;18;19;20;21;22;23;24;25;26;27;28;29
A,24.5,g_okr,1.1179479722810493,1.078039309944248,1.1509085203494402,30,0;1;2;3;4;5;6;7;8;9;10;11;12;13;14;15;16;17;18;19;20;21;22;23;24;25;26;27;28;29
A,24.51,g_okr,1.1180077030277318,1.0780861041407135,1.1509252757184263,30,0;1;2;3;4;5;6;7;8;9;10;11;12;13;14;15;16;17;18;19;20;21;22;23;24;25;26;27;28;29
A,24.52,g_okr,1.1180749742187834,1.0781417732530023,1.1509553788523545,30,0;1;2;3;4;5;6;7;8;9;10;11;12;13;14;15;16;17;18;19;20;21;22;23;24;25;26;27;28;29
A,24.53,g_okr,1.1181492601310516,1.0782082965157151,1.1509992566543799,30,0;1;2;3;4;5;6;7;8;9;10;11;12;13;14;15;16;17;18;19;20;21;22;23;24;25;26;27;28;29
A,24.54,g_okr,1.1182307860474077,1.078282611281481,1.151058213152259,30,0;1;2;3;4;5;6;7;8;9;10;11;12;13;14;15;16;17;18;19;20;21;22;23;24;25;26;27;28;29
A,24.55,g_okr,1.1183188496885144,1.0783629355966247,1.151127278159555,30,0;1;2;3;4;5;6;7;8;9;10;11;12;13;14;15;16;17;18;19;20;21;22;23;24;25;26;27;28;29
A,24.560000000000002,g_okr,1.1184143906657755,1.0784494343855584,1.1512056738481216,30,0;1;2;3;4;5;6;7;8;9;10;11;12;13;14;15;16;17;18;19;20;21;22;23;24;25;26;27;28;29
A,24.57,g_okr,1.1185167104701352,1.0785422441352384,1.151294797704078,30,0;1;2;3;4;5;6;7;8;9;10;11;12;13;14;15;16;17;18;19;20;21;22;23;24;25;26;27;28;29
A,24.580000000000002,g_okr,1.1186265101757726,1.0786409412498479,1.1513980078510837,30,0;1;2;3;4;5;6;7;8;9;10;11;12;13;14;15;16;17;18;19;20;21;22;23;24;25;26;27;28;29
A,24.59,g_okr,1.118743439294008,1.078747529764797,1.151512592311824,30,0;1;2;3;4;5;6;7;8;9;10;11;12;13;14;15;16;17;18;19;20;21;22;23;24;25;26;27;28;29
A,24.6,g_okr,1.1188667369107297,1.0788614197351907,1.1516341228509666,30,0;1;2;3;4;5;6;7;8;9;10;11;12;13;14;15;16;17;18;19;20;21;22;23;24;25;26;27;28;29
A,24.61,g_okr,1.118996986423274,1.0789842020351652,1.1517674641693976,30,0;1;2;3;4;5;6;7;8;9;10;11;12;13;14;15;16;17;18;19;20;21;22;23;24;25;26;27;28;29
A,24.62,g_okr,1.1191335525610684,1.0791131512039367,1.1519096434917204,30,0;1;2;3;4;5;6;7;8;9;10;11;12;13;14;15;16;17;18;19;20;21;22;23;24;25;26;27;28;29
A,24.63,g_okr,1.119276904729639,1.0792486752328583,1.1520622663743478,30,0;1;2;3;4;5;6;7;8;9;10;11;12;13;14;15;16;17;18;19;20;21;22;23;24;25;26;27;28;29
A,24.64,g_okr,1.1194268253311475,1.0793890440508003,1.152225446185562,30,0;1;2;3;4;5;6;7;8;9;10;11;12;13;14;15;16;17;18;19;20;21;22;23;24;25;26;27;28;29
A,24.650000000000002,g_okr,1.119582680588177,1.0795335643531876,1.152394939175946,30,0;1;2;3;4;5;6;7;8;9;10;11;12;13;14;15;16;17;18;19;20;21;22;23;24;25;26;27;28;29
A,24.66,g_okr,1.119744179913878,1.0796848422833316,1.1525696461738528,30,0;1;2;3;4;5;6;7;8;9;10;11;12;13;14;15;16;17;18;19;20;21;22;23;24;25;26;27;28;29
A,24.67,g_okr,1.1199111237269683,1.079841516185696,1.1527534525003544,30,0;1;2;3;4;5;6;7;8;9;10;11;12;13;14;15;16;17;18;19;20;21;22;23;24;25;26;27;28;29
A,24.68,g_okr,1.1200837860128332,1.0800038118614215,1.1529420731938103,30,0;1;2;3;4;5;6;7;8;9;10;11;12;13;14;15;16;17;18;19;20;21;22;23;24;25;26;27;28;29
A,24.69,g_okr,1.1202627034934869,1.0801730640683176,1.1531417326738238,30,0;1;2;3;4;5;6;7;8;9;10;11;12;13;14;15;16;17;18;19;20;21;22;23;24;25;26;27;28;29
A,24.7,g_okr,1.120447791302024,1.0803485514457343,1.153347409162859,30,0;1;2;3;4;5;6;7;8;9;10;11;12;13;14;15;16;17;18;19;20;21;22;23;24;25;26;27;28;29
A,24.71,g_okr,1.1206385066311593,1.0805310846056153,1.1535632239352553,30,0;1;2;3;4;5;6;7;8;9;10;11;12;13;14;15;16;17;18;19;20;21;22;23;24;25;26;27;28;29
A,24.72,g_okr,1.1208345040380352,1.0807168384255057,1.1537841112586993,30,0;1;2;3;4;5;6;7;8;9;10;11;12;13;14;15;16;17;18;19;20;21;22;23;24;25;26;27;28;29
A,24.73,g_okr,1.1210362116654338,1.0809099837673026,1.1540126289373207,30,0;1;2;3;4;5;6;7;8;9;10;11;12;13;14;15;16;17;18;19;20;21;22;23;24;25;26;27;28;29
A,24.740000000000002,g_okr,1.1212438031646021,1.081107852072791,1.154247840644149,30,0;1;2;3;4;5;6;7;8;9;10;11;12;13;14;15;16;17;18;19;20;21;22;23;24;25;26;27;28;29
A,24.75,g_okr,1.1214560227636359,1.0813149326357687,1.1544872513569628,30,0;1;2;3;4;5;6;7;8;9;10;11;12;13;14;15;16;17;18;19;20;21;22;23;24;25;26;27;28;29
A,24.76,g_okr,1.1216727346844995,1.0815272063306711,1.15473124437773,30,0;1;2;3;4;5;6;7;8;9;10;11;12;13;14;15;16;17;18;19;20;21;22;23;24;25;26;27;28;29
A,24.77,g_okr,1.1218946779697216,1.0817429095142392,1.1549805558052366,30,0;1;2;3;4;5;6;7;8;9;10;11;12;13;14;15;16;17;18;19;20;21;22;23;24;25;26;27;28;29
A,24.78,g_okr,1.1221206249789595,1.0819628926814477,1.1552335319105882,30,0;1;2;3;4;5;6;7;8;9;10;11;12;13;14;15;16;17;18;19;20;21;22;23;24;25;26;27;28;29
A,24.79,g_okr,1.122351478099535,1.082186933900398,1.1554934658171783,30,0;1;2;3;4;5;6;7;8;9;10;11;12;13;14;15;16;17;18;19;20;21;22;23;24;25;26;27;28;29
A,24.8,g_okr,1.1225871856232628,1.0824143343341417,1.1557552646968312,30,0;1;2;3;4;5;6;7;8;9;10;11;12;13;14;15;16;17;18;19;20;21;22;23;24;25;26;27;28;29
A,24.810000000000002,g_okr,1.122827622341558,1.0826466993266974,1.1560222853433475,30,0;1;2;3;4;5;6;7;8;9;10;11;12;13;14;15;16;17;18;19;20;21;22;23;24;25;26;27;28;29
A,24.82,g_okr,1.1230720195797217,1.0828853387508504,1.156291601626567,30,0;1;2;3;4;5;6;7;8;9;10;11;12;13;14;15;16;17;18;19;20;21;22;23;24;25;26;27;28;29
A,24.830000000000002,g_okr,1.123319766965337,1.0831282895195937,1.1565684586199059,30,0;1;2;3;4;5;6;7;8;9;10;11;12;13;14;15;16;17;18;19;20;21;22;23;24;25;26;27;28;29
A,24.84,g_okr,1.1235715620271232,1.0833756969678214,1.156848296898666,30,0;1;2;3;4;5;6;7;8;9;10;11;12;13;14;15;16;17;18;19;20;21;22;23;24;25;26;27;28;29
A,24.85,g_okr,1.1238268968035903,1.0836277301168877,1.1571332612989977,30,0;1;2;3;4;5;6;7;8;9;10;11;12;13;14;15;16;17;18;19;20;21;22;23;24;25;26;27;28;29
A,24.86,g_okr,1.12408584626604,1.0838814763331457,1.157421083651988,30,0;1;2;3;4;5;6;7;8;9;10;11;12;13;14;15;16;17;18;19;20;21;22;23;24;25;26;27;28;29
A,24.87,g_okr,1.1243482566227523,1.0841386064095364,1.1577100988478337,30,0;1;2;3;4;5;6;7;8;9;10;11;12;13;14;15;16;17;18;19;20;21;22;23;24;25;26;27;28;29
A,24.88,g_okr,1.1246154118674354,1.084396210722848,1.1580030663356577,30,0;1;2;3;4;5;6;7;8;9;10;11;12;13;14;15;16;17;18;19;20;21;22;23;24;25;26;27;28;29
A,24.89,g_okr,1.1248855845617711,1.084659060093797,1.1582997990408128,30,0;1;2;3;4;5;6;7;8;9;10;11;12;13;14;15;16;17;18;19;20;21;22;23;24;25;26;27;28;29
A,24.900000000000002,g_okr,1.1251588262000936,1.0849257436499786,1.1586016841856082,30,0;1;2;3;4;5;6;7;8;9;10;11;12;13;14;15;16;17;18;19;20;21;22;23;24;25;26;27;28;29
A,24.91,g_okr,1.1254352977337951,1.0851922878754088,1.1589077436276862,30,0;1;2;3;4;5;6;7;8;9;10;11;12;13;14;15;16;17;18;19;20;21;22;23;24;25;26;27;28;29
A,24.92,g_okr,1.1257136882314822,1.0854602883102005,1.1592150861973551,30,0;1;2;3;4;5;6;7;8;9;10;11;12;13;14;15;16;17;18;19;20;21;22;23;24;25;26;27;28;29
A,24.93,g_okr,1.1259946053251748,1.085730493247918,1.15950714502976,30,0;1;2;3;4;5;6;7;8;9;10;11;12;13;14;15;16;17;18;19;20;21;22;23;24;25;26;27;28;29
A,24.94,g_okr,1.1262784965985966,1.086004402884339,1.1598013499397168,30,0;1;2;3;4;5;6;7;8;9;10;11;12;13;14;15;16;17;18;19;20;21;22;23;24;25;26;27;28;29
A,24.95,g_okr,1.1265637114747078,1.0862776431085743,1.160096384259076,30,0;1;2;3;4;5;6;7;8;9;10;11;12;13;14;15;16;17;18;19;20;21;22;23;24;25;26;27;28;29
A,24.96,g_okr,1.12685069862082,1.0865511855018928,1.1603920343728282,30,0;1;2;3;4;5;6;7;8;9;10;11;12;13;14;15;16;17;18;19;20;21;22;23;24;25;26;27;28;29
A,24.97,g_okr,1.1271398693787877,1.086830162666765,1.1606877672328466,30,0;1;2;3;4;5;6;7;8;9;10;11;12;13;14;15;16;17;18;19;20;21;22;23;24;25;26;27;28;29
A,24.98,g_okr,1.1274313348399296,1.0871117426499783,1.160984154954744,30,0;1;2;3;4;5;6;7;8;9;10;11;12;13;14;15;16;17;18;19;20;21;22;23;24;25;26;27;28;29
A,24.990000000000002,g_okr,1.1277250032648887,1.0873952201836774,1.1612794824232584,30,0;1;2;3;4;5;6;7;8;9;10;11;12;13;14;15;16;17;18;19;20;21;22;23;24;25;26;27;28;29
B,0.0,p_hist,0.017522401887990022,0.017254609382716477,0.01794281719577596,30,0;1;2;3;4;5;6;7;8;9;10;11;12;13;14;15;16;17;18;19;20;21;22;23;24;25;26;27;28;29
B,0.01,p_hist,0.006808698955426785,0.004061527103190005,0.015454264270143521,30,0;1;2;3;4;5;6;7;8;9;10;11;12;13;14;15;16;17;18;19;20;21;22;23;24;25;26;27;28;29
B,0.02,p_hist,0.002617010654037891,0.0009155324928462565,0.009936664937761304,30,0;1;2;3;4;5;6;7;8;9;10;11;12;13;14;15;16;17;18;19;20;21;22;23;24;25;26;27;28;29
B,0.03,p_hist,0.0008083807942730793,0.0003353501304664781,0.0025753537670521426,30,0;1;2;3;4;5;6;7;8;9;10;11;12;13;14;15;16;17;18;19;20;21;22;23;24;25;26;27;28;29
B,0.04,p_hist,0.00039869002756761306,0.0003353501304664781,0.0007633596961269744,30,0;1;2;3;4;5;6;7;8;9;10;11;12;13;14;15;16;17;18;19;20;21;22;23;24;25;26;27;28;29
B,0.05,p_hist,0.0003591640308621636,0.0003353501304664781,0.0005549699281037995,30,0;1;2;3;4;5;6;7;8;9;10;11;12;13;14;15;16;17;18;19;20;21;22;23;24;25;26;27;28;29
B,0.06,p_hist,0.00033816453118600285,0.0003353501304664781,0.00036560766408944885,30,0;1;2;3;4;5;6;7;8;9;10;11;12;13;14;15;16;17;18;19;20;21;22;23;24;25;26;27;28;29
B,0.07,p_hist,0.0003576326766936686,0.0003353501304664781,0.0005637653395444001,30,0;1;2;3;4;5;6;7;8;9;10;11;12;13;14;15;16;17;18;19;20;21;22;23;24;25;26;27;28;29
B,0.08,p_hist,0.00033706287729766784,0.0003353501304664781,0.00034948029182379467,30,0;1;2;3;4;5;6;7;8;9;10;11;12;13;14;15;16;17;18;19;20;21;22;23;24;25;26;27;28;29
B,0.09,p_hist,0.0003508535558171821,0.0003353501304664781,0.0004825258640303188,30,0;1;2;3;4;5;6;7;8;9;10;11;12;13;14;15;16;17;18;19;20;21;22;23;24;25;26;27;28;29
B,0.1,p_hist,0.00034499020712048026,0.0003353501304664781,0.00041488076286199673,30,0;1;2;3;4;5;6;7;8;9;10;11;12;13;14;15;16;17;18;19;20;21;22;23;24;25;26;27;28;29
B,0.11,p_hist,0.000381685546945202,0.0003353501304664781,0.0008300409365581386,30,0;1;2;3;4;5;6;7;8;9;10;11;12;13;14;15;16;17;18;19;20;21;22;23;24;25;26;27;28;29
B,0.12,p_hist,0.0003533188465970656,0.0003353501304664781,0.0004998516794985973,30,0;1;2;3;4;5;6;7;8;9;10;11;12;13;14;15;16;17;18;19;20;21;22;23;24;25;26;27;28;29
B,0.13,p_hist,0.00033854331164821094,0.0003353501304664781,0.00036169387521577513,30,0;1;2;3;4;5;6;7;8;9;10;11;12;13;14;15;16;17;18;19;20;21;22;23;24;25;26;27;28;29
B,0.14,p_hist,0.0003761603351872808,0.0003353501304664781,0.0007639872912360425,30,0;1;2;3;4;5;6;7;8;9;10;11;12;13;14;15;16;17;18;19;20;21;22;23;24;25;26;27;28;29
B,0.15,p_hist,0.00033535013046647795,0.0003353501304664781,0.0003353501304664781,30,0;1;2;3;4;5;6;7;8;9;10;11;12;13;14;15;16;17;18;19;20;21;22;23;24;25;26;27;28;29
B,0.16,p_hist,0.00033535013046647795,0.0003353501304664781,0.0003353501304664781,30,0;1;2;3;4;5;6;7;8;9;10;11;12;13;14;15;16;17;18;19;20;21;22;23;24;25;26;27;28;29
B,0.17,p_hist,0.00039291958140427486,0.0003353501304664781,0.0009210138063866487,30,0;1;2;3;4;5;6;7;8;9;10;11;12;13;14;15;16;17;18;19;20;21;22;23;24;25;26;27;28;29
B,0.18,p_hist,0.0003995252988417687,0.0003353501304664781,0.0009345886281684519,30,0;1;2;3;4;5;6;7;8;9;10;11;12;13;14;15;16;17;18;19;20;21;22;23;24;25;26;27;28;29
B,0.19,p_hist,0.00033914391777663976,0.0003353501304664781,0.00036664887577531296,30,0;1;2;3;4;5;6;7;8;9;10;11;12;13;14;15;16;17;18;19;20;21;22;23;24;25;26;27;28;29
B,0.2,p_hist,0.00035979489549171,0.0003353501304664781,0.0005920761458886011,30,0;1;2;3;4;5;6;7;8;9;10;11;12;13;14;15;16;17;18;19;20;21;22;23;24;25;26;27;28;29
B,0.21,p_hist,0.00033535013046647795,0.0003353501304664781,0.0003353501304664781,30,0;1;2;3;4;5;6;7;8;9;10;11;12;13;14;15;16;17;18;19;20;21;22;23;24;25;26;27;28;29
B,0.22,p_hist,0.0003391226755919579,0.0003353501304664781,0.00036647362775168725,30,0;1;2;3;4;5;6;7;8;9;10;11;12;13;14;15;16;17;18;19;20;21;22;23;24;25;26;27;28;29
B,0.23,p_hist,0.0003652911320669142,0.0003353501304664781,0.0006046260329327316,30,0;1;2;3;4;5;6;7;8;9;10;11;12;13;14;15;16;17;18;19;20;21;22;23;24;25;26;27;28;29
B,0.24,p_hist,0.0003385155804530498,0.0003353501304664781,0.00036146509285569546,30,0;1;2;3;4;5;6;7;8;9;10;11;12;13;14;15;16;17;18;19;20;21;22;23;24;25;26;27;28;29
B,0.25,p_hist,0.000582876587904807,0.0003353501304664781,0.002486119384710131,30,0;1;2;3;4;5;6;7;8;9;10;11;12;13;14;15;16;17;18;19;20;21;22;23;24;25;26;27;28;29
B,0.26,p_hist,0.00037088868843606807,0.0003353501304664781,0.0006285432337155949,30,0;1;2;3;4;5;6;7;8;9;10;11;12;13;14;15;16;17;18;19;20;21;22;23;24;25;26;27;28;29
B,0.27,p_hist,0.00033760171020292255,0.0003353501304664781,0.00036120367826835906,30,0;1;2;3;4;5;6;7;8;9;10;11;12;13;14;15;16;17;18;19;20;21;22;23;24;25;26;27;28;29
B,0.28,p_hist,0.00033600395580812473,0.0003353501304664781,0.00034289144378027355,30,0;1;2;3;4;5;6;7;8;9;10;11;12;13;14;15;16;17;18;19;20;21;22;23;24;25;26;27;28;29
B,0.29,p_hist,0.0003537253913550672,0.0003353501304664781,0.0005018388647282555,30,0;1;2;3;4;5;6;7;8;9;10;11;12;13;14;15;16;17;18;19;20;21;22;23;24;25;26;27;28;29
B,0.3,p_hist,0.00039440683095916365,0.0003353501304664781,0.0009344992187020417,30,0;1;2;3;4;5;6;7;8;9;10;11;12;13;14;15;16;17;18;19;20;21;22;23;24;25;26;27;28;29
B,0.31,p_hist,0.00033585240677673316,0.0003353501304664781,0.00033949391002608363,30,0;1;2;3;4;5;6;7;8;9;10;11;12;13;14;15;16;17;18;19;20;21;22;23;24;25;26;27;28;29
B,0.32,p_hist,0.0003512556406115927,0.0003353501304664781,0.0004665705891636746,30,0;1;2;3;4;5;6;7;8;9;10;11;12;13;14;15;16;17;18;19;20;21;22;23;24;25;26;27;28;29
B,0.33,p_hist,0.0005319026404766728,0.0003353501304664781,0.0019695705696002033,30,0;1;2;3;4;5;6;7;8;9;10;11;12;13;14;15;16;17;18;19;20;21;22;23;24;25;26;27;28;29
B,0.34,p_hist,0.0003822859218543072,0.0003353501304664781,0.0009236870881322621,30,0;1;2;3;4;5;6;7;8;9;10;11;12;13;14;15;16;17;18;19;20;21;22;23;24;25;26;27;28;29
B,0.35000000000000003,p_hist,0.0003661491378003897,0.0003353501304664781,0.0006254378189428301,30,0;1;2;3;4;5;6;7;8;9;10;11;12;13;14;15;16;17;18;19;20;21;22;23;24;25;26;27;28;29
B,0.36,p_hist,0.0003838134302869637,0.0003353501304664781,0.0009272394403911319,30,0;1;2;3;4;5;6;7;8;9;10;11;12;13;14;15;16;17;18;19;20;21;22;23;24;25;26;27;28;29
B,0.37,p_hist,0.0003706817881881734,0.0003353501304664781,0.0007220386992501568,30,0;1;2;3;4;5;6;7;8;9;10;11;12;13;14;15;16;17;18;19;20;21;22;23;24;25;26;27;28;29
B,0.38,p_hist,0.0003672285073359934,0.0003353501304664781,0.0006074852044975067,30,0;1;2;3;4;5;6;7;8;9;10;11;12;13;14;15;16;17;18;19;20;21;22;23;24;25;26;27;28;29
B,0.39,p_hist,0.0007667289236028066,0.0003353501304664781,0.0040071957509982365,30,0;1;2;3;4;5;6;7;8;9;10;11;12;13;14;15;16;17;18;19;20;21;22;23;24;25;26;27;28;29
B,0.4,p_hist,0.00044118763819843263,0.0003353501304664781,0.0012251964765324405,30,0;1;2;3;4;5;6;7;8;9;10;11;12;13;14;15;16;17;18;19;20;21;22;23;24;25;26;27;28;29
B,0.41000000000000003,p_hist,0.00034573873723148176,0.0003353501304664781,0.0004210561362777591,30,0;1;2;3;4;5;6;7;8;9;10;11;12;13;14;15;16;17;18;19;20;21;22;23;24;25;26;27;28;29
B,0.42,p_hist,0.00034640476439779146,0.0003353501304664781,0.000440466889199295,30,0;1;2;3;4;5;6;7;8;9;10;11;12;13;14;15;16;17;18;19;20;21;22;23;24;25;26;27;28;29
B,0.43,p_hist,0.00039183877756617934,0.0003353501304664781,0.0008013814690390129,30,0;1;2;3;4;5;6;7;8;9;10;11;12;13;14;15;16;17;18;19;20;21;22;23;24;25;26;27;28;29
B,0.44,p_hist,0.0005865163035118075,0.0003353501304664781,0.0032534759502209475,30,0;1;2;3;4;5;6;7;8;9;10;11;12;13;14;15;16;17;18;19;20;21;22;23;24;25;26;27;28;29
B,0.45,p_hist,0.00039566477033653523,0.0003353501304664781,0.001041524847272351,30,0;1;2;3;4;5;6;7;8;9;10;11;12;13;14;15;16;17;18;19;20;21;22;23;24;25;26;27;28;29
B,0.46,p_hist,0.0004423601577724726,0.0003353501304664781,0.0012195639214849744,30,0;1;2;3;4;5;6;7;8;9;10;11;12;13;14;15;16;17;18;19;20;21;22;23;24;25;26;27;28;29
B,0.47000000000000003,p_hist,0.0003789666723150421,0.0003353501304664781,0.0009088848175433675,30,0;1;2;3;4;5;6;7;8;9;10;11;12;13;14;15;16;17;18;19;20;21;22;23;24;25;26;27;28;29
B,0.48,p_hist,0.0003425742972865069,0.0003353501304664781,0.0003949495067317166,30,0;1;2;3;4;5;6;7;8;9;10;11;12;13;14;15;16;17;18;19;20;21;22;23;24;25;26;27;28;29
B,0.49,p_hist,0.0003359256891334584,0.0003353501304664781,0.0003400984894690667,30,0;1;2;3;4;5;6;7;8;9;10;11;12;13;14;15;16;17;18;19;20;21;22;23;24;25;26;27;28;29
B,0.5,p_hist,0.0003736832168596669,0.0003353501304664781,0.0008738237484655953,30,0;1;2;3;4;5;6;7;8;9;10;11;12;13;14;15;16;17;18;19;20;21;22;23;24;25;26;27;28;29
B,0.51,p_hist,0.00033535013046647795,0.0003353501304664781,0.0003353501304664781,30,0;1;2;3;4;5;6;7;8;9;10;11;12;13;14;15;16;17;18;19;20;21;22;23;24;25;26;27;28;29
B,0.52,p_hist,0.00035387967555034237,0.0003353501304664781,0.0004898472177001224,30,0;1;2;3;4;5;6;7;8;9;10;11;12;13;14;15;16;17;18;19;20;21;22;23;24;25;26;27;28;29
B,0.53,p_hist,0.00033975960019765934,0.0003353501304664781,0.0003717282557487243,30,0;1;2;3;4;5;6;7;8;9;10;11;12;13;14;15;16;17;18;19;20;21;22;23;24;25;26;27;28;29
B,0.54,p_hist,0.00036794687797069584,0.0003353501304664781,0.0007730421076989806,30,0;1;2;3;4;5;6;7;8;9;10;11;12;13;14;15;16;17;18;19;20;21;22;23;24;25;26;27;28;29
B,0.55,p_hist,0.0003516479876977387,0.0003353501304664781,0.0004984831100030671,30,0;1;2;3;4;5;6;7;8;9;10;11;12;13;14;15;16;17;18;19;20;21;22;23;24;25;26;27;28;29
B,0.56,p_hist,0.00033535013046647795,0.0003353501304664781,0.0003353501304664781,30,0;1;2;3;4;5;6;7;8;9;10;11;12;13;14;15;16;17;18;19;20;21;22;23;24;25;26;27;28;29
B,0.5700000000000001,p_hist,0.0003560865166281635,0.0003353501304664781,0.0005935704112375402,30,0;1;2;3;4;5;6;7;8;9;10;11;12;13;14;15;16;17;18;19;20;21;22;23;24;25;26;27;28;29
B,0.58,p_hist,0.00034726377261619856,0.0003353501304664781,0.000467413804893467,30,0;1;2;3;4;5;6;7;8;9;10;11;12;13;14;15;16;17;18;19;20;21;22;23;24;25;26;27;28;29
B,0.59,p_hist,0.00035357806621921355,0.0003353501304664781,0.0004857306004265459,30,0;1;2;3;4;5;6;7;8;9;10;11;12;13;14;15;16;17;18;19;20;21;22;23;24;25;26;27;28;29
B,0.6,p_hist,0.00034120441322642227,0.0003353501304664781,0.00038536565334491054,30,0;1;2;3;4;5;6;7;8;9;10;11;12;13;14;15;16;17;18;19;20;21;22;23;24;25;26;27;28;29
B,0.61,p_hist,0.00034827587657650777,0.0003353501304664781,0.00044198753587422376,30,0;1;2;3;4;5;6;7;8;9;10;11;12;13;14;15;16;17;18;19;20;21;22;23;24;25;26;27;28;29
B,0.62,p_hist,0.0003411541135272654,0.0003353501304664781,0.0003832329907179744,30,0;1;2;3;4;5;6;7;8;9;10;11;12;13;14;15;16;17;18;19;20;21;22;23;24;25;26;27;28;29
B,0.63,p_hist,0.0003647377600355153,0.0003353501304664781,0.0006547211546208889,30,0;1;2;3;4;5;6;7;8;9;10;11;12;13;14;15;16;17;18;19;20;21;22;23;24;25;26;27;28;29
B,0.64,p_hist,0.0003637152979166248,0.0003353501304664781,0.000722782656687196,30,0;1;2;3;4;5;6;7;8;9;10;11;12;13;14;15;16;17;18;19;20;21;22;23;24;25;26;27;28;29
B,0.65,p_hist,0.00033535013046647795,0.0003353501304664781,0.0003353501304664781,30,0;1;2;3;4;5;6;7;8;9;10;11;12;13;14;15;16;17;18;19;20;21;22;23;24;25;26;27;28;29
B,0.66,p_hist,0.0003353852338673166,0.0003353501304664781,0.0003356397335233969,30,0;1;2;3;4;5;6;7;8;9;10;11;12;13;14;15;16;17;18;19;20;21;22;23;24;25;26;27;28;29
B,0.67,p_hist,0.00039070244425365517,0.0003353501304664781,0.0008547996979441715,30,0;1;2;3;4;5;6;7;8;9;10;11;12;13;14;15;16;17;18;19;20;21;22;23;24;25;26;27;28;29
B,0.68,p_hist,0.0006583119859058603,0.0003353501304664781,0.0030081055948190153,30,0;1;2;3;4;5;6;7;8;9;10;11;12;13;14;15;16;17;18;19;20;21;22;23;24;25;26;27;28;29
B,0.6900000000000001,p_hist,0.0005175129762728724,0.0003353501304664781,0.0020863073331551,30,0;1;2;3;4;5;6;7;8;9;10;11;12;13;14;15;16;17;18;19;20;21;22;23;24;25;26;27;28;29
B,0.7000000000000001,p_hist,0.00039994814068490964,0.0003353501304664781,0.0010058832456341198,30,0;1;2;3;4;5;6;7;8;9;10;11;12;13;14;15;16;17;18;19;20;21;22;23;24;25;26;27;28;29
B,0.71,p_hist,0.00033754358443154845,0.0003353501304664781,0.0003534461256783098,30,0;1;2;3;4;5;6;7;8;9;10;11;12;13;14;15;16;17;18;19;20;21;22;23;24;25;26;27;28;29
B,0.72,p_hist,0.0003457842346562823,0.0003353501304664781,0.0004819216929301183,30,0;1;2;3;4;5;6;7;8;9;10;11;12;13;14;15;16;17;18;19;20;21;22;23;24;25;26;27;28;29
B,0.73,p_hist,0.0003564634761003566,0.0003353501304664781,0.0005350248856340388,30,0;1;2;3;4;5;6;7;8;9;10;11;12;13;14;15;16;17;18;19;20;21;22;23;24;25;26;27;28;29
B,0.74,p_hist,0.00036752626933953875,0.0003353501304664781,0.0005664140941525763,30,0;1;2;3;4;5;6;7;8;9;10;11;12;13;14;15;16;17;18;19;20;21;22;23;24;25;26;27;28;29
B,0.75,p_hist,0.00040475788740202084,0.0003353501304664781,0.0009914781750216576,30,0;1;2;3;4;5;6;7;8;9;10;11;12;13;14;15;16;17;18;19;20;21;22;23;24;25;26;27;28;29
B,0.76,p_hist,0.0003599369941328562,0.0003353501304664781,0.0005872929861486264,30,0;1;2;3;4;5;6;7;8;9;10;11;12;13;14;15;16;17;18;19;20;21;22;23;24;25;26;27;28;29
B,0.77,p_hist,0.0003910924348224362,0.0003353501304664781,0.0011169822343840266,30,0;1;2;3;4;5;6;7;8;9;10;11;12;13;14;15;16;17;18;19;20;21;22;23;24;25;26;27;28;29
B,0.78,p_hist,0.0004914769538572999,0.0003353501304664781,0.0022766727746884674,30,0;1;2;3;4;5;6;7;8;9;10;11;12;13;14;15;16;17;18;19;20;21;22;23;24;25;26;27;28;29
B,0.79,p_hist,0.00040141950908136303,0.0003353501304664781,0.0009832446447232922,30,0;1;2;3;4;5;6;7;8;9;10;11;12;13;14;15;16;17;18;19;20;21;22;23;24;25;26;27;28;29
B,0.8,p_hist,0.0003589489591971921,0.0003353501304664781,0.0006028785135360679,30,0;1;2;3;4;5;6;7;8;9;10;11;12;13;14;15;16;17;18;19;20;21;22;23;24;25;26;27;28;29
B,0.81,p_hist,0.00041681561402683736,0.0003353501304664781,0.0012504407549934328,30,0;1;2;3;4;5;6;7;8;9;10;11;12;13;14;15;16;17;18;19;20;21;22;23;24;25;26;27;28;29
B,0.8200000000000001,p_hist,0.0003459349343793549,0.0003353501304664781,0.0004374326845522948,30,0;1;2;3;4;5;6;7;8;9;10;11;12;13;14;15;16;17;18;19;20;21;22;23;24;25;26;27;28;29
B,0.8300000000000001,p_hist,0.00033535013046647795,0.0003353501304664781,0.0003353501304664781,30,0;1;2;3;4;5;6;7;8;9;10;11;12;13;14;15;16;17;18;19;20;21;22;23;24;25;26;27;28;29
B,0.84,p_hist,0.00034439899873757066,0.0003353501304664781,0.00041000329370299263,30,0;1;2;3;4;5;6;7;8;9;10;11;12;13;14;15;16;17;18;19;20;21;22;23;24;25;26;27;28;29
B,0.85,p_hist,0.00036278524634925877,0.0003353501304664781,0.0005616898364994192,30,0;1;2;3;4;5;6;7;8;9;10;11;12;13;14;15;16;17;18;19;20;21;22;23;24;25;26;27;28;29
B,0.86,p_hist,0.000354446824178927,0.0003353501304664781,0.0005053644153105613,30,0;1;2;3;4;5;6;7;8;9;10;11;12;13;14;15;16;17;18;19;20;21;22;23;24;25;26;27;28;29
B,0.87,p_hist,0.0003859755725444544,0.0003353501304664781,0.0008433127162851062,30,0;1;2;3;4;5;6;7;8;9;10;11;12;13;14;15;16;17;18;19;20;21;22;23;24;25;26;27;28;29
B,0.88,p_hist,0.0003367741103415907,0.0003353501304664781,0.00034709796443615815,30,0;1;2;3;4;5;6;7;8;9;10;11;12;13;14;15;16;17;18;19;20;21;22;23;24;25;26;27;28;29
B,0.89,p_hist,0.0003355520937302861,0.0003353501304664781,0.0003370163273928953,30,0;1;2;3;4;5;6;7;8;9;10;11;12;13;14;15;16;17;18;19;20;21;22;23;24;25;26;27;28;29
B,0.9,p_hist,0.00034752992275708473,0.0003353501304664781,0.00043583341686398376,30,0;1;2;3;4;5;6;7;8;9;10;11;12;13;14;15;16;17;18;19;20;21;22;23;24;25;26;27;28;29
B,0.91,p_hist,0.0003537236022529209,0.0003353501304664781,0.0004869312727046317,30,0;1;2;3;4;5;6;7;8;9;10;11;12;13;14;15;16;17;18;19;20;21;22;23;24;25;26;27;28;29
B,0.92,p_hist,0.0003487259963081937,0.0003353501304664781,0.0004457010236606325,30,0;1;2;3;4;5;6;7;8;9;10;11;12;13;14;15;16;17;18;19;20;21;22;23;24;25;26;27;28;29
B,0.93,p_hist,0.0003487419535237498,0.0003353501304664781,0.000498428152928045,30,0;1;2;3;4;5;6;7;8;9;10;11;12;13;14;15;16;17;18;19;20;21;22;23;24;25;26;27;28;29
B,0.9400000000000001,p_hist,0.0003522716683908673,0.0003353501304664781,0.0005313781898482396,30,0;1;2;3;4;5;6;7;8;9;10;11;12;13;14;15;16;17;18;19;20;21;22;23;24;25;26;27;28;29
B,0.9500000000000001,p_hist,0.00033540114410276275,0.0003353501304664781,0.0003357709929658278,30,0;1;2;3;4;5;6;7;8;9;10;11;12;13;14;15;16;17;18;19;20;21;22;23;24;25;26;27;28;29
B,0.96,p_hist,0.0003397799102347986,0.0003353501304664781,0.00037189581355512346,30,0;1;2;3;4;5;6;7;8;9;10;11;12;13;14;15;16;17;18;19;20;21;22;23;24;25;26;27;28;29
B,0.97,p_hist,0.00033535013046647795,0.0003353501304664781,0.0003353501304664781,30,0;1;2;3;4;5;6;7;8;9;10;11;12;13;14;15;16;17;18;19;20;21;22;23;24;25;26;27;28;29
B,0.98,p_hist,0.0003947502235818548,0.0003353501304664781,0.0009515504878020835,30,0;1;2;3;4;5;6;7;8;9;10;11;12;13;14;15;16;17;18;19;20;21;22;23;24;25;26;27;28;29
B,0.99,p_hist,0.0003827808525865047,0.0003353501304664781,0.0007903329529072205,30,0;1;2;3;4;5;6;7;8;9;10;11;12;13;14;15;16;17;18;19;20;21;22;23;24;25;26;27;28;29
B,1.0,p_hist,0.00033535013046647795,0.0003353501304664781,0.0003353501304664781,30,0;1;2;3;4;5;6;7;8;9;10;11;12;13;14;15;16;17;18;19;20;21;22;23;24;25;26;27;28;29
B,1.01,p_hist,0.00035785604655417944,0.0003353501304664781,0.0006282985730904217,30,0;1;2;3;4;5;6;7;8;9;10;11;12;13;14;15;16;17;18;19;20;21;22;23;24;25;26;27;28;29
B,1.02,p_hist,0.00034692484062806187,0.0003353501304664781,0.0004308414892995449,30,0;1;2;3;4;5;6;7;8;9;10;11;12;13;14;15;16;17;18;19;20;21;22;23;24;25;26;27;28;29
B,1.03,p_hist,0.0003411875859485966,0.0003353501304664781,0.0004086993799053958,30,0;1;2;3;4;5;6;7;8;9;10;11;12;13;14;15;16;17;18;19;20;21;22;23;24;25;26;27;28;29
B,1.04,p_hist,0.0003391140689778952,0.0003353501304664781,0.0003664026231856701,30,0;1;2;3;4;5;6;7;8;9;10;11;12;13;14;15;16;17;18;19;20;21;22;23;24;25;26;27;28;29
B,1.05,p_hist,0.00033535013046647795,0.0003353501304664781,0.0003353501304664781,30,0;1;2;3;4;5;6;7;8;9;10;11;12;13;14;15;16;17;18;19;20;21;22;23;24;25;26;27;28;29
B,1.06,p_hist,0.0003737816591674016,0.0003353501304664781,0.0006524102422490966,30,0;1;2;3;4;5;6;7;8;9;10;11;12;13;14;15;16;17;18;19;20;21;22;23;24;25;26;27;28;29
B,1.07,p_hist,0.0003466698640606893,0.0003353501304664781,0.0004287379326187211,30,0;1;2;3;4;5;6;7;8;9;10;11;12;13;14;15;16;17;18;19;20;21;22;23;24;25;26;27;28;29
B,1.08,p_hist,0.00034843304778816176,0.0003353501304664781,0.0004579530122059167,30,0;1;2;3;4;5;6;7;8;9;10;11;12;13;14;15;16;17;18;19;20;21;22;23;24;25;26;27;28;29
B,1.09,p_hist,0.00033535013046647795,0.0003353501304664781,0.0003353501304664781,30,0;1;2;3;4;5;6;7;8;9;10;11;12;13;14;15;16;17;18;19;20;21;22;23;24;25;26;27;28;29
B,1.1,p_hist,0.00041703543475229743,0.0003353501304664781,0.0010092538908244852,30,0;1;2;3;4;5;6;7;8;9;10;11;12;13;14;15;16;17;18;19;20;21;22;23;24;25;26;27;28;29
B,1.11,p_hist,0.0003746881947503186,0.0003353501304664781,0.0007666667327307396,30,0;1;2;3;4;5;6;7;8;9;10;11;12;13;14;15;16;17;18;19;20;21;22;23;24;25;26;27;28;29
B,1.12,p_hist,0.00043697744510301804,0.0003353501304664781,0.0011737754762179298,30,0;1;2;3;4;5;6;7;8;9;10;11;12;13;14;15;16;17;18;19;20;21;22;23;24;25;26;27;28;29
B,1.1300000000000001,p_hist,0.00037770105379145814,0.0003353501304664781,0.0007481273990040514,30,0;1;2;3;4;5;6;7;8;9;10;11;12;13;14;15;16;17;18;19;20;21;22;23;24;25;26;27;28;29
B,1.1400000000000001,p_hist,0.0003488326677601827,0.0003353501304664781,0.0004681294071494109,30,0;1;2;3;4;5;6;7;8;9;10;11;12;13;14;15;16;17;18;19;20;21;22;23;24;25;26;27;28;29
B,1.1500000000000001,p_hist,0.00033535013046647795,0.0003353501304664781,0.0003353501304664781,30,0;1;2;3;4;5;6;7;8;9;10;11;12;13;14;15;16;17;18;19;20;21;22;23;24;25;26;27;28;29
B,1.16,p_hist,0.0003492292144616867,0.0003353501304664781,0.0005155144871294834,30,0;1;2;3;4;5;6;7;8;9;10;11;12;13;14;15;16;17;18;19;20;21;22;23;24;25;26;27;28;29
B,1.17,p_hist,0.00035798689585943196,0.0003353501304664781,0.0005984415792748917,30,0;1;2;3;4;5;6;7;8;9;10;11;12;13;14;15;16;17;18;19;20;21;22;23;24;25;26;27;28;29
B,1.18,p_hist,0.00034094682101279655,0.0003353501304664781,0.0003815228274736062,30,0;1;2;3;4;5;6;7;8;9;10;11;12;13;14;15;16;17;18;19;20;21;22;23;24;25;26;27;28;29
B,1.19,p_hist,0.00033535013046647795,0.0003353501304664781,0.0003353501304664781,30,0;1;2;3;4;5;6;7;8;9;10;11;12;13;14;15;16;17;18;19;20;21;22;23;24;25;26;27;28;29
B,1.2,p_hist,0.0003412893819936181,0.0003353501304664781,0.0004193483930012858,30,0;1;2;3;4;5;6;7;8;9;10;11;12;13;14;15;16;17;18;19;20;21;22;23;24;25;26;27;28;29
B,1.21,p_hist,0.0003693969647726664,0.0003353501304664781,0.0006314649578581082,30,0;1;2;3;4;5;6;7;8;9;10;11;12;13;14;15;16;17;18;19;20;21;22;23;24;25;26;27;28;29
B,1.22,p_hist,0.0003578444208436619,0.0003353501304664781,0.0005209280260782452,30,0;1;2;3;4;5;6;7;8;9;10;11;12;13;14;15;16;17;18;19;20;21;22;23;24;25;26;27;28;29
B,1.23,p_hist,0.0003571569269362129,0.0003353501304664781,0.0005209888692204944,30,0;1;2;3;4;5;6;7;8;9;10;11;12;13;14;15;16;17;18;19;20;21;22;23;24;25;26;27;28;29
B,1.24,p_hist,0.00037399362236462157,0.0003353501304664781,0.0006625128194468079,30,0;1;2;3;4;5;6;7;8;9;10;11;12;13;14;15;16;17;18;19;20;21;22;23;24;25;26;27;28;29
B,1.25,p_hist,0.0003451535348404061,0.0003353501304664781,0.0004673925788794611,30,0;1;2;3;4;5;6;7;8;9;10;11;12;13;14;15;16;17;18;19;20;21;22;23;24;25;26;27;28;29
B,1.26,p_hist,0.00033535013046647795,0.0003353501304664781,0.0003353501304664781,30,0;1;2;3;4;5;6;7;8;9;10;11;12;13;14;15;16;17;18;19;20;21;22;23;24;25;26;27;28;29
B,1.27,p_hist,0.00034458774460794023,0.0003353501304664781,0.00043427598166164387,30,0;1;2;3;4;5;6;7;8;9;10;11;12;13;14;15;16;17;18;19;20;21;22;23;24;25;26;27;28;29
B,1.28,p_hist,0.00038257903830737607,0.0003353501304664781,0.0007851132412144947,30,0;1;2;3;4;5;6;7;8;9;10;11;12;13;14;15;16;17;18;19;20;21;22;23;24;25;26;27;28;29
B,1.29,p_hist,0.0003799614705531179,0.0003353501304664781,0.0007332119037831036,30,0;1;2;3;4;5;6;7;8;9;10;11;12;13;14;15;16;17;18;19;20;21;22;23;24;25;26;27;28;29
B,1.3,p_hist,0.00047079311124123525,0.0003353501304664781,0.0020955222920540978,30,0;1;2;3;4;5;6;7;8;9;10;11;12;13;14;15;16;17;18;19;20;21;22;23;24;25;26;27;28;29
B,1.31,p_hist,0.0004256282328041021,0.0003353501304664781,0.0011640830431836507,30,0;1;2;3;4;5;6;7;8;9;10;11;12;13;14;15;16;17;18;19;20;21;22;23;24;25;26;27;28;29
B,1.32,p_hist,0.0003559301554213782,0.0003353501304664781,0.0005668447970722657,30,0;1;2;3;4;5;6;7;8;9;10;11;12;13;14;15;16;17;18;19;20;21;22;23;24;25;26;27;28;29
B,1.33,p_hist,0.0003783463737437486,0.0003353501304664781,0.0006900691375039596,30,0;1;2;3;4;5;6;7;8;9;10;11;12;13;14;15;16;17;18;19;20;21;22;23;24;25;26;27;28;29
B,1.34,p_hist,0.0003892065607265403,0.0003353501304664781,0.0008104756022978314,30,0;1;2;3;4;5;6;7;8;9;10;11;12;13;14;15;16;17;18;19;20;21;22;23;24;25;26;27;28;29
B,1.35,p_hist,0.00042886779495955645,0.0003353501304664781,0.0012893157656201333,30,0;1;2;3;4;5;6;7;8;9;10;11;12;13;14;15;16;17;18;19;20;21;22;23;24;25;26;27;28;29
B,1.36,p_hist,0.0003626939271241794,0.0003353501304664781,0.0006140852780311367,30,0;1;2;3;4;5;6;7;8;9;10;11;12;13;14;15;16;17;18;19;20;21;22;23;24;25;26;27;28;29
B,1.37,p_hist,0.0003762574339723185,0.0003353501304664781,0.0007520647891984774,30,0;1;2;3;4;5;6;7;8;9;10;11;12;13;14;15;16;17;18;19;20;21;22;23;24;25;26;27;28;29
B,1.3800000000000001,p_hist,0.0003813865484938673,0.0003353501304664781,0.000856316483182956,30,0;1;2;3;4;5;6;7;8;9;10;11;12;13;14;15;16;17;18;19;20;21;22;23;24;25;26;27;28;29
B,1.3900000000000001,p_hist,0.0003500885674785367,0.0003353501304664781,0.000488676544019141,30,0;1;2;3;4;5;6;7;8;9;10;11;12;13;14;15;16;17;18;19;20;21;22;23;24;25;26;27;28;29
B,1.4000000000000001,p_hist,0.00033535013046647795,0.0003353501304664781,0.0003353501304664781,30,0;1;2;3;4;5;6;7;8;9;10;11;12;13;14;15;16;17;18;19;20;21;22;23;24;25;26;27;28;29
B,1.41,p_hist,0.00033535013046647795,0.0003353501304664781,0.0003353501304664781,30,0;1;2;3;4;5;6;7;8;9;10;11;12;13;14;15;16;17;18;19;20;21;22;23;24;25;26;27;28;29
B,1.42,p_hist,0.0003388947774520975,0.0003353501304664781,0.0003645934680978392,30,0;1;2;3;4;5;6;7;8;9;10;11;12;13;14;15;16;17;18;19;20;21;22;23;24;25;26;27;28;29
B,1.43,p_hist,0.0003653557131475042,0.0003353501304664781,0.0007736197692590178,30,0;1;2;3;4;5;6;7;8;9;10;11;12;13;14;15;16;17;18;19;20;21;22;23;24;25;26;27;28;29
B,1.44,p_hist,0.0003898165436395825,0.0003353501304664781,0.000826845281393518,30,0;1;2;3;4;5;6;7;8;9;10;11;12;13;14;15;16;17;18;19;20;21;22;23;24;25;26;27;28;29
B,1.45,p_hist,0.0004292128159559594,0.0003353501304664781,0.0012310811415982194,30,0;1;2;3;4;5;6;7;8;9;10;11;12;13;14;15;16;17;18;19;20;21;22;23;24;25;26;27;28;29
B,1.46,p_hist,0.0003922573618733199,0.0003353501304664781,0.0009316124076408629,30,0;1;2;3;4;5;6;7;8;9;10;11;12;13;14;15;16;17;18;19;20;21;22;23;24;25;26;27;28;29
B,1.47,p_hist,0.0003384026683250061,0.0003353501304664781,0.000360533567799335,30,0;1;2;3;4;5;6;7;8;9;10;11;12;13;14;15;16;17;18;19;20;21;22;23;24;25;26;27;28;29
B,1.48,p_hist,0.0003480754112193474,0.0003353501304664781,0.0004787246952454305,30,0;1;2;3;4;5;6;7;8;9;10;11;12;13;14;15;16;17;18;19;20;21;22;23;24;25;26;27;28;29
B,1.49,p_hist,0.00033535013046647795,0.0003353501304664781,0.0003353501304664781,30,0;1;2;3;4;5;6;7;8;9;10;11;12;13;14;15;16;17;18;19;20;21;22;23;24;25;26;27;28;29
B,1.5,p_hist,0.0003385035554024304,0.0003353501304664781,0.0003613658861880857,30,0;1;2;3;4;5;6;7;8;9;10;11;12;13;14;15;16;17;18;19;20;21;22;23;24;25;26;27;28;29
B,1.51,p_hist,0.0004227157063894149,0.0003353501304664781,0.0011227627479421054,30,0;1;2;3;4;5;6;7;8;9;10;11;12;13;14;15;16;17;18;19;20;21;22;23;24;25;26;27;28;29
B,1.52,p_hist,0.0003866944781782605,0.0003353501304664781,0.0007963772759347625,30,0;1;2;3;4;5;6;7;8;9;10;11;12;13;14;15;16;17;18;19;20;21;22;23;24;25;26;27;28;29
B,1.53,p_hist,0.00033535013046647795,0.0003353501304664781,0.0003353501304664781,30,0;1;2;3;4;5;6;7;8;9;10;11;12;13;14;15;16;17;18;19;20;21;22;23;24;25;26;27;28;29
B,1.54,p_hist,0.0004603197789351423,0.0003353501304664781,0.0013804821777454136,30,0;1;2;3;4;5;6;7;8;9;10;11;12;13;14;15;16;17;18;19;20;21;22;23;24;25;26;27;28;29
B,1.55,p_hist,0.00035115977394346,0.0003353501304664781,0.0004657796891515795,30,0;1;2;3;4;5;6;7;8;9;10;11;12;13;14;15;16;17;18;19;20;21;22;23;24;25;26;27;28;29
B,1.56,p_hist,0.00033535013046647795,0.0003353501304664781,0.0003353501304664781,30,0;1;2;3;4;5;6;7;8;9;10;11;12;13;14;15;16;17;18;19;20;21;22;23;24;25;26;27;28;29
B,1.57,p_hist,0.00033535013046647795,0.0003353501304664781,0.0003353501304664781,30,0;1;2;3;4;5;6;7;8;9;10;11;12;13;14;15;16;17;18;19;20;21;22;23;24;25;26;27;28;29
B,1.58,p_hist,0.0003383985004666943,0.0003353501304664781,0.0003604991829682629,30,0;1;2;3;4;5;6;7;8;9;10;11;12;13;14;15;16;17;18;19;20;21;22;23;24;25;26;27;28;29
B,1.59,p_hist,0.00048763938753003925,0.0003353501304664781,0.0017532948385718615,30,0;1;2;3;4;5;6;7;8;9;10;11;12;13;14;15;16;17;18;19;20;21;22;23;24;25;26;27;28;29
B,1.6,p_hist,0.0003680821612037764,0.0003353501304664781,0.0006171654259617411,30,0;1;2;3;4;5;6;7;8;9;10;11;12;13;14;15;16;17;18;19;20;21;22;23;24;25;26;27;28;29
B,1.61,p_hist,0.00038572327375676734,0.0003353501304664781,0.0007850204339074177,30,0;1;2;3;4;5;6;7;8;9;10;11;12;13;14;15;16;17;18;19;20;21;22;23;24;25;26;27;28;29
B,1.62,p_hist,0.0003868998691421286,0.0003353501304664781,0.0008232722533796085,30,0;1;2;3;4;5;6;7;8;9;10;11;12;13;14;15;16;17;18;19;20;21;22;23;24;25;26;27;28;29
B,1.6300000000000001,p_hist,0.000373942902403087,0.0003353501304664781,0.0006823139626606386,30,0;1;2;3;4;5;6;7;8;9;10;11;12;13;14;15;16;17;18;19;20;21;22;23;24;25;26;27;28;29
B,1.6400000000000001,p_hist,0.00038902932493922054,0.0003353501304664781,0.0008935116543390513,30,0;1;2;3;4;5;6;7;8;9;10;11;12;13;14;15;16;17;18;19;20;21;22;23;24;25;26;27;28;29
B,1.6500000000000001,p_hist,0.0004218715122938933,0.0003353501304664781,0.001057490479832657,30,0;1;2;3;4;5;6;7;8;9;10;11;12;13;14;15;16;17;18;19;20;21;22;23;24;25;26;27;28;29
B,1.6600000000000001,p_hist,0.0005324536076936131,0.0003353501304664781,0.002113034105787976,30,0;1;2;3;4;5;6;7;8;9;10;11;12;13;14;15;16;17;18;19;20;21;22;23;24;25;26;27;28;29
B,1.67,p_hist,0.00044854096119283755,0.0003353501304664781,0.0017510525631421454,30,0;1;2;3;4;5;6;7;8;9;10;11;12;13;14;15;16;17;18;19;20;21;22;23;24;25;26;27;28;29
B,1.68,p_hist,0.00034291245133062236,0.0003353501304664781,0.0004118153857481739,30,0;1;2;3;4;5;6;7;8;9;10;11;12;13;14;15;16;17;18;19;20;21;22;23;24;25;26;27;28;29
B,1.69,p_hist,0.0004066520970908829,0.0003353501304664781,0.0009235913551178166,30,0;1;2;3;4;5;6;7;8;9;10;11;12;13;14;15;16;17;18;19;20;21;22;23;24;25;26;27;28;29
B,1.7,p_hist,0.0004227439299128312,0.0003353501304664781,0.001123601121060554,30,0;1;2;3;4;5;6;7;8;9;10;11;12;13;14;15;16;17;18;19;20;21;22;23;24;25;26;27;28;29
B,1.71,p_hist,0.00041673068583545416,0.0003353501304664781,0.0011537071305037833,30,0;1;2;3;4;5;6;7;8;9;10;11;12;13;14;15;16;17;18;19;20;21;22;23;24;25;26;27;28;29
B,1.72,p_hist,0.0007217667341306029,0.0003353501304664781,0.003598182741664166,30,0;1;2;3;4;5;6;7;8;9;10;11;12;13;14;15;16;17;18;19;20;21;22;23;24;25;26;27;28;29
B,1.73,p_hist,0.00040120860466573893,0.0003353501304664781,0.0010168211253163617,30,0;1;2;3;4;5;6;7;8;9;10;11;12;13;14;15;16;17;18;19;20;21;22;23;24;25;26;27;28;29
B,1.74,p_hist,0.0003452863092501095,0.0003353501304664781,0.0004173236054314382,30,0;1;2;3;4;5;6;7;8;9;10;11;12;13;14;15;16;17;18;19;20;21;22;23;24;25;26;27;28;29
B,1.75,p_hist,0.0007956582106797501,0.0003353501304664781,0.004148849350357193,30,0;1;2;3;4;5;6;7;8;9;10;11;12;13;14;15;16;17;18;19;20;21;22;23;24;25;26;27;28;29
B,1.76,p_hist,0.0004193877979627662,0.0003353501304664781,0.0010286608873108522,30,0;1;2;3;4;5;6;7;8;9;10;11;12;13;14;15;16;17;18;19;20;21;22;23;24;25;26;27;28;29
B,1.77,p_hist,0.00035766496655080515,0.0003353501304664781,0.0006107862027543742,30,0;1;2;3;4;5;6;7;8;9;10;11;12;13;14;15;16;17;18;19;20;21;22;23;24;25;26;27;28;29
B,1.78,p_hist,0.0003508111874694376,0.0003353501304664781,0.0004910824371122745,30,0;1;2;3;4;5;6;7;8;9;10;11;12;13;14;15;16;17;18;19;20;21;22;23;24;25;26;27;28;29
B,1.79,p_hist,0.0003466877574906649,0.0003353501304664781,0.0004893223555025221,30,0;1;2;3;4;5;6;7;8;9;10;11;12;13;14;15;16;17;18;19;20;21;22;23;24;25;26;27;28;29
B,1.8,p_hist,0.00033535013046647795,0.0003353501304664781,0.0003353501304664781,30,0;1;2;3;4;5;6;7;8;9;10;11;12;13;14;15;16;17;18;19;20;21;22;23;24;25;26;27;28;29
B,1.81,p_hist,0.000335673268947498,0.0003353501304664781,0.00033801602293489336,30,0;1;2;3;4;5;6;7;8;9;10;11;12;13;14;15;16;17;18;19;20;21;22;23;24;25;26;27;28;29
B,1.82,p_hist,0.0003608852325106143,0.0003353501304664781,0.0005460147223306022,30,0;1;2;3;4;5;6;7;8;9;10;11;12;13;14;15;16;17;18;19;20;21;22;23;24;25;26;27;28;29
B,1.83,p_hist,0.00033742844741493623,0.0003353501304664781,0.0003524962452912585,30,0;1;2;3;4;5;6;7;8;9;10;11;12;13;14;15;16;17;18;19;20;21;22;23;24;25;26;27;28;29
B,1.84,p_hist,0.00033535013046647795,0.0003353501304664781,0.0003353501304664781,30,0;1;2;3;4;5;6;7;8;9;10;11;12;13;14;15;16;17;18;19;20;21;22;23;24;25;26;27;28;29
B,1.85,p_hist,0.0003362930661596613,0.0003353501304664781,0.0003431293499352405,30,0;1;2;3;4;5;6;7;8;9;10;11;12;13;14;15;16;17;18;19;20;21;22;23;24;25;26;27;28;29
B,1.86,p_hist,0.0003515586270178614,0.0003353501304664781,0.00046907022701539057,30,0;1;2;3;4;5;6;7;8;9;10;11;12;13;14;15;16;17;18;19;20;21;22;23;24;25;26;27;28;29
B,1.87,p_hist,0.0003692131944645031,0.0003353501304664781,0.0006147204084501843,30,0;1;2;3;4;5;6;7;8;9;10;11;12;13;14;15;16;17;18;19;20;21;22;23;24;25;26;27;28;29
B,1.8800000000000001,p_hist,0.0003364595922374002,0.0003353501304664781,0.00034450319007658643,30,0;1;2;3;4;5;6;7;8;9;10;11;12;13;14;15;16;17;18;19;20;21;22;23;24;25;26;27;28;29
B,1.8900000000000001,p_hist,0.0003525086291409981,0.0003353501304664781,0.0004769077445312685,30,0;1;2;3;4;5;6;7;8;9;10;11;12;13;14;15;16;17;18;19;20;21;22;23;24;25;26;27;28;29
B,1.9000000000000001,p_hist,0.00043444386376387343,0.0003353501304664781,0.0015039207095742606,30,0;1;2;3;4;5;6;7;8;9;10;11;12;13;14;15;16;17;18;19;20;21;22;23;24;25;26;27;28;29
B,1.9100000000000001,p_hist,0.000413490895047027,0.0003353501304664781,0.0010827362818611507,30,0;1;2;3;4;5;6;7;8;9;10;11;12;13;14;15;16;17;18;19;20;21;22;23;24;25;26;27;28;29
B,1.92,p_hist,0.0004565417043750353,0.0003353501304664781,0.0013351806152120714,30,0;1;2;3;4;5;6;7;8;9;10;11;12;13;14;15;16;17;18;19;20;21;22;23;24;25;26;27;28;29
B,1.93,p_hist,0.0003501483336317737,0.0003353501304664781,0.00045743530658016725,30,0;1;2;3;4;5;6;7;8;9;10;11;12;13;14;15;16;17;18;19;20;21;22;23;24;25;26;27;28;29
B,1.94,p_hist,0.0004341822133013568,0.0003353501304664781,0.0011659981234722748,30,0;1;2;3;4;5;6;7;8;9;10;11;12;13;14;15;16;17;18;19;20;21;22;23;24;25;26;27;28;29
B,1.95,p_hist,0.0006466386427089125,0.0003353501304664781,0.0032418309098360843,30,0;1;2;3;4;5;6;7;8;9;10;11;12;13;14;15;16;17;18;19;20;21;22;23;24;25;26;27;28;29
B,1.96,p_hist,0.00037337891513467903,0.0003353501304664781,0.0006736442567663373,30,0;1;2;3;4;5;6;7;8;9;10;11;12;13;14;15;16;17;18;19;20;21;22;23;24;25;26;27;28;29
B,1.97,p_hist,0.00039029485751390126,0.0003353501304664781,0.0011042461934068681,30,0;1;2;3;4;5;6;7;8;9;10;11;12;13;14;15;16;17;18;19;20;21;22;23;24;25;26;27;28;29
B,1.98,p_hist,0.0003456668430364409,0.0003353501304664781,0.0004786114596136118,30,0;1;2;3;4;5;6;7;8;9;10;11;12;13;14;15;16;17;18;19;20;21;22;23;24;25;26;27;28;29
B,1.99,p_hist,0.00044337522309461454,0.0003353501304664781,0.0012265571446486005,30,0;1;2;3;4;5;6;7;8;9;10;11;12;13;14;15;16;17;18;19;20;21;22;23;24;25;26;27;28;29
B,2.0,p_hist,0.000356716164341085,0.0003353501304664781,0.0005602154419903546,30,0;1;2;3;4;5;6;7;8;9;10;11;12;13;14;15;16;17;18;19;20;21;22;23;24;25;26;27;28;29
B,2.0100000000000002,p_hist,0.00034061990210934796,0.0003353501304664781,0.0003835601242825954,30,0;1;2;3;4;5;6;7;8;9;10;11;12;13;14;15;16;17;18;19;20;21;22;23;24;25;26;27;28;29
B,2.02,p_hist,0.0003508225860191874,0.0003353501304664781,0.00046299788877633035,30,0;1;2;3;4;5;6;7;8;9;10;11;12;13;14;15;16;17;18;19;20;21;22;23;24;25;26;27;28;29
B,2.0300000000000002,p_hist,0.00033535013046647795,0.0003353501304664781,0.0003353501304664781,30,0;1;2;3;4;5;6;7;8;9;10;11;12;13;14;15;16;17;18;19;20;21;22;23;24;25;26;27;28;29
B,2.04,p_hist,0.00034441568851336306,0.0003353501304664781,0.0004101409843532797,30,0;1;2;3;4;5;6;7;8;9;10;11;12;13;14;15;16;17;18;19;20;21;22;23;24;25;26;27;28;29
B,2.05,p_hist,0.0003575968237072869,0.0003353501304664781,0.0006243802149324292,30,0;1;2;3;4;5;6;7;8;9;10;11;12;13;14;15;16;17;18;19;20;21;22;23;24;25;26;27;28;29
B,2.06,p_hist,0.00033896647498950824,0.0003353501304664781,0.00038045080646148944,30,0;1;2;3;4;5;6;7;8;9;10;11;12;13;14;15;16;17;18;19;20;21;22;23;24;25;26;27;28;29
B,2.07,p_hist,0.0003597883092569699,0.0003353501304664781,0.0006795858609149462,30,0;1;2;3;4;5;6;7;8;9;10;11;12;13;14;15;16;17;18;19;20;21;22;23;24;25;26;27;28;29
B,2.08,p_hist,0.0003423682696444346,0.0003353501304664781,0.00039324977868462023,30,0;1;2;3;4;5;6;7;8;9;10;11;12;13;14;15;16;17;18;19;20;21;22;23;24;25;26;27;28;29
B,2.09,p_hist,0.0003584085381634897,0.0003353501304664781,0.000525581993966824,30,0;1;2;3;4;5;6;7;8;9;10;11;12;13;14;15;16;17;18;19;20;21;22;23;24;25;26;27;28;29
B,2.1,p_hist,0.00039898168463522023,0.0003353501304664781,0.0008278790282208622,30,0;1;2;3;4;5;6;7;8;9;10;11;12;13;14;15;16;17;18;19;20;21;22;23;24;25;26;27;28;29
B,2.11,p_hist,0.0003427546473933794,0.0003353501304664781,0.0003964373951134145,30,0;1;2;3;4;5;6;7;8;9;10;11;12;13;14;15;16;17;18;19;20;21;22;23;24;25;26;27;28;29
B,2.12,p_hist,0.0003535969653419903,0.0003353501304664781,0.00048588651818945406,30,0;1;2;3;4;5;6;7;8;9;10;11;12;13;14;15;16;17;18;19;20;21;22;23;24;25;26;27;28;29
B,2.13,p_hist,0.00033836447614689455,0.0003353501304664781,0.00036693268808225317,30,0;1;2;3;4;5;6;7;8;9;10;11;12;13;14;15;16;17;18;19;20;21;22;23;24;25;26;27;28;29
B,2.14,p_hist,0.00033535013046647795,0.0003353501304664781,0.0003353501304664781,30,0;1;2;3;4;5;6;7;8;9;10;11;12;13;14;15;16;17;18;19;20;21;22;23;24;25;26;27;28;29
B,2.15,p_hist,0.00037125978523115313,0.0003353501304664781,0.0006658933035264573,30,0;1;2;3;4;5;6;7;8;9;10;11;12;13;14;15;16;17;18;19;20;21;22;23;24;25;26;27;28;29
B,2.16,p_hist,0.000353177639390436,0.0003353501304664781,0.0004958538875476958,30,0;1;2;3;4;5;6;7;8;9;10;11;12;13;14;15;16;17;18;19;20;21;22;23;24;25;26;27;28;29
B,2.17,p_hist,0.00038038963753608243,0.0003353501304664781,0.0009984724056444378,30,0;1;2;3;4;5;6;7;8;9;10;11;12;13;14;15;16;17;18;19;20;21;22;23;24;25;26;27;28;29
B,2.18,p_hist,0.0003394047799581369,0.0003353501304664781,0.0003688009887726644,30,0;1;2;3;4;5;6;7;8;9;10;11;12;13;14;15;16;17;18;19;20;21;22;23;24;25;26;27;28;29
B,2.19,p_hist,0.00042199512138987096,0.0003353501304664781,0.0011823882706142085,30,0;1;2;3;4;5;6;7;8;9;10;11;12;13;14;15;16;17;18;19;20;21;22;23;24;25;26;27;28;29
B,2.2,p_hist,0.00038184886774648974,0.0003353501304664781,0.0008448835639853538,30,0;1;2;3;4;5;6;7;8;9;10;11;12;13;14;15;16;17;18;19;20;21;22;23;24;25;26;27;28;29
B,2.21,p_hist,0.0003378445785035684,0.0003353501304664781,0.00037248334997451384,30,0;1;2;3;4;5;6;7;8;9;10;11;12;13;14;15;16;17;18;19;20;21;22;23;24;25;26;27;28;29
B,2.22,p_hist,0.00038667010465902915,0.0003353501304664781,0.0009839464672083693,30,0;1;2;3;4;5;6;7;8;9;10;11;12;13;14;15;16;17;18;19;20;21;22;23;24;25;26;27;28;29
B,2.23,p_hist,0.00044574812782992643,0.0003353501304664781,0.0017918470138897878,30,0;1;2;3;4;5;6;7;8;9;10;11;12;13;14;15;16;17;18;19;20;21;22;23;24;25;26;27;28;29
B,2.24,p_hist,0.00037173146030704995,0.0003353501304664781,0.000756031520790232,30,0;1;2;3;4;5;6;7;8;9;10;11;12;13;14;15;16;17;18;19;20;21;22;23;24;25;26;27;28;29
B,2.25,p_hist,0.0004561968965103032,0.0003353501304664781,0.0014735270621065732,30,0;1;2;3;4;5;6;7;8;9;10;11;12;13;14;15;16;17;18;19;20;21;22;23;24;25;26;27;28;29
B,2.2600000000000002,p_hist,0.0003518362952306071,0.0003353501304664781,0.0005137802403732074,30,0;1;2;3;4;5;6;7;8;9;10;11;12;13;14;15;16;17;18;19;20;21;22;23;24;25;26;27;28;29
B,2.27,p_hist,0.00036250816786487293,0.0003353501304664781,0.0007199149453353694,30,0;1;2;3;4;5;6;7;8;9;10;11;12;13;14;15;16;17;18;19;20;21;22;23;24;25;26;27;28;29
B,2.2800000000000002,p_hist,0.00036038163503220456,0.0003353501304664781,0.0005702116709854637,30,0;1;2;3;4;5;6;7;8;9;10;11;12;13;14;15;16;17;18;19;20;21;22;23;24;25;26;27;28;29
B,2.29,p_hist,0.00037405160589526395,0.0003353501304664781,0.0008353285858824055,30,0;1;2;3;4;5;6;7;8;9;10;11;12;13;14;15;16;17;18;19;20;21;22;23;24;25;26;27;28;29
B,2.3000000000000003,p_hist,0.0003540154875098061,0.0003353501304664781,0.0005505018348097808,30,0;1;2;3;4;5;6;7;8;9;10;11;12;13;14;15;16;17;18;19;20;21;22;23;24;25;26;27;28;29
B,2.31,p_hist,0.00033535013046647795,0.0003353501304664781,0.0003353501304664781,30,0;1;2;3;4;5;6;7;8;9;10;11;12;13;14;15;16;17;18;19;20;21;22;23;24;25;26;27;28;29
B,2.32,p_hist,0.0003682444863699293,0.0003353501304664781,0.0006893216906580799,30,0;1;2;3;4;5;6;7;8;9;10;11;12;13;14;15;16;17;18;19;20;21;22;23;24;25;26;27;28;29
B,2.33,p_hist,0.0003453173584331266,0.0003353501304664781,0.0004349124440626087,30,0;1;2;3;4;5;6;7;8;9;10;11;12;13;14;15;16;17;18;19;20;21;22;23;24;25;26;27;28;29
B,2.34,p_hist,0.00033535013046647795,0.0003353501304664781,0.0003353501304664781,30,0;1;2;3;4;5;6;7;8;9;10;11;12;13;14;15;16;17;18;19;20;21;22;23;24;25;26;27;28;29
B,2.35,p_hist,0.0003406858787409339,0.0003353501304664781,0.00037937005373073955,30,0;1;2;3;4;5;6;7;8;9;10;11;12;13;14;15;16;17;18;19;20;21;22;23;24;25;26;27;28;29
B,2.36,p_hist,0.0003441589018686194,0.0003353501304664781,0.00042396963926517726,30,0;1;2;3;4;5;6;7;8;9;10;11;12;13;14;15;16;17;18;19;20;21;22;23;24;25;26;27;28;29
B,2.37,p_hist,0.0005203673827083533,0.0003353501304664781,0.0022320444318996583,30,0;1;2;3;4;5;6;7;8;9;10;11;12;13;14;15;16;17;18;19;20;21;22;23;24;25;26;27;28;29
B,2.38,p_hist,0.00044430839671290507,0.0003353501304664781,0.0013845729416998073,30,0;1;2;3;4;5;6;7;8;9;10;11;12;13;14;15;16;17;18;19;20;21;22;23;24;25;26;27;28;29
B,2.39,p_hist,0.0003613609547868941,0.0003353501304664781,0.0006016611995393648,30,0;1;2;3;4;5;6;7;8;9;10;11;12;13;14;15;16;17;18;19;20;21;22;23;24;25;26;27;28;29
B,2.4,p_hist,0.0005903383050179163,0.0003353501304664781,0.002480035196984919,30,0;1;2;3;4;5;6;7;8;9;10;11;12;13;14;15;16;17;18;19;20;21;22;23;24;25;26;27;28;29
B,2.41,p_hist,0.0005190511250640249,0.0003353501304664781,0.002179205807999337,30,0;1;2;3;4;5;6;7;8;9;10;11;12;13;14;15;16;17;18;19;20;21;22;23;24;25;26;27;28;29
B,2.42,p_hist,0.00035468885697212686,0.0003353501304664781,0.0005428137750694068,30,0;1;2;3;4;5;6;7;8;9;10;11;12;13;14;15;16;17;18;19;20;21;22;23;24;25;26;27;28;29
B,2.43,p_hist,0.0003401091065428663,0.0003353501304664781,0.0003746116830966815,30,0;1;2;3;4;5;6;7;8;9;10;11;12;13;14;15;16;17;18;19;20;21;22;23;24;25;26;27;28;29
B,2.44,p_hist,0.0003629895615883781,0.0003353501304664781,0.000563375437222153,30,0;1;2;3;4;5;6;7;8;9;10;11;12;13;14;15;16;17;18;19;20;21;22;23;24;25;26;27;28;29
B,2.45,p_hist,0.0003372472657930138,0.0003353501304664781,0.0003582079512733729,30,0;1;2;3;4;5;6;7;8;9;10;11;12;13;14;15;16;17;18;19;20;21;22;23;24;25;26;27;28;29
B,2.46,p_hist,0.00033535013046647795,0.0003353501304664781,0.0003353501304664781,30,0;1;2;3;4;5;6;7;8;9;10;11;12;13;14;15;16;17;18;19;20;21;22;23;24;25;26;27;28;29
B,2.47,p_hist,0.00034498028606986354,0.0003353501304664781,0.0004147989141944084,30,0;1;2;3;4;5;6;7;8;9;10;11;12;13;14;15;16;17;18;19;20;21;22;23;24;25;26;27;28;29
B,2.48,p_hist,0.00033947634492801477,0.0003353501304664781,0.0003693913997741565,30,0;1;2;3;4;5;6;7;8;9;10;11;12;13;14;15;16;17;18;19;20;21;22;23;24;25;26;27;28;29
B,2.49,p_hist,0.00033923759938854893,0.0003353501304664781,0.0003674217490735632,30,0;1;2;3;4;5;6;7;8;9;10;11;12;13;14;15;16;17;18;19;20;21;22;23;24;25;26;27;28;29
B,2.5,p_hist,0.0003432364772853786,0.0003353501304664781,0.00040041249172240807,30,0;1;2;3;4;5;6;7;8;9;10;11;12;13;14;15;16;17;18;19;20;21;22;23;24;25;26;27;28;29
B,2.5100000000000002,p_hist,0.0003509459636127902,0.0003353501304664781,0.0005046504289948648,30,0;1;2;3;4;5;6;7;8;9;10;11;12;13;14;15;16;17;18;19;20;21;22;23;24;25;26;27;28;29
B,2.52,p_hist,0.00033535013046647795,0.0003353501304664781,0.0003353501304664781,30,0;1;2;3;4;5;6;7;8;9;10;11;12;13;14;15;16;17;18;19;20;21;22;23;24;25;26;27;28;29
B,2.5300000000000002,p_hist,0.0003898412386081419,0.0003353501304664781,0.0007849017726352041,30,0;1;2;3;4;5;6;7;8;9;10;11;12;13;14;15;16;17;18;19;20;21;22;23;24;25;26;27;28;29
B,2.54,p_hist,0.00046733750921329747,0.0003353501304664781,0.0018859790166541215,30,0;1;2;3;4;5;6;7;8;9;10;11;12;13;14;15;16;17;18;19;20;21;22;23;24;25;26;27;28;29
B,2.5500000000000003,p_hist,0.0005232391351532741,0.0003353501304664781,0.0021754945497989555,30,0;1;2;3;4;5;6;7;8;9;10;11;12;13;14;15;16;17;18;19;20;21;22;23;24;25;26;27;28;29
B,2.56,p_hist,0.00047443363198391606,0.0003353501304664781,0.001670679941872766,30,0;1;2;3;4;5;6;7;8;9;10;11;12;13;14;15;16;17;18;19;20;21;22;23;24;25;26;27;28;29
B,2.57,p_hist,0.00042919228814937183,0.0003353501304664781,0.0012354378914284268,30,0;1;2;3;4;5;6;7;8;9;10;11;12;13;14;15;16;17;18;19;20;21;22;23;24;25;26;27;28;29
B,2.58,p_hist,0.00033691278896304965,0.0003353501304664781,0.0003482420630631948,30,0;1;2;3;4;5;6;7;8;9;10;11;12;13;14;15;16;17;18;19;20;21;22;23;24;25;26;27;28;29
B,2.59,p_hist,0.0006556158021804716,0.0003353501304664781,0.0029775419221069093,30,0;1;2;3;4;5;6;7;8;9;10;11;12;13;14;15;16;17;18;19;20;21;22;23;24;25;26;27;28;29
B,2.6,p_hist,0.0004077208909539361,0.0003353501304664781,0.0009367244389468469,30,0;1;2;3;4;5;6;7;8;9;10;11;12;13;14;15;16;17;18;19;20;21;22;23;24;25;26;27;28;29
B,2.61,p_hist,0.00035232980352893113,0.0003353501304664781,0.0005285662670762899,30,0;1;2;3;4;5;6;7;8;9;10;11;12;13;14;15;16;17;18;19;20;21;22;23;24;25;26;27;28;29
B,2.62,p_hist,0.000347746047240697,0.0003353501304664781,0.0004376164438537846,30,0;1;2;3;4;5;6;7;8;9;10;11;12;13;14;15;16;17;18;19;20;21;22;23;24;25;26;27;28;29
B,2.63,p_hist,0.0003951098739192785,0.0003353501304664781,0.0008283680139520808,30,0;1;2;3;4;5;6;7;8;9;10;11;12;13;14;15;16;17;18;19;20;21;22;23;24;25;26;27;28;29
B,2.64,p_hist,0.0003570825896551942,0.0003353501304664781,0.0005506800569141739,30,0;1;2;3;4;5;6;7;8;9;10;11;12;13;14;15;16;17;18;19;20;21;22;23;24;25;26;27;28;29
B,2.65,p_hist,0.0003394580016275241,0.0003353501304664781,0.0003927302266508652,30,0;1;2;3;4;5;6;7;8;9;10;11;12;13;14;15;16;17;18;19;20;21;22;23;24;25;26;27;28;29
B,2.66,p_hist,0.00033855155209398894,0.0003353501304664781,0.00037543211625562045,30,0;1;2;3;4;5;6;7;8;9;10;11;12;13;14;15;16;17;18;19;20;21;22;23;24;25;26;27;28;29
B,2.67,p_hist,0.00033935534509609016,0.0003353501304664781,0.0003683931511607786,30,0;1;2;3;4;5;6;7;8;9;10;11;12;13;14;15;16;17;18;19;20;21;22;23;24;25;26;27;28;29
B,2.68,p_hist,0.00033535013046647795,0.0003353501304664781,0.0003353501304664781,30,0;1;2;3;4;5;6;7;8;9;10;11;12;13;14;15;16;17;18;19;20;21;22;23;24;25;26;27;28;29
B,2.69,p_hist,0.00034297022826970176,0.0003353501304664781,0.00039821593734307436,30,0;1;2;3;4;5;6;7;8;9;10;11;12;13;14;15;16;17;18;19;20;21;22;23;24;25;26;27;28;29
B,2.7,p_hist,0.00036219468194202806,0.0003353501304664781,0.0005704141026460117,30,0;1;2;3;4;5;6;7;8;9;10;11;12;13;14;15;16;17;18;19;20;21;22;23;24;25;26;27;28;29
B,2.71,p_hist,0.0003490874094793434,0.0003353501304664781,0.0005022251384460887,30,0;1;2;3;4;5;6;7;8;9;10;11;12;13;14;15;16;17;18;19;20;21;22;23;24;25;26;27;28;29
B,2.72,p_hist,0.00040904381005322615,0.0003353501304664781,0.0011901858738898531,30,0;1;2;3;4;5;6;7;8;9;10;11;12;13;14;15;16;17;18;19;20;21;22;23;24;25;26;27;28;29
B,2.73,p_hist,0.00035054992081204794,0.0003353501304664781,0.0004791812518457852,30,0;1;2;3;4;5;6;7;8;9;10;11;12;13;14;15;16;17;18;19;20;21;22;23;24;25;26;27;28;29
B,2.74,p_hist,0.00043784605597597763,0.0003353501304664781,0.0011826649270351981,30,0;1;2;3;4;5;6;7;8;9;10;11;12;13;14;15;16;17;18;19;20;21;22;23;24;25;26;27;28;29
B,2.75,p_hist,0.00034951656773535435,0.0003353501304664781,0.000508018362717556,30,0;1;2;3;4;5;6;7;8;9;10;11;12;13;14;15;16;17;18;19;20;21;22;23;24;25;26;27;28;29
B,2.7600000000000002,p_hist,0.00034038312010920767,0.0003353501304664781,0.0003768722950189981,30,0;1;2;3;4;5;6;7;8;9;10;11;12;13;14;15;16;17;18;19;20;21;22;23;24;25;26;27;28;29
B,2.77,p_hist,0.0003409538575034325,0.0003353501304664781,0.0003942459851531851,30,0;1;2;3;4;5;6;7;8;9;10;11;12;13;14;15;16;17;18;19;20;21;22;23;24;25;26;27;28;29
B,2.7800000000000002,p_hist,0.00033938666234588827,0.0003353501304664781,0.0003686515184716132,30,0;1;2;3;4;5;6;7;8;9;10;11;12;13;14;15;16;17;18;19;20;21;22;23;24;25;26;27;28;29
B,2.79,p_hist,0.0004721004357668735,0.0003353501304664781,0.0016443177028890293,30,0;1;2;3;4;5;6;7;8;9;10;11;12;13;14;15;16;17;18;19;20;21;22;23;24;25;26;27;28;29
B,2.8000000000000003,p_hist,0.0004601973280632951,0.0003353501304664781,0.0014482785753610248,30,0;1;2;3;4;5;6;7;8;9;10;11;12;13;14;15;16;17;18;19;20;21;22;23;24;25;26;27;28;29
B,2.81,p_hist,0.0003577858361400666,0.0003353501304664781,0.0005204447022735838,30,0;1;2;3;4;5;6;7;8;9;10;11;12;13;14;15;16;17;18;19;20;21;22;23;24;25;26;27;28;29
B,2.82,p_hist,0.00034448131429258707,0.0003353501304664781,0.00041068239703187796,30,0;1;2;3;4;5;6;7;8;9;10;11;12;13;14;15;16;17;18;19;20;21;22;23;24;25;26;27;28;29
B,2.83,p_hist,0.0003394821853459251,0.0003353501304664781,0.000369439583221917,30,0;1;2;3;4;5;6;7;8;9;10;11;12;13;14;15;16;17;18;19;20;21;22;23;24;25;26;27;28;29
B,2.84,p_hist,0.00034991746209600024,0.0003353501304664781,0.0004555306164100364,30,0;1;2;3;4;5;6;7;8;9;10;11;12;13;14;15;16;17;18;19;20;21;22;23;24;25;26;27;28;29
B,2.85,p_hist,0.00033535013046647795,0.0003353501304664781,0.0003353501304664781,30,0;1;2;3;4;5;6;7;8;9;10;11;12;13;14;15;16;17;18;19;20;21;22;23;24;25;26;27;28;29
B,2.86,p_hist,0.0003422805749731911,0.0003353501304664781,0.0003925262976468612,30,0;1;2;3;4;5;6;7;8;9;10;11;12;13;14;15;16;17;18;19;20;21;22;23;24;25;26;27;28;29
B,2.87,p_hist,0.0003458501056616452,0.0003353501304664781,0.0004219749258266075,30,0;1;2;3;4;5;6;7;8;9;10;11;12;13;14;15;16;17;18;19;20;21;22;23;24;25;26;27;28;29
B,2.88,p_hist,0.00034402307371852455,0.0003353501304664781,0.0004069019122958621,30,0;1;2;3;4;5;6;7;8;9;10;11;12;13;14;15;16;17;18;19;20;21;22;23;24;25;26;27;28;29
B,2.89,p_hist,0.0007671713434765317,0.0003353501304664781,0.0038955579902869423,30,0;1;2;3;4;5;6;7;8;9;10;11;12;13;14;15;16;17;18;19;20;21;22;23;24;25;26;27;28;29
B,2.9,p_hist,0.000720936052772731,0.0003353501304664781,0.004837404974411007,30,0;1;2;3;4;5;6;7;8;9;10;11;12;13;14;15;16;17;18;19;20;21;22;23;24;25;26;27;28;29
B,2.91,p_hist,0.00043892565457408884,0.0003353501304664781,0.0016697102048512256,30,0;1;2;3;4;5;6;7;8;9;10;11;12;13;14;15;16;17;18;19;20;21;22;23;24;25;26;27;28;29
B,2.92,p_hist,0.00038399838931287353,0.0003353501304664781,0.0007769055377972287,30,0;1;2;3;4;5;6;7;8;9;10;11;12;13;14;15;16;17;18;19;20;21;22;23;24;25;26;27;28;29
B,2.93,p_hist,0.00035736890197768807,0.0003353501304664781,0.0005170049954339607,30,0;1;2;3;4;5;6;7;8;9;10;11;12;13;14;15;16;17;18;19;20;21;22;23;24;25;26;27;28;29
B,2.94,p_hist,0.00033564688452871453,0.0003353501304664781,0.0003377983514799302,30,0;1;2;3;4;5;6;7;8;9;10;11;12;13;14;15;16;17;18;19;20;21;22;23;24;25;26;27;28;29
B,2.95,p_hist,0.00033990751301756796,0.0003353501304664781,0.0003729485365129702,30,0;1;2;3;4;5;6;7;8;9;10;11;12;13;14;15;16;17;18;19;20;21;22;23;24;25;26;27;28;29
B,2.96,p_hist,0.00033566511583399427,0.0003353501304664781,0.00033794875974848805,30,0;1;2;3;4;5;6;7;8;9;10;11;12;13;14;15;16;17;18;19;20;21;22;23;24;25;26;27;28;29
B,2.97,p_hist,0.00033535013046647795,0.0003353501304664781,0.0003353501304664781,30,0;1;2;3;4;5;6;7;8;9;10;11;12;13;14;15;16;17;18;19;20;21;22;23;24;25;26;27;28;29
B,2.98,p_hist,0.00033535013046647795,0.0003353501304664781,0.0003353501304664781,30,0;1;2;3;4;5;6;7;8;9;10;11;12;13;14;15;16;17;18;19;20;21;22;23;24;25;26;27;28;29
B,2.99,p_hist,0.00042453476666142403,0.0003353501304664781,0.00114400604368709,30,0;1;2;3;4;5;6;7;8;9;10;11;12;13;14;15;16;17;18;19;20;21;22;23;24;25;26;27;28;29
B,3.0,p_hist,0.00036003085881430256,0.0003353501304664781,0.00053896613933603,30,0;1;2;3;4;5;6;7;8;9;10;11;12;13;14;15;16;17;18;19;20;21;22;23;24;25;26;27;28;29
B,3.0100000000000002,p_hist,0.0003993377477911114,0.0003353501304664781,0.0009325207112790062,30,0;1;2;3;4;5;6;7;8;9;10;11;12;13;14;15;16;17;18;19;20;21;22;23;24;25;26;27;28;29
B,3.02,p_hist,0.0003451439189948122,0.0003353501304664781,0.0004161488858252351,30,0;1;2;3;4;5;6;7;8;9;10;11;12;13;14;15;16;17;18;19;20;21;22;23;24;25;26;27;28;29
B,3.0300000000000002,p_hist,0.00036445882115517615,0.0003353501304664781,0.0007401497358803045,30,0;1;2;3;4;5;6;7;8;9;10;11;12;13;14;15;16;17;18;19;20;21;22;23;24;25;26;27;28;29
B,3.04,p_hist,0.0003505538937490623,0.0003353501304664781,0.0004882953891848103,30,0;1;2;3;4;5;6;7;8;9;10;11;12;13;14;15;16;17;18;19;20;21;22;23;24;25;26;27;28;29
B,3.0500000000000003,p_hist,0.0003443750600976069,0.0003353501304664781,0.0004098057999232921,30,0;1;2;3;4;5;6;7;8;9;10;11;12;13;14;15;16;17;18;19;20;21;22;23;24;25;26;27;28;29
B,3.06,p_hist,0.0003424535718221276,0.0003353501304664781,0.0003939535216505875,30,0;1;2;3;4;5;6;7;8;9;10;11;12;13;14;15;16;17;18;19;20;21;22;23;24;25;26;27;28;29
B,3.0700000000000003,p_hist,0.0003403732680069335,0.0003353501304664781,0.0004097161069351913,30,0;1;2;3;4;5;6;7;8;9;10;11;12;13;14;15;16;17;18;19;20;21;22;23;24;25;26;27;28;29
B,3.08,p_hist,0.0003362859384637515,0.0003353501304664781,0.0003430705464439847,30,0;1;2;3;4;5;6;7;8;9;10;11;12;13;14;15;16;17;18;19;20;21;22;23;24;25;26;27;28;29
B,3.09,p_hist,0.0005480501727493817,0.0003353501304664781,0.003026967522200348,30,0;1;2;3;4;5;6;7;8;9;10;11;12;13;14;15;16;17;18;19;20;21;22;23;24;25;26;27;28;29
B,3.1,p_hist,0.00036206095199237115,0.0003353501304664781,0.0006576728492014338,30,0;1;2;3;4;5;6;7;8;9;10;11;12;13;14;15;16;17;18;19;20;21;22;23;24;25;26;27;28;29
B,3.11,p_hist,0.00033643471977859814,0.0003353501304664781,0.00034429799229146967,30,0;1;2;3;4;5;6;7;8;9;10;11;12;13;14;15;16;17;18;19;20;21;22;23;24;25;26;27;28;29
B,3.12,p_hist,0.0003655539073848342,0.0003353501304664781,0.0007136611942717216,30,0;1;2;3;4;5;6;7;8;9;10;11;12;13;14;15;16;17;18;19;20;21;22;23;24;25;26;27;28;29
B,3.13,p_hist,0.00036466222356429536,0.0003353501304664781,0.0006544642926572434,30,0;1;2;3;4;5;6;7;8;9;10;11;12;13;14;15;16;17;18;19;20;21;22;23;24;25;26;27;28;29
B,3.14,p_hist,0.00033535013046647795,0.0003353501304664781,0.0003353501304664781,30,0;1;2;3;4;5;6;7;8;9;10;11;12;13;14;15;16;17;18;19;20;21;22;23;24;25;26;27;28;29
B,3.15,p_hist,0.0003760837046938036,0.0003353501304664781,0.0006758972916226868,30,0;1;2;3;4;5;6;7;8;9;10;11;12;13;14;15;16;17;18;19;20;21;22;23;24;25;26;27;28;29
B,3.16,p_hist,0.00034408439877200585,0.0003353501304664781,0.00040740784398708284,30,0;1;2;3;4;5;6;7;8;9;10;11;12;13;14;15;16;17;18;19;20;21;22;23;24;25;26;27;28;29
B,3.17,p_hist,0.0003449867785628098,0.0003353501304664781,0.00047752125883399364,30,0;1;2;3;4;5;6;7;8;9;10;11;12;13;14;15;16;17;18;19;20;21;22;23;24;25;26;27;28;29
B,3.18,p_hist,0.00033535013046647795,0.0003353501304664781,0.0003353501304664781,30,0;1;2;3;4;5;6;7;8;9;10;11;12;13;14;15;16;17;18;19;20;21;22;23;24;25;26;27;28;29
B,3.19,p_hist,0.00034202835363807333,0.0003353501304664781,0.0003904454716321397,30,0;1;2;3;4;5;6;7;8;9;10;11;12;13;14;15;16;17;18;19;20;21;22;23;24;25;26;27;28;29
B,3.2,p_hist,0.0003425053527600601,0.0003353501304664781,0.0003943807143885303,30,0;1;2;3;4;5;6;7;8;9;10;11;12;13;14;15;16;17;18;19;20;21;22;23;24;25;26;27;28;29
B,3.21,p_hist,0.00034252998000119586,0.0003353501304664781,0.00041922662731428784,30,0;1;2;3;4;5;6;7;8;9;10;11;12;13;14;15;16;17;18;19;20;21;22;23;24;25;26;27;28;29
B,3.22,p_hist,0.0003376586886774934,0.0003353501304664781,0.00035439573570735536,30,0;1;2;3;4;5;6;7;8;9;10;11;12;13;14;15;16;17;18;19;20;21;22;23;24;25;26;27;28;29
B,3.23,p_hist,0.00033937441702953475,0.0003353501304664781,0.00036855049461169637,30,0;1;2;3;4;5;6;7;8;9;10;11;12;13;14;15;16;17;18;19;20;21;22;23;24;25;26;27;28;29
B,3.24,p_hist,0.000541962063334825,0.0003353501304664781,0.0020540205086023136,30,0;1;2;3;4;5;6;7;8;9;10;11;12;13;14;15;16;17;18;19;20;21;22;23;24;25;26;27;28;29
B,3.25,p_hist,0.00042505132826471133,0.0003353501304664781,0.0011061246219513164,30,0;1;2;3;4;5;6;7;8;9;10;11;12;13;14;15;16;17;18;19;20;21;22;23;24;25;26;27;28;29
B,3.2600000000000002,p_hist,0.00035346668710185337,0.0003353501304664781,0.0004848117227083248,30,0;1;2;3;4;5;6;7;8;9;10;11;12;13;14;15;16;17;18;19;20;21;22;23;24;25;26;27;28;29
B,3.27,p_hist,0.0003413174751078843,0.0003353501304664781,0.0003845807237580802,30,0;1;2;3;4;5;6;7;8;9;10;11;12;13;14;15;16;17;18;19;20;21;22;23;24;25;26;27;28;29
B,3.2800000000000002,p_hist,0.0003626146977162993,0.0003353501304664781,0.000577334483526621,30,0;1;2;3;4;5;6;7;8;9;10;11;12;13;14;15;16;17;18;19;20;21;22;23;24;25;26;27;28;29
B,3.29,p_hist,0.00045568787589891116,0.0003353501304664781,0.002056173150152941,30,0;1;2;3;4;5;6;7;8;9;10;11;12;13;14;15;16;17;18;19;20;21;22;23;24;25;26;27;28;29
B,3.3000000000000003,p_hist,0.0004070472804788194,0.0003353501304664781,0.001011134659662388,30,0;1;2;3;4;5;6;7;8;9;10;11;12;13;14;15;16;17;18;19;20;21;22;23;24;25;26;27;28;29
B,3.31,p_hist,0.0003568138325676131,0.0003353501304664781,0.0006454930548606303,30,0;1;2;3;4;5;6;7;8;9;10;11;12;13;14;15;16;17;18;19;20;21;22;23;24;25;26;27;28;29
B,3.3200000000000003,p_hist,0.00033954343883328957,0.0003353501304664781,0.00039718451848595623,30,0;1;2;3;4;5;6;7;8;9;10;11;12;13;14;15;16;17;18;19;20;21;22;23;24;25;26;27;28;29
B,3.33,p_hist,0.00033535013046647795,0.0003353501304664781,0.0003353501304664781,30,0;1;2;3;4;5;6;7;8;9;10;11;12;13;14;15;16;17;18;19;20;21;22;23;24;25;26;27;28;29
B,3.34,p_hist,0.0003381048895164223,0.0003353501304664781,0.0003580768926285188,30,0;1;2;3;4;5;6;7;8;9;10;11;12;13;14;15;16;17;18;19;20;21;22;23;24;25;26;27;28;29
B,3.35,p_hist,0.004352488593640556,0.0003353501304664781,0.03362985911933397,30,0;1;2;3;4;5;6;7;8;9;10;11;12;13;14;15;16;17;18;19;20;21;22;23;24;25;26;27;28;29
B,3.36,p_hist,0.001106382179723152,0.0003353501304664781,0.006696364536834002,30,0;1;2;3;4;5;6;7;8;9;10;11;12;13;14;15;16;17;18;19;20;21;22;23;24;25;26;27;28;29
B,3.37,p_hist,0.0016056654338884749,0.0003353501304664781,0.012720109366898644,30,0;1;2;3;4;5;6;7;8;9;10;11;12;13;14;15;16;17;18;19;20;21;22;23;24;25;26;27;28;29
B,3.38,p_hist,0.0012293237053618844,0.0003353501304664781,0.007967737610773252,30,0;1;2;3;4;5;6;7;8;9;10;11;12;13;14;15;16;17;18;19;20;21;22;23;24;25;26;27;28;29
B,3.39,p_hist,0.0026492792318370344,0.0003353501304664781,0.019666626731019543,30,0;1;2;3;4;5;6;7;8;9;10;11;12;13;14;15;16;17;18;19;20;21;22;23;24;25;26;27;28;29
B,3.4,p_hist,0.000817856568709294,0.0003353501304664781,0.00454377166397616,30,0;1;2;3;4;5;6;7;8;9;10;11;12;13;14;15;16;17;18;19;20;21;22;23;24;25;26;27;28;29
B,3.41,p_hist,0.00047106964281518174,0.0003353501304664781,0.0019855338091023327,30,0;1;2;3;4;5;6;7;8;9;10;11;12;13;14;15;16;17;18;19;20;21;22;23;24;25;26;27;28;29
B,3.42,p_hist,0.0003948109434068979,0.0003353501304664781,0.0008508678745961814,30,0;1;2;3;4;5;6;7;8;9;10;11;12;13;14;15;16;17;18;19;20;21;22;23;24;25;26;27;28;29
B,3.43,p_hist,0.0003439357610258409,0.0003353501304664781,0.0004407578578343473,30,0;1;2;3;4;5;6;7;8;9;10;11;12;13;14;15;16;17;18;19;20;21;22;23;24;25;26;27;28;29
B,3.44,p_hist,0.00033535013046647795,0.0003353501304664781,0.0003353501304664781,30,0;1;2;3;4;5;6;7;8;9;10;11;12;13;14;15;16;17;18;19;20;21;22;23;24;25;26;27;28;29
B,3.45,p_hist,0.0003719767258471851,0.0003353501304664781,0.0006433489706654939,30,0;1;2;3;4;5;6;7;8;9;10;11;12;13;14;15;16;17;18;19;20;21;22;23;24;25;26;27;28;29
B,3.46,p_hist,0.000368018954741541,0.0003353501304664781,0.0006891284802468994,30,0;1;2;3;4;5;6;7;8;9;10;11;12;13;14;15;16;17;18;19;20;21;22;23;24;25;26;27;28;29
B,3.47,p_hist,0.0003932993530697419,0.0003353501304664781,0.0008626469436280218,30,0;1;2;3;4;5;6;7;8;9;10;11;12;13;14;15;16;17;18;19;20;21;22;23;24;25;26;27;28;29
B,3.48,p_hist,0.0003438917522469795,0.0003353501304664781,0.00045084579717981745,30,0;1;2;3;4;5;6;7;8;9;10;11;12;13;14;15;16;17;18;19;20;21;22;23;24;25;26;27;28;29
B,3.49,p_hist,0.0003395144825766316,0.0003353501304664781,0.0003742085558610317,30,0;1;2;3;4;5;6;7;8;9;10;11;12;13;14;15;16;17;18;19;20;21;22;23;24;25;26;27;28;29
B,3.5,p_hist,0.00034236909266087526,0.0003353501304664781,0.00042476265477308674,30,0;1;2;3;4;5;6;7;8;9;10;11;12;13;14;15;16;17;18;19;20;21;22;23;24;25;26;27;28;29
B,3.5100000000000002,p_hist,0.0003627779989811522,0.0003353501304664781,0.0005903388582514336,30,0;1;2;3;4;5;6;7;8;9;10;11;12;13;14;15;16;17;18;19;20;21;22;23;24;25;26;27;28;29
B,3.52,p_hist,0.0003493372918811855,0.0003353501304664781,0.0004973309107030729,30,0;1;2;3;4;5;6;7;8;9;10;11;12;13;14;15;16;17;18;19;20;21;22;23;24;25;26;27;28;29
B,3.5300000000000002,p_hist,0.00033535013046647795,0.0003353501304664781,0.0003353501304664781,30,0;1;2;3;4;5;6;7;8;9;10;11;12;13;14;15;16;17;18;19;20;21;22;23;24;25;26;27;28;29
B,3.54,p_hist,0.00033535013046647795,0.0003353501304664781,0.0003353501304664781,30,0;1;2;3;4;5;6;7;8;9;10;11;12;13;14;15;16;17;18;19;20;21;22;23;24;25;26;27;28;29
B,3.5500000000000003,p_hist,0.00034109165162315584,0.0003353501304664781,0.00039188454798400946,30,0;1;2;3;4;5;6;7;8;9;10;11;12;13;14;15;16;17;18;19;20;21;22;23;24;25;26;27;28;29
B,3.56,p_hist,0.0003683178766826868,0.0003353501304664781,0.0008004462761182017,30,0;1;2;3;4;5;6;7;8;9;10;11;12;13;14;15;16;17;18;19;20;21;22;23;24;25;26;27;28;29
B,3.5700000000000003,p_hist,0.00034079019279108794,0.0003353501304664781,0.00038023064464450993,30,0;1;2;3;4;5;6;7;8;9;10;11;12;13;14;15;16;17;18;19;20;21;22;23;24;25;26;27;28;29
B,3.58,p_hist,0.0003410790942082394,0.0003353501304664781,0.00040566754571842777,30,0;1;2;3;4;5;6;7;8;9;10;11;12;13;14;15;16;17;18;19;20;21;22;23;24;25;26;27;28;29
B,3.59,p_hist,0.0003438903200551883,0.0003353501304664781,0.00043973456973343155,30,0;1;2;3;4;5;6;7;8;9;10;11;12;13;14;15;16;17;18;19;20;21;22;23;24;25;26;27;28;29
B,3.6,p_hist,0.00035766940138590836,0.0003353501304664781,0.0006285750678553999,30,0;1;2;3;4;5;6;7;8;9;10;11;12;13;14;15;16;17;18;19;20;21;22;23;24;25;26;27;28;29
B,3.61,p_hist,0.0003406054556295936,0.0003353501304664781,0.0003787065630621817,30,0;1;2;3;4;5;6;7;8;9;10;11;12;13;14;15;16;17;18;19;20;21;22;23;24;25;26;27;28;29
B,3.62,p_hist,0.0003539213009685944,0.0003353501304664781,0.0005075388063016814,30,0;1;2;3;4;5;6;7;8;9;10;11;12;13;14;15;16;17;18;19;20;21;22;23;24;25;26;27;28;29
B,3.63,p_hist,0.0003795803790181899,0.0003353501304664781,0.0008838662845401636,30,0;1;2;3;4;5;6;7;8;9;10;11;12;13;14;15;16;17;18;19;20;21;22;23;24;25;26;27;28;29
B,3.64,p_hist,0.00034003228789169013,0.0003353501304664781,0.0003739779292244786,30,0;1;2;3;4;5;6;7;8;9;10;11;12;13;14;15;16;17;18;19;20;21;22;23;24;25;26;27;28;29
B,3.65,p_hist,0.00033535013046647795,0.0003353501304664781,0.0003353501304664781,30,0;1;2;3;4;5;6;7;8;9;10;11;12;13;14;15;16;17;18;19;20;21;22;23;24;25;26;27;28;29
B,3.66,p_hist,0.0004368409955460695,0.0003353501304664781,0.0013695691245421276,30,0;1;2;3;4;5;6;7;8;9;10;11;12;13;14;15;16;17;18;19;20;21;22;23;24;25;26;27;28;29
B,3.67,p_hist,0.0003474027841402954,0.0003353501304664781,0.0004828741760750596,30,0;1;2;3;4;5;6;7;8;9;10;11;12;13;14;15;16;17;18;19;20;21;22;23;24;25;26;27;28;29
B,3.68,p_hist,0.0008290454700624451,0.0003353501304664781,0.005149598955499841,30,0;1;2;3;4;5;6;7;8;9;10;11;12;13;14;15;16;17;18;19;20;21;22;23;24;25;26;27;28;29
B,3.69,p_hist,0.0004479738476229706,0.0003353501304664781,0.0015036307231529478,30,0;1;2;3;4;5;6;7;8;9;10;11;12;13;14;15;16;17;18;19;20;21;22;23;24;25;26;27;28;29
B,3.7,p_hist,0.0003533853016942332,0.0003353501304664781,0.0005908814546828505,30,0;1;2;3;4;5;6;7;8;9;10;11;12;13;14;15;16;17;18;19;20;21;22;23;24;25;26;27;28;29
B,3.71,p_hist,0.00037905717669597033,0.0003353501304664781,0.0008025261867470495,30,0;1;2;3;4;5;6;7;8;9;10;11;12;13;14;15;16;17;18;19;20;21;22;23;24;25;26;27;28;29
B,3.72,p_hist,0.0003550396628541951,0.0003353501304664781,0.0005263822780486359,30,0;1;2;3;4;5;6;7;8;9;10;11;12;13;14;15;16;17;18;19;20;21;22;23;24;25;26;27;28;29
B,3.73,p_hist,0.00033535013046647795,0.0003353501304664781,0.0003353501304664781,30,0;1;2;3;4;5;6;7;8;9;10;11;12;13;14;15;16;17;18;19;20;21;22;23;24;25;26;27;28;29
B,3.74,p_hist,0.00036674652505588325,0.0003353501304664781,0.0006310662959264799,30,0;1;2;3;4;5;6;7;8;9;10;11;12;13;14;15;16;17;18;19;20;21;22;23;24;25;26;27;28;29
B,3.75,p_hist,0.0003354110145728509,0.0003353501304664781,0.00033585242434405483,30,0;1;2;3;4;5;6;7;8;9;10;11;12;13;14;15;16;17;18;19;20;21;22;23;24;25;26;27;28;29
B,3.7600000000000002,p_hist,0.00040841912187002544,0.0003353501304664781,0.0009998920156941895,30,0;1;2;3;4;5;6;7;8;9;10;11;12;13;14;15;16;17;18;19;20;21;22;23;24;25;26;27;28;29
B,3.77,p_hist,0.00036219231483703085,0.0003353501304664781,0.0006408029166969929,30,0;1;2;3;4;5;6;7;8;9;10;11;12;13;14;15;16;17;18;19;20;21;22;23;24;25;26;27;28;29
B,3.7800000000000002,p_hist,0.0003425046698357646,0.0003353501304664781,0.00039437508026309254,30,0;1;2;3;4;5;6;7;8;9;10;11;12;13;14;15;16;17;18;19;20;21;22;23;24;25;26;27;28;29
B,3.79,p_hist,0.00035096693122055523,0.0003353501304664781,0.00046418873668761535,30,0;1;2;3;4;5;6;7;8;9;10;11;12;13;14;15;16;17;18;19;20;21;22;23;24;25;26;27;28;29
B,3.8000000000000003,p_hist,0.0003463900711088281,0.0003353501304664781,0.00047049667248026,30,0;1;2;3;4;5;6;7;8;9;10;11;12;13;14;15;16;17;18;19;20;21;22;23;24;25;26;27;28;29
B,3.81,p_hist,0.0026157667374882587,0.0003353501304664781,0.01914878713839603,30,0;1;2;3;4;5;6;7;8;9;10;11;12;13;14;15;16;17;18;19;20;21;22;23;24;25;26;27;28;29
B,3.8200000000000003,p_hist,0.0007978578941112947,0.0003353501304664781,0.004252263294293575,30,0;1;2;3;4;5;6;7;8;9;10;11;12;13;14;15;16;17;18;19;20;21;22;23;24;25;26;27;28;29
B,3.83,p_hist,0.000434903676772644,0.0003353501304664781,0.0014025604313021404,30,0;1;2;3;4;5;6;7;8;9;10;11;12;13;14;15;16;17;18;19;20;21;22;23;24;25;26;27;28;29
B,3.84,p_hist,0.0003709115331571254,0.0003353501304664781,0.00074761543544062,30,0;1;2;3;4;5;6;7;8;9;10;11;12;13;14;15;16;17;18;19;20;21;22;23;24;25;26;27;28;29
B,3.85,p_hist,0.0003415696777467789,0.0003353501304664781,0.0003903680736766201,30,0;1;2;3;4;5;6;7;8;9;10;11;12;13;14;15;16;17;18;19;20;21;22;23;24;25;26;27;28;29
B,3.86,p_hist,0.0004889548680514892,0.0003353501304664781,0.0016226993737984176,30,0;1;2;3;4;5;6;7;8;9;10;11;12;13;14;15;16;17;18;19;20;21;22;23;24;25;26;27;28;29
B,3.87,p_hist,0.0005188210094682574,0.0003353501304664781,0.0021066340155533533,30,0;1;2;3;4;5;6;7;8;9;10;11;12;13;14;15;16;17;18;19;20;21;22;23;24;25;26;27;28;29
B,3.88,p_hist,0.00035800152641504593,0.0003353501304664781,0.0005332809345336019,30,0;1;2;3;4;5;6;7;8;9;10;11;12;13;14;15;16;17;18;19;20;21;22;23;24;25;26;27;28;29
B,3.89,p_hist,0.0003522529863318533,0.0003353501304664781,0.0004747986913558245,30,0;1;2;3;4;5;6;7;8;9;10;11;12;13;14;15;16;17;18;19;20;21;22;23;24;25;26;27;28;29
B,3.9,p_hist,0.00033535013046647795,0.0003353501304664781,0.0003353501304664781,30,0;1;2;3;4;5;6;7;8;9;10;11;12;13;14;15;16;17;18;19;20;21;22;23;24;25;26;27;28;29
B,3.91,p_hist,0.00033535013046647795,0.0003353501304664781,0.0003353501304664781,30,0;1;2;3;4;5;6;7;8;9;10;11;12;13;14;15;16;17;18;19;20;21;22;23;24;25;26;27;28;29
B,3.92,p_hist,0.00033535013046647795,0.0003353501304664781,0.0003353501304664781,30,0;1;2;3;4;5;6;7;8;9;10;11;12;13;14;15;16;17;18;19;20;21;22;23;24;25;26;27;28;29
B,3.93,p_hist,0.00033863930650657187,0.0003353501304664781,0.0003624858327972531,30,0;1;2;3;4;5;6;7;8;9;10;11;12;13;14;15;16;17;18;19;20;21;22;23;24;25;26;27;28;29
B,3.94,p_hist,0.000351190951693856,0.0003353501304664781,0.00047681475590782596,30,0;1;2;3;4;5;6;7;8;9;10;11;12;13;14;15;16;17;18;19;20;21;22;23;24;25;26;27;28;29
B,3.95,p_hist,0.00039256900381830304,0.0003353501304664781,0.0011058960061996364,30,0;1;2;3;4;5;6;7;8;9;10;11;12;13;14;15;16;17;18;19;20;21;22;23;24;25;26;27;28;29
B,3.96,p_hist,0.0003369316497925653,0.0003353501304664781,0.00034839766490669835,30,0;1;2;3;4;5;6;7;8;9;10;11;12;13;14;15;16;17;18;19;20;21;22;23;24;25;26;27;28;29
B,3.97,p_hist,0.0004361352395005324,0.0003353501304664781,0.0012749349747920346,30,0;1;2;3;4;5;6;7;8;9;10;11;12;13;14;15;16;17;18;19;20;21;22;23;24;25;26;27;28;29
B,3.98,p_hist,0.0003716280445226523,0.0003353501304664781,0.0006608232439807997,30,0;1;2;3;4;5;6;7;8;9;10;11;12;13;14;15;16;17;18;19;20;21;22;23;24;25;26;27;28;29
B,3.99,p_hist,0.0003675472343234292,0.0003353501304664781,0.0007347120315057954,30,0;1;2;3;4;5;6;7;8;9;10;11;12;13;14;15;16;17;18;19;20;21;22;23;24;25;26;27;28;29
B,4.0,p_hist,0.00038677852745808426,0.0003353501304664781,0.0007900374193660911,30,0;1;2;3;4;5;6;7;8;9;10;11;12;13;14;15;16;17;18;19;20;21;22;23;24;25;26;27;28;29
B,4.01,p_hist,0.0003554116333359248,0.0003353501304664781,0.0005229238461427401,30,0;1;2;3;4;5;6;7;8;9;10;11;12;13;14;15;16;17;18;19;20;21;22;23;24;25;26;27;28;29
B,4.0200000000000005,p_hist,0.00041442454530534877,0.0003353501304664781,0.0011666200440164274,30,0;1;2;3;4;5;6;7;8;9;10;11;12;13;14;15;16;17;18;19;20;21;22;23;24;25;26;27;28;29
B,4.03,p_hist,0.0003867042828197606,0.0003353501304664781,0.0008881492142917106,30,0;1;2;3;4;5;6;7;8;9;10;11;12;13;14;15;16;17;18;19;20;21;22;23;24;25;26;27;28;29
B,4.04,p_hist,0.00033845675142328097,0.0003353501304664781,0.0003778092609558484,30,0;1;2;3;4;5;6;7;8;9;10;11;12;13;14;15;16;17;18;19;20;21;22;23;24;25;26;27;28;29
B,4.05,p_hist,0.0004552903961308528,0.0003353501304664781,0.0014221514669264484,30,0;1;2;3;4;5;6;7;8;9;10;11;12;13;14;15;16;17;18;19;20;21;22;23;24;25;26;27;28;29
B,4.0600000000000005,p_hist,0.0005511611783702055,0.0003353501304664781,0.0022416078974134513,30,0;1;2;3;4;5;6;7;8;9;10;11;12;13;14;15;16;17;18;19;20;21;22;23;24;25;26;27;28;29
B,4.07,p_hist,0.0003964437490002573,0.0003353501304664781,0.000878370328003105,30,0;1;2;3;4;5;6;7;8;9;10;11;12;13;14;15;16;17;18;19;20;21;22;23;24;25;26;27;28;29
B,4.08,p_hist,0.0003697220182098408,0.0003353501304664781,0.0006470946482976249,30,0;1;2;3;4;5;6;7;8;9;10;11;12;13;14;15;16;17;18;19;20;21;22;23;24;25;26;27;28;29
B,4.09,p_hist,0.0003867381744398501,0.0003353501304664781,0.000887654011686643,30,0;1;2;3;4;5;6;7;8;9;10;11;12;13;14;15;16;17;18;19;20;21;22;23;24;25;26;27;28;29
B,4.1,p_hist,0.0016806218200343108,0.0003353501304664781,0.011504703726105472,30,0;1;2;3;4;5;6;7;8;9;10;11;12;13;14;15;16;17;18;19;20;21;22;23;24;25;26;27;28;29
B,4.11,p_hist,0.0005878919996656011,0.0003353501304664781,0.002567256490287919,30,0;1;2;3;4;5;6;7;8;9;10;11;12;13;14;15;16;17;18;19;20;21;22;23;24;25;26;27;28;29
B,4.12,p_hist,0.0003926053059261153,0.0003353501304664781,0.000822921824495794,30,0;1;2;3;4;5;6;7;8;9;10;11;12;13;14;15;16;17;18;19;20;21;22;23;24;25;26;27;28;29
B,4.13,p_hist,0.000339718051105774,0.0003353501304664781,0.00037348454649250857,30,0;1;2;3;4;5;6;7;8;9;10;11;12;13;14;15;16;17;18;19;20;21;22;23;24;25;26;27;28;29
B,4.14,p_hist,0.00039302751855131387,0.0003353501304664781,0.0010691769857365866,30,0;1;2;3;4;5;6;7;8;9;10;11;12;13;14;15;16;17;18;19;20;21;22;23;24;25;26;27;28;29
B,4.15,p_hist,0.0003545697211702347,0.0003353501304664781,0.0005975449636550447,30,0;1;2;3;4;5;6;7;8;9;10;11;12;13;14;15;16;17;18;19;20;21;22;23;24;25;26;27;28;29
B,4.16,p_hist,0.0003462736992989854,0.0003353501304664781,0.00046627431303974747,30,0;1;2;3;4;5;6;7;8;9;10;11;12;13;14;15;16;17;18;19;20;21;22;23;24;25;26;27;28;29
B,4.17,p_hist,0.00037233133894320916,0.0003353501304664781,0.0006608854380405887,30,0;1;2;3;4;5;6;7;8;9;10;11;12;13;14;15;16;17;18;19;20;21;22;23;24;25;26;27;28;29
B,4.18,p_hist,0.00033554642973104566,0.0003353501304664781,0.0003369695993991617,30,0;1;2;3;4;5;6;7;8;9;10;11;12;13;14;15;16;17;18;19;20;21;22;23;24;25;26;27;28;29
B,4.19,p_hist,0.0005504570005999065,0.0003353501304664781,0.0022004406646031135,30,0;1;2;3;4;5;6;7;8;9;10;11;12;13;14;15;16;17;18;19;20;21;22;23;24;25;26;27;28;29
B,4.2,p_hist,0.0004570443419723419,0.0003353501304664781,0.002018020875792215,30,0;1;2;3;4;5;6;7;8;9;10;11;12;13;14;15;16;17;18;19;20;21;22;23;24;25;26;27;28;29
B,4.21,p_hist,0.0004384477988103213,0.0003353501304664781,0.00153713680555439,30,0;1;2;3;4;5;6;7;8;9;10;11;12;13;14;15;16;17;18;19;20;21;22;23;24;25;26;27;28;29
B,4.22,p_hist,0.0003737580435321181,0.0003353501304664781,0.00065404679759609,30,0;1;2;3;4;5;6;7;8;9;10;11;12;13;14;15;16;17;18;19;20;21;22;23;24;25;26;27;28;29
B,4.23,p_hist,0.0003456137455776167,0.0003353501304664781,0.0004200249551333726,30,0;1;2;3;4;5;6;7;8;9;10;11;12;13;14;15;16;17;18;19;20;21;22;23;24;25;26;27;28;29
B,4.24,p_hist,0.00039210928201285065,0.0003353501304664781,0.0008388855686707643,30,0;1;2;3;4;5;6;7;8;9;10;11;12;13;14;15;16;17;18;19;20;21;22;23;24;25;26;27;28;29
B,4.25,p_hist,0.000349065751459373,0.0003353501304664781,0.0005037575310862281,30,0;1;2;3;4;5;6;7;8;9;10;11;12;13;14;15;16;17;18;19;20;21;22;23;24;25;26;27;28;29
B,4.26,p_hist,0.0022053794841355432,0.0003353501304664781,0.01601640214268674,30,0;1;2;3;4;5;6;7;8;9;10;11;12;13;14;15;16;17;18;19;20;21;22;23;24;25;26;27;28;29
B,4.2700000000000005,p_hist,0.0007106138706278471,0.0003353501304664781,0.0037677291013275896,30,0;1;2;3;4;5;6;7;8;9;10;11;12;13;14;15;16;17;18;19;20;21;22;23;24;25;26;27;28;29
B,4.28,p_hist,0.0005182502227571254,0.0003353501304664781,0.00209074890330096,30,0;1;2;3;4;5;6;7;8;9;10;11;12;13;14;15;16;17;18;19;20;21;22;23;24;25;26;27;28;29
B,4.29,p_hist,0.00035271734692143,0.0003353501304664781,0.0004866096922465337,30,0;1;2;3;4;5;6;7;8;9;10;11;12;13;14;15;16;17;18;19;20;21;22;23;24;25;26;27;28;29
B,4.3,p_hist,0.00033535013046647795,0.0003353501304664781,0.0003353501304664781,30,0;1;2;3;4;5;6;7;8;9;10;11;12;13;14;15;16;17;18;19;20;21;22;23;24;25;26;27;28;29
B,4.3100000000000005,p_hist,0.000343594005421283,0.0003353501304664781,0.0004369006165633094,30,0;1;2;3;4;5;6;7;8;9;10;11;12;13;14;15;16;17;18;19;20;21;22;23;24;25;26;27;28;29
B,4.32,p_hist,0.0003660848849602178,0.0003353501304664781,0.0005891321623459355,30,0;1;2;3;4;5;6;7;8;9;10;11;12;13;14;15;16;17;18;19;20;21;22;23;24;25;26;27;28;29
B,4.33,p_hist,0.001113650650201282,0.0003353501304664781,0.006819902235482373,30,0;1;2;3;4;5;6;7;8;9;10;11;12;13;14;15;16;17;18;19;20;21;22;23;24;25;26;27;28;29
B,4.34,p_hist,0.0005155307410443916,0.0003353501304664781,0.002369199150261576,30,0;1;2;3;4;5;6;7;8;9;10;11;12;13;14;15;16;17;18;19;20;21;22;23;24;25;26;27;28;29
B,4.3500000000000005,p_hist,0.00041330631944560674,0.0003353501304664781,0.001016985331047406,30,0;1;2;3;4;5;6;7;8;9;10;11;12;13;14;15;16;17;18;19;20;21;22;23;24;25;26;27;28;29
B,4.36,p_hist,0.0003572743481172139,0.0003353501304664781,0.0005755545000155079,30,0;1;2;3;4;5;6;7;8;9;10;11;12;13;14;15;16;17;18;19;20;21;22;23;24;25;26;27;28;29
B,4.37,p_hist,0.00040797613773635097,0.0003353501304664781,0.0010550393366721032,30,0;1;2;3;4;5;6;7;8;9;10;11;12;13;14;15;16;17;18;19;20;21;22;23;24;25;26;27;28;29
B,4.38,p_hist,0.00037157887335802984,0.0003353501304664781,0.0007019832299142953,30,0;1;2;3;4;5;6;7;8;9;10;11;12;13;14;15;16;17;18;19;20;21;22;23;24;25;26;27;28;29
B,4.39,p_hist,0.0003354506975747508,0.0003353501304664781,0.00033617980910972907,30,0;1;2;3;4;5;6;7;8;9;10;11;12;13;14;15;16;17;18;19;20;21;22;23;24;25;26;27;28;29
B,4.4,p_hist,0.00033535013046647795,0.0003353501304664781,0.0003353501304664781,30,0;1;2;3;4;5;6;7;8;9;10;11;12;13;14;15;16;17;18;19;20;21;22;23;24;25;26;27;28;29
B,4.41,p_hist,0.00040792494799354103,0.0003353501304664781,0.001239034216129601,30,0;1;2;3;4;5;6;7;8;9;10;11;12;13;14;15;16;17;18;19;20;21;22;23;24;25;26;27;28;29
B,4.42,p_hist,0.0003448139202515054,0.0003353501304664781,0.0004635674712306544,30,0;1;2;3;4;5;6;7;8;9;10;11;12;13;14;15;16;17;18;19;20;21;22;23;24;25;26;27;28;29
B,4.43,p_hist,0.0003367642368065133,0.0003353501304664781,0.0003470165077717696,30,0;1;2;3;4;5;6;7;8;9;10;11;12;13;14;15;16;17;18;19;20;21;22;23;24;25;26;27;28;29
B,4.44,p_hist,0.00033660555679589706,0.0003353501304664781,0.0003457073976841859,30,0;1;2;3;4;5;6;7;8;9;10;11;12;13;14;15;16;17;18;19;20;21;22;23;24;25;26;27;28;29
B,4.45,p_hist,0.0003666956826720089,0.0003353501304664781,0.0006290713764743618,30,0;1;2;3;4;5;6;7;8;9;10;11;12;13;14;15;16;17;18;19;20;21;22;23;24;25;26;27;28;29
B,4.46,p_hist,0.0003714033560666501,0.0003353501304664781,0.0006327892416678968,30,0;1;2;3;4;5;6;7;8;9;10;11;12;13;14;15;16;17;18;19;20;21;22;23;24;25;26;27;28;29
B,4.47,p_hist,0.00033696477403980446,0.0003353501304664781,0.0003486709399464216,30,0;1;2;3;4;5;6;7;8;9;10;11;12;13;14;15;16;17;18;19;20;21;22;23;24;25;26;27;28;29
B,4.48,p_hist,0.00033535013046647795,0.0003353501304664781,0.0003353501304664781,30,0;1;2;3;4;5;6;7;8;9;10;11;12;13;14;15;16;17;18;19;20;21;22;23;24;25;26;27;28;29
B,4.49,p_hist,0.0003421108216015547,0.0003353501304664781,0.000410098847371243,30,0;1;2;3;4;5;6;7;8;9;10;11;12;13;14;15;16;17;18;19;20;21;22;23;24;25;26;27;28;29
B,4.5,p_hist,0.00035958733211280885,0.0003353501304664781,0.0006016585495341994,30,0;1;2;3;4;5;6;7;8;9;10;11;12;13;14;15;16;17;18;19;20;21;22;23;24;25;26;27;28;29
B,4.51,p_hist,0.0011545649927213349,0.0003353501304664781,0.007368321322162104,30,0;1;2;3;4;5;6;7;8;9;10;11;12;13;14;15;16;17;18;19;20;21;22;23;24;25;26;27;28;29
B,4.5200000000000005,p_hist,0.0006017705751283596,0.0003353501304664781,0.002533903802108929,30,0;1;2;3;4;5;6;7;8;9;10;11;12;13;14;15;16;17;18;19;20;21;22;23;24;25;26;27;28;29
B,4.53,p_hist,0.00041544956501524827,0.0003353501304664781,0.0011494620108026912,30,0;1;2;3;4;5;6;7;8;9;10;11;12;13;14;15;16;17;18;19;20;21;22;23;24;25;26;27;28;29
B,4.54,p_hist,0.0003439473171668338,0.0003353501304664781,0.00045318644562037725,30,0;1;2;3;4;5;6;7;8;9;10;11;12;13;14;15;16;17;18;19;20;21;22;23;24;25;26;27;28;29
B,4.55,p_hist,0.000350014451930812,0.0003353501304664781,0.0004631287819827613,30,0;1;2;3;4;5;6;7;8;9;10;11;12;13;14;15;16;17;18;19;20;21;22;23;24;25;26;27;28;29
B,4.5600000000000005,p_hist,0.00034732454786341217,0.0003353501304664781,0.0005025328726804532,30,0;1;2;3;4;5;6;7;8;9;10;11;12;13;14;15;16;17;18;19;20;21;22;23;24;25;26;27;28;29
B,4.57,p_hist,0.0003579416119274072,0.0003353501304664781,0.0005217298525191437,30,0;1;2;3;4;5;6;7;8;9;10;11;12;13;14;15;16;17;18;19;20;21;22;23;24;25;26;27;28;29
B,4.58,p_hist,0.0003544679070921568,0.0003353501304664781,0.0004953039539661247,30,0;1;2;3;4;5;6;7;8;9;10;11;12;13;14;15;16;17;18;19;20;21;22;23;24;25;26;27;28;29
B,4.59,p_hist,0.0005121191571468793,0.0003353501304664781,0.001872716906235028,30,0;1;2;3;4;5;6;7;8;9;10;11;12;13;14;15;16;17;18;19;20;21;22;23;24;25;26;27;28;29
B,4.6000000000000005,p_hist,0.00045052299284951676,0.0003353501304664781,0.001525020888239876,30,0;1;2;3;4;5;6;7;8;9;10;11;12;13;14;15;16;17;18;19;20;21;22;23;24;25;26;27;28;29
B,4.61,p_hist,0.0004107516666300392,0.0003353501304664781,0.0012555618094229441,30,0;1;2;3;4;5;6;7;8;9;10;11;12;13;14;15;16;17;18;19;20;21;22;23;24;25;26;27;28;29
B,4.62,p_hist,0.0005341575081932424,0.0003353501304664781,0.0019194018002216093,30,0;1;2;3;4;5;6;7;8;9;10;11;12;13;14;15;16;17;18;19;20;21;22;23;24;25;26;27;28;29
B,4.63,p_hist,0.00043185499072885016,0.0003353501304664781,0.0012399104297329913,30,0;1;2;3;4;5;6;7;8;9;10;11;12;13;14;15;16;17;18;19;20;21;22;23;24;25;26;27;28;29
B,4.64,p_hist,0.0004103932778803649,0.0003353501304664781,0.001430727658846614,30,0;1;2;3;4;5;6;7;8;9;10;11;12;13;14;15;16;17;18;19;20;21;22;23;24;25;26;27;28;29
B,4.65,p_hist,0.0003386881290297498,0.0003353501304664781,0.0003628886186134708,30,0;1;2;3;4;5;6;7;8;9;10;11;12;13;14;15;16;17;18;19;20;21;22;23;24;25;26;27;28;29
B,4.66,p_hist,0.00042628217345661896,0.0003353501304664781,0.0011118600901621812,30,0;1;2;3;4;5;6;7;8;9;10;11;12;13;14;15;16;17;18;19;20;21;22;23;24;25;26;27;28;29
B,4.67,p_hist,0.00040928457078515215,0.0003353501304664781,0.0009419229209964296,30,0;1;2;3;4;5;6;7;8;9;10;11;12;13;14;15;16;17;18;19;20;21;22;23;24;25;26;27;28;29
B,4.68,p_hist,0.00034426630567020044,0.0003353501304664781,0.00041443984856293526,30,0;1;2;3;4;5;6;7;8;9;10;11;12;13;14;15;16;17;18;19;20;21;22;23;24;25;26;27;28;29
B,4.69,p_hist,0.00035619848170961605,0.0003353501304664781,0.0005073490282223666,30,0;1;2;3;4;5;6;7;8;9;10;11;12;13;14;15;16;17;18;19;20;21;22;23;24;25;26;27;28;29
B,4.7,p_hist,0.0003691408265609257,0.0003353501304664781,0.0006806561979467475,30,0;1;2;3;4;5;6;7;8;9;10;11;12;13;14;15;16;17;18;19;20;21;22;23;24;25;26;27;28;29
B,4.71,p_hist,0.0003498381367528159,0.0003353501304664781,0.0005456563946709444,30,0;1;2;3;4;5;6;7;8;9;10;11;12;13;14;15;16;17;18;19;20;21;22;23;24;25;26;27;28;29
B,4.72,p_hist,0.00036105414873079653,0.0003353501304664781,0.0005474082811471056,30,0;1;2;3;4;5;6;7;8;9;10;11;12;13;14;15;16;17;18;19;20;21;22;23;24;25;26;27;28;29
B,4.73,p_hist,0.0003372124052457977,0.0003353501304664781,0.00035071389739586557,30,0;1;2;3;4;5;6;7;8;9;10;11;12;13;14;15;16;17;18;19;20;21;22;23;24;25;26;27;28;29
B,4.74,p_hist,0.0004145518414008316,0.0003353501304664781,0.000988764245674892,30,0;1;2;3;4;5;6;7;8;9;10;11;12;13;14;15;16;17;18;19;20;21;22;23;24;25;26;27;28;29
B,4.75,p_hist,0.00043248018131973603,0.0003353501304664781,0.001095491103201745,30,0;1;2;3;4;5;6;7;8;9;10;11;12;13;14;15;16;17;18;19;20;21;22;23;24;25;26;27;28;29
B,4.76,p_hist,0.0004534407206834445,0.0003353501304664781,0.0014676426976275429,30,0;1;2;3;4;5;6;7;8;9;10;11;12;13;14;15;16;17;18;19;20;21;22;23;24;25;26;27;28;29
B,4.7700000000000005,p_hist,0.0003697329034794553,0.0003353501304664781,0.0006833184259345962,30,0;1;2;3;4;5;6;7;8;9;10;11;12;13;14;15;16;17;18;19;20;21;22;23;24;25;26;27;28;29
B,4.78,p_hist,0.00033690447711791447,0.0003353501304664781,0.00035055950386787404,30,0;1;2;3;4;5;6;7;8;9;10;11;12;13;14;15;16;17;18;19;20;21;22;23;24;25;26;27;28;29
B,4.79,p_hist,0.0003481491887395687,0.0003353501304664781,0.0005157123989700709,30,0;1;2;3;4;5;6;7;8;9;10;11;12;13;14;15;16;17;18;19;20;21;22;23;24;25;26;27;28;29
B,4.8,p_hist,0.00033608390950408775,0.0003353501304664781,0.00034140380752675905,30,0;1;2;3;4;5;6;7;8;9;10;11;12;13;14;15;16;17;18;19;20;21;22;23;24;25;26;27;28;29
B,4.8100000000000005,p_hist,0.0005085371369585535,0.0003353501304664781,0.0018373891913268557,30,0;1;2;3;4;5;6;7;8;9;10;11;12;13;14;15;16;17;18;19;20;21;22;23;24;25;26;27;28;29
B,4.82,p_hist,0.00046690900733553333,0.0003353501304664781,0.002125203066636243,30,0;1;2;3;4;5;6;7;8;9;10;11;12;13;14;15;16;17;18;19;20;21;22;23;24;25;26;27;28;29
B,4.83,p_hist,0.0004615277176796892,0.0003353501304664781,0.001883515754315997,30,0;1;2;3;4;5;6;7;8;9;10;11;12;13;14;15;16;17;18;19;20;21;22;23;24;25;26;27;28;29
B,4.84,p_hist,0.00034799539531657334,0.0003353501304664781,0.00047460744462929664,30,0;1;2;3;4;5;6;7;8;9;10;11;12;13;14;15;16;17;18;19;20;21;22;23;24;25;26;27;28;29
B,4.8500000000000005,p_hist,0.000411881430126843,0.0003353501304664781,0.0009667333526644862,30,0;1;2;3;4;5;6;7;8;9;10;11;12;13;14;15;16;17;18;19;20;21;22;23;24;25;26;27;28;29
B,4.86,p_hist,0.00035289425187185966,0.0003353501304664781,0.0004845715253517613,30,0;1;2;3;4;5;6;7;8;9;10;11;12;13;14;15;16;17;18;19;20;21;22;23;24;25;26;27;28;29
B,4.87,p_hist,0.00033535013046647795,0.0003353501304664781,0.0003353501304664781,30,0;1;2;3;4;5;6;7;8;9;10;11;12;13;14;15;16;17;18;19;20;21;22;23;24;25;26;27;28;29
B,4.88,p_hist,0.0003489488887413453,0.0003353501304664781,0.0005055047254088868,30,0;1;2;3;4;5;6;7;8;9;10;11;12;13;14;15;16;17;18;19;20;21;22;23;24;25;26;27;28;29
B,4.89,p_hist,0.000453693820596102,0.0003353501304664781,0.0014141971192233617,30,0;1;2;3;4;5;6;7;8;9;10;11;12;13;14;15;16;17;18;19;20;21;22;23;24;25;26;27;28;29
B,4.9,p_hist,0.00034748666705570086,0.0003353501304664781,0.00045459300375065765,30,0;1;2;3;4;5;6;7;8;9;10;11;12;13;14;15;16;17;18;19;20;21;22;23;24;25;26;27;28;29
B,4.91,p_hist,0.0003478530287822132,0.0003353501304664781,0.00046359368913074156,30,0;1;2;3;4;5;6;7;8;9;10;11;12;13;14;15;16;17;18;19;20;21;22;23;24;25;26;27;28;29
B,4.92,p_hist,0.00035009884238248036,0.0003353501304664781,0.00048676190693051235,30,0;1;2;3;4;5;6;7;8;9;10;11;12;13;14;15;16;17;18;19;20;21;22;23;24;25;26;27;28;29
B,4.93,p_hist,0.0003990216008113997,0.0003353501304664781,0.0008606397608120802,30,0;1;2;3;4;5;6;7;8;9;10;11;12;13;14;15;16;17;18;19;20;21;22;23;24;25;26;27;28;29
B,4.94,p_hist,0.0004533115579024912,0.0003353501304664781,0.0014983056837474605,30,0;1;2;3;4;5;6;7;8;9;10;11;12;13;14;15;16;17;18;19;20;21;22;23;24;25;26;27;28;29
B,4.95,p_hist,0.000414550350139981,0.0003353501304664781,0.0011580044269561027,30,0;1;2;3;4;5;6;7;8;9;10;11;12;13;14;15;16;17;18;19;20;21;22;23;24;25;26;27;28;29
B,4.96,p_hist,0.00034588114853800685,0.0003353501304664781,0.0004477900799996471,30,0;1;2;3;4;5;6;7;8;9;10;11;12;13;14;15;16;17;18;19;20;21;22;23;24;25;26;27;28;29
B,4.97,p_hist,0.00035018258375015736,0.0003353501304664781,0.000494474658136527,30,0;1;2;3;4;5;6;7;8;9;10;11;12;13;14;15;16;17;18;19;20;21;22;23;24;25;26;27;28;29
B,4.98,p_hist,0.000492276805526551,0.0003353501304664781,0.0017317221828974552,30,0;1;2;3;4;5;6;7;8;9;10;11;12;13;14;15;16;17;18;19;20;21;22;23;24;25;26;27;28;29
B,4.99,p_hist,0.00039902097267333785,0.0003353501304664781,0.0008606345786730703,30,0;1;2;3;4;5;6;7;8;9;10;11;12;13;14;15;16;17;18;19;20;21;22;23;24;25;26;27;28;29
B,5.0,p_hist,0.00037935919430185923,0.0003353501304664781,0.0007556709581880772,30,0;1;2;3;4;5;6;7;8;9;10;11;12;13;14;15;16;17;18;19;20;21;22;23;24;25;26;27;28;29
B,5.01,p_hist,0.00037071122114138984,0.0003353501304664781,0.0006467133808306586,30,0;1;2;3;4;5;6;7;8;9;10;11;12;13;14;15;16;17;18;19;20;21;22;23;24;25;26;27;28;29
B,5.0200000000000005,p_hist,0.0003423661019966011,0.0003353501304664781,0.0004201378311261006,30,0;1;2;3;4;5;6;7;8;9;10;11;12;13;14;15;16;17;18;19;20;21;22;23;24;25;26;27;28;29
B,5.03,p_hist,0.00035126997382199106,0.0003353501304664781,0.00048223114371521617,30,0;1;2;3;4;5;6;7;8;9;10;11;12;13;14;15;16;17;18;19;20;21;22;23;24;25;26;27;28;29
B,5.04,p_hist,0.0003442074475554434,0.0003353501304664781,0.0004475437305716867,30,0;1;2;3;4;5;6;7;8;9;10;11;12;13;14;15;16;17;18;19;20;21;22;23;24;25;26;27;28;29
B,5.05,p_hist,0.00033535013046647795,0.0003353501304664781,0.0003353501304664781,30,0;1;2;3;4;5;6;7;8;9;10;11;12;13;14;15;16;17;18;19;20;21;22;23;24;25;26;27;28;29
B,5.0600000000000005,p_hist,0.0003868636953855006,0.0003353501304664781,0.000876685824254686,30,0;1;2;3;4;5;6;7;8;9;10;11;12;13;14;15;16;17;18;19;20;21;22;23;24;25;26;27;28;29
B,5.07,p_hist,0.0008153749051408993,0.0003353501304664781,0.005729244630465983,30,0;1;2;3;4;5;6;7;8;9;10;11;12;13;14;15;16;17;18;19;20;21;22;23;24;25;26;27;28;29
B,5.08,p_hist,0.0004383650638680104,0.0003353501304664781,0.0013938842426417814,30,0;1;2;3;4;5;6;7;8;9;10;11;12;13;14;15;16;17;18;19;20;21;22;23;24;25;26;27;28;29
B,5.09,p_hist,0.0007161453222869135,0.0003353501304664781,0.003692859098583757,30,0;1;2;3;4;5;6;7;8;9;10;11;12;13;14;15;16;17;18;19;20;21;22;23;24;25;26;27;28;29
B,5.1000000000000005,p_hist,0.0006782135599793916,0.0003353501304664781,0.0053459968749945234,30,0;1;2;3;4;5;6;7;8;9;10;11;12;13;14;15;16;17;18;19;20;21;22;23;24;25;26;27;28;29
B,5.11,p_hist,0.0004304236363954121,0.0003353501304664781,0.001528377683389962,30,0;1;2;3;4;5;6;7;8;9;10;11;12;13;14;15;16;17;18;19;20;21;22;23;24;25;26;27;28;29
B,5.12,p_hist,0.000348140367553377,0.0003353501304664781,0.0004707421029393901,30,0;1;2;3;4;5;6;7;8;9;10;11;12;13;14;15;16;17;18;19;20;21;22;23;24;25;26;27;28;29
B,5.13,p_hist,0.00043036644322635536,0.0003353501304664781,0.0013136529262852093,30,0;1;2;3;4;5;6;7;8;9;10;11;12;13;14;15;16;17;18;19;20;21;22;23;24;25;26;27;28;29
B,5.14,p_hist,0.0003498374765160172,0.0003353501304664781,0.0005013540316523664,30,0;1;2;3;4;5;6;7;8;9;10;11;12;13;14;15;16;17;18;19;20;21;22;23;24;25;26;27;28;29
B,5.15,p_hist,0.00035806588101510556,0.0003353501304664781,0.0005519066538112034,30,0;1;2;3;4;5;6;7;8;9;10;11;12;13;14;15;16;17;18;19;20;21;22;23;24;25;26;27;28;29
B,5.16,p_hist,0.00033535013046647795,0.0003353501304664781,0.0003353501304664781,30,0;1;2;3;4;5;6;7;8;9;10;11;12;13;14;15;16;17;18;19;20;21;22;23;24;25;26;27;28;29
B,5.17,p_hist,0.0003544875696667785,0.0003353501304664781,0.0005498935748306237,30,0;1;2;3;4;5;6;7;8;9;10;11;12;13;14;15;16;17;18;19;20;21;22;23;24;25;26;27;28;29
B,5.18,p_hist,0.000357770047715496,0.0003353501304664781,0.0005894539538033173,30,0;1;2;3;4;5;6;7;8;9;10;11;12;13;14;15;16;17;18;19;20;21;22;23;24;25;26;27;28;29
B,5.19,p_hist,0.00043922476033528865,0.0003353501304664781,0.001445579640209065,30,0;1;2;3;4;5;6;7;8;9;10;11;12;13;14;15;16;17;18;19;20;21;22;23;24;25;26;27;28;29
B,5.2,p_hist,0.00038007986012621414,0.0003353501304664781,0.0008319358488126314,30,0;1;2;3;4;5;6;7;8;9;10;11;12;13;14;15;16;17;18;19;20;21;22;23;24;25;26;27;28;29
B,5.21,p_hist,0.0003934257819449762,0.0003353501304664781,0.0008467194738420718,30,0;1;2;3;4;5;6;7;8;9;10;11;12;13;14;15;16;17;18;19;20;21;22;23;24;25;26;27;28;29
B,5.22,p_hist,0.00034241058231953214,0.0003353501304664781,0.00039626621113470124,30,0;1;2;3;4;5;6;7;8;9;10;11;12;13;14;15;16;17;18;19;20;21;22;23;24;25;26;27;28;29
B,5.23,p_hist,0.00034053088118431423,0.0003353501304664781,0.00037809132388862707,30,0;1;2;3;4;5;6;7;8;9;10;11;12;13;14;15;16;17;18;19;20;21;22;23;24;25;26;27;28;29
B,5.24,p_hist,0.0003355756186430983,0.0003353501304664781,0.0003372104079235959,30,0;1;2;3;4;5;6;7;8;9;10;11;12;13;14;15;16;17;18;19;20;21;22;23;24;25;26;27;28;29
B,5.25,p_hist,0.00037262476364508857,0.0003353501304664781,0.0007537209230867984,30,0;1;2;3;4;5;6;7;8;9;10;11;12;13;14;15;16;17;18;19;20;21;22;23;24;25;26;27;28;29
B,5.26,p_hist,0.0003630645837838836,0.0003353501304664781,0.0005639943703350737,30,0;1;2;3;4;5;6;7;8;9;10;11;12;13;14;15;16;17;18;19;20;21;22;23;24;25;26;27;28;29
B,5.2700000000000005,p_hist,0.0004358378940157474,0.0003353501304664781,0.001257913256304258,30,0;1;2;3;4;5;6;7;8;9;10;11;12;13;14;15;16;17;18;19;20;21;22;23;24;25;26;27;28;29
B,5.28,p_hist,0.0004181079019042455,0.0003353501304664781,0.0010505168757902147,30,0;1;2;3;4;5;6;7;8;9;10;11;12;13;14;15;16;17;18;19;20;21;22;23;24;25;26;27;28;29
B,5.29,p_hist,0.00033551461575121453,0.0003353501304664781,0.00033670713406555504,30,0;1;2;3;4;5;6;7;8;9;10;11;12;13;14;15;16;17;18;19;20;21;22;23;24;25;26;27;28;29
B,5.3,p_hist,0.0003711333197618229,0.0003353501304664781,0.0007538618380947741,30,0;1;2;3;4;5;6;7;8;9;10;11;12;13;14;15;16;17;18;19;20;21;22;23;24;25;26;27;28;29
B,5.3100000000000005,p_hist,0.00034435946854093096,0.0003353501304664781,0.00040967716958071525,30,0;1;2;3;4;5;6;7;8;9;10;11;12;13;14;15;16;17;18;19;20;21;22;23;24;25;26;27;28;29
B,5.32,p_hist,0.0003369370824338631,0.0003353501304664781,0.00035022915647947876,30,0;1;2;3;4;5;6;7;8;9;10;11;12;13;14;15;16;17;18;19;20;21;22;23;24;25;26;27;28;29
B,5.33,p_hist,0.0004517941848367144,0.0003353501304664781,0.0012990014050767572,30,0;1;2;3;4;5;6;7;8;9;10;11;12;13;14;15;16;17;18;19;20;21;22;23;24;25;26;27;28;29
B,5.34,p_hist,0.00035641992775973006,0.0003353501304664781,0.0005253657030248098,30,0;1;2;3;4;5;6;7;8;9;10;11;12;13;14;15;16;17;18;19;20;21;22;23;24;25;26;27;28;29
B,5.3500000000000005,p_hist,0.0003389022175735865,0.0003353501304664781,0.00036465484910012393,30,0;1;2;3;4;5;6;7;8;9;10;11;12;13;14;15;16;17;18;19;20;21;22;23;24;25;26;27;28;29
B,5.36,p_hist,0.00033559013341693346,0.0003353501304664781,0.0003373301548077363,30,0;1;2;3;4;5;6;7;8;9;10;11;12;13;14;15;16;17;18;19;20;21;22;23;24;25;26;27;28;29
B,5.37,p_hist,0.00034093404574791347,0.0003353501304664781,0.00038141743153832113,30,0;1;2;3;4;5;6;7;8;9;10;11;12;13;14;15;16;17;18;19;20;21;22;23;24;25;26;27;28;29
B,5.38,p_hist,0.00033688943090110066,0.0003353501304664781,0.0003480493590521158,30,0;1;2;3;4;5;6;7;8;9;10;11;12;13;14;15;16;17;18;19;20;21;22;23;24;25;26;27;28;29
B,5.39,p_hist,0.00041974093931124233,0.0003353501304664781,0.0012536146001347287,30,0;1;2;3;4;5;6;7;8;9;10;11;12;13;14;15;16;17;18;19;20;21;22;23;24;25;26;27;28;29
B,5.4,p_hist,0.00034002156415860777,0.0003353501304664781,0.0003738894584265487,30,0;1;2;3;4;5;6;7;8;9;10;11;12;13;14;15;16;17;18;19;20;21;22;23;24;25;26;27;28;29
B,5.41,p_hist,0.0005049732506045785,0.0003353501304664781,0.0025892763242354316,30,0;1;2;3;4;5;6;7;8;9;10;11;12;13;14;15;16;17;18;19;20;21;22;23;24;25;26;27;28;29
B,5.42,p_hist,0.0004058218341565119,0.0003353501304664781,0.0011350599864991852,30,0;1;2;3;4;5;6;7;8;9;10;11;12;13;14;15;16;17;18;19;20;21;22;23;24;25;26;27;28;29
B,5.43,p_hist,0.00034444493454217315,0.0003353501304664781,0.0004082809334011123,30,0;1;2;3;4;5;6;7;8;9;10;11;12;13;14;15;16;17;18;19;20;21;22;23;24;25;26;27;28;29
B,5.44,p_hist,0.00033920452331583615,0.0003353501304664781,0.0003762751759498039,30,0;1;2;3;4;5;6;7;8;9;10;11;12;13;14;15;16;17;18;19;20;21;22;23;24;25;26;27;28;29
B,5.45,p_hist,0.00033654015030942623,0.0003353501304664781,0.00034516779417080134,30,0;1;2;3;4;5;6;7;8;9;10;11;12;13;14;15;16;17;18;19;20;21;22;23;24;25;26;27;28;29
B,5.46,p_hist,0.0004616558666898093,0.0003353501304664781,0.0013773724543089576,30,0;1;2;3;4;5;6;7;8;9;10;11;12;13;14;15;16;17;18;19;20;21;22;23;24;25;26;27;28;29
B,5.47,p_hist,0.00035254381174085506,0.0003353501304664781,0.0004771980009800884,30,0;1;2;3;4;5;6;7;8;9;10;11;12;13;14;15;16;17;18;19;20;21;22;23;24;25;26;27;28;29
B,5.48,p_hist,0.00034786062746367506,0.0003353501304664781,0.0004385617306933541,30,0;1;2;3;4;5;6;7;8;9;10;11;12;13;14;15;16;17;18;19;20;21;22;23;24;25;26;27;28;29
B,5.49,p_hist,0.0003500181409663553,0.0003353501304664781,0.0004563612170904655,30,0;1;2;3;4;5;6;7;8;9;10;11;12;13;14;15;16;17;18;19;20;21;22;23;24;25;26;27;28;29
B,5.5,p_hist,0.00035166170816419094,0.0003353501304664781,0.0005360167340234836,30,0;1;2;3;4;5;6;7;8;9;10;11;12;13;14;15;16;17;18;19;20;21;22;23;24;25;26;27;28;29
B,5.51,p_hist,0.00033565645629954306,0.0003353501304664781,0.00033787731858926515,30,0;1;2;3;4;5;6;7;8;9;10;11;12;13;14;15;16;17;18;19;20;21;22;23;24;25;26;27;28;29
B,5.5200000000000005,p_hist,0.00033663878246933065,0.0003353501304664781,0.00034598150949001244,30,0;1;2;3;4;5;6;7;8;9;10;11;12;13;14;15;16;17;18;19;20;21;22;23;24;25;26;27;28;29
B,5.53,p_hist,0.00033915898816455045,0.0003353501304664781,0.00036677320647557647,30,0;1;2;3;4;5;6;7;8;9;10;11;12;13;14;15;16;17;18;19;20;21;22;23;24;25;26;27;28;29
B,5.54,p_hist,0.00034758011947465435,0.0003353501304664781,0.00043624753978393295,30,0;1;2;3;4;5;6;7;8;9;10;11;12;13;14;15;16;17;18;19;20;21;22;23;24;25;26;27;28;29
B,5.55,p_hist,0.00034382652827599975,0.0003353501304664781,0.0004052804123950324,30,0;1;2;3;4;5;6;7;8;9;10;11;12;13;14;15;16;17;18;19;20;21;22;23;24;25;26;27;28;29
B,5.5600000000000005,p_hist,0.00037548073524571227,0.0003353501304664781,0.0008243387324868083,30,0;1;2;3;4;5;6;7;8;9;10;11;12;13;14;15;16;17;18;19;20;21;22;23;24;25;26;27;28;29
B,5.57,p_hist,0.0005177060708049765,0.0003353501304664781,0.0018465627080824954,30,0;1;2;3;4;5;6;7;8;9;10;11;12;13;14;15;16;17;18;19;20;21;22;23;24;25;26;27;28;29
B,5.58,p_hist,0.0004279880032063328,0.0003353501304664781,0.001099612580570277,30,0;1;2;3;4;5;6;7;8;9;10;11;12;13;14;15;16;17;18;19;20;21;22;23;24;25;26;27;28;29
B,5.59,p_hist,0.0003948416404922295,0.0003353501304664781,0.0008959404719616211,30,0;1;2;3;4;5;6;7;8;9;10;11;12;13;14;15;16;17;18;19;20;21;22;23;24;25;26;27;28;29
B,5.6000000000000005,p_hist,0.0004071512933627458,0.0003353501304664781,0.001177116006425197,30,0;1;2;3;4;5;6;7;8;9;10;11;12;13;14;15;16;17;18;19;20;21;22;23;24;25;26;27;28;29
B,5.61,p_hist,0.00040228111356897453,0.0003353501304664781,0.0009542415773315168,30,0;1;2;3;4;5;6;7;8;9;10;11;12;13;14;15;16;17;18;19;20;21;22;23;24;25;26;27;28;29
B,5.62,p_hist,0.00033535013046647795,0.0003353501304664781,0.0003353501304664781,30,0;1;2;3;4;5;6;7;8;9;10;11;12;13;14;15;16;17;18;19;20;21;22;23;24;25;26;27;28;29
B,5.63,p_hist,0.0003366264250757192,0.0003353501304664781,0.00034587956099271875,30,0;1;2;3;4;5;6;7;8;9;10;11;12;13;14;15;16;17;18;19;20;21;22;23;24;25;26;27;28;29
B,5.64,p_hist,0.0003921283617099731,0.0003353501304664781,0.0008388371908158058,30,0;1;2;3;4;5;6;7;8;9;10;11;12;13;14;15;16;17;18;19;20;21;22;23;24;25;26;27;28;29
B,5.65,p_hist,0.00038452217058802725,0.0003353501304664781,0.0008738562501177093,30,0;1;2;3;4;5;6;7;8;9;10;11;12;13;14;15;16;17;18;19;20;21;22;23;24;25;26;27;28;29
B,5.66,p_hist,0.00041085627632197645,0.0003353501304664781,0.001067784503492153,30,0;1;2;3;4;5;6;7;8;9;10;11;12;13;14;15;16;17;18;19;20;21;22;23;24;25;26;27;28;29
B,5.67,p_hist,0.00037507807318887785,0.0003353501304664781,0.0008778746820633263,30,0;1;2;3;4;5;6;7;8;9;10;11;12;13;14;15;16;17;18;19;20;21;22;23;24;25;26;27;28;29
B,5.68,p_hist,0.0003826277153208117,0.0003353501304664781,0.0009267435665271381,30,0;1;2;3;4;5;6;7;8;9;10;11;12;13;14;15;16;17;18;19;20;21;22;23;24;25;26;27;28;29
B,5.69,p_hist,0.0003355594972523859,0.0003353501304664781,0.0003370774064502182,30,0;1;2;3;4;5;6;7;8;9;10;11;12;13;14;15;16;17;18;19;20;21;22;23;24;25;26;27;28;29
B,5.7,p_hist,0.0003518077356406191,0.0003353501304664781,0.0004711253731531422,30,0;1;2;3;4;5;6;7;8;9;10;11;12;13;14;15;16;17;18;19;20;21;22;23;24;25;26;27;28;29
B,5.71,p_hist,0.0003467563003520099,0.0003353501304664781,0.0004870348514668173,30,0;1;2;3;4;5;6;7;8;9;10;11;12;13;14;15;16;17;18;19;20;21;22;23;24;25;26;27;28;29
B,5.72,p_hist,0.00033535013046647795,0.0003353501304664781,0.0003353501304664781,30,0;1;2;3;4;5;6;7;8;9;10;11;12;13;14;15;16;17;18;19;20;21;22;23;24;25;26;27;28;29
B,5.73,p_hist,0.0005041531184916623,0.0003353501304664781,0.002201574443356878,30,0;1;2;3;4;5;6;7;8;9;10;11;12;13;14;15;16;17;18;19;20;21;22;23;24;25;26;27;28;29
B,5.74,p_hist,0.00036530110282261696,0.0003353501304664781,0.0007639453333845673,30,0;1;2;3;4;5;6;7;8;9;10;11;12;13;14;15;16;17;18;19;20;21;22;23;24;25;26;27;28;29
B,5.75,p_hist,0.0003361907062514496,0.0003353501304664781,0.0003422848806924942,30,0;1;2;3;4;5;6;7;8;9;10;11;12;13;14;15;16;17;18;19;20;21;22;23;24;25;26;27;28;29
B,5.76,p_hist,0.0007468656957589016,0.0003353501304664781,0.0037303535441289477,30,0;1;2;3;4;5;6;7;8;9;10;11;12;13;14;15;16;17;18;19;20;21;22;23;24;25;26;27;28;29
B,5.7700000000000005,p_hist,0.0005201658824472107,0.0003353501304664781,0.0018685577895435372,30,0;1;2;3;4;5;6;7;8;9;10;11;12;13;14;15;16;17;18;19;20;21;22;23;24;25;26;27;28;29
B,5.78,p_hist,0.00036221565456942746,0.0003353501304664781,0.000593306930644998,30,0;1;2;3;4;5;6;7;8;9;10;11;12;13;14;15;16;17;18;19;20;21;22;23;24;25;26;27;28;29
B,5.79,p_hist,0.00044007946483239866,0.0003353501304664781,0.0011928740123753195,30,0;1;2;3;4;5;6;7;8;9;10;11;12;13;14;15;16;17;18;19;20;21;22;23;24;25;26;27;28;29
B,5.8,p_hist,0.01820060004372367,0.0003353501304664781,0.14772366191483755,30,0;1;2;3;4;5;6;7;8;9;10;11;12;13;14;15;16;17;18;19;20;21;22;23;24;25;26;27;28;29
B,5.8100000000000005,p_hist,0.011073123557961804,0.0003353501304664781,0.09128002751249,30,0;1;2;3;4;5;6;7;8;9;10;11;12;13;14;15;16;17;18;19;20;21;22;23;24;25;26;27;28;29
B,5.82,p_hist,0.013425517245500214,0.0003353501304664781,0.10894886513760291,30,0;1;2;3;4;5;6;7;8;9;10;11;12;13;14;15;16;17;18;19;20;21;22;23;24;25;26;27;28;29
B,5.83,p_hist,0.003736382218227617,0.0003353501304664781,0.028493100258337872,30,0;1;2;3;4;5;6;7;8;9;10;11;12;13;14;15;16;17;18;19;20;21;22;23;24;25;26;27;28;29
B,5.84,p_hist,0.0010171406088644876,0.0003353501304664781,0.006088856743616267,30,0;1;2;3;4;5;6;7;8;9;10;11;12;13;14;15;16;17;18;19;20;21;22;23;24;25;26;27;28;29
B,5.8500000000000005,p_hist,0.0004589481076907764,0.0003353501304664781,0.0013550334425669356,30,0;1;2;3;4;5;6;7;8;9;10;11;12;13;14;15;16;17;18;19;20;21;22;23;24;25;26;27;28;29
B,5.86,p_hist,0.00043483273833125937,0.0003353501304664781,0.0011623139099647428,30,0;1;2;3;4;5;6;7;8;9;10;11;12;13;14;15;16;17;18;19;20;21;22;23;24;25;26;27;28;29
B,5.87,p_hist,0.0006139487998255759,0.0003353501304664781,0.0024541835644878275,30,0;1;2;3;4;5;6;7;8;9;10;11;12;13;14;15;16;17;18;19;20;21;22;23;24;25;26;27;28;29
B,5.88,p_hist,0.00037779498421972523,0.0003353501304664781,0.0007108083638686456,30,0;1;2;3;4;5;6;7;8;9;10;11;12;13;14;15;16;17;18;19;20;21;22;23;24;25;26;27;28;29
B,5.89,p_hist,0.00034874996880262794,0.0003353501304664781,0.00045349504677685983,30,0;1;2;3;4;5;6;7;8;9;10;11;12;13;14;15;16;17;18;19;20;21;22;23;24;25;26;27;28;29
B,5.9,p_hist,0.0003390944454160359,0.0003353501304664781,0.0003867522704314971,30,0;1;2;3;4;5;6;7;8;9;10;11;12;13;14;15;16;17;18;19;20;21;22;23;24;25;26;27;28;29
B,5.91,p_hist,0.001691051278565479,0.0003353501304664781,0.011545996265866788,30,0;1;2;3;4;5;6;7;8;9;10;11;12;13;14;15;16;17;18;19;20;21;22;23;24;25;26;27;28;29
B,5.92,p_hist,0.0009470984850726484,0.0003353501304664781,0.009101614861637318,30,0;1;2;3;4;5;6;7;8;9;10;11;12;13;14;15;16;17;18;19;20;21;22;23;24;25;26;27;28;29
B,5.93,p_hist,0.000435944463275819,0.0003353501304664781,0.00173515410696977,30,0;1;2;3;4;5;6;7;8;9;10;11;12;13;14;15;16;17;18;19;20;21;22;23;24;25;26;27;28;29
B,5.94,p_hist,0.0003554133069282899,0.0003353501304664781,0.0005341855683847312,30,0;1;2;3;4;5;6;7;8;9;10;11;12;13;14;15;16;17;18;19;20;21;22;23;24;25;26;27;28;29
B,5.95,p_hist,0.0003737574664251833,0.0003353501304664781,0.0006522106521257957,30,0;1;2;3;4;5;6;7;8;9;10;11;12;13;14;15;16;17;18;19;20;21;22;23;24;25;26;27;28;29
B,5.96,p_hist,0.00034567425061507386,0.0003353501304664781,0.00042052412169239377,30,0;1;2;3;4;5;6;7;8;9;10;11;12;13;14;15;16;17;18;19;20;21;22;23;24;25;26;27;28;29
B,5.97,p_hist,0.00036303540388836524,0.0003353501304664781,0.0006332105591985843,30,0;1;2;3;4;5;6;7;8;9;10;11;12;13;14;15;16;17;18;19;20;21;22;23;24;25;26;27;28;29
B,5.98,p_hist,0.00033535013046647795,0.0003353501304664781,0.0003353501304664781,30,0;1;2;3;4;5;6;7;8;9;10;11;12;13;14;15;16;17;18;19;20;21;22;23;24;25;26;27;28;29
B,5.99,p_hist,0.00033685090559138674,0.0003353501304664781,0.0003477315252469756,30,0;1;2;3;4;5;6;7;8;9;10;11;12;13;14;15;16;17;18;19;20;21;22;23;24;25;26;27;28;29
B,6.0,p_hist,0.00037393030499802035,0.0003353501304664781,0.0006662647458035688,30,0;1;2;3;4;5;6;7;8;9;10;11;12;13;14;15;16;17;18;19;20;21;22;23;24;25;26;27;28;29
B,6.01,p_hist,0.00033535013046647795,0.0003353501304664781,0.0003353501304664781,30,0;1;2;3;4;5;6;7;8;9;10;11;12;13;14;15;16;17;18;19;20;21;22;23;24;25;26;27;28;29
B,6.0200000000000005,p_hist,0.0003801932271864314,0.0003353501304664781,0.0009358001654738043,30,0;1;2;3;4;5;6;7;8;9;10;11;12;13;14;15;16;17;18;19;20;21;22;23;24;25;26;27;28;29
B,6.03,p_hist,0.00036188365148514515,0.0003353501304664781,0.0005542516788704815,30,0;1;2;3;4;5;6;7;8;9;10;11;12;13;14;15;16;17;18;19;20;21;22;23;24;25;26;27;28;29
B,6.04,p_hist,0.00036427137343683576,0.0003353501304664781,0.0006180198070860677,30,0;1;2;3;4;5;6;7;8;9;10;11;12;13;14;15;16;17;18;19;20;21;22;23;24;25;26;27;28;29
B,6.05,p_hist,0.00040490134439645953,0.0003353501304664781,0.0009577259119254991,30,0;1;2;3;4;5;6;7;8;9;10;11;12;13;14;15;16;17;18;19;20;21;22;23;24;25;26;27;28;29
B,6.0600000000000005,p_hist,0.00033943658170595736,0.0003353501304664781,0.0003690633531921831,30,0;1;2;3;4;5;6;7;8;9;10;11;12;13;14;15;16;17;18;19;20;21;22;23;24;25;26;27;28;29
B,6.07,p_hist,0.0003990809009586479,0.0003353501304664781,0.0012446556679646564,30,0;1;2;3;4;5;6;7;8;9;10;11;12;13;14;15;16;17;18;19;20;21;22;23;24;25;26;27;28;29
B,6.08,p_hist,0.00035334060245270394,0.0003353501304664781,0.0005818012861217272,30,0;1;2;3;4;5;6;7;8;9;10;11;12;13;14;15;16;17;18;19;20;21;22;23;24;25;26;27;28;29
B,6.09,p_hist,0.0004009092742000112,0.0003353501304664781,0.0012410910552760283,30,0;1;2;3;4;5;6;7;8;9;10;11;12;13;14;15;16;17;18;19;20;21;22;23;24;25;26;27;28;29
B,6.1000000000000005,p_hist,0.0004286671549449494,0.0003353501304664781,0.0012296534148556566,30,0;1;2;3;4;5;6;7;8;9;10;11;12;13;14;15;16;17;18;19;20;21;22;23;24;25;26;27;28;29
B,6.11,p_hist,0.0003529663596471399,0.0003353501304664781,0.0005195781771189962,30,0;1;2;3;4;5;6;7;8;9;10;11;12;13;14;15;16;17;18;19;20;21;22;23;24;25;26;27;28;29
B,6.12,p_hist,0.0003488327799813671,0.0003353501304664781,0.00047366664492144977,30,0;1;2;3;4;5;6;7;8;9;10;11;12;13;14;15;16;17;18;19;20;21;22;23;24;25;26;27;28;29
B,6.13,p_hist,0.00043359153542376656,0.0003353501304664781,0.0011905378699201498,30,0;1;2;3;4;5;6;7;8;9;10;11;12;13;14;15;16;17;18;19;20;21;22;23;24;25;26;27;28;29
B,6.140000000000001,p_hist,0.0004142264948857265,0.0003353501304664781,0.0012416046180797374,30,0;1;2;3;4;5;6;7;8;9;10;11;12;13;14;15;16;17;18;19;20;21;22;23;24;25;26;27;28;29
B,6.15,p_hist,0.000375524570076163,0.0003353501304664781,0.0008607502355935053,30,0;1;2;3;4;5;6;7;8;9;10;11;12;13;14;15;16;17;18;19;20;21;22;23;24;25;26;27;28;29
B,6.16,p_hist,0.0004591914509403089,0.0003353501304664781,0.0014586759900509917,30,0;1;2;3;4;5;6;7;8;9;10;11;12;13;14;15;16;17;18;19;20;21;22;23;24;25;26;27;28;29
B,6.17,p_hist,0.00035265196010115537,0.0003353501304664781,0.0005064295705515755,30,0;1;2;3;4;5;6;7;8;9;10;11;12;13;14;15;16;17;18;19;20;21;22;23;24;25;26;27;28;29
B,6.18,p_hist,0.00034555132942615626,0.0003353501304664781,0.00041951002188382407,30,0;1;2;3;4;5;6;7;8;9;10;11;12;13;14;15;16;17;18;19;20;21;22;23;24;25;26;27;28;29
B,6.19,p_hist,0.00034090437384934276,0.0003353501304664781,0.00038117263837511285,30,0;1;2;3;4;5;6;7;8;9;10;11;12;13;14;15;16;17;18;19;20;21;22;23;24;25;26;27;28;29
B,6.2,p_hist,0.00035940851925897975,0.0003353501304664781,0.0005338318380046169,30,0;1;2;3;4;5;6;7;8;9;10;11;12;13;14;15;16;17;18;19;20;21;22;23;24;25;26;27;28;29
B,6.21,p_hist,0.00035118423700406854,0.0003353501304664781,0.000540483724501426,30,0;1;2;3;4;5;6;7;8;9;10;11;12;13;14;15;16;17;18;19;20;21;22;23;24;25;26;27;28;29
B,6.22,p_hist,0.0003428906570941505,0.0003353501304664781,0.0004051140712215581,30,0;1;2;3;4;5;6;7;8;9;10;11;12;13;14;15;16;17;18;19;20;21;22;23;24;25;26;27;28;29
B,6.23,p_hist,0.00033545272493524646,0.0003353501304664781,0.0003361965348338182,30,0;1;2;3;4;5;6;7;8;9;10;11;12;13;14;15;16;17;18;19;20;21;22;23;24;25;26;27;28;29
B,6.24,p_hist,0.00033535013046647795,0.0003353501304664781,0.0003353501304664781,30,0;1;2;3;4;5;6;7;8;9;10;11;12;13;14;15;16;17;18;19;20;21;22;23;24;25;26;27;28;29
B,6.25,p_hist,0.00044103348247630806,0.0003353501304664781,0.0012097230117878444,30,0;1;2;3;4;5;6;7;8;9;10;11;12;13;14;15;16;17;18;19;20;21;22;23;24;25;26;27;28;29
B,6.26,p_hist,0.0003584257053090635,0.0003353501304664781,0.0006661063108272851,30,0;1;2;3;4;5;6;7;8;9;10;11;12;13;14;15;16;17;18;19;20;21;22;23;24;25;26;27;28;29
B,6.2700000000000005,p_hist,0.0003404733227566331,0.0003353501304664781,0.000399094262834959,30,0;1;2;3;4;5;6;7;8;9;10;11;12;13;14;15;16;17;18;19;20;21;22;23;24;25;26;27;28;29
B,6.28,p_hist,0.0004453865215242613,0.0003353501304664781,0.0013849160302406402,30,0;1;2;3;4;5;6;7;8;9;10;11;12;13;14;15;16;17;18;19;20;21;22;23;24;25;26;27;28;29
B,6.29,p_hist,0.00035754647017347126,0.0003353501304664781,0.000524053086578701,30,0;1;2;3;4;5;6;7;8;9;10;11;12;13;14;15;16;17;18;19;20;21;22;23;24;25;26;27;28;29
B,6.3,p_hist,0.00033535013046647795,0.0003353501304664781,0.0003353501304664781,30,0;1;2;3;4;5;6;7;8;9;10;11;12;13;14;15;16;17;18;19;20;21;22;23;24;25;26;27;28;29
B,6.3100000000000005,p_hist,0.0003563211542052712,0.0003353501304664781,0.0005083610763115213,30,0;1;2;3;4;5;6;7;8;9;10;11;12;13;14;15;16;17;18;19;20;21;22;23;24;25;26;27;28;29
B,6.32,p_hist,0.00033714689422577494,0.0003353501304664781,0.0003501734314806783,30,0;1;2;3;4;5;6;7;8;9;10;11;12;13;14;15;16;17;18;19;20;21;22;23;24;25;26;27;28;29
B,6.33,p_hist,0.0004420737628646682,0.0003353501304664781,0.0015893580095138213,30,0;1;2;3;4;5;6;7;8;9;10;11;12;13;14;15;16;17;18;19;20;21;22;23;24;25;26;27;28;29
B,6.34,p_hist,0.00037703916136538066,0.0003353501304664781,0.0007602727161760076,30,0;1;2;3;4;5;6;7;8;9;10;11;12;13;14;15;16;17;18;19;20;21;22;23;24;25;26;27;28;29
B,6.3500000000000005,p_hist,0.0004584097822972217,0.0003353501304664781,0.0013729210562856825,30,0;1;2;3;4;5;6;7;8;9;10;11;12;13;14;15;16;17;18;19;20;21;22;23;24;25;26;27;28;29
B,6.36,p_hist,0.0004520441406239931,0.0003353501304664781,0.001699285611456167,30,0;1;2;3;4;5;6;7;8;9;10;11;12;13;14;15;16;17;18;19;20;21;22;23;24;25;26;27;28;29
B,6.37,p_hist,0.000372765342242557,0.0003353501304664781,0.0006130089474763777,30,0;1;2;3;4;5;6;7;8;9;10;11;12;13;14;15;16;17;18;19;20;21;22;23;24;25;26;27;28;29
B,6.38,p_hist,0.0003621085523696897,0.0003353501304664781,0.0006021248463332836,30,0;1;2;3;4;5;6;7;8;9;10;11;12;13;14;15;16;17;18;19;20;21;22;23;24;25;26;27;28;29
B,6.390000000000001,p_hist,0.0003487437081122896,0.0003353501304664781,0.00046806044530773173,30,0;1;2;3;4;5;6;7;8;9;10;11;12;13;14;15;16;17;18;19;20;21;22;23;24;25;26;27;28;29
B,6.4,p_hist,0.0004132438249368019,0.0003353501304664781,0.0010264774405398993,30,0;1;2;3;4;5;6;7;8;9;10;11;12;13;14;15;16;17;18;19;20;21;22;23;24;25;26;27;28;29
B,6.41,p_hist,0.0005618369728273545,0.0003353501304664781,0.0024133009385866135,30,0;1;2;3;4;5;6;7;8;9;10;11;12;13;14;15;16;17;18;19;20;21;22;23;24;25;26;27;28;29
B,6.42,p_hist,0.0003861318029625339,0.0003353501304664781,0.0009188501232647547,30,0;1;2;3;4;5;6;7;8;9;10;11;12;13;14;15;16;17;18;19;20;21;22;23;24;25;26;27;28;29
B,6.43,p_hist,0.00042759667960525963,0.0003353501304664781,0.0012410277334830642,30,0;1;2;3;4;5;6;7;8;9;10;11;12;13;14;15;16;17;18;19;20;21;22;23;24;25;26;27;28;29
B,6.44,p_hist,0.00034332728281250734,0.0003353501304664781,0.00041961687655067486,30,0;1;2;3;4;5;6;7;8;9;10;11;12;13;14;15;16;17;18;19;20;21;22;23;24;25;26;27;28;29
B,6.45,p_hist,0.00041441905807960023,0.0003353501304664781,0.001077465148005856,30,0;1;2;3;4;5;6;7;8;9;10;11;12;13;14;15;16;17;18;19;20;21;22;23;24;25;26;27;28;29
B,6.46,p_hist,0.00034878147486181143,0.0003353501304664781,0.0005097906574652706,30,0;1;2;3;4;5;6;7;8;9;10;11;12;13;14;15;16;17;18;19;20;21;22;23;24;25;26;27;28;29
B,6.47,p_hist,0.000411305147847983,0.0003353501304664781,0.0010564410432800453,30,0;1;2;3;4;5;6;7;8;9;10;11;12;13;14;15;16;17;18;19;20;21;22;23;24;25;26;27;28;29
B,6.48,p_hist,0.00040426161182624244,0.0003353501304664781,0.0009073179911096245,30,0;1;2;3;4;5;6;7;8;9;10;11;12;13;14;15;16;17;18;19;20;21;22;23;24;25;26;27;28;29
B,6.49,p_hist,0.00034544281507417504,0.0003353501304664781,0.00047629561386150726,30,0;1;2;3;4;5;6;7;8;9;10;11;12;13;14;15;16;17;18;19;20;21;22;23;24;25;26;27;28;29
B,6.5,p_hist,0.00034588078164401526,0.0003353501304664781,0.0004222280026811608,30,0;1;2;3;4;5;6;7;8;9;10;11;12;13;14;15;16;17;18;19;20;21;22;23;24;25;26;27;28;29
B,6.51,p_hist,0.0005906472711887653,0.0003353501304664781,0.002634907599318543,30,0;1;2;3;4;5;6;7;8;9;10;11;12;13;14;15;16;17;18;19;20;21;22;23;24;25;26;27;28;29
B,6.5200000000000005,p_hist,0.0004823835000406183,0.0003353501304664781,0.0018168328344298895,30,0;1;2;3;4;5;6;7;8;9;10;11;12;13;14;15;16;17;18;19;20;21;22;23;24;25;26;27;28;29
B,6.53,p_hist,0.00041314746521459313,0.0003353501304664781,0.0010604533711141232,30,0;1;2;3;4;5;6;7;8;9;10;11;12;13;14;15;16;17;18;19;20;21;22;23;24;25;26;27;28;29
B,6.54,p_hist,0.000382310902641683,0.0003353501304664781,0.0007227765009119179,30,0;1;2;3;4;5;6;7;8;9;10;11;12;13;14;15;16;17;18;19;20;21;22;23;24;25;26;27;28;29
B,6.55,p_hist,0.0003798833115059298,0.0003353501304664781,0.000796311134373043,30,0;1;2;3;4;5;6;7;8;9;10;11;12;13;14;15;16;17;18;19;20;21;22;23;24;25;26;27;28;29
B,6.5600000000000005,p_hist,0.0003773863943285544,0.0003353501304664781,0.0007560167989100455,30,0;1;2;3;4;5;6;7;8;9;10;11;12;13;14;15;16;17;18;19;20;21;22;23;24;25;26;27;28;29
B,6.57,p_hist,0.0003380603216917167,0.0003353501304664781,0.00037595472203558514,30,0;1;2;3;4;5;6;7;8;9;10;11;12;13;14;15;16;17;18;19;20;21;22;23;24;25;26;27;28;29
B,6.58,p_hist,0.00033829354406325466,0.0003353501304664781,0.0003596332926398861,30,0;1;2;3;4;5;6;7;8;9;10;11;12;13;14;15;16;17;18;19;20;21;22;23;24;25;26;27;28;29
B,6.59,p_hist,0.0003398191771621834,0.0003353501304664781,0.00037221976570604823,30,0;1;2;3;4;5;6;7;8;9;10;11;12;13;14;15;16;17;18;19;20;21;22;23;24;25;26;27;28;29
B,6.6000000000000005,p_hist,0.00037573821822115173,0.0003353501304664781,0.0007859133666962212,30,0;1;2;3;4;5;6;7;8;9;10;11;12;13;14;15;16;17;18;19;20;21;22;23;24;25;26;27;28;29
B,6.61,p_hist,0.00033535013046647795,0.0003353501304664781,0.0003353501304664781,30,0;1;2;3;4;5;6;7;8;9;10;11;12;13;14;15;16;17;18;19;20;21;22;23;24;25;26;27;28;29
B,6.62,p_hist,0.0003509020107350066,0.0003353501304664781,0.0004636531426818384,30,0;1;2;3;4;5;6;7;8;9;10;11;12;13;14;15;16;17;18;19;20;21;22;23;24;25;26;27;28;29
B,6.63,p_hist,0.00041783998057716556,0.0003353501304664781,0.0010375944653971162,30,0;1;2;3;4;5;6;7;8;9;10;11;12;13;14;15;16;17;18;19;20;21;22;23;24;25;26;27;28;29
B,6.640000000000001,p_hist,0.0003622357506669319,0.0003353501304664781,0.0006757259678792626,30,0;1;2;3;4;5;6;7;8;9;10;11;12;13;14;15;16;17;18;19;20;21;22;23;24;25;26;27;28;29
B,6.65,p_hist,0.0004736991393759695,0.0003353501304664781,0.0018958940118124089,30,0;1;2;3;4;5;6;7;8;9;10;11;12;13;14;15;16;17;18;19;20;21;22;23;24;25;26;27;28;29
B,6.66,p_hist,0.00042393942680559057,0.0003353501304664781,0.0012256121368227667,30,0;1;2;3;4;5;6;7;8;9;10;11;12;13;14;15;16;17;18;19;20;21;22;23;24;25;26;27;28;29
B,6.67,p_hist,0.0003508763493714953,0.0003353501304664781,0.0005318105472607445,30,0;1;2;3;4;5;6;7;8;9;10;11;12;13;14;15;16;17;18;19;20;21;22;23;24;25;26;27;28;29
B,6.68,p_hist,0.00033535013046647795,0.0003353501304664781,0.0003353501304664781,30,0;1;2;3;4;5;6;7;8;9;10;11;12;13;14;15;16;17;18;19;20;21;22;23;24;25;26;27;28;29
B,6.69,p_hist,0.00039537688560513585,0.0003353501304664781,0.0010967706558139357,30,0;1;2;3;4;5;6;7;8;9;10;11;12;13;14;15;16;17;18;19;20;21;22;23;24;25;26;27;28;29
B,6.7,p_hist,0.00036396519061639875,0.0003353501304664781,0.000762608686009789,30,0;1;2;3;4;5;6;7;8;9;10;11;12;13;14;15;16;17;18;19;20;21;22;23;24;25;26;27;28;29
B,6.71,p_hist,0.000493549681013251,0.0003353501304664781,0.002137090132871374,30,0;1;2;3;4;5;6;7;8;9;10;11;12;13;14;15;16;17;18;19;20;21;22;23;24;25;26;27;28;29
B,6.72,p_hist,0.00034644878376737073,0.0003353501304664781,0.00043986638108663883,30,0;1;2;3;4;5;6;7;8;9;10;11;12;13;14;15;16;17;18;19;20;21;22;23;24;25;26;27;28;29
B,6.73,p_hist,0.00035131397788880597,0.0003353501304664781,0.0004670518717006837,30,0;1;2;3;4;5;6;7;8;9;10;11;12;13;14;15;16;17;18;19;20;21;22;23;24;25;26;27;28;29
B,6.74,p_hist,0.00033535013046647795,0.0003353501304664781,0.0003353501304664781,30,0;1;2;3;4;5;6;7;8;9;10;11;12;13;14;15;16;17;18;19;20;21;22;23;24;25;26;27;28;29
B,6.75,p_hist,0.00033535013046647795,0.0003353501304664781,0.0003353501304664781,30,0;1;2;3;4;5;6;7;8;9;10;11;12;13;14;15;16;17;18;19;20;21;22;23;24;25;26;27;28;29
B,6.76,p_hist,0.00033535013046647795,0.0003353501304664781,0.0003353501304664781,30,0;1;2;3;4;5;6;7;8;9;10;11;12;13;14;15;16;17;18;19;20;21;22;23;24;25;26;27;28;29
B,6.7700000000000005,p_hist,0.0003907846353112249,0.0003353501304664781,0.0009706858174876209,30,0;1;2;3;4;5;6;7;8;9;10;11;12;13;14;15;16;17;18;19;20;21;22;23;24;25;26;27;28;29
B,6.78,p_hist,0.0003389212498953448,0.0003353501304664781,0.0003708532187018089,30,0;1;2;3;4;5;6;7;8;9;10;11;12;13;14;15;16;17;18;19;20;21;22;23;24;25;26;27;28;29
B,6.79,p_hist,0.00033535013046647795,0.0003353501304664781,0.0003353501304664781,30,0;1;2;3;4;5;6;7;8;9;10;11;12;13;14;15;16;17;18;19;20;21;22;23;24;25;26;27;28;29
B,6.8,p_hist,0.00038194278480946185,0.0003353501304664781,0.0009157340768938993,30,0;1;2;3;4;5;6;7;8;9;10;11;12;13;14;15;16;17;18;19;20;21;22;23;24;25;26;27;28;29
B,6.8100000000000005,p_hist,0.0003743907180112205,0.0003353501304664781,0.0006574349777106029,30,0;1;2;3;4;5;6;7;8;9;10;11;12;13;14;15;16;17;18;19;20;21;22;23;24;25;26;27;28;29
B,6.82,p_hist,0.0003362715132965656,0.0003353501304664781,0.0003429515388147013,30,0;1;2;3;4;5;6;7;8;9;10;11;12;13;14;15;16;17;18;19;20;21;22;23;24;25;26;27;28;29
B,6.83,p_hist,0.0003399394457805836,0.0003353501304664781,0.00040203108708824646,30,0;1;2;3;4;5;6;7;8;9;10;11;12;13;14;15;16;17;18;19;20;21;22;23;24;25;26;27;28;29
B,6.84,p_hist,0.00037625639979428963,0.0003353501304664781,0.0007685171287675119,30,0;1;2;3;4;5;6;7;8;9;10;11;12;13;14;15;16;17;18;19;20;21;22;23;24;25;26;27;28;29
B,6.8500000000000005,p_hist,0.0003445753013090944,0.0003353501304664781,0.000411457789918063,30,0;1;2;3;4;5;6;7;8;9;10;11;12;13;14;15;16;17;18;19;20;21;22;23;24;25;26;27;28;29
B,6.86,p_hist,0.00035313572631471944,0.0003353501304664781,0.0005167946428278795,30,0;1;2;3;4;5;6;7;8;9;10;11;12;13;14;15;16;17;18;19;20;21;22;23;24;25;26;27;28;29
B,6.87,p_hist,0.00033535013046647795,0.0003353501304664781,0.0003353501304664781,30,0;1;2;3;4;5;6;7;8;9;10;11;12;13;14;15;16;17;18;19;20;21;22;23;24;25;26;27;28;29
B,6.88,p_hist,0.00035933368473903683,0.0003353501304664781,0.0005973925086133924,30,0;1;2;3;4;5;6;7;8;9;10;11;12;13;14;15;16;17;18;19;20;21;22;23;24;25;26;27;28;29
B,6.890000000000001,p_hist,0.0004804910408809181,0.0003353501304664781,0.0018500370440909593,30,0;1;2;3;4;5;6;7;8;9;10;11;12;13;14;15;16;17;18;19;20;21;22;23;24;25;26;27;28;29
B,6.9,p_hist,0.00035150962061200527,0.0003353501304664781,0.0004935040920744317,30,0;1;2;3;4;5;6;7;8;9;10;11;12;13;14;15;16;17;18;19;20;21;22;23;24;25;26;27;28;29
B,6.91,p_hist,0.00033535013046647795,0.0003353501304664781,0.0003353501304664781,30,0;1;2;3;4;5;6;7;8;9;10;11;12;13;14;15;16;17;18;19;20;21;22;23;24;25;26;27;28;29
B,6.92,p_hist,0.00034761212894822283,0.0003353501304664781,0.00048102585363646007,30,0;1;2;3;4;5;6;7;8;9;10;11;12;13;14;15;16;17;18;19;20;21;22;23;24;25;26;27;28;29
B,6.93,p_hist,0.00038716528852134036,0.0003353501304664781,0.0008162653693674473,30,0;1;2;3;4;5;6;7;8;9;10;11;12;13;14;15;16;17;18;19;20;21;22;23;24;25;26;27;28;29
B,6.94,p_hist,0.00037687747175145226,0.0003353501304664781,0.0007846812830893802,30,0;1;2;3;4;5;6;7;8;9;10;11;12;13;14;15;16;17;18;19;20;21;22;23;24;25;26;27;28;29
B,6.95,p_hist,0.00033562390696754676,0.0003353501304664781,0.00033760878660029584,30,0;1;2;3;4;5;6;7;8;9;10;11;12;13;14;15;16;17;18;19;20;21;22;23;24;25;26;27;28;29
B,6.96,p_hist,0.00039762683194559015,0.0003353501304664781,0.0008786972380088456,30,0;1;2;3;4;5;6;7;8;9;10;11;12;13;14;15;16;17;18;19;20;21;22;23;24;25;26;27;28;29
B,6.97,p_hist,0.0005305467704848202,0.0003353501304664781,0.0020707048895729496,30,0;1;2;3;4;5;6;7;8;9;10;11;12;13;14;15;16;17;18;19;20;21;22;23;24;25;26;27;28;29
B,6.98,p_hist,0.00038164918605242663,0.0003353501304664781,0.0007793013879997679,30,0;1;2;3;4;5;6;7;8;9;10;11;12;13;14;15;16;17;18;19;20;21;22;23;24;25;26;27;28;29
B,6.99,p_hist,0.0003593661247839239,0.0003353501304664781,0.000533482083585406,30,0;1;2;3;4;5;6;7;8;9;10;11;12;13;14;15;16;17;18;19;20;21;22;23;24;25;26;27;28;29
B,7.0,p_hist,0.0004950615166003045,0.0003353501304664781,0.0017259714904042849,30,0;1;2;3;4;5;6;7;8;9;10;11;12;13;14;15;16;17;18;19;20;21;22;23;24;25;26;27;28;29
B,7.01,p_hist,0.00044762528090116425,0.0003353501304664781,0.0015070652215321803,30,0;1;2;3;4;5;6;7;8;9;10;11;12;13;14;15;16;17;18;19;20;21;22;23;24;25;26;27;28;29
B,7.0200000000000005,p_hist,0.0004811207308743602,0.0003353501304664781,0.0020552061901026957,30,0;1;2;3;4;5;6;7;8;9;10;11;12;13;14;15;16;17;18;19;20;21;22;23;24;25;26;27;28;29
B,7.03,p_hist,0.00037873503350196205,0.0003353501304664781,0.0007977954214958161,30,0;1;2;3;4;5;6;7;8;9;10;11;12;13;14;15;16;17;18;19;20;21;22;23;24;25;26;27;28;29
B,7.04,p_hist,0.000944379543897697,0.0003353501304664781,0.006154055593337442,30,0;1;2;3;4;5;6;7;8;9;10;11;12;13;14;15;16;17;18;19;20;21;22;23;24;25;26;27;28;29
B,7.05,p_hist,0.0005682289296517369,0.0003353501304664781,0.0023577358505787,30,0;1;2;3;4;5;6;7;8;9;10;11;12;13;14;15;16;17;18;19;20;21;22;23;24;25;26;27;28;29
B,7.0600000000000005,p_hist,0.0003812351555295952,0.0003353501304664781,0.0007774169599777787,30,0;1;2;3;4;5;6;7;8;9;10;11;12;13;14;15;16;17;18;19;20;21;22;23;24;25;26;27;28;29
B,7.07,p_hist,0.0003912468514754503,0.0003353501304664781,0.0009598600358296923,30,0;1;2;3;4;5;6;7;8;9;10;11;12;13;14;15;16;17;18;19;20;21;22;23;24;25;26;27;28;29
B,7.08,p_hist,0.00037524444916104554,0.0003353501304664781,0.0006798507648746625,30,0;1;2;3;4;5;6;7;8;9;10;11;12;13;14;15;16;17;18;19;20;21;22;23;24;25;26;27;28;29
B,7.09,p_hist,0.0004068731108785712,0.0003353501304664781,0.001103880907750438,30,0;1;2;3;4;5;6;7;8;9;10;11;12;13;14;15;16;17;18;19;20;21;22;23;24;25;26;27;28;29
B,7.1000000000000005,p_hist,0.00033843269626532074,0.0003353501304664781,0.0003607812983069306,30,0;1;2;3;4;5;6;7;8;9;10;11;12;13;14;15;16;17;18;19;20;21;22;23;24;25;26;27;28;29
B,7.11,p_hist,0.00033535013046647795,0.0003353501304664781,0.0003353501304664781,30,0;1;2;3;4;5;6;7;8;9;10;11;12;13;14;15;16;17;18;19;20;21;22;23;24;25;26;27;28;29
B,7.12,p_hist,0.0003993392574261317,0.0003353501304664781,0.0008853074431932593,30,0;1;2;3;4;5;6;7;8;9;10;11;12;13;14;15;16;17;18;19;20;21;22;23;24;25;26;27;28;29
B,7.13,p_hist,0.0004418081444566145,0.0003353501304664781,0.0013883858685324124,30,0;1;2;3;4;5;6;7;8;9;10;11;12;13;14;15;16;17;18;19;20;21;22;23;24;25;26;27;28;29
B,7.140000000000001,p_hist,0.00037433214668076986,0.0003353501304664781,0.0007367433840587558,30,0;1;2;3;4;5;6;7;8;9;10;11;12;13;14;15;16;17;18;19;20;21;22;23;24;25;26;27;28;29
B,7.15,p_hist,0.0004234794662423956,0.0003353501304664781,0.0010797326664491423,30,0;1;2;3;4;5;6;7;8;9;10;11;12;13;14;15;16;17;18;19;20;21;22;23;24;25;26;27;28;29
B,7.16,p_hist,0.0003922774029697273,0.0003353501304664781,0.0008497516784762755,30,0;1;2;3;4;5;6;7;8;9;10;11;12;13;14;15;16;17;18;19;20;21;22;23;24;25;26;27;28;29
B,7.17,p_hist,0.00033561563226353985,0.0003353501304664781,0.00033754052029223843,30,0;1;2;3;4;5;6;7;8;9;10;11;12;13;14;15;16;17;18;19;20;21;22;23;24;25;26;27;28;29
B,7.18,p_hist,0.0003453453386715922,0.0003353501304664781,0.0004702673817336984,30,0;1;2;3;4;5;6;7;8;9;10;11;12;13;14;15;16;17;18;19;20;21;22;23;24;25;26;27;28;29
B,7.19,p_hist,0.000483341033212895,0.0003353501304664781,0.0017897206012248922,30,0;1;2;3;4;5;6;7;8;9;10;11;12;13;14;15;16;17;18;19;20;21;22;23;24;25;26;27;28;29
B,7.2,p_hist,0.0003579265394770038,0.0003353501304664781,0.0006157865843574045,30,0;1;2;3;4;5;6;7;8;9;10;11;12;13;14;15;16;17;18;19;20;21;22;23;24;25;26;27;28;29
B,7.21,p_hist,0.0003402228635467321,0.0003353501304664781,0.0003876706658632108,30,0;1;2;3;4;5;6;7;8;9;10;11;12;13;14;15;16;17;18;19;20;21;22;23;24;25;26;27;28;29
B,7.22,p_hist,0.00036279939128569646,0.0003353501304664781,0.0006218499126341025,30,0;1;2;3;4;5;6;7;8;9;10;11;12;13;14;15;16;17;18;19;20;21;22;23;24;25;26;27;28;29
B,7.23,p_hist,0.0003426522009694895,0.0003353501304664781,0.00044461008392322206,30,0;1;2;3;4;5;6;7;8;9;10;11;12;13;14;15;16;17;18;19;20;21;22;23;24;25;26;27;28;29
B,7.24,p_hist,0.00033535013046647795,0.0003353501304664781,0.0003353501304664781,30,0;1;2;3;4;5;6;7;8;9;10;11;12;13;14;15;16;17;18;19;20;21;22;23;24;25;26;27;28;29
B,7.25,p_hist,0.00035514292182294276,0.0003353501304664781,0.0005691676542769362,30,0;1;2;3;4;5;6;7;8;9;10;11;12;13;14;15;16;17;18;19;20;21;22;23;24;25;26;27;28;29
B,7.26,p_hist,0.00034604163575473353,0.0003353501304664781,0.0004685220342408613,30,0;1;2;3;4;5;6;7;8;9;10;11;12;13;14;15;16;17;18;19;20;21;22;23;24;25;26;27;28;29
B,7.2700000000000005,p_hist,0.0003445307661570883,0.0003353501304664781,0.000428199118692534,30,0;1;2;3;4;5;6;7;8;9;10;11;12;13;14;15;16;17;18;19;20;21;22;23;24;25;26;27;28;29
B,7.28,p_hist,0.0005094617290319386,0.0003353501304664781,0.002014974895775913,30,0;1;2;3;4;5;6;7;8;9;10;11;12;13;14;15;16;17;18;19;20;21;22;23;24;25;26;27;28;29
B,7.29,p_hist,0.0004948372581049129,0.0003353501304664781,0.0025311555583467115,30,0;1;2;3;4;5;6;7;8;9;10;11;12;13;14;15;16;17;18;19;20;21;22;23;24;25;26;27;28;29
B,7.3,p_hist,0.0004109524994387594,0.0003353501304664781,0.001262461420780672,30,0;1;2;3;4;5;6;7;8;9;10;11;12;13;14;15;16;17;18;19;20;21;22;23;24;25;26;27;28;29
B,7.3100000000000005,p_hist,0.0003433175339049712,0.0003353501304664781,0.00040182698229344004,30,0;1;2;3;4;5;6;7;8;9;10;11;12;13;14;15;16;17;18;19;20;21;22;23;24;25;26;27;28;29
B,7.32,p_hist,0.00035255868428997245,0.0003353501304664781,0.0005863306182323142,30,0;1;2;3;4;5;6;7;8;9;10;11;12;13;14;15;16;17;18;19;20;21;22;23;24;25;26;27;28;29
B,7.33,p_hist,0.0003637948215508831,0.0003353501304664781,0.0006836291209053303,30,0;1;2;3;4;5;6;7;8;9;10;11;12;13;14;15;16;17;18;19;20;21;22;23;24;25;26;27;28;29
B,7.34,p_hist,0.00044984371797791384,0.0003353501304664781,0.0019229494458027033,30,0;1;2;3;4;5;6;7;8;9;10;11;12;13;14;15;16;17;18;19;20;21;22;23;24;25;26;27;28;29
B,7.3500000000000005,p_hist,0.000687575691807792,0.0003353501304664781,0.004103087924050858,30,0;1;2;3;4;5;6;7;8;9;10;11;12;13;14;15;16;17;18;19;20;21;22;23;24;25;26;27;28;29
B,7.36,p_hist,0.0004129320372980771,0.0003353501304664781,0.0012777881968903402,30,0;1;2;3;4;5;6;7;8;9;10;11;12;13;14;15;16;17;18;19;20;21;22;23;24;25;26;27;28;29
B,7.37,p_hist,0.0004071813928070116,0.0003353501304664781,0.0010397269287286627,30,0;1;2;3;4;5;6;7;8;9;10;11;12;13;14;15;16;17;18;19;20;21;22;23;24;25;26;27;28;29
B,7.38,p_hist,0.0003882450465982985,0.0003353501304664781,0.0008917516354664441,30,0;1;2;3;4;5;6;7;8;9;10;11;12;13;14;15;16;17;18;19;20;21;22;23;24;25;26;27;28;29
B,7.390000000000001,p_hist,0.0004640019031813502,0.0003353501304664781,0.001425225299618635,30,0;1;2;3;4;5;6;7;8;9;10;11;12;13;14;15;16;17;18;19;20;21;22;23;24;25;26;27;28;29
B,7.4,p_hist,0.0003806318795151058,0.0003353501304664781,0.0007541954743901403,30,0;1;2;3;4;5;6;7;8;9;10;11;12;13;14;15;16;17;18;19;20;21;22;23;24;25;26;27;28;29
B,7.41,p_hist,0.0003447710046777908,0.0003353501304664781,0.0004130723427098088,30,0;1;2;3;4;5;6;7;8;9;10;11;12;13;14;15;16;17;18;19;20;21;22;23;24;25;26;27;28;29
B,7.42,p_hist,0.00033535013046647795,0.0003353501304664781,0.0003353501304664781,30,0;1;2;3;4;5;6;7;8;9;10;11;12;13;14;15;16;17;18;19;20;21;22;23;24;25;26;27;28;29
B,7.43,p_hist,0.00033535013046647795,0.0003353501304664781,0.0003353501304664781,30,0;1;2;3;4;5;6;7;8;9;10;11;12;13;14;15;16;17;18;19;20;21;22;23;24;25;26;27;28;29
B,7.44,p_hist,0.00033535013046647795,0.0003353501304664781,0.0003353501304664781,30,0;1;2;3;4;5;6;7;8;9;10;11;12;13;14;15;16;17;18;19;20;21;22;23;24;25;26;27;28;29
B,7.45,p_hist,0.0003385632122947242,0.0003353501304664781,0.0003618580555495093,30,0;1;2;3;4;5;6;7;8;9;10;11;12;13;14;15;16;17;18;19;20;21;22;23;24;25;26;27;28;29
B,7.46,p_hist,0.00038544212935445163,0.0003353501304664781,0.0007657207985729126,30,0;1;2;3;4;5;6;7;8;9;10;11;12;13;14;15;16;17;18;19;20;21;22;23;24;25;26;27;28;29
B,7.47,p_hist,0.0005035468675166028,0.0003353501304664781,0.0017824272615729851,30,0;1;2;3;4;5;6;7;8;9;10;11;12;13;14;15;16;17;18;19;20;21;22;23;24;25;26;27;28;29
B,7.48,p_hist,0.0004012056488672056,0.0003353501304664781,0.000878658157272479,30,0;1;2;3;4;5;6;7;8;9;10;11;12;13;14;15;16;17;18;19;20;21;22;23;24;25;26;27;28;29
B,7.49,p_hist,0.0003433993976984021,0.0003353501304664781,0.00040175658512985187,30,0;1;2;3;4;5;6;7;8;9;10;11;12;13;14;15;16;17;18;19;20;21;22;23;24;25;26;27;28;29
B,7.5,p_hist,0.00033934397871793166,0.0003353501304664781,0.0003682993785409707,30,0;1;2;3;4;5;6;7;8;9;10;11;12;13;14;15;16;17;18;19;20;21;22;23;24;25;26;27;28;29
B,7.51,p_hist,0.00035264649906726795,0.0003353501304664781,0.00047804517142299474,30,0;1;2;3;4;5;6;7;8;9;10;11;12;13;14;15;16;17;18;19;20;21;22;23;24;25;26;27;28;29
B,7.5200000000000005,p_hist,0.00035683612043594184,0.0003353501304664781,0.0005126095477145545,30,0;1;2;3;4;5;6;7;8;9;10;11;12;13;14;15;16;17;18;19;20;21;22;23;24;25;26;27;28;29
B,7.53,p_hist,0.0004093122486885876,0.0003353501304664781,0.001055716309795475,30,0;1;2;3;4;5;6;7;8;9;10;11;12;13;14;15;16;17;18;19;20;21;22;23;24;25;26;27;28;29
B,7.54,p_hist,0.00046649016115005555,0.0003353501304664781,0.0014172553836059886,30,0;1;2;3;4;5;6;7;8;9;10;11;12;13;14;15;16;17;18;19;20;21;22;23;24;25;26;27;28;29
B,7.55,p_hist,0.00044033942395170245,0.0003353501304664781,0.0013243997969494673,30,0;1;2;3;4;5;6;7;8;9;10;11;12;13;14;15;16;17;18;19;20;21;22;23;24;25;26;27;28;29
B,7.5600000000000005,p_hist,0.00035215228355824584,0.0003353501304664781,0.0005122617407800652,30,0;1;2;3;4;5;6;7;8;9;10;11;12;13;14;15;16;17;18;19;20;21;22;23;24;25;26;27;28;29
B,7.57,p_hist,0.00033535013046647795,0.0003353501304664781,0.0003353501304664781,30,0;1;2;3;4;5;6;7;8;9;10;11;12;13;14;15;16;17;18;19;20;21;22;23;24;25;26;27;28;29
B,7.58,p_hist,0.00039802709220079866,0.0003353501304664781,0.0009400950947076907,30,0;1;2;3;4;5;6;7;8;9;10;11;12;13;14;15;16;17;18;19;20;21;22;23;24;25;26;27;28;29
B,7.59,p_hist,0.00044711026569684904,0.0003353501304664781,0.0018198190982471802,30,0;1;2;3;4;5;6;7;8;9;10;11;12;13;14;15;16;17;18;19;20;21;22;23;24;25;26;27;28;29
B,7.6000000000000005,p_hist,0.0003541807935435175,0.0003353501304664781,0.0005330314092291937,30,0;1;2;3;4;5;6;7;8;9;10;11;12;13;14;15;16;17;18;19;20;21;22;23;24;25;26;27;28;29
B,7.61,p_hist,0.0005994323506949274,0.0003353501304664781,0.0032691731541189093,30,0;1;2;3;4;5;6;7;8;9;10;11;12;13;14;15;16;17;18;19;20;21;22;23;24;25;26;27;28;29
B,7.62,p_hist,0.00039907244501998163,0.0003353501304664781,0.0012055684789164128,30,0;1;2;3;4;5;6;7;8;9;10;11;12;13;14;15;16;17;18;19;20;21;22;23;24;25;26;27;28;29
B,7.63,p_hist,0.00033963134078140317,0.0003353501304664781,0.00036913584840621316,30,0;1;2;3;4;5;6;7;8;9;10;11;12;13;14;15;16;17;18;19;20;21;22;23;24;25;26;27;28;29
B,7.640000000000001,p_hist,0.00041572483445008885,0.0003353501304664781,0.0010943451641568756,30,0;1;2;3;4;5;6;7;8;9;10;11;12;13;14;15;16;17;18;19;20;21;22;23;24;25;26;27;28;29
B,7.65,p_hist,0.0003876196195438286,0.0003353501304664781,0.0008156966561156131,30,0;1;2;3;4;5;6;7;8;9;10;11;12;13;14;15;16;17;18;19;20;21;22;23;24;25;26;27;28;29
B,7.66,p_hist,0.00034726105854310176,0.0003353501304664781,0.0004336152870986241,30,0;1;2;3;4;5;6;7;8;9;10;11;12;13;14;15;16;17;18;19;20;21;22;23;24;25;26;27;28;29
B,7.67,p_hist,0.00036929221201187156,0.0003353501304664781,0.0007234210957959994,30,0;1;2;3;4;5;6;7;8;9;10;11;12;13;14;15;16;17;18;19;20;21;22;23;24;25;26;27;28;29
B,7.68,p_hist,0.00037933534712280084,0.0003353501304664781,0.0008209401632205154,30,0;1;2;3;4;5;6;7;8;9;10;11;12;13;14;15;16;17;18;19;20;21;22;23;24;25;26;27;28;29
B,7.69,p_hist,0.00037442966883405413,0.0003353501304664781,0.0008993605098071021,30,0;1;2;3;4;5;6;7;8;9;10;11;12;13;14;15;16;17;18;19;20;21;22;23;24;25;26;27;28;29
B,7.7,p_hist,0.00033545302432760215,0.0003353501304664781,0.0003361990048207529,30,0;1;2;3;4;5;6;7;8;9;10;11;12;13;14;15;16;17;18;19;20;21;22;23;24;25;26;27;28;29
B,7.71,p_hist,0.0003602422249108253,0.0003353501304664781,0.000551467599576157,30,0;1;2;3;4;5;6;7;8;9;10;11;12;13;14;15;16;17;18;19;20;21;22;23;24;25;26;27;28;29
B,7.72,p_hist,0.00037194326594285553,0.0003353501304664781,0.0007768008243757159,30,0;1;2;3;4;5;6;7;8;9;10;11;12;13;14;15;16;17;18;19;20;21;22;23;24;25;26;27;28;29
B,7.73,p_hist,0.0003393075126769132,0.0003353501304664781,0.00036799853370256833,30,0;1;2;3;4;5;6;7;8;9;10;11;12;13;14;15;16;17;18;19;20;21;22;23;24;25;26;27;28;29
B,7.74,p_hist,0.00036488970790918133,0.0003353501304664781,0.0007220764835985944,30,0;1;2;3;4;5;6;7;8;9;10;11;12;13;14;15;16;17;18;19;20;21;22;23;24;25;26;27;28;29
B,7.75,p_hist,0.0003492110618500693,0.0003353501304664781,0.0004816465651606545,30,0;1;2;3;4;5;6;7;8;9;10;11;12;13;14;15;16;17;18;19;20;21;22;23;24;25;26;27;28;29
B,7.76,p_hist,0.00035309254671667177,0.0003353501304664781,0.0005621982049957071,30,0;1;2;3;4;5;6;7;8;9;10;11;12;13;14;15;16;17;18;19;20;21;22;23;24;25;26;27;28;29
B,7.7700000000000005,p_hist,0.0003550553634843647,0.0003353501304664781,0.0005510559560490247,30,0;1;2;3;4;5;6;7;8;9;10;11;12;13;14;15;16;17;18;19;20;21;22;23;24;25;26;27;28;29
B,7.78,p_hist,0.0007086528142646206,0.0003353501304664781,0.0033837253738132067,30,0;1;2;3;4;5;6;7;8;9;10;11;12;13;14;15;16;17;18;19;20;21;22;23;24;25;26;27;28;29
B,7.79,p_hist,0.00040819281919777926,0.0003353501304664781,0.0010010433597180467,30,0;1;2;3;4;5;6;7;8;9;10;11;12;13;14;15;16;17;18;19;20;21;22;23;24;25;26;27;28;29
B,7.8,p_hist,0.00040983078634395547,0.0003353501304664781,0.0009863407674441155,30,0;1;2;3;4;5;6;7;8;9;10;11;12;13;14;15;16;17;18;19;20;21;22;23;24;25;26;27;28;29
B,7.8100000000000005,p_hist,0.0003534932979518116,0.0003353501304664781,0.0004850312622204794,30,0;1;2;3;4;5;6;7;8;9;10;11;12;13;14;15;16;17;18;19;20;21;22;23;24;25;26;27;28;29
B,7.82,p_hist,0.00033535013046647795,0.0003353501304664781,0.0003353501304664781,30,0;1;2;3;4;5;6;7;8;9;10;11;12;13;14;15;16;17;18;19;20;21;22;23;24;25;26;27;28;29
B,7.83,p_hist,0.0003577682831552958,0.0003353501304664781,0.0005237596655957839,30,0;1;2;3;4;5;6;7;8;9;10;11;12;13;14;15;16;17;18;19;20;21;22;23;24;25;26;27;28;29
B,7.84,p_hist,0.00033535013046647795,0.0003353501304664781,0.0003353501304664781,30,0;1;2;3;4;5;6;7;8;9;10;11;12;13;14;15;16;17;18;19;20;21;22;23;24;25;26;27;28;29
B,7.8500000000000005,p_hist,0.00046197650606316903,0.0003353501304664781,0.0013871413794690531,30,0;1;2;3;4;5;6;7;8;9;10;11;12;13;14;15;16;17;18;19;20;21;22;23;24;25;26;27;28;29
B,7.86,p_hist,0.00045316664189530396,0.0003353501304664781,0.0015482596027670795,30,0;1;2;3;4;5;6;7;8;9;10;11;12;13;14;15;16;17;18;19;20;21;22;23;24;25;26;27;28;29
B,7.87,p_hist,0.0003637956916198915,0.0003353501304664781,0.0005700260099821388,30,0;1;2;3;4;5;6;7;8;9;10;11;12;13;14;15;16;17;18;19;20;21;22;23;24;25;26;27;28;29
B,7.88,p_hist,0.00038616230252341946,0.0003353501304664781,0.000905028541493909,30,0;1;2;3;4;5;6;7;8;9;10;11;12;13;14;15;16;17;18;19;20;21;22;23;24;25;26;27;28;29
B,7.890000000000001,p_hist,0.00037957646723951624,0.0003353501304664781,0.0007002174088440417,30,0;1;2;3;4;5;6;7;8;9;10;11;12;13;14;15;16;17;18;19;20;21;22;23;24;25;26;27;28;29
B,7.9,p_hist,0.00033894060752869795,0.0003353501304664781,0.00036909068345973697,30,0;1;2;3;4;5;6;7;8;9;10;11;12;13;14;15;16;17;18;19;20;21;22;23;24;25;26;27;28;29
B,7.91,p_hist,0.00037013936700819,0.0003353501304664781,0.0006439343671583276,30,0;1;2;3;4;5;6;7;8;9;10;11;12;13;14;15;16;17;18;19;20;21;22;23;24;25;26;27;28;29
B,7.92,p_hist,0.00037222621398160964,0.0003353501304664781,0.0006646334246991049,30,0;1;2;3;4;5;6;7;8;9;10;11;12;13;14;15;16;17;18;19;20;21;22;23;24;25;26;27;28;29
B,7.930000000000001,p_hist,0.0006732345841712237,0.0003353501304664781,0.0035338802653070984,30,0;1;2;3;4;5;6;7;8;9;10;11;12;13;14;15;16;17;18;19;20;21;22;23;24;25;26;27;28;29
B,7.94,p_hist,0.000393894438475664,0.0003353501304664781,0.0008227813729627943,30,0;1;2;3;4;5;6;7;8;9;10;11;12;13;14;15;16;17;18;19;20;21;22;23;24;25;26;27;28;29
B,7.95,p_hist,0.000373289119424306,0.0003353501304664781,0.0007978954248226925,30,0;1;2;3;4;5;6;7;8;9;10;11;12;13;14;15;16;17;18;19;20;21;22;23;24;25;26;27;28;29
B,7.96,p_hist,0.0003446381304834894,0.0003353501304664781,0.00044644582160621835,30,0;1;2;3;4;5;6;7;8;9;10;11;12;13;14;15;16;17;18;19;20;21;22;23;24;25;26;27;28;29
B,7.97,p_hist,0.0003755066099270667,0.0003353501304664781,0.0007927792905593635,30,0;1;2;3;4;5;6;7;8;9;10;11;12;13;14;15;16;17;18;19;20;21;22;23;24;25;26;27;28;29
B,7.98,p_hist,0.00036989214488665164,0.0003353501304664781,0.0006203217494329099,30,0;1;2;3;4;5;6;7;8;9;10;11;12;13;14;15;16;17;18;19;20;21;22;23;24;25;26;27;28;29
B,7.99,p_hist,0.0004738827388446134,0.0003353501304664781,0.0017841793885821503,30,0;1;2;3;4;5;6;7;8;9;10;11;12;13;14;15;16;17;18;19;20;21;22;23;24;25;26;27;28;29
B,8.0,p_hist,0.0004152562992561844,0.0003353501304664781,0.0009972482248161493,30,0;1;2;3;4;5;6;7;8;9;10;11;12;13;14;15;16;17;18;19;20;21;22;23;24;25;26;27;28;29
B,8.01,p_hist,0.0005177619182651107,0.0003353501304664781,0.002245346415566002,30,0;1;2;3;4;5;6;7;8;9;10;11;12;13;14;15;16;17;18;19;20;21;22;23;24;25;26;27;28;29
B,8.02,p_hist,0.0004234850740524242,0.0003353501304664781,0.0013165483056794816,30,0;1;2;3;4;5;6;7;8;9;10;11;12;13;14;15;16;17;18;19;20;21;22;23;24;25;26;27;28;29
B,8.03,p_hist,0.00041157611255888754,0.0003353501304664781,0.001268210153160055,30,0;1;2;3;4;5;6;7;8;9;10;11;12;13;14;15;16;17;18;19;20;21;22;23;24;25;26;27;28;29
B,8.040000000000001,p_hist,0.0003387711457314476,0.0003353501304664781,0.00036357350640247774,30,0;1;2;3;4;5;6;7;8;9;10;11;12;13;14;15;16;17;18;19;20;21;22;23;24;25;26;27;28;29
B,8.05,p_hist,0.0003748930143496632,0.0003353501304664781,0.0006615789225027551,30,0;1;2;3;4;5;6;7;8;9;10;11;12;13;14;15;16;17;18;19;20;21;22;23;24;25;26;27;28;29
B,8.06,p_hist,0.000364974252288645,0.0003353501304664781,0.0005797491354993549,30,0;1;2;3;4;5;6;7;8;9;10;11;12;13;14;15;16;17;18;19;20;21;22;23;24;25;26;27;28;29
B,8.07,p_hist,0.00039063297612779564,0.0003353501304664781,0.0008875182542233478,30,0;1;2;3;4;5;6;7;8;9;10;11;12;13;14;15;16;17;18;19;20;21;22;23;24;25;26;27;28;29
B,8.08,p_hist,0.000336880954555357,0.0003353501304664781,0.0003479794291997301,30,0;1;2;3;4;5;6;7;8;9;10;11;12;13;14;15;16;17;18;19;20;21;22;23;24;25;26;27;28;29
B,8.09,p_hist,0.0003425135141082895,0.0003353501304664781,0.00041058572438550616,30,0;1;2;3;4;5;6;7;8;9;10;11;12;13;14;15;16;17;18;19;20;21;22;23;24;25;26;27;28;29
B,8.1,p_hist,0.0005364011761606018,0.0003353501304664781,0.0024997767909532113,30,0;1;2;3;4;5;6;7;8;9;10;11;12;13;14;15;16;17;18;19;20;21;22;23;24;25;26;27;28;29
B,8.11,p_hist,0.00038202514155680927,0.0003353501304664781,0.0007516090073524506,30,0;1;2;3;4;5;6;7;8;9;10;11;12;13;14;15;16;17;18;19;20;21;22;23;24;25;26;27;28;29
B,8.120000000000001,p_hist,0.0004002951290746522,0.0003353501304664781,0.001185610981449769,30,0;1;2;3;4;5;6;7;8;9;10;11;12;13;14;15;16;17;18;19;20;21;22;23;24;25;26;27;28;29
B,8.13,p_hist,0.00034376569597447017,0.0003353501304664781,0.0004047785459074136,30,0;1;2;3;4;5;6;7;8;9;10;11;12;13;14;15;16;17;18;19;20;21;22;23;24;25;26;27;28;29
B,8.14,p_hist,0.00035256605550994084,0.0003353501304664781,0.00047738151207504646,30,0;1;2;3;4;5;6;7;8;9;10;11;12;13;14;15;16;17;18;19;20;21;22;23;24;25;26;27;28;29
B,8.15,p_hist,0.000343582546771965,0.0003353501304664781,0.00040326756498674615,30,0;1;2;3;4;5;6;7;8;9;10;11;12;13;14;15;16;17;18;19;20;21;22;23;24;25;26;27;28;29
B,8.16,p_hist,0.00036712246194604034,0.0003353501304664781,0.0006197342865527991,30,0;1;2;3;4;5;6;7;8;9;10;11;12;13;14;15;16;17;18;19;20;21;22;23;24;25;26;27;28;29
B,8.17,p_hist,0.0003456296807307291,0.0003353501304664781,0.00045140707264560754,30,0;1;2;3;4;5;6;7;8;9;10;11;12;13;14;15;16;17;18;19;20;21;22;23;24;25;26;27;28;29
B,8.18,p_hist,0.00033535013046647795,0.0003353501304664781,0.0003353501304664781,30,0;1;2;3;4;5;6;7;8;9;10;11;12;13;14;15;16;17;18;19;20;21;22;23;24;25;26;27;28;29
B,8.19,p_hist,0.00033610586175105204,0.0003353501304664781,0.0003415849135642144,30,0;1;2;3;4;5;6;7;8;9;10;11;12;13;14;15;16;17;18;19;20;21;22;23;24;25;26;27;28;29
B,8.2,p_hist,0.0003449936383365996,0.0003353501304664781,0.0004149090703949811,30,0;1;2;3;4;5;6;7;8;9;10;11;12;13;14;15;16;17;18;19;20;21;22;23;24;25;26;27;28;29
B,8.21,p_hist,0.0003449000202674415,0.0003353501304664781,0.00041413672132442674,30,0;1;2;3;4;5;6;7;8;9;10;11;12;13;14;15;16;17;18;19;20;21;22;23;24;25;26;27;28;29
B,8.22,p_hist,0.0003396801206644927,0.0003353501304664781,0.0003933631631308379,30,0;1;2;3;4;5;6;7;8;9;10;11;12;13;14;15;16;17;18;19;20;21;22;23;24;25;26;27;28;29
B,8.23,p_hist,0.00034159184050581943,0.0003353501304664781,0.00038684423829104544,30,0;1;2;3;4;5;6;7;8;9;10;11;12;13;14;15;16;17;18;19;20;21;22;23;24;25;26;27;28;29
B,8.24,p_hist,0.0003443601655158636,0.0003353501304664781,0.00040968291962390917,30,0;1;2;3;4;5;6;7;8;9;10;11;12;13;14;15;16;17;18;19;20;21;22;23;24;25;26;27;28;29
B,8.25,p_hist,0.0003511970907233061,0.0003353501304664781,0.0004660875525853101,30,0;1;2;3;4;5;6;7;8;9;10;11;12;13;14;15;16;17;18;19;20;21;22;23;24;25;26;27;28;29
B,8.26,p_hist,0.0003755428732177277,0.0003353501304664781,0.0006669402581642872,30,0;1;2;3;4;5;6;7;8;9;10;11;12;13;14;15;16;17;18;19;20;21;22;23;24;25;26;27;28;29
B,8.27,p_hist,0.00033535013046647795,0.0003353501304664781,0.0003353501304664781,30,0;1;2;3;4;5;6;7;8;9;10;11;12;13;14;15;16;17;18;19;20;21;22;23;24;25;26;27;28;29
B,8.28,p_hist,0.0005991914918251362,0.0003353501304664781,0.0025765068285479907,30,0;1;2;3;4;5;6;7;8;9;10;11;12;13;14;15;16;17;18;19;20;21;22;23;24;25;26;27;28;29
B,8.290000000000001,p_hist,0.0003827032071809249,0.0003353501304664781,0.0007260130133606637,30,0;1;2;3;4;5;6;7;8;9;10;11;12;13;14;15;16;17;18;19;20;21;22;23;24;25;26;27;28;29
B,8.3,p_hist,0.0003370947764559769,0.0003353501304664781,0.00036023332431679825,30,0;1;2;3;4;5;6;7;8;9;10;11;12;13;14;15;16;17;18;19;20;21;22;23;24;25;26;27;28;29
B,8.31,p_hist,0.000348391143175847,0.0003353501304664781,0.00044293848531877256,30,0;1;2;3;4;5;6;7;8;9;10;11;12;13;14;15;16;17;18;19;20;21;22;23;24;25;26;27;28;29
B,8.32,p_hist,0.0003542024759923158,0.0003353501304664781,0.0005065570669746025,30,0;1;2;3;4;5;6;7;8;9;10;11;12;13;14;15;16;17;18;19;20;21;22;23;24;25;26;27;28;29
B,8.33,p_hist,0.37752728928660556,0.0003353501304664781,0.9996646498695336,30,0;1;2;3;4;5;6;7;8;9;10;11;12;13;14;15;16;17;18;19;20;21;22;23;24;25;26;27;28;29
B,8.34,p_hist,0.7249449480222866,0.0003353501304664781,0.9996646498695336,30,0;1;2;3;4;5;6;7;8;9;10;11;12;13;14;15;16;17;18;19;20;21;22;23;24;25;26;27;28;29
B,8.35,p_hist,0.9276987834691217,0.20770244663990964,0.9996646498695336,30,0;1;2;3;4;5;6;7;8;9;10;11;12;13;14;15;16;17;18;19;20;21;22;23;24;25;26;27;28;29
B,8.36,p_hist,0.998907348596349,0.9937672286885765,0.9996646498695336,30,0;1;2;3;4;5;6;7;8;9;10;11;12;13;14;15;16;17;18;19;20;21;22;23;24;25;26;27;28;29
B,8.370000000000001,p_hist,0.9992316497483096,0.9969174963935691,0.9996646498695336,30,0;1;2;3;4;5;6;7;8;9;10;11;12;13;14;15;16;17;18;19;20;21;22;23;24;25;26;27;28;29
B,8.38,p_hist,0.9995394982305981,0.9982933773362838,0.9996646498695336,30,0;1;2;3;4;5;6;7;8;9;10;11;12;13;14;15;16;17;18;19;20;21;22;23;24;25;26;27;28;29
B,8.39,p_hist,0.9990809830766847,0.9969944044740991,0.9996646498695336,30,0;1;2;3;4;5;6;7;8;9;10;11;12;13;14;15;16;17;18;19;20;21;22;23;24;25;26;27;28;29
B,8.4,p_hist,0.999399791141372,0.9974999884708947,0.9996646498695336,30,0;1;2;3;4;5;6;7;8;9;10;11;12;13;14;15;16;17;18;19;20;21;22;23;24;25;26;27;28;29
B,8.41,p_hist,0.9992902355045569,0.997812221178382,0.9996646498695336,30,0;1;2;3;4;5;6;7;8;9;10;11;12;13;14;15;16;17;18;19;20;21;22;23;24;25;26;27;28;29
B,8.42,p_hist,0.9988292657663951,0.9933880209160371,0.9996646498695336,30,0;1;2;3;4;5;6;7;8;9;10;11;12;13;14;15;16;17;18;19;20;21;22;23;24;25;26;27;28;29
B,8.43,p_hist,0.9991690843477723,0.9958030971443381,0.9996646498695336,30,0;1;2;3;4;5;6;7;8;9;10;11;12;13;14;15;16;17;18;19;20;21;22;23;24;25;26;27;28;29
B,8.44,p_hist,0.9990395196811516,0.9948440884687837,0.9996646498695336,30,0;1;2;3;4;5;6;7;8;9;10;11;12;13;14;15;16;17;18;19;20;21;22;23;24;25;26;27;28;29
B,8.45,p_hist,0.9992343756779091,0.9974623471972399,0.9996646498695336,30,0;1;2;3;4;5;6;7;8;9;10;11;12;13;14;15;16;17;18;19;20;21;22;23;24;25;26;27;28;29
B,8.46,p_hist,0.9993117421783795,0.9964227570134923,0.9996646498695336,30,0;1;2;3;4;5;6;7;8;9;10;11;12;13;14;15;16;17;18;19;20;21;22;23;24;25;26;27;28;29
B,8.47,p_hist,0.9991717033809026,0.995564195474777,0.9996646498695336,30,0;1;2;3;4;5;6;7;8;9;10;11;12;13;14;15;16;17;18;19;20;21;22;23;24;25;26;27;28;29
B,8.48,p_hist,0.9991973856695812,0.9969354363015862,0.9996646498695336,30,0;1;2;3;4;5;6;7;8;9;10;11;12;13;14;15;16;17;18;19;20;21;22;23;24;25;26;27;28;29
B,8.49,p_hist,0.9985904400922162,0.9914829224374014,0.9996646498695336,30,0;1;2;3;4;5;6;7;8;9;10;11;12;13;14;15;16;17;18;19;20;21;22;23;24;25;26;27;28;29
B,8.5,p_hist,0.9975318691896907,0.9833640542005567,0.9996646498695336,30,0;1;2;3;4;5;6;7;8;9;10;11;12;13;14;15;16;17;18;19;20;21;22;23;24;25;26;27;28;29
B,8.51,p_hist,0.9993834124034168,0.997872251317316,0.9996646498695336,30,0;1;2;3;4;5;6;7;8;9;10;11;12;13;14;15;16;17;18;19;20;21;22;23;24;25;26;27;28;29
B,8.52,p_hist,0.9991216456713088,0.9961177130992317,0.9996646498695336,30,0;1;2;3;4;5;6;7;8;9;10;11;12;13;14;15;16;17;18;19;20;21;22;23;24;25;26;27;28;29
B,8.53,p_hist,0.9990593181682368,0.9960491841735144,0.9996646498695336,30,0;1;2;3;4;5;6;7;8;9;10;11;12;13;14;15;16;17;18;19;20;21;22;23;24;25;26;27;28;29
B,8.540000000000001,p_hist,0.9987853051832736,0.9923663182323926,0.9996646498695336,30,0;1;2;3;4;5;6;7;8;9;10;11;12;13;14;15;16;17;18;19;20;21;22;23;24;25;26;27;28;29
B,8.55,p_hist,0.9992364322467259,0.9972902467849547,0.9996646498695336,30,0;1;2;3;4;5;6;7;8;9;10;11;12;13;14;15;16;17;18;19;20;21;22;23;24;25;26;27;28;29
B,8.56,p_hist,0.9988682608052049,0.9944627832705937,0.9996646498695336,30,0;1;2;3;4;5;6;7;8;9;10;11;12;13;14;15;16;17;18;19;20;21;22;23;24;25;26;27;28;29
B,8.57,p_hist,0.9992508571935588,0.9972041091626735,0.9996646498695336,30,0;1;2;3;4;5;6;7;8;9;10;11;12;13;14;15;16;17;18;19;20;21;22;23;24;25;26;27;28;29
B,8.58,p_hist,0.9993038893721036,0.9969695700788288,0.9996646498695336,30,0;1;2;3;4;5;6;7;8;9;10;11;12;13;14;15;16;17;18;19;20;21;22;23;24;25;26;27;28;29
B,8.59,p_hist,0.9988602952993074,0.9927653072631799,0.9996646498695336,30,0;1;2;3;4;5;6;7;8;9;10;11;12;13;14;15;16;17;18;19;20;21;22;23;24;25;26;27;28;29
B,8.6,p_hist,0.9969597032295092,0.9695135355438174,0.9996646498695336,30,0;1;2;3;4;5;6;7;8;9;10;11;12;13;14;15;16;17;18;19;20;21;22;23;24;25;26;27;28;29
B,8.61,p_hist,0.9899755480865124,0.8718867612274941,0.9996646498695336,30,0;1;2;3;4;5;6;7;8;9;10;11;12;13;14;15;16;17;18;19;20;21;22;23;24;25;26;27;28;29
B,8.620000000000001,p_hist,0.9986753078153231,0.9888240184466183,0.9996646498695336,30,0;1;2;3;4;5;6;7;8;9;10;11;12;13;14;15;16;17;18;19;20;21;22;23;24;25;26;27;28;29
B,8.63,p_hist,0.9992646060433024,0.9975682144273418,0.9996646498695336,30,0;1;2;3;4;5;6;7;8;9;10;11;12;13;14;15;16;17;18;19;20;21;22;23;24;25;26;27;28;29
B,8.64,p_hist,0.9987319000631729,0.9927188446803943,0.9996646498695336,30,0;1;2;3;4;5;6;7;8;9;10;11;12;13;14;15;16;17;18;19;20;21;22;23;24;25;26;27;28;29
B,8.65,p_hist,0.9982718180963198,0.9917286066208997,0.9996646498695336,30,0;1;2;3;4;5;6;7;8;9;10;11;12;13;14;15;16;17;18;19;20;21;22;23;24;25;26;27;28;29
B,8.66,p_hist,0.9980750137072627,0.9867219532149736,0.9996646498695336,30,0;1;2;3;4;5;6;7;8;9;10;11;12;13;14;15;16;17;18;19;20;21;22;23;24;25;26;27;28;29
B,8.67,p_hist,0.998150015368548,0.9834112277030677,0.9996646498695336,30,0;1;2;3;4;5;6;7;8;9;10;11;12;13;14;15;16;17;18;19;20;21;22;23;24;25;26;27;28;29
B,8.68,p_hist,0.9992334985756948,0.9964108050542063,0.9996646498695336,30,0;1;2;3;4;5;6;7;8;9;10;11;12;13;14;15;16;17;18;19;20;21;22;23;24;25;26;27;28;29
B,8.69,p_hist,0.9990916497945659,0.9961383554781634,0.9996646498695336,30,0;1;2;3;4;5;6;7;8;9;10;11;12;13;14;15;16;17;18;19;20;21;22;23;24;25;26;27;28;29
B,8.700000000000001,p_hist,0.9990140863027898,0.994599623278905,0.9996646498695336,30,0;1;2;3;4;5;6;7;8;9;10;11;12;13;14;15;16;17;18;19;20;21;22;23;24;25;26;27;28;29
B,8.71,p_hist,0.9994539028569276,0.9980941582366265,0.9996646498695336,30,0;1;2;3;4;5;6;7;8;9;10;11;12;13;14;15;16;17;18;19;20;21;22;23;24;25;26;27;28;29
B,8.72,p_hist,0.9994264776737932,0.9975130938919881,0.9996646498695336,30,0;1;2;3;4;5;6;7;8;9;10;11;12;13;14;15;16;17;18;19;20;21;22;23;24;25;26;27;28;29
B,8.73,p_hist,0.9995185116293538,0.9983308841217557,0.9996646498695336,30,0;1;2;3;4;5;6;7;8;9;10;11;12;13;14;15;16;17;18;19;20;21;22;23;24;25;26;27;28;29
B,8.74,p_hist,0.9990671432183167,0.9961037323222649,0.9996646498695336,30,0;1;2;3;4;5;6;7;8;9;10;11;12;13;14;15;16;17;18;19;20;21;22;23;24;25;26;27;28;29
B,8.75,p_hist,0.9995080102988364,0.9982880626250117,0.9996646498695336,30,0;1;2;3;4;5;6;7;8;9;10;11;12;13;14;15;16;17;18;19;20;21;22;23;24;25;26;27;28;29
B,8.76,p_hist,0.9993031711890032,0.9981603121517524,0.9996646498695336,30,0;1;2;3;4;5;6;7;8;9;10;11;12;13;14;15;16;17;18;19;20;21;22;23;24;25;26;27;28;29
B,8.77,p_hist,0.998770457557626,0.9953309134717405,0.9996646498695336,30,0;1;2;3;4;5;6;7;8;9;10;11;12;13;14;15;16;17;18;19;20;21;22;23;24;25;26;27;28;29
B,8.78,p_hist,0.9989124726199062,0.9940238837763691,0.9996646498695336,30,0;1;2;3;4;5;6;7;8;9;10;11;12;13;14;15;16;17;18;19;20;21;22;23;24;25;26;27;28;29
B,8.790000000000001,p_hist,0.998425442281114,0.9882020073062329,0.9996646498695336,30,0;1;2;3;4;5;6;7;8;9;10;11;12;13;14;15;16;17;18;19;20;21;22;23;24;25;26;27;28;29
B,8.8,p_hist,0.9992842078631771,0.9960328718665081,0.9996646498695336,30,0;1;2;3;4;5;6;7;8;9;10;11;12;13;14;15;16;17;18;19;20;21;22;23;24;25;26;27;28;29
B,8.81,p_hist,0.9995157053378897,0.9982082057701702,0.9996646498695336,30,0;1;2;3;4;5;6;7;8;9;10;11;12;13;14;15;16;17;18;19;20;21;22;23;24;25;26;27;28;29
B,8.82,p_hist,0.9994336462677517,0.9983185902117008,0.9996646498695336,30,0;1;2;3;4;5;6;7;8;9;10;11;12;13;14;15;16;17;18;19;20;21;22;23;24;25;26;27;28;29
B,8.83,p_hist,0.9992647598472,0.9966004343950796,0.9996646498695336,30,0;1;2;3;4;5;6;7;8;9;10;11;12;13;14;15;16;17;18;19;20;21;22;23;24;25;26;27;28;29
B,8.84,p_hist,0.998203187991744,0.9876764004009236,0.9996646498695336,30,0;1;2;3;4;5;6;7;8;9;10;11;12;13;14;15;16;17;18;19;20;21;22;23;24;25;26;27;28;29
B,8.85,p_hist,0.9976693837448226,0.9845197333828083,0.9996646498695336,30,0;1;2;3;4;5;6;7;8;9;10;11;12;13;14;15;16;17;18;19;20;21;22;23;24;25;26;27;28;29
B,8.86,p_hist,0.9990160439097462,0.994444186432195,0.9996646498695336,30,0;1;2;3;4;5;6;7;8;9;10;11;12;13;14;15;16;17;18;19;20;21;22;23;24;25;26;27;28;29
B,8.870000000000001,p_hist,0.9990052209636755,0.9922925904082585,0.9996646498695336,30,0;1;2;3;4;5;6;7;8;9;10;11;12;13;14;15;16;17;18;19;20;21;22;23;24;25;26;27;28;29
B,8.88,p_hist,0.9982314177915605,0.9890246530339861,0.9996646498695336,30,0;1;2;3;4;5;6;7;8;9;10;11;12;13;14;15;16;17;18;19;20;21;22;23;24;25;26;27;28;29
B,8.89,p_hist,0.9970405485337496,0.9786998733102021,0.9996646498695336,30,0;1;2;3;4;5;6;7;8;9;10;11;12;13;14;15;16;17;18;19;20;21;22;23;24;25;26;27;28;29
B,8.9,p_hist,0.9979612545682579,0.9845706633591504,0.9996646498695336,30,0;1;2;3;4;5;6;7;8;9;10;11;12;13;14;15;16;17;18;19;20;21;22;23;24;25;26;27;28;29
B,8.91,p_hist,0.9990527213559025,0.9935696964247454,0.9996646498695336,30,0;1;2;3;4;5;6;7;8;9;10;11;12;13;14;15;16;17;18;19;20;21;22;23;24;25;26;27;28;29
B,8.92,p_hist,0.9991167276869045,0.9953316613688832,0.9996646498695336,30,0;1;2;3;4;5;6;7;8;9;10;11;12;13;14;15;16;17;18;19;20;21;22;23;24;25;26;27;28;29
B,8.93,p_hist,0.9993890866072245,0.9980332327872224,0.9996646498695336,30,0;1;2;3;4;5;6;7;8;9;10;11;12;13;14;15;16;17;18;19;20;21;22;23;24;25;26;27;28;29
B,8.94,p_hist,0.9995052277941338,0.9984636967685119,0.9996646498695336,30,0;1;2;3;4;5;6;7;8;9;10;11;12;13;14;15;16;17;18;19;20;21;22;23;24;25;26;27;28;29
B,8.950000000000001,p_hist,0.9992129667011143,0.9969326955411135,0.9996646498695336,30,0;1;2;3;4;5;6;7;8;9;10;11;12;13;14;15;16;17;18;19;20;21;22;23;24;25;26;27;28;29
B,8.96,p_hist,0.997985904579561,0.9894655972184034,0.9996646498695336,30,0;1;2;3;4;5;6;7;8;9;10;11;12;13;14;15;16;17;18;19;20;21;22;23;24;25;26;27;28;29
B,8.97,p_hist,0.9971480786859682,0.9790714024823253,0.9996646498695336,30,0;1;2;3;4;5;6;7;8;9;10;11;12;13;14;15;16;17;18;19;20;21;22;23;24;25;26;27;28;29
B,8.98,p_hist,0.995644027238341,0.9670844633057744,0.9996646498695336,30,0;1;2;3;4;5;6;7;8;9;10;11;12;13;14;15;16;17;18;19;20;21;22;23;24;25;26;27;28;29
B,8.99,p_hist,0.9965528143771315,0.9750241220736127,0.9996646498695336,30,0;1;2;3;4;5;6;7;8;9;10;11;12;13;14;15;16;17;18;19;20;21;22;23;24;25;26;27;28;29
B,9.0,p_hist,0.9983905410299989,0.9927221630745968,0.9996646498695336,30,0;1;2;3;4;5;6;7;8;9;10;11;12;13;14;15;16;17;18;19;20;21;22;23;24;25;26;27;28;29
B,9.01,p_hist,0.9981117869062369,0.9788986823416262,0.9996646498695336,30,0;1;2;3;4;5;6;7;8;9;10;11;12;13;14;15;16;17;18;19;20;21;22;23;24;25;26;27;28;29
B,9.02,p_hist,0.9988929830072221,0.9950271168864472,0.9996646498695336,30,0;1;2;3;4;5;6;7;8;9;10;11;12;13;14;15;16;17;18;19;20;21;22;23;24;25;26;27;28;29
B,9.03,p_hist,0.9987399943345275,0.9942508645943566,0.9996646498695336,30,0;1;2;3;4;5;6;7;8;9;10;11;12;13;14;15;16;17;18;19;20;21;22;23;24;25;26;27;28;29
B,9.040000000000001,p_hist,0.999087105500592,0.9928336238631558,0.9996646498695336,30,0;1;2;3;4;5;6;7;8;9;10;11;12;13;14;15;16;17;18;19;20;21;22;23;24;25;26;27;28;29
B,9.05,p_hist,0.9987346974963535,0.9933640395459495,0.9996646498695336,30,0;1;2;3;4;5;6;7;8;9;10;11;12;13;14;15;16;17;18;19;20;21;22;23;24;25;26;27;28;29
B,9.06,p_hist,0.9985893650539236,0.9937781830986898,0.9996646498695336,30,0;1;2;3;4;5;6;7;8;9;10;11;12;13;14;15;16;17;18;19;20;21;22;23;24;25;26;27;28;29
B,9.07,p_hist,0.9974637281421083,0.9827999074083095,0.9996646498695336,30,0;1;2;3;4;5;6;7;8;9;10;11;12;13;14;15;16;17;18;19;20;21;22;23;24;25;26;27;28;29
B,9.08,p_hist,0.9988315555886913,0.9955774824751631,0.9996646498695336,30,0;1;2;3;4;5;6;7;8;9;10;11;12;13;14;15;16;17;18;19;20;21;22;23;24;25;26;27;28;29
B,9.09,p_hist,0.9986065222377191,0.992129008861257,0.9996646498695336,30,0;1;2;3;4;5;6;7;8;9;10;11;12;13;14;15;16;17;18;19;20;21;22;23;24;25;26;27;28;29
B,9.1,p_hist,0.9978412429072672,0.9851745358388578,0.9996646498695336,30,0;1;2;3;4;5;6;7;8;9;10;11;12;13;14;15;16;17;18;19;20;21;22;23;24;25;26;27;28;29
B,9.11,p_hist,0.9967315032277446,0.9703005472711176,0.9996646498695336,30,0;1;2;3;4;5;6;7;8;9;10;11;12;13;14;15;16;17;18;19;20;21;22;23;24;25;26;27;28;29
B,9.120000000000001,p_hist,0.9949965163221844,0.9557580641370829,0.9996646498695336,30,0;1;2;3;4;5;6;7;8;9;10;11;12;13;14;15;16;17;18;19;20;21;22;23;24;25;26;27;28;29
B,9.13,p_hist,0.9993420762222601,0.9975407107141971,0.9996646498695336,30,0;1;2;3;4;5;6;7;8;9;10;11;12;13;14;15;16;17;18;19;20;21;22;23;24;25;26;27;28;29
B,9.14,p_hist,0.9987410613696767,0.9953193328914971,0.9996646498695336,30,0;1;2;3;4;5;6;7;8;9;10;11;12;13;14;15;16;17;18;19;20;21;22;23;24;25;26;27;28;29
B,9.15,p_hist,0.9991626600641376,0.9963467195523664,0.9996646498695336,30,0;1;2;3;4;5;6;7;8;9;10;11;12;13;14;15;16;17;18;19;20;21;22;23;24;25;26;27;28;29
B,9.16,p_hist,0.9981211224465926,0.9836836357971216,0.9996646498695336,30,0;1;2;3;4;5;6;7;8;9;10;11;12;13;14;15;16;17;18;19;20;21;22;23;24;25;26;27;28;29
B,9.17,p_hist,0.9989757017117483,0.9953075341739297,0.9996646498695336,30,0;1;2;3;4;5;6;7;8;9;10;11;12;13;14;15;16;17;18;19;20;21;22;23;24;25;26;27;28;29
B,9.18,p_hist,0.9984308756988047,0.9924204753730775,0.9996646498695336,30,0;1;2;3;4;5;6;7;8;9;10;11;12;13;14;15;16;17;18;19;20;21;22;23;24;25;26;27;28;29
B,9.19,p_hist,0.9985993958612754,0.9910872614388492,0.9996646498695336,30,0;1;2;3;4;5;6;7;8;9;10;11;12;13;14;15;16;17;18;19;20;21;22;23;24;25;26;27;28;29
B,9.200000000000001,p_hist,0.9979940882131675,0.9889474686756263,0.9996646498695336,30,0;1;2;3;4;5;6;7;8;9;10;11;12;13;14;15;16;17;18;19;20;21;22;23;24;25;26;27;28;29
B,9.21,p_hist,0.9941420495083733,0.9538777010509931,0.9996646498695336,30,0;1;2;3;4;5;6;7;8;9;10;11;12;13;14;15;16;17;18;19;20;21;22;23;24;25;26;27;28;29
B,9.22,p_hist,0.9896220823256515,0.9160107828850594,0.9996646498695336,30,0;1;2;3;4;5;6;7;8;9;10;11;12;13;14;15;16;17;18;19;20;21;22;23;24;25;26;27;28;29
B,9.23,p_hist,0.9918821227838676,0.9339491762248769,0.9996646498695336,30,0;1;2;3;4;5;6;7;8;9;10;11;12;13;14;15;16;17;18;19;20;21;22;23;24;25;26;27;28;29
B,9.24,p_hist,0.9977409952194146,0.9814635937542227,0.9996646498695336,30,0;1;2;3;4;5;6;7;8;9;10;11;12;13;14;15;16;17;18;19;20;21;22;23;24;25;26;27;28;29
B,9.25,p_hist,0.994427910966946,0.9605185319922293,0.9996646498695336,30,0;1;2;3;4;5;6;7;8;9;10;11;12;13;14;15;16;17;18;19;20;21;22;23;24;25;26;27;28;29
B,9.26,p_hist,0.9984939097904949,0.9919578459513536,0.9996646498695336,30,0;1;2;3;4;5;6;7;8;9;10;11;12;13;14;15;16;17;18;19;20;21;22;23;24;25;26;27;28;29
B,9.27,p_hist,0.9973213060732433,0.9787388285871169,0.9996646498695336,30,0;1;2;3;4;5;6;7;8;9;10;11;12;13;14;15;16;17;18;19;20;21;22;23;24;25;26;27;28;29
B,9.28,p_hist,0.9977897219247696,0.9829196843972271,0.9996646498695336,30,0;1;2;3;4;5;6;7;8;9;10;11;12;13;14;15;16;17;18;19;20;21;22;23;24;25;26;27;28;29
B,9.290000000000001,p_hist,0.9955433463312711,0.9607449239630892,0.9996646498695336,30,0;1;2;3;4;5;6;7;8;9;10;11;12;13;14;15;16;17;18;19;20;21;22;23;24;25;26;27;28;29
B,9.3,p_hist,0.9982378076198875,0.9867821830474157,0.9996646498695336,30,0;1;2;3;4;5;6;7;8;9;10;11;12;13;14;15;16;17;18;19;20;21;22;23;24;25;26;27;28;29
B,9.31,p_hist,0.9989228271099251,0.99194530043321,0.9996646498695336,30,0;1;2;3;4;5;6;7;8;9;10;11;12;13;14;15;16;17;18;19;20;21;22;23;24;25;26;27;28;29
B,9.32,p_hist,0.9991553198301548,0.9962361242701957,0.9996646498695336,30,0;1;2;3;4;5;6;7;8;9;10;11;12;13;14;15;16;17;18;19;20;21;22;23;24;25;26;27;28;29
B,9.33,p_hist,0.9976075357563678,0.9859572677926708,0.9996646498695336,30,0;1;2;3;4;5;6;7;8;9;10;11;12;13;14;15;16;17;18;19;20;21;22;23;24;25;26;27;28;29
B,9.34,p_hist,0.9989275946304278,0.9910029835910119,0.9996646498695336,30,0;1;2;3;4;5;6;7;8;9;10;11;12;13;14;15;16;17;18;19;20;21;22;23;24;25;26;27;28;29
B,9.35,p_hist,0.9993562148430798,0.9976734550691625,0.9996646498695336,30,0;1;2;3;4;5;6;7;8;9;10;11;12;13;14;15;16;17;18;19;20;21;22;23;24;25;26;27;28;29
B,9.36,p_hist,0.9990646739920706,0.9960048110162546,0.9996646498695336,30,0;1;2;3;4;5;6;7;8;9;10;11;12;13;14;15;16;17;18;19;20;21;22;23;24;25;26;27;28;29
B,9.370000000000001,p_hist,0.9990167280573645,0.9942345424336428,0.9996646498695336,30,0;1;2;3;4;5;6;7;8;9;10;11;12;13;14;15;16;17;18;19;20;21;22;23;24;25;26;27;28;29
B,9.38,p_hist,0.9988387344846237,0.9960330526756805,0.9996646498695336,30,0;1;2;3;4;5;6;7;8;9;10;11;12;13;14;15;16;17;18;19;20;21;22;23;24;25;26;27;28;29
B,9.39,p_hist,0.9988451365214266,0.9931853882297771,0.9996646498695336,30,0;1;2;3;4;5;6;7;8;9;10;11;12;13;14;15;16;17;18;19;20;21;22;23;24;25;26;27;28;29
B,9.4,p_hist,0.9986189583639676,0.9939531381485864,0.9996646498695336,30,0;1;2;3;4;5;6;7;8;9;10;11;12;13;14;15;16;17;18;19;20;21;22;23;24;25;26;27;28;29
B,9.41,p_hist,0.9981266920964855,0.9875860399752392,0.9996646498695336,30,0;1;2;3;4;5;6;7;8;9;10;11;12;13;14;15;16;17;18;19;20;21;22;23;24;25;26;27;28;29
B,9.42,p_hist,0.9986357593335016,0.9922771078821847,0.9996646498695336,30,0;1;2;3;4;5;6;7;8;9;10;11;12;13;14;15;16;17;18;19;20;21;22;23;24;25;26;27;28;29
B,9.43,p_hist,0.9978512858500739,0.9798786627703385,0.9996646498695336,30,0;1;2;3;4;5;6;7;8;9;10;11;12;13;14;15;16;17;18;19;20;21;22;23;24;25;26;27;28;29
B,9.44,p_hist,0.9938928788004093,0.954123124098385,0.9996646498695336,30,0;1;2;3;4;5;6;7;8;9;10;11;12;13;14;15;16;17;18;19;20;21;22;23;24;25;26;27;28;29
B,9.450000000000001,p_hist,0.9908114837544161,0.9295474531682246,0.9996646498695336,30,0;1;2;3;4;5;6;7;8;9;10;11;12;13;14;15;16;17;18;19;20;21;22;23;24;25;26;27;28;29
B,9.46,p_hist,0.9988299325079004,0.9926760728917083,0.9996646498695336,30,0;1;2;3;4;5;6;7;8;9;10;11;12;13;14;15;16;17;18;19;20;21;22;23;24;25;26;27;28;29
B,9.47,p_hist,0.9988382314572001,0.9955762429723839,0.9996646498695336,30,0;1;2;3;4;5;6;7;8;9;10;11;12;13;14;15;16;17;18;19;20;21;22;23;24;25;26;27;28;29
B,9.48,p_hist,0.999259319044158,0.997256107414654,0.9996646498695336,30,0;1;2;3;4;5;6;7;8;9;10;11;12;13;14;15;16;17;18;19;20;21;22;23;24;25;26;27;28;29
B,9.49,p_hist,0.9991371318219251,0.9939729687579794,0.9996646498695336,30,0;1;2;3;4;5;6;7;8;9;10;11;12;13;14;15;16;17;18;19;20;21;22;23;24;25;26;27;28;29
B,9.5,p_hist,0.9982681332279021,0.9885689753179367,0.9996646498695336,30,0;1;2;3;4;5;6;7;8;9;10;11;12;13;14;15;16;17;18;19;20;21;22;23;24;25;26;27;28;29
B,9.51,p_hist,0.9986530721407895,0.9925749956398807,0.9996646498695336,30,0;1;2;3;4;5;6;7;8;9;10;11;12;13;14;15;16;17;18;19;20;21;22;23;24;25;26;27;28;29
B,9.52,p_hist,0.9981153402228123,0.9882738717116898,0.9996646498695336,30,0;1;2;3;4;5;6;7;8;9;10;11;12;13;14;15;16;17;18;19;20;21;22;23;24;25;26;27;28;29
B,9.53,p_hist,0.9970818625085655,0.9765002563727043,0.9996646498695336,30,0;1;2;3;4;5;6;7;8;9;10;11;12;13;14;15;16;17;18;19;20;21;22;23;24;25;26;27;28;29
B,9.540000000000001,p_hist,0.9992335744130868,0.9959044682946743,0.9996646498695336,30,0;1;2;3;4;5;6;7;8;9;10;11;12;13;14;15;16;17;18;19;20;21;22;23;24;25;26;27;28;29
B,9.55,p_hist,0.9993214431073117,0.996702947876796,0.9996646498695336,30,0;1;2;3;4;5;6;7;8;9;10;11;12;13;14;15;16;17;18;19;20;21;22;23;24;25;26;27;28;29
B,9.56,p_hist,0.9983581986558993,0.988333792424483,0.9996646498695336,30,0;1;2;3;4;5;6;7;8;9;10;11;12;13;14;15;16;17;18;19;20;21;22;23;24;25;26;27;28;29
B,9.57,p_hist,0.9991935190707111,0.9974015159247348,0.9996646498695336,30,0;1;2;3;4;5;6;7;8;9;10;11;12;13;14;15;16;17;18;19;20;21;22;23;24;25;26;27;28;29
B,9.58,p_hist,0.9987513772635798,0.9939945024067396,0.9996646498695336,30,0;1;2;3;4;5;6;7;8;9;10;11;12;13;14;15;16;17;18;19;20;21;22;23;24;25;26;27;28;29
B,9.59,p_hist,0.9984631945763559,0.9881344957044187,0.9996646498695336,30,0;1;2;3;4;5;6;7;8;9;10;11;12;13;14;15;16;17;18;19;20;21;22;23;24;25;26;27;28;29
B,9.6,p_hist,0.9987217624296476,0.9950287839790174,0.9996646498695336,30,0;1;2;3;4;5;6;7;8;9;10;11;12;13;14;15;16;17;18;19;20;21;22;23;24;25;26;27;28;29
B,9.61,p_hist,0.9977377430805596,0.986444953489199,0.9996646498695336,30,0;1;2;3;4;5;6;7;8;9;10;11;12;13;14;15;16;17;18;19;20;21;22;23;24;25;26;27;28;29
B,9.620000000000001,p_hist,0.9949183082075508,0.9535473696902359,0.9996646498695336,30,0;1;2;3;4;5;6;7;8;9;10;11;12;13;14;15;16;17;18;19;20;21;22;23;24;25;26;27;28;29
B,9.63,p_hist,0.9974834292407785,0.9815801636291407,0.9996646498695336,30,0;1;2;3;4;5;6;7;8;9;10;11;12;13;14;15;16;17;18;19;20;21;22;23;24;25;26;27;28;29
B,9.64,p_hist,0.9975471662484949,0.9830760616065151,0.9996646498695336,30,0;1;2;3;4;5;6;7;8;9;10;11;12;13;14;15;16;17;18;19;20;21;22;23;24;25;26;27;28;29
B,9.65,p_hist,0.9967491198079106,0.9767165908491122,0.9996646498695336,30,0;1;2;3;4;5;6;7;8;9;10;11;12;13;14;15;16;17;18;19;20;21;22;23;24;25;26;27;28;29
B,9.66,p_hist,0.9988522551071363,0.9936956917962368,0.9996646498695336,30,0;1;2;3;4;5;6;7;8;9;10;11;12;13;14;15;16;17;18;19;20;21;22;23;24;25;26;27;28;29
B,9.67,p_hist,0.9976505007614366,0.9791561698031027,0.9996646498695336,30,0;1;2;3;4;5;6;7;8;9;10;11;12;13;14;15;16;17;18;19;20;21;22;23;24;25;26;27;28;29
B,9.68,p_hist,0.9988944762256021,0.9933801887099055,0.9996646498695336,30,0;1;2;3;4;5;6;7;8;9;10;11;12;13;14;15;16;17;18;19;20;21;22;23;24;25;26;27;28;29
B,9.69,p_hist,0.9985784811185672,0.9925430691189777,0.9996646498695336,30,0;1;2;3;4;5;6;7;8;9;10;11;12;13;14;15;16;17;18;19;20;21;22;23;24;25;26;27;28;29
B,9.700000000000001,p_hist,0.998775565501646,0.990850190873322,0.9996646498695336,30,0;1;2;3;4;5;6;7;8;9;10;11;12;13;14;15;16;17;18;19;20;21;22;23;24;25;26;27;28;29
B,9.71,p_hist,0.997561032099746,0.9814516284564629,0.9996646498695336,30,0;1;2;3;4;5;6;7;8;9;10;11;12;13;14;15;16;17;18;19;20;21;22;23;24;25;26;27;28;29
B,9.72,p_hist,0.9990790259876257,0.9957698875744339,0.9996646498695336,30,0;1;2;3;4;5;6;7;8;9;10;11;12;13;14;15;16;17;18;19;20;21;22;23;24;25;26;27;28;29
B,9.73,p_hist,0.9987643374557466,0.9932387622799451,0.9996646498695336,30,0;1;2;3;4;5;6;7;8;9;10;11;12;13;14;15;16;17;18;19;20;21;22;23;24;25;26;27;28;29
B,9.74,p_hist,0.9982849951600179,0.9871625289409562,0.9996646498695336,30,0;1;2;3;4;5;6;7;8;9;10;11;12;13;14;15;16;17;18;19;20;21;22;23;24;25;26;27;28;29
B,9.75,p_hist,0.9989015247788758,0.9926330709597219,0.9996646498695336,30,0;1;2;3;4;5;6;7;8;9;10;11;12;13;14;15;16;17;18;19;20;21;22;23;24;25;26;27;28;29
B,9.76,p_hist,0.9985901476679078,0.9907407343050175,0.9996646498695336,30,0;1;2;3;4;5;6;7;8;9;10;11;12;13;14;15;16;17;18;19;20;21;22;23;24;25;26;27;28;29
B,9.77,p_hist,0.9992339586184082,0.9980584925409678,0.9996646498695336,30,0;1;2;3;4;5;6;7;8;9;10;11;12;13;14;15;16;17;18;19;20;21;22;23;24;25;26;27;28;29
B,9.78,p_hist,0.9986533476432301,0.994540909259514,0.9996646498695336,30,0;1;2;3;4;5;6;7;8;9;10;11;12;13;14;15;16;17;18;19;20;21;22;23;24;25;26;27;28;29
B,9.790000000000001,p_hist,0.9985641133842152,0.9882246186225361,0.9996646498695336,30,0;1;2;3;4;5;6;7;8;9;10;11;12;13;14;15;16;17;18;19;20;21;22;23;24;25;26;27;28;29
B,9.8,p_hist,0.999037376143709,0.9945403054179218,0.9996646498695336,30,0;1;2;3;4;5;6;7;8;9;10;11;12;13;14;15;16;17;18;19;20;21;22;23;24;25;26;27;28;29
B,9.81,p_hist,0.9977228676659904,0.980886973117093,0.9996646498695336,30,0;1;2;3;4;5;6;7;8;9;10;11;12;13;14;15;16;17;18;19;20;21;22;23;24;25;26;27;28;29
B,9.82,p_hist,0.9951003907135207,0.9598636077162166,0.9996646498695336,30,0;1;2;3;4;5;6;7;8;9;10;11;12;13;14;15;16;17;18;19;20;21;22;23;24;25;26;27;28;29
B,9.83,p_hist,0.9988983935320666,0.9948643884354831,0.9996646498695336,30,0;1;2;3;4;5;6;7;8;9;10;11;12;13;14;15;16;17;18;19;20;21;22;23;24;25;26;27;28;29
B,9.84,p_hist,0.9991113551312645,0.9962968435115616,0.9996646498695336,30,0;1;2;3;4;5;6;7;8;9;10;11;12;13;14;15;16;17;18;19;20;21;22;23;24;25;26;27;28;29
B,9.85,p_hist,0.9993870567486369,0.9975421018754135,0.9996646498695336,30,0;1;2;3;4;5;6;7;8;9;10;11;12;13;14;15;16;17;18;19;20;21;22;23;24;25;26;27;28;29
B,9.86,p_hist,0.9991602542421589,0.995960245876707,0.9996646498695336,30,0;1;2;3;4;5;6;7;8;9;10;11;12;13;14;15;16;17;18;19;20;21;22;23;24;25;26;27;28;29
B,9.870000000000001,p_hist,0.9987317153366178,0.9934704376092093,0.9996646498695336,30,0;1;2;3;4;5;6;7;8;9;10;11;12;13;14;15;16;17;18;19;20;21;22;23;24;25;26;27;28;29
B,9.88,p_hist,0.998734502022776,0.9927714798144797,0.9996646498695336,30,0;1;2;3;4;5;6;7;8;9;10;11;12;13;14;15;16;17;18;19;20;21;22;23;24;25;26;27;28;29
B,9.89,p_hist,0.998210327101445,0.9876998503562188,0.9996646498695336,30,0;1;2;3;4;5;6;7;8;9;10;11;12;13;14;15;16;17;18;19;20;21;22;23;24;25;26;27;28;29
B,9.9,p_hist,0.9989979810787339,0.9943236670494456,0.9996646498695336,30,0;1;2;3;4;5;6;7;8;9;10;11;12;13;14;15;16;17;18;19;20;21;22;23;24;25;26;27;28;29
B,9.91,p_hist,0.998114609784393,0.9851558126260638,0.9996646498695336,30,0;1;2;3;4;5;6;7;8;9;10;11;12;13;14;15;16;17;18;19;20;21;22;23;24;25;26;27;28;29
B,9.92,p_hist,0.9972197740000881,0.9780612245338243,0.9996646498695336,30,0;1;2;3;4;5;6;7;8;9;10;11;12;13;14;15;16;17;18;19;20;21;22;23;24;25;26;27;28;29
B,9.93,p_hist,0.9983990368038026,0.9902247283367165,0.9996646498695336,30,0;1;2;3;4;5;6;7;8;9;10;11;12;13;14;15;16;17;18;19;20;21;22;23;24;25;26;27;28;29
B,9.94,p_hist,0.998979865604783,0.9943082188527722,0.9996646498695336,30,0;1;2;3;4;5;6;7;8;9;10;11;12;13;14;15;16;17;18;19;20;21;22;23;24;25;26;27;28;29
B,9.950000000000001,p_hist,0.9984125229753947,0.9893209082230311,0.9996646498695336,30,0;1;2;3;4;5;6;7;8;9;10;11;12;13;14;15;16;17;18;19;20;21;22;23;24;25;26;27;28;29
B,9.96,p_hist,0.998065327677475,0.9857190969202697,0.9996646498695336,30,0;1;2;3;4;5;6;7;8;9;10;11;12;13;14;15;16;17;18;19;20;21;22;23;24;25;26;27;28;29
B,9.97,p_hist,0.9990698052883321,0.9966755761417226,0.9996646498695336,30,0;1;2;3;4;5;6;7;8;9;10;11;12;13;14;15;16;17;18;19;20;21;22;23;24;25;26;27;28;29
B,9.98,p_hist,0.9986279120710628,0.9924772276910643,0.9996646498695336,30,0;1;2;3;4;5;6;7;8;9;10;11;12;13;14;15;16;17;18;19;20;21;22;23;24;25;26;27;28;29
B,9.99,p_hist,0.999164150284351,0.9963216336359358,0.9996646498695336,30,0;1;2;3;4;5;6;7;8;9;10;11;12;13;14;15;16;17;18;19;20;21;22;23;24;25;26;27;28;29
B,10.0,p_hist,0.9987016344859863,0.9909316334969012,0.9996646498695336,30,0;1;2;3;4;5;6;7;8;9;10;11;12;13;14;15;16;17;18;19;20;21;22;23;24;25;26;27;28;29
B,10.01,p_hist,0.9974863428740838,0.9823773219193052,0.9996646498695336,30,0;1;2;3;4;5;6;7;8;9;10;11;12;13;14;15;16;17;18;19;20;21;22;23;24;25;26;27;28;29
B,10.02,p_hist,0.9990146918173275,0.9943292202156353,0.9996646498695336,30,0;1;2;3;4;5;6;7;8;9;10;11;12;13;14;15;16;17;18;19;20;21;22;23;24;25;26;27;28;29
B,10.03,p_hist,0.9988150738022373,0.9920873440507206,0.9996646498695336,30,0;1;2;3;4;5;6;7;8;9;10;11;12;13;14;15;16;17;18;19;20;21;22;23;24;25;26;27;28;29
B,10.040000000000001,p_hist,0.9984174116616626,0.9834779599224318,0.9996646498695336,30,0;1;2;3;4;5;6;7;8;9;10;11;12;13;14;15;16;17;18;19;20;21;22;23;24;25;26;27;28;29
B,10.05,p_hist,0.9991427737667525,0.9956558886144051,0.9996646498695336,30,0;1;2;3;4;5;6;7;8;9;10;11;12;13;14;15;16;17;18;19;20;21;22;23;24;25;26;27;28;29
B,10.06,p_hist,0.9990761050645374,0.9958621592360558,0.9996646498695336,30,0;1;2;3;4;5;6;7;8;9;10;11;12;13;14;15;16;17;18;19;20;21;22;23;24;25;26;27;28;29
B,10.07,p_hist,0.9978804453660682,0.9880728817825097,0.9996646498695336,30,0;1;2;3;4;5;6;7;8;9;10;11;12;13;14;15;16;17;18;19;20;21;22;23;24;25;26;27;28;29
B,10.08,p_hist,0.9981993632903791,0.9844795392348707,0.9996646498695336,30,0;1;2;3;4;5;6;7;8;9;10;11;12;13;14;15;16;17;18;19;20;21;22;23;24;25;26;27;28;29
B,10.09,p_hist,0.9970999672402839,0.9770484476676132,0.9996646498695336,30,0;1;2;3;4;5;6;7;8;9;10;11;12;13;14;15;16;17;18;19;20;21;22;23;24;25;26;27;28;29
B,10.1,p_hist,0.9983112256279124,0.9874780278749732,0.9996646498695336,30,0;1;2;3;4;5;6;7;8;9;10;11;12;13;14;15;16;17;18;19;20;21;22;23;24;25;26;27;28;29
B,10.11,p_hist,0.9990836734575089,0.9960355389270987,0.9996646498695336,30,0;1;2;3;4;5;6;7;8;9;10;11;12;13;14;15;16;17;18;19;20;21;22;23;24;25;26;27;28;29
B,10.120000000000001,p_hist,0.9986842872777283,0.9921632829822487,0.9996646498695336,30,0;1;2;3;4;5;6;7;8;9;10;11;12;13;14;15;16;17;18;19;20;21;22;23;24;25;26;27;28;29
B,10.13,p_hist,0.9983222089880318,0.9886866872840193,0.9996646498695336,30,0;1;2;3;4;5;6;7;8;9;10;11;12;13;14;15;16;17;18;19;20;21;22;23;24;25;26;27;28;29
B,10.14,p_hist,0.9994393402757084,0.9982918988482083,0.9996646498695336,30,0;1;2;3;4;5;6;7;8;9;10;11;12;13;14;15;16;17;18;19;20;21;22;23;24;25;26;27;28;29
B,10.15,p_hist,0.9993543878497202,0.9975534590181763,0.9996646498695336,30,0;1;2;3;4;5;6;7;8;9;10;11;12;13;14;15;16;17;18;19;20;21;22;23;24;25;26;27;28;29
B,10.16,p_hist,0.9987028151583046,0.991540489908221,0.9996646498695336,30,0;1;2;3;4;5;6;7;8;9;10;11;12;13;14;15;16;17;18;19;20;21;22;23;24;25;26;27;28;29
B,10.17,p_hist,0.9979918121580376,0.9860156044305236,0.9996646498695336,30,0;1;2;3;4;5;6;7;8;9;10;11;12;13;14;15;16;17;18;19;20;21;22;23;24;25;26;27;28;29
B,10.18,p_hist,0.9964747581287952,0.9748245221514724,0.9996646498695336,30,0;1;2;3;4;5;6;7;8;9;10;11;12;13;14;15;16;17;18;19;20;21;22;23;24;25;26;27;28;29
B,10.19,p_hist,0.998916237115264,0.9928438465998872,0.9996646498695336,30,0;1;2;3;4;5;6;7;8;9;10;11;12;13;14;15;16;17;18;19;20;21;22;23;24;25;26;27;28;29
B,10.200000000000001,p_hist,0.9981292427461999,0.9864501337528129,0.9996646498695336,30,0;1;2;3;4;5;6;7;8;9;10;11;12;13;14;15;16;17;18;19;20;21;22;23;24;25;26;27;28;29
B,10.21,p_hist,0.9992646290696503,0.9969470162288345,0.9996646498695336,30,0;1;2;3;4;5;6;7;8;9;10;11;12;13;14;15;16;17;18;19;20;21;22;23;24;25;26;27;28;29
B,10.22,p_hist,0.9986907481238597,0.992647799973781,0.9996646498695336,30,0;1;2;3;4;5;6;7;8;9;10;11;12;13;14;15;16;17;18;19;20;21;22;23;24;25;26;27;28;29
B,10.23,p_hist,0.9990264515666553,0.9950992462490759,0.9996646498695336,30,0;1;2;3;4;5;6;7;8;9;10;11;12;13;14;15;16;17;18;19;20;21;22;23;24;25;26;27;28;29
B,10.24,p_hist,0.9989820879956552,0.9941932618627368,0.9996646498695336,30,0;1;2;3;4;5;6;7;8;9;10;11;12;13;14;15;16;17;18;19;20;21;22;23;24;25;26;27;28;29
B,10.25,p_hist,0.9993838967706711,0.9979299258424721,0.9996646498695336,30,0;1;2;3;4;5;6;7;8;9;10;11;12;13;14;15;16;17;18;19;20;21;22;23;24;25;26;27;28;29
B,10.26,p_hist,0.9994295990782048,0.9984672597230327,0.9996646498695336,30,0;1;2;3;4;5;6;7;8;9;10;11;12;13;14;15;16;17;18;19;20;21;22;23;24;25;26;27;28;29
B,10.27,p_hist,0.9993748951940765,0.9983646242055417,0.9996646498695336,30,0;1;2;3;4;5;6;7;8;9;10;11;12;13;14;15;16;17;18;19;20;21;22;23;24;25;26;27;28;29
B,10.28,p_hist,0.9991955031234708,0.9976834723921036,0.9996646498695336,30,0;1;2;3;4;5;6;7;8;9;10;11;12;13;14;15;16;17;18;19;20;21;22;23;24;25;26;27;28;29
B,10.290000000000001,p_hist,0.9990164939828919,0.9945202400626678,0.9996646498695336,30,0;1;2;3;4;5;6;7;8;9;10;11;12;13;14;15;16;17;18;19;20;21;22;23;24;25;26;27;28;29
B,10.3,p_hist,0.9987571343761643,0.9920703299367791,0.9996646498695336,30,0;1;2;3;4;5;6;7;8;9;10;11;12;13;14;15;16;17;18;19;20;21;22;23;24;25;26;27;28;29
B,10.31,p_hist,0.9970079113911489,0.9763335453900774,0.9996646498695336,30,0;1;2;3;4;5;6;7;8;9;10;11;12;13;14;15;16;17;18;19;20;21;22;23;24;25;26;27;28;29
B,10.32,p_hist,0.9910024672494472,0.9293928634320127,0.9996646498695336,30,0;1;2;3;4;5;6;7;8;9;10;11;12;13;14;15;16;17;18;19;20;21;22;23;24;25;26;27;28;29
B,10.33,p_hist,0.9955302135771906,0.9578990134355715,0.9996646498695336,30,0;1;2;3;4;5;6;7;8;9;10;11;12;13;14;15;16;17;18;19;20;21;22;23;24;25;26;27;28;29
B,10.34,p_hist,0.9978003544375376,0.9825962829004558,0.9996646498695336,30,0;1;2;3;4;5;6;7;8;9;10;11;12;13;14;15;16;17;18;19;20;21;22;23;24;25;26;27;28;29
B,10.35,p_hist,0.9991755366876977,0.9944591728157302,0.9996646498695336,30,0;1;2;3;4;5;6;7;8;9;10;11;12;13;14;15;16;17;18;19;20;21;22;23;24;25;26;27;28;29
B,10.36,p_hist,0.9990003968412817,0.9938424340480998,0.9996646498695336,30,0;1;2;3;4;5;6;7;8;9;10;11;12;13;14;15;16;17;18;19;20;21;22;23;24;25;26;27;28;29
B,10.370000000000001,p_hist,0.999147516216414,0.9974795818840589,0.9996646498695336,30,0;1;2;3;4;5;6;7;8;9;10;11;12;13;14;15;16;17;18;19;20;21;22;23;24;25;26;27;28;29
B,10.38,p_hist,0.999294980324184,0.9962459367145394,0.9996646498695336,30,0;1;2;3;4;5;6;7;8;9;10;11;12;13;14;15;16;17;18;19;20;21;22;23;24;25;26;27;28;29
B,10.39,p_hist,0.9992220272035957,0.997763793514413,0.9996646498695336,30,0;1;2;3;4;5;6;7;8;9;10;11;12;13;14;15;16;17;18;19;20;21;22;23;24;25;26;27;28;29
B,10.4,p_hist,0.9987604978773459,0.9944402417504442,0.9996646498695336,30,0;1;2;3;4;5;6;7;8;9;10;11;12;13;14;15;16;17;18;19;20;21;22;23;24;25;26;27;28;29
B,10.41,p_hist,0.9986281174026542,0.9907150927205568,0.9996646498695336,30,0;1;2;3;4;5;6;7;8;9;10;11;12;13;14;15;16;17;18;19;20;21;22;23;24;25;26;27;28;29
B,10.42,p_hist,0.9975588318824401,0.9767740573167274,0.9996646498695336,30,0;1;2;3;4;5;6;7;8;9;10;11;12;13;14;15;16;17;18;19;20;21;22;23;24;25;26;27;28;29
B,10.43,p_hist,0.9994648006344098,0.9983229600417441,0.9996646498695336,30,0;1;2;3;4;5;6;7;8;9;10;11;12;13;14;15;16;17;18;19;20;21;22;23;24;25;26;27;28;29
B,10.44,p_hist,0.9989799290483315,0.9928433304142786,0.9996646498695336,30,0;1;2;3;4;5;6;7;8;9;10;11;12;13;14;15;16;17;18;19;20;21;22;23;24;25;26;27;28;29
B,10.450000000000001,p_hist,0.9993877706154699,0.9978949826915756,0.9996646498695336,30,0;1;2;3;4;5;6;7;8;9;10;11;12;13;14;15;16;17;18;19;20;21;22;23;24;25;26;27;28;29
B,10.46,p_hist,0.9989158630568135,0.9938869370683575,0.9996646498695336,30,0;1;2;3;4;5;6;7;8;9;10;11;12;13;14;15;16;17;18;19;20;21;22;23;24;25;26;27;28;29
B,10.47,p_hist,0.9976173469663354,0.9837751759693866,0.9996646498695336,30,0;1;2;3;4;5;6;7;8;9;10;11;12;13;14;15;16;17;18;19;20;21;22;23;24;25;26;27;28;29
B,10.48,p_hist,0.9969668443424202,0.9777494147357191,0.9996646498695336,30,0;1;2;3;4;5;6;7;8;9;10;11;12;13;14;15;16;17;18;19;20;21;22;23;24;25;26;27;28;29
B,10.49,p_hist,0.9969529685830437,0.9784156762624061,0.9996646498695336,30,0;1;2;3;4;5;6;7;8;9;10;11;12;13;14;15;16;17;18;19;20;21;22;23;24;25;26;27;28;29
B,10.5,p_hist,0.9966941302011404,0.9748074979714199,0.9996646498695336,30,0;1;2;3;4;5;6;7;8;9;10;11;12;13;14;15;16;17;18;19;20;21;22;23;24;25;26;27;28;29
B,10.51,p_hist,0.9983284842698407,0.989453150786815,0.9996646498695336,30,0;1;2;3;4;5;6;7;8;9;10;11;12;13;14;15;16;17;18;19;20;21;22;23;24;25;26;27;28;29
B,10.52,p_hist,0.9992450745083991,0.9976589817604281,0.9996646498695336,30,0;1;2;3;4;5;6;7;8;9;10;11;12;13;14;15;16;17;18;19;20;21;22;23;24;25;26;27;28;29
B,10.53,p_hist,0.9992500817537794,0.9971017497381914,0.9996646498695336,30,0;1;2;3;4;5;6;7;8;9;10;11;12;13;14;15;16;17;18;19;20;21;22;23;24;25;26;27;28;29
B,10.540000000000001,p_hist,0.9990314690757051,0.9954609828647156,0.9996646498695336,30,0;1;2;3;4;5;6;7;8;9;10;11;12;13;14;15;16;17;18;19;20;21;22;23;24;25;26;27;28;29
B,10.55,p_hist,0.9984655610712662,0.9907535829030216,0.9996646498695336,30,0;1;2;3;4;5;6;7;8;9;10;11;12;13;14;15;16;17;18;19;20;21;22;23;24;25;26;27;28;29
B,10.56,p_hist,0.9982937711374896,0.9908610759467634,0.9996646498695336,30,0;1;2;3;4;5;6;7;8;9;10;11;12;13;14;15;16;17;18;19;20;21;22;23;24;25;26;27;28;29
B,10.57,p_hist,0.9989156232590488,0.9930531739935914,0.9996646498695336,30,0;1;2;3;4;5;6;7;8;9;10;11;12;13;14;15;16;17;18;19;20;21;22;23;24;25;26;27;28;29
B,10.58,p_hist,0.9985083998384102,0.9902363889502218,0.9996646498695336,30,0;1;2;3;4;5;6;7;8;9;10;11;12;13;14;15;16;17;18;19;20;21;22;23;24;25;26;27;28;29
B,10.59,p_hist,0.9993046722245926,0.9983374302744081,0.9996646498695336,30,0;1;2;3;4;5;6;7;8;9;10;11;12;13;14;15;16;17;18;19;20;21;22;23;24;25;26;27;28;29
B,10.6,p_hist,0.9990846642298183,0.9948098030116868,0.9996646498695336,30,0;1;2;3;4;5;6;7;8;9;10;11;12;13;14;15;16;17;18;19;20;21;22;23;24;25;26;27;28;29
B,10.61,p_hist,0.9986315052580473,0.9896297948659027,0.9996646498695336,30,0;1;2;3;4;5;6;7;8;9;10;11;12;13;14;15;16;17;18;19;20;21;22;23;24;25;26;27;28;29
B,10.620000000000001,p_hist,0.9980334551741953,0.9869482439011095,0.9996646498695336,30,0;1;2;3;4;5;6;7;8;9;10;11;12;13;14;15;16;17;18;19;20;21;22;23;24;25;26;27;28;29
B,10.63,p_hist,0.9983948711980771,0.9906628658470216,0.9996646498695336,30,0;1;2;3;4;5;6;7;8;9;10;11;12;13;14;15;16;17;18;19;20;21;22;23;24;25;26;27;28;29
B,10.64,p_hist,0.9982993046810491,0.989234971123127,0.9996646498695336,30,0;1;2;3;4;5;6;7;8;9;10;11;12;13;14;15;16;17;18;19;20;21;22;23;24;25;26;27;28;29
B,10.65,p_hist,0.9968855670619032,0.9783333222300352,0.9996646498695336,30,0;1;2;3;4;5;6;7;8;9;10;11;12;13;14;15;16;17;18;19;20;21;22;23;24;25;26;27;28;29
B,10.66,p_hist,0.9974366320021688,0.9848357654605124,0.9996646498695336,30,0;1;2;3;4;5;6;7;8;9;10;11;12;13;14;15;16;17;18;19;20;21;22;23;24;25;26;27;28;29
B,10.67,p_hist,0.9990504422040486,0.9948421481144483,0.9996646498695336,30,0;1;2;3;4;5;6;7;8;9;10;11;12;13;14;15;16;17;18;19;20;21;22;23;24;25;26;27;28;29
B,10.68,p_hist,0.9986464992717736,0.9903442497021709,0.9996646498695336,30,0;1;2;3;4;5;6;7;8;9;10;11;12;13;14;15;16;17;18;19;20;21;22;23;24;25;26;27;28;29
B,10.69,p_hist,0.997031129102209,0.9673595610644532,0.9996646498695336,30,0;1;2;3;4;5;6;7;8;9;10;11;12;13;14;15;16;17;18;19;20;21;22;23;24;25;26;27;28;29
B,10.700000000000001,p_hist,0.9948761716352593,0.9603195674851921,0.9996646498695336,30,0;1;2;3;4;5;6;7;8;9;10;11;12;13;14;15;16;17;18;19;20;21;22;23;24;25;26;27;28;29
B,10.71,p_hist,0.9923961349035697,0.9313768123778989,0.9996646498695336,30,0;1;2;3;4;5;6;7;8;9;10;11;12;13;14;15;16;17;18;19;20;21;22;23;24;25;26;27;28;29
B,10.72,p_hist,0.9872092692035422,0.8981473519385321,0.9996646498695336,30,0;1;2;3;4;5;6;7;8;9;10;11;12;13;14;15;16;17;18;19;20;21;22;23;24;25;26;27;28;29
B,10.73,p_hist,0.9985342614973087,0.9916078505155071,0.9996646498695336,30,0;1;2;3;4;5;6;7;8;9;10;11;12;13;14;15;16;17;18;19;20;21;22;23;24;25;26;27;28;29
B,10.74,p_hist,0.9995428949515659,0.9987679868338892,0.9996646498695336,30,0;1;2;3;4;5;6;7;8;9;10;11;12;13;14;15;16;17;18;19;20;21;22;23;24;25;26;27;28;29
B,10.75,p_hist,0.9993453034755658,0.9975950079951506,0.9996646498695336,30,0;1;2;3;4;5;6;7;8;9;10;11;12;13;14;15;16;17;18;19;20;21;22;23;24;25;26;27;28;29
B,10.76,p_hist,0.9993437492196686,0.9964025411040642,0.9996646498695336,30,0;1;2;3;4;5;6;7;8;9;10;11;12;13;14;15;16;17;18;19;20;21;22;23;24;25;26;27;28;29
B,10.77,p_hist,0.9993679506280884,0.9982958872288072,0.9996646498695336,30,0;1;2;3;4;5;6;7;8;9;10;11;12;13;14;15;16;17;18;19;20;21;22;23;24;25;26;27;28;29
B,10.78,p_hist,0.9993446863511065,0.9972434772077123,0.9996646498695336,30,0;1;2;3;4;5;6;7;8;9;10;11;12;13;14;15;16;17;18;19;20;21;22;23;24;25;26;27;28;29
B,10.790000000000001,p_hist,0.9994447116252696,0.998427711087943,0.9996646498695336,30,0;1;2;3;4;5;6;7;8;9;10;11;12;13;14;15;16;17;18;19;20;21;22;23;24;25;26;27;28;29
B,10.8,p_hist,0.9991643515748522,0.9968949023881413,0.9996646498695336,30,0;1;2;3;4;5;6;7;8;9;10;11;12;13;14;15;16;17;18;19;20;21;22;23;24;25;26;27;28;29
B,10.81,p_hist,0.9988102508467935,0.9945527524759183,0.9996646498695336,30,0;1;2;3;4;5;6;7;8;9;10;11;12;13;14;15;16;17;18;19;20;21;22;23;24;25;26;27;28;29
B,10.82,p_hist,0.9990037144092763,0.9922056647153316,0.9996646498695336,30,0;1;2;3;4;5;6;7;8;9;10;11;12;13;14;15;16;17;18;19;20;21;22;23;24;25;26;27;28;29
B,10.83,p_hist,0.9991043969426385,0.9972403251304569,0.9996646498695336,30,0;1;2;3;4;5;6;7;8;9;10;11;12;13;14;15;16;17;18;19;20;21;22;23;24;25;26;27;28;29
B,10.84,p_hist,0.9992274246987265,0.9970108729365419,0.9996646498695336,30,0;1;2;3;4;5;6;7;8;9;10;11;12;13;14;15;16;17;18;19;20;21;22;23;24;25;26;27;28;29
B,10.85,p_hist,0.9988734562985907,0.993819047157176,0.9996646498695336,30,0;1;2;3;4;5;6;7;8;9;10;11;12;13;14;15;16;17;18;19;20;21;22;23;24;25;26;27;28;29
B,10.86,p_hist,0.9973966122051272,0.9780919440633649,0.9996646498695336,30,0;1;2;3;4;5;6;7;8;9;10;11;12;13;14;15;16;17;18;19;20;21;22;23;24;25;26;27;28;29
B,10.870000000000001,p_hist,0.9991154821709339,0.9935541644978747,0.9996646498695336,30,0;1;2;3;4;5;6;7;8;9;10;11;12;13;14;15;16;17;18;19;20;21;22;23;24;25;26;27;28;29
B,10.88,p_hist,0.999312457823045,0.9976142703077835,0.9996646498695336,30,0;1;2;3;4;5;6;7;8;9;10;11;12;13;14;15;16;17;18;19;20;21;22;23;24;25;26;27;28;29
B,10.89,p_hist,0.9984549145329008,0.9923306786582466,0.9996646498695336,30,0;1;2;3;4;5;6;7;8;9;10;11;12;13;14;15;16;17;18;19;20;21;22;23;24;25;26;27;28;29
B,10.9,p_hist,0.9968946679272415,0.9746362514595621,0.9996646498695336,30,0;1;2;3;4;5;6;7;8;9;10;11;12;13;14;15;16;17;18;19;20;21;22;23;24;25;26;27;28;29
B,10.91,p_hist,0.9991506253209707,0.995599692055913,0.9996646498695336,30,0;1;2;3;4;5;6;7;8;9;10;11;12;13;14;15;16;17;18;19;20;21;22;23;24;25;26;27;28;29
B,10.92,p_hist,0.9992007932713193,0.9965590215674582,0.9996646498695336,30,0;1;2;3;4;5;6;7;8;9;10;11;12;13;14;15;16;17;18;19;20;21;22;23;24;25;26;27;28;29
B,10.93,p_hist,0.9990112402288599,0.9956301435912425,0.9996646498695336,30,0;1;2;3;4;5;6;7;8;9;10;11;12;13;14;15;16;17;18;19;20;21;22;23;24;25;26;27;28;29
B,10.94,p_hist,0.99869558702593,0.9931077946275586,0.9996646498695336,30,0;1;2;3;4;5;6;7;8;9;10;11;12;13;14;15;16;17;18;19;20;21;22;23;24;25;26;27;28;29
B,10.950000000000001,p_hist,0.9988591196265424,0.9927480982153918,0.9996646498695336,30,0;1;2;3;4;5;6;7;8;9;10;11;12;13;14;15;16;17;18;19;20;21;22;23;24;25;26;27;28;29
B,10.96,p_hist,0.9985538301245123,0.9883117497321674,0.9996646498695336,30,0;1;2;3;4;5;6;7;8;9;10;11;12;13;14;15;16;17;18;19;20;21;22;23;24;25;26;27;28;29
B,10.97,p_hist,0.9964696965464236,0.9746398255499376,0.9996646498695336,30,0;1;2;3;4;5;6;7;8;9;10;11;12;13;14;15;16;17;18;19;20;21;22;23;24;25;26;27;28;29
B,10.98,p_hist,0.9991611499319029,0.9962068917906293,0.9996646498695336,30,0;1;2;3;4;5;6;7;8;9;10;11;12;13;14;15;16;17;18;19;20;21;22;23;24;25;26;27;28;29
B,10.99,p_hist,0.9992323921491272,0.9967505646483577,0.9996646498695336,30,0;1;2;3;4;5;6;7;8;9;10;11;12;13;14;15;16;17;18;19;20;21;22;23;24;25;26;27;28;29
B,11.0,p_hist,0.9990589791323047,0.9951850478821016,0.9996646498695336,30,0;1;2;3;4;5;6;7;8;9;10;11;12;13;14;15;16;17;18;19;20;21;22;23;24;25;26;27;28;29
B,11.01,p_hist,0.998767502224135,0.9927569451204921,0.9996646498695336,30,0;1;2;3;4;5;6;7;8;9;10;11;12;13;14;15;16;17;18;19;20;21;22;23;24;25;26;27;28;29
B,11.02,p_hist,0.9991936031146395,0.9962002032906874,0.9996646498695336,30,0;1;2;3;4;5;6;7;8;9;10;11;12;13;14;15;16;17;18;19;20;21;22;23;24;25;26;27;28;29
B,11.03,p_hist,0.9983615055640833,0.9908669579232863,0.9996646498695336,30,0;1;2;3;4;5;6;7;8;9;10;11;12;13;14;15;16;17;18;19;20;21;22;23;24;25;26;27;28;29
B,11.040000000000001,p_hist,0.9982279447735279,0.989499039210355,0.9996646498695336,30,0;1;2;3;4;5;6;7;8;9;10;11;12;13;14;15;16;17;18;19;20;21;22;23;24;25;26;27;28;29
B,11.05,p_hist,0.9984745945872283,0.9910498275538624,0.9996646498695336,30,0;1;2;3;4;5;6;7;8;9;10;11;12;13;14;15;16;17;18;19;20;21;22;23;24;25;26;27;28;29
B,11.06,p_hist,0.9986012228549337,0.9905727249253845,0.9996646498695336,30,0;1;2;3;4;5;6;7;8;9;10;11;12;13;14;15;16;17;18;19;20;21;22;23;24;25;26;27;28;29
B,11.07,p_hist,0.997262279739909,0.9804952917690968,0.9996646498695336,30,0;1;2;3;4;5;6;7;8;9;10;11;12;13;14;15;16;17;18;19;20;21;22;23;24;25;26;27;28;29
B,11.08,p_hist,0.9982487220049366,0.9883306954906196,0.9996646498695336,30,0;1;2;3;4;5;6;7;8;9;10;11;12;13;14;15;16;17;18;19;20;21;22;23;24;25;26;27;28;29
B,11.09,p_hist,0.9961335186294116,0.9691823197700544,0.9996646498695336,30,0;1;2;3;4;5;6;7;8;9;10;11;12;13;14;15;16;17;18;19;20;21;22;23;24;25;26;27;28;29
B,11.1,p_hist,0.998646803762346,0.9913247815567376,0.9996646498695336,30,0;1;2;3;4;5;6;7;8;9;10;11;12;13;14;15;16;17;18;19;20;21;22;23;24;25;26;27;28;29
B,11.11,p_hist,0.9969112993962032,0.9718081201789828,0.9996646498695336,30,0;1;2;3;4;5;6;7;8;9;10;11;12;13;14;15;16;17;18;19;20;21;22;23;24;25;26;27;28;29
B,11.120000000000001,p_hist,0.9935517951814707,0.923551603268745,0.9996646498695336,30,0;1;2;3;4;5;6;7;8;9;10;11;12;13;14;15;16;17;18;19;20;21;22;23;24;25;26;27;28;29
B,11.13,p_hist,0.9903401364717487,0.9216739847262154,0.9996646498695336,30,0;1;2;3;4;5;6;7;8;9;10;11;12;13;14;15;16;17;18;19;20;21;22;23;24;25;26;27;28;29
B,11.14,p_hist,0.9976855554714096,0.9844157266755491,0.9996646498695336,30,0;1;2;3;4;5;6;7;8;9;10;11;12;13;14;15;16;17;18;19;20;21;22;23;24;25;26;27;28;29
B,11.15,p_hist,0.9943536692784873,0.9556782571372968,0.9996646498695336,30,0;1;2;3;4;5;6;7;8;9;10;11;12;13;14;15;16;17;18;19;20;21;22;23;24;25;26;27;28;29
B,11.16,p_hist,0.9988391136107638,0.9926339680817274,0.9996646498695336,30,0;1;2;3;4;5;6;7;8;9;10;11;12;13;14;15;16;17;18;19;20;21;22;23;24;25;26;27;28;29
B,11.17,p_hist,0.9993261928889419,0.9978643035006787,0.9996646498695336,30,0;1;2;3;4;5;6;7;8;9;10;11;12;13;14;15;16;17;18;19;20;21;22;23;24;25;26;27;28;29
B,11.18,p_hist,0.9993723300936798,0.9982192721033889,0.9996646498695336,30,0;1;2;3;4;5;6;7;8;9;10;11;12;13;14;15;16;17;18;19;20;21;22;23;24;25;26;27;28;29
B,11.19,p_hist,0.9992936830731998,0.9969684052119686,0.9996646498695336,30,0;1;2;3;4;5;6;7;8;9;10;11;12;13;14;15;16;17;18;19;20;21;22;23;24;25;26;27;28;29
B,11.200000000000001,p_hist,0.9980902960219482,0.9873209837503433,0.9996646498695336,30,0;1;2;3;4;5;6;7;8;9;10;11;12;13;14;15;16;17;18;19;20;21;22;23;24;25;26;27;28;29
B,11.21,p_hist,0.9990273813708878,0.9955244052784099,0.9996646498695336,30,0;1;2;3;4;5;6;7;8;9;10;11;12;13;14;15;16;17;18;19;20;21;22;23;24;25;26;27;28;29
B,11.22,p_hist,0.9988672395908106,0.9943822445085262,0.9996646498695336,30,0;1;2;3;4;5;6;7;8;9;10;11;12;13;14;15;16;17;18;19;20;21;22;23;24;25;26;27;28;29
B,11.23,p_hist,0.9989404463108097,0.9960680677234631,0.9996646498695336,30,0;1;2;3;4;5;6;7;8;9;10;11;12;13;14;15;16;17;18;19;20;21;22;23;24;25;26;27;28;29
B,11.24,p_hist,0.9979555392071352,0.9856173807288079,0.9996646498695336,30,0;1;2;3;4;5;6;7;8;9;10;11;12;13;14;15;16;17;18;19;20;21;22;23;24;25;26;27;28;29
B,11.25,p_hist,0.999315265603832,0.9978210473295298,0.9996646498695336,30,0;1;2;3;4;5;6;7;8;9;10;11;12;13;14;15;16;17;18;19;20;21;22;23;24;25;26;27;28;29
B,11.26,p_hist,0.9993252598761225,0.9979249366128432,0.9996646498695336,30,0;1;2;3;4;5;6;7;8;9;10;11;12;13;14;15;16;17;18;19;20;21;22;23;24;25;26;27;28;29
B,11.27,p_hist,0.9992617252601285,0.9972479722213236,0.9996646498695336,30,0;1;2;3;4;5;6;7;8;9;10;11;12;13;14;15;16;17;18;19;20;21;22;23;24;25;26;27;28;29
B,11.28,p_hist,0.9989208470959221,0.9939869338194903,0.9996646498695336,30,0;1;2;3;4;5;6;7;8;9;10;11;12;13;14;15;16;17;18;19;20;21;22;23;24;25;26;27;28;29
B,11.290000000000001,p_hist,0.9985688453873304,0.9921420512494571,0.9996646498695336,30,0;1;2;3;4;5;6;7;8;9;10;11;12;13;14;15;16;17;18;19;20;21;22;23;24;25;26;27;28;29
B,11.3,p_hist,0.9990279837470979,0.9944334819335714,0.9996646498695336,30,0;1;2;3;4;5;6;7;8;9;10;11;12;13;14;15;16;17;18;19;20;21;22;23;24;25;26;27;28;29
B,11.31,p_hist,0.9982094964233824,0.9878830129113062,0.9996646498695336,30,0;1;2;3;4;5;6;7;8;9;10;11;12;13;14;15;16;17;18;19;20;21;22;23;24;25;26;27;28;29
B,11.32,p_hist,0.9993584822543025,0.9969918795489394,0.9996646498695336,30,0;1;2;3;4;5;6;7;8;9;10;11;12;13;14;15;16;17;18;19;20;21;22;23;24;25;26;27;28;29
B,11.33,p_hist,0.9989044827221514,0.994447261760429,0.9996646498695336,30,0;1;2;3;4;5;6;7;8;9;10;11;12;13;14;15;16;17;18;19;20;21;22;23;24;25;26;27;28;29
B,11.34,p_hist,0.9989022402087636,0.9916463260481108,0.9996646498695336,30,0;1;2;3;4;5;6;7;8;9;10;11;12;13;14;15;16;17;18;19;20;21;22;23;24;25;26;27;28;29
B,11.35,p_hist,0.9978065703700562,0.9857121201899803,0.9996646498695336,30,0;1;2;3;4;5;6;7;8;9;10;11;12;13;14;15;16;17;18;19;20;21;22;23;24;25;26;27;28;29
B,11.36,p_hist,0.9960712208592573,0.9723639867560337,0.9996646498695336,30,0;1;2;3;4;5;6;7;8;9;10;11;12;13;14;15;16;17;18;19;20;21;22;23;24;25;26;27;28;29
B,11.370000000000001,p_hist,0.9981711595902023,0.9813181637435541,0.9996646498695336,30,0;1;2;3;4;5;6;7;8;9;10;11;12;13;14;15;16;17;18;19;20;21;22;23;24;25;26;27;28;29
B,11.38,p_hist,0.998731356327346,0.9928792730605651,0.9996646498695336,30,0;1;2;3;4;5;6;7;8;9;10;11;12;13;14;15;16;17;18;19;20;21;22;23;24;25;26;27;28;29
B,11.39,p_hist,0.9992283990386761,0.9968527353511722,0.9996646498695336,30,0;1;2;3;4;5;6;7;8;9;10;11;12;13;14;15;16;17;18;19;20;21;22;23;24;25;26;27;28;29
B,11.4,p_hist,0.9992542806188663,0.9971039589779491,0.9996646498695336,30,0;1;2;3;4;5;6;7;8;9;10;11;12;13;14;15;16;17;18;19;20;21;22;23;24;25;26;27;28;29
B,11.41,p_hist,0.999364605305673,0.99734262061198,0.9996646498695336,30,0;1;2;3;4;5;6;7;8;9;10;11;12;13;14;15;16;17;18;19;20;21;22;23;24;25;26;27;28;29
B,11.42,p_hist,0.9987949379594687,0.9916871386213466,0.9996646498695336,30,0;1;2;3;4;5;6;7;8;9;10;11;12;13;14;15;16;17;18;19;20;21;22;23;24;25;26;27;28;29
B,11.43,p_hist,0.998721862655293,0.9935571792462082,0.9996646498695336,30,0;1;2;3;4;5;6;7;8;9;10;11;12;13;14;15;16;17;18;19;20;21;22;23;24;25;26;27;28;29
B,11.44,p_hist,0.9979271422029042,0.9811524637658011,0.9996646498695336,30,0;1;2;3;4;5;6;7;8;9;10;11;12;13;14;15;16;17;18;19;20;21;22;23;24;25;26;27;28;29
B,11.450000000000001,p_hist,0.9972180083171529,0.9800781030528887,0.9996646498695336,30,0;1;2;3;4;5;6;7;8;9;10;11;12;13;14;15;16;17;18;19;20;21;22;23;24;25;26;27;28;29
B,11.46,p_hist,0.9981149033503754,0.988839156263345,0.9996646498695336,30,0;1;2;3;4;5;6;7;8;9;10;11;12;13;14;15;16;17;18;19;20;21;22;23;24;25;26;27;28;29
B,11.47,p_hist,0.9977862217729373,0.9839259682800524,0.9996646498695336,30,0;1;2;3;4;5;6;7;8;9;10;11;12;13;14;15;16;17;18;19;20;21;22;23;24;25;26;27;28;29
B,11.48,p_hist,0.9991063404151461,0.9960597662445527,0.9996646498695336,30,0;1;2;3;4;5;6;7;8;9;10;11;12;13;14;15;16;17;18;19;20;21;22;23;24;25;26;27;28;29
B,11.49,p_hist,0.9982746911843585,0.9890962408501959,0.9996646498695336,30,0;1;2;3;4;5;6;7;8;9;10;11;12;13;14;15;16;17;18;19;20;21;22;23;24;25;26;27;28;29
B,11.5,p_hist,0.9993069084417744,0.9965900467375305,0.9996646498695336,30,0;1;2;3;4;5;6;7;8;9;10;11;12;13;14;15;16;17;18;19;20;21;22;23;24;25;26;27;28;29
B,11.51,p_hist,0.9994559777303927,0.9981974884367529,0.9996646498695336,30,0;1;2;3;4;5;6;7;8;9;10;11;12;13;14;15;16;17;18;19;20;21;22;23;24;25;26;27;28;29
B,11.52,p_hist,0.9987570208526285,0.9935209995382601,0.9996646498695336,30,0;1;2;3;4;5;6;7;8;9;10;11;12;13;14;15;16;17;18;19;20;21;22;23;24;25;26;27;28;29
B,11.53,p_hist,0.9988018316952805,0.9940818479476936,0.9996646498695336,30,0;1;2;3;4;5;6;7;8;9;10;11;12;13;14;15;16;17;18;19;20;21;22;23;24;25;26;27;28;29
B,11.540000000000001,p_hist,0.9976586118248003,0.9853388393683956,0.9996646498695336,30,0;1;2;3;4;5;6;7;8;9;10;11;12;13;14;15;16;17;18;19;20;21;22;23;24;25;26;27;28;29
B,11.55,p_hist,0.996040310455171,0.9620166473660502,0.9996646498695336,30,0;1;2;3;4;5;6;7;8;9;10;11;12;13;14;15;16;17;18;19;20;21;22;23;24;25;26;27;28;29
B,11.56,p_hist,0.9966101536132604,0.964961299487094,0.9996646498695336,30,0;1;2;3;4;5;6;7;8;9;10;11;12;13;14;15;16;17;18;19;20;21;22;23;24;25;26;27;28;29
B,11.57,p_hist,0.9929107750856379,0.9454980038068107,0.9996646498695336,30,0;1;2;3;4;5;6;7;8;9;10;11;12;13;14;15;16;17;18;19;20;21;22;23;24;25;26;27;28;29
B,11.58,p_hist,0.9989090412001207,0.9937271084295204,0.9996646498695336,30,0;1;2;3;4;5;6;7;8;9;10;11;12;13;14;15;16;17;18;19;20;21;22;23;24;25;26;27;28;29
B,11.59,p_hist,0.9988051637606095,0.9925713416921994,0.9996646498695336,30,0;1;2;3;4;5;6;7;8;9;10;11;12;13;14;15;16;17;18;19;20;21;22;23;24;25;26;27;28;29
B,11.6,p_hist,0.9987371285278474,0.9915506594518522,0.9996646498695336,30,0;1;2;3;4;5;6;7;8;9;10;11;12;13;14;15;16;17;18;19;20;21;22;23;24;25;26;27;28;29
B,11.61,p_hist,0.996103545151248,0.9653921682217129,0.9996646498695336,30,0;1;2;3;4;5;6;7;8;9;10;11;12;13;14;15;16;17;18;19;20;21;22;23;24;25;26;27;28;29
B,11.620000000000001,p_hist,0.9961806247756003,0.9726088847517197,0.9996646498695336,30,0;1;2;3;4;5;6;7;8;9;10;11;12;13;14;15;16;17;18;19;20;21;22;23;24;25;26;27;28;29
B,11.63,p_hist,0.9986386154688308,0.9911504312932445,0.9996646498695336,30,0;1;2;3;4;5;6;7;8;9;10;11;12;13;14;15;16;17;18;19;20;21;22;23;24;25;26;27;28;29
B,11.64,p_hist,0.9995201094409415,0.9984645899331462,0.9996646498695336,30,0;1;2;3;4;5;6;7;8;9;10;11;12;13;14;15;16;17;18;19;20;21;22;23;24;25;26;27;28;29
B,11.65,p_hist,0.9991451156664222,0.9968516154820737,0.9996646498695336,30,0;1;2;3;4;5;6;7;8;9;10;11;12;13;14;15;16;17;18;19;20;21;22;23;24;25;26;27;28;29
B,11.66,p_hist,0.9989553727073012,0.9962302981186905,0.9996646498695336,30,0;1;2;3;4;5;6;7;8;9;10;11;12;13;14;15;16;17;18;19;20;21;22;23;24;25;26;27;28;29
B,11.67,p_hist,0.9984633256421722,0.9928652033254616,0.9996646498695336,30,0;1;2;3;4;5;6;7;8;9;10;11;12;13;14;15;16;17;18;19;20;21;22;23;24;25;26;27;28;29
B,11.68,p_hist,0.9992987915856052,0.9962247075846703,0.9996646498695336,30,0;1;2;3;4;5;6;7;8;9;10;11;12;13;14;15;16;17;18;19;20;21;22;23;24;25;26;27;28;29
B,11.69,p_hist,0.9987109284984917,0.9924878925821409,0.9996646498695336,30,0;1;2;3;4;5;6;7;8;9;10;11;12;13;14;15;16;17;18;19;20;21;22;23;24;25;26;27;28;29
B,11.700000000000001,p_hist,0.9964047081034496,0.9733446403557274,0.9996646498695336,30,0;1;2;3;4;5;6;7;8;9;10;11;12;13;14;15;16;17;18;19;20;21;22;23;24;25;26;27;28;29
B,11.71,p_hist,0.9920775291972668,0.9383525577562315,0.9996646498695336,30,0;1;2;3;4;5;6;7;8;9;10;11;12;13;14;15;16;17;18;19;20;21;22;23;24;25;26;27;28;29
B,11.72,p_hist,0.998004792104754,0.9890505442040368,0.9996646498695336,30,0;1;2;3;4;5;6;7;8;9;10;11;12;13;14;15;16;17;18;19;20;21;22;23;24;25;26;27;28;29
B,11.73,p_hist,0.9973409704860534,0.9805154518892871,0.9996646498695336,30,0;1;2;3;4;5;6;7;8;9;10;11;12;13;14;15;16;17;18;19;20;21;22;23;24;25;26;27;28;29
B,11.74,p_hist,0.9988865023755831,0.9941295635952767,0.9996646498695336,30,0;1;2;3;4;5;6;7;8;9;10;11;12;13;14;15;16;17;18;19;20;21;22;23;24;25;26;27;28;29
B,11.75,p_hist,0.9987382591948953,0.9934619416375637,0.9996646498695336,30,0;1;2;3;4;5;6;7;8;9;10;11;12;13;14;15;16;17;18;19;20;21;22;23;24;25;26;27;28;29
B,11.76,p_hist,0.9984666231732535,0.9928024211872409,0.9996646498695336,30,0;1;2;3;4;5;6;7;8;9;10;11;12;13;14;15;16;17;18;19;20;21;22;23;24;25;26;27;28;29
B,11.77,p_hist,0.9975870291908636,0.9759398202824907,0.9996646498695336,30,0;1;2;3;4;5;6;7;8;9;10;11;12;13;14;15;16;17;18;19;20;21;22;23;24;25;26;27;28;29
B,11.78,p_hist,0.9991649810986615,0.9966195836823242,0.9996646498695336,30,0;1;2;3;4;5;6;7;8;9;10;11;12;13;14;15;16;17;18;19;20;21;22;23;24;25;26;27;28;29
B,11.790000000000001,p_hist,0.998563068011263,0.9926447154000863,0.9996646498695336,30,0;1;2;3;4;5;6;7;8;9;10;11;12;13;14;15;16;17;18;19;20;21;22;23;24;25;26;27;28;29
B,11.8,p_hist,0.9988177483156533,0.9933687848064018,0.9996646498695336,30,0;1;2;3;4;5;6;7;8;9;10;11;12;13;14;15;16;17;18;19;20;21;22;23;24;25;26;27;28;29
B,11.81,p_hist,0.9977096304448704,0.9856037786259542,0.9996646498695336,30,0;1;2;3;4;5;6;7;8;9;10;11;12;13;14;15;16;17;18;19;20;21;22;23;24;25;26;27;28;29
B,11.82,p_hist,0.9970441560514893,0.9811566958915029,0.9996646498695336,30,0;1;2;3;4;5;6;7;8;9;10;11;12;13;14;15;16;17;18;19;20;21;22;23;24;25;26;27;28;29
B,11.83,p_hist,0.9925896369669596,0.9415270548428575,0.9996646498695336,30,0;1;2;3;4;5;6;7;8;9;10;11;12;13;14;15;16;17;18;19;20;21;22;23;24;25;26;27;28;29
B,11.84,p_hist,0.9993091984838728,0.9979884991687553,0.9996646498695336,30,0;1;2;3;4;5;6;7;8;9;10;11;12;13;14;15;16;17;18;19;20;21;22;23;24;25;26;27;28;29
B,11.85,p_hist,0.9990733472336389,0.9944226936871639,0.9996646498695336,30,0;1;2;3;4;5;6;7;8;9;10;11;12;13;14;15;16;17;18;19;20;21;22;23;24;25;26;27;28;29
B,11.86,p_hist,0.9991463443906715,0.994182924487355,0.9996646498695336,30,0;1;2;3;4;5;6;7;8;9;10;11;12;13;14;15;16;17;18;19;20;21;22;23;24;25;26;27;28;29
B,11.870000000000001,p_hist,0.9992463398346383,0.9977404784249555,0.9996646498695336,30,0;1;2;3;4;5;6;7;8;9;10;11;12;13;14;15;16;17;18;19;20;21;22;23;24;25;26;27;28;29
B,11.88,p_hist,0.9994108420655173,0.9972885537200834,0.9996646498695336,30,0;1;2;3;4;5;6;7;8;9;10;11;12;13;14;15;16;17;18;19;20;21;22;23;24;25;26;27;28;29
B,11.89,p_hist,0.9992298945792027,0.9977307885171992,0.9996646498695336,30,0;1;2;3;4;5;6;7;8;9;10;11;12;13;14;15;16;17;18;19;20;21;22;23;24;25;26;27;28;29
B,11.9,p_hist,0.9989173343034284,0.9947527473840159,0.9996646498695336,30,0;1;2;3;4;5;6;7;8;9;10;11;12;13;14;15;16;17;18;19;20;21;22;23;24;25;26;27;28;29
B,11.91,p_hist,0.9980563659680323,0.986273425738595,0.9996646498695336,30,0;1;2;3;4;5;6;7;8;9;10;11;12;13;14;15;16;17;18;19;20;21;22;23;24;25;26;27;28;29
B,11.92,p_hist,0.9990285249018211,0.9955636079969716,0.9996646498695336,30,0;1;2;3;4;5;6;7;8;9;10;11;12;13;14;15;16;17;18;19;20;21;22;23;24;25;26;27;28;29
B,11.93,p_hist,0.9985930342774619,0.9922987877412628,0.9996646498695336,30,0;1;2;3;4;5;6;7;8;9;10;11;12;13;14;15;16;17;18;19;20;21;22;23;24;25;26;27;28;29
B,11.94,p_hist,0.9982200550351528,0.986508651574764,0.9996646498695336,30,0;1;2;3;4;5;6;7;8;9;10;11;12;13;14;15;16;17;18;19;20;21;22;23;24;25;26;27;28;29
B,11.950000000000001,p_hist,0.9988193285500242,0.9923434408093922,0.9996646498695336,30,0;1;2;3;4;5;6;7;8;9;10;11;12;13;14;15;16;17;18;19;20;21;22;23;24;25;26;27;28;29
B,11.96,p_hist,0.9990285853836177,0.9954999209523742,0.9996646498695336,30,0;1;2;3;4;5;6;7;8;9;10;11;12;13;14;15;16;17;18;19;20;21;22;23;24;25;26;27;28;29
B,11.97,p_hist,0.9989587502638694,0.9940786832415575,0.9996646498695336,30,0;1;2;3;4;5;6;7;8;9;10;11;12;13;14;15;16;17;18;19;20;21;22;23;24;25;26;27;28;29
B,11.98,p_hist,0.999300584377321,0.9974020149941295,0.9996646498695336,30,0;1;2;3;4;5;6;7;8;9;10;11;12;13;14;15;16;17;18;19;20;21;22;23;24;25;26;27;28;29
B,11.99,p_hist,0.9991143657535208,0.9957699858220502,0.9996646498695336,30,0;1;2;3;4;5;6;7;8;9;10;11;12;13;14;15;16;17;18;19;20;21;22;23;24;25;26;27;28;29
B,12.0,p_hist,0.9982887885694165,0.9835731420478946,0.9996646498695336,30,0;1;2;3;4;5;6;7;8;9;10;11;12;13;14;15;16;17;18;19;20;21;22;23;24;25;26;27;28;29
B,12.01,p_hist,0.9991540553702517,0.995711186307968,0.9996646498695336,30,0;1;2;3;4;5;6;7;8;9;10;11;12;13;14;15;16;17;18;19;20;21;22;23;24;25;26;27;28;29
B,12.02,p_hist,0.9990741504983786,0.9942993707012204,0.9996646498695336,30,0;1;2;3;4;5;6;7;8;9;10;11;12;13;14;15;16;17;18;19;20;21;22;23;24;25;26;27;28;29
B,12.030000000000001,p_hist,0.9990114627316508,0.9952477876233883,0.9996646498695336,30,0;1;2;3;4;5;6;7;8;9;10;11;12;13;14;15;16;17;18;19;20;21;22;23;24;25;26;27;28;29
B,12.040000000000001,p_hist,0.997591556529715,0.9837176035692374,0.9996646498695336,30,0;1;2;3;4;5;6;7;8;9;10;11;12;13;14;15;16;17;18;19;20;21;22;23;24;25;26;27;28;29
B,12.05,p_hist,0.9990696622139958,0.9963443900006208,0.9996646498695336,30,0;1;2;3;4;5;6;7;8;9;10;11;12;13;14;15;16;17;18;19;20;21;22;23;24;25;26;27;28;29
B,12.06,p_hist,0.997384164372608,0.9840754124337786,0.9996646498695336,30,0;1;2;3;4;5;6;7;8;9;10;11;12;13;14;15;16;17;18;19;20;21;22;23;24;25;26;27;28;29
B,12.07,p_hist,0.9986420829500394,0.9923380551383755,0.9996646498695336,30,0;1;2;3;4;5;6;7;8;9;10;11;12;13;14;15;16;17;18;19;20;21;22;23;24;25;26;27;28;29
B,12.08,p_hist,0.9972352974353371,0.9792967619628524,0.9996646498695336,30,0;1;2;3;4;5;6;7;8;9;10;11;12;13;14;15;16;17;18;19;20;21;22;23;24;25;26;27;28;29
B,12.09,p_hist,0.9955568308949732,0.9640076333296955,0.9996646498695336,30,0;1;2;3;4;5;6;7;8;9;10;11;12;13;14;15;16;17;18;19;20;21;22;23;24;25;26;27;28;29
B,12.1,p_hist,0.99625685191581,0.9616803984113663,0.9996646498695336,30,0;1;2;3;4;5;6;7;8;9;10;11;12;13;14;15;16;17;18;19;20;21;22;23;24;25;26;27;28;29
B,12.11,p_hist,0.9987456574365811,0.9935209241336412,0.9996646498695336,30,0;1;2;3;4;5;6;7;8;9;10;11;12;13;14;15;16;17;18;19;20;21;22;23;24;25;26;27;28;29
B,12.120000000000001,p_hist,0.9972787732032896,0.9834346893438092,0.9996646498695336,30,0;1;2;3;4;5;6;7;8;9;10;11;12;13;14;15;16;17;18;19;20;21;22;23;24;25;26;27;28;29
B,12.13,p_hist,0.9986348429060741,0.9910983254408996,0.9996646498695336,30,0;1;2;3;4;5;6;7;8;9;10;11;12;13;14;15;16;17;18;19;20;21;22;23;24;25;26;27;28;29
B,12.14,p_hist,0.9980458210897077,0.9835194258605199,0.9996646498695336,30,0;1;2;3;4;5;6;7;8;9;10;11;12;13;14;15;16;17;18;19;20;21;22;23;24;25;26;27;28;29
B,12.15,p_hist,0.996865167409745,0.9718382850734383,0.9996646498695336,30,0;1;2;3;4;5;6;7;8;9;10;11;12;13;14;15;16;17;18;19;20;21;22;23;24;25;26;27;28;29
B,12.16,p_hist,0.9960983214858155,0.9625052753941642,0.9996646498695336,30,0;1;2;3;4;5;6;7;8;9;10;11;12;13;14;15;16;17;18;19;20;21;22;23;24;25;26;27;28;29
B,12.17,p_hist,0.9972268247205341,0.9771921905543818,0.9996646498695336,30,0;1;2;3;4;5;6;7;8;9;10;11;12;13;14;15;16;17;18;19;20;21;22;23;24;25;26;27;28;29
B,12.18,p_hist,0.9947452668569094,0.9560359317584753,0.9996646498695336,30,0;1;2;3;4;5;6;7;8;9;10;11;12;13;14;15;16;17;18;19;20;21;22;23;24;25;26;27;28;29
B,12.19,p_hist,0.9975600399308563,0.97569304565175,0.9996646498695336,30,0;1;2;3;4;5;6;7;8;9;10;11;12;13;14;15;16;17;18;19;20;21;22;23;24;25;26;27;28;29
B,12.200000000000001,p_hist,0.9946885209605243,0.9600674036995039,0.9996646498695336,30,0;1;2;3;4;5;6;7;8;9;10;11;12;13;14;15;16;17;18;19;20;21;22;23;24;25;26;27;28;29
B,12.21,p_hist,0.9990871391097826,0.9966576666616603,0.9996646498695336,30,0;1;2;3;4;5;6;7;8;9;10;11;12;13;14;15;16;17;18;19;20;21;22;23;24;25;26;27;28;29
B,12.22,p_hist,0.9985029185756403,0.9910192857387115,0.9996646498695336,30,0;1;2;3;4;5;6;7;8;9;10;11;12;13;14;15;16;17;18;19;20;21;22;23;24;25;26;27;28;29
B,12.23,p_hist,0.9989727389635343,0.9953323437397649,0.9996646498695336,30,0;1;2;3;4;5;6;7;8;9;10;11;12;13;14;15;16;17;18;19;20;21;22;23;24;25;26;27;28;29
B,12.24,p_hist,0.9989525606100843,0.9942299551215603,0.9996646498695336,30,0;1;2;3;4;5;6;7;8;9;10;11;12;13;14;15;16;17;18;19;20;21;22;23;24;25;26;27;28;29
B,12.25,p_hist,0.9985215277487438,0.9914427940563031,0.9996646498695336,30,0;1;2;3;4;5;6;7;8;9;10;11;12;13;14;15;16;17;18;19;20;21;22;23;24;25;26;27;28;29
B,12.26,p_hist,0.9980018626276542,0.9882486426961637,0.9996646498695336,30,0;1;2;3;4;5;6;7;8;9;10;11;12;13;14;15;16;17;18;19;20;21;22;23;24;25;26;27;28;29
B,12.27,p_hist,0.9985219611549171,0.9923112310704247,0.9996646498695336,30,0;1;2;3;4;5;6;7;8;9;10;11;12;13;14;15;16;17;18;19;20;21;22;23;24;25;26;27;28;29
B,12.280000000000001,p_hist,0.9984128825259986,0.9854733526553238,0.9996646498695336,30,0;1;2;3;4;5;6;7;8;9;10;11;12;13;14;15;16;17;18;19;20;21;22;23;24;25;26;27;28;29
B,12.290000000000001,p_hist,0.9989779058467926,0.9941512718260743,0.9996646498695336,30,0;1;2;3;4;5;6;7;8;9;10;11;12;13;14;15;16;17;18;19;20;21;22;23;24;25;26;27;28;29
B,12.3,p_hist,0.9986875741499156,0.9934529961895036,0.9996646498695336,30,0;1;2;3;4;5;6;7;8;9;10;11;12;13;14;15;16;17;18;19;20;21;22;23;24;25;26;27;28;29
B,12.31,p_hist,0.9982471430733928,0.9876372318206184,0.9996646498695336,30,0;1;2;3;4;5;6;7;8;9;10;11;12;13;14;15;16;17;18;19;20;21;22;23;24;25;26;27;28;29
B,12.32,p_hist,0.9986249218453531,0.9901093657102813,0.9996646498695336,30,0;1;2;3;4;5;6;7;8;9;10;11;12;13;14;15;16;17;18;19;20;21;22;23;24;25;26;27;28;29
B,12.33,p_hist,0.9977476568082218,0.9838114575547807,0.9996646498695336,30,0;1;2;3;4;5;6;7;8;9;10;11;12;13;14;15;16;17;18;19;20;21;22;23;24;25;26;27;28;29
B,12.34,p_hist,0.9991744169353552,0.9963821912394464,0.9996646498695336,30,0;1;2;3;4;5;6;7;8;9;10;11;12;13;14;15;16;17;18;19;20;21;22;23;24;25;26;27;28;29
B,12.35,p_hist,0.9986945612163634,0.9934680836443923,0.9996646498695336,30,0;1;2;3;4;5;6;7;8;9;10;11;12;13;14;15;16;17;18;19;20;21;22;23;24;25;26;27;28;29
B,12.36,p_hist,0.9980894806193039,0.9889541839654544,0.9996646498695336,30,0;1;2;3;4;5;6;7;8;9;10;11;12;13;14;15;16;17;18;19;20;21;22;23;24;25;26;27;28;29
B,12.370000000000001,p_hist,0.9954523228769668,0.9608024780797659,0.9996646498695336,30,0;1;2;3;4;5;6;7;8;9;10;11;12;13;14;15;16;17;18;19;20;21;22;23;24;25;26;27;28;29
B,12.38,p_hist,0.9992482788878826,0.9968705566288883,0.9996646498695336,30,0;1;2;3;4;5;6;7;8;9;10;11;12;13;14;15;16;17;18;19;20;21;22;23;24;25;26;27;28;29
B,12.39,p_hist,0.9989056809809929,0.9906711267465825,0.9996646498695336,30,0;1;2;3;4;5;6;7;8;9;10;11;12;13;14;15;16;17;18;19;20;21;22;23;24;25;26;27;28;29
B,12.4,p_hist,0.9992015328273228,0.9968425490697218,0.9996646498695336,30,0;1;2;3;4;5;6;7;8;9;10;11;12;13;14;15;16;17;18;19;20;21;22;23;24;25;26;27;28;29
B,12.41,p_hist,0.9989085071340732,0.994522198624045,0.9996646498695336,30,0;1;2;3;4;5;6;7;8;9;10;11;12;13;14;15;16;17;18;19;20;21;22;23;24;25;26;27;28;29
B,12.42,p_hist,0.9992080751188765,0.9951784855449555,0.9996646498695336,30,0;1;2;3;4;5;6;7;8;9;10;11;12;13;14;15;16;17;18;19;20;21;22;23;24;25;26;27;28;29
B,12.43,p_hist,0.9990925547801438,0.9956451906045966,0.9996646498695336,30,0;1;2;3;4;5;6;7;8;9;10;11;12;13;14;15;16;17;18;19;20;21;22;23;24;25;26;27;28;29
B,12.44,p_hist,0.9989923639051973,0.9937802678804948,0.9996646498695336,30,0;1;2;3;4;5;6;7;8;9;10;11;12;13;14;15;16;17;18;19;20;21;22;23;24;25;26;27;28;29
B,12.450000000000001,p_hist,0.9988180778572752,0.9940784866711697,0.9996646498695336,30,0;1;2;3;4;5;6;7;8;9;10;11;12;13;14;15;16;17;18;19;20;21;22;23;24;25;26;27;28;29
B,12.46,p_hist,0.9991628653325303,0.9959677034812966,0.9996646498695336,30,0;1;2;3;4;5;6;7;8;9;10;11;12;13;14;15;16;17;18;19;20;21;22;23;24;25;26;27;28;29
B,12.47,p_hist,0.9993263456397367,0.998314940175084,0.9996646498695336,30,0;1;2;3;4;5;6;7;8;9;10;11;12;13;14;15;16;17;18;19;20;21;22;23;24;25;26;27;28;29
B,12.48,p_hist,0.999217606858211,0.9965913383879109,0.9996646498695336,30,0;1;2;3;4;5;6;7;8;9;10;11;12;13;14;15;16;17;18;19;20;21;22;23;24;25;26;27;28;29
B,12.49,p_hist,0.998856799492929,0.9926929453158231,0.9996646498695336,30,0;1;2;3;4;5;6;7;8;9;10;11;12;13;14;15;16;17;18;19;20;21;22;23;24;25;26;27;28;29
B,12.5,p_hist,0.9984691903856799,0.99325908974582,0.9996646498695336,30,0;1;2;3;4;5;6;7;8;9;10;11;12;13;14;15;16;17;18;19;20;21;22;23;24;25;26;27;28;29
B,12.51,p_hist,0.9985604052643482,0.9935628197182581,0.9996646498695336,30,0;1;2;3;4;5;6;7;8;9;10;11;12;13;14;15;16;17;18;19;20;21;22;23;24;25;26;27;28;29
B,12.52,p_hist,0.998121386888959,0.9910613667104617,0.9996646498695336,30,0;1;2;3;4;5;6;7;8;9;10;11;12;13;14;15;16;17;18;19;20;21;22;23;24;25;26;27;28;29
B,12.530000000000001,p_hist,0.9986746766117391,0.9920828381943239,0.9996646498695336,30,0;1;2;3;4;5;6;7;8;9;10;11;12;13;14;15;16;17;18;19;20;21;22;23;24;25;26;27;28;29
B,12.540000000000001,p_hist,0.9990770654868112,0.9959230814750851,0.9996646498695336,30,0;1;2;3;4;5;6;7;8;9;10;11;12;13;14;15;16;17;18;19;20;21;22;23;24;25;26;27;28;29
B,12.55,p_hist,0.9971375415115487,0.984396386226421,0.9996646498695336,30,0;1;2;3;4;5;6;7;8;9;10;11;12;13;14;15;16;17;18;19;20;21;22;23;24;25;26;27;28;29
B,12.56,p_hist,0.9984965257542744,0.9897056574752834,0.9996646498695336,30,0;1;2;3;4;5;6;7;8;9;10;11;12;13;14;15;16;17;18;19;20;21;22;23;24;25;26;27;28;29
B,12.57,p_hist,0.9989065322424521,0.9944072569513379,0.9996646498695336,30,0;1;2;3;4;5;6;7;8;9;10;11;12;13;14;15;16;17;18;19;20;21;22;23;24;25;26;27;28;29
B,12.58,p_hist,0.997759826060348,0.985479342057201,0.9996646498695336,30,0;1;2;3;4;5;6;7;8;9;10;11;12;13;14;15;16;17;18;19;20;21;22;23;24;25;26;27;28;29
B,12.59,p_hist,0.9980432548303693,0.9847500383009717,0.9996646498695336,30,0;1;2;3;4;5;6;7;8;9;10;11;12;13;14;15;16;17;18;19;20;21;22;23;24;25;26;27;28;29
B,12.6,p_hist,0.9988753107714428,0.9939895482853327,0.9996646498695336,30,0;1;2;3;4;5;6;7;8;9;10;11;12;13;14;15;16;17;18;19;20;21;22;23;24;25;26;27;28;29
B,12.61,p_hist,0.9989987268941826,0.993308581555351,0.9996646498695336,30,0;1;2;3;4;5;6;7;8;9;10;11;12;13;14;15;16;17;18;19;20;21;22;23;24;25;26;27;28;29
B,12.620000000000001,p_hist,0.9986917875446324,0.9919183118076782,0.9996646498695336,30,0;1;2;3;4;5;6;7;8;9;10;11;12;13;14;15;16;17;18;19;20;21;22;23;24;25;26;27;28;29
B,12.63,p_hist,0.9991190139765891,0.9966512918928782,0.9996646498695336,30,0;1;2;3;4;5;6;7;8;9;10;11;12;13;14;15;16;17;18;19;20;21;22;23;24;25;26;27;28;29
B,12.64,p_hist,0.9989995087493339,0.9957157026854438,0.9996646498695336,30,0;1;2;3;4;5;6;7;8;9;10;11;12;13;14;15;16;17;18;19;20;21;22;23;24;25;26;27;28;29
B,12.65,p_hist,0.9979685300479353,0.9891033172400734,0.9996646498695336,30,0;1;2;3;4;5;6;7;8;9;10;11;12;13;14;15;16;17;18;19;20;21;22;23;24;25;26;27;28;29
B,12.66,p_hist,0.9982945457779177,0.9858597138351022,0.9996646498695336,30,0;1;2;3;4;5;6;7;8;9;10;11;12;13;14;15;16;17;18;19;20;21;22;23;24;25;26;27;28;29
B,12.67,p_hist,0.9979653455428164,0.9864549614480448,0.9996646498695336,30,0;1;2;3;4;5;6;7;8;9;10;11;12;13;14;15;16;17;18;19;20;21;22;23;24;25;26;27;28;29
B,12.68,p_hist,0.9987954729443388,0.9950328943612211,0.9996646498695336,30,0;1;2;3;4;5;6;7;8;9;10;11;12;13;14;15;16;17;18;19;20;21;22;23;24;25;26;27;28;29
B,12.69,p_hist,0.9983676848437304,0.9928546692750205,0.9996646498695336,30,0;1;2;3;4;5;6;7;8;9;10;11;12;13;14;15;16;17;18;19;20;21;22;23;24;25;26;27;28;29
B,12.700000000000001,p_hist,0.99848032520268,0.9901336688863258,0.9996646498695336,30,0;1;2;3;4;5;6;7;8;9;10;11;12;13;14;15;16;17;18;19;20;21;22;23;24;25;26;27;28;29
B,12.71,p_hist,0.9993967590208306,0.9983435405003506,0.9996646498695336,30,0;1;2;3;4;5;6;7;8;9;10;11;12;13;14;15;16;17;18;19;20;21;22;23;24;25;26;27;28;29
B,12.72,p_hist,0.9989866925906582,0.9950699049977749,0.9996646498695336,30,0;1;2;3;4;5;6;7;8;9;10;11;12;13;14;15;16;17;18;19;20;21;22;23;24;25;26;27;28;29
B,12.73,p_hist,0.9984115992458419,0.9887280383220071,0.9996646498695336,30,0;1;2;3;4;5;6;7;8;9;10;11;12;13;14;15;16;17;18;19;20;21;22;23;24;25;26;27;28;29
B,12.74,p_hist,0.9954000383391831,0.9633146710699722,0.9996646498695336,30,0;1;2;3;4;5;6;7;8;9;10;11;12;13;14;15;16;17;18;19;20;21;22;23;24;25;26;27;28;29
B,12.75,p_hist,0.9979038419671864,0.9858862404384221,0.9996646498695336,30,0;1;2;3;4;5;6;7;8;9;10;11;12;13;14;15;16;17;18;19;20;21;22;23;24;25;26;27;28;29
B,12.76,p_hist,0.9982075531954717,0.9882122656634307,0.9996646498695336,30,0;1;2;3;4;5;6;7;8;9;10;11;12;13;14;15;16;17;18;19;20;21;22;23;24;25;26;27;28;29
B,12.77,p_hist,0.9986820729539748,0.9934072515228118,0.9996646498695336,30,0;1;2;3;4;5;6;7;8;9;10;11;12;13;14;15;16;17;18;19;20;21;22;23;24;25;26;27;28;29
B,12.780000000000001,p_hist,0.9988854371329194,0.9952524444382541,0.9996646498695336,30,0;1;2;3;4;5;6;7;8;9;10;11;12;13;14;15;16;17;18;19;20;21;22;23;24;25;26;27;28;29
B,12.790000000000001,p_hist,0.9989937086382223,0.9948079558009507,0.9996646498695336,30,0;1;2;3;4;5;6;7;8;9;10;11;12;13;14;15;16;17;18;19;20;21;22;23;24;25;26;27;28;29
B,12.8,p_hist,0.99880676153813,0.9921439579371618,0.9996646498695336,30,0;1;2;3;4;5;6;7;8;9;10;11;12;13;14;15;16;17;18;19;20;21;22;23;24;25;26;27;28;29
B,12.81,p_hist,0.9991190300597125,0.9950267137797439,0.9996646498695336,30,0;1;2;3;4;5;6;7;8;9;10;11;12;13;14;15;16;17;18;19;20;21;22;23;24;25;26;27;28;29
B,12.82,p_hist,0.9988204372789001,0.9940622495667218,0.9996646498695336,30,0;1;2;3;4;5;6;7;8;9;10;11;12;13;14;15;16;17;18;19;20;21;22;23;24;25;26;27;28;29
B,12.83,p_hist,0.9989985149131974,0.9947265453499549,0.9996646498695336,30,0;1;2;3;4;5;6;7;8;9;10;11;12;13;14;15;16;17;18;19;20;21;22;23;24;25;26;27;28;29
B,12.84,p_hist,0.9982745949411395,0.9883388644168606,0.9996646498695336,30,0;1;2;3;4;5;6;7;8;9;10;11;12;13;14;15;16;17;18;19;20;21;22;23;24;25;26;27;28;29
B,12.85,p_hist,0.998966293613715,0.9934656616439597,0.9996646498695336,30,0;1;2;3;4;5;6;7;8;9;10;11;12;13;14;15;16;17;18;19;20;21;22;23;24;25;26;27;28;29
B,12.86,p_hist,0.9987809314433789,0.9948940234888788,0.9996646498695336,30,0;1;2;3;4;5;6;7;8;9;10;11;12;13;14;15;16;17;18;19;20;21;22;23;24;25;26;27;28;29
B,12.870000000000001,p_hist,0.999128178105619,0.9933088475891234,0.9996646498695336,30,0;1;2;3;4;5;6;7;8;9;10;11;12;13;14;15;16;17;18;19;20;21;22;23;24;25;26;27;28;29
B,12.88,p_hist,0.9994172160870174,0.9981831266244388,0.9996646498695336,30,0;1;2;3;4;5;6;7;8;9;10;11;12;13;14;15;16;17;18;19;20;21;22;23;24;25;26;27;28;29
B,12.89,p_hist,0.9993290234491102,0.997742734417773,0.9996646498695336,30,0;1;2;3;4;5;6;7;8;9;10;11;12;13;14;15;16;17;18;19;20;21;22;23;24;25;26;27;28;29
B,12.9,p_hist,0.9993111876369167,0.9973595145355814,0.9996646498695336,30,0;1;2;3;4;5;6;7;8;9;10;11;12;13;14;15;16;17;18;19;20;21;22;23;24;25;26;27;28;29
B,12.91,p_hist,0.9995000770102429,0.9985591180071838,0.9996646498695336,30,0;1;2;3;4;5;6;7;8;9;10;11;12;13;14;15;16;17;18;19;20;21;22;23;24;25;26;27;28;29
B,12.92,p_hist,0.9994734568106618,0.9978187760423363,0.9996646498695336,30,0;1;2;3;4;5;6;7;8;9;10;11;12;13;14;15;16;17;18;19;20;21;22;23;24;25;26;27;28;29
B,12.93,p_hist,0.9993973666972779,0.9979926192902079,0.9996646498695336,30,0;1;2;3;4;5;6;7;8;9;10;11;12;13;14;15;16;17;18;19;20;21;22;23;24;25;26;27;28;29
B,12.94,p_hist,0.99911179698146,0.9954307287578227,0.9996646498695336,30,0;1;2;3;4;5;6;7;8;9;10;11;12;13;14;15;16;17;18;19;20;21;22;23;24;25;26;27;28;29
B,12.950000000000001,p_hist,0.9995202790605419,0.9986640375212623,0.9996646498695336,30,0;1;2;3;4;5;6;7;8;9;10;11;12;13;14;15;16;17;18;19;20;21;22;23;24;25;26;27;28;29
B,12.96,p_hist,0.9993064472443177,0.9973068902801897,0.9996646498695336,30,0;1;2;3;4;5;6;7;8;9;10;11;12;13;14;15;16;17;18;19;20;21;22;23;24;25;26;27;28;29
B,12.97,p_hist,0.9988921088149861,0.9948996672419175,0.9996646498695336,30,0;1;2;3;4;5;6;7;8;9;10;11;12;13;14;15;16;17;18;19;20;21;22;23;24;25;26;27;28;29
B,12.98,p_hist,0.9990529482680218,0.9958978586301364,0.9996646498695336,30,0;1;2;3;4;5;6;7;8;9;10;11;12;13;14;15;16;17;18;19;20;21;22;23;24;25;26;27;28;29
B,12.99,p_hist,0.9990885117535655,0.9952376821094023,0.9996646498695336,30,0;1;2;3;4;5;6;7;8;9;10;11;12;13;14;15;16;17;18;19;20;21;22;23;24;25;26;27;28;29
B,13.0,p_hist,0.9993731022907987,0.9983172242892357,0.9996646498695336,30,0;1;2;3;4;5;6;7;8;9;10;11;12;13;14;15;16;17;18;19;20;21;22;23;24;25;26;27;28;29
B,13.01,p_hist,0.9991708580317358,0.9956090803086433,0.9996646498695336,30,0;1;2;3;4;5;6;7;8;9;10;11;12;13;14;15;16;17;18;19;20;21;22;23;24;25;26;27;28;29
B,13.02,p_hist,0.998332458204305,0.9884347841346344,0.9996646498695336,30,0;1;2;3;4;5;6;7;8;9;10;11;12;13;14;15;16;17;18;19;20;21;22;23;24;25;26;27;28;29
B,13.030000000000001,p_hist,0.9983863640070088,0.9894836608888655,0.9996646498695336,30,0;1;2;3;4;5;6;7;8;9;10;11;12;13;14;15;16;17;18;19;20;21;22;23;24;25;26;27;28;29
B,13.040000000000001,p_hist,0.9985315908353033,0.9914824039532403,0.9996646498695336,30,0;1;2;3;4;5;6;7;8;9;10;11;12;13;14;15;16;17;18;19;20;21;22;23;24;25;26;27;28;29
B,13.05,p_hist,0.9980087405239674,0.9825721692117747,0.9996646498695336,30,0;1;2;3;4;5;6;7;8;9;10;11;12;13;14;15;16;17;18;19;20;21;22;23;24;25;26;27;28;29
B,13.06,p_hist,0.9991414022678134,0.9966799314205045,0.9996646498695336,30,0;1;2;3;4;5;6;7;8;9;10;11;12;13;14;15;16;17;18;19;20;21;22;23;24;25;26;27;28;29
B,13.07,p_hist,0.998702651579767,0.99331059152876,0.9996646498695336,30,0;1;2;3;4;5;6;7;8;9;10;11;12;13;14;15;16;17;18;19;20;21;22;23;24;25;26;27;28;29
B,13.08,p_hist,0.9987902563167932,0.994446970109389,0.9996646498695336,30,0;1;2;3;4;5;6;7;8;9;10;11;12;13;14;15;16;17;18;19;20;21;22;23;24;25;26;27;28;29
B,13.09,p_hist,0.9990500950737361,0.9947130636018582,0.9996646498695336,30,0;1;2;3;4;5;6;7;8;9;10;11;12;13;14;15;16;17;18;19;20;21;22;23;24;25;26;27;28;29
B,13.1,p_hist,0.9970792496823062,0.9786770104707337,0.9996646498695336,30,0;1;2;3;4;5;6;7;8;9;10;11;12;13;14;15;16;17;18;19;20;21;22;23;24;25;26;27;28;29
B,13.11,p_hist,0.9987780778058828,0.992431993660367,0.9996646498695336,30,0;1;2;3;4;5;6;7;8;9;10;11;12;13;14;15;16;17;18;19;20;21;22;23;24;25;26;27;28;29
B,13.120000000000001,p_hist,0.9984517079957604,0.9897013338123004,0.9996646498695336,30,0;1;2;3;4;5;6;7;8;9;10;11;12;13;14;15;16;17;18;19;20;21;22;23;24;25;26;27;28;29
B,13.13,p_hist,0.9960206532395349,0.9712928521176816,0.9996646498695336,30,0;1;2;3;4;5;6;7;8;9;10;11;12;13;14;15;16;17;18;19;20;21;22;23;24;25;26;27;28;29
B,13.14,p_hist,0.9988601796707528,0.9939073704795937,0.9996646498695336,30,0;1;2;3;4;5;6;7;8;9;10;11;12;13;14;15;16;17;18;19;20;21;22;23;24;25;26;27;28;29
B,13.15,p_hist,0.9965535328756908,0.9783226372932355,0.9996646498695336,30,0;1;2;3;4;5;6;7;8;9;10;11;12;13;14;15;16;17;18;19;20;21;22;23;24;25;26;27;28;29
B,13.16,p_hist,0.9961695888112333,0.9737887697518082,0.9996646498695336,30,0;1;2;3;4;5;6;7;8;9;10;11;12;13;14;15;16;17;18;19;20;21;22;23;24;25;26;27;28;29
B,13.17,p_hist,0.998707316032435,0.9934572404030612,0.9996646498695336,30,0;1;2;3;4;5;6;7;8;9;10;11;12;13;14;15;16;17;18;19;20;21;22;23;24;25;26;27;28;29
B,13.18,p_hist,0.9986407148594706,0.9912282097624234,0.9996646498695336,30,0;1;2;3;4;5;6;7;8;9;10;11;12;13;14;15;16;17;18;19;20;21;22;23;24;25;26;27;28;29
B,13.19,p_hist,0.999164793042025,0.996121076768105,0.9996646498695336,30,0;1;2;3;4;5;6;7;8;9;10;11;12;13;14;15;16;17;18;19;20;21;22;23;24;25;26;27;28;29
B,13.200000000000001,p_hist,0.9990589241064171,0.9958600005228014,0.9996646498695336,30,0;1;2;3;4;5;6;7;8;9;10;11;12;13;14;15;16;17;18;19;20;21;22;23;24;25;26;27;28;29
B,13.21,p_hist,0.9986646221570553,0.9912068164410207,0.9996646498695336,30,0;1;2;3;4;5;6;7;8;9;10;11;12;13;14;15;16;17;18;19;20;21;22;23;24;25;26;27;28;29
B,13.22,p_hist,0.9993900561322514,0.9983361981682296,0.9996646498695336,30,0;1;2;3;4;5;6;7;8;9;10;11;12;13;14;15;16;17;18;19;20;21;22;23;24;25;26;27;28;29
B,13.23,p_hist,0.999151012700283,0.9970076626455341,0.9996646498695336,30,0;1;2;3;4;5;6;7;8;9;10;11;12;13;14;15;16;17;18;19;20;21;22;23;24;25;26;27;28;29
B,13.24,p_hist,0.9990502410343416,0.9949965152120687,0.9996646498695336,30,0;1;2;3;4;5;6;7;8;9;10;11;12;13;14;15;16;17;18;19;20;21;22;23;24;25;26;27;28;29
B,13.25,p_hist,0.9989345781252318,0.9962244745997502,0.9996646498695336,30,0;1;2;3;4;5;6;7;8;9;10;11;12;13;14;15;16;17;18;19;20;21;22;23;24;25;26;27;28;29
B,13.26,p_hist,0.9984248864057192,0.994685341676955,0.9996646498695336,30,0;1;2;3;4;5;6;7;8;9;10;11;12;13;14;15;16;17;18;19;20;21;22;23;24;25;26;27;28;29
B,13.27,p_hist,0.9970864142234253,0.9797983249213291,0.9996646498695336,30,0;1;2;3;4;5;6;7;8;9;10;11;12;13;14;15;16;17;18;19;20;21;22;23;24;25;26;27;28;29
B,13.280000000000001,p_hist,0.9987637701673245,0.9933183843546048,0.9996646498695336,30,0;1;2;3;4;5;6;7;8;9;10;11;12;13;14;15;16;17;18;19;20;21;22;23;24;25;26;27;28;29
B,13.290000000000001,p_hist,0.9987306118987734,0.993171934502325,0.9996646498695336,30,0;1;2;3;4;5;6;7;8;9;10;11;12;13;14;15;16;17;18;19;20;21;22;23;24;25;26;27;28;29
B,13.3,p_hist,0.9987328245113645,0.9917813679820452,0.9996646498695336,30,0;1;2;3;4;5;6;7;8;9;10;11;12;13;14;15;16;17;18;19;20;21;22;23;24;25;26;27;28;29
B,13.31,p_hist,0.9986235068505785,0.9910332185263693,0.9996646498695336,30,0;1;2;3;4;5;6;7;8;9;10;11;12;13;14;15;16;17;18;19;20;21;22;23;24;25;26;27;28;29
B,13.32,p_hist,0.9982981047910067,0.9856902491349974,0.9996646498695336,30,0;1;2;3;4;5;6;7;8;9;10;11;12;13;14;15;16;17;18;19;20;21;22;23;24;25;26;27;28;29
B,13.33,p_hist,0.9974837032957707,0.9731576444804231,0.9996646498695336,30,0;1;2;3;4;5;6;7;8;9;10;11;12;13;14;15;16;17;18;19;20;21;22;23;24;25;26;27;28;29
B,13.34,p_hist,0.9954123411249287,0.9650218452809792,0.9996646498695336,30,0;1;2;3;4;5;6;7;8;9;10;11;12;13;14;15;16;17;18;19;20;21;22;23;24;25;26;27;28;29
B,13.35,p_hist,0.9873636267858008,0.8947168555425788,0.9996646498695336,30,0;1;2;3;4;5;6;7;8;9;10;11;12;13;14;15;16;17;18;19;20;21;22;23;24;25;26;27;28;29
B,13.36,p_hist,0.9968346900102844,0.9763856130236407,0.9996646498695336,30,0;1;2;3;4;5;6;7;8;9;10;11;12;13;14;15;16;17;18;19;20;21;22;23;24;25;26;27;28;29
B,13.370000000000001,p_hist,0.9993667328322758,0.9976494937246863,0.9996646498695336,30,0;1;2;3;4;5;6;7;8;9;10;11;12;13;14;15;16;17;18;19;20;21;22;23;24;25;26;27;28;29
B,13.38,p_hist,0.9993947501514012,0.9980781675990329,0.9996646498695336,30,0;1;2;3;4;5;6;7;8;9;10;11;12;13;14;15;16;17;18;19;20;21;22;23;24;25;26;27;28;29
B,13.39,p_hist,0.9990776041886905,0.9952815436249581,0.9996646498695336,30,0;1;2;3;4;5;6;7;8;9;10;11;12;13;14;15;16;17;18;19;20;21;22;23;24;25;26;27;28;29
B,13.4,p_hist,0.9990642558960627,0.9958670030791235,0.9996646498695336,30,0;1;2;3;4;5;6;7;8;9;10;11;12;13;14;15;16;17;18;19;20;21;22;23;24;25;26;27;28;29
B,13.41,p_hist,0.9977354052931068,0.9845880352442324,0.9996646498695336,30,0;1;2;3;4;5;6;7;8;9;10;11;12;13;14;15;16;17;18;19;20;21;22;23;24;25;26;27;28;29
B,13.42,p_hist,0.996038792280271,0.9680833087221843,0.9996646498695336,30,0;1;2;3;4;5;6;7;8;9;10;11;12;13;14;15;16;17;18;19;20;21;22;23;24;25;26;27;28;29
B,13.43,p_hist,0.9918058402547013,0.9329151298484614,0.9996646498695336,30,0;1;2;3;4;5;6;7;8;9;10;11;12;13;14;15;16;17;18;19;20;21;22;23;24;25;26;27;28;29
B,13.44,p_hist,0.9980636744494561,0.985941100752987,0.9996646498695336,30,0;1;2;3;4;5;6;7;8;9;10;11;12;13;14;15;16;17;18;19;20;21;22;23;24;25;26;27;28;29
B,13.450000000000001,p_hist,0.9985084661232693,0.9912435976028273,0.9996646498695336,30,0;1;2;3;4;5;6;7;8;9;10;11;12;13;14;15;16;17;18;19;20;21;22;23;24;25;26;27;28;29
B,13.46,p_hist,0.9989427285560883,0.994587931865436,0.9996646498695336,30,0;1;2;3;4;5;6;7;8;9;10;11;12;13;14;15;16;17;18;19;20;21;22;23;24;25;26;27;28;29
B,13.47,p_hist,0.9992442547990958,0.9961663389741096,0.9996646498695336,30,0;1;2;3;4;5;6;7;8;9;10;11;12;13;14;15;16;17;18;19;20;21;22;23;24;25;26;27;28;29
B,13.48,p_hist,0.9986415531297507,0.9905894974915286,0.9996646498695336,30,0;1;2;3;4;5;6;7;8;9;10;11;12;13;14;15;16;17;18;19;20;21;22;23;24;25;26;27;28;29
B,13.49,p_hist,0.9993038200824184,0.9966846260273812,0.9996646498695336,30,0;1;2;3;4;5;6;7;8;9;10;11;12;13;14;15;16;17;18;19;20;21;22;23;24;25;26;27;28;29
B,13.5,p_hist,0.9993209355876884,0.9965656633829671,0.9996646498695336,30,0;1;2;3;4;5;6;7;8;9;10;11;12;13;14;15;16;17;18;19;20;21;22;23;24;25;26;27;28;29
B,13.51,p_hist,0.999437130838167,0.9984533962445015,0.9996646498695336,30,0;1;2;3;4;5;6;7;8;9;10;11;12;13;14;15;16;17;18;19;20;21;22;23;24;25;26;27;28;29
B,13.52,p_hist,0.9993428200549516,0.9962948924843766,0.9996646498695336,30,0;1;2;3;4;5;6;7;8;9;10;11;12;13;14;15;16;17;18;19;20;21;22;23;24;25;26;27;28;29
B,13.530000000000001,p_hist,0.9988851251531167,0.9927832760431312,0.9996646498695336,30,0;1;2;3;4;5;6;7;8;9;10;11;12;13;14;15;16;17;18;19;20;21;22;23;24;25;26;27;28;29
B,13.540000000000001,p_hist,0.9984313437899751,0.9903147543241715,0.9996646498695336,30,0;1;2;3;4;5;6;7;8;9;10;11;12;13;14;15;16;17;18;19;20;21;22;23;24;25;26;27;28;29
B,13.55,p_hist,0.9988315289431771,0.992504670365255,0.9996646498695336,30,0;1;2;3;4;5;6;7;8;9;10;11;12;13;14;15;16;17;18;19;20;21;22;23;24;25;26;27;28;29
B,13.56,p_hist,0.9976689233118246,0.9822483644186025,0.9996646498695336,30,0;1;2;3;4;5;6;7;8;9;10;11;12;13;14;15;16;17;18;19;20;21;22;23;24;25;26;27;28;29
B,13.57,p_hist,0.9978409375400585,0.9870132272200707,0.9996646498695336,30,0;1;2;3;4;5;6;7;8;9;10;11;12;13;14;15;16;17;18;19;20;21;22;23;24;25;26;27;28;29
B,13.58,p_hist,0.998598044077282,0.9909380829033894,0.9996646498695336,30,0;1;2;3;4;5;6;7;8;9;10;11;12;13;14;15;16;17;18;19;20;21;22;23;24;25;26;27;28;29
B,13.59,p_hist,0.9989149182378664,0.9939863026602271,0.9996646498695336,30,0;1;2;3;4;5;6;7;8;9;10;11;12;13;14;15;16;17;18;19;20;21;22;23;24;25;26;27;28;29
B,13.6,p_hist,0.9989935938629826,0.9944323743764667,0.9996646498695336,30,0;1;2;3;4;5;6;7;8;9;10;11;12;13;14;15;16;17;18;19;20;21;22;23;24;25;26;27;28;29
B,13.61,p_hist,0.9986717449946151,0.9932434772495592,0.9996646498695336,30,0;1;2;3;4;5;6;7;8;9;10;11;12;13;14;15;16;17;18;19;20;21;22;23;24;25;26;27;28;29
B,13.620000000000001,p_hist,0.9987386223377065,0.9906648561203193,0.9996646498695336,30,0;1;2;3;4;5;6;7;8;9;10;11;12;13;14;15;16;17;18;19;20;21;22;23;24;25;26;27;28;29
B,13.63,p_hist,0.999396195196961,0.9982688663459851,0.9996646498695336,30,0;1;2;3;4;5;6;7;8;9;10;11;12;13;14;15;16;17;18;19;20;21;22;23;24;25;26;27;28;29
B,13.64,p_hist,0.9991803150693158,0.9960224920642332,0.9996646498695336,30,0;1;2;3;4;5;6;7;8;9;10;11;12;13;14;15;16;17;18;19;20;21;22;23;24;25;26;27;28;29
B,13.65,p_hist,0.9986969998414614,0.9913484019674719,0.9996646498695336,30,0;1;2;3;4;5;6;7;8;9;10;11;12;13;14;15;16;17;18;19;20;21;22;23;24;25;26;27;28;29
B,13.66,p_hist,0.9973946619391374,0.9806205930496609,0.9996646498695336,30,0;1;2;3;4;5;6;7;8;9;10;11;12;13;14;15;16;17;18;19;20;21;22;23;24;25;26;27;28;29
B,13.67,p_hist,0.9976419067294802,0.9834610696515531,0.9996646498695336,30,0;1;2;3;4;5;6;7;8;9;10;11;12;13;14;15;16;17;18;19;20;21;22;23;24;25;26;27;28;29
B,13.68,p_hist,0.9992479072024669,0.9974567324497216,0.9996646498695336,30,0;1;2;3;4;5;6;7;8;9;10;11;12;13;14;15;16;17;18;19;20;21;22;23;24;25;26;27;28;29
B,13.69,p_hist,0.9986068124999147,0.993756884359321,0.9996646498695336,30,0;1;2;3;4;5;6;7;8;9;10;11;12;13;14;15;16;17;18;19;20;21;22;23;24;25;26;27;28;29
B,13.700000000000001,p_hist,0.9980914753030661,0.9871910191209357,0.9996646498695336,30,0;1;2;3;4;5;6;7;8;9;10;11;12;13;14;15;16;17;18;19;20;21;22;23;24;25;26;27;28;29
B,13.71,p_hist,0.9985631647911465,0.9916404773724229,0.9996646498695336,30,0;1;2;3;4;5;6;7;8;9;10;11;12;13;14;15;16;17;18;19;20;21;22;23;24;25;26;27;28;29
B,13.72,p_hist,0.9989192745554106,0.9937486795611555,0.9996646498695336,30,0;1;2;3;4;5;6;7;8;9;10;11;12;13;14;15;16;17;18;19;20;21;22;23;24;25;26;27;28;29
B,13.73,p_hist,0.9977353819014939,0.9842377382412812,0.9996646498695336,30,0;1;2;3;4;5;6;7;8;9;10;11;12;13;14;15;16;17;18;19;20;21;22;23;24;25;26;27;28;29
B,13.74,p_hist,0.9985872350714075,0.9912192050044873,0.9996646498695336,30,0;1;2;3;4;5;6;7;8;9;10;11;12;13;14;15;16;17;18;19;20;21;22;23;24;25;26;27;28;29
B,13.75,p_hist,0.9983905004068493,0.9891933665428034,0.9996646498695336,30,0;1;2;3;4;5;6;7;8;9;10;11;12;13;14;15;16;17;18;19;20;21;22;23;24;25;26;27;28;29
B,13.76,p_hist,0.9985182515992354,0.9899607290727085,0.9996646498695336,30,0;1;2;3;4;5;6;7;8;9;10;11;12;13;14;15;16;17;18;19;20;21;22;23;24;25;26;27;28;29
B,13.77,p_hist,0.9987251108556467,0.9930136981992717,0.9996646498695336,30,0;1;2;3;4;5;6;7;8;9;10;11;12;13;14;15;16;17;18;19;20;21;22;23;24;25;26;27;28;29
B,13.780000000000001,p_hist,0.9987863402108156,0.9928826650749631,0.9996646498695336,30,0;1;2;3;4;5;6;7;8;9;10;11;12;13;14;15;16;17;18;19;20;21;22;23;24;25;26;27;28;29
B,13.790000000000001,p_hist,0.9994319272344249,0.9984069962900767,0.9996646498695336,30,0;1;2;3;4;5;6;7;8;9;10;11;12;13;14;15;16;17;18;19;20;21;22;23;24;25;26;27;28;29
B,13.8,p_hist,0.9992835431755104,0.9975881862797353,0.9996646498695336,30,0;1;2;3;4;5;6;7;8;9;10;11;12;13;14;15;16;17;18;19;20;21;22;23;24;25;26;27;28;29
B,13.81,p_hist,0.9992947415163177,0.9975161166968936,0.9996646498695336,30,0;1;2;3;4;5;6;7;8;9;10;11;12;13;14;15;16;17;18;19;20;21;22;23;24;25;26;27;28;29
B,13.82,p_hist,0.9987873509466733,0.9943091561016608,0.9996646498695336,30,0;1;2;3;4;5;6;7;8;9;10;11;12;13;14;15;16;17;18;19;20;21;22;23;24;25;26;27;28;29
B,13.83,p_hist,0.9986935524329029,0.9933018542745434,0.9996646498695336,30,0;1;2;3;4;5;6;7;8;9;10;11;12;13;14;15;16;17;18;19;20;21;22;23;24;25;26;27;28;29
B,13.84,p_hist,0.9991326640322532,0.9961831102778744,0.9996646498695336,30,0;1;2;3;4;5;6;7;8;9;10;11;12;13;14;15;16;17;18;19;20;21;22;23;24;25;26;27;28;29
B,13.85,p_hist,0.9991389742116435,0.9970386646785014,0.9996646498695336,30,0;1;2;3;4;5;6;7;8;9;10;11;12;13;14;15;16;17;18;19;20;21;22;23;24;25;26;27;28;29
B,13.86,p_hist,0.9987621792605765,0.9938859931485673,0.9996646498695336,30,0;1;2;3;4;5;6;7;8;9;10;11;12;13;14;15;16;17;18;19;20;21;22;23;24;25;26;27;28;29
B,13.870000000000001,p_hist,0.9989063540190415,0.9905658916586835,0.9996646498695336,30,0;1;2;3;4;5;6;7;8;9;10;11;12;13;14;15;16;17;18;19;20;21;22;23;24;25;26;27;28;29
B,13.88,p_hist,0.999202446948239,0.9974327905454883,0.9996646498695336,30,0;1;2;3;4;5;6;7;8;9;10;11;12;13;14;15;16;17;18;19;20;21;22;23;24;25;26;27;28;29
B,13.89,p_hist,0.9992436897125864,0.9958986755586479,0.9996646498695336,30,0;1;2;3;4;5;6;7;8;9;10;11;12;13;14;15;16;17;18;19;20;21;22;23;24;25;26;27;28;29
B,13.9,p_hist,0.9978539025358629,0.9808186492269412,0.9996646498695336,30,0;1;2;3;4;5;6;7;8;9;10;11;12;13;14;15;16;17;18;19;20;21;22;23;24;25;26;27;28;29
B,13.91,p_hist,0.9980938159025574,0.983827368375362,0.9996646498695336,30,0;1;2;3;4;5;6;7;8;9;10;11;12;13;14;15;16;17;18;19;20;21;22;23;24;25;26;27;28;29
B,13.92,p_hist,0.9991105200905649,0.9967489496470807,0.9996646498695336,30,0;1;2;3;4;5;6;7;8;9;10;11;12;13;14;15;16;17;18;19;20;21;22;23;24;25;26;27;28;29
B,13.93,p_hist,0.9989206128129534,0.9927224874460719,0.9996646498695336,30,0;1;2;3;4;5;6;7;8;9;10;11;12;13;14;15;16;17;18;19;20;21;22;23;24;25;26;27;28;29
B,13.94,p_hist,0.9989960739636854,0.9961656243834758,0.9996646498695336,30,0;1;2;3;4;5;6;7;8;9;10;11;12;13;14;15;16;17;18;19;20;21;22;23;24;25;26;27;28;29
B,13.950000000000001,p_hist,0.9986242192629563,0.9927699842753975,0.9996646498695336,30,0;1;2;3;4;5;6;7;8;9;10;11;12;13;14;15;16;17;18;19;20;21;22;23;24;25;26;27;28;29
B,13.96,p_hist,0.9976028324326944,0.9765000112531169,0.9996646498695336,30,0;1;2;3;4;5;6;7;8;9;10;11;12;13;14;15;16;17;18;19;20;21;22;23;24;25;26;27;28;29
B,13.97,p_hist,0.9991863840135118,0.995123684193993,0.9996646498695336,30,0;1;2;3;4;5;6;7;8;9;10;11;12;13;14;15;16;17;18;19;20;21;22;23;24;25;26;27;28;29
B,13.98,p_hist,0.9986809755947894,0.9926984445096083,0.9996646498695336,30,0;1;2;3;4;5;6;7;8;9;10;11;12;13;14;15;16;17;18;19;20;21;22;23;24;25;26;27;28;29
B,13.99,p_hist,0.998269079645211,0.9895468593908995,0.9996646498695336,30,0;1;2;3;4;5;6;7;8;9;10;11;12;13;14;15;16;17;18;19;20;21;22;23;24;25;26;27;28;29
B,14.0,p_hist,0.9977452361441314,0.9820299059971098,0.9996646498695336,30,0;1;2;3;4;5;6;7;8;9;10;11;12;13;14;15;16;17;18;19;20;21;22;23;24;25;26;27;28;29
B,14.01,p_hist,0.9968096390418851,0.9759150481937989,0.9996646498695336,30,0;1;2;3;4;5;6;7;8;9;10;11;12;13;14;15;16;17;18;19;20;21;22;23;24;25;26;27;28;29
B,14.02,p_hist,0.9992740965965525,0.9973089411239232,0.9996646498695336,30,0;1;2;3;4;5;6;7;8;9;10;11;12;13;14;15;16;17;18;19;20;21;22;23;24;25;26;27;28;29
B,14.030000000000001,p_hist,0.9990950693677091,0.9950406558146413,0.9996646498695336,30,0;1;2;3;4;5;6;7;8;9;10;11;12;13;14;15;16;17;18;19;20;21;22;23;24;25;26;27;28;29
B,14.040000000000001,p_hist,0.9994989951610439,0.9982957121667531,0.9996646498695336,30,0;1;2;3;4;5;6;7;8;9;10;11;12;13;14;15;16;17;18;19;20;21;22;23;24;25;26;27;28;29
B,14.05,p_hist,0.999031585073326,0.9951601805640473,0.9996646498695336,30,0;1;2;3;4;5;6;7;8;9;10;11;12;13;14;15;16;17;18;19;20;21;22;23;24;25;26;27;28;29
B,14.06,p_hist,0.9988297684969273,0.9932572320337694,0.9996646498695336,30,0;1;2;3;4;5;6;7;8;9;10;11;12;13;14;15;16;17;18;19;20;21;22;23;24;25;26;27;28;29
B,14.07,p_hist,0.9993859840596798,0.9970366053266606,0.9996646498695336,30,0;1;2;3;4;5;6;7;8;9;10;11;12;13;14;15;16;17;18;19;20;21;22;23;24;25;26;27;28;29
B,14.08,p_hist,0.9989318256236985,0.994455529558061,0.9996646498695336,30,0;1;2;3;4;5;6;7;8;9;10;11;12;13;14;15;16;17;18;19;20;21;22;23;24;25;26;27;28;29
B,14.09,p_hist,0.9975487599767942,0.9802235904229618,0.9996646498695336,30,0;1;2;3;4;5;6;7;8;9;10;11;12;13;14;15;16;17;18;19;20;21;22;23;24;25;26;27;28;29
B,14.1,p_hist,0.9973296496475119,0.981296429301438,0.9996646498695336,30,0;1;2;3;4;5;6;7;8;9;10;11;12;13;14;15;16;17;18;19;20;21;22;23;24;25;26;27;28;29
B,14.11,p_hist,0.9972847074600452,0.9731777208160526,0.9996646498695336,30,0;1;2;3;4;5;6;7;8;9;10;11;12;13;14;15;16;17;18;19;20;21;22;23;24;25;26;27;28;29
B,14.120000000000001,p_hist,0.9961874178426676,0.9556721552440384,0.9996646498695336,30,0;1;2;3;4;5;6;7;8;9;10;11;12;13;14;15;16;17;18;19;20;21;22;23;24;25;26;27;28;29
B,14.13,p_hist,0.9913596347998404,0.9105282273856261,0.9996646498695336,30,0;1;2;3;4;5;6;7;8;9;10;11;12;13;14;15;16;17;18;19;20;21;22;23;24;25;26;27;28;29
B,14.14,p_hist,0.9991360448117338,0.9967588168269704,0.9996646498695336,30,0;1;2;3;4;5;6;7;8;9;10;11;12;13;14;15;16;17;18;19;20;21;22;23;24;25;26;27;28;29
B,14.15,p_hist,0.9992287830470502,0.9966537074017727,0.9996646498695336,30,0;1;2;3;4;5;6;7;8;9;10;11;12;13;14;15;16;17;18;19;20;21;22;23;24;25;26;27;28;29
B,14.16,p_hist,0.9983202979072687,0.9888297742557839,0.9996646498695336,30,0;1;2;3;4;5;6;7;8;9;10;11;12;13;14;15;16;17;18;19;20;21;22;23;24;25;26;27;28;29
B,14.17,p_hist,0.9982268968035943,0.9853953070739565,0.9996646498695336,30,0;1;2;3;4;5;6;7;8;9;10;11;12;13;14;15;16;17;18;19;20;21;22;23;24;25;26;27;28;29
B,14.18,p_hist,0.998434595000445,0.9844123767747601,0.9996646498695336,30,0;1;2;3;4;5;6;7;8;9;10;11;12;13;14;15;16;17;18;19;20;21;22;23;24;25;26;27;28;29
B,14.19,p_hist,0.9966591220921324,0.9752140902695599,0.9996646498695336,30,0;1;2;3;4;5;6;7;8;9;10;11;12;13;14;15;16;17;18;19;20;21;22;23;24;25;26;27;28;29
B,14.200000000000001,p_hist,0.9943846957118353,0.9573030117762968,0.9996646498695336,30,0;1;2;3;4;5;6;7;8;9;10;11;12;13;14;15;16;17;18;19;20;21;22;23;24;25;26;27;28;29
B,14.21,p_hist,0.9934022190596169,0.9462295166059479,0.9996646498695336,30,0;1;2;3;4;5;6;7;8;9;10;11;12;13;14;15;16;17;18;19;20;21;22;23;24;25;26;27;28;29
B,14.22,p_hist,0.9851734146346741,0.8802735360637401,0.9996646498695336,30,0;1;2;3;4;5;6;7;8;9;10;11;12;13;14;15;16;17;18;19;20;21;22;23;24;25;26;27;28;29
B,14.23,p_hist,0.9984774755709508,0.9928947229404365,0.9996646498695336,30,0;1;2;3;4;5;6;7;8;9;10;11;12;13;14;15;16;17;18;19;20;21;22;23;24;25;26;27;28;29
B,14.24,p_hist,0.9991719429657581,0.9967496338181409,0.9996646498695336,30,0;1;2;3;4;5;6;7;8;9;10;11;12;13;14;15;16;17;18;19;20;21;22;23;24;25;26;27;28;29
B,14.25,p_hist,0.9987927380539239,0.9939264941163286,0.9996646498695336,30,0;1;2;3;4;5;6;7;8;9;10;11;12;13;14;15;16;17;18;19;20;21;22;23;24;25;26;27;28;29
B,14.26,p_hist,0.9983411765953569,0.9919730808800609,0.9996646498695336,30,0;1;2;3;4;5;6;7;8;9;10;11;12;13;14;15;16;17;18;19;20;21;22;23;24;25;26;27;28;29
B,14.27,p_hist,0.997431407042136,0.9800610506581319,0.9996646498695336,30,0;1;2;3;4;5;6;7;8;9;10;11;12;13;14;15;16;17;18;19;20;21;22;23;24;25;26;27;28;29
B,14.280000000000001,p_hist,0.9960789112332945,0.9714472698187439,0.9996646498695336,30,0;1;2;3;4;5;6;7;8;9;10;11;12;13;14;15;16;17;18;19;20;21;22;23;24;25;26;27;28;29
B,14.290000000000001,p_hist,0.9938424717388333,0.9296174222092947,0.9996646498695336,30,0;1;2;3;4;5;6;7;8;9;10;11;12;13;14;15;16;17;18;19;20;21;22;23;24;25;26;27;28;29
B,14.3,p_hist,0.9906724450704715,0.9183242714254077,0.9996646498695336,30,0;1;2;3;4;5;6;7;8;9;10;11;12;13;14;15;16;17;18;19;20;21;22;23;24;25;26;27;28;29
B,14.31,p_hist,0.9954773705157636,0.9620193800104277,0.9996646498695336,30,0;1;2;3;4;5;6;7;8;9;10;11;12;13;14;15;16;17;18;19;20;21;22;23;24;25;26;27;28;29
B,14.32,p_hist,0.9976402763087185,0.9839522467587863,0.9996646498695336,30,0;1;2;3;4;5;6;7;8;9;10;11;12;13;14;15;16;17;18;19;20;21;22;23;24;25;26;27;28;29
B,14.33,p_hist,0.9980069001620697,0.9868090997221877,0.9996646498695336,30,0;1;2;3;4;5;6;7;8;9;10;11;12;13;14;15;16;17;18;19;20;21;22;23;24;25;26;27;28;29
B,14.34,p_hist,0.9949223274014758,0.9575291236354664,0.9996646498695336,30,0;1;2;3;4;5;6;7;8;9;10;11;12;13;14;15;16;17;18;19;20;21;22;23;24;25;26;27;28;29
B,14.35,p_hist,0.9973103914440588,0.9805335476253827,0.9996646498695336,30,0;1;2;3;4;5;6;7;8;9;10;11;12;13;14;15;16;17;18;19;20;21;22;23;24;25;26;27;28;29
B,14.36,p_hist,0.999342690583654,0.9977786586260562,0.9996646498695336,30,0;1;2;3;4;5;6;7;8;9;10;11;12;13;14;15;16;17;18;19;20;21;22;23;24;25;26;27;28;29
B,14.370000000000001,p_hist,0.9991712110718757,0.995908461961208,0.9996646498695336,30,0;1;2;3;4;5;6;7;8;9;10;11;12;13;14;15;16;17;18;19;20;21;22;23;24;25;26;27;28;29
B,14.38,p_hist,0.9992087441721151,0.9954902001506898,0.9996646498695336,30,0;1;2;3;4;5;6;7;8;9;10;11;12;13;14;15;16;17;18;19;20;21;22;23;24;25;26;27;28;29
B,14.39,p_hist,0.9988302550114889,0.9943067861543354,0.9996646498695336,30,0;1;2;3;4;5;6;7;8;9;10;11;12;13;14;15;16;17;18;19;20;21;22;23;24;25;26;27;28;29
B,14.4,p_hist,0.9985444722815574,0.9910836845645673,0.9996646498695336,30,0;1;2;3;4;5;6;7;8;9;10;11;12;13;14;15;16;17;18;19;20;21;22;23;24;25;26;27;28;29
B,14.41,p_hist,0.9982450758360514,0.9865425404416565,0.9996646498695336,30,0;1;2;3;4;5;6;7;8;9;10;11;12;13;14;15;16;17;18;19;20;21;22;23;24;25;26;27;28;29
B,14.42,p_hist,0.9951289028663385,0.9405419258173064,0.9996646498695336,30,0;1;2;3;4;5;6;7;8;9;10;11;12;13;14;15;16;17;18;19;20;21;22;23;24;25;26;27;28;29
B,14.43,p_hist,0.9921690729590158,0.9399400615625859,0.9996646498695336,30,0;1;2;3;4;5;6;7;8;9;10;11;12;13;14;15;16;17;18;19;20;21;22;23;24;25;26;27;28;29
B,14.44,p_hist,0.9988311855038049,0.994953245216718,0.9996646498695336,30,0;1;2;3;4;5;6;7;8;9;10;11;12;13;14;15;16;17;18;19;20;21;22;23;24;25;26;27;28;29
B,14.450000000000001,p_hist,0.9988181883053572,0.9936373357531866,0.9996646498695336,30,0;1;2;3;4;5;6;7;8;9;10;11;12;13;14;15;16;17;18;19;20;21;22;23;24;25;26;27;28;29
B,14.46,p_hist,0.9980230943085188,0.9867300339554751,0.9996646498695336,30,0;1;2;3;4;5;6;7;8;9;10;11;12;13;14;15;16;17;18;19;20;21;22;23;24;25;26;27;28;29
B,14.47,p_hist,0.9945849091633561,0.9578500811342934,0.9996646498695336,30,0;1;2;3;4;5;6;7;8;9;10;11;12;13;14;15;16;17;18;19;20;21;22;23;24;25;26;27;28;29
B,14.48,p_hist,0.9993394725403355,0.9977138082874624,0.9996646498695336,30,0;1;2;3;4;5;6;7;8;9;10;11;12;13;14;15;16;17;18;19;20;21;22;23;24;25;26;27;28;29
B,14.49,p_hist,0.9990751599606535,0.9954575175555184,0.9996646498695336,30,0;1;2;3;4;5;6;7;8;9;10;11;12;13;14;15;16;17;18;19;20;21;22;23;24;25;26;27;28;29
B,14.5,p_hist,0.9986603982442259,0.9929484335193665,0.9996646498695336,30,0;1;2;3;4;5;6;7;8;9;10;11;12;13;14;15;16;17;18;19;20;21;22;23;24;25;26;27;28;29
B,14.51,p_hist,0.9989226770314725,0.9941859473820704,0.9996646498695336,30,0;1;2;3;4;5;6;7;8;9;10;11;12;13;14;15;16;17;18;19;20;21;22;23;24;25;26;27;28;29
B,14.52,p_hist,0.9971483149646081,0.9810233283164638,0.9996646498695336,30,0;1;2;3;4;5;6;7;8;9;10;11;12;13;14;15;16;17;18;19;20;21;22;23;24;25;26;27;28;29
B,14.530000000000001,p_hist,0.9940562477226246,0.9547489767613945,0.9996646498695336,30,0;1;2;3;4;5;6;7;8;9;10;11;12;13;14;15;16;17;18;19;20;21;22;23;24;25;26;27;28;29
B,14.540000000000001,p_hist,0.9949041272517836,0.9580181180894617,0.9996646498695336,30,0;1;2;3;4;5;6;7;8;9;10;11;12;13;14;15;16;17;18;19;20;21;22;23;24;25;26;27;28;29
B,14.55,p_hist,0.9992265603146874,0.9971312164379333,0.9996646498695336,30,0;1;2;3;4;5;6;7;8;9;10;11;12;13;14;15;16;17;18;19;20;21;22;23;24;25;26;27;28;29
B,14.56,p_hist,0.9992238447199909,0.9963651020809375,0.9996646498695336,30,0;1;2;3;4;5;6;7;8;9;10;11;12;13;14;15;16;17;18;19;20;21;22;23;24;25;26;27;28;29
B,14.57,p_hist,0.9993034856248835,0.9982401792243275,0.9996646498695336,30,0;1;2;3;4;5;6;7;8;9;10;11;12;13;14;15;16;17;18;19;20;21;22;23;24;25;26;27;28;29
B,14.58,p_hist,0.9984391554116395,0.9920588411483646,0.9996646498695336,30,0;1;2;3;4;5;6;7;8;9;10;11;12;13;14;15;16;17;18;19;20;21;22;23;24;25;26;27;28;29
B,14.59,p_hist,0.9961314807078357,0.9700360369804363,0.9996646498695336,30,0;1;2;3;4;5;6;7;8;9;10;11;12;13;14;15;16;17;18;19;20;21;22;23;24;25;26;27;28;29
B,14.6,p_hist,0.9912694599730308,0.939092086207949,0.9996646498695336,30,0;1;2;3;4;5;6;7;8;9;10;11;12;13;14;15;16;17;18;19;20;21;22;23;24;25;26;27;28;29
B,14.61,p_hist,0.9942196807290402,0.9481337167217025,0.9996646498695336,30,0;1;2;3;4;5;6;7;8;9;10;11;12;13;14;15;16;17;18;19;20;21;22;23;24;25;26;27;28;29
B,14.620000000000001,p_hist,0.9968485829034887,0.9787825544043822,0.9996646498695336,30,0;1;2;3;4;5;6;7;8;9;10;11;12;13;14;15;16;17;18;19;20;21;22;23;24;25;26;27;28;29
B,14.63,p_hist,0.9906506114766569,0.9255736023491011,0.9996646498695336,30,0;1;2;3;4;5;6;7;8;9;10;11;12;13;14;15;16;17;18;19;20;21;22;23;24;25;26;27;28;29
B,14.64,p_hist,0.9983002367105315,0.9862817020597352,0.9996646498695336,30,0;1;2;3;4;5;6;7;8;9;10;11;12;13;14;15;16;17;18;19;20;21;22;23;24;25;26;27;28;29
B,14.65,p_hist,0.9986851140445899,0.9940958254774079,0.9996646498695336,30,0;1;2;3;4;5;6;7;8;9;10;11;12;13;14;15;16;17;18;19;20;21;22;23;24;25;26;27;28;29
B,14.66,p_hist,0.9973400415023321,0.984848805742251,0.9996646498695336,30,0;1;2;3;4;5;6;7;8;9;10;11;12;13;14;15;16;17;18;19;20;21;22;23;24;25;26;27;28;29
B,14.67,p_hist,0.9967959782802236,0.9806855534976004,0.9996646498695336,30,0;1;2;3;4;5;6;7;8;9;10;11;12;13;14;15;16;17;18;19;20;21;22;23;24;25;26;27;28;29
B,14.68,p_hist,0.9970055647389766,0.9753994228684669,0.9996646498695336,30,0;1;2;3;4;5;6;7;8;9;10;11;12;13;14;15;16;17;18;19;20;21;22;23;24;25;26;27;28;29
B,14.69,p_hist,0.9928331072791446,0.9386083227674326,0.9996646498695336,30,0;1;2;3;4;5;6;7;8;9;10;11;12;13;14;15;16;17;18;19;20;21;22;23;24;25;26;27;28;29
B,14.700000000000001,p_hist,0.9948938699021247,0.9621426429937083,0.9996646498695336,30,0;1;2;3;4;5;6;7;8;9;10;11;12;13;14;15;16;17;18;19;20;21;22;23;24;25;26;27;28;29
B,14.71,p_hist,0.9985048283672352,0.9904599044124224,0.9996646498695336,30,0;1;2;3;4;5;6;7;8;9;10;11;12;13;14;15;16;17;18;19;20;21;22;23;24;25;26;27;28;29
B,14.72,p_hist,0.9990875949209682,0.9966116411475949,0.9996646498695336,30,0;1;2;3;4;5;6;7;8;9;10;11;12;13;14;15;16;17;18;19;20;21;22;23;24;25;26;27;28;29
B,14.73,p_hist,0.9983618468639869,0.9906498020259741,0.9996646498695336,30,0;1;2;3;4;5;6;7;8;9;10;11;12;13;14;15;16;17;18;19;20;21;22;23;24;25;26;27;28;29
B,14.74,p_hist,0.9990270209624674,0.9945687539690071,0.9996646498695336,30,0;1;2;3;4;5;6;7;8;9;10;11;12;13;14;15;16;17;18;19;20;21;22;23;24;25;26;27;28;29
B,14.75,p_hist,0.9989171530392738,0.9943140053315711,0.9996646498695336,30,0;1;2;3;4;5;6;7;8;9;10;11;12;13;14;15;16;17;18;19;20;21;22;23;24;25;26;27;28;29
B,14.76,p_hist,0.9987848967061471,0.99340532363383,0.9996646498695336,30,0;1;2;3;4;5;6;7;8;9;10;11;12;13;14;15;16;17;18;19;20;21;22;23;24;25;26;27;28;29
B,14.77,p_hist,0.9972255521345562,0.9759802945259101,0.9996646498695336,30,0;1;2;3;4;5;6;7;8;9;10;11;12;13;14;15;16;17;18;19;20;21;22;23;24;25;26;27;28;29
B,14.780000000000001,p_hist,0.9919590670312378,0.9190344976643503,0.9996646498695336,30,0;1;2;3;4;5;6;7;8;9;10;11;12;13;14;15;16;17;18;19;20;21;22;23;24;25;26;27;28;29
B,14.790000000000001,p_hist,0.9899753932904662,0.892498905110424,0.9996646498695336,30,0;1;2;3;4;5;6;7;8;9;10;11;12;13;14;15;16;17;18;19;20;21;22;23;24;25;26;27;28;29
B,14.8,p_hist,0.9894580436489379,0.9153846205546984,0.9996646498695336,30,0;1;2;3;4;5;6;7;8;9;10;11;12;13;14;15;16;17;18;19;20;21;22;23;24;25;26;27;28;29
B,14.81,p_hist,0.9982535310517868,0.9877077915987006,0.9996646498695336,30,0;1;2;3;4;5;6;7;8;9;10;11;12;13;14;15;16;17;18;19;20;21;22;23;24;25;26;27;28;29
B,14.82,p_hist,0.9987817098960601,0.9931359413232432,0.9996646498695336,30,0;1;2;3;4;5;6;7;8;9;10;11;12;13;14;15;16;17;18;19;20;21;22;23;24;25;26;27;28;29
B,14.83,p_hist,0.9987512297633369,0.9931351369992292,0.9996646498695336,30,0;1;2;3;4;5;6;7;8;9;10;11;12;13;14;15;16;17;18;19;20;21;22;23;24;25;26;27;28;29
B,14.84,p_hist,0.9993862739650505,0.9983123840922641,0.9996646498695336,30,0;1;2;3;4;5;6;7;8;9;10;11;12;13;14;15;16;17;18;19;20;21;22;23;24;25;26;27;28;29
B,14.85,p_hist,0.9991607969435943,0.9936604506762193,0.9996646498695336,30,0;1;2;3;4;5;6;7;8;9;10;11;12;13;14;15;16;17;18;19;20;21;22;23;24;25;26;27;28;29
B,14.86,p_hist,0.9978354438454097,0.97762020480987,0.9996646498695336,30,0;1;2;3;4;5;6;7;8;9;10;11;12;13;14;15;16;17;18;19;20;21;22;23;24;25;26;27;28;29
B,14.870000000000001,p_hist,0.9992599065164786,0.9972149316350052,0.9996646498695336,30,0;1;2;3;4;5;6;7;8;9;10;11;12;13;14;15;16;17;18;19;20;21;22;23;24;25;26;27;28;29
B,14.88,p_hist,0.9989513823160614,0.9929585705785153,0.9996646498695336,30,0;1;2;3;4;5;6;7;8;9;10;11;12;13;14;15;16;17;18;19;20;21;22;23;24;25;26;27;28;29
B,14.89,p_hist,0.9991809355989439,0.9947474492081946,0.9996646498695336,30,0;1;2;3;4;5;6;7;8;9;10;11;12;13;14;15;16;17;18;19;20;21;22;23;24;25;26;27;28;29
B,14.9,p_hist,0.9991137718914449,0.9973129715927483,0.9996646498695336,30,0;1;2;3;4;5;6;7;8;9;10;11;12;13;14;15;16;17;18;19;20;21;22;23;24;25;26;27;28;29
B,14.91,p_hist,0.9988007876246784,0.9902535838161435,0.9996646498695336,30,0;1;2;3;4;5;6;7;8;9;10;11;12;13;14;15;16;17;18;19;20;21;22;23;24;25;26;27;28;29
B,14.92,p_hist,0.9993384235313495,0.9983352524685337,0.9996646498695336,30,0;1;2;3;4;5;6;7;8;9;10;11;12;13;14;15;16;17;18;19;20;21;22;23;24;25;26;27;28;29
B,14.93,p_hist,0.9990017241044417,0.9956930049176611,0.9996646498695336,30,0;1;2;3;4;5;6;7;8;9;10;11;12;13;14;15;16;17;18;19;20;21;22;23;24;25;26;27;28;29
B,14.94,p_hist,0.9986277415939288,0.9922160643134923,0.9996646498695336,30,0;1;2;3;4;5;6;7;8;9;10;11;12;13;14;15;16;17;18;19;20;21;22;23;24;25;26;27;28;29
B,14.950000000000001,p_hist,0.9990905808213717,0.9956049384191825,0.9996646498695336,30,0;1;2;3;4;5;6;7;8;9;10;11;12;13;14;15;16;17;18;19;20;21;22;23;24;25;26;27;28;29
B,14.96,p_hist,0.9988904025511182,0.993076317422589,0.9996646498695336,30,0;1;2;3;4;5;6;7;8;9;10;11;12;13;14;15;16;17;18;19;20;21;22;23;24;25;26;27;28;29
B,14.97,p_hist,0.9969396961337098,0.9693129184065941,0.9996646498695336,30,0;1;2;3;4;5;6;7;8;9;10;11;12;13;14;15;16;17;18;19;20;21;22;23;24;25;26;27;28;29
B,14.98,p_hist,0.993679450370997,0.937462381220013,0.9996646498695336,30,0;1;2;3;4;5;6;7;8;9;10;11;12;13;14;15;16;17;18;19;20;21;22;23;24;25;26;27;28;29
B,14.99,p_hist,0.9935269642051928,0.9499354739388218,0.9996646498695336,30,0;1;2;3;4;5;6;7;8;9;10;11;12;13;14;15;16;17;18;19;20;21;22;23;24;25;26;27;28;29
B,15.0,p_hist,0.983588220417492,0.8671674593832794,0.9996646498695336,30,0;1;2;3;4;5;6;7;8;9;10;11;12;13;14;15;16;17;18;19;20;21;22;23;24;25;26;27;28;29
B,15.01,p_hist,0.9777925113692383,0.8116267384942522,0.9996646498695336,30,0;1;2;3;4;5;6;7;8;9;10;11;12;13;14;15;16;17;18;19;20;21;22;23;24;25;26;27;28;29
B,15.02,p_hist,0.9952408796694753,0.962523839903351,0.9996646498695336,30,0;1;2;3;4;5;6;7;8;9;10;11;12;13;14;15;16;17;18;19;20;21;22;23;24;25;26;27;28;29
B,15.030000000000001,p_hist,0.9872009390248067,0.8980577299762396,0.9996646498695336,30,0;1;2;3;4;5;6;7;8;9;10;11;12;13;14;15;16;17;18;19;20;21;22;23;24;25;26;27;28;29
B,15.040000000000001,p_hist,0.996461279285715,0.964835765726111,0.9996646498695336,30,0;1;2;3;4;5;6;7;8;9;10;11;12;13;14;15;16;17;18;19;20;21;22;23;24;25;26;27;28;29
B,15.05,p_hist,0.9941534774125128,0.9526361562911975,0.9996646498695336,30,0;1;2;3;4;5;6;7;8;9;10;11;12;13;14;15;16;17;18;19;20;21;22;23;24;25;26;27;28;29
B,15.06,p_hist,0.9977653631832454,0.9842918481049714,0.9996646498695336,30,0;1;2;3;4;5;6;7;8;9;10;11;12;13;14;15;16;17;18;19;20;21;22;23;24;25;26;27;28;29
B,15.07,p_hist,0.9991212067490837,0.9952555066592111,0.9996646498695336,30,0;1;2;3;4;5;6;7;8;9;10;11;12;13;14;15;16;17;18;19;20;21;22;23;24;25;26;27;28;29
B,15.08,p_hist,0.9991173436953885,0.9957224052608927,0.9996646498695336,30,0;1;2;3;4;5;6;7;8;9;10;11;12;13;14;15;16;17;18;19;20;21;22;23;24;25;26;27;28;29
B,15.09,p_hist,0.9976824768111672,0.9837210910088888,0.9996646498695336,30,0;1;2;3;4;5;6;7;8;9;10;11;12;13;14;15;16;17;18;19;20;21;22;23;24;25;26;27;28;29
B,15.1,p_hist,0.99914568509348,0.9956150428329139,0.9996646498695336,30,0;1;2;3;4;5;6;7;8;9;10;11;12;13;14;15;16;17;18;19;20;21;22;23;24;25;26;27;28;29
B,15.11,p_hist,0.9992455982796274,0.9977298846057384,0.9996646498695336,30,0;1;2;3;4;5;6;7;8;9;10;11;12;13;14;15;16;17;18;19;20;21;22;23;24;25;26;27;28;29
B,15.120000000000001,p_hist,0.9990359875735094,0.9945800621330514,0.9996646498695336,30,0;1;2;3;4;5;6;7;8;9;10;11;12;13;14;15;16;17;18;19;20;21;22;23;24;25;26;27;28;29
B,15.13,p_hist,0.999090205624558,0.996147121878701,0.9996646498695336,30,0;1;2;3;4;5;6;7;8;9;10;11;12;13;14;15;16;17;18;19;20;21;22;23;24;25;26;27;28;29
B,15.14,p_hist,0.9985364948021715,0.990559981088285,0.9996646498695336,30,0;1;2;3;4;5;6;7;8;9;10;11;12;13;14;15;16;17;18;19;20;21;22;23;24;25;26;27;28;29
B,15.15,p_hist,0.9966651979400835,0.9757086097838436,0.9996646498695336,30,0;1;2;3;4;5;6;7;8;9;10;11;12;13;14;15;16;17;18;19;20;21;22;23;24;25;26;27;28;29
B,15.16,p_hist,0.989906162832636,0.9197947077053626,0.9996646498695336,30,0;1;2;3;4;5;6;7;8;9;10;11;12;13;14;15;16;17;18;19;20;21;22;23;24;25;26;27;28;29
B,15.17,p_hist,0.9988475448012558,0.9952294840351943,0.9996646498695336,30,0;1;2;3;4;5;6;7;8;9;10;11;12;13;14;15;16;17;18;19;20;21;22;23;24;25;26;27;28;29
B,15.18,p_hist,0.998316453287656,0.9847728037440204,0.9996646498695336,30,0;1;2;3;4;5;6;7;8;9;10;11;12;13;14;15;16;17;18;19;20;21;22;23;24;25;26;27;28;29
B,15.19,p_hist,0.9975575562584091,0.983615626527881,0.9996646498695336,30,0;1;2;3;4;5;6;7;8;9;10;11;12;13;14;15;16;17;18;19;20;21;22;23;24;25;26;27;28;29
B,15.200000000000001,p_hist,0.9983181914488705,0.9871604530951145,0.9996646498695336,30,0;1;2;3;4;5;6;7;8;9;10;11;12;13;14;15;16;17;18;19;20;21;22;23;24;25;26;27;28;29
B,15.21,p_hist,0.9975745897916933,0.9837468951271306,0.9996646498695336,30,0;1;2;3;4;5;6;7;8;9;10;11;12;13;14;15;16;17;18;19;20;21;22;23;24;25;26;27;28;29
B,15.22,p_hist,0.9986547831886416,0.9945684764036241,0.9996646498695336,30,0;1;2;3;4;5;6;7;8;9;10;11;12;13;14;15;16;17;18;19;20;21;22;23;24;25;26;27;28;29
B,15.23,p_hist,0.9987945753819197,0.9939475232350025,0.9996646498695336,30,0;1;2;3;4;5;6;7;8;9;10;11;12;13;14;15;16;17;18;19;20;21;22;23;24;25;26;27;28;29
B,15.24,p_hist,0.9990538870766987,0.9960734489117742,0.9996646498695336,30,0;1;2;3;4;5;6;7;8;9;10;11;12;13;14;15;16;17;18;19;20;21;22;23;24;25;26;27;28;29
B,15.25,p_hist,0.9980780600327379,0.9909041131789039,0.9996646498695336,30,0;1;2;3;4;5;6;7;8;9;10;11;12;13;14;15;16;17;18;19;20;21;22;23;24;25;26;27;28;29
B,15.26,p_hist,0.9971423029125833,0.9779681222683028,0.9996646498695336,30,0;1;2;3;4;5;6;7;8;9;10;11;12;13;14;15;16;17;18;19;20;21;22;23;24;25;26;27;28;29
B,15.27,p_hist,0.993089797072953,0.949419924719995,0.9996646498695336,30,0;1;2;3;4;5;6;7;8;9;10;11;12;13;14;15;16;17;18;19;20;21;22;23;24;25;26;27;28;29
B,15.280000000000001,p_hist,0.9978591945572332,0.9827950087133519,0.9996646498695336,30,0;1;2;3;4;5;6;7;8;9;10;11;12;13;14;15;16;17;18;19;20;21;22;23;24;25;26;27;28;29
B,15.290000000000001,p_hist,0.9943887878509146,0.9549965153688197,0.9996646498695336,30,0;1;2;3;4;5;6;7;8;9;10;11;12;13;14;15;16;17;18;19;20;21;22;23;24;25;26;27;28;29
B,15.3,p_hist,0.9904109118136214,0.9201074830960624,0.9996646498695336,30,0;1;2;3;4;5;6;7;8;9;10;11;12;13;14;15;16;17;18;19;20;21;22;23;24;25;26;27;28;29
B,15.31,p_hist,0.9957382918844547,0.9602403030117473,0.9996646498695336,30,0;1;2;3;4;5;6;7;8;9;10;11;12;13;14;15;16;17;18;19;20;21;22;23;24;25;26;27;28;29
B,15.32,p_hist,0.998342283416969,0.9894446479966001,0.9996646498695336,30,0;1;2;3;4;5;6;7;8;9;10;11;12;13;14;15;16;17;18;19;20;21;22;23;24;25;26;27;28;29
B,15.33,p_hist,0.9979649006426493,0.9860140844721598,0.9996646498695336,30,0;1;2;3;4;5;6;7;8;9;10;11;12;13;14;15;16;17;18;19;20;21;22;23;24;25;26;27;28;29
B,15.34,p_hist,0.994992254743004,0.9609724453480585,0.9996646498695336,30,0;1;2;3;4;5;6;7;8;9;10;11;12;13;14;15;16;17;18;19;20;21;22;23;24;25;26;27;28;29
B,15.35,p_hist,0.9897343881941342,0.9150334222616012,0.9996646498695336,30,0;1;2;3;4;5;6;7;8;9;10;11;12;13;14;15;16;17;18;19;20;21;22;23;24;25;26;27;28;29
B,15.36,p_hist,0.9818570575219764,0.8541034159728771,0.9996646498695336,30,0;1;2;3;4;5;6;7;8;9;10;11;12;13;14;15;16;17;18;19;20;21;22;23;24;25;26;27;28;29
B,15.370000000000001,p_hist,0.9791107572746445,0.829405438376706,0.9996646498695336,30,0;1;2;3;4;5;6;7;8;9;10;11;12;13;14;15;16;17;18;19;20;21;22;23;24;25;26;27;28;29
B,15.38,p_hist,0.9993430161913999,0.9970008008878221,0.9996646498695336,30,0;1;2;3;4;5;6;7;8;9;10;11;12;13;14;15;16;17;18;19;20;21;22;23;24;25;26;27;28;29
B,15.39,p_hist,0.9992039145321822,0.9967119013444893,0.9996646498695336,30,0;1;2;3;4;5;6;7;8;9;10;11;12;13;14;15;16;17;18;19;20;21;22;23;24;25;26;27;28;29
B,15.4,p_hist,0.999373612620811,0.9982498638142455,0.9996646498695336,30,0;1;2;3;4;5;6;7;8;9;10;11;12;13;14;15;16;17;18;19;20;21;22;23;24;25;26;27;28;29
B,15.41,p_hist,0.9989013454718982,0.9957098451553218,0.9996646498695336,30,0;1;2;3;4;5;6;7;8;9;10;11;12;13;14;15;16;17;18;19;20;21;22;23;24;25;26;27;28;29
B,15.42,p_hist,0.9991791828518749,0.9953403998996041,0.9996646498695336,30,0;1;2;3;4;5;6;7;8;9;10;11;12;13;14;15;16;17;18;19;20;21;22;23;24;25;26;27;28;29
B,15.43,p_hist,0.999254855779855,0.9973607389972812,0.9996646498695336,30,0;1;2;3;4;5;6;7;8;9;10;11;12;13;14;15;16;17;18;19;20;21;22;23;24;25;26;27;28;29
B,15.44,p_hist,0.99886808025249,0.993964767792533,0.9996646498695336,30,0;1;2;3;4;5;6;7;8;9;10;11;12;13;14;15;16;17;18;19;20;21;22;23;24;25;26;27;28;29
B,15.450000000000001,p_hist,0.9991408065223435,0.9947910035724311,0.9996646498695336,30,0;1;2;3;4;5;6;7;8;9;10;11;12;13;14;15;16;17;18;19;20;21;22;23;24;25;26;27;28;29
B,15.46,p_hist,0.9983637033057113,0.9895122974282565,0.9996646498695336,30,0;1;2;3;4;5;6;7;8;9;10;11;12;13;14;15;16;17;18;19;20;21;22;23;24;25;26;27;28;29
B,15.47,p_hist,0.9989662468058238,0.9954805029672525,0.9996646498695336,30,0;1;2;3;4;5;6;7;8;9;10;11;12;13;14;15;16;17;18;19;20;21;22;23;24;25;26;27;28;29
B,15.48,p_hist,0.9982160580851487,0.9872235071657353,0.9996646498695336,30,0;1;2;3;4;5;6;7;8;9;10;11;12;13;14;15;16;17;18;19;20;21;22;23;24;25;26;27;28;29
B,15.49,p_hist,0.9986819530098529,0.9892963732033551,0.9996646498695336,30,0;1;2;3;4;5;6;7;8;9;10;11;12;13;14;15;16;17;18;19;20;21;22;23;24;25;26;27;28;29
B,15.5,p_hist,0.9992297768814818,0.9972395021070242,0.9996646498695336,30,0;1;2;3;4;5;6;7;8;9;10;11;12;13;14;15;16;17;18;19;20;21;22;23;24;25;26;27;28;29
B,15.51,p_hist,0.9989993247472585,0.9955655810285033,0.9996646498695336,30,0;1;2;3;4;5;6;7;8;9;10;11;12;13;14;15;16;17;18;19;20;21;22;23;24;25;26;27;28;29
B,15.52,p_hist,0.9982931766888689,0.9891685178498056,0.9996646498695336,30,0;1;2;3;4;5;6;7;8;9;10;11;12;13;14;15;16;17;18;19;20;21;22;23;24;25;26;27;28;29
B,15.530000000000001,p_hist,0.999185502753205,0.9965694339757188,0.9996646498695336,30,0;1;2;3;4;5;6;7;8;9;10;11;12;13;14;15;16;17;18;19;20;21;22;23;24;25;26;27;28;29
B,15.540000000000001,p_hist,0.9986441728967944,0.9883756082480414,0.9996646498695336,30,0;1;2;3;4;5;6;7;8;9;10;11;12;13;14;15;16;17;18;19;20;21;22;23;24;25;26;27;28;29
B,15.55,p_hist,0.9994253806242201,0.9975523465661784,0.9996646498695336,30,0;1;2;3;4;5;6;7;8;9;10;11;12;13;14;15;16;17;18;19;20;21;22;23;24;25;26;27;28;29
B,15.56,p_hist,0.9990208387564773,0.9944424608399546,0.9996646498695336,30,0;1;2;3;4;5;6;7;8;9;10;11;12;13;14;15;16;17;18;19;20;21;22;23;24;25;26;27;28;29
B,15.57,p_hist,0.9990594823528575,0.9947232148081503,0.9996646498695336,30,0;1;2;3;4;5;6;7;8;9;10;11;12;13;14;15;16;17;18;19;20;21;22;23;24;25;26;27;28;29
B,15.58,p_hist,0.9989015700348635,0.9928975090935744,0.9996646498695336,30,0;1;2;3;4;5;6;7;8;9;10;11;12;13;14;15;16;17;18;19;20;21;22;23;24;25;26;27;28;29
B,15.59,p_hist,0.998862988096042,0.9919345859218037,0.9996646498695336,30,0;1;2;3;4;5;6;7;8;9;10;11;12;13;14;15;16;17;18;19;20;21;22;23;24;25;26;27;28;29
B,15.6,p_hist,0.9985765301228752,0.9871290629167019,0.9996646498695336,30,0;1;2;3;4;5;6;7;8;9;10;11;12;13;14;15;16;17;18;19;20;21;22;23;24;25;26;27;28;29
B,15.610000000000001,p_hist,0.9969151673996198,0.977572592175052,0.9996646498695336,30,0;1;2;3;4;5;6;7;8;9;10;11;12;13;14;15;16;17;18;19;20;21;22;23;24;25;26;27;28;29
B,15.620000000000001,p_hist,0.9898807262713785,0.9206271822514316,0.9996646498695336,30,0;1;2;3;4;5;6;7;8;9;10;11;12;13;14;15;16;17;18;19;20;21;22;23;24;25;26;27;28;29
B,15.63,p_hist,0.9912506050860421,0.9311413785893703,0.9996646498695336,30,0;1;2;3;4;5;6;7;8;9;10;11;12;13;14;15;16;17;18;19;20;21;22;23;24;25;26;27;28;29
B,15.64,p_hist,0.9979449316192862,0.9861406222686435,0.9996646498695336,30,0;1;2;3;4;5;6;7;8;9;10;11;12;13;14;15;16;17;18;19;20;21;22;23;24;25;26;27;28;29
B,15.65,p_hist,0.9979940184041064,0.9845209008864644,0.9996646498695336,30,0;1;2;3;4;5;6;7;8;9;10;11;12;13;14;15;16;17;18;19;20;21;22;23;24;25;26;27;28;29
B,15.66,p_hist,0.9967375240443469,0.9770443514498408,0.9996646498695336,30,0;1;2;3;4;5;6;7;8;9;10;11;12;13;14;15;16;17;18;19;20;21;22;23;24;25;26;27;28;29
B,15.67,p_hist,0.9982318476133434,0.9891929625477619,0.9996646498695336,30,0;1;2;3;4;5;6;7;8;9;10;11;12;13;14;15;16;17;18;19;20;21;22;23;24;25;26;27;28;29
B,15.68,p_hist,0.9975006782678969,0.979922071339368,0.9996646498695336,30,0;1;2;3;4;5;6;7;8;9;10;11;12;13;14;15;16;17;18;19;20;21;22;23;24;25;26;27;28;29
B,15.69,p_hist,0.9937117766052193,0.9493708389136836,0.9996646498695336,30,0;1;2;3;4;5;6;7;8;9;10;11;12;13;14;15;16;17;18;19;20;21;22;23;24;25;26;27;28;29
B,15.700000000000001,p_hist,0.9970184543486915,0.9760956692560938,0.9996646498695336,30,0;1;2;3;4;5;6;7;8;9;10;11;12;13;14;15;16;17;18;19;20;21;22;23;24;25;26;27;28;29
B,15.71,p_hist,0.9968851016261279,0.9770368402094717,0.9996646498695336,30,0;1;2;3;4;5;6;7;8;9;10;11;12;13;14;15;16;17;18;19;20;21;22;23;24;25;26;27;28;29
B,15.72,p_hist,0.9991740731766364,0.9944248909078189,0.9996646498695336,30,0;1;2;3;4;5;6;7;8;9;10;11;12;13;14;15;16;17;18;19;20;21;22;23;24;25;26;27;28;29
B,15.73,p_hist,0.9993201394496096,0.9976469593355233,0.9996646498695336,30,0;1;2;3;4;5;6;7;8;9;10;11;12;13;14;15;16;17;18;19;20;21;22;23;24;25;26;27;28;29
B,15.74,p_hist,0.9980684173170985,0.9893975080444791,0.9996646498695336,30,0;1;2;3;4;5;6;7;8;9;10;11;12;13;14;15;16;17;18;19;20;21;22;23;24;25;26;27;28;29
B,15.75,p_hist,0.9978042345554407,0.9847596361125462,0.9996646498695336,30,0;1;2;3;4;5;6;7;8;9;10;11;12;13;14;15;16;17;18;19;20;21;22;23;24;25;26;27;28;29
B,15.76,p_hist,0.9955068777525694,0.9655292733014367,0.9996646498695336,30,0;1;2;3;4;5;6;7;8;9;10;11;12;13;14;15;16;17;18;19;20;21;22;23;24;25;26;27;28;29
B,15.77,p_hist,0.9929207508014224,0.9224359274371857,0.9996646498695336,30,0;1;2;3;4;5;6;7;8;9;10;11;12;13;14;15;16;17;18;19;20;21;22;23;24;25;26;27;28;29
B,15.780000000000001,p_hist,0.999193268770942,0.9963441493827339,0.9996646498695336,30,0;1;2;3;4;5;6;7;8;9;10;11;12;13;14;15;16;17;18;19;20;21;22;23;24;25;26;27;28;29
B,15.790000000000001,p_hist,0.998395986546159,0.987174200521723,0.9996646498695336,30,0;1;2;3;4;5;6;7;8;9;10;11;12;13;14;15;16;17;18;19;20;21;22;23;24;25;26;27;28;29
B,15.8,p_hist,0.9990668524999701,0.9978167513295909,0.9996646498695336,30,0;1;2;3;4;5;6;7;8;9;10;11;12;13;14;15;16;17;18;19;20;21;22;23;24;25;26;27;28;29
B,15.81,p_hist,0.9992112008421951,0.9965134400997654,0.9996646498695336,30,0;1;2;3;4;5;6;7;8;9;10;11;12;13;14;15;16;17;18;19;20;21;22;23;24;25;26;27;28;29
B,15.82,p_hist,0.9992245727541385,0.9977712111533241,0.9996646498695336,30,0;1;2;3;4;5;6;7;8;9;10;11;12;13;14;15;16;17;18;19;20;21;22;23;24;25;26;27;28;29
B,15.83,p_hist,0.9990008415416168,0.9957104899878141,0.9996646498695336,30,0;1;2;3;4;5;6;7;8;9;10;11;12;13;14;15;16;17;18;19;20;21;22;23;24;25;26;27;28;29
B,15.84,p_hist,0.9988580619999937,0.9945747489949751,0.9996646498695336,30,0;1;2;3;4;5;6;7;8;9;10;11;12;13;14;15;16;17;18;19;20;21;22;23;24;25;26;27;28;29
B,15.85,p_hist,0.9985391417792159,0.9900084253673834,0.9996646498695336,30,0;1;2;3;4;5;6;7;8;9;10;11;12;13;14;15;16;17;18;19;20;21;22;23;24;25;26;27;28;29
B,15.860000000000001,p_hist,0.9987588488353654,0.9935922872520909,0.9996646498695336,30,0;1;2;3;4;5;6;7;8;9;10;11;12;13;14;15;16;17;18;19;20;21;22;23;24;25;26;27;28;29
B,15.870000000000001,p_hist,0.9992369599251851,0.996916389245964,0.9996646498695336,30,0;1;2;3;4;5;6;7;8;9;10;11;12;13;14;15;16;17;18;19;20;21;22;23;24;25;26;27;28;29
B,15.88,p_hist,0.9993622381715379,0.9971531467053959,0.9996646498695336,30,0;1;2;3;4;5;6;7;8;9;10;11;12;13;14;15;16;17;18;19;20;21;22;23;24;25;26;27;28;29
B,15.89,p_hist,0.9987445244698142,0.9885547768051461,0.9996646498695336,30,0;1;2;3;4;5;6;7;8;9;10;11;12;13;14;15;16;17;18;19;20;21;22;23;24;25;26;27;28;29
B,15.9,p_hist,0.998129213607979,0.9891280104261266,0.9996646498695336,30,0;1;2;3;4;5;6;7;8;9;10;11;12;13;14;15;16;17;18;19;20;21;22;23;24;25;26;27;28;29
B,15.91,p_hist,0.9956445763476162,0.9693725664495402,0.9996646498695336,30,0;1;2;3;4;5;6;7;8;9;10;11;12;13;14;15;16;17;18;19;20;21;22;23;24;25;26;27;28;29
B,15.92,p_hist,0.9985673893500524,0.9919483917571489,0.9996646498695336,30,0;1;2;3;4;5;6;7;8;9;10;11;12;13;14;15;16;17;18;19;20;21;22;23;24;25;26;27;28;29
B,15.93,p_hist,0.9984925151880957,0.9911760460879665,0.9996646498695336,30,0;1;2;3;4;5;6;7;8;9;10;11;12;13;14;15;16;17;18;19;20;21;22;23;24;25;26;27;28;29
B,15.94,p_hist,0.9988859499898172,0.9929060767964354,0.9996646498695336,30,0;1;2;3;4;5;6;7;8;9;10;11;12;13;14;15;16;17;18;19;20;21;22;23;24;25;26;27;28;29
B,15.950000000000001,p_hist,0.9993534049786207,0.997767973765103,0.9996646498695336,30,0;1;2;3;4;5;6;7;8;9;10;11;12;13;14;15;16;17;18;19;20;21;22;23;24;25;26;27;28;29
B,15.96,p_hist,0.9991614181998789,0.9958370225775646,0.9996646498695336,30,0;1;2;3;4;5;6;7;8;9;10;11;12;13;14;15;16;17;18;19;20;21;22;23;24;25;26;27;28;29
B,15.97,p_hist,0.9992901926916874,0.9974977576993718,0.9996646498695336,30,0;1;2;3;4;5;6;7;8;9;10;11;12;13;14;15;16;17;18;19;20;21;22;23;24;25;26;27;28;29
B,15.98,p_hist,0.9990328894987248,0.9954918706243545,0.9996646498695336,30,0;1;2;3;4;5;6;7;8;9;10;11;12;13;14;15;16;17;18;19;20;21;22;23;24;25;26;27;28;29
B,15.99,p_hist,0.9994479915255867,0.9983185978974572,0.9996646498695336,30,0;1;2;3;4;5;6;7;8;9;10;11;12;13;14;15;16;17;18;19;20;21;22;23;24;25;26;27;28;29
B,16.0,p_hist,0.9989778838673588,0.99453824999667,0.9996646498695336,30,0;1;2;3;4;5;6;7;8;9;10;11;12;13;14;15;16;17;18;19;20;21;22;23;24;25;26;27;28;29
B,16.01,p_hist,0.9993463862424706,0.9974971023901362,0.9996646498695336,30,0;1;2;3;4;5;6;7;8;9;10;11;12;13;14;15;16;17;18;19;20;21;22;23;24;25;26;27;28;29
B,16.02,p_hist,0.9988080690780813,0.9920037059838394,0.9996646498695336,30,0;1;2;3;4;5;6;7;8;9;10;11;12;13;14;15;16;17;18;19;20;21;22;23;24;25;26;27;28;29
B,16.03,p_hist,0.999330269547538,0.9971619122129056,0.9996646498695336,30,0;1;2;3;4;5;6;7;8;9;10;11;12;13;14;15;16;17;18;19;20;21;22;23;24;25;26;27;28;29
B,16.04,p_hist,0.9993028851448057,0.9974818859249881,0.9996646498695336,30,0;1;2;3;4;5;6;7;8;9;10;11;12;13;14;15;16;17;18;19;20;21;22;23;24;25;26;27;28;29
B,16.05,p_hist,0.9991668402706723,0.9947846739395688,0.9996646498695336,30,0;1;2;3;4;5;6;7;8;9;10;11;12;13;14;15;16;17;18;19;20;21;22;23;24;25;26;27;28;29
B,16.06,p_hist,0.9992319560392063,0.9967591060355934,0.9996646498695336,30,0;1;2;3;4;5;6;7;8;9;10;11;12;13;14;15;16;17;18;19;20;21;22;23;24;25;26;27;28;29
B,16.07,p_hist,0.9987442012470008,0.9920384609967339,0.9996646498695336,30,0;1;2;3;4;5;6;7;8;9;10;11;12;13;14;15;16;17;18;19;20;21;22;23;24;25;26;27;28;29
B,16.080000000000002,p_hist,0.9983104553060727,0.9907760707752619,0.9996646498695336,30,0;1;2;3;4;5;6;7;8;9;10;11;12;13;14;15;16;17;18;19;20;21;22;23;24;25;26;27;28;29
B,16.09,p_hist,0.9987939595013738,0.9947594339166961,0.9996646498695336,30,0;1;2;3;4;5;6;7;8;9;10;11;12;13;14;15;16;17;18;19;20;21;22;23;24;25;26;27;28;29
B,16.1,p_hist,0.99919102368864,0.9960911854077588,0.9996646498695336,30,0;1;2;3;4;5;6;7;8;9;10;11;12;13;14;15;16;17;18;19;20;21;22;23;24;25;26;27;28;29
B,16.11,p_hist,0.9980850066121084,0.9874058652160737,0.9996646498695336,30,0;1;2;3;4;5;6;7;8;9;10;11;12;13;14;15;16;17;18;19;20;21;22;23;24;25;26;27;28;29
B,16.12,p_hist,0.9979548431926628,0.9874490565686048,0.9996646498695336,30,0;1;2;3;4;5;6;7;8;9;10;11;12;13;14;15;16;17;18;19;20;21;22;23;24;25;26;27;28;29
B,16.13,p_hist,0.9990351470717438,0.9936621750457477,0.9996646498695336,30,0;1;2;3;4;5;6;7;8;9;10;11;12;13;14;15;16;17;18;19;20;21;22;23;24;25;26;27;28;29
B,16.14,p_hist,0.9991316568920197,0.9953588051927681,0.9996646498695336,30,0;1;2;3;4;5;6;7;8;9;10;11;12;13;14;15;16;17;18;19;20;21;22;23;24;25;26;27;28;29
B,16.15,p_hist,0.9988609340918646,0.9940142008883163,0.9996646498695336,30,0;1;2;3;4;5;6;7;8;9;10;11;12;13;14;15;16;17;18;19;20;21;22;23;24;25;26;27;28;29
B,16.16,p_hist,0.9990527444366452,0.9963976359416703,0.9996646498695336,30,0;1;2;3;4;5;6;7;8;9;10;11;12;13;14;15;16;17;18;19;20;21;22;23;24;25;26;27;28;29
B,16.17,p_hist,0.9993268064945927,0.9975055418484812,0.9996646498695336,30,0;1;2;3;4;5;6;7;8;9;10;11;12;13;14;15;16;17;18;19;20;21;22;23;24;25;26;27;28;29
B,16.18,p_hist,0.9992058666762527,0.9965905764681331,0.9996646498695336,30,0;1;2;3;4;5;6;7;8;9;10;11;12;13;14;15;16;17;18;19;20;21;22;23;24;25;26;27;28;29
B,16.19,p_hist,0.9988583180931864,0.9917313406133875,0.9996646498695336,30,0;1;2;3;4;5;6;7;8;9;10;11;12;13;14;15;16;17;18;19;20;21;22;23;24;25;26;27;28;29
B,16.2,p_hist,0.9993709691608326,0.9983428597140445,0.9996646498695336,30,0;1;2;3;4;5;6;7;8;9;10;11;12;13;14;15;16;17;18;19;20;21;22;23;24;25;26;27;28;29
B,16.21,p_hist,0.9993865371799673,0.9981884911161929,0.9996646498695336,30,0;1;2;3;4;5;6;7;8;9;10;11;12;13;14;15;16;17;18;19;20;21;22;23;24;25;26;27;28;29
B,16.22,p_hist,0.9988652614691144,0.9928065869075037,0.9996646498695336,30,0;1;2;3;4;5;6;7;8;9;10;11;12;13;14;15;16;17;18;19;20;21;22;23;24;25;26;27;28;29
B,16.23,p_hist,0.9975653321789532,0.9807678782544993,0.9996646498695336,30,0;1;2;3;4;5;6;7;8;9;10;11;12;13;14;15;16;17;18;19;20;21;22;23;24;25;26;27;28;29
B,16.240000000000002,p_hist,0.9929937860803603,0.9273172547891775,0.9996646498695336,30,0;1;2;3;4;5;6;7;8;9;10;11;12;13;14;15;16;17;18;19;20;21;22;23;24;25;26;27;28;29
B,16.25,p_hist,0.9949232756857956,0.9581868072431129,0.9996646498695336,30,0;1;2;3;4;5;6;7;8;9;10;11;12;13;14;15;16;17;18;19;20;21;22;23;24;25;26;27;28;29
B,16.26,p_hist,0.995238584135766,0.9615317982911626,0.9996646498695336,30,0;1;2;3;4;5;6;7;8;9;10;11;12;13;14;15;16;17;18;19;20;21;22;23;24;25;26;27;28;29
B,16.27,p_hist,0.9992958880788423,0.9981078070386641,0.9996646498695336,30,0;1;2;3;4;5;6;7;8;9;10;11;12;13;14;15;16;17;18;19;20;21;22;23;24;25;26;27;28;29
B,16.28,p_hist,0.9991152028734079,0.9951942556574214,0.9996646498695336,30,0;1;2;3;4;5;6;7;8;9;10;11;12;13;14;15;16;17;18;19;20;21;22;23;24;25;26;27;28;29
B,16.29,p_hist,0.9994236152696825,0.9982023902428682,0.9996646498695336,30,0;1;2;3;4;5;6;7;8;9;10;11;12;13;14;15;16;17;18;19;20;21;22;23;24;25;26;27;28;29
B,16.3,p_hist,0.9992356188275124,0.9969386229197068,0.9996646498695336,30,0;1;2;3;4;5;6;7;8;9;10;11;12;13;14;15;16;17;18;19;20;21;22;23;24;25;26;27;28;29
B,16.31,p_hist,0.9991276389483865,0.9958688268810488,0.9996646498695336,30,0;1;2;3;4;5;6;7;8;9;10;11;12;13;14;15;16;17;18;19;20;21;22;23;24;25;26;27;28;29
B,16.32,p_hist,0.99854348418056,0.9909338926013791,0.9996646498695336,30,0;1;2;3;4;5;6;7;8;9;10;11;12;13;14;15;16;17;18;19;20;21;22;23;24;25;26;27;28;29
B,16.330000000000002,p_hist,0.9993030592332274,0.9968574384591631,0.9996646498695336,30,0;1;2;3;4;5;6;7;8;9;10;11;12;13;14;15;16;17;18;19;20;21;22;23;24;25;26;27;28;29
B,16.34,p_hist,0.9993125336090013,0.9972556396373664,0.9996646498695336,30,0;1;2;3;4;5;6;7;8;9;10;11;12;13;14;15;16;17;18;19;20;21;22;23;24;25;26;27;28;29
B,16.35,p_hist,0.9994079036664696,0.9984331979851139,0.9996646498695336,30,0;1;2;3;4;5;6;7;8;9;10;11;12;13;14;15;16;17;18;19;20;21;22;23;24;25;26;27;28;29
B,16.36,p_hist,0.998984531854902,0.996888701080608,0.9996646498695336,30,0;1;2;3;4;5;6;7;8;9;10;11;12;13;14;15;16;17;18;19;20;21;22;23;24;25;26;27;28;29
B,16.37,p_hist,0.998688040735194,0.994096650946301,0.9996646498695336,30,0;1;2;3;4;5;6;7;8;9;10;11;12;13;14;15;16;17;18;19;20;21;22;23;24;25;26;27;28;29
B,16.38,p_hist,0.9990456090898457,0.9946529559766093,0.9996646498695336,30,0;1;2;3;4;5;6;7;8;9;10;11;12;13;14;15;16;17;18;19;20;21;22;23;24;25;26;27;28;29
B,16.39,p_hist,0.9992956126324335,0.9977542176222818,0.9996646498695336,30,0;1;2;3;4;5;6;7;8;9;10;11;12;13;14;15;16;17;18;19;20;21;22;23;24;25;26;27;28;29
B,16.4,p_hist,0.9991986805679042,0.9971832449803758,0.9996646498695336,30,0;1;2;3;4;5;6;7;8;9;10;11;12;13;14;15;16;17;18;19;20;21;22;23;24;25;26;27;28;29
B,16.41,p_hist,0.998492498909094,0.9890145596656075,0.9996646498695336,30,0;1;2;3;4;5;6;7;8;9;10;11;12;13;14;15;16;17;18;19;20;21;22;23;24;25;26;27;28;29
B,16.42,p_hist,0.9994642079053586,0.9979455779319254,0.9996646498695336,30,0;1;2;3;4;5;6;7;8;9;10;11;12;13;14;15;16;17;18;19;20;21;22;23;24;25;26;27;28;29
B,16.43,p_hist,0.999424596232238,0.9981727956426151,0.9996646498695336,30,0;1;2;3;4;5;6;7;8;9;10;11;12;13;14;15;16;17;18;19;20;21;22;23;24;25;26;27;28;29
B,16.44,p_hist,0.9993284502849189,0.9970885488879564,0.9996646498695336,30,0;1;2;3;4;5;6;7;8;9;10;11;12;13;14;15;16;17;18;19;20;21;22;23;24;25;26;27;28;29
B,16.45,p_hist,0.9988848075686177,0.9941388133623557,0.9996646498695336,30,0;1;2;3;4;5;6;7;8;9;10;11;12;13;14;15;16;17;18;19;20;21;22;23;24;25;26;27;28;29
B,16.46,p_hist,0.998716657250887,0.9935461252980646,0.9996646498695336,30,0;1;2;3;4;5;6;7;8;9;10;11;12;13;14;15;16;17;18;19;20;21;22;23;24;25;26;27;28;29
B,16.47,p_hist,0.9989295692643797,0.9935910278059106,0.9996646498695336,30,0;1;2;3;4;5;6;7;8;9;10;11;12;13;14;15;16;17;18;19;20;21;22;23;24;25;26;27;28;29
B,16.48,p_hist,0.9993997975561785,0.9979069867142547,0.9996646498695336,30,0;1;2;3;4;5;6;7;8;9;10;11;12;13;14;15;16;17;18;19;20;21;22;23;24;25;26;27;28;29
B,16.490000000000002,p_hist,0.9994924001921245,0.9986131580553984,0.9996646498695336,30,0;1;2;3;4;5;6;7;8;9;10;11;12;13;14;15;16;17;18;19;20;21;22;23;24;25;26;27;28;29
B,16.5,p_hist,0.9991999948186855,0.9970715314475829,0.9996646498695336,30,0;1;2;3;4;5;6;7;8;9;10;11;12;13;14;15;16;17;18;19;20;21;22;23;24;25;26;27;28;29
B,16.51,p_hist,0.9985879087232641,0.9885354943386762,0.9996646498695336,30,0;1;2;3;4;5;6;7;8;9;10;11;12;13;14;15;16;17;18;19;20;21;22;23;24;25;26;27;28;29
B,16.52,p_hist,0.9976697378769326,0.9792513972859195,0.9996646498695336,30,0;1;2;3;4;5;6;7;8;9;10;11;12;13;14;15;16;17;18;19;20;21;22;23;24;25;26;27;28;29
B,16.53,p_hist,0.9939422473003297,0.9363029205743336,0.9996646498695336,30,0;1;2;3;4;5;6;7;8;9;10;11;12;13;14;15;16;17;18;19;20;21;22;23;24;25;26;27;28;29
B,16.54,p_hist,0.9977931079326517,0.9845444970256566,0.9996646498695336,30,0;1;2;3;4;5;6;7;8;9;10;11;12;13;14;15;16;17;18;19;20;21;22;23;24;25;26;27;28;29
B,16.55,p_hist,0.9969746910762524,0.977450716794066,0.9996646498695336,30,0;1;2;3;4;5;6;7;8;9;10;11;12;13;14;15;16;17;18;19;20;21;22;23;24;25;26;27;28;29
B,16.56,p_hist,0.990503235791646,0.925087857725764,0.9996646498695336,30,0;1;2;3;4;5;6;7;8;9;10;11;12;13;14;15;16;17;18;19;20;21;22;23;24;25;26;27;28;29
B,16.57,p_hist,0.9991981966532747,0.9976740926338611,0.9996646498695336,30,0;1;2;3;4;5;6;7;8;9;10;11;12;13;14;15;16;17;18;19;20;21;22;23;24;25;26;27;28;29
B,16.580000000000002,p_hist,0.9990800590166244,0.9961489634779986,0.9996646498695336,30,0;1;2;3;4;5;6;7;8;9;10;11;12;13;14;15;16;17;18;19;20;21;22;23;24;25;26;27;28;29
B,16.59,p_hist,0.9983302463056752,0.9910570875985241,0.9996646498695336,30,0;1;2;3;4;5;6;7;8;9;10;11;12;13;14;15;16;17;18;19;20;21;22;23;24;25;26;27;28;29
B,16.6,p_hist,0.9987035057830204,0.993276328897326,0.9996646498695336,30,0;1;2;3;4;5;6;7;8;9;10;11;12;13;14;15;16;17;18;19;20;21;22;23;24;25;26;27;28;29
B,16.61,p_hist,0.9980716374895279,0.9866388823319675,0.9996646498695336,30,0;1;2;3;4;5;6;7;8;9;10;11;12;13;14;15;16;17;18;19;20;21;22;23;24;25;26;27;28;29
B,16.62,p_hist,0.9988922006120501,0.9927251976710226,0.9996646498695336,30,0;1;2;3;4;5;6;7;8;9;10;11;12;13;14;15;16;17;18;19;20;21;22;23;24;25;26;27;28;29
B,16.63,p_hist,0.9991868040479639,0.99703446912391,0.9996646498695336,30,0;1;2;3;4;5;6;7;8;9;10;11;12;13;14;15;16;17;18;19;20;21;22;23;24;25;26;27;28;29
B,16.64,p_hist,0.9989692026122607,0.9947552862480221,0.9996646498695336,30,0;1;2;3;4;5;6;7;8;9;10;11;12;13;14;15;16;17;18;19;20;21;22;23;24;25;26;27;28;29
B,16.65,p_hist,0.9981813850512846,0.9876641054698865,0.9996646498695336,30,0;1;2;3;4;5;6;7;8;9;10;11;12;13;14;15;16;17;18;19;20;21;22;23;24;25;26;27;28;29
B,16.66,p_hist,0.995798517693805,0.9756873460607415,0.9996376896124171,30,0;1;2;3;4;5;6;7;8;9;10;11;12;13;14;15;16;17;18;19;20;21;22;23;24;25;26;27;28;29
B,16.67,p_hist,0.9857779379714345,0.9124448493923414,0.999231954208917,30,0;1;2;3;4;5;6;7;8;9;10;11;12;13;14;15;16;17;18;19;20;21;22;23;24;25;26;27;28;29
B,16.68,p_hist,0.9598502191269261,0.7669228722691536,0.998773787997964,30,0;1;2;3;4;5;6;7;8;9;10;11;12;13;14;15;16;17;18;19;20;21;22;23;24;25;26;27;28;29
B,16.69,p_hist,0.9211349425454508,0.6033250357183454,0.9974506130267456,30,0;1;2;3;4;5;6;7;8;9;10;11;12;13;14;15;16;17;18;19;20;21;22;23;24;25;26;27;28;29
B,16.7,p_hist,0.8086857711398668,0.41737239872483045,0.9946464176394445,30,0;1;2;3;4;5;6;7;8;9;10;11;12;13;14;15;16;17;18;19;20;21;22;23;24;25;26;27;28;29
B,16.71,p_hist,0.6355948385084692,0.20575965643705973,0.981296787839367,30,0;1;2;3;4;5;6;7;8;9;10;11;12;13;14;15;16;17;18;19;20;21;22;23;24;25;26;27;28;29
B,16.72,p_hist,0.4652030080384575,0.07390571416105012,0.9776378654914161,30,0;1;2;3;4;5;6;7;8;9;10;11;12;13;14;15;16;17;18;19;20;21;22;23;24;25;26;27;28;29
B,16.73,p_hist,0.3338382553313399,0.02434027404468781,0.9541965266822249,30,0;1;2;3;4;5;6;7;8;9;10;11;12;13;14;15;16;17;18;19;20;21;22;23;24;25;26;27;28;29
B,16.740000000000002,p_hist,0.25037506003640575,0.006398112886033906,0.8751964773222866,30,0;1;2;3;4;5;6;7;8;9;10;11;12;13;14;15;16;17;18;19;20;21;22;23;24;25;26;27;28;29
B,16.75,p_hist,0.16858795086553452,0.0018251275708353121,0.7529783698425361,30,0;1;2;3;4;5;6;7;8;9;10;11;12;13;14;15;16;17;18;19;20;21;22;23;24;25;26;27;28;29
B,16.76,p_hist,0.11841886964389071,0.0005213352190134922,0.5740522703702208,30,0;1;2;3;4;5;6;7;8;9;10;11;12;13;14;15;16;17;18;19;20;21;22;23;24;25;26;27;28;29
B,16.77,p_hist,0.051391621634632324,0.0003353501304664781,0.3256609307334148,30,0;1;2;3;4;5;6;7;8;9;10;11;12;13;14;15;16;17;18;19;20;21;22;23;24;25;26;27;28;29
B,16.78,p_hist,0.037298840111443604,0.0003353501304664781,0.2624537572589137,30,0;1;2;3;4;5;6;7;8;9;10;11;12;13;14;15;16;17;18;19;20;21;22;23;24;25;26;27;28;29
B,16.79,p_hist,0.014598140941512428,0.0003353501304664781,0.11967614098443144,30,0;1;2;3;4;5;6;7;8;9;10;11;12;13;14;15;16;17;18;19;20;21;22;23;24;25;26;27;28;29
B,16.8,p_hist,0.0064912010516160355,0.0003353501304664781,0.05016746917990171,30,0;1;2;3;4;5;6;7;8;9;10;11;12;13;14;15;16;17;18;19;20;21;22;23;24;25;26;27;28;29
B,16.81,p_hist,0.002477097394009359,0.0003353501304664781,0.018254854579883607,30,0;1;2;3;4;5;6;7;8;9;10;11;12;13;14;15;16;17;18;19;20;21;22;23;24;25;26;27;28;29
B,16.82,p_hist,0.0009605351555844458,0.0003353501304664781,0.005314789631170044,30,0;1;2;3;4;5;6;7;8;9;10;11;12;13;14;15;16;17;18;19;20;21;22;23;24;25;26;27;28;29
B,16.830000000000002,p_hist,0.00045407435450053613,0.0003353501304664781,0.0013208390126601425,30,0;1;2;3;4;5;6;7;8;9;10;11;12;13;14;15;16;17;18;19;20;21;22;23;24;25;26;27;28;29
B,16.84,p_hist,0.0004500325598608493,0.0003353501304664781,0.0013629711606005738,30,0;1;2;3;4;5;6;7;8;9;10;11;12;13;14;15;16;17;18;19;20;21;22;23;24;25;26;27;28;29
B,16.85,p_hist,0.00039447333011039757,0.0003353501304664781,0.000833889318141102,30,0;1;2;3;4;5;6;7;8;9;10;11;12;13;14;15;16;17;18;19;20;21;22;23;24;25;26;27;28;29
B,16.86,p_hist,0.0003523493388040635,0.0003353501304664781,0.0005703362800686701,30,0;1;2;3;4;5;6;7;8;9;10;11;12;13;14;15;16;17;18;19;20;21;22;23;24;25;26;27;28;29
B,16.87,p_hist,0.0003417732775187165,0.0003353501304664781,0.00042415686252000856,30,0;1;2;3;4;5;6;7;8;9;10;11;12;13;14;15;16;17;18;19;20;21;22;23;24;25;26;27;28;29
B,16.88,p_hist,0.00034135483072544545,0.0003353501304664781,0.00038488890760295986,30,0;1;2;3;4;5;6;7;8;9;10;11;12;13;14;15;16;17;18;19;20;21;22;23;24;25;26;27;28;29
B,16.89,p_hist,0.00033535013046647795,0.0003353501304664781,0.0003353501304664781,30,0;1;2;3;4;5;6;7;8;9;10;11;12;13;14;15;16;17;18;19;20;21;22;23;24;25;26;27;28;29
B,16.9,p_hist,0.00033535013046647795,0.0003353501304664781,0.0003353501304664781,30,0;1;2;3;4;5;6;7;8;9;10;11;12;13;14;15;16;17;18;19;20;21;22;23;24;25;26;27;28;29
B,16.91,p_hist,0.00036943924212314033,0.0003353501304664781,0.0006165853016339414,30,0;1;2;3;4;5;6;7;8;9;10;11;12;13;14;15;16;17;18;19;20;21;22;23;24;25;26;27;28;29
B,16.92,p_hist,0.00033695526031593553,0.0003353501304664781,0.00034859245172450285,30,0;1;2;3;4;5;6;7;8;9;10;11;12;13;14;15;16;17;18;19;20;21;22;23;24;25;26;27;28;29
B,16.93,p_hist,0.00034062291144598575,0.0003353501304664781,0.00037885057354741694,30,0;1;2;3;4;5;6;7;8;9;10;11;12;13;14;15;16;17;18;19;20;21;22;23;24;25;26;27;28;29
B,16.94,p_hist,0.00033671767940796543,0.0003353501304664781,0.0003466324092337498,30,0;1;2;3;4;5;6;7;8;9;10;11;12;13;14;15;16;17;18;19;20;21;22;23;24;25;26;27;28;29
B,16.95,p_hist,0.00033535013046647795,0.0003353501304664781,0.0003353501304664781,30,0;1;2;3;4;5;6;7;8;9;10;11;12;13;14;15;16;17;18;19;20;21;22;23;24;25;26;27;28;29
B,16.96,p_hist,0.0005477910470789442,0.0003353501304664781,0.0021055769545233454,30,0;1;2;3;4;5;6;7;8;9;10;11;12;13;14;15;16;17;18;19;20;21;22;23;24;25;26;27;28;29
B,16.97,p_hist,0.00039006770062813517,0.0003353501304664781,0.0008492691232318678,30,0;1;2;3;4;5;6;7;8;9;10;11;12;13;14;15;16;17;18;19;20;21;22;23;24;25;26;27;28;29
B,16.98,p_hist,0.00035973545301074336,0.0003353501304664781,0.0006228309123555348,30,0;1;2;3;4;5;6;7;8;9;10;11;12;13;14;15;16;17;18;19;20;21;22;23;24;25;26;27;28;29
B,16.990000000000002,p_hist,0.00033968335884594495,0.0003353501304664781,0.000371099264597081,30,0;1;2;3;4;5;6;7;8;9;10;11;12;13;14;15;16;17;18;19;20;21;22;23;24;25;26;27;28;29
B,17.0,p_hist,0.00034141664950715757,0.0003353501304664781,0.0004191131203760399,30,0;1;2;3;4;5;6;7;8;9;10;11;12;13;14;15;16;17;18;19;20;21;22;23;24;25;26;27;28;29
B,17.01,p_hist,0.0007670095351636748,0.0003353501304664781,0.004151600631878629,30,0;1;2;3;4;5;6;7;8;9;10;11;12;13;14;15;16;17;18;19;20;21;22;23;24;25;26;27;28;29
B,17.02,p_hist,0.0005300560600317386,0.0003353501304664781,0.0020420481913480757,30,0;1;2;3;4;5;6;7;8;9;10;11;12;13;14;15;16;17;18;19;20;21;22;23;24;25;26;27;28;29
B,17.03,p_hist,0.000622849983368147,0.0003353501304664781,0.0027420221043379113,30,0;1;2;3;4;5;6;7;8;9;10;11;12;13;14;15;16;17;18;19;20;21;22;23;24;25;26;27;28;29
B,17.04,p_hist,0.00045624813085957586,0.0003353501304664781,0.0016141984134551656,30,0;1;2;3;4;5;6;7;8;9;10;11;12;13;14;15;16;17;18;19;20;21;22;23;24;25;26;27;28;29
B,17.05,p_hist,0.0003432145792211356,0.0003353501304664781,0.0004223211947597863,30,0;1;2;3;4;5;6;7;8;9;10;11;12;13;14;15;16;17;18;19;20;21;22;23;24;25;26;27;28;29
B,17.06,p_hist,0.00042791498166428675,0.0003353501304664781,0.001301095595396054,30,0;1;2;3;4;5;6;7;8;9;10;11;12;13;14;15;16;17;18;19;20;21;22;23;24;25;26;27;28;29
B,17.07,p_hist,0.0003522518971966416,0.0003353501304664781,0.0004966145832104008,30,0;1;2;3;4;5;6;7;8;9;10;11;12;13;14;15;16;17;18;19;20;21;22;23;24;25;26;27;28;29
B,17.080000000000002,p_hist,0.0003749738861808898,0.0003353501304664781,0.0007842179166558439,30,0;1;2;3;4;5;6;7;8;9;10;11;12;13;14;15;16;17;18;19;20;21;22;23;24;25;26;27;28;29
B,17.09,p_hist,0.00033584969224008745,0.0003353501304664781,0.00033947151509875655,30,0;1;2;3;4;5;6;7;8;9;10;11;12;13;14;15;16;17;18;19;20;21;22;23;24;25;26;27;28;29
B,17.1,p_hist,0.0003732723383585858,0.0003353501304664781,0.0006698938036276967,30,0;1;2;3;4;5;6;7;8;9;10;11;12;13;14;15;16;17;18;19;20;21;22;23;24;25;26;27;28;29
B,17.11,p_hist,0.0003449686606731385,0.0003353501304664781,0.00043370569470288386,30,0;1;2;3;4;5;6;7;8;9;10;11;12;13;14;15;16;17;18;19;20;21;22;23;24;25;26;27;28;29
B,17.12,p_hist,0.0005702139627371849,0.0003353501304664781,0.0022729767466997987,30,0;1;2;3;4;5;6;7;8;9;10;11;12;13;14;15;16;17;18;19;20;21;22;23;24;25;26;27;28;29
B,17.13,p_hist,0.0005916479756057659,0.0003353501304664781,0.0024469108641542725,30,0;1;2;3;4;5;6;7;8;9;10;11;12;13;14;15;16;17;18;19;20;21;22;23;24;25;26;27;28;29
B,17.14,p_hist,0.00046302307112108256,0.0003353501304664781,0.0015170843525231863,30,0;1;2;3;4;5;6;7;8;9;10;11;12;13;14;15;16;17;18;19;20;21;22;23;24;25;26;27;28;29
B,17.150000000000002,p_hist,0.0003980411710405341,0.0003353501304664781,0.0009195951820333242,30,0;1;2;3;4;5;6;7;8;9;10;11;12;13;14;15;16;17;18;19;20;21;22;23;24;25;26;27;28;29
B,17.16,p_hist,0.0003591617865948378,0.0003353501304664781,0.0005317962935254458,30,0;1;2;3;4;5;6;7;8;9;10;11;12;13;14;15;16;17;18;19;20;21;22;23;24;25;26;27;28;29
B,17.17,p_hist,0.0003549442623862234,0.0003353501304664781,0.0005799528237123574,30,0;1;2;3;4;5;6;7;8;9;10;11;12;13;14;15;16;17;18;19;20;21;22;23;24;25;26;27;28;29
B,17.18,p_hist,0.0003460127280420946,0.0003353501304664781,0.00042331656046531524,30,0;1;2;3;4;5;6;7;8;9;10;11;12;13;14;15;16;17;18;19;20;21;22;23;24;25;26;27;28;29
B,17.19,p_hist,0.00035259153979873677,0.0003353501304664781,0.0005125729768162898,30,0;1;2;3;4;5;6;7;8;9;10;11;12;13;14;15;16;17;18;19;20;21;22;23;24;25;26;27;28;29
B,17.2,p_hist,0.00033535013046647795,0.0003353501304664781,0.0003353501304664781,30,0;1;2;3;4;5;6;7;8;9;10;11;12;13;14;15;16;17;18;19;20;21;22;23;24;25;26;27;28;29
B,17.21,p_hist,0.00039669007496174433,0.0003353501304664781,0.0009555520035152449,30,0;1;2;3;4;5;6;7;8;9;10;11;12;13;14;15;16;17;18;19;20;21;22;23;24;25;26;27;28;29
B,17.22,p_hist,0.00035012522528859714,0.0003353501304664781,0.00046521857102103394,30,0;1;2;3;4;5;6;7;8;9;10;11;12;13;14;15;16;17;18;19;20;21;22;23;24;25;26;27;28;29
B,17.23,p_hist,0.0003424599083312835,0.0003353501304664781,0.0003940057978511237,30,0;1;2;3;4;5;6;7;8;9;10;11;12;13;14;15;16;17;18;19;20;21;22;23;24;25;26;27;28;29
B,17.240000000000002,p_hist,0.00033535013046647795,0.0003353501304664781,0.0003353501304664781,30,0;1;2;3;4;5;6;7;8;9;10;11;12;13;14;15;16;17;18;19;20;21;22;23;24;25;26;27;28;29
B,17.25,p_hist,0.00036060318070785713,0.0003353501304664781,0.000614561577714435,30,0;1;2;3;4;5;6;7;8;9;10;11;12;13;14;15;16;17;18;19;20;21;22;23;24;25;26;27;28;29
B,17.26,p_hist,0.00033535013046647795,0.0003353501304664781,0.0003353501304664781,30,0;1;2;3;4;5;6;7;8;9;10;11;12;13;14;15;16;17;18;19;20;21;22;23;24;25;26;27;28;29
B,17.27,p_hist,0.0003753664662959968,0.0003353501304664781,0.000665484901060007,30,0;1;2;3;4;5;6;7;8;9;10;11;12;13;14;15;16;17;18;19;20;21;22;23;24;25;26;27;28;29
B,17.28,p_hist,0.00033919940819534134,0.0003353501304664781,0.00036710667172960094,30,0;1;2;3;4;5;6;7;8;9;10;11;12;13;14;15;16;17;18;19;20;21;22;23;24;25;26;27;28;29
B,17.29,p_hist,0.0003536017050064172,0.0003353501304664781,0.0005170945819483945,30,0;1;2;3;4;5;6;7;8;9;10;11;12;13;14;15;16;17;18;19;20;21;22;23;24;25;26;27;28;29
B,17.3,p_hist,0.00033793733907033806,0.0003353501304664781,0.00035669460144832426,30,0;1;2;3;4;5;6;7;8;9;10;11;12;13;14;15;16;17;18;19;20;21;22;23;24;25;26;27;28;29
B,17.31,p_hist,0.00044722346831788367,0.0003353501304664781,0.001606941520628805,30,0;1;2;3;4;5;6;7;8;9;10;11;12;13;14;15;16;17;18;19;20;21;22;23;24;25;26;27;28;29
B,17.32,p_hist,0.00036154371600093034,0.0003353501304664781,0.0005799715496930594,30,0;1;2;3;4;5;6;7;8;9;10;11;12;13;14;15;16;17;18;19;20;21;22;23;24;25;26;27;28;29
B,17.330000000000002,p_hist,0.0003502534982397687,0.0003353501304664781,0.0005554564305450552,30,0;1;2;3;4;5;6;7;8;9;10;11;12;13;14;15;16;17;18;19;20;21;22;23;24;25;26;27;28;29
B,17.34,p_hist,0.0003477474984496715,0.0003353501304664781,0.0004430788364397381,30,0;1;2;3;4;5;6;7;8;9;10;11;12;13;14;15;16;17;18;19;20;21;22;23;24;25;26;27;28;29
B,17.35,p_hist,0.00033998306285116815,0.0003353501304664781,0.0003798180680170537,30,0;1;2;3;4;5;6;7;8;9;10;11;12;13;14;15;16;17;18;19;20;21;22;23;24;25;26;27;28;29
B,17.36,p_hist,0.0003391113698640206,0.0003353501304664781,0.0003663803554962046,30,0;1;2;3;4;5;6;7;8;9;10;11;12;13;14;15;16;17;18;19;20;21;22;23;24;25;26;27;28;29
B,17.37,p_hist,0.00033535013046647795,0.0003353501304664781,0.0003353501304664781,30,0;1;2;3;4;5;6;7;8;9;10;11;12;13;14;15;16;17;18;19;20;21;22;23;24;25;26;27;28;29
B,17.38,p_hist,0.0004974731263710745,0.0003353501304664781,0.002074614954122283,30,0;1;2;3;4;5;6;7;8;9;10;11;12;13;14;15;16;17;18;19;20;21;22;23;24;25;26;27;28;29
B,17.39,p_hist,0.00038084088239286767,0.0003353501304664781,0.0009249298449084134,30,0;1;2;3;4;5;6;7;8;9;10;11;12;13;14;15;16;17;18;19;20;21;22;23;24;25;26;27;28;29
B,17.400000000000002,p_hist,0.00036778475801812306,0.0003353501304664781,0.0006797696847862841,30,0;1;2;3;4;5;6;7;8;9;10;11;12;13;14;15;16;17;18;19;20;21;22;23;24;25;26;27;28;29
B,17.41,p_hist,0.00033535013046647795,0.0003353501304664781,0.0003353501304664781,30,0;1;2;3;4;5;6;7;8;9;10;11;12;13;14;15;16;17;18;19;20;21;22;23;24;25;26;27;28;29
B,17.42,p_hist,0.00033560562771741103,0.0003353501304664781,0.00033745798278667587,30,0;1;2;3;4;5;6;7;8;9;10;11;12;13;14;15;16;17;18;19;20;21;22;23;24;25;26;27;28;29
B,17.43,p_hist,0.0005959597960472504,0.0003353501304664781,0.0025253747362687876,30,0;1;2;3;4;5;6;7;8;9;10;11;12;13;14;15;16;17;18;19;20;21;22;23;24;25;26;27;28;29
B,17.44,p_hist,0.0004287835451875215,0.0003353501304664781,0.0012299106061362843,30,0;1;2;3;4;5;6;7;8;9;10;11;12;13;14;15;16;17;18;19;20;21;22;23;24;25;26;27;28;29
B,17.45,p_hist,0.00035245717999432004,0.0003353501304664781,0.0005319456298460265,30,0;1;2;3;4;5;6;7;8;9;10;11;12;13;14;15;16;17;18;19;20;21;22;23;24;25;26;27;28;29
B,17.46,p_hist,0.0003415074823936078,0.0003353501304664781,0.00040119149901390253,30,0;1;2;3;4;5;6;7;8;9;10;11;12;13;14;15;16;17;18;19;20;21;22;23;24;25;26;27;28;29
B,17.47,p_hist,0.0003369464376956345,0.0003353501304664781,0.0003485196651070193,30,0;1;2;3;4;5;6;7;8;9;10;11;12;13;14;15;16;17;18;19;20;21;22;23;24;25;26;27;28;29
B,17.48,p_hist,0.00035959909382222603,0.0003353501304664781,0.0006142122271933453,30,0;1;2;3;4;5;6;7;8;9;10;11;12;13;14;15;16;17;18;19;20;21;22;23;24;25;26;27;28;29
B,17.490000000000002,p_hist,0.0003435303427528602,0.0003353501304664781,0.00042887243405452166,30,0;1;2;3;4;5;6;7;8;9;10;11;12;13;14;15;16;17;18;19;20;21;22;23;24;25;26;27;28;29
B,17.5,p_hist,0.00034935967944439944,0.0003353501304664781,0.00045092890953432943,30,0;1;2;3;4;5;6;7;8;9;10;11;12;13;14;15;16;17;18;19;20;21;22;23;24;25;26;27;28;29
B,17.51,p_hist,0.000338116152990194,0.0003353501304664781,0.0003673007016006672,30,0;1;2;3;4;5;6;7;8;9;10;11;12;13;14;15;16;17;18;19;20;21;22;23;24;25;26;27;28;29
B,17.52,p_hist,0.0003438143608889798,0.0003353501304664781,0.00042090697423591793,30,0;1;2;3;4;5;6;7;8;9;10;11;12;13;14;15;16;17;18;19;20;21;22;23;24;25;26;27;28;29
B,17.53,p_hist,0.0003850285503530086,0.0003353501304664781,0.0007451970945303538,30,0;1;2;3;4;5;6;7;8;9;10;11;12;13;14;15;16;17;18;19;20;21;22;23;24;25;26;27;28;29
B,17.54,p_hist,0.00034821976278623726,0.0003353501304664781,0.0004548360660320059,30,0;1;2;3;4;5;6;7;8;9;10;11;12;13;14;15;16;17;18;19;20;21;22;23;24;25;26;27;28;29
B,17.55,p_hist,0.00033885810397958204,0.0003353501304664781,0.0003642909119495868,30,0;1;2;3;4;5;6;7;8;9;10;11;12;13;14;15;16;17;18;19;20;21;22;23;24;25;26;27;28;29
B,17.56,p_hist,0.0005766066251312085,0.0003353501304664781,0.0023424715827971053,30,0;1;2;3;4;5;6;7;8;9;10;11;12;13;14;15;16;17;18;19;20;21;22;23;24;25;26;27;28;29
B,17.57,p_hist,0.00038666457012525,0.0003353501304664781,0.0009530069013616622,30,0;1;2;3;4;5;6;7;8;9;10;11;12;13;14;15;16;17;18;19;20;21;22;23;24;25;26;27;28;29
B,17.580000000000002,p_hist,0.00034865886981151514,0.0003353501304664781,0.00044514723006303423,30,0;1;2;3;4;5;6;7;8;9;10;11;12;13;14;15;16;17;18;19;20;21;22;23;24;25;26;27;28;29
B,17.59,p_hist,0.00033618550555710494,0.0003353501304664781,0.0003422419749641508,30,0;1;2;3;4;5;6;7;8;9;10;11;12;13;14;15;16;17;18;19;20;21;22;23;24;25;26;27;28;29
B,17.6,p_hist,0.0004085380299088925,0.0003353501304664781,0.0009391503008663958,30,0;1;2;3;4;5;6;7;8;9;10;11;12;13;14;15;16;17;18;19;20;21;22;23;24;25;26;27;28;29
B,17.61,p_hist,0.00034453450575176644,0.0003353501304664781,0.0004374591269252949,30,0;1;2;3;4;5;6;7;8;9;10;11;12;13;14;15;16;17;18;19;20;21;22;23;24;25;26;27;28;29
B,17.62,p_hist,0.0003502246406221526,0.0003353501304664781,0.00048002474535608237,30,0;1;2;3;4;5;6;7;8;9;10;11;12;13;14;15;16;17;18;19;20;21;22;23;24;25;26;27;28;29
B,17.63,p_hist,0.0003411972588227497,0.0003353501304664781,0.0003835889394057196,30,0;1;2;3;4;5;6;7;8;9;10;11;12;13;14;15;16;17;18;19;20;21;22;23;24;25;26;27;28;29
B,17.64,p_hist,0.0004023196689818203,0.0003353501304664781,0.000943692104997784,30,0;1;2;3;4;5;6;7;8;9;10;11;12;13;14;15;16;17;18;19;20;21;22;23;24;25;26;27;28;29
B,17.650000000000002,p_hist,0.0004196652680295916,0.0003353501304664781,0.0010827089434367924,30,0;1;2;3;4;5;6;7;8;9;10;11;12;13;14;15;16;17;18;19;20;21;22;23;24;25;26;27;28;29
B,17.66,p_hist,0.0003461495869444405,0.0003353501304664781,0.00042444564640966854,30,0;1;2;3;4;5;6;7;8;9;10;11;12;13;14;15;16;17;18;19;20;21;22;23;24;25;26;27;28;29
B,17.67,p_hist,0.0005586090845470032,0.0003353501304664781,0.003499055404251523,30,0;1;2;3;4;5;6;7;8;9;10;11;12;13;14;15;16;17;18;19;20;21;22;23;24;25;26;27;28;29
B,17.68,p_hist,0.0005129606670721113,0.0003353501304664781,0.001779885736395863,30,0;1;2;3;4;5;6;7;8;9;10;11;12;13;14;15;16;17;18;19;20;21;22;23;24;25;26;27;28;29
B,17.69,p_hist,0.0003430379512614853,0.0003353501304664781,0.00039877465202528816,30,0;1;2;3;4;5;6;7;8;9;10;11;12;13;14;15;16;17;18;19;20;21;22;23;24;25;26;27;28;29
B,17.7,p_hist,0.00036483452480528584,0.0003353501304664781,0.0006414595405758487,30,0;1;2;3;4;5;6;7;8;9;10;11;12;13;14;15;16;17;18;19;20;21;22;23;24;25;26;27;28;29
B,17.71,p_hist,0.00035168889952091214,0.0003353501304664781,0.0004951292909665761,30,0;1;2;3;4;5;6;7;8;9;10;11;12;13;14;15;16;17;18;19;20;21;22;23;24;25;26;27;28;29
B,17.72,p_hist,0.0003362271020729502,0.0003353501304664781,0.0003425851462198743,30,0;1;2;3;4;5;6;7;8;9;10;11;12;13;14;15;16;17;18;19;20;21;22;23;24;25;26;27;28;29
B,17.73,p_hist,0.000490322836048152,0.0003353501304664781,0.0016549777854952897,30,0;1;2;3;4;5;6;7;8;9;10;11;12;13;14;15;16;17;18;19;20;21;22;23;24;25;26;27;28;29
B,17.740000000000002,p_hist,0.00036369008812577177,0.0003353501304664781,0.0006819446783212367,30,0;1;2;3;4;5;6;7;8;9;10;11;12;13;14;15;16;17;18;19;20;21;22;23;24;25;26;27;28;29
B,17.75,p_hist,0.0005122586027376868,0.0003353501304664781,0.001929379326666432,30,0;1;2;3;4;5;6;7;8;9;10;11;12;13;14;15;16;17;18;19;20;21;22;23;24;25;26;27;28;29
B,17.76,p_hist,0.00036398535452675576,0.0003353501304664781,0.0005715907289637688,30,0;1;2;3;4;5;6;7;8;9;10;11;12;13;14;15;16;17;18;19;20;21;22;23;24;25;26;27;28;29
B,17.77,p_hist,0.00033535013046647795,0.0003353501304664781,0.0003353501304664781,30,0;1;2;3;4;5;6;7;8;9;10;11;12;13;14;15;16;17;18;19;20;21;22;23;24;25;26;27;28;29
B,17.78,p_hist,0.0003460079119619942,0.0003353501304664781,0.0004394561583688651,30,0;1;2;3;4;5;6;7;8;9;10;11;12;13;14;15;16;17;18;19;20;21;22;23;24;25;26;27;28;29
B,17.79,p_hist,0.00034067288054312613,0.0003353501304664781,0.00040225535912107095,30,0;1;2;3;4;5;6;7;8;9;10;11;12;13;14;15;16;17;18;19;20;21;22;23;24;25;26;27;28;29
B,17.8,p_hist,0.00034806941328711114,0.0003353501304664781,0.00044028421373670134,30,0;1;2;3;4;5;6;7;8;9;10;11;12;13;14;15;16;17;18;19;20;21;22;23;24;25;26;27;28;29
B,17.81,p_hist,0.0003800226066518035,0.0003353501304664781,0.0007641992214179743,30,0;1;2;3;4;5;6;7;8;9;10;11;12;13;14;15;16;17;18;19;20;21;22;23;24;25;26;27;28;29
B,17.82,p_hist,0.00033535013046647795,0.0003353501304664781,0.0003353501304664781,30,0;1;2;3;4;5;6;7;8;9;10;11;12;13;14;15;16;17;18;19;20;21;22;23;24;25;26;27;28;29
B,17.830000000000002,p_hist,0.0003357949684207753,0.0003353501304664781,0.0003390200435894315,30,0;1;2;3;4;5;6;7;8;9;10;11;12;13;14;15;16;17;18;19;20;21;22;23;24;25;26;27;28;29
B,17.84,p_hist,0.0004179605664211661,0.0003353501304664781,0.0010696216048801017,30,0;1;2;3;4;5;6;7;8;9;10;11;12;13;14;15;16;17;18;19;20;21;22;23;24;25;26;27;28;29
B,17.85,p_hist,0.00035021969843255433,0.0003353501304664781,0.0005462565010234142,30,0;1;2;3;4;5;6;7;8;9;10;11;12;13;14;15;16;17;18;19;20;21;22;23;24;25;26;27;28;29
B,17.86,p_hist,0.00033535013046647795,0.0003353501304664781,0.0003353501304664781,30,0;1;2;3;4;5;6;7;8;9;10;11;12;13;14;15;16;17;18;19;20;21;22;23;24;25;26;27;28;29
B,17.87,p_hist,0.00039434274153113624,0.0003353501304664781,0.0008220391717499072,30,0;1;2;3;4;5;6;7;8;9;10;11;12;13;14;15;16;17;18;19;20;21;22;23;24;25;26;27;28;29
B,17.88,p_hist,0.0005704126115534005,0.0003353501304664781,0.002425500364433902,30,0;1;2;3;4;5;6;7;8;9;10;11;12;13;14;15;16;17;18;19;20;21;22;23;24;25;26;27;28;29
B,17.89,p_hist,0.0004321879902729561,0.0003353501304664781,0.00125639021128797,30,0;1;2;3;4;5;6;7;8;9;10;11;12;13;14;15;16;17;18;19;20;21;22;23;24;25;26;27;28;29
B,17.900000000000002,p_hist,0.00035326020641127744,0.0003353501304664781,0.0005544737799159868,30,0;1;2;3;4;5;6;7;8;9;10;11;12;13;14;15;16;17;18;19;20;21;22;23;24;25;26;27;28;29
B,17.91,p_hist,0.00033778349134587406,0.0003353501304664781,0.0003554253577214959,30,0;1;2;3;4;5;6;7;8;9;10;11;12;13;14;15;16;17;18;19;20;21;22;23;24;25;26;27;28;29
B,17.92,p_hist,0.00036728680075244843,0.0003353501304664781,0.0006239404705305657,30,0;1;2;3;4;5;6;7;8;9;10;11;12;13;14;15;16;17;18;19;20;21;22;23;24;25;26;27;28;29
B,17.93,p_hist,0.00038274468614297595,0.0003353501304664781,0.0008027258140820196,30,0;1;2;3;4;5;6;7;8;9;10;11;12;13;14;15;16;17;18;19;20;21;22;23;24;25;26;27;28;29
B,17.94,p_hist,0.0003604820219872684,0.0003353501304664781,0.0006188717992027968,30,0;1;2;3;4;5;6;7;8;9;10;11;12;13;14;15;16;17;18;19;20;21;22;23;24;25;26;27;28;29
B,17.95,p_hist,0.0003669018213118318,0.0003353501304664781,0.0005956515799406458,30,0;1;2;3;4;5;6;7;8;9;10;11;12;13;14;15;16;17;18;19;20;21;22;23;24;25;26;27;28;29
B,17.96,p_hist,0.00033559869648948137,0.0003353501304664781,0.0003374008001562564,30,0;1;2;3;4;5;6;7;8;9;10;11;12;13;14;15;16;17;18;19;20;21;22;23;24;25;26;27;28;29
B,17.97,p_hist,0.0003505186108253806,0.0003353501304664781,0.0005092015078064569,30,0;1;2;3;4;5;6;7;8;9;10;11;12;13;14;15;16;17;18;19;20;21;22;23;24;25;26;27;28;29
B,17.98,p_hist,0.00033535013046647795,0.0003353501304664781,0.0003353501304664781,30,0;1;2;3;4;5;6;7;8;9;10;11;12;13;14;15;16;17;18;19;20;21;22;23;24;25;26;27;28;29
B,17.990000000000002,p_hist,0.00034389488511384937,0.0003353501304664781,0.000405844356307292,30,0;1;2;3;4;5;6;7;8;9;10;11;12;13;14;15;16;17;18;19;20;21;22;23;24;25;26;27;28;29
B,18.0,p_hist,0.00033593611910908886,0.0003353501304664781,0.000340184536768018,30,0;1;2;3;4;5;6;7;8;9;10;11;12;13;14;15;16;17;18;19;20;21;22;23;24;25;26;27;28;29
B,18.01,p_hist,0.0003431321883497164,0.0003353501304664781,0.0003995521080031954,30,0;1;2;3;4;5;6;7;8;9;10;11;12;13;14;15;16;17;18;19;20;21;22;23;24;25;26;27;28;29
B,18.02,p_hist,0.000391252992099927,0.0003353501304664781,0.000877658003285503,30,0;1;2;3;4;5;6;7;8;9;10;11;12;13;14;15;16;17;18;19;20;21;22;23;24;25;26;27;28;29
B,18.03,p_hist,0.0006325264661108703,0.0003353501304664781,0.0027870548995326994,30,0;1;2;3;4;5;6;7;8;9;10;11;12;13;14;15;16;17;18;19;20;21;22;23;24;25;26;27;28;29
B,18.04,p_hist,0.0004116013018178246,0.0003353501304664781,0.001066146586871488,30,0;1;2;3;4;5;6;7;8;9;10;11;12;13;14;15;16;17;18;19;20;21;22;23;24;25;26;27;28;29
B,18.05,p_hist,0.00036270374079469775,0.0003353501304664781,0.0006796136191716553,30,0;1;2;3;4;5;6;7;8;9;10;11;12;13;14;15;16;17;18;19;20;21;22;23;24;25;26;27;28;29
B,18.06,p_hist,0.00035036022493815255,0.0003353501304664781,0.00047843851690107606,30,0;1;2;3;4;5;6;7;8;9;10;11;12;13;14;15;16;17;18;19;20;21;22;23;24;25;26;27;28;29
B,18.07,p_hist,0.0003403250291610026,0.0003353501304664781,0.00037639304469630616,30,0;1;2;3;4;5;6;7;8;9;10;11;12;13;14;15;16;17;18;19;20;21;22;23;24;25;26;27;28;29
B,18.080000000000002,p_hist,0.00042073944344069903,0.0003353501304664781,0.0010398119625037987,30,0;1;2;3;4;5;6;7;8;9;10;11;12;13;14;15;16;17;18;19;20;21;22;23;24;25;26;27;28;29
B,18.09,p_hist,0.00039604290071860445,0.0003353501304664781,0.0008393174840270632,30,0;1;2;3;4;5;6;7;8;9;10;11;12;13;14;15;16;17;18;19;20;21;22;23;24;25;26;27;28;29
B,18.1,p_hist,0.00035388987565023036,0.0003353501304664781,0.0004817260475368225,30,0;1;2;3;4;5;6;7;8;9;10;11;12;13;14;15;16;17;18;19;20;21;22;23;24;25;26;27;28;29
B,18.11,p_hist,0.0003519625485003365,0.0003353501304664781,0.0004763930009946901,30,0;1;2;3;4;5;6;7;8;9;10;11;12;13;14;15;16;17;18;19;20;21;22;23;24;25;26;27;28;29
B,18.12,p_hist,0.0003430293583551869,0.0003353501304664781,0.0004068107052311419,30,0;1;2;3;4;5;6;7;8;9;10;11;12;13;14;15;16;17;18;19;20;21;22;23;24;25;26;27;28;29
B,18.13,p_hist,0.001435179190905424,0.0003353501304664781,0.009494507810619526,30,0;1;2;3;4;5;6;7;8;9;10;11;12;13;14;15;16;17;18;19;20;21;22;23;24;25;26;27;28;29
B,18.14,p_hist,0.0006133486245904655,0.0003353501304664781,0.0027171923436114112,30,0;1;2;3;4;5;6;7;8;9;10;11;12;13;14;15;16;17;18;19;20;21;22;23;24;25;26;27;28;29
B,18.150000000000002,p_hist,0.00040989294545814827,0.0003353501304664781,0.0011384058168407082,30,0;1;2;3;4;5;6;7;8;9;10;11;12;13;14;15;16;17;18;19;20;21;22;23;24;25;26;27;28;29
B,18.16,p_hist,0.00034720796501881614,0.0003353501304664781,0.00043317726552326785,30,0;1;2;3;4;5;6;7;8;9;10;11;12;13;14;15;16;17;18;19;20;21;22;23;24;25;26;27;28;29
B,18.17,p_hist,0.000338926003355061,0.0003353501304664781,0.000364851081797288,30,0;1;2;3;4;5;6;7;8;9;10;11;12;13;14;15;16;17;18;19;20;21;22;23;24;25;26;27;28;29
B,18.18,p_hist,0.0003682259861050708,0.0003353501304664781,0.000606575939484868,30,0;1;2;3;4;5;6;7;8;9;10;11;12;13;14;15;16;17;18;19;20;21;22;23;24;25;26;27;28;29
B,18.19,p_hist,0.0003671649644883129,0.0003353501304664781,0.000589269220605364,30,0;1;2;3;4;5;6;7;8;9;10;11;12;13;14;15;16;17;18;19;20;21;22;23;24;25;26;27;28;29
B,18.2,p_hist,0.0004365940174952349,0.0003353501304664781,0.0018469590833440478,30,0;1;2;3;4;5;6;7;8;9;10;11;12;13;14;15;16;17;18;19;20;21;22;23;24;25;26;27;28;29
B,18.21,p_hist,0.0003753072770487388,0.0003353501304664781,0.0008144175324769743,30,0;1;2;3;4;5;6;7;8;9;10;11;12;13;14;15;16;17;18;19;20;21;22;23;24;25;26;27;28;29
B,18.22,p_hist,0.00033535013046647795,0.0003353501304664781,0.0003353501304664781,30,0;1;2;3;4;5;6;7;8;9;10;11;12;13;14;15;16;17;18;19;20;21;22;23;24;25;26;27;28;29
B,18.23,p_hist,0.00033625104427595067,0.0003353501304664781,0.00034278266939462797,30,0;1;2;3;4;5;6;7;8;9;10;11;12;13;14;15;16;17;18;19;20;21;22;23;24;25;26;27;28;29
B,18.240000000000002,p_hist,0.00038730542708588267,0.0003353501304664781,0.0007968498567418011,30,0;1;2;3;4;5;6;7;8;9;10;11;12;13;14;15;16;17;18;19;20;21;22;23;24;25;26;27;28;29
B,18.25,p_hist,0.000373419331685593,0.0003353501304664781,0.0006494210405241757,30,0;1;2;3;4;5;6;7;8;9;10;11;12;13;14;15;16;17;18;19;20;21;22;23;24;25;26;27;28;29
B,18.26,p_hist,0.0003900808676880726,0.0003353501304664781,0.001130963206335504,30,0;1;2;3;4;5;6;7;8;9;10;11;12;13;14;15;16;17;18;19;20;21;22;23;24;25;26;27;28;29
B,18.27,p_hist,0.00033535013046647795,0.0003353501304664781,0.0003353501304664781,30,0;1;2;3;4;5;6;7;8;9;10;11;12;13;14;15;16;17;18;19;20;21;22;23;24;25;26;27;28;29
B,18.28,p_hist,0.00033535013046647795,0.0003353501304664781,0.0003353501304664781,30,0;1;2;3;4;5;6;7;8;9;10;11;12;13;14;15;16;17;18;19;20;21;22;23;24;25;26;27;28;29
B,18.29,p_hist,0.00033535013046647795,0.0003353501304664781,0.0003353501304664781,30,0;1;2;3;4;5;6;7;8;9;10;11;12;13;14;15;16;17;18;19;20;21;22;23;24;25;26;27;28;29
B,18.3,p_hist,0.00039553330602710784,0.0003353501304664781,0.0011469864048802916,30,0;1;2;3;4;5;6;7;8;9;10;11;12;13;14;15;16;17;18;19;20;21;22;23;24;25;26;27;28;29
B,18.31,p_hist,0.0003389306493473066,0.0003353501304664781,0.00036488941123331424,30,0;1;2;3;4;5;6;7;8;9;10;11;12;13;14;15;16;17;18;19;20;21;22;23;24;25;26;27;28;29
B,18.32,p_hist,0.0003769935100084937,0.0003353501304664781,0.0008544911889982612,30,0;1;2;3;4;5;6;7;8;9;10;11;12;13;14;15;16;17;18;19;20;21;22;23;24;25;26;27;28;29
B,18.330000000000002,p_hist,0.0003606994794812241,0.0003353501304664781,0.0006927096986679844,30,0;1;2;3;4;5;6;7;8;9;10;11;12;13;14;15;16;17;18;19;20;21;22;23;24;25;26;27;28;29
B,18.34,p_hist,0.00034450631248079456,0.0003353501304664781,0.00041088863208458957,30,0;1;2;3;4;5;6;7;8;9;10;11;12;13;14;15;16;17;18;19;20;21;22;23;24;25;26;27;28;29
B,18.35,p_hist,0.0003500967379789213,0.0003353501304664781,0.00045700964244413465,30,0;1;2;3;4;5;6;7;8;9;10;11;12;13;14;15;16;17;18;19;20;21;22;23;24;25;26;27;28;29
B,18.36,p_hist,0.00033535013046647795,0.0003353501304664781,0.0003353501304664781,30,0;1;2;3;4;5;6;7;8;9;10;11;12;13;14;15;16;17;18;19;20;21;22;23;24;25;26;27;28;29
B,18.37,p_hist,0.00034051697559840205,0.0003353501304664781,0.0003779766028048517,30,0;1;2;3;4;5;6;7;8;9;10;11;12;13;14;15;16;17;18;19;20;21;22;23;24;25;26;27;28;29
B,18.38,p_hist,0.00034575351302106716,0.0003353501304664781,0.000438884516062558,30,0;1;2;3;4;5;6;7;8;9;10;11;12;13;14;15;16;17;18;19;20;21;22;23;24;25;26;27;28;29
B,18.39,p_hist,0.00037796787766794277,0.0003353501304664781,0.0007976143063141307,30,0;1;2;3;4;5;6;7;8;9;10;11;12;13;14;15;16;17;18;19;20;21;22;23;24;25;26;27;28;29
B,18.400000000000002,p_hist,0.00033775963332774667,0.0003353501304664781,0.0003552285290719444,30,0;1;2;3;4;5;6;7;8;9;10;11;12;13;14;15;16;17;18;19;20;21;22;23;24;25;26;27;28;29
B,18.41,p_hist,0.00033535013046647795,0.0003353501304664781,0.0003353501304664781,30,0;1;2;3;4;5;6;7;8;9;10;11;12;13;14;15;16;17;18;19;20;21;22;23;24;25;26;27;28;29
B,18.42,p_hist,0.0007334817557320243,0.0003353501304664781,0.0036244011118425567,30,0;1;2;3;4;5;6;7;8;9;10;11;12;13;14;15;16;17;18;19;20;21;22;23;24;25;26;27;28;29
B,18.43,p_hist,0.0004055995560110012,0.0003353501304664781,0.000914907891208792,30,0;1;2;3;4;5;6;7;8;9;10;11;12;13;14;15;16;17;18;19;20;21;22;23;24;25;26;27;28;29
B,18.44,p_hist,0.0003815229216281363,0.0003353501304664781,0.0008916795939964664,30,0;1;2;3;4;5;6;7;8;9;10;11;12;13;14;15;16;17;18;19;20;21;22;23;24;25;26;27;28;29
B,18.45,p_hist,0.00037736140816930033,0.0003353501304664781,0.0007546001163322028,30,0;1;2;3;4;5;6;7;8;9;10;11;12;13;14;15;16;17;18;19;20;21;22;23;24;25;26;27;28;29
B,18.46,p_hist,0.0003404203950957004,0.0003353501304664781,0.0004011790687498713,30,0;1;2;3;4;5;6;7;8;9;10;11;12;13;14;15;16;17;18;19;20;21;22;23;24;25;26;27;28;29
B,18.47,p_hist,0.00033535013046647795,0.0003353501304664781,0.0003353501304664781,30,0;1;2;3;4;5;6;7;8;9;10;11;12;13;14;15;16;17;18;19;20;21;22;23;24;25;26;27;28;29
B,18.48,p_hist,0.0004035372423556204,0.0003353501304664781,0.0010713383092072464,30,0;1;2;3;4;5;6;7;8;9;10;11;12;13;14;15;16;17;18;19;20;21;22;23;24;25;26;27;28;29
B,18.490000000000002,p_hist,0.00041296723178809775,0.0003353501304664781,0.0011650826210492181,30,0;1;2;3;4;5;6;7;8;9;10;11;12;13;14;15;16;17;18;19;20;21;22;23;24;25;26;27;28;29
B,18.5,p_hist,0.0003709669604563421,0.0003353501304664781,0.0007855655791600822,30,0;1;2;3;4;5;6;7;8;9;10;11;12;13;14;15;16;17;18;19;20;21;22;23;24;25;26;27;28;29
B,18.51,p_hist,0.00033535013046647795,0.0003353501304664781,0.0003353501304664781,30,0;1;2;3;4;5;6;7;8;9;10;11;12;13;14;15;16;17;18;19;20;21;22;23;24;25;26;27;28;29
B,18.52,p_hist,0.0003641324620584573,0.0003353501304664781,0.0005728043661003064,30,0;1;2;3;4;5;6;7;8;9;10;11;12;13;14;15;16;17;18;19;20;21;22;23;24;25;26;27;28;29
B,18.53,p_hist,0.0003617247553905487,0.0003353501304664781,0.0005529407860900609,30,0;1;2;3;4;5;6;7;8;9;10;11;12;13;14;15;16;17;18;19;20;21;22;23;24;25;26;27;28;29
B,18.54,p_hist,0.0007606115715251115,0.0003353501304664781,0.004046824851810372,30,0;1;2;3;4;5;6;7;8;9;10;11;12;13;14;15;16;17;18;19;20;21;22;23;24;25;26;27;28;29
B,18.55,p_hist,0.0004617250234666401,0.0003353501304664781,0.0014133662935087196,30,0;1;2;3;4;5;6;7;8;9;10;11;12;13;14;15;16;17;18;19;20;21;22;23;24;25;26;27;28;29
B,18.56,p_hist,0.00042416750373844357,0.0003353501304664781,0.0011908349599810569,30,0;1;2;3;4;5;6;7;8;9;10;11;12;13;14;15;16;17;18;19;20;21;22;23;24;25;26;27;28;29
B,18.57,p_hist,0.0003810628774186771,0.0003353501304664781,0.0007830329315725885,30,0;1;2;3;4;5;6;7;8;9;10;11;12;13;14;15;16;17;18;19;20;21;22;23;24;25;26;27;28;29
B,18.580000000000002,p_hist,0.00033535013046647795,0.0003353501304664781,0.0003353501304664781,30,0;1;2;3;4;5;6;7;8;9;10;11;12;13;14;15;16;17;18;19;20;21;22;23;24;25;26;27;28;29
B,18.59,p_hist,0.00033839575703481327,0.0003353501304664781,0.00036047654965524453,30,0;1;2;3;4;5;6;7;8;9;10;11;12;13;14;15;16;17;18;19;20;21;22;23;24;25;26;27;28;29
B,18.6,p_hist,0.0003358340867740698,0.0003353501304664781,0.0003393427700041105,30,0;1;2;3;4;5;6;7;8;9;10;11;12;13;14;15;16;17;18;19;20;21;22;23;24;25;26;27;28;29
B,18.61,p_hist,0.00035419143214078183,0.0003353501304664781,0.0005670414533480314,30,0;1;2;3;4;5;6;7;8;9;10;11;12;13;14;15;16;17;18;19;20;21;22;23;24;25;26;27;28;29
B,18.62,p_hist,0.0016099538072647719,0.0003353501304664781,0.010850830464052356,30,0;1;2;3;4;5;6;7;8;9;10;11;12;13;14;15;16;17;18;19;20;21;22;23;24;25;26;27;28;29
B,18.63,p_hist,0.0006604148017138864,0.0003353501304664781,0.0033314649622878155,30,0;1;2;3;4;5;6;7;8;9;10;11;12;13;14;15;16;17;18;19;20;21;22;23;24;25;26;27;28;29
B,18.64,p_hist,0.00040054561721004255,0.0003353501304664781,0.0009409246359617947,30,0;1;2;3;4;5;6;7;8;9;10;11;12;13;14;15;16;17;18;19;20;21;22;23;24;25;26;27;28;29
B,18.650000000000002,p_hist,0.00036165474071270704,0.0003353501304664781,0.0005732981582030515,30,0;1;2;3;4;5;6;7;8;9;10;11;12;13;14;15;16;17;18;19;20;21;22;23;24;25;26;27;28;29
B,18.66,p_hist,0.00413574845303731,0.0003353501304664781,0.031788872790082835,30,0;1;2;3;4;5;6;7;8;9;10;11;12;13;14;15;16;17;18;19;20;21;22;23;24;25;26;27;28;29
B,18.67,p_hist,0.005423088970854976,0.0003353501304664781,0.043171176591350606,30,0;1;2;3;4;5;6;7;8;9;10;11;12;13;14;15;16;17;18;19;20;21;22;23;24;25;26;27;28;29
B,18.68,p_hist,0.001572250922106321,0.0003353501304664781,0.010616657622950647,30,0;1;2;3;4;5;6;7;8;9;10;11;12;13;14;15;16;17;18;19;20;21;22;23;24;25;26;27;28;29
B,18.69,p_hist,0.0007269354970467296,0.0003353501304664781,0.004943911500843999,30,0;1;2;3;4;5;6;7;8;9;10;11;12;13;14;15;16;17;18;19;20;21;22;23;24;25;26;27;28;29
B,18.7,p_hist,0.0003931931014041781,0.0003353501304664781,0.0009431361552836675,30,0;1;2;3;4;5;6;7;8;9;10;11;12;13;14;15;16;17;18;19;20;21;22;23;24;25;26;27;28;29
B,18.71,p_hist,0.0005914123838669821,0.0003353501304664781,0.002447863721020623,30,0;1;2;3;4;5;6;7;8;9;10;11;12;13;14;15;16;17;18;19;20;21;22;23;24;25;26;27;28;29
B,18.72,p_hist,0.0004415919520073686,0.0003353501304664781,0.0017438203148420037,30,0;1;2;3;4;5;6;7;8;9;10;11;12;13;14;15;16;17;18;19;20;21;22;23;24;25;26;27;28;29
B,18.73,p_hist,0.0003747209596581326,0.0003353501304664781,0.0008068770519182964,30,0;1;2;3;4;5;6;7;8;9;10;11;12;13;14;15;16;17;18;19;20;21;22;23;24;25;26;27;28;29
B,18.740000000000002,p_hist,0.00037062054236059404,0.0003353501304664781,0.0007963660577135988,30,0;1;2;3;4;5;6;7;8;9;10;11;12;13;14;15;16;17;18;19;20;21;22;23;24;25;26;27;28;29
B,18.75,p_hist,0.00043709051092189437,0.0003353501304664781,0.0013328333384439314,30,0;1;2;3;4;5;6;7;8;9;10;11;12;13;14;15;16;17;18;19;20;21;22;23;24;25;26;27;28;29
B,18.76,p_hist,0.00041891923166147317,0.0003353501304664781,0.0010583883349820095,30,0;1;2;3;4;5;6;7;8;9;10;11;12;13;14;15;16;17;18;19;20;21;22;23;24;25;26;27;28;29
B,18.77,p_hist,0.0005312092282256903,0.0003353501304664781,0.0027074727602150158,30,0;1;2;3;4;5;6;7;8;9;10;11;12;13;14;15;16;17;18;19;20;21;22;23;24;25;26;27;28;29
B,18.78,p_hist,0.00042542679458486553,0.0003353501304664781,0.0010863504112867486,30,0;1;2;3;4;5;6;7;8;9;10;11;12;13;14;15;16;17;18;19;20;21;22;23;24;25;26;27;28;29
B,18.79,p_hist,0.0003802650651564362,0.0003353501304664781,0.0008524375501245528,30,0;1;2;3;4;5;6;7;8;9;10;11;12;13;14;15;16;17;18;19;20;21;22;23;24;25;26;27;28;29
B,18.8,p_hist,0.00033535013046647795,0.0003353501304664781,0.0003353501304664781,30,0;1;2;3;4;5;6;7;8;9;10;11;12;13;14;15;16;17;18;19;20;21;22;23;24;25;26;27;28;29
B,18.81,p_hist,0.00033762386651615386,0.0003353501304664781,0.00035742988846478567,30,0;1;2;3;4;5;6;7;8;9;10;11;12;13;14;15;16;17;18;19;20;21;22;23;24;25;26;27;28;29
B,18.82,p_hist,0.0003739303055789212,0.0003353501304664781,0.000726102315406354,30,0;1;2;3;4;5;6;7;8;9;10;11;12;13;14;15;16;17;18;19;20;21;22;23;24;25;26;27;28;29
B,18.830000000000002,p_hist,0.00038701026443183035,0.0003353501304664781,0.0009432851811616288,30,0;1;2;3;4;5;6;7;8;9;10;11;12;13;14;15;16;17;18;19;20;21;22;23;24;25;26;27;28;29
B,18.84,p_hist,0.0003472873247729652,0.0003353501304664781,0.00047501203075284637,30,0;1;2;3;4;5;6;7;8;9;10;11;12;13;14;15;16;17;18;19;20;21;22;23;24;25;26;27;28;29
B,18.85,p_hist,0.0004007339672368779,0.0003353501304664781,0.000898991236224722,30,0;1;2;3;4;5;6;7;8;9;10;11;12;13;14;15;16;17;18;19;20;21;22;23;24;25;26;27;28;29
B,18.86,p_hist,0.0003488526515499121,0.0003353501304664781,0.0004872350733414433,30,0;1;2;3;4;5;6;7;8;9;10;11;12;13;14;15;16;17;18;19;20;21;22;23;24;25;26;27;28;29
B,18.87,p_hist,0.0004557044426922232,0.0003353501304664781,0.001481500337806993,30,0;1;2;3;4;5;6;7;8;9;10;11;12;13;14;15;16;17;18;19;20;21;22;23;24;25;26;27;28;29
B,18.88,p_hist,0.0003641366695931083,0.0003353501304664781,0.0006338693226171216,30,0;1;2;3;4;5;6;7;8;9;10;11;12;13;14;15;16;17;18;19;20;21;22;23;24;25;26;27;28;29
B,18.89,p_hist,0.0003499915010877557,0.0003353501304664781,0.0004561414380920189,30,0;1;2;3;4;5;6;7;8;9;10;11;12;13;14;15;16;17;18;19;20;21;22;23;24;25;26;27;28;29
B,18.900000000000002,p_hist,0.0003616009148569201,0.0003353501304664781,0.0007259858941929732,30,0;1;2;3;4;5;6;7;8;9;10;11;12;13;14;15;16;17;18;19;20;21;22;23;24;25;26;27;28;29
B,18.91,p_hist,0.0003456040561140423,0.0003353501304664781,0.0004199450170588833,30,0;1;2;3;4;5;6;7;8;9;10;11;12;13;14;15;16;17;18;19;20;21;22;23;24;25;26;27;28;29
B,18.92,p_hist,0.00037814735140660267,0.0003353501304664781,0.0007458291903085428,30,0;1;2;3;4;5;6;7;8;9;10;11;12;13;14;15;16;17;18;19;20;21;22;23;24;25;26;27;28;29
B,18.93,p_hist,0.00033535013046647795,0.0003353501304664781,0.0003353501304664781,30,0;1;2;3;4;5;6;7;8;9;10;11;12;13;14;15;16;17;18;19;20;21;22;23;24;25;26;27;28;29
B,18.94,p_hist,0.0003407969928610885,0.0003353501304664781,0.0003802867452220152,30,0;1;2;3;4;5;6;7;8;9;10;11;12;13;14;15;16;17;18;19;20;21;22;23;24;25;26;27;28;29
B,18.95,p_hist,0.00036399322911738013,0.0003353501304664781,0.0007114223108687888,30,0;1;2;3;4;5;6;7;8;9;10;11;12;13;14;15;16;17;18;19;20;21;22;23;24;25;26;27;28;29
B,18.96,p_hist,0.00035592376550734324,0.0003353501304664781,0.0005050826195536156,30,0;1;2;3;4;5;6;7;8;9;10;11;12;13;14;15;16;17;18;19;20;21;22;23;24;25;26;27;28;29
B,18.97,p_hist,0.000353545992804095,0.0003353501304664781,0.0005234425693362271,30,0;1;2;3;4;5;6;7;8;9;10;11;12;13;14;15;16;17;18;19;20;21;22;23;24;25;26;27;28;29
B,18.98,p_hist,0.00034127130962481063,0.0003353501304664781,0.0004134353085039263,30,0;1;2;3;4;5;6;7;8;9;10;11;12;13;14;15;16;17;18;19;20;21;22;23;24;25;26;27;28;29
B,18.990000000000002,p_hist,0.0003751070153736478,0.0003353501304664781,0.0007014713411924154,30,0;1;2;3;4;5;6;7;8;9;10;11;12;13;14;15;16;17;18;19;20;21;22;23;24;25;26;27;28;29
B,19.0,p_hist,0.0010344775512683316,0.0003353501304664781,0.006278658245906236,30,0;1;2;3;4;5;6;7;8;9;10;11;12;13;14;15;16;17;18;19;20;21;22;23;24;25;26;27;28;29
B,19.01,p_hist,0.0014167405780269769,0.0003353501304664781,0.009286965589039249,30,0;1;2;3;4;5;6;7;8;9;10;11;12;13;14;15;16;17;18;19;20;21;22;23;24;25;26;27;28;29
B,19.02,p_hist,0.0007752822489716132,0.0003353501304664781,0.004123635567274632,30,0;1;2;3;4;5;6;7;8;9;10;11;12;13;14;15;16;17;18;19;20;21;22;23;24;25;26;27;28;29
B,19.03,p_hist,0.0005109108516889303,0.0003353501304664781,0.002130700074883894,30,0;1;2;3;4;5;6;7;8;9;10;11;12;13;14;15;16;17;18;19;20;21;22;23;24;25;26;27;28;29
B,19.04,p_hist,0.0003521237984491431,0.0003353501304664781,0.0005523997316539873,30,0;1;2;3;4;5;6;7;8;9;10;11;12;13;14;15;16;17;18;19;20;21;22;23;24;25;26;27;28;29
B,19.05,p_hist,0.0003858085030754656,0.0003353501304664781,0.0009287562148744206,30,0;1;2;3;4;5;6;7;8;9;10;11;12;13;14;15;16;17;18;19;20;21;22;23;24;25;26;27;28;29
B,19.06,p_hist,0.0003707696264874504,0.0003353501304664781,0.000698741323232254,30,0;1;2;3;4;5;6;7;8;9;10;11;12;13;14;15;16;17;18;19;20;21;22;23;24;25;26;27;28;29
B,19.07,p_hist,0.00034105980100460493,0.0003353501304664781,0.00040692967888822634,30,0;1;2;3;4;5;6;7;8;9;10;11;12;13;14;15;16;17;18;19;20;21;22;23;24;25;26;27;28;29
B,19.080000000000002,p_hist,0.0003423521707360762,0.0003353501304664781,0.00039731465192330886,30,0;1;2;3;4;5;6;7;8;9;10;11;12;13;14;15;16;17;18;19;20;21;22;23;24;25;26;27;28;29
B,19.09,p_hist,0.00033535013046647795,0.0003353501304664781,0.0003353501304664781,30,0;1;2;3;4;5;6;7;8;9;10;11;12;13;14;15;16;17;18;19;20;21;22;23;24;25;26;27;28;29
B,19.1,p_hist,0.00033535013046647795,0.0003353501304664781,0.0003353501304664781,30,0;1;2;3;4;5;6;7;8;9;10;11;12;13;14;15;16;17;18;19;20;21;22;23;24;25;26;27;28;29
B,19.11,p_hist,0.00042937184702759065,0.0003353501304664781,0.0015842783661751206,30,0;1;2;3;4;5;6;7;8;9;10;11;12;13;14;15;16;17;18;19;20;21;22;23;24;25;26;27;28;29
B,19.12,p_hist,0.00037033899339308297,0.0003353501304664781,0.0007282720765065525,30,0;1;2;3;4;5;6;7;8;9;10;11;12;13;14;15;16;17;18;19;20;21;22;23;24;25;26;27;28;29
B,19.13,p_hist,0.00033535013046647795,0.0003353501304664781,0.0003353501304664781,30,0;1;2;3;4;5;6;7;8;9;10;11;12;13;14;15;16;17;18;19;20;21;22;23;24;25;26;27;28;29
B,19.14,p_hist,0.00033535013046647795,0.0003353501304664781,0.0003353501304664781,30,0;1;2;3;4;5;6;7;8;9;10;11;12;13;14;15;16;17;18;19;20;21;22;23;24;25;26;27;28;29
B,19.150000000000002,p_hist,0.00033535013046647795,0.0003353501304664781,0.0003353501304664781,30,0;1;2;3;4;5;6;7;8;9;10;11;12;13;14;15;16;17;18;19;20;21;22;23;24;25;26;27;28;29
B,19.16,p_hist,0.00033535013046647795,0.0003353501304664781,0.0003353501304664781,30,0;1;2;3;4;5;6;7;8;9;10;11;12;13;14;15;16;17;18;19;20;21;22;23;24;25;26;27;28;29
B,19.17,p_hist,0.00033569210082377154,0.0003353501304664781,0.0003381713859141505,30,0;1;2;3;4;5;6;7;8;9;10;11;12;13;14;15;16;17;18;19;20;21;22;23;24;25;26;27;28;29
B,19.18,p_hist,0.0003400630099445379,0.0003353501304664781,0.0003742313861604727,30,0;1;2;3;4;5;6;7;8;9;10;11;12;13;14;15;16;17;18;19;20;21;22;23;24;25;26;27;28;29
B,19.19,p_hist,0.0003858304607291493,0.0003353501304664781,0.0008011266034899866,30,0;1;2;3;4;5;6;7;8;9;10;11;12;13;14;15;16;17;18;19;20;21;22;23;24;25;26;27;28;29
B,19.2,p_hist,0.0003489006522403188,0.0003353501304664781,0.0004670199732258541,30,0;1;2;3;4;5;6;7;8;9;10;11;12;13;14;15;16;17;18;19;20;21;22;23;24;25;26;27;28;29
B,19.21,p_hist,0.0003396992551544209,0.0003353501304664781,0.0003712304091420074,30,0;1;2;3;4;5;6;7;8;9;10;11;12;13;14;15;16;17;18;19;20;21;22;23;24;25;26;27;28;29
B,19.22,p_hist,0.00033535013046647795,0.0003353501304664781,0.0003353501304664781,30,0;1;2;3;4;5;6;7;8;9;10;11;12;13;14;15;16;17;18;19;20;21;22;23;24;25;26;27;28;29
B,19.23,p_hist,0.0003817984153446386,0.0003353501304664781,0.0007185484807113013,30,0;1;2;3;4;5;6;7;8;9;10;11;12;13;14;15;16;17;18;19;20;21;22;23;24;25;26;27;28;29
B,19.240000000000002,p_hist,0.00034517141077721657,0.0003353501304664781,0.000439311194864703,30,0;1;2;3;4;5;6;7;8;9;10;11;12;13;14;15;16;17;18;19;20;21;22;23;24;25;26;27;28;29
B,19.25,p_hist,0.0004205253572142382,0.0003353501304664781,0.0010380457511354976,30,0;1;2;3;4;5;6;7;8;9;10;11;12;13;14;15;16;17;18;19;20;21;22;23;24;25;26;27;28;29
B,19.26,p_hist,0.00044976186779374845,0.0003353501304664781,0.0013960909265771503,30,0;1;2;3;4;5;6;7;8;9;10;11;12;13;14;15;16;17;18;19;20;21;22;23;24;25;26;27;28;29
B,19.27,p_hist,0.0005745072591896907,0.0003353501304664781,0.002458415702931166,30,0;1;2;3;4;5;6;7;8;9;10;11;12;13;14;15;16;17;18;19;20;21;22;23;24;25;26;27;28;29
B,19.28,p_hist,0.00040837820343581435,0.0003353501304664781,0.0014013949834964922,30,0;1;2;3;4;5;6;7;8;9;10;11;12;13;14;15;16;17;18;19;20;21;22;23;24;25;26;27;28;29
B,19.29,p_hist,0.00038591102599068504,0.0003353501304664781,0.0008081222735169336,30,0;1;2;3;4;5;6;7;8;9;10;11;12;13;14;15;16;17;18;19;20;21;22;23;24;25;26;27;28;29
B,19.3,p_hist,0.0003372991682053317,0.0003353501304664781,0.0003514296918120214,30,0;1;2;3;4;5;6;7;8;9;10;11;12;13;14;15;16;17;18;19;20;21;22;23;24;25;26;27;28;29
B,19.31,p_hist,0.00035136952850430806,0.0003353501304664781,0.0004937772727735532,30,0;1;2;3;4;5;6;7;8;9;10;11;12;13;14;15;16;17;18;19;20;21;22;23;24;25;26;27;28;29
B,19.32,p_hist,0.00033889788502037524,0.0003353501304664781,0.0003873205940722544,30,0;1;2;3;4;5;6;7;8;9;10;11;12;13;14;15;16;17;18;19;20;21;22;23;24;25;26;27;28;29
B,19.330000000000002,p_hist,0.0027204303715167165,0.0003353501304664781,0.02263385303083667,30,0;1;2;3;4;5;6;7;8;9;10;11;12;13;14;15;16;17;18;19;20;21;22;23;24;25;26;27;28;29
B,19.34,p_hist,0.0007713310789685545,0.0003353501304664781,0.004304073719100695,30,0;1;2;3;4;5;6;7;8;9;10;11;12;13;14;15;16;17;18;19;20;21;22;23;24;25;26;27;28;29
B,19.35,p_hist,0.00043306966267807556,0.0003353501304664781,0.0013232560717118455,30,0;1;2;3;4;5;6;7;8;9;10;11;12;13;14;15;16;17;18;19;20;21;22;23;24;25;26;27;28;29
B,19.36,p_hist,0.0003828918521509754,0.0003353501304664781,0.0007567618977710284,30,0;1;2;3;4;5;6;7;8;9;10;11;12;13;14;15;16;17;18;19;20;21;22;23;24;25;26;27;28;29
B,19.37,p_hist,0.00036342383781694763,0.0003353501304664781,0.0006296521589000922,30,0;1;2;3;4;5;6;7;8;9;10;11;12;13;14;15;16;17;18;19;20;21;22;23;24;25;26;27;28;29
B,19.38,p_hist,0.00039924387723657334,0.0003353501304664781,0.0010189212792528347,30,0;1;2;3;4;5;6;7;8;9;10;11;12;13;14;15;16;17;18;19;20;21;22;23;24;25;26;27;28;29
B,19.39,p_hist,0.00036452402201838415,0.0003353501304664781,0.0006177222222448996,30,0;1;2;3;4;5;6;7;8;9;10;11;12;13;14;15;16;17;18;19;20;21;22;23;24;25;26;27;28;29
B,19.400000000000002,p_hist,0.0003441225849238673,0.0003353501304664781,0.00041740003599430005,30,0;1;2;3;4;5;6;7;8;9;10;11;12;13;14;15;16;17;18;19;20;21;22;23;24;25;26;27;28;29
B,19.41,p_hist,0.00033535013046647795,0.0003353501304664781,0.0003353501304664781,30,0;1;2;3;4;5;6;7;8;9;10;11;12;13;14;15;16;17;18;19;20;21;22;23;24;25;26;27;28;29
B,19.42,p_hist,0.00033535013046647795,0.0003353501304664781,0.0003353501304664781,30,0;1;2;3;4;5;6;7;8;9;10;11;12;13;14;15;16;17;18;19;20;21;22;23;24;25;26;27;28;29
B,19.43,p_hist,0.0005669472835950205,0.0003353501304664781,0.002563533486666512,30,0;1;2;3;4;5;6;7;8;9;10;11;12;13;14;15;16;17;18;19;20;21;22;23;24;25;26;27;28;29
B,19.44,p_hist,0.0003653530417439518,0.0003353501304664781,0.0005828741485056359,30,0;1;2;3;4;5;6;7;8;9;10;11;12;13;14;15;16;17;18;19;20;21;22;23;24;25;26;27;28;29
B,19.45,p_hist,0.00033567189330737393,0.0003353501304664781,0.0003380046739038699,30,0;1;2;3;4;5;6;7;8;9;10;11;12;13;14;15;16;17;18;19;20;21;22;23;24;25;26;27;28;29
B,19.46,p_hist,0.00034086431738420536,0.0003353501304664781,0.0004012073047992902,30,0;1;2;3;4;5;6;7;8;9;10;11;12;13;14;15;16;17;18;19;20;21;22;23;24;25;26;27;28;29
B,19.47,p_hist,0.000342718831039304,0.0003353501304664781,0.00039614191019229277,30,0;1;2;3;4;5;6;7;8;9;10;11;12;13;14;15;16;17;18;19;20;21;22;23;24;25;26;27;28;29
B,19.48,p_hist,0.00033751800710886084,0.0003353501304664781,0.00035323511276613706,30,0;1;2;3;4;5;6;7;8;9;10;11;12;13;14;15;16;17;18;19;20;21;22;23;24;25;26;27;28;29
B,19.490000000000002,p_hist,0.00033535013046647795,0.0003353501304664781,0.0003353501304664781,30,0;1;2;3;4;5;6;7;8;9;10;11;12;13;14;15;16;17;18;19;20;21;22;23;24;25;26;27;28;29
B,19.5,p_hist,0.0003523666029781635,0.0003353501304664781,0.0004975259110275496,30,0;1;2;3;4;5;6;7;8;9;10;11;12;13;14;15;16;17;18;19;20;21;22;23;24;25;26;27;28;29
B,19.51,p_hist,0.0007384934146530281,0.0003353501304664781,0.0057644088030395476,30,0;1;2;3;4;5;6;7;8;9;10;11;12;13;14;15;16;17;18;19;20;21;22;23;24;25;26;27;28;29
B,19.52,p_hist,0.000528339373116012,0.0003353501304664781,0.0018372120295429123,30,0;1;2;3;4;5;6;7;8;9;10;11;12;13;14;15;16;17;18;19;20;21;22;23;24;25;26;27;28;29
B,19.53,p_hist,0.00035800527154949464,0.0003353501304664781,0.0005736752504356322,30,0;1;2;3;4;5;6;7;8;9;10;11;12;13;14;15;16;17;18;19;20;21;22;23;24;25;26;27;28;29
B,19.54,p_hist,0.00033535013046647795,0.0003353501304664781,0.0003353501304664781,30,0;1;2;3;4;5;6;7;8;9;10;11;12;13;14;15;16;17;18;19;20;21;22;23;24;25;26;27;28;29
B,19.55,p_hist,0.0003996332908374068,0.0003353501304664781,0.0009434258708050792,30,0;1;2;3;4;5;6;7;8;9;10;11;12;13;14;15;16;17;18;19;20;21;22;23;24;25;26;27;28;29
B,19.56,p_hist,0.0003848199927995817,0.0003353501304664781,0.000911788188283558,30,0;1;2;3;4;5;6;7;8;9;10;11;12;13;14;15;16;17;18;19;20;21;22;23;24;25;26;27;28;29
B,19.57,p_hist,0.00038995483270280637,0.0003353501304664781,0.0008495403160627335,30,0;1;2;3;4;5;6;7;8;9;10;11;12;13;14;15;16;17;18;19;20;21;22;23;24;25;26;27;28;29
B,19.580000000000002,p_hist,0.00036393406611502627,0.0003353501304664781,0.000609986698816339,30,0;1;2;3;4;5;6;7;8;9;10;11;12;13;14;15;16;17;18;19;20;21;22;23;24;25;26;27;28;29
B,19.59,p_hist,0.00034084169990197637,0.0003353501304664781,0.00038065557830933974,30,0;1;2;3;4;5;6;7;8;9;10;11;12;13;14;15;16;17;18;19;20;21;22;23;24;25;26;27;28;29
B,19.6,p_hist,0.00034264803665525536,0.0003353501304664781,0.00039555785652389136,30,0;1;2;3;4;5;6;7;8;9;10;11;12;13;14;15;16;17;18;19;20;21;22;23;24;25;26;27;28;29
B,19.61,p_hist,0.00036999754760712555,0.0003353501304664781,0.0007602891033093543,30,0;1;2;3;4;5;6;7;8;9;10;11;12;13;14;15;16;17;18;19;20;21;22;23;24;25;26;27;28;29
B,19.62,p_hist,0.000338368652998724,0.0003353501304664781,0.00036025294135750793,30,0;1;2;3;4;5;6;7;8;9;10;11;12;13;14;15;16;17;18;19;20;21;22;23;24;25;26;27;28;29
B,19.63,p_hist,0.00033535013046647795,0.0003353501304664781,0.0003353501304664781,30,0;1;2;3;4;5;6;7;8;9;10;11;12;13;14;15;16;17;18;19;20;21;22;23;24;25;26;27;28;29
B,19.64,p_hist,0.00033649185388761417,0.0003353501304664781,0.0003447693486908521,30,0;1;2;3;4;5;6;7;8;9;10;11;12;13;14;15;16;17;18;19;20;21;22;23;24;25;26;27;28;29
B,19.650000000000002,p_hist,0.0003655441525922317,0.0003353501304664781,0.0005844508130039448,30,0;1;2;3;4;5;6;7;8;9;10;11;12;13;14;15;16;17;18;19;20;21;22;23;24;25;26;27;28;29
B,19.66,p_hist,0.0003438006966117877,0.0003353501304664781,0.0004050673011652833,30,0;1;2;3;4;5;6;7;8;9;10;11;12;13;14;15;16;17;18;19;20;21;22;23;24;25;26;27;28;29
B,19.67,p_hist,0.00034243935496295995,0.0003353501304664781,0.00039383623256245405,30,0;1;2;3;4;5;6;7;8;9;10;11;12;13;14;15;16;17;18;19;20;21;22;23;24;25;26;27;28;29
B,19.68,p_hist,0.00036476746140995446,0.0003353501304664781,0.0007315516368761958,30,0;1;2;3;4;5;6;7;8;9;10;11;12;13;14;15;16;17;18;19;20;21;22;23;24;25;26;27;28;29
B,19.69,p_hist,0.00048746905750022076,0.0003353501304664781,0.0016194603150729006,30,0;1;2;3;4;5;6;7;8;9;10;11;12;13;14;15;16;17;18;19;20;21;22;23;24;25;26;27;28;29
B,19.7,p_hist,0.0007055485306940274,0.0003353501304664781,0.004354296237390346,30,0;1;2;3;4;5;6;7;8;9;10;11;12;13;14;15;16;17;18;19;20;21;22;23;24;25;26;27;28;29
B,19.71,p_hist,0.00045487020834883364,0.0003353501304664781,0.0019742457261974853,30,0;1;2;3;4;5;6;7;8;9;10;11;12;13;14;15;16;17;18;19;20;21;22;23;24;25;26;27;28;29
B,19.72,p_hist,0.0004939422124289122,0.0003353501304664781,0.00256651004548025,30,0;1;2;3;4;5;6;7;8;9;10;11;12;13;14;15;16;17;18;19;20;21;22;23;24;25;26;27;28;29
B,19.73,p_hist,0.0003722887723018573,0.0003353501304664781,0.0007240602218304003,30,0;1;2;3;4;5;6;7;8;9;10;11;12;13;14;15;16;17;18;19;20;21;22;23;24;25;26;27;28;29
B,19.740000000000002,p_hist,0.00047858333804244515,0.0003353501304664781,0.0016400726807471212,30,0;1;2;3;4;5;6;7;8;9;10;11;12;13;14;15;16;17;18;19;20;21;22;23;24;25;26;27;28;29
B,19.75,p_hist,0.0003630129648930881,0.0003353501304664781,0.0007183057938674549,30,0;1;2;3;4;5;6;7;8;9;10;11;12;13;14;15;16;17;18;19;20;21;22;23;24;25;26;27;28;29
B,19.76,p_hist,0.00033969716400332543,0.0003353501304664781,0.00038528029506526616,30,0;1;2;3;4;5;6;7;8;9;10;11;12;13;14;15;16;17;18;19;20;21;22;23;24;25;26;27;28;29
B,19.77,p_hist,0.00035058015012104024,0.0003353501304664781,0.000537266994001332,30,0;1;2;3;4;5;6;7;8;9;10;11;12;13;14;15;16;17;18;19;20;21;22;23;24;25;26;27;28;29
B,19.78,p_hist,0.0003931305460227818,0.0003353501304664781,0.000860793661408027,30,0;1;2;3;4;5;6;7;8;9;10;11;12;13;14;15;16;17;18;19;20;21;22;23;24;25;26;27;28;29
B,19.79,p_hist,0.0003654504116065977,0.0003353501304664781,0.0006381580408126305,30,0;1;2;3;4;5;6;7;8;9;10;11;12;13;14;15;16;17;18;19;20;21;22;23;24;25;26;27;28;29
B,19.8,p_hist,0.00033715168684904086,0.0003353501304664781,0.0003502129706226215,30,0;1;2;3;4;5;6;7;8;9;10;11;12;13;14;15;16;17;18;19;20;21;22;23;24;25;26;27;28;29
B,19.81,p_hist,0.00033535013046647795,0.0003353501304664781,0.0003353501304664781,30,0;1;2;3;4;5;6;7;8;9;10;11;12;13;14;15;16;17;18;19;20;21;22;23;24;25;26;27;28;29
B,19.82,p_hist,0.0003489896831780846,0.0003353501304664781,0.00044787644033723254,30,0;1;2;3;4;5;6;7;8;9;10;11;12;13;14;15;16;17;18;19;20;21;22;23;24;25;26;27;28;29
B,19.830000000000002,p_hist,0.00033535013046647795,0.0003353501304664781,0.0003353501304664781,30,0;1;2;3;4;5;6;7;8;9;10;11;12;13;14;15;16;17;18;19;20;21;22;23;24;25;26;27;28;29
B,19.84,p_hist,0.00033535013046647795,0.0003353501304664781,0.0003353501304664781,30,0;1;2;3;4;5;6;7;8;9;10;11;12;13;14;15;16;17;18;19;20;21;22;23;24;25;26;27;28;29
B,19.85,p_hist,0.0003759492622422254,0.0003353501304664781,0.0006702929676163924,30,0;1;2;3;4;5;6;7;8;9;10;11;12;13;14;15;16;17;18;19;20;21;22;23;24;25;26;27;28;29
B,19.86,p_hist,0.0003512682604998901,0.0003353501304664781,0.00048493023460260954,30,0;1;2;3;4;5;6;7;8;9;10;11;12;13;14;15;16;17;18;19;20;21;22;23;24;25;26;27;28;29
B,19.87,p_hist,0.0003427223910376269,0.0003353501304664781,0.00040227013797461506,30,0;1;2;3;4;5;6;7;8;9;10;11;12;13;14;15;16;17;18;19;20;21;22;23;24;25;26;27;28;29
B,19.88,p_hist,0.0003418774435009808,0.0003353501304664781,0.0003892004630011263,30,0;1;2;3;4;5;6;7;8;9;10;11;12;13;14;15;16;17;18;19;20;21;22;23;24;25;26;27;28;29
B,19.89,p_hist,0.0003406917592529283,0.0003353501304664781,0.0004060816400354399,30,0;1;2;3;4;5;6;7;8;9;10;11;12;13;14;15;16;17;18;19;20;21;22;23;24;25;26;27;28;29
B,19.900000000000002,p_hist,0.0003558250186695733,0.0003353501304664781,0.0005284738531262151,30,0;1;2;3;4;5;6;7;8;9;10;11;12;13;14;15;16;17;18;19;20;21;22;23;24;25;26;27;28;29
B,19.91,p_hist,0.00033535013046647795,0.0003353501304664781,0.0003353501304664781,30,0;1;2;3;4;5;6;7;8;9;10;11;12;13;14;15;16;17;18;19;20;21;22;23;24;25;26;27;28;29
B,19.92,p_hist,0.00033535013046647795,0.0003353501304664781,0.0003353501304664781,30,0;1;2;3;4;5;6;7;8;9;10;11;12;13;14;15;16;17;18;19;20;21;22;23;24;25;26;27;28;29
B,19.93,p_hist,0.00033535013046647795,0.0003353501304664781,0.0003353501304664781,30,0;1;2;3;4;5;6;7;8;9;10;11;12;13;14;15;16;17;18;19;20;21;22;23;24;25;26;27;28;29
B,19.94,p_hist,0.0003362032428741415,0.0003353501304664781,0.00034238830782970254,30,0;1;2;3;4;5;6;7;8;9;10;11;12;13;14;15;16;17;18;19;20;21;22;23;24;25;26;27;28;29
B,19.95,p_hist,0.00035485401950610337,0.0003353501304664781,0.0005809428578221965,30,0;1;2;3;4;5;6;7;8;9;10;11;12;13;14;15;16;17;18;19;20;21;22;23;24;25;26;27;28;29
B,19.96,p_hist,0.00043331230289358455,0.0003353501304664781,0.0015908606988111534,30,0;1;2;3;4;5;6;7;8;9;10;11;12;13;14;15;16;17;18;19;20;21;22;23;24;25;26;27;28;29
B,19.97,p_hist,0.0004380478266282639,0.0003353501304664781,0.0014651253974680182,30,0;1;2;3;4;5;6;7;8;9;10;11;12;13;14;15;16;17;18;19;20;21;22;23;24;25;26;27;28;29
B,19.98,p_hist,0.0003409357465160429,0.0003353501304664781,0.0003814314628753884,30,0;1;2;3;4;5;6;7;8;9;10;11;12;13;14;15;16;17;18;19;20;21;22;23;24;25;26;27;28;29
B,19.990000000000002,p_hist,0.0003416336075974683,0.0003353501304664781,0.00039113155174992555,30,0;1;2;3;4;5;6;7;8;9;10;11;12;13;14;15;16;17;18;19;20;21;22;23;24;25;26;27;28;29
B,20.0,p_hist,0.000340451313573055,0.0003353501304664781,0.0003774348910957388,30,0;1;2;3;4;5;6;7;8;9;10;11;12;13;14;15;16;17;18;19;20;21;22;23;24;25;26;27;28;29
B,20.01,p_hist,0.00036447523210916854,0.0003353501304664781,0.0005756322190186747,30,0;1;2;3;4;5;6;7;8;9;10;11;12;13;14;15;16;17;18;19;20;21;22;23;24;25;26;27;28;29
B,20.02,p_hist,0.00033585984578002017,0.0003353501304664781,0.0003395552818032014,30,0;1;2;3;4;5;6;7;8;9;10;11;12;13;14;15;16;17;18;19;20;21;22;23;24;25;26;27;28;29
B,20.03,p_hist,0.00033535013046647795,0.0003353501304664781,0.0003353501304664781,30,0;1;2;3;4;5;6;7;8;9;10;11;12;13;14;15;16;17;18;19;20;21;22;23;24;25;26;27;28;29
B,20.04,p_hist,0.00034621675539819977,0.0003353501304664781,0.00042499978615318244,30,0;1;2;3;4;5;6;7;8;9;10;11;12;13;14;15;16;17;18;19;20;21;22;23;24;25;26;27;28;29
B,20.05,p_hist,0.0003685169894777189,0.0003353501304664781,0.0006416985325601761,30,0;1;2;3;4;5;6;7;8;9;10;11;12;13;14;15;16;17;18;19;20;21;22;23;24;25;26;27;28;29
B,20.06,p_hist,0.000371034003814109,0.0003353501304664781,0.0007274803035406443,30,0;1;2;3;4;5;6;7;8;9;10;11;12;13;14;15;16;17;18;19;20;21;22;23;24;25;26;27;28;29
B,20.07,p_hist,0.00037925071431139473,0.0003353501304664781,0.0009271482243709811,30,0;1;2;3;4;5;6;7;8;9;10;11;12;13;14;15;16;17;18;19;20;21;22;23;24;25;26;27;28;29
B,20.080000000000002,p_hist,0.00035259000588524684,0.0003353501304664781,0.00047757910267132034,30,0;1;2;3;4;5;6;7;8;9;10;11;12;13;14;15;16;17;18;19;20;21;22;23;24;25;26;27;28;29
B,20.09,p_hist,0.00034276920216457163,0.0003353501304664781,0.0003965574719757507,30,0;1;2;3;4;5;6;7;8;9;10;11;12;13;14;15;16;17;18;19;20;21;22;23;24;25;26;27;28;29
B,20.1,p_hist,0.00035918781198708615,0.0003353501304664781,0.0005660826166781316,30,0;1;2;3;4;5;6;7;8;9;10;11;12;13;14;15;16;17;18;19;20;21;22;23;24;25;26;27;28;29
B,20.11,p_hist,0.00034241399531664986,0.0003353501304664781,0.0003936270154803958,30,0;1;2;3;4;5;6;7;8;9;10;11;12;13;14;15;16;17;18;19;20;21;22;23;24;25;26;27;28;29
B,20.12,p_hist,0.00046031813334233927,0.0003353501304664781,0.00149050856819699,30,0;1;2;3;4;5;6;7;8;9;10;11;12;13;14;15;16;17;18;19;20;21;22;23;24;25;26;27;28;29
B,20.13,p_hist,0.00048404196964188767,0.0003353501304664781,0.0020393609801299816,30,0;1;2;3;4;5;6;7;8;9;10;11;12;13;14;15;16;17;18;19;20;21;22;23;24;25;26;27;28;29
B,20.14,p_hist,0.0003705717788324954,0.0003353501304664781,0.000624537485187327,30,0;1;2;3;4;5;6;7;8;9;10;11;12;13;14;15;16;17;18;19;20;21;22;23;24;25;26;27;28;29
B,20.150000000000002,p_hist,0.00033535013046647795,0.0003353501304664781,0.0003353501304664781,30,0;1;2;3;4;5;6;7;8;9;10;11;12;13;14;15;16;17;18;19;20;21;22;23;24;25;26;27;28;29
B,20.16,p_hist,0.00043778910824945297,0.0003353501304664781,0.0014511255378492063,30,0;1;2;3;4;5;6;7;8;9;10;11;12;13;14;15;16;17;18;19;20;21;22;23;24;25;26;27;28;29
B,20.17,p_hist,0.00035490146429763915,0.0003353501304664781,0.0005219320501394671,30,0;1;2;3;4;5;6;7;8;9;10;11;12;13;14;15;16;17;18;19;20;21;22;23;24;25;26;27;28;29
B,20.18,p_hist,0.0004208663113182127,0.0003353501304664781,0.0010408586224932865,30,0;1;2;3;4;5;6;7;8;9;10;11;12;13;14;15;16;17;18;19;20;21;22;23;24;25;26;27;28;29
B,20.19,p_hist,0.0003425977892469713,0.0003353501304664781,0.000395143315405548,30,0;1;2;3;4;5;6;7;8;9;10;11;12;13;14;15;16;17;18;19;20;21;22;23;24;25;26;27;28;29
B,20.2,p_hist,0.0003693954805944587,0.0003353501304664781,0.0007635075743959633,30,0;1;2;3;4;5;6;7;8;9;10;11;12;13;14;15;16;17;18;19;20;21;22;23;24;25;26;27;28;29
B,20.21,p_hist,0.00034240495882977565,0.0003353501304664781,0.00041026201317317706,30,0;1;2;3;4;5;6;7;8;9;10;11;12;13;14;15;16;17;18;19;20;21;22;23;24;25;26;27;28;29
B,20.22,p_hist,0.00042052863917903835,0.0003353501304664781,0.0011043292436478513,30,0;1;2;3;4;5;6;7;8;9;10;11;12;13;14;15;16;17;18;19;20;21;22;23;24;25;26;27;28;29
B,20.23,p_hist,0.0003502144847555581,0.0003353501304664781,0.0005057616305452326,30,0;1;2;3;4;5;6;7;8;9;10;11;12;13;14;15;16;17;18;19;20;21;22;23;24;25;26;27;28;29
B,20.240000000000002,p_hist,0.00033535013046647795,0.0003353501304664781,0.0003353501304664781,30,0;1;2;3;4;5;6;7;8;9;10;11;12;13;14;15;16;17;18;19;20;21;22;23;24;25;26;27;28;29
B,20.25,p_hist,0.00033535013046647795,0.0003353501304664781,0.0003353501304664781,30,0;1;2;3;4;5;6;7;8;9;10;11;12;13;14;15;16;17;18;19;20;21;22;23;24;25;26;27;28;29
B,20.26,p_hist,0.00033535013046647795,0.0003353501304664781,0.0003353501304664781,30,0;1;2;3;4;5;6;7;8;9;10;11;12;13;14;15;16;17;18;19;20;21;22;23;24;25;26;27;28;29
B,20.27,p_hist,0.00033562652788141843,0.0003353501304664781,0.000339304059425412,30,0;1;2;3;4;5;6;7;8;9;10;11;12;13;14;15;16;17;18;19;20;21;22;23;24;25;26;27;28;29
B,20.28,p_hist,0.0003764851827490267,0.0003353501304664781,0.0006747143117975037,30,0;1;2;3;4;5;6;7;8;9;10;11;12;13;14;15;16;17;18;19;20;21;22;23;24;25;26;27;28;29
B,20.29,p_hist,0.0003630617267615592,0.0003353501304664781,0.0006241834565578871,30,0;1;2;3;4;5;6;7;8;9;10;11;12;13;14;15;16;17;18;19;20;21;22;23;24;25;26;27;28;29
B,20.3,p_hist,0.00033538809031614036,0.0003353501304664781,0.00033566329922619297,30,0;1;2;3;4;5;6;7;8;9;10;11;12;13;14;15;16;17;18;19;20;21;22;23;24;25;26;27;28;29
B,20.31,p_hist,0.00034901371328965083,0.0003353501304664781,0.0004480746887576537,30,0;1;2;3;4;5;6;7;8;9;10;11;12;13;14;15;16;17;18;19;20;21;22;23;24;25;26;27;28;29
B,20.32,p_hist,0.00035067320101584494,0.0003353501304664781,0.00046176546249875527,30,0;1;2;3;4;5;6;7;8;9;10;11;12;13;14;15;16;17;18;19;20;21;22;23;24;25;26;27;28;29
B,20.330000000000002,p_hist,0.00041743644098539656,0.0003353501304664781,0.0010125621922475537,30,0;1;2;3;4;5;6;7;8;9;10;11;12;13;14;15;16;17;18;19;20;21;22;23;24;25;26;27;28;29
B,20.34,p_hist,0.00034366501898371027,0.0003353501304664781,0.0004039479607336443,30,0;1;2;3;4;5;6;7;8;9;10;11;12;13;14;15;16;17;18;19;20;21;22;23;24;25;26;27;28;29
B,20.35,p_hist,0.0003383886820294457,0.0003353501304664781,0.0003604181808609619,30,0;1;2;3;4;5;6;7;8;9;10;11;12;13;14;15;16;17;18;19;20;21;22;23;24;25;26;27;28;29
B,20.36,p_hist,0.00043901110144225315,0.0003353501304664781,0.0013671366431257338,30,0;1;2;3;4;5;6;7;8;9;10;11;12;13;14;15;16;17;18;19;20;21;22;23;24;25;26;27;28;29
B,20.37,p_hist,0.0004168259663391164,0.0003353501304664781,0.0010690680936201109,30,0;1;2;3;4;5;6;7;8;9;10;11;12;13;14;15;16;17;18;19;20;21;22;23;24;25;26;27;28;29
B,20.38,p_hist,0.000344226017065506,0.0003353501304664781,0.0004085761949084593,30,0;1;2;3;4;5;6;7;8;9;10;11;12;13;14;15;16;17;18;19;20;21;22;23;24;25;26;27;28;29
B,20.39,p_hist,0.0003425910674261011,0.0003353501304664781,0.0004365889402378188,30,0;1;2;3;4;5;6;7;8;9;10;11;12;13;14;15;16;17;18;19;20;21;22;23;24;25;26;27;28;29
B,20.400000000000002,p_hist,0.000386108398107369,0.0003353501304664781,0.0009308462055898359,30,0;1;2;3;4;5;6;7;8;9;10;11;12;13;14;15;16;17;18;19;20;21;22;23;24;25;26;27;28;29
B,20.41,p_hist,0.0003407331585333513,0.0003353501304664781,0.0003797601120181829,30,0;1;2;3;4;5;6;7;8;9;10;11;12;13;14;15;16;17;18;19;20;21;22;23;24;25;26;27;28;29
B,20.42,p_hist,0.00033763344354023855,0.0003353501304664781,0.000354187463325003,30,0;1;2;3;4;5;6;7;8;9;10;11;12;13;14;15;16;17;18;19;20;21;22;23;24;25;26;27;28;29
B,20.43,p_hist,0.00035354866271929255,0.0003353501304664781,0.0005595316898391029,30,0;1;2;3;4;5;6;7;8;9;10;11;12;13;14;15;16;17;18;19;20;21;22;23;24;25;26;27;28;29
B,20.44,p_hist,0.0004447688127238191,0.0003353501304664781,0.0015136083489218457,30,0;1;2;3;4;5;6;7;8;9;10;11;12;13;14;15;16;17;18;19;20;21;22;23;24;25;26;27;28;29
B,20.45,p_hist,0.0005321237459848079,0.0003353501304664781,0.0019587324584926917,30,0;1;2;3;4;5;6;7;8;9;10;11;12;13;14;15;16;17;18;19;20;21;22;23;24;25;26;27;28;29
B,20.46,p_hist,0.00038112258214115935,0.0003353501304664781,0.000764589634610857,30,0;1;2;3;4;5;6;7;8;9;10;11;12;13;14;15;16;17;18;19;20;21;22;23;24;25;26;27;28;29
B,20.47,p_hist,0.0003645556572486515,0.0003353501304664781,0.0007068438704236548,30,0;1;2;3;4;5;6;7;8;9;10;11;12;13;14;15;16;17;18;19;20;21;22;23;24;25;26;27;28;29
B,20.48,p_hist,0.0003440321301297916,0.0003353501304664781,0.000412681397496669,30,0;1;2;3;4;5;6;7;8;9;10;11;12;13;14;15;16;17;18;19;20;21;22;23;24;25;26;27;28;29
B,20.490000000000002,p_hist,0.0003404673898766009,0.0003353501304664781,0.0004067663765850533,30,0;1;2;3;4;5;6;7;8;9;10;11;12;13;14;15;16;17;18;19;20;21;22;23;24;25;26;27;28;29
B,20.5,p_hist,0.00033535013046647795,0.0003353501304664781,0.0003353501304664781,30,0;1;2;3;4;5;6;7;8;9;10;11;12;13;14;15;16;17;18;19;20;21;22;23;24;25;26;27;28;29
B,20.51,p_hist,0.0003672574183113751,0.0003353501304664781,0.0006661145427147067,30,0;1;2;3;4;5;6;7;8;9;10;11;12;13;14;15;16;17;18;19;20;21;22;23;24;25;26;27;28;29
B,20.52,p_hist,0.00034683306016775067,0.0003353501304664781,0.0004793568476670022,30,0;1;2;3;4;5;6;7;8;9;10;11;12;13;14;15;16;17;18;19;20;21;22;23;24;25;26;27;28;29
B,20.53,p_hist,0.00037248295358325147,0.0003353501304664781,0.0006746419875607279,30,0;1;2;3;4;5;6;7;8;9;10;11;12;13;14;15;16;17;18;19;20;21;22;23;24;25;26;27;28;29
B,20.54,p_hist,0.00034052203730532116,0.0003353501304664781,0.0004047087325537892,30,0;1;2;3;4;5;6;7;8;9;10;11;12;13;14;15;16;17;18;19;20;21;22;23;24;25;26;27;28;29
B,20.55,p_hist,0.000338230838637425,0.0003353501304664781,0.000359115972876791,30,0;1;2;3;4;5;6;7;8;9;10;11;12;13;14;15;16;17;18;19;20;21;22;23;24;25;26;27;28;29
B,20.56,p_hist,0.00034335833873902667,0.0003353501304664781,0.0004014178487150049,30,0;1;2;3;4;5;6;7;8;9;10;11;12;13;14;15;16;17;18;19;20;21;22;23;24;25;26;27;28;29
B,20.57,p_hist,0.00033535013046647795,0.0003353501304664781,0.0003353501304664781,30,0;1;2;3;4;5;6;7;8;9;10;11;12;13;14;15;16;17;18;19;20;21;22;23;24;25;26;27;28;29
B,20.580000000000002,p_hist,0.00038802202331227693,0.0003353501304664781,0.0007698932464443177,30,0;1;2;3;4;5;6;7;8;9;10;11;12;13;14;15;16;17;18;19;20;21;22;23;24;25;26;27;28;29
B,20.59,p_hist,0.00034877770221199844,0.0003353501304664781,0.0004745343180418645,30,0;1;2;3;4;5;6;7;8;9;10;11;12;13;14;15;16;17;18;19;20;21;22;23;24;25;26;27;28;29
B,20.6,p_hist,0.0004442426023053938,0.0003353501304664781,0.001532112143454082,30,0;1;2;3;4;5;6;7;8;9;10;11;12;13;14;15;16;17;18;19;20;21;22;23;24;25;26;27;28;29
B,20.61,p_hist,0.0003682848760767175,0.0003353501304664781,0.0006511179359348104,30,0;1;2;3;4;5;6;7;8;9;10;11;12;13;14;15;16;17;18;19;20;21;22;23;24;25;26;27;28;29
B,20.62,p_hist,0.00033941075582171625,0.0003353501304664781,0.00036885028964719386,30,0;1;2;3;4;5;6;7;8;9;10;11;12;13;14;15;16;17;18;19;20;21;22;23;24;25;26;27;28;29
B,20.63,p_hist,0.00036808583345075344,0.0003353501304664781,0.0006146505663847952,30,0;1;2;3;4;5;6;7;8;9;10;11;12;13;14;15;16;17;18;19;20;21;22;23;24;25;26;27;28;29
B,20.64,p_hist,0.00033535013046647795,0.0003353501304664781,0.0003353501304664781,30,0;1;2;3;4;5;6;7;8;9;10;11;12;13;14;15;16;17;18;19;20;21;22;23;24;25;26;27;28;29
B,20.650000000000002,p_hist,0.00040155533436522176,0.0003353501304664781,0.0010094556229012733,30,0;1;2;3;4;5;6;7;8;9;10;11;12;13;14;15;16;17;18;19;20;21;22;23;24;25;26;27;28;29
B,20.66,p_hist,0.00036031266752201987,0.0003353501304664781,0.0005630435366888781,30,0;1;2;3;4;5;6;7;8;9;10;11;12;13;14;15;16;17;18;19;20;21;22;23;24;25;26;27;28;29
B,20.67,p_hist,0.00033535013046647795,0.0003353501304664781,0.0003353501304664781,30,0;1;2;3;4;5;6;7;8;9;10;11;12;13;14;15;16;17;18;19;20;21;22;23;24;25;26;27;28;29
B,20.68,p_hist,0.00034433867856694544,0.0003353501304664781,0.00041830204375412305,30,0;1;2;3;4;5;6;7;8;9;10;11;12;13;14;15;16;17;18;19;20;21;22;23;24;25;26;27;28;29
B,20.69,p_hist,0.0005198954831801662,0.0003353501304664781,0.0028047044431931925,30,0;1;2;3;4;5;6;7;8;9;10;11;12;13;14;15;16;17;18;19;20;21;22;23;24;25;26;27;28;29
B,20.7,p_hist,0.0004071919847134179,0.0003353501304664781,0.0010562176438175582,30,0;1;2;3;4;5;6;7;8;9;10;11;12;13;14;15;16;17;18;19;20;21;22;23;24;25;26;27;28;29
B,20.71,p_hist,0.0003816848503355068,0.0003353501304664781,0.000743916828298652,30,0;1;2;3;4;5;6;7;8;9;10;11;12;13;14;15;16;17;18;19;20;21;22;23;24;25;26;27;28;29
B,20.72,p_hist,0.00033535013046647795,0.0003353501304664781,0.0003353501304664781,30,0;1;2;3;4;5;6;7;8;9;10;11;12;13;14;15;16;17;18;19;20;21;22;23;24;25;26;27;28;29
B,20.73,p_hist,0.00046013063561837716,0.0003353501304664781,0.0013690463209735057,30,0;1;2;3;4;5;6;7;8;9;10;11;12;13;14;15;16;17;18;19;20;21;22;23;24;25;26;27;28;29
B,20.740000000000002,p_hist,0.00040181215229211624,0.0003353501304664781,0.0010938661428686117,30,0;1;2;3;4;5;6;7;8;9;10;11;12;13;14;15;16;17;18;19;20;21;22;23;24;25;26;27;28;29
B,20.75,p_hist,0.0005379865737020864,0.0003353501304664781,0.0027039651848621156,30,0;1;2;3;4;5;6;7;8;9;10;11;12;13;14;15;16;17;18;19;20;21;22;23;24;25;26;27;28;29
B,20.76,p_hist,0.0005026486803694319,0.0003353501304664781,0.001787319526896509,30,0;1;2;3;4;5;6;7;8;9;10;11;12;13;14;15;16;17;18;19;20;21;22;23;24;25;26;27;28;29
B,20.77,p_hist,0.0004461212268661615,0.0003353501304664781,0.0013540404984715578,30,0;1;2;3;4;5;6;7;8;9;10;11;12;13;14;15;16;17;18;19;20;21;22;23;24;25;26;27;28;29
B,20.78,p_hist,0.0004025807381628771,0.0003353501304664781,0.0010139191982301943,30,0;1;2;3;4;5;6;7;8;9;10;11;12;13;14;15;16;17;18;19;20;21;22;23;24;25;26;27;28;29
B,20.79,p_hist,0.0003484692119213704,0.0003353501304664781,0.0004692287331065567,30,0;1;2;3;4;5;6;7;8;9;10;11;12;13;14;15;16;17;18;19;20;21;22;23;24;25;26;27;28;29
B,20.8,p_hist,0.0004099203835526744,0.0003353501304664781,0.0012173093152198487,30,0;1;2;3;4;5;6;7;8;9;10;11;12;13;14;15;16;17;18;19;20;21;22;23;24;25;26;27;28;29
B,20.81,p_hist,0.00039951919796449574,0.0003353501304664781,0.0009704669499108853,30,0;1;2;3;4;5;6;7;8;9;10;11;12;13;14;15;16;17;18;19;20;21;22;23;24;25;26;27;28;29
B,20.82,p_hist,0.0003597011678705906,0.0003353501304664781,0.0005625725358187064,30,0;1;2;3;4;5;6;7;8;9;10;11;12;13;14;15;16;17;18;19;20;21;22;23;24;25;26;27;28;29
B,20.830000000000002,p_hist,0.0003588699873480271,0.0003353501304664781,0.0006757144311770046,30,0;1;2;3;4;5;6;7;8;9;10;11;12;13;14;15;16;17;18;19;20;21;22;23;24;25;26;27;28;29
B,20.84,p_hist,0.0003561982746679126,0.0003353501304664781,0.0005073473201283129,30,0;1;2;3;4;5;6;7;8;9;10;11;12;13;14;15;16;17;18;19;20;21;22;23;24;25;26;27;28;29
B,20.85,p_hist,0.0005728010786744135,0.0003353501304664781,0.003190790305002517,30,0;1;2;3;4;5;6;7;8;9;10;11;12;13;14;15;16;17;18;19;20;21;22;23;24;25;26;27;28;29
B,20.86,p_hist,0.00045640086406584446,0.0003353501304664781,0.0015618947598519167,30,0;1;2;3;4;5;6;7;8;9;10;11;12;13;14;15;16;17;18;19;20;21;22;23;24;25;26;27;28;29
B,20.87,p_hist,0.00037965035493774595,0.0003353501304664781,0.0008755959902079447,30,0;1;2;3;4;5;6;7;8;9;10;11;12;13;14;15;16;17;18;19;20;21;22;23;24;25;26;27;28;29
B,20.88,p_hist,0.0004095019635125339,0.0003353501304664781,0.0009831558422080146,30,0;1;2;3;4;5;6;7;8;9;10;11;12;13;14;15;16;17;18;19;20;21;22;23;24;25;26;27;28;29
B,20.89,p_hist,0.0003398567851676692,0.0003353501304664781,0.00037253003175130583,30,0;1;2;3;4;5;6;7;8;9;10;11;12;13;14;15;16;17;18;19;20;21;22;23;24;25;26;27;28;29
B,20.900000000000002,p_hist,0.00034945064403410085,0.0003353501304664781,0.00045167936739936643,30,0;1;2;3;4;5;6;7;8;9;10;11;12;13;14;15;16;17;18;19;20;21;22;23;24;25;26;27;28;29
B,20.91,p_hist,0.00033888324887483415,0.0003353501304664781,0.0003867546717642842,30,0;1;2;3;4;5;6;7;8;9;10;11;12;13;14;15;16;17;18;19;20;21;22;23;24;25;26;27;28;29
B,20.92,p_hist,0.00047212397995566714,0.0003353501304664781,0.001463734388752283,30,0;1;2;3;4;5;6;7;8;9;10;11;12;13;14;15;16;17;18;19;20;21;22;23;24;25;26;27;28;29
B,20.93,p_hist,0.0003749942906288065,0.0003353501304664781,0.0007012920125784687,30,0;1;2;3;4;5;6;7;8;9;10;11;12;13;14;15;16;17;18;19;20;21;22;23;24;25;26;27;28;29
B,20.94,p_hist,0.0008457302911094555,0.0003353501304664781,0.00464967875488556,30,0;1;2;3;4;5;6;7;8;9;10;11;12;13;14;15;16;17;18;19;20;21;22;23;24;25;26;27;28;29
B,20.95,p_hist,0.0007100721094296877,0.0003353501304664781,0.0035478492672119696,30,0;1;2;3;4;5;6;7;8;9;10;11;12;13;14;15;16;17;18;19;20;21;22;23;24;25;26;27;28;29
B,20.96,p_hist,0.0006909185216145137,0.0003353501304664781,0.00390022416320498,30,0;1;2;3;4;5;6;7;8;9;10;11;12;13;14;15;16;17;18;19;20;21;22;23;24;25;26;27;28;29
B,20.97,p_hist,0.00038904532984629196,0.0003353501304664781,0.0008050852474495871,30,0;1;2;3;4;5;6;7;8;9;10;11;12;13;14;15;16;17;18;19;20;21;22;23;24;25;26;27;28;29
B,20.98,p_hist,0.0004387065652913723,0.0003353501304664781,0.0013968276154920456,30,0;1;2;3;4;5;6;7;8;9;10;11;12;13;14;15;16;17;18;19;20;21;22;23;24;25;26;27;28;29
B,20.990000000000002,p_hist,0.00036568088044607993,0.0003353501304664781,0.0007238419687984116,30,0;1;2;3;4;5;6;7;8;9;10;11;12;13;14;15;16;17;18;19;20;21;22;23;24;25;26;27;28;29
B,21.0,p_hist,0.00033535013046647795,0.0003353501304664781,0.0003353501304664781,30,0;1;2;3;4;5;6;7;8;9;10;11;12;13;14;15;16;17;18;19;20;21;22;23;24;25;26;27;28;29
B,21.01,p_hist,0.0004215851446962507,0.0003353501304664781,0.0011155220355240584,30,0;1;2;3;4;5;6;7;8;9;10;11;12;13;14;15;16;17;18;19;20;21;22;23;24;25;26;27;28;29
B,21.02,p_hist,0.0010501630800514097,0.0003353501304664781,0.006449160256146442,30,0;1;2;3;4;5;6;7;8;9;10;11;12;13;14;15;16;17;18;19;20;21;22;23;24;25;26;27;28;29
B,21.03,p_hist,0.000495239837483569,0.0003353501304664781,0.0018319392206546095,30,0;1;2;3;4;5;6;7;8;9;10;11;12;13;14;15;16;17;18;19;20;21;22;23;24;25;26;27;28;29
B,21.04,p_hist,0.0003922091907292996,0.0003353501304664781,0.0009849247293550116,30,0;1;2;3;4;5;6;7;8;9;10;11;12;13;14;15;16;17;18;19;20;21;22;23;24;25;26;27;28;29
B,21.05,p_hist,0.00033535013046647795,0.0003353501304664781,0.0003353501304664781,30,0;1;2;3;4;5;6;7;8;9;10;11;12;13;14;15;16;17;18;19;20;21;22;23;24;25;26;27;28;29
B,21.06,p_hist,0.0004271076560144594,0.0003353501304664781,0.0012274749463935621,30,0;1;2;3;4;5;6;7;8;9;10;11;12;13;14;15;16;17;18;19;20;21;22;23;24;25;26;27;28;29
B,21.07,p_hist,0.0003556350251465772,0.0003353501304664781,0.0005027005115772962,30,0;1;2;3;4;5;6;7;8;9;10;11;12;13;14;15;16;17;18;19;20;21;22;23;24;25;26;27;28;29
B,21.080000000000002,p_hist,0.0003361775680318853,0.0003353501304664781,0.00034257011144606694,30,0;1;2;3;4;5;6;7;8;9;10;11;12;13;14;15;16;17;18;19;20;21;22;23;24;25;26;27;28;29
B,21.09,p_hist,0.0003726436103527274,0.0003353501304664781,0.0008512435489360598,30,0;1;2;3;4;5;6;7;8;9;10;11;12;13;14;15;16;17;18;19;20;21;22;23;24;25;26;27;28;29
B,21.1,p_hist,0.0004555327341766161,0.0003353501304664781,0.0014814039361311163,30,0;1;2;3;4;5;6;7;8;9;10;11;12;13;14;15;16;17;18;19;20;21;22;23;24;25;26;27;28;29
B,21.11,p_hist,0.0004320357143594052,0.0003353501304664781,0.001378469926000578,30,0;1;2;3;4;5;6;7;8;9;10;11;12;13;14;15;16;17;18;19;20;21;22;23;24;25;26;27;28;29
B,21.12,p_hist,0.000357436440371948,0.0003353501304664781,0.000632576184619511,30,0;1;2;3;4;5;6;7;8;9;10;11;12;13;14;15;16;17;18;19;20;21;22;23;24;25;26;27;28;29
B,21.13,p_hist,0.00033535013046647795,0.0003353501304664781,0.0003353501304664781,30,0;1;2;3;4;5;6;7;8;9;10;11;12;13;14;15;16;17;18;19;20;21;22;23;24;25;26;27;28;29
B,21.14,p_hist,0.0003372574184922265,0.0003353501304664781,0.0003510852566789033,30,0;1;2;3;4;5;6;7;8;9;10;11;12;13;14;15;16;17;18;19;20;21;22;23;24;25;26;27;28;29
B,21.150000000000002,p_hist,0.0005154077508585628,0.0003353501304664781,0.002082227537514412,30,0;1;2;3;4;5;6;7;8;9;10;11;12;13;14;15;16;17;18;19;20;21;22;23;24;25;26;27;28;29
B,21.16,p_hist,0.0003651867130286801,0.0003353501304664781,0.0006452667042438862,30,0;1;2;3;4;5;6;7;8;9;10;11;12;13;14;15;16;17;18;19;20;21;22;23;24;25;26;27;28;29
B,21.17,p_hist,0.000348771758887356,0.0003353501304664781,0.00044607856493872127,30,0;1;2;3;4;5;6;7;8;9;10;11;12;13;14;15;16;17;18;19;20;21;22;23;24;25;26;27;28;29
B,21.18,p_hist,0.0004385327603139277,0.0003353501304664781,0.001200189545819814,30,0;1;2;3;4;5;6;7;8;9;10;11;12;13;14;15;16;17;18;19;20;21;22;23;24;25;26;27;28;29
B,21.19,p_hist,0.0004178436038124471,0.0003353501304664781,0.0011423625669986434,30,0;1;2;3;4;5;6;7;8;9;10;11;12;13;14;15;16;17;18;19;20;21;22;23;24;25;26;27;28;29
B,21.2,p_hist,0.0003619265703735376,0.0003353501304664781,0.0006597004323472346,30,0;1;2;3;4;5;6;7;8;9;10;11;12;13;14;15;16;17;18;19;20;21;22;23;24;25;26;27;28;29
B,21.21,p_hist,0.0003443193970171614,0.0003353501304664781,0.00046014404780553465,30,0;1;2;3;4;5;6;7;8;9;10;11;12;13;14;15;16;17;18;19;20;21;22;23;24;25;26;27;28;29
B,21.22,p_hist,0.0004528698560981152,0.0003353501304664781,0.0015621841753639294,30,0;1;2;3;4;5;6;7;8;9;10;11;12;13;14;15;16;17;18;19;20;21;22;23;24;25;26;27;28;29
B,21.23,p_hist,0.00036606502215355693,0.0003353501304664781,0.0007181678281366453,30,0;1;2;3;4;5;6;7;8;9;10;11;12;13;14;15;16;17;18;19;20;21;22;23;24;25;26;27;28;29
B,21.240000000000002,p_hist,0.00044038083614524954,0.0003353501304664781,0.0014083755089371874,30,0;1;2;3;4;5;6;7;8;9;10;11;12;13;14;15;16;17;18;19;20;21;22;23;24;25;26;27;28;29
B,21.25,p_hist,0.00042367917680811214,0.0003353501304664781,0.0012098068170183073,30,0;1;2;3;4;5;6;7;8;9;10;11;12;13;14;15;16;17;18;19;20;21;22;23;24;25;26;27;28;29
B,21.26,p_hist,0.0003671933383950976,0.0003353501304664781,0.0005929654788967132,30,0;1;2;3;4;5;6;7;8;9;10;11;12;13;14;15;16;17;18;19;20;21;22;23;24;25;26;27;28;29
B,21.27,p_hist,0.00033535013046647795,0.0003353501304664781,0.0003353501304664781,30,0;1;2;3;4;5;6;7;8;9;10;11;12;13;14;15;16;17;18;19;20;21;22;23;24;25;26;27;28;29
B,21.28,p_hist,0.0003735367179658171,0.0003353501304664781,0.0008900088300715587,30,0;1;2;3;4;5;6;7;8;9;10;11;12;13;14;15;16;17;18;19;20;21;22;23;24;25;26;27;28;29
B,21.29,p_hist,0.00033847409009713923,0.0003353501304664781,0.00037540874663537753,30,0;1;2;3;4;5;6;7;8;9;10;11;12;13;14;15;16;17;18;19;20;21;22;23;24;25;26;27;28;29
B,21.3,p_hist,0.00033535013046647795,0.0003353501304664781,0.0003353501304664781,30,0;1;2;3;4;5;6;7;8;9;10;11;12;13;14;15;16;17;18;19;20;21;22;23;24;25;26;27;28;29
B,21.31,p_hist,0.00033535013046647795,0.0003353501304664781,0.0003353501304664781,30,0;1;2;3;4;5;6;7;8;9;10;11;12;13;14;15;16;17;18;19;20;21;22;23;24;25;26;27;28;29
B,21.32,p_hist,0.0003629122423598198,0.0003353501304664781,0.0005627375535865469,30,0;1;2;3;4;5;6;7;8;9;10;11;12;13;14;15;16;17;18;19;20;21;22;23;24;25;26;27;28;29
B,21.330000000000002,p_hist,0.00034478801847780745,0.0003353501304664781,0.00041321270655994633,30,0;1;2;3;4;5;6;7;8;9;10;11;12;13;14;15;16;17;18;19;20;21;22;23;24;25;26;27;28;29
B,21.34,p_hist,0.0004016215419215096,0.0003353501304664781,0.00090330090979931,30,0;1;2;3;4;5;6;7;8;9;10;11;12;13;14;15;16;17;18;19;20;21;22;23;24;25;26;27;28;29
B,21.35,p_hist,0.0006235494126871465,0.0003353501304664781,0.003120633656697243,30,0;1;2;3;4;5;6;7;8;9;10;11;12;13;14;15;16;17;18;19;20;21;22;23;24;25;26;27;28;29
B,21.36,p_hist,0.0003712791415776257,0.0003353501304664781,0.0006844647694916131,30,0;1;2;3;4;5;6;7;8;9;10;11;12;13;14;15;16;17;18;19;20;21;22;23;24;25;26;27;28;29
B,21.37,p_hist,0.00040773660464285874,0.0003353501304664781,0.001411170019478459,30,0;1;2;3;4;5;6;7;8;9;10;11;12;13;14;15;16;17;18;19;20;21;22;23;24;25;26;27;28;29
B,21.38,p_hist,0.0010702085686716768,0.0003353501304664781,0.006427569548990327,30,0;1;2;3;4;5;6;7;8;9;10;11;12;13;14;15;16;17;18;19;20;21;22;23;24;25;26;27;28;29
B,21.39,p_hist,0.0005749878419214138,0.0003353501304664781,0.003718497957004549,30,0;1;2;3;4;5;6;7;8;9;10;11;12;13;14;15;16;17;18;19;20;21;22;23;24;25;26;27;28;29
B,21.400000000000002,p_hist,0.0004518161757051033,0.0003353501304664781,0.0015076264069847816,30,0;1;2;3;4;5;6;7;8;9;10;11;12;13;14;15;16;17;18;19;20;21;22;23;24;25;26;27;28;29
B,21.41,p_hist,0.0003517233393732916,0.0003353501304664781,0.0005320083908680117,30,0;1;2;3;4;5;6;7;8;9;10;11;12;13;14;15;16;17;18;19;20;21;22;23;24;25;26;27;28;29
B,21.42,p_hist,0.00045277909029381436,0.0003353501304664781,0.0015874541980992838,30,0;1;2;3;4;5;6;7;8;9;10;11;12;13;14;15;16;17;18;19;20;21;22;23;24;25;26;27;28;29
B,21.43,p_hist,0.00036256681101531614,0.0003353501304664781,0.0005715423062718317,30,0;1;2;3;4;5;6;7;8;9;10;11;12;13;14;15;16;17;18;19;20;21;22;23;24;25;26;27;28;29
B,21.44,p_hist,0.00034479834264536304,0.0003353501304664781,0.0004136612808435738,30,0;1;2;3;4;5;6;7;8;9;10;11;12;13;14;15;16;17;18;19;20;21;22;23;24;25;26;27;28;29
B,21.45,p_hist,0.0003459381925863882,0.0003353501304664781,0.00042270164295573714,30,0;1;2;3;4;5;6;7;8;9;10;11;12;13;14;15;16;17;18;19;20;21;22;23;24;25;26;27;28;29
B,21.46,p_hist,0.00034899297996917206,0.0003353501304664781,0.00044790363886370406,30,0;1;2;3;4;5;6;7;8;9;10;11;12;13;14;15;16;17;18;19;20;21;22;23;24;25;26;27;28;29
B,21.47,p_hist,0.0003353806094047267,0.0003353501304664781,0.0003356015817070302,30,0;1;2;3;4;5;6;7;8;9;10;11;12;13;14;15;16;17;18;19;20;21;22;23;24;25;26;27;28;29
B,21.48,p_hist,0.00033535013046647795,0.0003353501304664781,0.0003353501304664781,30,0;1;2;3;4;5;6;7;8;9;10;11;12;13;14;15;16;17;18;19;20;21;22;23;24;25;26;27;28;29
B,21.490000000000002,p_hist,0.0003386872400532065,0.0003353501304664781,0.00036288128455698866,30,0;1;2;3;4;5;6;7;8;9;10;11;12;13;14;15;16;17;18;19;20;21;22;23;24;25;26;27;28;29
B,21.5,p_hist,0.0003482517209820676,0.0003353501304664781,0.0004662523088618985,30,0;1;2;3;4;5;6;7;8;9;10;11;12;13;14;15;16;17;18;19;20;21;22;23;24;25;26;27;28;29
B,21.51,p_hist,0.0003491133675287177,0.0003353501304664781,0.0004488968362299555,30,0;1;2;3;4;5;6;7;8;9;10;11;12;13;14;15;16;17;18;19;20;21;22;23;24;25;26;27;28;29
B,21.52,p_hist,0.00035486977064212873,0.0003353501304664781,0.0005067041429368253,30,0;1;2;3;4;5;6;7;8;9;10;11;12;13;14;15;16;17;18;19;20;21;22;23;24;25;26;27;28;29
B,21.53,p_hist,0.00043760082752855497,0.0003353501304664781,0.0013798895456232124,30,0;1;2;3;4;5;6;7;8;9;10;11;12;13;14;15;16;17;18;19;20;21;22;23;24;25;26;27;28;29
B,21.54,p_hist,0.00035854122660069647,0.0003353501304664781,0.0006460713842886342,30,0;1;2;3;4;5;6;7;8;9;10;11;12;13;14;15;16;17;18;19;20;21;22;23;24;25;26;27;28;29
B,21.55,p_hist,0.0003432601387712664,0.0003353501304664781,0.00040060769898098256,30,0;1;2;3;4;5;6;7;8;9;10;11;12;13;14;15;16;17;18;19;20;21;22;23;24;25;26;27;28;29
B,21.56,p_hist,0.0004126017067126324,0.0003353501304664781,0.0010044041364060334,30,0;1;2;3;4;5;6;7;8;9;10;11;12;13;14;15;16;17;18;19;20;21;22;23;24;25;26;27;28;29
B,21.57,p_hist,0.00038042539971779526,0.0003353501304664781,0.0007796728031146444,30,0;1;2;3;4;5;6;7;8;9;10;11;12;13;14;15;16;17;18;19;20;21;22;23;24;25;26;27;28;29
B,21.580000000000002,p_hist,0.0005048036251203956,0.0003353501304664781,0.002132031529452073,30,0;1;2;3;4;5;6;7;8;9;10;11;12;13;14;15;16;17;18;19;20;21;22;23;24;25;26;27;28;29
B,21.59,p_hist,0.0004887570049069609,0.0003353501304664781,0.0019917697629306414,30,0;1;2;3;4;5;6;7;8;9;10;11;12;13;14;15;16;17;18;19;20;21;22;23;24;25;26;27;28;29
B,21.6,p_hist,0.0003498162425140947,0.0003353501304664781,0.00045469555485931536,30,0;1;2;3;4;5;6;7;8;9;10;11;12;13;14;15;16;17;18;19;20;21;22;23;24;25;26;27;28;29
B,21.61,p_hist,0.000374332853344209,0.0003353501304664781,0.0007239819075035166,30,0;1;2;3;4;5;6;7;8;9;10;11;12;13;14;15;16;17;18;19;20;21;22;23;24;25;26;27;28;29
B,21.62,p_hist,0.0003468387669526077,0.0003353501304664781,0.00043345413528694473,30,0;1;2;3;4;5;6;7;8;9;10;11;12;13;14;15;16;17;18;19;20;21;22;23;24;25;26;27;28;29
B,21.63,p_hist,0.00035153143911687186,0.0003353501304664781,0.0005165897325680544,30,0;1;2;3;4;5;6;7;8;9;10;11;12;13;14;15;16;17;18;19;20;21;22;23;24;25;26;27;28;29
B,21.64,p_hist,0.00033585417235219487,0.0003353501304664781,0.00033950847602364257,30,0;1;2;3;4;5;6;7;8;9;10;11;12;13;14;15;16;17;18;19;20;21;22;23;24;25;26;27;28;29
B,21.650000000000002,p_hist,0.00033535013046647795,0.0003353501304664781,0.0003353501304664781,30,0;1;2;3;4;5;6;7;8;9;10;11;12;13;14;15;16;17;18;19;20;21;22;23;24;25;26;27;28;29
B,21.66,p_hist,0.00043715000587836006,0.0003353501304664781,0.0013758607360762176,30,0;1;2;3;4;5;6;7;8;9;10;11;12;13;14;15;16;17;18;19;20;21;22;23;24;25;26;27;28;29
B,21.67,p_hist,0.00038205481751259776,0.0003353501304664781,0.0008424104344873924,30,0;1;2;3;4;5;6;7;8;9;10;11;12;13;14;15;16;17;18;19;20;21;22;23;24;25;26;27;28;29
B,21.68,p_hist,0.00034817891499825066,0.0003353501304664781,0.0004411876028536025,30,0;1;2;3;4;5;6;7;8;9;10;11;12;13;14;15;16;17;18;19;20;21;22;23;24;25;26;27;28;29
B,21.69,p_hist,0.0003358008546595233,0.0003353501304664781,0.0003390686050591022,30,0;1;2;3;4;5;6;7;8;9;10;11;12;13;14;15;16;17;18;19;20;21;22;23;24;25;26;27;28;29
B,21.7,p_hist,0.0007185344490857041,0.0003353501304664781,0.003914266861534312,30,0;1;2;3;4;5;6;7;8;9;10;11;12;13;14;15;16;17;18;19;20;21;22;23;24;25;26;27;28;29
B,21.71,p_hist,0.0004474155932592273,0.0003353501304664781,0.0016908844461450572,30,0;1;2;3;4;5;6;7;8;9;10;11;12;13;14;15;16;17;18;19;20;21;22;23;24;25;26;27;28;29
B,21.72,p_hist,0.0005028384633110344,0.0003353501304664781,0.001753567910630131,30,0;1;2;3;4;5;6;7;8;9;10;11;12;13;14;15;16;17;18;19;20;21;22;23;24;25;26;27;28;29
B,21.73,p_hist,0.00035676353700497365,0.0003353501304664781,0.0005120107344090666,30,0;1;2;3;4;5;6;7;8;9;10;11;12;13;14;15;16;17;18;19;20;21;22;23;24;25;26;27;28;29
B,21.740000000000002,p_hist,0.0004120050613681902,0.0003353501304664781,0.0012159255945350376,30,0;1;2;3;4;5;6;7;8;9;10;11;12;13;14;15;16;17;18;19;20;21;22;23;24;25;26;27;28;29
B,21.75,p_hist,0.0004202637650736897,0.0003353501304664781,0.001185799349068027,30,0;1;2;3;4;5;6;7;8;9;10;11;12;13;14;15;16;17;18;19;20;21;22;23;24;25;26;27;28;29
B,21.76,p_hist,0.000500272586966531,0.0003353501304664781,0.001724321460299019,30,0;1;2;3;4;5;6;7;8;9;10;11;12;13;14;15;16;17;18;19;20;21;22;23;24;25;26;27;28;29
B,21.77,p_hist,0.0004859311242120631,0.0003353501304664781,0.0016501900088335042,30,0;1;2;3;4;5;6;7;8;9;10;11;12;13;14;15;16;17;18;19;20;21;22;23;24;25;26;27;28;29
B,21.78,p_hist,0.00038878020274626246,0.0003353501304664781,0.0010802397034780577,30,0;1;2;3;4;5;6;7;8;9;10;11;12;13;14;15;16;17;18;19;20;21;22;23;24;25;26;27;28;29
B,21.79,p_hist,0.0018565440448287684,0.0003353501304664781,0.013107139326856438,30,0;1;2;3;4;5;6;7;8;9;10;11;12;13;14;15;16;17;18;19;20;21;22;23;24;25;26;27;28;29
B,21.8,p_hist,0.0007597190241216412,0.0003353501304664781,0.0038610336626566113,30,0;1;2;3;4;5;6;7;8;9;10;11;12;13;14;15;16;17;18;19;20;21;22;23;24;25;26;27;28;29
B,21.81,p_hist,0.0008903019339914582,0.0003353501304664781,0.004913702509547539,30,0;1;2;3;4;5;6;7;8;9;10;11;12;13;14;15;16;17;18;19;20;21;22;23;24;25;26;27;28;29
B,21.82,p_hist,0.0004328026840156676,0.0003353501304664781,0.0011393336972472885,30,0;1;2;3;4;5;6;7;8;9;10;11;12;13;14;15;16;17;18;19;20;21;22;23;24;25;26;27;28;29
B,21.830000000000002,p_hist,0.00035831574266643074,0.0003353501304664781,0.0005508757639471621,30,0;1;2;3;4;5;6;7;8;9;10;11;12;13;14;15;16;17;18;19;20;21;22;23;24;25;26;27;28;29
B,21.84,p_hist,0.00039269049146439474,0.0003353501304664781,0.0008314002500533959,30,0;1;2;3;4;5;6;7;8;9;10;11;12;13;14;15;16;17;18;19;20;21;22;23;24;25;26;27;28;29
B,21.85,p_hist,0.0005984167195160477,0.0003353501304664781,0.002620018221283928,30,0;1;2;3;4;5;6;7;8;9;10;11;12;13;14;15;16;17;18;19;20;21;22;23;24;25;26;27;28;29
B,21.86,p_hist,0.00043991566454097805,0.0003353501304664781,0.0012320810977876503,30,0;1;2;3;4;5;6;7;8;9;10;11;12;13;14;15;16;17;18;19;20;21;22;23;24;25;26;27;28;29
B,21.87,p_hist,0.0003621436498838568,0.0003353501304664781,0.0007045515004529366,30,0;1;2;3;4;5;6;7;8;9;10;11;12;13;14;15;16;17;18;19;20;21;22;23;24;25;26;27;28;29
B,21.88,p_hist,0.0003490255020695275,0.0003353501304664781,0.0005389051741298746,30,0;1;2;3;4;5;6;7;8;9;10;11;12;13;14;15;16;17;18;19;20;21;22;23;24;25;26;27;28;29
B,21.89,p_hist,0.00034448560731915043,0.0003353501304664781,0.00045394542824162053,30,0;1;2;3;4;5;6;7;8;9;10;11;12;13;14;15;16;17;18;19;20;21;22;23;24;25;26;27;28;29
B,21.900000000000002,p_hist,0.00034122256707512115,0.0003353501304664781,0.0003999228369977327,30,0;1;2;3;4;5;6;7;8;9;10;11;12;13;14;15;16;17;18;19;20;21;22;23;24;25;26;27;28;29
B,21.91,p_hist,0.00033535013046647795,0.0003353501304664781,0.0003353501304664781,30,0;1;2;3;4;5;6;7;8;9;10;11;12;13;14;15;16;17;18;19;20;21;22;23;24;25;26;27;28;29
B,21.92,p_hist,0.00035382633524050003,0.0003353501304664781,0.0005084240034925065,30,0;1;2;3;4;5;6;7;8;9;10;11;12;13;14;15;16;17;18;19;20;21;22;23;24;25;26;27;28;29
B,21.93,p_hist,0.00033535013046647795,0.0003353501304664781,0.0003353501304664781,30,0;1;2;3;4;5;6;7;8;9;10;11;12;13;14;15;16;17;18;19;20;21;22;23;24;25;26;27;28;29
B,21.94,p_hist,0.00033535013046647795,0.0003353501304664781,0.0003353501304664781,30,0;1;2;3;4;5;6;7;8;9;10;11;12;13;14;15;16;17;18;19;20;21;22;23;24;25;26;27;28;29
B,21.95,p_hist,0.00034159820895262075,0.0003353501304664781,0.0003868967779771558,30,0;1;2;3;4;5;6;7;8;9;10;11;12;13;14;15;16;17;18;19;20;21;22;23;24;25;26;27;28;29
B,21.96,p_hist,0.0003431511803061334,0.0003353501304664781,0.0004334425166773227,30,0;1;2;3;4;5;6;7;8;9;10;11;12;13;14;15;16;17;18;19;20;21;22;23;24;25;26;27;28;29
B,21.97,p_hist,0.0007316405174554422,0.0003353501304664781,0.0036047458231254098,30,0;1;2;3;4;5;6;7;8;9;10;11;12;13;14;15;16;17;18;19;20;21;22;23;24;25;26;27;28;29
B,21.98,p_hist,0.0011418948143498116,0.0003353501304664781,0.007507783043659086,30,0;1;2;3;4;5;6;7;8;9;10;11;12;13;14;15;16;17;18;19;20;21;22;23;24;25;26;27;28;29
B,21.990000000000002,p_hist,0.0004944103629957817,0.0003353501304664781,0.0018954592200016156,30,0;1;2;3;4;5;6;7;8;9;10;11;12;13;14;15;16;17;18;19;20;21;22;23;24;25;26;27;28;29
B,22.0,p_hist,0.0003598040263449687,0.0003353501304664781,0.0006283872172720816,30,0;1;2;3;4;5;6;7;8;9;10;11;12;13;14;15;16;17;18;19;20;21;22;23;24;25;26;27;28;29
B,22.01,p_hist,0.0003543645753170808,0.0003353501304664781,0.0005540675941961562,30,0;1;2;3;4;5;6;7;8;9;10;11;12;13;14;15;16;17;18;19;20;21;22;23;24;25;26;27;28;29
B,22.02,p_hist,0.0003544834728502423,0.0003353501304664781,0.0005044644868858382,30,0;1;2;3;4;5;6;7;8;9;10;11;12;13;14;15;16;17;18;19;20;21;22;23;24;25;26;27;28;29
B,22.03,p_hist,0.00037923546268132084,0.0003353501304664781,0.0007466269701225391,30,0;1;2;3;4;5;6;7;8;9;10;11;12;13;14;15;16;17;18;19;20;21;22;23;24;25;26;27;28;29
B,22.04,p_hist,0.00033651215594307347,0.0003353501304664781,0.00035217847970487335,30,0;1;2;3;4;5;6;7;8;9;10;11;12;13;14;15;16;17;18;19;20;21;22;23;24;25;26;27;28;29
B,22.05,p_hist,0.00034702194567260786,0.0003353501304664781,0.00043164260591704894,30,0;1;2;3;4;5;6;7;8;9;10;11;12;13;14;15;16;17;18;19;20;21;22;23;24;25;26;27;28;29
B,22.06,p_hist,0.00034305808255567083,0.0003353501304664781,0.000399810835309376,30,0;1;2;3;4;5;6;7;8;9;10;11;12;13;14;15;16;17;18;19;20;21;22;23;24;25;26;27;28;29
B,22.07,p_hist,0.00033676508887735105,0.0003353501304664781,0.0003470235373561811,30,0;1;2;3;4;5;6;7;8;9;10;11;12;13;14;15;16;17;18;19;20;21;22;23;24;25;26;27;28;29
B,22.080000000000002,p_hist,0.0003676193210245691,0.0003353501304664781,0.0006015709525707286,30,0;1;2;3;4;5;6;7;8;9;10;11;12;13;14;15;16;17;18;19;20;21;22;23;24;25;26;27;28;29
B,22.09,p_hist,0.00033535013046647795,0.0003353501304664781,0.0003353501304664781,30,0;1;2;3;4;5;6;7;8;9;10;11;12;13;14;15;16;17;18;19;20;21;22;23;24;25;26;27;28;29
B,22.1,p_hist,0.0004931649954464461,0.0003353501304664781,0.0017361920144617375,30,0;1;2;3;4;5;6;7;8;9;10;11;12;13;14;15;16;17;18;19;20;21;22;23;24;25;26;27;28;29
B,22.11,p_hist,0.00036507024106607146,0.0003353501304664781,0.0005976376751251688,30,0;1;2;3;4;5;6;7;8;9;10;11;12;13;14;15;16;17;18;19;20;21;22;23;24;25;26;27;28;29
B,22.12,p_hist,0.00033535013046647795,0.0003353501304664781,0.0003353501304664781,30,0;1;2;3;4;5;6;7;8;9;10;11;12;13;14;15;16;17;18;19;20;21;22;23;24;25;26;27;28;29
B,22.13,p_hist,0.00034942899250657095,0.0003353501304664781,0.00045617393763346245,30,0;1;2;3;4;5;6;7;8;9;10;11;12;13;14;15;16;17;18;19;20;21;22;23;24;25;26;27;28;29
B,22.14,p_hist,0.0004531728420790496,0.0003353501304664781,0.0015596103709137866,30,0;1;2;3;4;5;6;7;8;9;10;11;12;13;14;15;16;17;18;19;20;21;22;23;24;25;26;27;28;29
B,22.150000000000002,p_hist,0.0004036072546631424,0.0003353501304664781,0.0011929560940947374,30,0;1;2;3;4;5;6;7;8;9;10;11;12;13;14;15;16;17;18;19;20;21;22;23;24;25;26;27;28;29
B,22.16,p_hist,0.0003408336515541486,0.0003353501304664781,0.00038058917943976055,30,0;1;2;3;4;5;6;7;8;9;10;11;12;13;14;15;16;17;18;19;20;21;22;23;24;25;26;27;28;29
B,22.17,p_hist,0.00037261643341714846,0.0003353501304664781,0.0007702486618283614,30,0;1;2;3;4;5;6;7;8;9;10;11;12;13;14;15;16;17;18;19;20;21;22;23;24;25;26;27;28;29
B,22.18,p_hist,0.00037660844170115217,0.0003353501304664781,0.0007816468863686645,30,0;1;2;3;4;5;6;7;8;9;10;11;12;13;14;15;16;17;18;19;20;21;22;23;24;25;26;27;28;29
B,22.19,p_hist,0.00033535013046647795,0.0003353501304664781,0.0003353501304664781,30,0;1;2;3;4;5;6;7;8;9;10;11;12;13;14;15;16;17;18;19;20;21;22;23;24;25;26;27;28;29
B,22.2,p_hist,0.0003450197254202348,0.0003353501304664781,0.00041512428883497146,30,0;1;2;3;4;5;6;7;8;9;10;11;12;13;14;15;16;17;18;19;20;21;22;23;24;25;26;27;28;29
B,22.21,p_hist,0.00033535013046647795,0.0003353501304664781,0.0003353501304664781,30,0;1;2;3;4;5;6;7;8;9;10;11;12;13;14;15;16;17;18;19;20;21;22;23;24;25;26;27;28;29
B,22.22,p_hist,0.0003648470140240354,0.0003353501304664781,0.0006717174291428737,30,0;1;2;3;4;5;6;7;8;9;10;11;12;13;14;15;16;17;18;19;20;21;22;23;24;25;26;27;28;29
B,22.23,p_hist,0.00033535013046647795,0.0003353501304664781,0.0003353501304664781,30,0;1;2;3;4;5;6;7;8;9;10;11;12;13;14;15;16;17;18;19;20;21;22;23;24;25;26;27;28;29
B,22.240000000000002,p_hist,0.00033535013046647795,0.0003353501304664781,0.0003353501304664781,30,0;1;2;3;4;5;6;7;8;9;10;11;12;13;14;15;16;17;18;19;20;21;22;23;24;25;26;27;28;29
B,22.25,p_hist,0.0006057464502602773,0.0003353501304664781,0.002676905092643114,30,0;1;2;3;4;5;6;7;8;9;10;11;12;13;14;15;16;17;18;19;20;21;22;23;24;25;26;27;28;29
B,22.26,p_hist,0.0003828988035255392,0.0003353501304664781,0.0007573930970030986,30,0;1;2;3;4;5;6;7;8;9;10;11;12;13;14;15;16;17;18;19;20;21;22;23;24;25;26;27;28;29
B,22.27,p_hist,0.0003444013137757475,0.0003353501304664781,0.00042495636327934903,30,0;1;2;3;4;5;6;7;8;9;10;11;12;13;14;15;16;17;18;19;20;21;22;23;24;25;26;27;28;29
B,22.28,p_hist,0.00033535013046647795,0.0003353501304664781,0.0003353501304664781,30,0;1;2;3;4;5;6;7;8;9;10;11;12;13;14;15;16;17;18;19;20;21;22;23;24;25;26;27;28;29
B,22.29,p_hist,0.00037954978311292284,0.0003353501304664781,0.0008577861384595098,30,0;1;2;3;4;5;6;7;8;9;10;11;12;13;14;15;16;17;18;19;20;21;22;23;24;25;26;27;28;29
B,22.3,p_hist,0.0003697941472877792,0.0003353501304664781,0.0006671844911079666,30,0;1;2;3;4;5;6;7;8;9;10;11;12;13;14;15;16;17;18;19;20;21;22;23;24;25;26;27;28;29
B,22.31,p_hist,0.00036244809801852046,0.0003353501304664781,0.0005870801152305661,30,0;1;2;3;4;5;6;7;8;9;10;11;12;13;14;15;16;17;18;19;20;21;22;23;24;25;26;27;28;29
B,22.32,p_hist,0.00034341449088049224,0.0003353501304664781,0.0004018811038820956,30,0;1;2;3;4;5;6;7;8;9;10;11;12;13;14;15;16;17;18;19;20;21;22;23;24;25;26;27;28;29
B,22.330000000000002,p_hist,0.0003484653887130604,0.0003353501304664781,0.0005157599900421835,30,0;1;2;3;4;5;6;7;8;9;10;11;12;13;14;15;16;17;18;19;20;21;22;23;24;25;26;27;28;29
B,22.34,p_hist,0.000424502319676083,0.0003353501304664781,0.0010810245839395385,30,0;1;2;3;4;5;6;7;8;9;10;11;12;13;14;15;16;17;18;19;20;21;22;23;24;25;26;27;28;29
B,22.35,p_hist,0.0004402006585534132,0.0003353501304664781,0.0018266642756420948,30,0;1;2;3;4;5;6;7;8;9;10;11;12;13;14;15;16;17;18;19;20;21;22;23;24;25;26;27;28;29
B,22.36,p_hist,0.00042164440506143436,0.0003353501304664781,0.00109836314520631,30,0;1;2;3;4;5;6;7;8;9;10;11;12;13;14;15;16;17;18;19;20;21;22;23;24;25;26;27;28;29
B,22.37,p_hist,0.0003639457325576116,0.0003353501304664781,0.0005926450583347133,30,0;1;2;3;4;5;6;7;8;9;10;11;12;13;14;15;16;17;18;19;20;21;22;23;24;25;26;27;28;29
B,22.38,p_hist,0.0003419969890561778,0.0003353501304664781,0.00039120818500249204,30,0;1;2;3;4;5;6;7;8;9;10;11;12;13;14;15;16;17;18;19;20;21;22;23;24;25;26;27;28;29
B,22.39,p_hist,0.00043185462383723525,0.0003353501304664781,0.0016516993636125415,30,0;1;2;3;4;5;6;7;8;9;10;11;12;13;14;15;16;17;18;19;20;21;22;23;24;25;26;27;28;29
B,22.400000000000002,p_hist,0.0003648149118735304,0.0003353501304664781,0.0007167063219460916,30,0;1;2;3;4;5;6;7;8;9;10;11;12;13;14;15;16;17;18;19;20;21;22;23;24;25;26;27;28;29
B,22.41,p_hist,0.00034855015845330635,0.0003353501304664781,0.0004442503613578121,30,0;1;2;3;4;5;6;7;8;9;10;11;12;13;14;15;16;17;18;19;20;21;22;23;24;25;26;27;28;29
B,22.42,p_hist,0.0009252368333119329,0.0003353501304664781,0.005236919002546923,30,0;1;2;3;4;5;6;7;8;9;10;11;12;13;14;15;16;17;18;19;20;21;22;23;24;25;26;27;28;29
B,22.43,p_hist,0.0004443229230048294,0.0003353501304664781,0.0013587233091316149,30,0;1;2;3;4;5;6;7;8;9;10;11;12;13;14;15;16;17;18;19;20;21;22;23;24;25;26;27;28;29
B,22.44,p_hist,0.0003717637706677587,0.0003353501304664781,0.0007939646285497063,30,0;1;2;3;4;5;6;7;8;9;10;11;12;13;14;15;16;17;18;19;20;21;22;23;24;25;26;27;28;29
B,22.45,p_hist,0.00033768368614966283,0.0003353501304664781,0.00036303831918922734,30,0;1;2;3;4;5;6;7;8;9;10;11;12;13;14;15;16;17;18;19;20;21;22;23;24;25;26;27;28;29
B,22.46,p_hist,0.00043348287744973874,0.0003353501304664781,0.0011449452930783763,30,0;1;2;3;4;5;6;7;8;9;10;11;12;13;14;15;16;17;18;19;20;21;22;23;24;25;26;27;28;29
B,22.47,p_hist,0.0003518969861695546,0.0003353501304664781,0.0005278909387541086,30,0;1;2;3;4;5;6;7;8;9;10;11;12;13;14;15;16;17;18;19;20;21;22;23;24;25;26;27;28;29
B,22.48,p_hist,0.0003512574386933053,0.0003353501304664781,0.0005634347862619659,30,0;1;2;3;4;5;6;7;8;9;10;11;12;13;14;15;16;17;18;19;20;21;22;23;24;25;26;27;28;29
B,22.490000000000002,p_hist,0.00033535013046647795,0.0003353501304664781,0.0003353501304664781,30,0;1;2;3;4;5;6;7;8;9;10;11;12;13;14;15;16;17;18;19;20;21;22;23;24;25;26;27;28;29
B,22.5,p_hist,0.0003384990713373632,0.0003353501304664781,0.00036132889265128124,30,0;1;2;3;4;5;6;7;8;9;10;11;12;13;14;15;16;17;18;19;20;21;22;23;24;25;26;27;28;29
B,22.51,p_hist,0.0003466725977140743,0.0003353501304664781,0.0004287604852591478,30,0;1;2;3;4;5;6;7;8;9;10;11;12;13;14;15;16;17;18;19;20;21;22;23;24;25;26;27;28;29
B,22.52,p_hist,0.0004969555448530829,0.0003353501304664781,0.0016770836209672318,30,0;1;2;3;4;5;6;7;8;9;10;11;12;13;14;15;16;17;18;19;20;21;22;23;24;25;26;27;28;29
B,22.53,p_hist,0.00042395877823942933,0.0003353501304664781,0.0012227923631535974,30,0;1;2;3;4;5;6;7;8;9;10;11;12;13;14;15;16;17;18;19;20;21;22;23;24;25;26;27;28;29
B,22.54,p_hist,0.00036518674184521024,0.0003353501304664781,0.000621771326477172,30,0;1;2;3;4;5;6;7;8;9;10;11;12;13;14;15;16;17;18;19;20;21;22;23;24;25;26;27;28;29
B,22.55,p_hist,0.00036734076124857765,0.0003353501304664781,0.000627205605558305,30,0;1;2;3;4;5;6;7;8;9;10;11;12;13;14;15;16;17;18;19;20;21;22;23;24;25;26;27;28;29
B,22.56,p_hist,0.0003507485342999169,0.0003353501304664781,0.0004623869620923486,30,0;1;2;3;4;5;6;7;8;9;10;11;12;13;14;15;16;17;18;19;20;21;22;23;24;25;26;27;28;29
B,22.57,p_hist,0.00042437345573460616,0.0003353501304664781,0.0010705178881921273,30,0;1;2;3;4;5;6;7;8;9;10;11;12;13;14;15;16;17;18;19;20;21;22;23;24;25;26;27;28;29
B,22.580000000000002,p_hist,0.0004167167980780635,0.0003353501304664781,0.001331288536458932,30,0;1;2;3;4;5;6;7;8;9;10;11;12;13;14;15;16;17;18;19;20;21;22;23;24;25;26;27;28;29
B,22.59,p_hist,0.00036594360452324345,0.0003353501304664781,0.0006652231876227039,30,0;1;2;3;4;5;6;7;8;9;10;11;12;13;14;15;16;17;18;19;20;21;22;23;24;25;26;27;28;29
B,22.6,p_hist,0.00034216920268602586,0.0003353501304664781,0.00042054476667141653,30,0;1;2;3;4;5;6;7;8;9;10;11;12;13;14;15;16;17;18;19;20;21;22;23;24;25;26;27;28;29
B,22.61,p_hist,0.00033535013046647795,0.0003353501304664781,0.0003353501304664781,30,0;1;2;3;4;5;6;7;8;9;10;11;12;13;14;15;16;17;18;19;20;21;22;23;24;25;26;27;28;29
B,22.62,p_hist,0.000353064115890488,0.0003353501304664781,0.0004814905102145604,30,0;1;2;3;4;5;6;7;8;9;10;11;12;13;14;15;16;17;18;19;20;21;22;23;24;25;26;27;28;29
B,22.63,p_hist,0.00037449875751303783,0.0003353501304664781,0.0008307606108516647,30,0;1;2;3;4;5;6;7;8;9;10;11;12;13;14;15;16;17;18;19;20;21;22;23;24;25;26;27;28;29
B,22.64,p_hist,0.00034888911927122865,0.0003353501304664781,0.00048689086756799826,30,0;1;2;3;4;5;6;7;8;9;10;11;12;13;14;15;16;17;18;19;20;21;22;23;24;25;26;27;28;29
B,22.650000000000002,p_hist,0.00033535013046647795,0.0003353501304664781,0.0003353501304664781,30,0;1;2;3;4;5;6;7;8;9;10;11;12;13;14;15;16;17;18;19;20;21;22;23;24;25;26;27;28;29
B,22.66,p_hist,0.00034004807530965675,0.0003353501304664781,0.00037410817542270273,30,0;1;2;3;4;5;6;7;8;9;10;11;12;13;14;15;16;17;18;19;20;21;22;23;24;25;26;27;28;29
B,22.67,p_hist,0.0003467822643900059,0.0003353501304664781,0.00042966523533558313,30,0;1;2;3;4;5;6;7;8;9;10;11;12;13;14;15;16;17;18;19;20;21;22;23;24;25;26;27;28;29
B,22.68,p_hist,0.00033772843516848835,0.0003353501304664781,0.0003549711442580638,30,0;1;2;3;4;5;6;7;8;9;10;11;12;13;14;15;16;17;18;19;20;21;22;23;24;25;26;27;28;29
B,22.69,p_hist,0.0003395718784433438,0.0003353501304664781,0.0003701795512756209,30,0;1;2;3;4;5;6;7;8;9;10;11;12;13;14;15;16;17;18;19;20;21;22;23;24;25;26;27;28;29
B,22.7,p_hist,0.0003400535029939196,0.0003353501304664781,0.0003741529538178714,30,0;1;2;3;4;5;6;7;8;9;10;11;12;13;14;15;16;17;18;19;20;21;22;23;24;25;26;27;28;29
B,22.71,p_hist,0.0003673874119140316,0.0003353501304664781,0.0006658626487743378,30,0;1;2;3;4;5;6;7;8;9;10;11;12;13;14;15;16;17;18;19;20;21;22;23;24;25;26;27;28;29
B,22.72,p_hist,0.00033535013046647795,0.0003353501304664781,0.0003353501304664781,30,0;1;2;3;4;5;6;7;8;9;10;11;12;13;14;15;16;17;18;19;20;21;22;23;24;25;26;27;28;29
B,22.73,p_hist,0.00035119431821780913,0.0003353501304664781,0.000518490762284878,30,0;1;2;3;4;5;6;7;8;9;10;11;12;13;14;15;16;17;18;19;20;21;22;23;24;25;26;27;28;29
B,22.740000000000002,p_hist,0.00041893079613523535,0.0003353501304664781,0.0014025032285250663,30,0;1;2;3;4;5;6;7;8;9;10;11;12;13;14;15;16;17;18;19;20;21;22;23;24;25;26;27;28;29
B,22.75,p_hist,0.0003862705135091313,0.0003353501304664781,0.0008941154381360547,30,0;1;2;3;4;5;6;7;8;9;10;11;12;13;14;15;16;17;18;19;20;21;22;23;24;25;26;27;28;29
B,22.76,p_hist,0.0003779547889953833,0.0003353501304664781,0.0007384969182223785,30,0;1;2;3;4;5;6;7;8;9;10;11;12;13;14;15;16;17;18;19;20;21;22;23;24;25;26;27;28;29
B,22.77,p_hist,0.00034856419563577726,0.0003353501304664781,0.0005165762104002109,30,0;1;2;3;4;5;6;7;8;9;10;11;12;13;14;15;16;17;18;19;20;21;22;23;24;25;26;27;28;29
B,22.78,p_hist,0.0003387785678129493,0.0003353501304664781,0.00036363473857486684,30,0;1;2;3;4;5;6;7;8;9;10;11;12;13;14;15;16;17;18;19;20;21;22;23;24;25;26;27;28;29
B,22.79,p_hist,0.00033679012169219295,0.0003353501304664781,0.0003472300580786267,30,0;1;2;3;4;5;6;7;8;9;10;11;12;13;14;15;16;17;18;19;20;21;22;23;24;25;26;27;28;29
B,22.8,p_hist,0.0008246063378877249,0.0003353501304664781,0.0067728377860263944,30,0;1;2;3;4;5;6;7;8;9;10;11;12;13;14;15;16;17;18;19;20;21;22;23;24;25;26;27;28;29
B,22.81,p_hist,0.0005664967725191696,0.0003353501304664781,0.0030661714598839546,30,0;1;2;3;4;5;6;7;8;9;10;11;12;13;14;15;16;17;18;19;20;21;22;23;24;25;26;27;28;29
B,22.82,p_hist,0.0006228171038707052,0.0003353501304664781,0.002773753439043777,30,0;1;2;3;4;5;6;7;8;9;10;11;12;13;14;15;16;17;18;19;20;21;22;23;24;25;26;27;28;29
B,22.830000000000002,p_hist,0.0006353308091295899,0.0003353501304664781,0.0035916271998427183,30,0;1;2;3;4;5;6;7;8;9;10;11;12;13;14;15;16;17;18;19;20;21;22;23;24;25;26;27;28;29
B,22.84,p_hist,0.00048690671104200165,0.0003353501304664781,0.0017479914993985693,30,0;1;2;3;4;5;6;7;8;9;10;11;12;13;14;15;16;17;18;19;20;21;22;23;24;25;26;27;28;29
B,22.85,p_hist,0.0003412706160307703,0.0003353501304664781,0.00038997514120563435,30,0;1;2;3;4;5;6;7;8;9;10;11;12;13;14;15;16;17;18;19;20;21;22;23;24;25;26;27;28;29
B,22.86,p_hist,0.00034179294960504645,0.0003353501304664781,0.0004029537614008484,30,0;1;2;3;4;5;6;7;8;9;10;11;12;13;14;15;16;17;18;19;20;21;22;23;24;25;26;27;28;29
B,22.87,p_hist,0.0003493186458063002,0.0003353501304664781,0.0005066742966278674,30,0;1;2;3;4;5;6;7;8;9;10;11;12;13;14;15;16;17;18;19;20;21;22;23;24;25;26;27;28;29
B,22.88,p_hist,0.0003667798892401007,0.0003353501304664781,0.0006774196256798211,30,0;1;2;3;4;5;6;7;8;9;10;11;12;13;14;15;16;17;18;19;20;21;22;23;24;25;26;27;28;29
B,22.89,p_hist,0.00036345109047585363,0.0003353501304664781,0.0006473555726329422,30,0;1;2;3;4;5;6;7;8;9;10;11;12;13;14;15;16;17;18;19;20;21;22;23;24;25;26;27;28;29
B,22.900000000000002,p_hist,0.00035481921928262546,0.0003353501304664781,0.0006059209959904949,30,0;1;2;3;4;5;6;7;8;9;10;11;12;13;14;15;16;17;18;19;20;21;22;23;24;25;26;27;28;29
B,22.91,p_hist,0.0003687193231892364,0.0003353501304664781,0.0006146546122800583,30,0;1;2;3;4;5;6;7;8;9;10;11;12;13;14;15;16;17;18;19;20;21;22;23;24;25;26;27;28;29
B,22.92,p_hist,0.0003868302017315825,0.0003353501304664781,0.0007734405393255075,30,0;1;2;3;4;5;6;7;8;9;10;11;12;13;14;15;16;17;18;19;20;21;22;23;24;25;26;27;28;29
B,22.93,p_hist,0.0003612078505392419,0.0003353501304664781,0.0005619476660102547,30,0;1;2;3;4;5;6;7;8;9;10;11;12;13;14;15;16;17;18;19;20;21;22;23;24;25;26;27;28;29
B,22.94,p_hist,0.0004491658399884534,0.0003353501304664781,0.0012743297340227708,30,0;1;2;3;4;5;6;7;8;9;10;11;12;13;14;15;16;17;18;19;20;21;22;23;24;25;26;27;28;29
B,22.95,p_hist,0.0004484845083480421,0.0003353501304664781,0.0013988331866728533,30,0;1;2;3;4;5;6;7;8;9;10;11;12;13;14;15;16;17;18;19;20;21;22;23;24;25;26;27;28;29
B,22.96,p_hist,0.0004517617391806196,0.0003353501304664781,0.0014030901682942085,30,0;1;2;3;4;5;6;7;8;9;10;11;12;13;14;15;16;17;18;19;20;21;22;23;24;25;26;27;28;29
B,22.97,p_hist,0.001583119840030773,0.0003353501304664781,0.010728087158853672,30,0;1;2;3;4;5;6;7;8;9;10;11;12;13;14;15;16;17;18;19;20;21;22;23;24;25;26;27;28;29
B,22.98,p_hist,0.0005919918132161599,0.0003353501304664781,0.0026168100784931068,30,0;1;2;3;4;5;6;7;8;9;10;11;12;13;14;15;16;17;18;19;20;21;22;23;24;25;26;27;28;29
B,22.990000000000002,p_hist,0.00042590820388247244,0.0003353501304664781,0.0010824542361484294,30,0;1;2;3;4;5;6;7;8;9;10;11;12;13;14;15;16;17;18;19;20;21;22;23;24;25;26;27;28;29
B,23.0,p_hist,0.00048457174740936757,0.0003353501304664781,0.002083180601685405,30,0;1;2;3;4;5;6;7;8;9;10;11;12;13;14;15;16;17;18;19;20;21;22;23;24;25;26;27;28;29
B,23.01,p_hist,0.00038250440403888745,0.0003353501304664781,0.0007243728874388551,30,0;1;2;3;4;5;6;7;8;9;10;11;12;13;14;15;16;17;18;19;20;21;22;23;24;25;26;27;28;29
B,23.02,p_hist,0.0010366197893359969,0.0003353501304664781,0.006618095016216519,30,0;1;2;3;4;5;6;7;8;9;10;11;12;13;14;15;16;17;18;19;20;21;22;23;24;25;26;27;28;29
B,23.03,p_hist,0.0005831846756271382,0.0003353501304664781,0.002869372318056321,30,0;1;2;3;4;5;6;7;8;9;10;11;12;13;14;15;16;17;18;19;20;21;22;23;24;25;26;27;28;29
B,23.04,p_hist,0.0004147513517227913,0.0003353501304664781,0.001110752272838822,30,0;1;2;3;4;5;6;7;8;9;10;11;12;13;14;15;16;17;18;19;20;21;22;23;24;25;26;27;28;29
B,23.05,p_hist,0.0003720493301459959,0.0003353501304664781,0.000643064583563211,30,0;1;2;3;4;5;6;7;8;9;10;11;12;13;14;15;16;17;18;19;20;21;22;23;24;25;26;27;28;29
B,23.06,p_hist,0.00034656873178975315,0.0003353501304664781,0.0004404459621191394,30,0;1;2;3;4;5;6;7;8;9;10;11;12;13;14;15;16;17;18;19;20;21;22;23;24;25;26;27;28;29
B,23.07,p_hist,0.00034999419180010055,0.0003353501304664781,0.0005043215977246989,30,0;1;2;3;4;5;6;7;8;9;10;11;12;13;14;15;16;17;18;19;20;21;22;23;24;25;26;27;28;29
B,23.080000000000002,p_hist,0.00033535013046647795,0.0003353501304664781,0.0003353501304664781,30,0;1;2;3;4;5;6;7;8;9;10;11;12;13;14;15;16;17;18;19;20;21;22;23;24;25;26;27;28;29
B,23.09,p_hist,0.00035047540934760117,0.0003353501304664781,0.0005229695660840531,30,0;1;2;3;4;5;6;7;8;9;10;11;12;13;14;15;16;17;18;19;20;21;22;23;24;25;26;27;28;29
B,23.1,p_hist,0.00033535013046647795,0.0003353501304664781,0.0003353501304664781,30,0;1;2;3;4;5;6;7;8;9;10;11;12;13;14;15;16;17;18;19;20;21;22;23;24;25;26;27;28;29
B,23.11,p_hist,0.0003510866166719336,0.0003353501304664781,0.0005547018432015004,30,0;1;2;3;4;5;6;7;8;9;10;11;12;13;14;15;16;17;18;19;20;21;22;23;24;25;26;27;28;29
B,23.12,p_hist,0.0006073868683431187,0.0003353501304664781,0.0027193806278119743,30,0;1;2;3;4;5;6;7;8;9;10;11;12;13;14;15;16;17;18;19;20;21;22;23;24;25;26;27;28;29
B,23.13,p_hist,0.0003840887593703484,0.0003353501304664781,0.0009074702270707873,30,0;1;2;3;4;5;6;7;8;9;10;11;12;13;14;15;16;17;18;19;20;21;22;23;24;25;26;27;28;29
B,23.14,p_hist,0.0003456665227410135,0.0003353501304664781,0.0004685113807830251,30,0;1;2;3;4;5;6;7;8;9;10;11;12;13;14;15;16;17;18;19;20;21;22;23;24;25;26;27;28;29
B,23.150000000000002,p_hist,0.0003441469536002634,0.0003353501304664781,0.0004402653355520413,30,0;1;2;3;4;5;6;7;8;9;10;11;12;13;14;15;16;17;18;19;20;21;22;23;24;25;26;27;28;29
B,23.16,p_hist,0.0008863404487222335,0.0003353501304664781,0.004941421766814749,30,0;1;2;3;4;5;6;7;8;9;10;11;12;13;14;15;16;17;18;19;20;21;22;23;24;25;26;27;28;29
B,23.17,p_hist,0.0004281180468003901,0.0003353501304664781,0.0011006854402212493,30,0;1;2;3;4;5;6;7;8;9;10;11;12;13;14;15;16;17;18;19;20;21;22;23;24;25;26;27;28;29
B,23.18,p_hist,0.000346709871818745,0.0003353501304664781,0.00046227655503210677,30,0;1;2;3;4;5;6;7;8;9;10;11;12;13;14;15;16;17;18;19;20;21;22;23;24;25;26;27;28;29
B,23.19,p_hist,0.00033535013046647795,0.0003353501304664781,0.0003353501304664781,30,0;1;2;3;4;5;6;7;8;9;10;11;12;13;14;15;16;17;18;19;20;21;22;23;24;25;26;27;28;29
B,23.2,p_hist,0.0003375603772566117,0.0003353501304664781,0.00035648952650317286,30,0;1;2;3;4;5;6;7;8;9;10;11;12;13;14;15;16;17;18;19;20;21;22;23;24;25;26;27;28;29
B,23.21,p_hist,0.00033535013046647795,0.0003353501304664781,0.0003353501304664781,30,0;1;2;3;4;5;6;7;8;9;10;11;12;13;14;15;16;17;18;19;20;21;22;23;24;25;26;27;28;29
B,23.22,p_hist,0.0003414871099822139,0.0003353501304664781,0.0003859802114712992,30,0;1;2;3;4;5;6;7;8;9;10;11;12;13;14;15;16;17;18;19;20;21;22;23;24;25;26;27;28;29
B,23.23,p_hist,0.0003917911961217433,0.0003353501304664781,0.0009145371881038365,30,0;1;2;3;4;5;6;7;8;9;10;11;12;13;14;15;16;17;18;19;20;21;22;23;24;25;26;27;28;29
B,23.240000000000002,p_hist,0.0004267221169135102,0.0003353501304664781,0.0011162762221648933,30,0;1;2;3;4;5;6;7;8;9;10;11;12;13;14;15;16;17;18;19;20;21;22;23;24;25;26;27;28;29
B,23.25,p_hist,0.0005061159160764608,0.0003353501304664781,0.0021744497386166303,30,0;1;2;3;4;5;6;7;8;9;10;11;12;13;14;15;16;17;18;19;20;21;22;23;24;25;26;27;28;29
B,23.26,p_hist,0.00036344868807693505,0.0003353501304664781,0.0005671632307527474,30,0;1;2;3;4;5;6;7;8;9;10;11;12;13;14;15;16;17;18;19;20;21;22;23;24;25;26;27;28;29
B,23.27,p_hist,0.00042722207899002524,0.0003353501304664781,0.0016745366262821918,30,0;1;2;3;4;5;6;7;8;9;10;11;12;13;14;15;16;17;18;19;20;21;22;23;24;25;26;27;28;29
B,23.28,p_hist,0.00039369941909136666,0.0003353501304664781,0.0010076046847112684,30,0;1;2;3;4;5;6;7;8;9;10;11;12;13;14;15;16;17;18;19;20;21;22;23;24;25;26;27;28;29
B,23.29,p_hist,0.0003393752237865766,0.0003353501304664781,0.0003809687731547359,30,0;1;2;3;4;5;6;7;8;9;10;11;12;13;14;15;16;17;18;19;20;21;22;23;24;25;26;27;28;29
B,23.3,p_hist,0.00033535013046647795,0.0003353501304664781,0.0003353501304664781,30,0;1;2;3;4;5;6;7;8;9;10;11;12;13;14;15;16;17;18;19;20;21;22;23;24;25;26;27;28;29
B,23.31,p_hist,0.0003418158582836868,0.0003353501304664781,0.00038869238495845053,30,0;1;2;3;4;5;6;7;8;9;10;11;12;13;14;15;16;17;18;19;20;21;22;23;24;25;26;27;28;29
B,23.32,p_hist,0.00037637861616453467,0.0003353501304664781,0.0007928691320654866,30,0;1;2;3;4;5;6;7;8;9;10;11;12;13;14;15;16;17;18;19;20;21;22;23;24;25;26;27;28;29
B,23.330000000000002,p_hist,0.0003692014450618081,0.0003353501304664781,0.0006194245048148173,30,0;1;2;3;4;5;6;7;8;9;10;11;12;13;14;15;16;17;18;19;20;21;22;23;24;25;26;27;28;29
B,23.34,p_hist,0.00037275760920437725,0.0003353501304664781,0.0006697780119125568,30,0;1;2;3;4;5;6;7;8;9;10;11;12;13;14;15;16;17;18;19;20;21;22;23;24;25;26;27;28;29
B,23.35,p_hist,0.0005550153864162691,0.0003353501304664781,0.0023230408813559407,30,0;1;2;3;4;5;6;7;8;9;10;11;12;13;14;15;16;17;18;19;20;21;22;23;24;25;26;27;28;29
B,23.36,p_hist,0.00038589345323776725,0.0003353501304664781,0.0008200932885349597,30,0;1;2;3;4;5;6;7;8;9;10;11;12;13;14;15;16;17;18;19;20;21;22;23;24;25;26;27;28;29
B,23.37,p_hist,0.0004008858613064093,0.0003353501304664781,0.0009495691833558405,30,0;1;2;3;4;5;6;7;8;9;10;11;12;13;14;15;16;17;18;19;20;21;22;23;24;25;26;27;28;29
B,23.38,p_hist,0.0003958192904229462,0.0003353501304664781,0.0008382728554265264,30,0;1;2;3;4;5;6;7;8;9;10;11;12;13;14;15;16;17;18;19;20;21;22;23;24;25;26;27;28;29
B,23.39,p_hist,0.0003972034724718489,0.0003353501304664781,0.0009258006966246897,30,0;1;2;3;4;5;6;7;8;9;10;11;12;13;14;15;16;17;18;19;20;21;22;23;24;25;26;27;28;29
B,23.400000000000002,p_hist,0.0003549756889222865,0.0003353501304664781,0.0006232085607115242,30,0;1;2;3;4;5;6;7;8;9;10;11;12;13;14;15;16;17;18;19;20;21;22;23;24;25;26;27;28;29
B,23.41,p_hist,0.0003406252903776643,0.0003353501304664781,0.00037887019973376534,30,0;1;2;3;4;5;6;7;8;9;10;11;12;13;14;15;16;17;18;19;20;21;22;23;24;25;26;27;28;29
B,23.42,p_hist,0.00033535013046647795,0.0003353501304664781,0.0003353501304664781,30,0;1;2;3;4;5;6;7;8;9;10;11;12;13;14;15;16;17;18;19;20;21;22;23;24;25;26;27;28;29
B,23.43,p_hist,0.00037655543087838743,0.0003353501304664781,0.000808533979605421,30,0;1;2;3;4;5;6;7;8;9;10;11;12;13;14;15;16;17;18;19;20;21;22;23;24;25;26;27;28;29
B,23.44,p_hist,0.00033535013046647795,0.0003353501304664781,0.0003353501304664781,30,0;1;2;3;4;5;6;7;8;9;10;11;12;13;14;15;16;17;18;19;20;21;22;23;24;25;26;27;28;29
B,23.45,p_hist,0.0004266816314087561,0.0003353501304664781,0.0010976407174117097,30,0;1;2;3;4;5;6;7;8;9;10;11;12;13;14;15;16;17;18;19;20;21;22;23;24;25;26;27;28;29
B,23.46,p_hist,0.0003483415247785961,0.0003353501304664781,0.0005090841301904316,30,0;1;2;3;4;5;6;7;8;9;10;11;12;13;14;15;16;17;18;19;20;21;22;23;24;25;26;27;28;29
B,23.47,p_hist,0.0003450193625035301,0.0003353501304664781,0.0004600451929152823,30,0;1;2;3;4;5;6;7;8;9;10;11;12;13;14;15;16;17;18;19;20;21;22;23;24;25;26;27;28;29
B,23.48,p_hist,0.00034999718704440216,0.0003353501304664781,0.000472597724456086,30,0;1;2;3;4;5;6;7;8;9;10;11;12;13;14;15;16;17;18;19;20;21;22;23;24;25;26;27;28;29
B,23.490000000000002,p_hist,0.0003402681442905611,0.0003353501304664781,0.00039647826195273795,30,0;1;2;3;4;5;6;7;8;9;10;11;12;13;14;15;16;17;18;19;20;21;22;23;24;25;26;27;28;29
B,23.5,p_hist,0.0003386607877061169,0.0003353501304664781,0.00037364595004899973,30,0;1;2;3;4;5;6;7;8;9;10;11;12;13;14;15;16;17;18;19;20;21;22;23;24;25;26;27;28;29
B,23.51,p_hist,0.00033535013046647795,0.0003353501304664781,0.0003353501304664781,30,0;1;2;3;4;5;6;7;8;9;10;11;12;13;14;15;16;17;18;19;20;21;22;23;24;25;26;27;28;29
B,23.52,p_hist,0.00034159945484074655,0.0003353501304664781,0.00038690705655419414,30,0;1;2;3;4;5;6;7;8;9;10;11;12;13;14;15;16;17;18;19;20;21;22;23;24;25;26;27;28;29
B,23.53,p_hist,0.0003888447766584192,0.0003353501304664781,0.0008416597955985924,30,0;1;2;3;4;5;6;7;8;9;10;11;12;13;14;15;16;17;18;19;20;21;22;23;24;25;26;27;28;29
B,23.54,p_hist,0.0003620130672985173,0.0003353501304664781,0.0005821781269029454,30,0;1;2;3;4;5;6;7;8;9;10;11;12;13;14;15;16;17;18;19;20;21;22;23;24;25;26;27;28;29
B,23.55,p_hist,0.0004783360211292309,0.0003353501304664781,0.0019816850197823936,30,0;1;2;3;4;5;6;7;8;9;10;11;12;13;14;15;16;17;18;19;20;21;22;23;24;25;26;27;28;29
B,23.56,p_hist,0.00034595653858686236,0.0003353501304664781,0.00047996076439622804,30,0;1;2;3;4;5;6;7;8;9;10;11;12;13;14;15;16;17;18;19;20;21;22;23;24;25;26;27;28;29
B,23.57,p_hist,0.00033592270361379836,0.0003353501304664781,0.00034007385893187146,30,0;1;2;3;4;5;6;7;8;9;10;11;12;13;14;15;16;17;18;19;20;21;22;23;24;25;26;27;28;29
B,23.580000000000002,p_hist,0.00034658176147019245,0.0003353501304664781,0.0004799726678736984,30,0;1;2;3;4;5;6;7;8;9;10;11;12;13;14;15;16;17;18;19;20;21;22;23;24;25;26;27;28;29
B,23.59,p_hist,0.0003858439370380915,0.0003353501304664781,0.0008694115029600531,30,0;1;2;3;4;5;6;7;8;9;10;11;12;13;14;15;16;17;18;19;20;21;22;23;24;25;26;27;28;29
B,23.6,p_hist,0.0003966155546539747,0.0003353501304664781,0.0010306181138269343,30,0;1;2;3;4;5;6;7;8;9;10;11;12;13;14;15;16;17;18;19;20;21;22;23;24;25;26;27;28;29
B,23.61,p_hist,0.0004433558589098442,0.0003353501304664781,0.0013071371147316021,30,0;1;2;3;4;5;6;7;8;9;10;11;12;13;14;15;16;17;18;19;20;21;22;23;24;25;26;27;28;29
B,23.62,p_hist,0.00043284574843480557,0.0003353501304664781,0.0012462069210363242,30,0;1;2;3;4;5;6;7;8;9;10;11;12;13;14;15;16;17;18;19;20;21;22;23;24;25;26;27;28;29
B,23.63,p_hist,0.0003481840874162879,0.0003353501304664781,0.000512783714607606,30,0;1;2;3;4;5;6;7;8;9;10;11;12;13;14;15;16;17;18;19;20;21;22;23;24;25;26;27;28;29
B,23.64,p_hist,0.0003583880040187598,0.0003353501304664781,0.0006424878167176023,30,0;1;2;3;4;5;6;7;8;9;10;11;12;13;14;15;16;17;18;19;20;21;22;23;24;25;26;27;28;29
B,23.650000000000002,p_hist,0.0003966893067739371,0.0003353501304664781,0.0008641451003547818,30,0;1;2;3;4;5;6;7;8;9;10;11;12;13;14;15;16;17;18;19;20;21;22;23;24;25;26;27;28;29
B,23.66,p_hist,0.00033846576332187086,0.0003353501304664781,0.00036446779268199496,30,0;1;2;3;4;5;6;7;8;9;10;11;12;13;14;15;16;17;18;19;20;21;22;23;24;25;26;27;28;29
B,23.67,p_hist,0.0003441179284103954,0.0003353501304664781,0.00042137185211310103,30,0;1;2;3;4;5;6;7;8;9;10;11;12;13;14;15;16;17;18;19;20;21;22;23;24;25;26;27;28;29
B,23.68,p_hist,0.0007650160890905871,0.0003353501304664781,0.0043092663739588335,30,0;1;2;3;4;5;6;7;8;9;10;11;12;13;14;15;16;17;18;19;20;21;22;23;24;25;26;27;28;29
B,23.69,p_hist,0.0005084075023805613,0.0003353501304664781,0.0018164127260554357,30,0;1;2;3;4;5;6;7;8;9;10;11;12;13;14;15;16;17;18;19;20;21;22;23;24;25;26;27;28;29
B,23.7,p_hist,0.00036255029967518446,0.0003353501304664781,0.0006037186234471531,30,0;1;2;3;4;5;6;7;8;9;10;11;12;13;14;15;16;17;18;19;20;21;22;23;24;25;26;27;28;29
B,23.71,p_hist,0.00033535013046647795,0.0003353501304664781,0.0003353501304664781,30,0;1;2;3;4;5;6;7;8;9;10;11;12;13;14;15;16;17;18;19;20;21;22;23;24;25;26;27;28;29
B,23.72,p_hist,0.00034515256116389025,0.0003353501304664781,0.0004519377624861723,30,0;1;2;3;4;5;6;7;8;9;10;11;12;13;14;15;16;17;18;19;20;21;22;23;24;25;26;27;28;29
B,23.73,p_hist,0.00033535013046647795,0.0003353501304664781,0.0003353501304664781,30,0;1;2;3;4;5;6;7;8;9;10;11;12;13;14;15;16;17;18;19;20;21;22;23;24;25;26;27;28;29
B,23.740000000000002,p_hist,0.00036458768713015273,0.0003353501304664781,0.0006325189058611211,30,0;1;2;3;4;5;6;7;8;9;10;11;12;13;14;15;16;17;18;19;20;21;22;23;24;25;26;27;28;29
B,23.75,p_hist,0.00034029369241449415,0.0003353501304664781,0.00037845683171164497,30,0;1;2;3;4;5;6;7;8;9;10;11;12;13;14;15;16;17;18;19;20;21;22;23;24;25;26;27;28;29
B,23.76,p_hist,0.000457193396469628,0.0003353501304664781,0.0016276607183667831,30,0;1;2;3;4;5;6;7;8;9;10;11;12;13;14;15;16;17;18;19;20;21;22;23;24;25;26;27;28;29
B,23.77,p_hist,0.00038921442262061003,0.0003353501304664781,0.0008597731367364162,30,0;1;2;3;4;5;6;7;8;9;10;11;12;13;14;15;16;17;18;19;20;21;22;23;24;25;26;27;28;29
B,23.78,p_hist,0.00033952205351148683,0.0003353501304664781,0.0003697684955878011,30,0;1;2;3;4;5;6;7;8;9;10;11;12;13;14;15;16;17;18;19;20;21;22;23;24;25;26;27;28;29
B,23.79,p_hist,0.0003431191093991677,0.0003353501304664781,0.000399444206661168,30,0;1;2;3;4;5;6;7;8;9;10;11;12;13;14;15;16;17;18;19;20;21;22;23;24;25;26;27;28;29
B,23.8,p_hist,0.0003360257883877711,0.0003353501304664781,0.0003409243083171462,30,0;1;2;3;4;5;6;7;8;9;10;11;12;13;14;15;16;17;18;19;20;21;22;23;24;25;26;27;28;29
B,23.81,p_hist,0.0003402942355005678,0.0003353501304664781,0.00037613899699771977,30,0;1;2;3;4;5;6;7;8;9;10;11;12;13;14;15;16;17;18;19;20;21;22;23;24;25;26;27;28;29
B,23.82,p_hist,0.0004393413598934998,0.0003353501304664781,0.001193277773239405,30,0;1;2;3;4;5;6;7;8;9;10;11;12;13;14;15;16;17;18;19;20;21;22;23;24;25;26;27;28;29
B,23.830000000000002,p_hist,0.0003626232270763124,0.0003353501304664781,0.0006873256303910226,30,0;1;2;3;4;5;6;7;8;9;10;11;12;13;14;15;16;17;18;19;20;21;22;23;24;25;26;27;28;29
B,23.84,p_hist,0.0004586788965994629,0.0003353501304664781,0.0013879487125698377,30,0;1;2;3;4;5;6;7;8;9;10;11;12;13;14;15;16;17;18;19;20;21;22;23;24;25;26;27;28;29
B,23.85,p_hist,0.00035867472138119557,0.0003353501304664781,0.0005277780055128974,30,0;1;2;3;4;5;6;7;8;9;10;11;12;13;14;15;16;17;18;19;20;21;22;23;24;25;26;27;28;29
B,23.86,p_hist,0.0004749222037073793,0.0003353501304664781,0.0016343415021797454,30,0;1;2;3;4;5;6;7;8;9;10;11;12;13;14;15;16;17;18;19;20;21;22;23;24;25;26;27;28;29
B,23.87,p_hist,0.00035985312215680733,0.0003353501304664781,0.0006761383590702656,30,0;1;2;3;4;5;6;7;8;9;10;11;12;13;14;15;16;17;18;19;20;21;22;23;24;25;26;27;28;29
B,23.88,p_hist,0.00044514056836049735,0.0003353501304664781,0.0014697164016658913,30,0;1;2;3;4;5;6;7;8;9;10;11;12;13;14;15;16;17;18;19;20;21;22;23;24;25;26;27;28;29
B,23.89,p_hist,0.0005862280584662393,0.0003353501304664781,0.0026069281354846397,30,0;1;2;3;4;5;6;7;8;9;10;11;12;13;14;15;16;17;18;19;20;21;22;23;24;25;26;27;28;29
B,23.900000000000002,p_hist,0.00044966528568582826,0.0003353501304664781,0.0013176637180175854,30,0;1;2;3;4;5;6;7;8;9;10;11;12;13;14;15;16;17;18;19;20;21;22;23;24;25;26;27;28;29
B,23.91,p_hist,0.0003870780216843556,0.0003353501304664781,0.0009215759716649243,30,0;1;2;3;4;5;6;7;8;9;10;11;12;13;14;15;16;17;18;19;20;21;22;23;24;25;26;27;28;29
B,23.92,p_hist,0.0003457362475423981,0.0003353501304664781,0.0004210355963428193,30,0;1;2;3;4;5;6;7;8;9;10;11;12;13;14;15;16;17;18;19;20;21;22;23;24;25;26;27;28;29
B,23.93,p_hist,0.00048409625161506667,0.0003353501304664781,0.0015625056299423293,30,0;1;2;3;4;5;6;7;8;9;10;11;12;13;14;15;16;17;18;19;20;21;22;23;24;25;26;27;28;29
B,23.94,p_hist,0.0005659017092521066,0.0003353501304664781,0.0033354940008550665,30,0;1;2;3;4;5;6;7;8;9;10;11;12;13;14;15;16;17;18;19;20;21;22;23;24;25;26;27;28;29
B,23.95,p_hist,0.00037874690004846475,0.0003353501304664781,0.0008013956201549703,30,0;1;2;3;4;5;6;7;8;9;10;11;12;13;14;15;16;17;18;19;20;21;22;23;24;25;26;27;28;29
B,23.96,p_hist,0.0016001144731903566,0.0003353501304664781,0.01077081989192832,30,0;1;2;3;4;5;6;7;8;9;10;11;12;13;14;15;16;17;18;19;20;21;22;23;24;25;26;27;28;29
B,23.97,p_hist,0.0006784259811230236,0.0003353501304664781,0.004709285578925807,30,0;1;2;3;4;5;6;7;8;9;10;11;12;13;14;15;16;17;18;19;20;21;22;23;24;25;26;27;28;29
B,23.98,p_hist,0.0003938576076015986,0.0003353501304664781,0.0009933229352998606,30,0;1;2;3;4;5;6;7;8;9;10;11;12;13;14;15;16;17;18;19;20;21;22;23;24;25;26;27;28;29
B,23.990000000000002,p_hist,0.0005175697969413267,0.0003353501304664781,0.0020608672865519186,30,0;1;2;3;4;5;6;7;8;9;10;11;12;13;14;15;16;17;18;19;20;21;22;23;24;25;26;27;28;29
B,24.0,p_hist,0.0003581896472122975,0.0003353501304664781,0.0005237761436194886,30,0;1;2;3;4;5;6;7;8;9;10;11;12;13;14;15;16;17;18;19;20;21;22;23;24;25;26;27;28;29
B,24.01,p_hist,0.00034740462047017724,0.0003353501304664781,0.00043479967299699725,30,0;1;2;3;4;5;6;7;8;9;10;11;12;13;14;15;16;17;18;19;20;21;22;23;24;25;26;27;28;29
B,24.02,p_hist,0.00035348180086550336,0.0003353501304664781,0.00048493641125843724,30,0;1;2;3;4;5;6;7;8;9;10;11;12;13;14;15;16;17;18;19;20;21;22;23;24;25;26;27;28;29
B,24.03,p_hist,0.00033535013046647795,0.0003353501304664781,0.0003353501304664781,30,0;1;2;3;4;5;6;7;8;9;10;11;12;13;14;15;16;17;18;19;20;21;22;23;24;25;26;27;28;29
B,24.04,p_hist,0.00036771295741078544,0.0003353501304664781,0.0007055078872656801,30,0;1;2;3;4;5;6;7;8;9;10;11;12;13;14;15;16;17;18;19;20;21;22;23;24;25;26;27;28;29
B,24.05,p_hist,0.00041451528596382674,0.0003353501304664781,0.001063840450744469,30,0;1;2;3;4;5;6;7;8;9;10;11;12;13;14;15;16;17;18;19;20;21;22;23;24;25;26;27;28;29
B,24.060000000000002,p_hist,0.00035369871682346067,0.0003353501304664781,0.0005152189251463266,30,0;1;2;3;4;5;6;7;8;9;10;11;12;13;14;15;16;17;18;19;20;21;22;23;24;25;26;27;28;29
B,24.07,p_hist,0.0013618172655587189,0.0003353501304664781,0.008838232857094397,30,0;1;2;3;4;5;6;7;8;9;10;11;12;13;14;15;16;17;18;19;20;21;22;23;24;25;26;27;28;29
B,24.080000000000002,p_hist,0.0006006125359350398,0.0003353501304664781,0.0025685009845471435,30,0;1;2;3;4;5;6;7;8;9;10;11;12;13;14;15;16;17;18;19;20;21;22;23;24;25;26;27;28;29
B,24.09,p_hist,0.0003755349643117211,0.0003353501304664781,0.0006668750096897325,30,0;1;2;3;4;5;6;7;8;9;10;11;12;13;14;15;16;17;18;19;20;21;22;23;24;25;26;27;28;29
B,24.1,p_hist,0.00033535013046647795,0.0003353501304664781,0.0003353501304664781,30,0;1;2;3;4;5;6;7;8;9;10;11;12;13;14;15;16;17;18;19;20;21;22;23;24;25;26;27;28;29
B,24.11,p_hist,0.0003903333644790428,0.0003353501304664781,0.0009834048628466418,30,0;1;2;3;4;5;6;7;8;9;10;11;12;13;14;15;16;17;18;19;20;21;22;23;24;25;26;27;28;29
B,24.12,p_hist,0.0003638209276157151,0.0003353501304664781,0.0006325128195564649,30,0;1;2;3;4;5;6;7;8;9;10;11;12;13;14;15;16;17;18;19;20;21;22;23;24;25;26;27;28;29
B,24.13,p_hist,0.00037319406478166287,0.0003353501304664781,0.0006475625885667524,30,0;1;2;3;4;5;6;7;8;9;10;11;12;13;14;15;16;17;18;19;20;21;22;23;24;25;26;27;28;29
B,24.14,p_hist,0.00036660020211831624,0.0003353501304664781,0.0006664733972512212,30,0;1;2;3;4;5;6;7;8;9;10;11;12;13;14;15;16;17;18;19;20;21;22;23;24;25;26;27;28;29
B,24.150000000000002,p_hist,0.0003551883422989006,0.0003353501304664781,0.0005644263914945648,30,0;1;2;3;4;5;6;7;8;9;10;11;12;13;14;15;16;17;18;19;20;21;22;23;24;25;26;27;28;29
B,24.16,p_hist,0.0003545644003904313,0.0003353501304664781,0.0005578185380553508,30,0;1;2;3;4;5;6;7;8;9;10;11;12;13;14;15;16;17;18;19;20;21;22;23;24;25;26;27;28;29
B,24.17,p_hist,0.00039400455577966414,0.0003353501304664781,0.0009709038683099259,30,0;1;2;3;4;5;6;7;8;9;10;11;12;13;14;15;16;17;18;19;20;21;22;23;24;25;26;27;28;29
B,24.18,p_hist,0.00041171812984406133,0.0003353501304664781,0.001140518602094901,30,0;1;2;3;4;5;6;7;8;9;10;11;12;13;14;15;16;17;18;19;20;21;22;23;24;25;26;27;28;29
B,24.19,p_hist,0.00034757452828398726,0.0003353501304664781,0.0004540601085464103,30,0;1;2;3;4;5;6;7;8;9;10;11;12;13;14;15;16;17;18;19;20;21;22;23;24;25;26;27;28;29
B,24.2,p_hist,0.0003839978714096023,0.0003353501304664781,0.000902993011490148,30,0;1;2;3;4;5;6;7;8;9;10;11;12;13;14;15;16;17;18;19;20;21;22;23;24;25;26;27;28;29
B,24.21,p_hist,0.00035890506122803763,0.0003353501304664781,0.0005789196951601163,30,0;1;2;3;4;5;6;7;8;9;10;11;12;13;14;15;16;17;18;19;20;21;22;23;24;25;26;27;28;29
B,24.22,p_hist,0.0003452314525167531,0.0003353501304664781,0.00045789326539983494,30,0;1;2;3;4;5;6;7;8;9;10;11;12;13;14;15;16;17;18;19;20;21;22;23;24;25;26;27;28;29
B,24.23,p_hist,0.00035127755242453,0.0003353501304664781,0.0005028747171449075,30,0;1;2;3;4;5;6;7;8;9;10;11;12;13;14;15;16;17;18;19;20;21;22;23;24;25;26;27;28;29
B,24.240000000000002,p_hist,0.0003579742729432313,0.0003353501304664781,0.0005219993058996923,30,0;1;2;3;4;5;6;7;8;9;10;11;12;13;14;15;16;17;18;19;20;21;22;23;24;25;26;27;28;29
B,24.25,p_hist,0.000478084108173898,0.0003353501304664781,0.0019781904901456015,30,0;1;2;3;4;5;6;7;8;9;10;11;12;13;14;15;16;17;18;19;20;21;22;23;24;25;26;27;28;29
B,24.26,p_hist,0.0003734529083051384,0.0003353501304664781,0.0008175527813136551,30,0;1;2;3;4;5;6;7;8;9;10;11;12;13;14;15;16;17;18;19;20;21;22;23;24;25;26;27;28;29
B,24.27,p_hist,0.0005740544698301039,0.0003353501304664781,0.0026572574792551743,30,0;1;2;3;4;5;6;7;8;9;10;11;12;13;14;15;16;17;18;19;20;21;22;23;24;25;26;27;28;29
B,24.28,p_hist,0.0011104722995718553,0.0003353501304664781,0.006827537528439186,30,0;1;2;3;4;5;6;7;8;9;10;11;12;13;14;15;16;17;18;19;20;21;22;23;24;25;26;27;28;29
B,24.29,p_hist,0.0005526982279508749,0.0003353501304664781,0.002314097004701811,30,0;1;2;3;4;5;6;7;8;9;10;11;12;13;14;15;16;17;18;19;20;21;22;23;24;25;26;27;28;29
B,24.3,p_hist,0.0003801459687051995,0.0003353501304664781,0.0008708414194745518,30,0;1;2;3;4;5;6;7;8;9;10;11;12;13;14;15;16;17;18;19;20;21;22;23;24;25;26;27;28;29
B,24.310000000000002,p_hist,0.0013472190997772119,0.0003353501304664781,0.008804058213071704,30,0;1;2;3;4;5;6;7;8;9;10;11;12;13;14;15;16;17;18;19;20;21;22;23;24;25;26;27;28;29
B,24.32,p_hist,0.0006044673647929177,0.0003353501304664781,0.003744215167192713,30,0;1;2;3;4;5;6;7;8;9;10;11;12;13;14;15;16;17;18;19;20;21;22;23;24;25;26;27;28;29
B,24.330000000000002,p_hist,0.00037326039115869163,0.0003353501304664781,0.0007284337222627944,30,0;1;2;3;4;5;6;7;8;9;10;11;12;13;14;15;16;17;18;19;20;21;22;23;24;25;26;27;28;29
B,24.34,p_hist,0.00033535013046647795,0.0003353501304664781,0.0003353501304664781,30,0;1;2;3;4;5;6;7;8;9;10;11;12;13;14;15;16;17;18;19;20;21;22;23;24;25;26;27;28;29
B,24.35,p_hist,0.0003436263676512288,0.0003353501304664781,0.00040362908724067255,30,0;1;2;3;4;5;6;7;8;9;10;11;12;13;14;15;16;17;18;19;20;21;22;23;24;25;26;27;28;29
B,24.36,p_hist,0.0003513758880915196,0.0003353501304664781,0.0005321552276301202,30,0;1;2;3;4;5;6;7;8;9;10;11;12;13;14;15;16;17;18;19;20;21;22;23;24;25;26;27;28;29
B,24.37,p_hist,0.00033535013046647795,0.0003353501304664781,0.0003353501304664781,30,0;1;2;3;4;5;6;7;8;9;10;11;12;13;14;15;16;17;18;19;20;21;22;23;24;25;26;27;28;29
B,24.38,p_hist,0.00034406045376125696,0.0003353501304664781,0.0004642322791119386,30,0;1;2;3;4;5;6;7;8;9;10;11;12;13;14;15;16;17;18;19;20;21;22;23;24;25;26;27;28;29
B,24.39,p_hist,0.0003462023021628446,0.0003353501304664781,0.0004248805469615021,30,0;1;2;3;4;5;6;7;8;9;10;11;12;13;14;15;16;17;18;19;20;21;22;23;24;25;26;27;28;29
B,24.400000000000002,p_hist,0.00035165641713348476,0.0003353501304664781,0.00047816007097530944,30,0;1;2;3;4;5;6;7;8;9;10;11;12;13;14;15;16;17;18;19;20;21;22;23;24;25;26;27;28;29
B,24.41,p_hist,0.00035473074515767156,0.0003353501304664781,0.0006063847720160373,30,0;1;2;3;4;5;6;7;8;9;10;11;12;13;14;15;16;17;18;19;20;21;22;23;24;25;26;27;28;29
B,24.42,p_hist,0.0003620509095164092,0.0003353501304664781,0.0006058016160121318,30,0;1;2;3;4;5;6;7;8;9;10;11;12;13;14;15;16;17;18;19;20;21;22;23;24;25;26;27;28;29
B,24.43,p_hist,0.0003413663733181482,0.0003353501304664781,0.0003849841339927574,30,0;1;2;3;4;5;6;7;8;9;10;11;12;13;14;15;16;17;18;19;20;21;22;23;24;25;26;27;28;29
B,24.44,p_hist,0.00043125514675377956,0.0003353501304664781,0.0012255857033646187,30,0;1;2;3;4;5;6;7;8;9;10;11;12;13;14;15;16;17;18;19;20;21;22;23;24;25;26;27;28;29
B,24.45,p_hist,0.0004027550730038149,0.0003353501304664781,0.0009444378889090237,30,0;1;2;3;4;5;6;7;8;9;10;11;12;13;14;15;16;17;18;19;20;21;22;23;24;25;26;27;28;29
B,24.46,p_hist,0.00034405759645916097,0.0003353501304664781,0.00043696961485056103,30,0;1;2;3;4;5;6;7;8;9;10;11;12;13;14;15;16;17;18;19;20;21;22;23;24;25;26;27;28;29
B,24.47,p_hist,0.0003438049099225867,0.0003353501304664781,0.00040510206097937515,30,0;1;2;3;4;5;6;7;8;9;10;11;12;13;14;15;16;17;18;19;20;21;22;23;24;25;26;27;28;29
B,24.48,p_hist,0.00039535859853428193,0.0003353501304664781,0.0010535280595125663,30,0;1;2;3;4;5;6;7;8;9;10;11;12;13;14;15;16;17;18;19;20;21;22;23;24;25;26;27;28;29
B,24.490000000000002,p_hist,0.00037731003199953286,0.0003353501304664781,0.0006913703239015696,30,0;1;2;3;4;5;6;7;8;9;10;11;12;13;14;15;16;17;18;19;20;21;22;23;24;25;26;27;28;29
B,24.5,p_hist,0.0003590316569539939,0.0003353501304664781,0.0006337151274565663,30,0;1;2;3;4;5;6;7;8;9;10;11;12;13;14;15;16;17;18;19;20;21;22;23;24;25;26;27;28;29
B,24.51,p_hist,0.0004278197709246461,0.0003353501304664781,0.0012565904845405656,30,0;1;2;3;4;5;6;7;8;9;10;11;12;13;14;15;16;17;18;19;20;21;22;23;24;25;26;27;28;29
B,24.52,p_hist,0.0005045163050941997,0.0003353501304664781,0.0018435113132778589,30,0;1;2;3;4;5;6;7;8;9;10;11;12;13;14;15;16;17;18;19;20;21;22;23;24;25;26;27;28;29
B,24.53,p_hist,0.000565554621785588,0.0003353501304664781,0.003723825507427548,30,0;1;2;3;4;5;6;7;8;9;10;11;12;13;14;15;16;17;18;19;20;21;22;23;24;25;26;27;28;29
B,24.54,p_hist,0.0004386049382081194,0.0003353501304664781,0.001135030748564357,30,0;1;2;3;4;5;6;7;8;9;10;11;12;13;14;15;16;17;18;19;20;21;22;23;24;25;26;27;28;29
B,24.55,p_hist,0.00037288947105641463,0.0003353501304664781,0.0007704519907585122,30,0;1;2;3;4;5;6;7;8;9;10;11;12;13;14;15;16;17;18;19;20;21;22;23;24;25;26;27;28;29
B,24.560000000000002,p_hist,0.0003604554194667538,0.0003353501304664781,0.0006132315530613753,30,0;1;2;3;4;5;6;7;8;9;10;11;12;13;14;15;16;17;18;19;20;21;22;23;24;25;26;27;28;29
B,24.57,p_hist,0.00037105317042428567,0.0003353501304664781,0.0007002773264286548,30,0;1;2;3;4;5;6;7;8;9;10;11;12;13;14;15;16;17;18;19;20;21;22;23;24;25;26;27;28;29
B,24.580000000000002,p_hist,0.000759541665490053,0.0003353501304664781,0.003968761162995433,30,0;1;2;3;4;5;6;7;8;9;10;11;12;13;14;15;16;17;18;19;20;21;22;23;24;25;26;27;28;29
B,24.59,p_hist,0.0009164205369980142,0.0003353501304664781,0.005129180984351619,30,0;1;2;3;4;5;6;7;8;9;10;11;12;13;14;15;16;17;18;19;20;21;22;23;24;25;26;27;28;29
B,24.6,p_hist,0.0004908584416667986,0.0003353501304664781,0.002321931961449483,30,0;1;2;3;4;5;6;7;8;9;10;11;12;13;14;15;16;17;18;19;20;21;22;23;24;25;26;27;28;29
B,24.61,p_hist,0.0008530113260918085,0.0003353501304664781,0.004879337063721925,30,0;1;2;3;4;5;6;7;8;9;10;11;12;13;14;15;16;17;18;19;20;21;22;23;24;25;26;27;28;29
B,24.62,p_hist,0.0004676847606367498,0.0003353501304664781,0.0017542984244862934,30,0;1;2;3;4;5;6;7;8;9;10;11;12;13;14;15;16;17;18;19;20;21;22;23;24;25;26;27;28;29
B,24.63,p_hist,0.0004159240435627235,0.0003353501304664781,0.0010092810319442063,30,0;1;2;3;4;5;6;7;8;9;10;11;12;13;14;15;16;17;18;19;20;21;22;23;24;25;26;27;28;29
B,24.64,p_hist,0.00033666859094529263,0.0003353501304664781,0.000346227429416699,30,0;1;2;3;4;5;6;7;8;9;10;11;12;13;14;15;16;17;18;19;20;21;22;23;24;25;26;27;28;29
B,24.650000000000002,p_hist,0.0003382340024670494,0.0003353501304664781,0.00035914207447119187,30,0;1;2;3;4;5;6;7;8;9;10;11;12;13;14;15;16;17;18;19;20;21;22;23;24;25;26;27;28;29
B,24.66,p_hist,0.0003714657503924844,0.0003353501304664781,0.0008552414597785511,30,0;1;2;3;4;5;6;7;8;9;10;11;12;13;14;15;16;17;18;19;20;21;22;23;24;25;26;27;28;29
B,24.67,p_hist,0.00039956545720900346,0.0003353501304664781,0.0008977219004430948,30,0;1;2;3;4;5;6;7;8;9;10;11;12;13;14;15;16;17;18;19;20;21;22;23;24;25;26;27;28;29
B,24.68,p_hist,0.00034384131708740966,0.0003353501304664781,0.0004374215358465314,30,0;1;2;3;4;5;6;7;8;9;10;11;12;13;14;15;16;17;18;19;20;21;22;23;24;25;26;27;28;29
B,24.69,p_hist,0.0005884772571278624,0.0003353501304664781,0.0024481151497269815,30,0;1;2;3;4;5;6;7;8;9;10;11;12;13;14;15;16;17;18;19;20;21;22;23;24;25;26;27;28;29
B,24.7,p_hist,0.00040927208803082305,0.0003353501304664781,0.0009452062803723224,30,0;1;2;3;4;5;6;7;8;9;10;11;12;13;14;15;16;17;18;19;20;21;22;23;24;25;26;27;28;29
B,24.71,p_hist,0.00035909152618191745,0.0003353501304664781,0.0005312166451188532,30,0;1;2;3;4;5;6;7;8;9;10;11;12;13;14;15;16;17;18;19;20;21;22;23;24;25;26;27;28;29
B,24.72,p_hist,0.0003585154510249762,0.0003353501304664781,0.0006025463984113567,30,0;1;2;3;4;5;6;7;8;9;10;11;12;13;14;15;16;17;18;19;20;21;22;23;24;25;26;27;28;29
B,24.73,p_hist,0.00033535013046647795,0.0003353501304664781,0.0003353501304664781,30,0;1;2;3;4;5;6;7;8;9;10;11;12;13;14;15;16;17;18;19;20;21;22;23;24;25;26;27;28;29
B,24.740000000000002,p_hist,0.0003451941643848168,0.0003353501304664781,0.0004165634102927735,30,0;1;2;3;4;5;6;7;8;9;10;11;12;13;14;15;16;17;18;19;20;21;22;23;24;25;26;27;28;29
B,24.75,p_hist,0.00033535013046647795,0.0003353501304664781,0.0003353501304664781,30,0;1;2;3;4;5;6;7;8;9;10;11;12;13;14;15;16;17;18;19;20;21;22;23;24;25;26;27;28;29
B,24.76,p_hist,0.000336932653763055,0.0003353501304664781,0.00034840594766323877,30,0;1;2;3;4;5;6;7;8;9;10;11;12;13;14;15;16;17;18;19;20;21;22;23;24;25;26;27;28;29
B,24.77,p_hist,0.0003377463967641816,0.0003353501304664781,0.00036032676030153425,30,0;1;2;3;4;5;6;7;8;9;10;11;12;13;14;15;16;17;18;19;20;21;22;23;24;25;26;27;28;29
B,24.78,p_hist,0.00039234442901466454,0.0003353501304664781,0.0008055530934890152,30,0;1;2;3;4;5;6;7;8;9;10;11;12;13;14;15;16;17;18;19;20;21;22;23;24;25;26;27;28;29
B,24.79,p_hist,0.0003406911243754525,0.0003353501304664781,0.0003794133302155176,30,0;1;2;3;4;5;6;7;8;9;10;11;12;13;14;15;16;17;18;19;20;21;22;23;24;25;26;27;28;29
B,24.8,p_hist,0.00033535013046647795,0.0003353501304664781,0.0003353501304664781,30,0;1;2;3;4;5;6;7;8;9;10;11;12;13;14;15;16;17;18;19;20;21;22;23;24;25;26;27;28;29
B,24.810000000000002,p_hist,0.00041598054845445274,0.0003353501304664781,0.0010277351849063664,30,0;1;2;3;4;5;6;7;8;9;10;11;12;13;14;15;16;17;18;19;20;21;22;23;24;25;26;27;28;29
B,24.82,p_hist,0.0003439936654879791,0.0003353501304664781,0.00042404394296266095,30,0;1;2;3;4;5;6;7;8;9;10;11;12;13;14;15;16;17;18;19;20;21;22;23;24;25;26;27;28;29
B,24.830000000000002,p_hist,0.000377465253973892,0.0003353501304664781,0.0006827998994026422,30,0;1;2;3;4;5;6;7;8;9;10;11;12;13;14;15;16;17;18;19;20;21;22;23;24;25;26;27;28;29
B,24.84,p_hist,0.00033535013046647795,0.0003353501304664781,0.0003353501304664781,30,0;1;2;3;4;5;6;7;8;9;10;11;12;13;14;15;16;17;18;19;20;21;22;23;24;25;26;27;28;29
B,24.85,p_hist,0.00033535013046647795,0.0003353501304664781,0.0003353501304664781,30,0;1;2;3;4;5;6;7;8;9;10;11;12;13;14;15;16;17;18;19;20;21;22;23;24;25;26;27;28;29
B,24.86,p_hist,0.00033606417317619486,0.0003353501304664781,0.00034124098282164225,30,0;1;2;3;4;5;6;7;8;9;10;11;12;13;14;15;16;17;18;19;20;21;22;23;24;25;26;27;28;29
B,24.87,p_hist,0.0003432745972283963,0.0003353501304664781,0.0004077169903140245,30,0;1;2;3;4;5;6;7;8;9;10;11;12;13;14;15;16;17;18;19;20;21;22;23;24;25;26;27;28;29
B,24.88,p_hist,0.0004252610030515372,0.0003353501304664781,0.001284967643715813,30,0;1;2;3;4;5;6;7;8;9;10;11;12;13;14;15;16;17;18;19;20;21;22;23;24;25;26;27;28;29
B,24.89,p_hist,0.00044462863841883394,0.0003353501304664781,0.0015356362804667808,30,0;1;2;3;4;5;6;7;8;9;10;11;12;13;14;15;16;17;18;19;20;21;22;23;24;25;26;27;28;29
B,24.900000000000002,p_hist,0.0003438706111833007,0.0003353501304664781,0.0004621352296927336,30,0;1;2;3;4;5;6;7;8;9;10;11;12;13;14;15;16;17;18;19;20;21;22;23;24;25;26;27;28;29
B,24.91,p_hist,0.0005179489234441172,0.0003353501304664781,0.0019354483995102155,30,0;1;2;3;4;5;6;7;8;9;10;11;12;13;14;15;16;17;18;19;20;21;22;23;24;25;26;27;28;29
B,24.92,p_hist,0.00036204126916349164,0.0003353501304664781,0.0005872983531129419,30,0;1;2;3;4;5;6;7;8;9;10;11;12;13;14;15;16;17;18;19;20;21;22;23;24;25;26;27;28;29
B,24.93,p_hist,0.0004052385057320128,0.0003353501304664781,0.0009504093700014806,30,0;1;2;3;4;5;6;7;8;9;10;11;12;13;14;15;16;17;18;19;20;21;22;23;24;25;26;27;28;29
B,24.94,p_hist,0.00034415502237450726,0.0003353501304664781,0.00046056630519100114,30,0;1;2;3;4;5;6;7;8;9;10;11;12;13;14;15;16;17;18;19;20;21;22;23;24;25;26;27;28;29
B,24.95,p_hist,0.000337484914354004,0.0003353501304664781,0.00035296209753856816,30,0;1;2;3;4;5;6;7;8;9;10;11;12;13;14;15;16;17;18;19;20;21;22;23;24;25;26;27;28;29
B,24.96,p_hist,0.00033535013046647795,0.0003353501304664781,0.0003353501304664781,30,0;1;2;3;4;5;6;7;8;9;10;11;12;13;14;15;16;17;18;19;20;21;22;23;24;25;26;27;28;29
B,24.97,p_hist,0.00033865742394548583,0.0003353501304664781,0.00038445127385790387,30,0;1;2;3;4;5;6;7;8;9;10;11;12;13;14;15;16;17;18;19;20;21;22;23;24;25;26;27;28;29
B,24.98,p_hist,0.00037312804644319697,0.0003353501304664781,0.0007124738729507479,30,0;1;2;3;4;5;6;7;8;9;10;11;12;13;14;15;16;17;18;19;20;21;22;23;24;25;26;27;28;29
B,24.990000000000002,p_hist,0.0003575517042490508,0.0003353501304664781,0.0005284274902457658,30,0;1;2;3;4;5;6;7;8;9;10;11;12;13;14;15;16;17;18;19;20;21;22;23;24;25;26;27;28;29
