raw_effects,type,val,noise,gain,delay_steps,bias,mean_effect,median_effect,sd_effect,se_effect,ci_lower,ci_upper,n_predicted,prop_predicted,relative_to_ref,excludes_zero
"[0.01991937278486263, 0.02247283321937412, 0.038736721285239674, 0.0458890287805532, 0.007927389785629353, 0.06513921043559862, 0.016420972387604114, 0.03659918474400091, 0.02555573024766021, 0.04236296434109702, 0.027879012523499315, 0.019257858739310213, -0.004031907007290246, 0.014013979444290503, 0.025618524175841734, 0.0235857442244606, 0.02689540826791529, 0.03439204543031107, 0.03059525953136491, 0.037581953976058714, 0.022868922367270228, 0.02881533706761965, 0.029623593828721574, 0.046826233283899864, 0.021432238049712532, 0.03132340909191868, 0.006975368369169434, 0.018608443364740018, 0.020144157304648753, 0.02651589550777317, 0.04547917316667982, 0.033978431933246594, 0.02822334707557215, 0.015298101912877761, 0.03493668525101753, 0.028965677550943023, 0.023318268649883553, 0.028519504569696166, 0.03722081513776049, 0.02614333474964004, 0.023876669935034435, 0.0227423999472424, 0.032980587617381, 0.017369448477316245, 0.026205882594849017, 0.028614520688486737, 0.038774424608057606, 0.03419902974573208, 0.027133084530913537, 0.0214210518329645]",noise,0,0.0,1.0,0,0.0,0.02770690651056301,0.027014246399414413,0.011200533378570743,0.0015839946209787288,0.024642559247807234,0.030605977518137362,49,0.98,1.0,True
"[0.019856459756569127, 0.02247932587532539, 0.038690012123907144, 0.0457787116054716, 0.007914274813316267, 0.06520536977976107, 0.016365034856600714, 0.03666376667165158, 0.0254646203747306, 0.04226558643370643, 0.027889572860403375, 0.019316675859263284, -0.003918740283465047, 0.014088358697283095, 0.025572065434709468, 0.023510626947156117, 0.026786286360470583, 0.03446855783619395, 0.030561724989827975, 0.037761201082694616, 0.022958419449305455, 0.028852210490851696, 0.029566790022040393, 0.04683124978114187, 0.021373076947765517, 0.03142098788383646, 0.0068544622000024785, 0.018715818215184213, 0.020009300992188422, 0.026564467497720505, 0.04557180077657224, 0.03392889785716875, 0.028162589483436702, 0.01525194858331616, 0.03489084066069451, 0.028838264073872494, 0.02337137628585631, 0.028472858644543318, 0.03743692153962982, 0.026166977706690873, 0.023796011457200963, 0.02273166113183827, 0.032931342521264645, 0.017296470007120764, 0.026287518335116403, 0.02853219040510776, 0.038701168805224555, 0.034272771481844384, 0.027182904484562218, 0.021388666382877418]",noise,2.5,0.0027265566522113207,1.0,0,0.0,0.027701589123591063,0.0269845954225164,0.011209156154416996,0.0015852140656334361,0.02464329885288924,0.030606004377419293,49,0.98,0.9998080844222029,True
"[0.01978642593587751, 0.022478995487936436, 0.03863397751923973, 0.045657302424478505, 0.007897428073236172, 0.06525863718421768, 0.016302188267191063, 0.03672027921309011, 0.025365130407765765, 0.04215847937779419, 0.027892264311038167, 0.01936879154512687, -0.0038071634591191617, 0.014155212070415014, 0.025518285596063728, 0.023428488347915888, 0.026666959971824243, 0.03453478261919469, 0.030520210897388364, 0.03793006753162769, 0.023041864684780228, 0.028881226013005412, 0.029501590722467552, 0.04682601672660611, 0.021306054077408272, 0.031510561389429884, 0.006729523850669203, 0.018818221298388088, 0.01986651547791144, 0.026606221019152415, 0.04565447260515926, 0.03387277586323728, 0.028092309398145207, 0.015200126822253586, 0.03483582532652667, 0.028701079296334198, 0.023418138776439792, 0.02841601820127248, 0.03764246579986878, 0.026183077470916152, 0.023708502022072905, 0.022714112537914027, 0.03287339660299267, 0.01721699301830225, 0.026361516090758666, 0.02844209946214734, 0.0386167771378641, 0.034339751004474665, 0.02722544181667102, 0.021348850206393447]",noise,5,0.0054531133044226415,1.0,0,0.0,0.02768836536083731,0.02694620089424763,0.01121661583440682,0.0015862690236946935,0.024628781173467368,0.030597626432527582,49,0.98,0.9993308112647427,True
"[0.019625452130173568, 0.02245773340840429, 0.03849426523296673, 0.04538142503547674, 0.007852514141733796, 0.06532643009235797, 0.01615600834592021, 0.036808914419716995, 0.025141179694469447, 0.04191535069259486, 0.02787434217087574, 0.01945278291486019, -0.0035891532262376444, 0.014266052394161982, 0.025389150764175153, 0.023243540669259204, 0.026397890815946068, 0.03463646218240673, 0.030413162193150982, 0.038236482496721534, 0.02319035564082953, 0.028915773652375132, 0.02934612042638928, 0.04678441176632761, 0.0211486723342285, 0.03166559113758913, 0.00646808530753671, 0.019007862773632443, 0.01955763031651879, 0.026669007605721294, 0.04579007352595378, 0.033740912152836186, 0.0279232271341191, 0.015079554260235453, 0.03469823832966277, 0.028397828266468667, 0.023492459129507398, 0.028272126506840904, 0.038021151523386275, 0.026192459332140067, 0.02351283852313469, 0.02265885098537246, 0.03273169033343692, 0.017038411775986896, 0.026486463931379794, 0.028238930132413034, 0.03841503277811809, 0.03445337046315927, 0.0272886200738724, 0.02124669734187811]",noise,10,0.010906226608845283,1.0,0,0.0,0.027638248680603706,0.026978813839796847,0.011228064329477741,0.0015878880853944994,0.024584291009840158,0.030551309247180525,49,0.98,0.9975219958268121,True
"[0.019223844000370506, 0.022332694948778944, 0.03810748258143732, 0.0447000758577898, 0.007717996992185311, 0.06530783648019645, 0.015784270277095815, 0.036888043733042955, 0.02459555655538883, 0.041316111441954656, 0.027748055547213574, 0.019539550175347392, -0.0031761506872408363, 0.014395445303435783, 0.025047920800160564, 0.022794409862553502, 0.025740858495204993, 0.03471849241361359, 0.030103222126153913, 0.03872397088341729, 0.02341251667417347, 0.028892356037852944, 0.028936526423735155, 0.04657488088971291, 0.020743283731084715, 0.031879202230691905, 0.005903145353605463, 0.01932516415844006, 0.01885085169803239, 0.026710441032557333, 0.045944058654656075, 0.033400183864039173, 0.02747247111276154, 0.014771841383044784, 0.03431349846825662, 0.027680000550223308, 0.023563668763524434, 0.027867326666814227, 0.03864517051638489, 0.026119425105882707, 0.023038947187691, 0.02247017049969134, 0.03234790403433665, 0.016602515168267766, 0.02664405398246847, 0.02774344204883729, 0.03788405689153425, 0.034599437705426506, 0.027327770188470366, 0.020951589333506042]",noise,20,0.021812453217690566,1.0,0,0.0,0.027444511762876083,0.02701910561051385,0.01123730338216229,0.0015891946847554962,0.02436953049962816,0.030356878829986545,49,0.98,0.990529626698423,True
"[0.0181427306105617, 0.021762329355603197, 0.03694156628705525, 0.04285549886275401, 0.007276114360410174, 0.06467789429698692, 0.014754770548777031, 0.03665942339896802, 0.023144182668474476, 0.03969891263264184, 0.027164278236340003, 0.01939704125596331, -0.0024580808120354264, 0.014295694354770641, 0.0240678665989692, 0.021614016217314097, 0.023992602173584343, 0.03442652019273947, 0.02911389923309151, 0.03921290462977116, 0.023556021143519207, 0.028497250635851817, 0.027747694291167087, 0.045651770066787015, 0.01960364691257894, 0.031931658661950024, 0.004642661416265244, 0.01970783107048711, 0.017126666535669098, 0.026456168838000622, 0.04580892361474098, 0.03242898019538143, 0.026149307021397505, 0.013907369549607945, 0.0331242875203555, 0.025847644773473503, 0.02340006871936748, 0.026635673374933187, 0.03934979659103818, 0.025613729712791022, 0.02177124396413606, 0.021808012332839993, 0.031213012152821004, 0.015425068848854931, 0.026600105454438958, 0.026427902968133826, 0.036361672932227786, 0.034575654276930226, 0.02707048808748609, 0.020004946817632527]",noise,40,0.04362490643538113,1.0,0,0.0,0.026703708471672104,0.026288604994765666,0.011204300442834273,0.0015845273643159104,0.023614712388839332,0.029621185585453673,49,0.98,0.9637924920088626,True
"[0.021701567996689278, 0.016689585409692745, 0.03110119369448293, 0.045652628224119876, 0.01588699449727648, 0.06796241310600745, 0.02284835027463116, 0.030880655934330023, 0.02917982638573271, 0.040196375884220925, 0.028213722913386495, 0.0236356389797214, 0.005595603124299797, 0.013463178745503714, 0.02384322943061739, 0.021152117370429095, 0.029988241051437894, 0.024583618174636224, 0.01920666327745068, 0.04139696389633904, 0.025985006164077937, 0.021176328760329204, 0.03228185578105388, 0.03992605577505706, 0.01845595644940041, 0.03100763683967131, 0.011069546981178124, 0.024183639816901387, 0.02318338153616365, 0.03224383665781087, 0.04187504987502726, 0.03114297258502502, 0.027674211622729768, 0.017706628076464573, 0.03557319720995425, 0.028001572533533102, 0.030990445134044933, 0.023002967427989518, 0.03456500705146029, 0.028706493791746474, 0.027382629326766772, 0.027446502712623923, 0.03758171123675057, 0.020031410469596916, 0.022395045329828764, 0.030012200901002734, 0.04068601868149587, 0.03192121773036734, 0.031630243729672235, 0.02588920573737439]",gain,0.8,0.0,0.8,0,0.0,0.028138130885922076,0.027837892078131435,0.009967953337959547,0.0014096814799644554,0.02548453120277161,0.030740814363023557,50,1.0,1.0155637864225178,True
"[0.021385859640991503, 0.02009040208358448, 0.03596335757403091, 0.04670630970348247, 0.012230332536573803, 0.06766251376866839, 0.020188650254610536, 0.034516770705044636, 0.02794421684835984, 0.042239446422741314, 0.028375690558864256, 0.022036317228498338, 0.0007999958346090186, 0.014268954892500872, 0.024973751224395505, 0.022893482175161982, 0.028984095864602356, 0.030148635934404276, 0.025736928561534825, 0.040192553576278794, 0.024811981094211538, 0.026123059558642733, 0.03190125457561143, 0.0440340047818462, 0.02040429768377356, 0.03191583167723944, 0.00934488961762863, 0.021673794130995974, 0.02193614173706227, 0.029752507657133068, 0.044950562811621096, 0.033025436413577185, 0.028570949183509553, 0.016714152258532157, 0.035665931967486214, 0.02898674261933821, 0.027483605808749048, 0.026347383921806314, 0.036149497299049295, 0.02785999601588012, 0.026296286480139507, 0.025760624176348335, 0.03598720456049572, 0.01911401488604078, 0.025039732011566472, 0.02979092377708205, 0.04030576027854621, 0.03386262742000995, 0.029954977501262282, 0.024194687142842237]",gain,0.9,0.0,0.9,0,0.0,0.028505942488739312,0.02790210643211998,0.01050398004494743,0.001485487103846101,0.02566770901963977,0.031205026457397884,50,1.0,1.0288388737252814,True
"[0.01991937278486263, 0.02247283321937412, 0.038736721285239674, 0.0458890287805532, 0.007927389785629353, 0.06513921043559862, 0.016420972387604114, 0.03659918474400091, 0.02555573024766021, 0.04236296434109702, 0.027879012523499315, 0.019257858739310213, -0.004031907007290246, 0.014013979444290503, 0.025618524175841734, 0.0235857442244606, 0.02689540826791529, 0.03439204543031107, 0.03059525953136491, 0.037581953976058714, 0.022868922367270228, 0.02881533706761965, 0.029623593828721574, 0.046826233283899864, 0.021432238049712532, 0.03132340909191868, 0.006975368369169434, 0.018608443364740018, 0.020144157304648753, 0.02651589550777317, 0.04547917316667982, 0.033978431933246594, 0.02822334707557215, 0.015298101912877761, 0.03493668525101753, 0.028965677550943023, 0.023318268649883553, 0.028519504569696166, 0.03722081513776049, 0.02614333474964004, 0.023876669935034435, 0.0227423999472424, 0.032980587617381, 0.017369448477316245, 0.026205882594849017, 0.028614520688486737, 0.038774424608057606, 0.03419902974573208, 0.027133084530913537, 0.0214210518329645]",gain,1.0,0.0,1.0,0,0.0,0.02770690651056301,0.027014246399414413,0.011200533378570743,0.0015839946209787288,0.024642559247807234,0.030605977518137362,49,0.98,1.0,True
"[0.017393255918423473, 0.02351423590407444, 0.03936530882974207, 0.04366460551552377, 0.003316688098898457, 0.06055280727183779, 0.012212169881217476, 0.03710334455892947, 0.021946244685421147, 0.040940801457796314, 0.02689071538937296, 0.015393415679359805, -0.008303616825403357, 0.012714691653604407, 0.025808267489998454, 0.023382650888707515, 0.023824064896045632, 0.03672526663558671, 0.033260937306400576, 0.033306823137372696, 0.02037105240087203, 0.029564460419587227, 0.025795402825869798, 0.048314630182340564, 0.021604508088444288, 0.029368327974260408, 0.004382839714461746, 0.015405852899306918, 0.01797968711608393, 0.022558345785111268, 0.043760548212834205, 0.034030594118532, 0.0268481244434624, 0.013581245453813437, 0.033544837767283855, 0.02786732561191462, 0.0186968704658598, 0.029151270713168913, 0.03762406278999279, 0.023859489585196167, 0.020104909289356487, 0.018591831678365513, 0.028615435017135482, 0.014997438473787275, 0.02620042124618842, 0.026477904739546775, 0.03594465018202732, 0.03330133825984649, 0.023568637843202393, 0.018033696768437246]",gain,1.1,0.0,1.1,0,0.0,0.025863168368783985,0.025801835157934126,0.01182974109782495,0.001672978029990643,0.022583908275079966,0.028906311736242602,49,0.98,0.9334556479238808,True
"[0.01428400973830321, 0.02340908713446624, 0.038570362420486184, 0.04070061860710175, -0.0012161582096722745, 0.05462912041279233, 0.008196798736392508, 0.036437588256133954, 0.017421678634277855, 0.038629124517086416, 0.02559465481127192, 0.010932229222270037, -0.011723468004016815, 0.010884140606698844, 0.025617558585557643, 0.022616228952349243, 0.020124891402622663, 0.037303714795791865, 0.03413249550593178, 0.027588178878346026, 0.01759033412304134, 0.029210998458247428, 0.0213304390042421, 0.0487444748052803, 0.02115131566644121, 0.02660161944118422, 0.0019443914852884242, 0.012372278102388334, 0.015638118720101096, 0.018013032391190814, 0.04079198992265405, 0.03338657138494874, 0.024860495394535165, 0.01170828006719167, 0.03172767308434127, 0.025925563015154134, 0.013880961395324395, 0.028448803256447552, 0.03728368596175463, 0.021328303785105404, 0.015462516641210858, 0.013928401654936834, 0.02333434896044328, 0.012323258567063733, 0.025514852136779273, 0.02361912795357414, 0.03197624903245552, 0.031729891799026314, 0.01973921796764269, 0.014542240575496274]",gain,1.2,0.0,1.2,0,0.0,0.02336484579515365,0.02337171804745476,0.012329380163212052,0.001743637664246829,0.01986428234453532,0.026605059880250217,48,0.96,0.8432859794811814,True
"[0.01991937278486263, 0.02247283321937412, 0.038736721285239674, 0.0458890287805532, 0.007927389785629353, 0.06513921043559862, 0.016420972387604114, 0.03659918474400091, 0.02555573024766021, 0.04236296434109702, 0.027879012523499315, 0.019257858739310213, -0.004031907007290246, 0.014013979444290503, 0.025618524175841734, 0.0235857442244606, 0.02689540826791529, 0.03439204543031107, 0.03059525953136491, 0.037581953976058714, 0.022868922367270228, 0.02881533706761965, 0.029623593828721574, 0.046826233283899864, 0.021432238049712532, 0.03132340909191868, 0.006975368369169434, 0.018608443364740018, 0.020144157304648753, 0.02651589550777317, 0.04547917316667982, 0.033978431933246594, 0.02822334707557215, 0.015298101912877761, 0.03493668525101753, 0.028965677550943023, 0.023318268649883553, 0.028519504569696166, 0.03722081513776049, 0.02614333474964004, 0.023876669935034435, 0.0227423999472424, 0.032980587617381, 0.017369448477316245, 0.026205882594849017, 0.028614520688486737, 0.038774424608057606, 0.03419902974573208, 0.027133084530913537, 0.0214210518329645]",delay,0,0.0,1.0,0,0.0,0.02770690651056301,0.027014246399414413,0.011200533378570743,0.0015839946209787288,0.024642559247807234,0.030605977518137362,49,0.98,1.0,True
"[0.018629548582311597, 0.02153826989488032, 0.03786004934636978, 0.044645921866107836, 0.006987268515531511, 0.06400976268002398, 0.01528759773494285, 0.03569399520617016, 0.024693588597982048, 0.04171669352767374, 0.026906345805033358, 0.01790837542778865, -0.005148508309265998, 0.012460045240527053, 0.02509590615293418, 0.022522165546453934, 0.025386959943957225, 0.03340721488946355, 0.029644945187447314, 0.03616219270657759, 0.022025381716801365, 0.02765418561323236, 0.0290800778327423, 0.04609794505258848, 0.020526389193151716, 0.03007817041220108, 0.005329976676802108, 0.01778356850443892, 0.019543657362735174, 0.025354459532289417, 0.04523690890106812, 0.032881100413005265, 0.0269222188770199, 0.014467585304819924, 0.03423261278345305, 0.027044627436635847, 0.02265624788570822, 0.027730678997901194, 0.035900177483381944, 0.025200644745687673, 0.02286607863678302, 0.02168799645209913, 0.031344749191699196, 0.01699395071181084, 0.025069555411221273, 0.02742622588267423, 0.038052369405169206, 0.033560218443966026, 0.025615371726709572, 0.019956764847798507]",delay,10,0.0,1.0,1,0.0,0.026674564679570113,0.0255011658353334,0.011257424085945121,0.0015920401819729132,0.02359951754989981,0.029602116148122287,49,0.98,0.9627406318132512,True
"[0.017338218033102107, 0.02058094840988242, 0.03693220880937907, 0.04336649969439895, 0.006072415801801262, 0.06283839320638675, 0.014157065401274892, 0.03476612241829842, 0.02381374973652156, 0.041036070805208276, 0.025929358914841855, 0.01654748321854642, -0.006221826629119222, 0.010891779892193455, 0.024564382165406934, 0.021433058911024552, 0.02387019875216404, 0.03238854568917607, 0.02866047158765337, 0.03470772944976797, 0.021172508429148168, 0.026468401904565966, 0.028529446589094794, 0.04533633450456926, 0.01960903342406474, 0.02882033345295859, 0.0037049591247814914, 0.016946339689112813, 0.018922325659812958, 0.024194829787616404, 0.04496524435009987, 0.03177966467363283, 0.02561247691695579, 0.013637041188543045, 0.03350813643724014, 0.025092098272507593, 0.022002369083412132, 0.026914140374564542, 0.03455398881092195, 0.024243807846242207, 0.021843018569678213, 0.020612230802256534, 0.029678707568354078, 0.016606690063697645, 0.023912241883413787, 0.02621132436614832, 0.03730904406078784, 0.03289336785637247, 0.024096060311636178, 0.018483519493893284]",delay,20,0.0,1.0,2,0.0,0.02562665119527986,0.02440409500582457,0.01131111422644591,0.0015996331144591065,0.022527809628557657,0.02856456113950989,49,0.98,0.9249192502060787,True
"[0.01477603774248818, 0.018610156822399797, 0.034932266567489975, 0.04071325417354607, 0.004328452127472987, 0.06038266500796924, 0.011921353917646788, 0.03284988732046813, 0.02201298902880438, 0.03957813506895467, 0.02397176437997975, 0.013813177935594188, -0.008230728704341404, 0.007738653197017956, 0.02347760209816528, 0.01919439489724492, 0.02083444944475482, 0.030257778021579244, 0.02659902625502191, 0.03171144525499286, 0.019451996745728117, 0.0240334548765163, 0.027414552978659606, 0.043717738079896325, 0.01775471176982464, 0.026279609642161028, 0.0005513408312048385, 0.015250017909260435, 0.017624624771673814, 0.021892803696929447, 0.04433490329700658, 0.029574740382495385, 0.02298478786181834, 0.011982681921605592, 0.032005355304811106, 0.021128739358610246, 0.020726569276704382, 0.025201540936026064, 0.031796762846233416, 0.022304164394367706, 0.01977223148819344, 0.018418874772341845, 0.026278948155534124, 0.015801751910416183, 0.021546416298984475, 0.023715550524158725, 0.035771832653482404, 0.03148799018880925, 0.021078042245048598, 0.015532800893757873]",delay,40,0.0,1.0,4,0.0,0.0234977659313902,0.022158576711586043,0.011406211167694656,0.001613081852864524,0.020398333138446856,0.02646115159229452,49,0.98,0.8480833442171499,True
"[0.0098671821672617, 0.014528192176619686, 0.0304466490329236, 0.0351365723373836, 0.0012247986827835927, 0.05512398717131624, 0.007654090557003529, 0.02883267835879287, 0.018330128811303817, 0.036339501737365915, 0.020100205132770804, 0.008428650813239486, -0.011671556903357375, 0.0015313045548299015, 0.0212355192808754, 0.014588840209125362, 0.014885528826404003, 0.025691484943273835, 0.022174958578301228, 0.02548251606166122, 0.01604206948763394, 0.01898351970711455, 0.025177379989028248, 0.04013929175329356, 0.014053852656133611, 0.021181652308442975, -0.005190455743864911, 0.01186328360715827, 0.014865869235828041, 0.01743360643325098, 0.04274123119881945, 0.025218437130785434, 0.01780639245208851, 0.008745970132445005, 0.028849437859191848, 0.01320827783154066, 0.018346247887226386, 0.021504005073240594, 0.026107639551258277, 0.018420176914907577, 0.01562369042027656, 0.013996654439449516, 0.019374651028377265, 0.014094505130661017, 0.016692489428669896, 0.018550630369365592, 0.032583466253673435, 0.028456200680968255, 0.015269545402305018, 0.009757221810740305]",delay,80,0.0,1.0,8,0.0,0.01919656345919777,0.0183381883492651,0.011534751853198955,0.0016312602509402155,0.016009487285916845,0.02213547539114598,48,0.96,0.6928439828487981,True
"[0.005399271746151929, 0.010409214511998097, 0.025500492760664517, 0.029389661576090187, -0.001355283928450482, 0.04958426573558483, 0.003780596643227524, 0.024667685280571006, 0.014692539047220635, 0.032798559356683646, 0.016358098370145457, 0.003384627661053047, -0.014368386455504159, -0.004274459191692219, 0.018952649216432985, 0.010010719438086957, 0.009304278986045036, 0.020860518791511767, 0.01748924569826786, 0.01916406798954093, 0.01279377088004209, 0.013836470405853923, 0.023004685955496332, 0.03620780269267372, 0.010470907894524081, 0.016189812140007434, -0.00999723769901497, 0.008627674421016002, 0.01199819635407888, 0.01327668958640818, 0.040744795922102325, 0.021019052555726683, 0.012903864135446946, 0.005667757288690706, 0.025604623586559627, 0.00567097648730433, 0.01625497239547667, 0.01756111086456645, 0.02034757557689436, 0.014658920030570718, 0.011619312187464023, 0.009734115831649931, 0.012630126354146468, 0.01231311164182379, 0.0118164259825244, 0.013332844906824848, 0.029389320403726035, 0.025225852701887888, 0.009962809285506344, 0.00435416068417338]",delay,120,0.0,1.0,12,0.0,0.01497937729375562,0.013304767246616514,0.011570196370233715,0.0016362728626104475,0.011809376240618539,0.017955219069399734,46,0.92,0.5406369450896609,True
"[0.01991937278486263, 0.02247283321937412, 0.038736721285239674, 0.0458890287805532, 0.007927389785629353, 0.06513921043559862, 0.016420972387604114, 0.03659918474400091, 0.02555573024766021, 0.04236296434109702, 0.027879012523499315, 0.019257858739310213, -0.004031907007290246, 0.014013979444290503, 0.025618524175841734, 0.0235857442244606, 0.02689540826791529, 0.03439204543031107, 0.03059525953136491, 0.037581953976058714, 0.022868922367270228, 0.02881533706761965, 0.029623593828721574, 0.046826233283899864, 0.021432238049712532, 0.03132340909191868, 0.006975368369169434, 0.018608443364740018, 0.020144157304648753, 0.02651589550777317, 0.04547917316667982, 0.033978431933246594, 0.02822334707557215, 0.015298101912877761, 0.03493668525101753, 0.028965677550943023, 0.023318268649883553, 0.028519504569696166, 0.03722081513776049, 0.02614333474964004, 0.023876669935034435, 0.0227423999472424, 0.032980587617381, 0.017369448477316245, 0.026205882594849017, 0.028614520688486737, 0.038774424608057606, 0.03419902974573208, 0.027133084530913537, 0.0214210518329645]",bias,0,0.0,1.0,0,0.0,0.02770690651056301,0.027014246399414413,0.011200533378570743,0.0015839946209787288,0.024642559247807234,0.030605977518137362,49,0.98,1.0,True
"[0.021132864057416968, 0.021468602361303907, 0.03979158744945844, 0.04820688290271359, 0.009646789308942992, 0.06449808988509348, 0.017829874977094318, 0.038030285590341995, 0.023570388732281997, 0.04376210116441133, 0.028680198368059046, 0.01882536246277544, -0.004800780667461604, 0.015094356884808577, 0.026764904447051666, 0.025396799171262058, 0.026670677534516816, 0.03375049655440302, 0.03203966602042153, 0.03690964118032443, 0.02367084319830061, 0.028121379072526646, 0.031915960451803276, 0.0488053718753199, 0.02335318794041153, 0.03340134600956038, 0.007068703934396098, 0.020381600255587315, 0.020205931213621957, 0.027568091250845903, 0.045987248930826355, 0.03401358541449592, 0.03136118177396355, 0.015804103289561486, 0.035668170358217496, 0.02948385207672967, 0.024630416007957, 0.028407999374216772, 0.037804607551631744, 0.027776461180245453, 0.02590444299036057, 0.02439415201065232, 0.03278202945191646, 0.016040153409044022, 0.027274485709515434, 0.028975435813404282, 0.03976243435656706, 0.03504478229181625, 0.029750865898286356, 0.022981162603714536]",bias,2.5,0.0,1.0,0,0.006023980706792765,0.02851217548161433,0.02794892012638605,0.01130956374440371,0.001599413843185877,0.025462310447494703,0.03147563200659832,49,0.98,1.029063835428337,True
"[0.018455659365272867, 0.023299166540348477, 0.03741429344574967, 0.04325085771400302, 0.006111645516313977, 0.06544465524645285, 0.014780364600790921, 0.034903228078984064, 0.027300349871610445, 0.0406570591403743, 0.02689616746422998, 0.019545989973817894, -0.00325319271411207, 0.012745455724448025, 0.024279001775521947, 0.021539341466050084, 0.026884668204979485, 0.034796006154797894, 0.02888721985903476, 0.03797122715447602, 0.0219169169265431, 0.029280491933093115, 0.02697885484501885, 0.04449776645233436, 0.019265222122247842, 0.028982319109922716, 0.006800419258230744, 0.016685554576186964, 0.01992892717845403, 0.025322623717196, 0.04470794189372216, 0.03374708948100198, 0.024694214769748937, 0.014675521921028611, 0.033994047698120616, 0.028210654617825917, 0.021866525758893307, 0.028418051222631496, 0.036364511531419334, 0.024287274848804073, 0.021532736484324383, 0.020898692731188696, 0.03294415157424657, 0.018573637807561452, 0.024955301436642943, 0.028035359269482182, 0.03750344433743408, 0.03312334205030157, 0.02414720579289887, 0.01972446118982392]",bias,-2.5,0.0,1.0,0,-0.006023980706792765,0.02667944854238947,0.026103645961087742,0.011143308936647842,0.001575901862792069,0.023575883231308208,0.029579458831204077,49,0.98,0.9629169006008726,True
"[0.022096993952446325, 0.020311666871787225, 0.04056468928954325, 0.05019283829033373, 0.011236907670523266, 0.06352882180763336, 0.019009755521816482, 0.039211034629648964, 0.021387117853409368, 0.04487230247137627, 0.029286340300610038, 0.018269538960041375, -0.005535759339620791, 0.015975689412713205, 0.02771600793400547, 0.026968209880898056, 0.026207578083578695, 0.03288799264141149, 0.03320153782025794, 0.03596866688058488, 0.02430578862470069, 0.02721494681395202, 0.0338822441432783, 0.05044970446598907, 0.0250170794725032, 0.03521059444265828, 0.007088701387740481, 0.021975449299587016, 0.020125921028735595, 0.028449123029042282, 0.04625189119490303, 0.033869769487542126, 0.03410720749751944, 0.016187862043710685, 0.036180131589227775, 0.029776095371869662, 0.025775990592556947, 0.0280992538980904, 0.03812680836847759, 0.029173693968883627, 0.027635602850094802, 0.02582002443098874, 0.03238131438430691, 0.014624831628359224, 0.028152936042520352, 0.029118049605507824, 0.04044672457963835, 0.03566073246956641, 0.0320092049076894, 0.024362943527017795]",bias,5,0.0,1.0,0,0.01204796141358553,0.029096771041593136,0.028301029535781317,0.011460228593712395,0.0016207210705124011,0.026009791264331263,0.032068024186383486,49,0.98,1.050163107545054,True
"[0.016763776842170675, 0.023935075318702904, 0.03585577234662504, 0.040321612929008994, 0.004241071587126596, 0.06542493586179542, 0.01292444377929744, 0.03293965573389025, 0.02878012976639538, 0.03864180012469096, 0.025755842906658888, 0.019678038059408605, -0.0024868326938459473, 0.01131927441153794, 0.022759860439213866, 0.01927669629678109, 0.026659593555961994, 0.03496123858606034, 0.026954453332444554, 0.03808329900679158, 0.020840458243263832, 0.02951728516431632, 0.02396944586180999, 0.041822737066186465, 0.016881648021337903, 0.026398352011762813, 0.006543045013544288, 0.01465233576787131, 0.019558614510154552, 0.024023763516597352, 0.043666322641443135, 0.03331188262340141, 0.020798295468882302, 0.013949938415863727, 0.032860528913725956, 0.02722446423999004, 0.02030922854719311, 0.028102494661337588, 0.03524271043973408, 0.02223616893724889, 0.018869253754406193, 0.0189106852399466, 0.03265317587745586, 0.019621069361596404, 0.02354180452962601, 0.027253442396118675, 0.03598946706000454, 0.031831339732575445, 0.02080726941642797, 0.017939559981710804]",bias,-5,0.0,1.0,0,-0.01204796141358553,0.025442330512125,0.02399660468920367,0.011147049149196014,0.0015764308087232472,0.02236726239322232,0.02836882283348397,49,0.98,0.918266732607819,True
"[0.02336423612715035, 0.01768264273243171, 0.04129831992635159, 0.05320455571897001, 0.013954256332946141, 0.060719069443747185, 0.02075738656954476, 0.040916283606477546, 0.016659040054282002, 0.04634517409511783, 0.029919281121696437, 0.016897092276268857, -0.006818471389628038, 0.017181355609628857, 0.02907110040511726, 0.029433736612811318, 0.024650350469811656, 0.030628064769327612, 0.03470344711456615, 0.033424417129970935, 0.02506033787872894, 0.024898140316449012, 0.036976074907961426, 0.05285059005732555, 0.027607291818798688, 0.03806229587337069, 0.006962103719905341, 0.024568376259104005, 0.019621072432650058, 0.02962619806555747, 0.046169148911426136, 0.03314416524273535, 0.03851132485946508, 0.016604551511178692, 0.03657236946086581, 0.029786013706340972, 0.027510590690237507, 0.027004760523416202, 0.03809716538958014, 0.031278024622555786, 0.03032961314712211, 0.027945813490222973, 0.03113441299158727, 0.0116986494571686, 0.029358255114691034, 0.028817646562332162, 0.04092927066774625, 0.03626252369069338, 0.0355579585111996, 0.026486966967930868]",bias,10,0.0,1.0,0,0.02409592282717106,0.029668460911498745,0.029529967339184393,0.01184570642039322,0.0016752358675610139,0.026499369979071017,0.03275113732266723,49,0.98,1.070796586410248,True
"[0.012890989375374237, 0.024651298585928454, 0.032215387468484284, 0.03378085143110973, 0.000516723382919762, 0.06452644905210235, 0.008734433627761683, 0.028271342262575903, 0.030945429051620836, 0.033764001879199736, 0.0231345950407469, 0.0194832785271966, -0.0010575905831409077, 0.008190194340321588, 0.019290358900440938, 0.014252099678331215, 0.025709020545292754, 0.03464256781265709, 0.022637598271942075, 0.03758373351296303, 0.018440535857574117, 0.02938106450763299, 0.016911331730702854, 0.03554215909249749, 0.011665581612929077, 0.02065338025903947, 0.005820045475373049, 0.010436642968445292, 0.01839977575217755, 0.02125423029486284, 0.04081696282134094, 0.03185548869436859, 0.012130455236402639, 0.012273583767864624, 0.03014604597743757, 0.024664155920720465, 0.017026845988979675, 0.026897475857013, 0.03231802031604889, 0.017720506076178227, 0.012682001713509104, 0.014722858530588898, 0.03131988182963115, 0.021179041550591894, 0.020346168832505257, 0.025204934557746618, 0.03244885820915731, 0.028714204986659594, 0.013251659346221863, 0.014294325964542248]",bias,-10,0.0,1.0,0,-0.02409592282717106,0.022453619717851436,0.021216635922727368,0.011362694958063562,0.0016069277314801876,0.019309470905819616,0.025426746394656814,49,0.98,0.8103979312627773,True
"[0.021701567996689278, 0.016689585409692745, 0.03110119369448293, 0.045652628224119876, 0.01588699449727648, 0.06796241310600745, 0.02284835027463116, 0.030880655934330023, 0.02917982638573271, 0.040196375884220925, 0.028213722913386495, 0.0236356389797214, 0.005595603124299797, 0.013463178745503714, 0.02384322943061739, 0.021152117370429095, 0.029988241051437894, 0.024583618174636224, 0.01920666327745068, 0.04139696389633904, 0.025985006164077937, 0.021176328760329204, 0.03228185578105388, 0.03992605577505706, 0.01845595644940041, 0.03100763683967131, 0.011069546981178124, 0.024183639816901387, 0.02318338153616365, 0.03224383665781087, 0.04187504987502726, 0.03114297258502502, 0.027674211622729768, 0.017706628076464573, 0.03557319720995425, 0.028001572533533102, 0.030990445134044933, 0.023002967427989518, 0.03456500705146029, 0.028706493791746474, 0.027382629326766772, 0.027446502712623923, 0.03758171123675057, 0.020031410469596916, 0.022395045329828764, 0.030012200901002734, 0.04068601868149587, 0.03192121773036734, 0.031630243729672235, 0.02588920573737439]",combined,N0_G0.8_D0,0.0,0.8,0,0.0,0.028138130885922076,0.027837892078131435,0.009967953337959547,0.0014096814799644554,0.02548453120277161,0.030740814363023557,50,1.0,1.0155637864225178,True
"[0.01983714208613406, 0.01530843840962634, 0.02983503246891126, 0.04371699296514229, 0.01424922268343752, 0.06643075375158833, 0.021163491754107207, 0.02936863034512381, 0.027957561640610862, 0.03917348421533343, 0.026488704710832055, 0.021755285991548592, 0.003605075345381639, 0.011202731577625302, 0.022956919355127073, 0.019519016813494626, 0.027682381056669363, 0.02310152950949465, 0.01769540853169297, 0.03943797157143551, 0.02450797930250325, 0.01929335227192861, 0.03160369754589497, 0.03866878574742429, 0.01695954997127124, 0.029179286602233248, 0.008386714685184309, 0.02283462864785983, 0.02215014077468374, 0.03046854461129911, 0.041622048407940065, 0.02949837668364899, 0.025482800036866114, 0.016288420880233925, 0.03451762831873736, 0.02515113091815182, 0.02991637074266046, 0.021779200158120127, 0.03248473178111408, 0.027064260330747637, 0.02597604312712952, 0.026040692658441243, 0.035163926771534224, 0.019360599399753556, 0.020519493159001145, 0.028186919999382214, 0.03951294256189581, 0.030952519967695, 0.029068266490485453, 0.023581257715725987]",combined,N0_G0.8_D20,0.0,0.8,2,0.0,0.02653412170105729,0.02600836789278538,0.010073709205382059,0.0014246376181654,0.023818982555104957,0.029140343866541144,50,1.0,0.9576717520211574,True
"[0.017946098340026986, 0.013863042349991167, 0.028403213186808267, 0.04163322609737828, 0.012644703662000656, 0.06475488878643963, 0.019426398290025494, 0.027794802268856916, 0.02668212797190138, 0.038016469703566626, 0.024755537426283475, 0.01982814910132527, 0.0016870384733483415, 0.008890872455642872, 0.022043884056433427, 0.017780939133919448, 0.025349194656354698, 0.021529581059478706, 0.016095115936688206, 0.03739902394945205, 0.022994418294110697, 0.01730906638922925, 0.030875088284121888, 0.037313110054945045, 0.015430648744970778, 0.027287007874020636, 0.005739325441920323, 0.021406066672488525, 0.021042800773473008, 0.02869564756241605, 0.04125275140559567, 0.027826825490583768, 0.023274752558697896, 0.01486701383461772, 0.03338560283909508, 0.022202119742389115, 0.02883642220569757, 0.02047962465695133, 0.030355915952233387, 0.025366814245802782, 0.024519822644017072, 0.02454088400964006, 0.032669470425802476, 0.018649538057216496, 0.01855682617714803, 0.026295786186751727, 0.03828876048642535, 0.029873230484314596, 0.02649604111201745, 0.021200296211760117]",combined,N0_G0.8_D40,0.0,0.8,4,0.0,0.02487111971448751,0.024530353326828565,0.010178731367012372,0.0014394899946981328,0.02210911487001306,0.02751601858081624,50,1.0,0.8976505444592171,True
"[0.014181980452452364, 0.010837983949556651, 0.0250920023613809, 0.037116578506063466, 0.009616670690673415, 0.06103542014673653, 0.015904666371072865, 0.024508664150617587, 0.024016506940922652, 0.035360098881409174, 0.021321288574916386, 0.01591664345527731, -0.0018476055646680922, 0.004225746215350143, 0.020157680206912956, 0.014080795482251149, 0.020694750146122765, 0.01815791097290645, 0.012684283050090742, 0.03313468781019216, 0.0199431770878519, 0.013111540914238523, 0.029304160019506947, 0.034338273484400744, 0.012352936304065115, 0.02337805024301992, 0.0007294780041601154, 0.018408038609183892, 0.018654456395068512, 0.025208334343558264, 0.04017479805725159, 0.024453303237958593, 0.01890232243450947, 0.012053395851514576, 0.030942224440923385, 0.01616697207820393, 0.026712687807732047, 0.01768497875610249, 0.0259985618322396, 0.021906299323805806, 0.02151436455704875, 0.021338281512845794, 0.027555648683358927, 0.017129061334790405, 0.01445264306342492, 0.022375166625011808, 0.03574865761829779, 0.027443230991836015, 0.02145439711146821, 0.016352566565533744]",combined,N0_G0.8_D80,0.0,0.8,8,0.0,0.021439695201782988,0.021008019360519575,0.010369326849231275,0.0014664442662862343,0.018631662523565653,0.024153451897818336,49,0.98,0.7738032823552242,True
"[0.010562250801470704, 0.007731587075201052, 0.021293386870451694, 0.03229881914426966, 0.006908621912558893, 0.05693916148898613, 0.012472736890762184, 0.021107192730546814, 0.02127952644639465, 0.03236338978852772, 0.017989588298258932, 0.012072357886997606, -0.004896964244430868, -0.0003160870277024441, 0.018228438680844714, 0.010246229835891227, 0.01619344804388337, 0.01456094844493952, 0.009090527093642442, 0.028720868409377154, 0.0169664554078834, 0.008743961208572328, 0.02764558487745425, 0.031085135321875804, 0.009336537741656659, 0.01940670756599365, -0.0037034170153975726, 0.015375939806215003, 0.016122121527940528, 0.021867559390258057, 0.03867667408122365, 0.021107691186513344, 0.01472046015917923, 0.009328120048806246, 0.028344622548663392, 0.010199730810955585, 0.024718935205233716, 0.014703972746547125, 0.021587468931981407, 0.018479247938296542, 0.01848020010950943, 0.017998642596397413, 0.02244688659723823, 0.01552207924800629, 0.01024236270414125, 0.01837446764874344, 0.03316612764441136, 0.024736699230170855, 0.016721931724024072, 0.01158715480058313]",combined,N0_G0.8_D120,0.0,0.8,12,0.0,0.01797672180727898,0.017478021853071166,0.010513051042410822,0.0014867699366097988,0.015155088320046719,0.020704642008790835,47,0.94,0.6488173553559838,True
"[0.021385859640991503, 0.02009040208358448, 0.03596335757403091, 0.04670630970348247, 0.012230332536573803, 0.06766251376866839, 0.020188650254610536, 0.034516770705044636, 0.02794421684835984, 0.042239446422741314, 0.028375690558864256, 0.022036317228498338, 0.0007999958346090186, 0.014268954892500872, 0.024973751224395505, 0.022893482175161982, 0.028984095864602356, 0.030148635934404276, 0.025736928561534825, 0.040192553576278794, 0.024811981094211538, 0.026123059558642733, 0.03190125457561143, 0.0440340047818462, 0.02040429768377356, 0.03191583167723944, 0.00934488961762863, 0.021673794130995974, 0.02193614173706227, 0.029752507657133068, 0.044950562811621096, 0.033025436413577185, 0.028570949183509553, 0.016714152258532157, 0.035665931967486214, 0.02898674261933821, 0.027483605808749048, 0.026347383921806314, 0.036149497299049295, 0.02785999601588012, 0.026296286480139507, 0.025760624176348335, 0.03598720456049572, 0.01911401488604078, 0.025039732011566472, 0.02979092377708205, 0.04030576027854621, 0.03386262742000995, 0.029954977501262282, 0.024194687142842237]",combined,N0_G0.9_D0,0.0,0.9,0,0.0,0.028505942488739312,0.02790210643211998,0.01050398004494743,0.001485487103846101,0.02566770901963977,0.031205026457397884,50,1.0,1.0288388737252814,True
"[0.01911280451723369, 0.018419102623053803, 0.03440438675363511, 0.04442073101762822, 0.010424483172920398, 0.06573200401604953, 0.01814021017777532, 0.03278928189585592, 0.026448619441202137, 0.04103058166093054, 0.02650542526464516, 0.01972057306793086, -0.0013714743610995644, 0.011501025263617237, 0.02398810211191521, 0.02095994938466457, 0.026276369475205535, 0.02836675971194915, 0.023945706435443505, 0.037781570389788105, 0.023183065170987817, 0.023923090079423746, 0.030976544276461036, 0.04262859205716823, 0.01869294779334254, 0.029698141068840084, 0.00627126903592215, 0.02012049033355743, 0.020786810277442225, 0.02769187617794215, 0.04455234522839449, 0.031076298343070283, 0.02609965221189422, 0.015148118044644089, 0.03440556948149906, 0.025584338184886306, 0.02625405166530119, 0.024895844183246175, 0.03375776890647851, 0.026039583927129184, 0.024556418748535154, 0.023968828162352837, 0.033104750903809765, 0.018372505984316514, 0.022893043254745178, 0.027654744990399258, 0.038953403705480574, 0.03268642131358533, 0.027081312656291212, 0.02149894159138016]",combined,N0_G0.9_D20,0.0,0.9,2,0.0,0.02662305959557743,0.0260696180695117,0.010624089198712447,0.001502473103268065,0.02373652889439241,0.02937582668410512,49,0.98,0.9608817059900797,True
"[0.016830217721443948, 0.016672292655795173, 0.032650571504892326, 0.0419878857722748, 0.008691470933991599, 0.06364096257305144, 0.01607323571174151, 0.030988297843840842, 0.024893118453826184, 0.03968064798991604, 0.024627826074647897, 0.01736207663726856, -0.0034110832168977104, 0.00868489081471241, 0.022972812600337233, 0.01892341743624268, 0.023547631013785472, 0.02647300377099606, 0.022043968089367448, 0.03526650929082255, 0.021523890402203247, 0.02162169167258085, 0.030009076101663056, 0.04110792191019901, 0.016952101158549115, 0.027424412749958077, 0.0032759178019182017, 0.018507066880401025, 0.019560659347538582, 0.025640264418233166, 0.04402794041971867, 0.029107708858434042, 0.023613339753660145, 0.013584233342009297, 0.03306628709358218, 0.022079687616489506, 0.025039620652822503, 0.023350736646993067, 0.031298997845244675, 0.024171335548755266, 0.022767383892337373, 0.022084950183522384, 0.03013096418446106, 0.017588095860909668, 0.020662428120673565, 0.02543735678846005, 0.037540309339563566, 0.031398179958803125, 0.024213301500477846, 0.01875494177985785]",combined,N0_G0.9_D40,0.0,0.9,4,0.0,0.02468281111004153,0.02358048538372281,0.010734869870622298,0.0015181398561344365,0.02174637386305202,0.02749859400043239,49,0.98,0.8908540944703239,True
"[0.01237399275072898, 0.013034364027443873, 0.02863956267417163, 0.03679895559735409, 0.005518372147459816, 0.05907353150372938, 0.012014299228115664, 0.027225837417835935, 0.021672030848943688, 0.03663064538770753, 0.020914444158473933, 0.012639301930518848, -0.00702533450377664, 0.0030720282537869265, 0.020878561190295075, 0.01466110628308008, 0.01815429753357592, 0.022411813268488207, 0.017983554596885637, 0.030012125206904557, 0.0182135690193123, 0.01680500216071764, 0.027999845485931263, 0.03776116082475722, 0.013474455604211677, 0.02279778588425381, -0.0022679550117066377, 0.015211528632569166, 0.01693677019986163, 0.021633244963131418, 0.042617078040642214, 0.025176717961504294, 0.0187115696219564, 0.010509397323622258, 0.030215422100040093, 0.014987328625208948, 0.022713757572003543, 0.020023781067477, 0.026249336917466393, 0.02040485941286377, 0.01912483777593023, 0.0181650736546589, 0.024058356072171397, 0.015918705884355983, 0.016045700413080802, 0.020841713785299636, 0.03461067554640329, 0.028562821249059928, 0.01865279923101494, 0.013284615560887364]",combined,N0_G0.9_D80,0.0,0.9,8,0.0,0.020722468901608206,0.019574309421703615,0.010910119919193526,0.001542923955684034,0.017708742794444253,0.023595906712125494,48,0.96,0.7479170904087741,True
"[0.008213518117642524, 0.009335598412033533, 0.024120995179690186, 0.03137022114326182, 0.0027876876825932706, 0.05415039695193505, 0.008212559628781438, 0.023338154227502197, 0.01842371990719377, 0.03324856254972079, 0.01732376870985987, 0.008103237421603848, -0.009983407403057906, -0.0022720194604620852, 0.01874404374695557, 0.010343302452242076, 0.013021766681590982, 0.01810243223443217, 0.013708520512049988, 0.024616594014016516, 0.015031295374243428, 0.01185795646696565, 0.025972463190850337, 0.03409792763276208, 0.010101636674710923, 0.018192117615764947, -0.0070134109228892835, 0.011984025491474454, 0.014185864748075719, 0.017843663533236465, 0.04076883014784688, 0.021335682545733287, 0.01406205317029842, 0.007562404277110232, 0.02723779090433684, 0.008110785332127793, 0.0206026017471352, 0.016482419129641906, 0.021140243772753226, 0.01672854512889775, 0.015527273862809596, 0.014230081708967127, 0.01805749058115945, 0.014169106941196927, 0.011368901042168339, 0.016174600505827988, 0.03165870752202224, 0.02548394666498585, 0.013517839902426484, 0.008053787861360129]",combined,N0_G0.9_D120,0.0,0.9,12,0.0,0.01678872570527172,0.015850937184318792,0.011006585275754557,0.0015565662172388106,0.013780561433358655,0.019694583770613193,47,0.94,0.6059401001288675,True
"[0.01991937278486263, 0.02247283321937412, 0.038736721285239674, 0.0458890287805532, 0.007927389785629353, 0.06513921043559862, 0.016420972387604114, 0.03659918474400091, 0.02555573024766021, 0.04236296434109702, 0.027879012523499315, 0.019257858739310213, -0.004031907007290246, 0.014013979444290503, 0.025618524175841734, 0.0235857442244606, 0.02689540826791529, 0.03439204543031107, 0.03059525953136491, 0.037581953976058714, 0.022868922367270228, 0.02881533706761965, 0.029623593828721574, 0.046826233283899864, 0.021432238049712532, 0.03132340909191868, 0.006975368369169434, 0.018608443364740018, 0.020144157304648753, 0.02651589550777317, 0.04547917316667982, 0.033978431933246594, 0.02822334707557215, 0.015298101912877761, 0.03493668525101753, 0.028965677550943023, 0.023318268649883553, 0.028519504569696166, 0.03722081513776049, 0.02614333474964004, 0.023876669935034435, 0.0227423999472424, 0.032980587617381, 0.017369448477316245, 0.026205882594849017, 0.028614520688486737, 0.038774424608057606, 0.03419902974573208, 0.027133084530913537, 0.0214210518329645]",combined,N0_G1.0_D0,0.0,1.0,0,0.0,0.02770690651056301,0.027014246399414413,0.011200533378570743,0.0015839946209787288,0.024642559247807234,0.030605977518137362,49,0.98,1.0,True
"[0.017338218033102107, 0.02058094840988242, 0.03693220880937907, 0.04336649969439895, 0.006072415801801262, 0.06283839320638675, 0.014157065401274892, 0.03476612241829842, 0.02381374973652156, 0.041036070805208276, 0.025929358914841855, 0.01654748321854642, -0.006221826629119222, 0.010891779892193455, 0.024564382165406934, 0.021433058911024552, 0.02387019875216404, 0.03238854568917607, 0.02866047158765337, 0.03470772944976797, 0.021172508429148168, 0.026468401904565966, 0.028529446589094794, 0.04533633450456926, 0.01960903342406474, 0.02882033345295859, 0.0037049591247814914, 0.016946339689112813, 0.018922325659812958, 0.024194829787616404, 0.04496524435009987, 0.03177966467363283, 0.02561247691695579, 0.013637041188543045, 0.03350813643724014, 0.025092098272507593, 0.022002369083412132, 0.026914140374564542, 0.03455398881092195, 0.024243807846242207, 0.021843018569678213, 0.020612230802256534, 0.029678707568354078, 0.016606690063697645, 0.023912241883413787, 0.02621132436614832, 0.03730904406078784, 0.03289336785637247, 0.024096060311636178, 0.018483519493893284]",combined,N0_G1.0_D20,0.0,1.0,2,0.0,0.02562665119527986,0.02440409500582457,0.01131111422644591,0.0015996331144591065,0.022527809628557657,0.02856456113950989,49,0.98,0.9249192502060787,True
"[0.01477603774248818, 0.018610156822399797, 0.034932266567489975, 0.04071325417354607, 0.004328452127472987, 0.06038266500796924, 0.011921353917646788, 0.03284988732046813, 0.02201298902880438, 0.03957813506895467, 0.02397176437997975, 0.013813177935594188, -0.008230728704341404, 0.007738653197017956, 0.02347760209816528, 0.01919439489724492, 0.02083444944475482, 0.030257778021579244, 0.02659902625502191, 0.03171144525499286, 0.019451996745728117, 0.0240334548765163, 0.027414552978659606, 0.043717738079896325, 0.01775471176982464, 0.026279609642161028, 0.0005513408312048385, 0.015250017909260435, 0.017624624771673814, 0.021892803696929447, 0.04433490329700658, 0.029574740382495385, 0.02298478786181834, 0.011982681921605592, 0.032005355304811106, 0.021128739358610246, 0.020726569276704382, 0.025201540936026064, 0.031796762846233416, 0.022304164394367706, 0.01977223148819344, 0.018418874772341845, 0.026278948155534124, 0.015801751910416183, 0.021546416298984475, 0.023715550524158725, 0.035771832653482404, 0.03148799018880925, 0.021078042245048598, 0.015532800893757873]",combined,N0_G1.0_D40,0.0,1.0,4,0.0,0.0234977659313902,0.022158576711586043,0.011406211167694656,0.001613081852864524,0.020398333138446856,0.02646115159229452,49,0.98,0.8480833442171499,True
"[0.0098671821672617, 0.014528192176619686, 0.0304466490329236, 0.0351365723373836, 0.0012247986827835927, 0.05512398717131624, 0.007654090557003529, 0.02883267835879287, 0.018330128811303817, 0.036339501737365915, 0.020100205132770804, 0.008428650813239486, -0.011671556903357375, 0.0015313045548299015, 0.0212355192808754, 0.014588840209125362, 0.014885528826404003, 0.025691484943273835, 0.022174958578301228, 0.02548251606166122, 0.01604206948763394, 0.01898351970711455, 0.025177379989028248, 0.04013929175329356, 0.014053852656133611, 0.021181652308442975, -0.005190455743864911, 0.01186328360715827, 0.014865869235828041, 0.01743360643325098, 0.04274123119881945, 0.025218437130785434, 0.01780639245208851, 0.008745970132445005, 0.028849437859191848, 0.01320827783154066, 0.018346247887226386, 0.021504005073240594, 0.026107639551258277, 0.018420176914907577, 0.01562369042027656, 0.013996654439449516, 0.019374651028377265, 0.014094505130661017, 0.016692489428669896, 0.018550630369365592, 0.032583466253673435, 0.028456200680968255, 0.015269545402305018, 0.009757221810740305]",combined,N0_G1.0_D80,0.0,1.0,8,0.0,0.01919656345919777,0.0183381883492651,0.011534751853198955,0.0016312602509402155,0.016009487285916845,0.02213547539114598,48,0.96,0.6928439828487981,True
"[0.005399271746151929, 0.010409214511998097, 0.025500492760664517, 0.029389661576090187, -0.001355283928450482, 0.04958426573558483, 0.003780596643227524, 0.024667685280571006, 0.014692539047220635, 0.032798559356683646, 0.016358098370145457, 0.003384627661053047, -0.014368386455504159, -0.004274459191692219, 0.018952649216432985, 0.010010719438086957, 0.009304278986045036, 0.020860518791511767, 0.01748924569826786, 0.01916406798954093, 0.01279377088004209, 0.013836470405853923, 0.023004685955496332, 0.03620780269267372, 0.010470907894524081, 0.016189812140007434, -0.00999723769901497, 0.008627674421016002, 0.01199819635407888, 0.01327668958640818, 0.040744795922102325, 0.021019052555726683, 0.012903864135446946, 0.005667757288690706, 0.025604623586559627, 0.00567097648730433, 0.01625497239547667, 0.01756111086456645, 0.02034757557689436, 0.014658920030570718, 0.011619312187464023, 0.009734115831649931, 0.012630126354146468, 0.01231311164182379, 0.0118164259825244, 0.013332844906824848, 0.029389320403726035, 0.025225852701887888, 0.009962809285506344, 0.00435416068417338]",combined,N0_G1.0_D120,0.0,1.0,12,0.0,0.01497937729375562,0.013304767246616514,0.011570196370233715,0.0016362728626104475,0.011809376240618539,0.017955219069399734,46,0.92,0.5406369450896609,True
"[0.017393255918423473, 0.02351423590407444, 0.03936530882974207, 0.04366460551552377, 0.003316688098898457, 0.06055280727183779, 0.012212169881217476, 0.03710334455892947, 0.021946244685421147, 0.040940801457796314, 0.02689071538937296, 0.015393415679359805, -0.008303616825403357, 0.012714691653604407, 0.025808267489998454, 0.023382650888707515, 0.023824064896045632, 0.03672526663558671, 0.033260937306400576, 0.033306823137372696, 0.02037105240087203, 0.029564460419587227, 0.025795402825869798, 0.048314630182340564, 0.021604508088444288, 0.029368327974260408, 0.004382839714461746, 0.015405852899306918, 0.01797968711608393, 0.022558345785111268, 0.043760548212834205, 0.034030594118532, 0.0268481244434624, 0.013581245453813437, 0.033544837767283855, 0.02786732561191462, 0.0186968704658598, 0.029151270713168913, 0.03762406278999279, 0.023859489585196167, 0.020104909289356487, 0.018591831678365513, 0.028615435017135482, 0.014997438473787275, 0.02620042124618842, 0.026477904739546775, 0.03594465018202732, 0.03330133825984649, 0.023568637843202393, 0.018033696768437246]",combined,N0_G1.1_D0,0.0,1.1,0,0.0,0.025863168368783985,0.025801835157934126,0.01182974109782495,0.001672978029990643,0.022583908275079966,0.028906311736242602,49,0.98,0.9334556479238808,True
"[0.014673137787343499, 0.0215161610341282, 0.037426563093669374, 0.04103132248014463, 0.0015309632508297144, 0.05797875040073279, 0.009900372838872767, 0.03527356732316467, 0.020031325439835622, 0.039566953882175335, 0.024914856280740194, 0.01240642728507528, -0.010391735064085084, 0.009480392803771304, 0.02471718714809036, 0.02111632448090439, 0.020603256858129693, 0.03462868688589652, 0.03133672056623771, 0.030018543523061228, 0.018683430764095427, 0.02722827244782057, 0.024666488001022308, 0.046802731255087174, 0.019770175613948462, 0.02673363968115723, 0.0011020028936879547, 0.013722354774695342, 0.016727773152230355, 0.02001942774970694, 0.04319139185938721, 0.03166527830650158, 0.024225728313545927, 0.011876025062610332, 0.032000479924085695, 0.023675133508428765, 0.017377690730686443, 0.0274920796679844, 0.03474150371812948, 0.021963911498979444, 0.017880439220407253, 0.016262213406306306, 0.024984933613226103, 0.014256863399823641, 0.02387396273669344, 0.02387869433929797, 0.03445986535648668, 0.031954853319222945, 0.02050017733985901, 0.015011931099756765]",combined,N0_G1.1_D20,0.0,1.1,2,0.0,0.023689784621071786,0.023774548122561103,0.011924955400893633,0.0016864433658638064,0.02038028871433561,0.02674756450548298,49,0.98,0.8550136989143942,True
"[0.011999373075438267, 0.019442959934047252, 0.035313684776701104, 0.0382893586753677, -0.00011688744546951846, 0.05527308871304018, 0.007655379627592482, 0.03335505462507836, 0.01806771943325286, 0.03808174804393845, 0.022929481672033958, 0.009425357932504916, -0.012273894417851983, 0.0062351688226889995, 0.02359042955860778, 0.018785908001198226, 0.017383202105609487, 0.032399085398423746, 0.029279056870664698, 0.026603581359914426, 0.01697646079638196, 0.02481911547614292, 0.0235395391156272, 0.04515348293047419, 0.01789814896191455, 0.024080316651512473, -0.0020400810025849384, 0.012027800907262381, 0.015403398912694738, 0.017512744965303362, 0.042526733542816914, 0.029308200400774073, 0.02158243496430376, 0.01018054991258921, 0.030390265187086, 0.019416108334303725, 0.016121492385501923, 0.025720072053026212, 0.031741391580848995, 0.020034138144037192, 0.015639792153683038, 0.013915335581227428, 0.021260265046439186, 0.013478142170587765, 0.02148822134111905, 0.021182064902168903, 0.03289430135103528, 0.030525926887066207, 0.01745983643452849, 0.012009072327524434]",combined,N0_G1.1_D40,0.0,1.1,4,0.0,0.021479282583563557,0.020608101523103047,0.012003114935977617,0.001697496793318261,0.01814150373332033,0.02452448506077127,47,0.94,0.7752320734678473,True
"[0.006945895511442993, 0.015165891967698616, 0.03066299687555854, 0.03258987877081268, -0.002978405457387673, 0.04958707994008678, 0.0034554966520520536, 0.029311502034092524, 0.014106630323817398, 0.034833912084138385, 0.01899786536022538, 0.003651238975859103, -0.015422462695669187, -0.00010384280909155053, 0.021261929623529352, 0.014054756731038273, 0.011114968364298497, 0.027618764105794558, 0.02483010305834618, 0.019560714826276894, 0.013604252391296034, 0.01984862261975033, 0.021333656137285037, 0.041486850868568154, 0.014144169923623051, 0.018807888796414346, -0.007712536476313342, 0.008700749824648066, 0.012601917931226933, 0.01270099635008827, 0.04092074882333843, 0.024691140189336436, 0.01635975636968008, 0.006873555988329255, 0.027047377368997122, 0.010997979910963393, 0.013834490278698777, 0.021881859608966117, 0.02551321432897387, 0.016181294785193298, 0.011220452806225259, 0.009321389277457084, 0.013742690347841799, 0.011831483538166432, 0.016621697978276367, 0.015614925240272137, 0.029635946065279493, 0.027488047161768447, 0.011633307084443448, 0.006210374160893872]",combined,N0_G1.1_D80,0.0,1.1,8,0.0,0.017047664278452154,0.015390408603985377,0.012096593405211919,0.0017107166452163636,0.013717697157987048,0.020185696921083726,46,0.92,0.6152857328894832,True
"[0.0024203719043010274, 0.010862260391850148, 0.0256192483098623, 0.026774495011561844, -0.005289738800627775, 0.04371379056933769, -0.00028373219495074486, 0.0250881459134355, 0.010273316236430755, 0.03132117485728404, 0.015191195178577088, -0.001638554403891282, -0.017821255416752294, -0.005986929376846098, 0.01888799835122147, 0.00940920894934591, 0.005296857747443054, 0.022554859235232372, 0.020064022773096643, 0.012518632464241647, 0.010404399594453884, 0.014792474432267708, 0.019245134550802914, 0.03743415410730673, 0.010489568332271215, 0.013695136948799244, -0.012417025646495536, 0.005574355011440657, 0.009706196277137258, 0.008284266788232048, 0.038971042873865255, 0.020285285801070446, 0.011399252653258737, 0.0037437239267736067, 0.023652219777519606, 0.0031013563958933177, 0.011884498263696822, 0.01776698855843309, 0.0191917740994324, 0.012458825434610354, 0.007037787505537393, 0.005043533870797895, 0.006476295538924939, 0.010115487157506306, 0.01175212641139807, 0.010017946965836744, 0.026374957570216406, 0.0242880904180669, 0.006340594974422506, 0.0008625162423229055]",combined,N0_G1.1_D120,0.0,1.1,12,0.0,0.012738966650719063,0.011130756522554443,0.012098361033317392,0.0017109666255803629,0.009452394552758658,0.015938397793702007,44,0.88,0.45977585573699636,True
"[0.01428400973830321, 0.02340908713446624, 0.038570362420486184, 0.04070061860710175, -0.0012161582096722745, 0.05462912041279233, 0.008196798736392508, 0.036437588256133954, 0.017421678634277855, 0.038629124517086416, 0.02559465481127192, 0.010932229222270037, -0.011723468004016815, 0.010884140606698844, 0.025617558585557643, 0.022616228952349243, 0.020124891402622663, 0.037303714795791865, 0.03413249550593178, 0.027588178878346026, 0.01759033412304134, 0.029210998458247428, 0.0213304390042421, 0.0487444748052803, 0.02115131566644121, 0.02660161944118422, 0.0019443914852884242, 0.012372278102388334, 0.015638118720101096, 0.018013032391190814, 0.04079198992265405, 0.03338657138494874, 0.024860495394535165, 0.01170828006719167, 0.03172767308434127, 0.025925563015154134, 0.013880961395324395, 0.028448803256447552, 0.03728368596175463, 0.021328303785105404, 0.015462516641210858, 0.013928401654936834, 0.02333434896044328, 0.012323258567063733, 0.025514852136779273, 0.02361912795357414, 0.03197624903245552, 0.031729891799026314, 0.01973921796764269, 0.014542240575496274]",combined,N0_G1.2_D0,0.0,1.2,0,0.0,0.02336484579515365,0.02337171804745476,0.012329380163212052,0.001743637664246829,0.01986428234453532,0.026605059880250217,48,0.96,0.8432859794811814,True
"[0.011578512651627272, 0.02140766807970948, 0.03660209180433449, 0.038049138281380956, -0.0028507617145055453, 0.05189787780322225, 0.005950325207086618, 0.03467775337747572, 0.015427587579818373, 0.03725533846454933, 0.02362830369190512, 0.007821122180205045, -0.013658615455092851, 0.007728083089692819, 0.02451643223079697, 0.02032377795119239, 0.016825592435154656, 0.03522686910112545, 0.03230736494479071, 0.023988338936735715, 0.015962674651910674, 0.026963768672454577, 0.020266351095933513, 0.04725477897058129, 0.019373193840827252, 0.023965063915946466, -0.0012295636144326327, 0.010725931222532126, 0.014389229341932083, 0.015308626409137771, 0.04021359352150304, 0.030938108806804185, 0.02230528527312281, 0.009999070843406482, 0.030119244965085445, 0.021584830795070856, 0.012634970490233044, 0.026812375650069956, 0.03425735552859311, 0.01948842330004945, 0.013169009917805355, 0.011562018905395322, 0.01948228461658108, 0.011628722748764822, 0.02322530344724931, 0.020901870934450326, 0.030555839363808922, 0.030403714420439848, 0.01672402370824791, 0.011551414573856444]",combined,N0_G1.2_D20,0.0,1.2,2,0.0,0.021184806339171317,0.020612824442821358,0.012416032078420722,0.0017558920956161992,0.01766820918341481,0.024467662969525027,47,0.94,0.7646038120890472,True
"[0.008937180751134782, 0.019338572708865367, 0.034486598955679015, 0.035309456109701806, -0.004335205950457582, 0.04906481118342862, 0.0037927677934271875, 0.032828892581145755, 0.013401178033488004, 0.03579153330027578, 0.021650770814045248, 0.004746825926709261, -0.015385299828877624, 0.004574959624833022, 0.023376818084754794, 0.01798618743273403, 0.013537497485485578, 0.033019958130046545, 0.03035192769741589, 0.020272323204501737, 0.01431935028145774, 0.024655805249186896, 0.019218915427910516, 0.04562408224773158, 0.01754921226593112, 0.021323465071606082, -0.004259046757071908, 0.009085047980699326, 0.013072521139358959, 0.0126522819778732, 0.03956080625993397, 0.0285096096756514, 0.01972600916239453, 0.008301224490077391, 0.028454535562544667, 0.01720189704498172, 0.011468378758462225, 0.0250661277621633, 0.031085544612090857, 0.017618500172174117, 0.010881813394604686, 0.009221614877912176, 0.015548537819935537, 0.010902366016183454, 0.02088712888895615, 0.018089231779039386, 0.029052116053812506, 0.029011207164365713, 0.013743343546648329, 0.008602374714184693]",combined,N0_G1.2_D40,0.0,1.2,4,0.0,0.01897843513358275,0.018037709605886708,0.01248742450558007,0.0017659885094901476,0.015475951286946529,0.022259621487188328,47,0.94,0.6849712769755582,True
"[0.003982327771000729, 0.015079428777034373, 0.029896043972050243, 0.02966003075622288, -0.006861636677088334, 0.04320261204378112, -0.0001966015642378971, 0.028912550598958198, 0.009368033505028142, 0.03263453649972728, 0.017727436161408608, -0.001127480259137545, -0.018238862182910445, -0.0015661002608047536, 0.021015183234006835, 0.013281493951766823, 0.007167433096238074, 0.028283035776885998, 0.026097636803306234, 0.012681252632303061, 0.011076039314641642, 0.019907552956827654, 0.017201125419713886, 0.04197889206280089, 0.013862941968169867, 0.016102499225106745, -0.00971773718610687, 0.005898841156568191, 0.010296989719035893, 0.0076025607778707205, 0.038035283368412304, 0.023780659339341773, 0.014611745756068203, 0.004994804037546152, 0.0250283144090281, 0.008608383841467851, 0.009391583068415518, 0.021276616353559152, 0.02445351830805352, 0.013886879691883583, 0.006427981595665183, 0.004743684598694925, 0.007658576016441557, 0.009372794796650305, 0.016134157126289128, 0.012300579478945, 0.025908650488531276, 0.026080272862069556, 0.008045310122033716, 0.002957367665622171]",combined,N0_G1.2_D80,0.0,1.2,8,0.0,0.014578104459497745,0.013572217959968345,0.012574756965815155,0.001778339184460134,0.01105343893166729,0.017862961263285487,44,0.88,0.5261541722075675,True
"[-0.00042461616016643833, 0.010789705722133211, 0.02497036443918388, 0.023931237378288048, -0.008855951707388829, 0.03723887670801529, -0.0037170509978655675, 0.02478761641334891, 0.005534626324936509, 0.029250497980192705, 0.013918114314895369, -0.006421694564861788, -0.020384483137330794, -0.007270129395917785, 0.01860008993631819, 0.008691316520234416, 0.0012972404378388397, 0.02324394203398862, 0.021486194861248323, 0.0051998410297414005, 0.00799922307503366, 0.015074966411800408, 0.015318915751622739, 0.03792169397627189, 0.010238857704070695, 0.011059117729714227, -0.01425082450667299, 0.0029334277909957157, 0.007437182171345175, 0.0030419765193314546, 0.036225802793243916, 0.019296855398619875, 0.009726352258179208, 0.0018730378014621407, 0.021576832587351547, 0.0006194647266192371, 0.0076688884986470945, 0.01718948377025188, 0.017692991418374757, 0.010276774815566644, 0.002272077142154147, 0.000673827908956065, 0.00010054538956086323, 0.007779477259706388, 0.011383681333423795, 0.006504896940227239, 0.022754640385539274, 0.023012263271233374, 0.0028818025546348824, -0.0022087904785830226]",combined,N0_G1.2_D120,0.0,1.2,12,0.0,0.010318823610710294,0.009208834389206812,0.012579065404565111,0.0017789484897114184,0.006941295936949973,0.013620290198226198,42,0.84,0.37242784959686265,True
"[0.02133742493523836, 0.016598018907792944, 0.030733523924754855, 0.04514497585566953, 0.01579839692069617, 0.0682160700009285, 0.02252803833862685, 0.031137876695160327, 0.028792163065628165, 0.03981091846601663, 0.02820322230679391, 0.023862312278391765, 0.0059711034256434425, 0.01364197161639804, 0.023689979606539076, 0.020976215269902558, 0.029620890311160407, 0.02498826955154873, 0.01897311306110091, 0.04195817462848654, 0.026173723493677394, 0.021250449533034517, 0.03208301495333795, 0.039754207769149154, 0.017989146383127652, 0.031298959189727346, 0.010526562397735348, 0.024605979922850907, 0.022630276292832083, 0.032344011296229186, 0.04233380736105258, 0.030884339788463278, 0.02739598321610684, 0.01751212691477766, 0.035209194331766024, 0.02746283288708621, 0.031137727452419335, 0.02276469401206198, 0.03542977837389872, 0.028624062096836385, 0.02715010874610914, 0.0272512079271749, 0.037332443731864895, 0.019694667095628983, 0.02279816031822745, 0.029708400247539825, 0.04039867284845906, 0.032210523817994184, 0.03183271240999812, 0.02572720805071227]",combined,N10_G0.8_D0,0.010906226608845283,0.8,0,0.0,0.02806995284052714,0.027429408051596525,0.010013456576662073,0.0014161166096949567,0.025403779831777495,0.030680868539766627,50,1.0,1.013103098674178,True
"[0.01947769673266933, 0.015214876453015364, 0.029488269115449564, 0.04320230559543872, 0.01415522526916202, 0.06669585606167963, 0.02085928660621026, 0.029626856392704584, 0.0275643813796608, 0.0387761100842258, 0.026494255463200278, 0.02199679309884947, 0.003994022327487266, 0.011394514670944045, 0.0228075010531279, 0.019312186920650683, 0.02728802071029167, 0.023499158805525333, 0.017466193612138706, 0.0400256432337954, 0.024701828364721033, 0.019379335092993125, 0.03140411976650709, 0.038487434557222346, 0.016514003220205395, 0.02946783521121167, 0.007850099353988081, 0.023279757855278554, 0.02159528661862173, 0.03056199712916438, 0.04206165381424136, 0.029234954347383033, 0.025193463759433044, 0.016097672790980413, 0.034148165323290965, 0.024606966804127647, 0.03006162437432637, 0.021548414813303815, 0.033354813010926354, 0.02700801312393631, 0.025724490399626834, 0.02586258715500285, 0.03491183635898709, 0.019024612790408083, 0.02092175104950883, 0.027879453176560334, 0.03923314638394058, 0.03124619178336621, 0.029272586623092012, 0.023403730004987626]",combined,N10_G0.8_D20,0.010906226608845283,0.8,2,0.0,0.026467539572871398,0.025793538777314842,0.010117452572211763,0.001430823864428843,0.023740250422608522,0.029070837165973137,50,1.0,0.9552686642509473,True
"[0.017595600630944147, 0.01376747274610253, 0.028079443619491093, 0.04111391330469371, 0.01254615745254381, 0.06503173798055942, 0.01913856410979438, 0.028053321813462054, 0.026285441369817572, 0.037608383276262924, 0.024776518629415198, 0.020081440413784443, 0.0020850212847026706, 0.009093664191904972, 0.02189891392321526, 0.01754771559384831, 0.024930936010146447, 0.021921345098340372, 0.015868620335680712, 0.038011848528395745, 0.02319129505235877, 0.017407284048524777, 0.03067568392664953, 0.03712294920636015, 0.015006603102949323, 0.02757324339986915, 0.005215990418365547, 0.021869363577658993, 0.020488423139086664, 0.0287823731416261, 0.04167420446142345, 0.027559913111693216, 0.022977232448493583, 0.014679907599950817, 0.03301058102917723, 0.021655262543806897, 0.02897812890136932, 0.020257047967854963, 0.031226983013329476, 0.02533111104246128, 0.0242500174668554, 0.02438078564665802, 0.03241705386536928, 0.018313828247087924, 0.018956950918263285, 0.02598565432340752, 0.03801753953634089, 0.03017012598787592, 0.026701795900868887, 0.021006216524923238]",combined,N10_G0.8_D40,0.010906226608845283,0.8,4,0.0,0.024806392197275304,0.02431540155675671,0.010220826549399887,0.0014454431524824323,0.02204236958161033,0.027475933616765903,50,1.0,0.8953143934642466,True
"[0.013858819290800795, 0.01073972417790145, 0.02481774793555517, 0.03659475240738584, 0.009511646984485478, 0.06133511222854904, 0.01564867205310276, 0.02476579576882562, 0.023618679139087426, 0.03493476602155915, 0.021370426605661214, 0.01618407162605906, -0.0014442911477883513, 0.00444395356067679, 0.020023661149611585, 0.013810451815039204, 0.02023946357049479, 0.018537202365985286, 0.012459144597104524, 0.0337934226804293, 0.020140073620138782, 0.013233975936660619, 0.02910715061714414, 0.03413235520823793, 0.011970998697096474, 0.0236608069068983, 0.00024763632666549573, 0.01889331938558099, 0.018107030270927464, 0.02528159650854818, 0.04056451320486161, 0.024182990167695664, 0.018595562621799816, 0.011872919713737815, 0.030557161869980823, 0.015622867927793077, 0.02684578021362878, 0.017479439110692496, 0.026859385430201596, 0.02189642035852289, 0.021211901413714207, 0.021214130492010277, 0.027309490879829548, 0.01679358393483521, 0.014844593759094277, 0.022063091439460697, 0.03549087158934923, 0.027743063067084413, 0.021660905456075366, 0.01612590237954941]",combined,N10_G0.8_D80,0.010906226608845283,0.8,8,0.0,0.02137905482676684,0.020725682492104498,0.010408208169314379,0.0014719429153046838,0.018569194328763406,0.024130662813000223,49,0.98,0.7716146448401329,True
"[0.010274224299120213, 0.007633411941224105, 0.02106903374425971, 0.03177995408366682, 0.00680038634348519, 0.05725995567259824, 0.012245626930332716, 0.021359852039116, 0.02088741959887619, 0.031926612225155665, 0.018063695751407996, 0.01234243824146554, -0.004502449792176191, -9.066631027991601e-05, 0.01810714312942409, 0.009959754497357226, 0.015715195848653787, 0.014930591810024485, 0.008863149297926143, 0.029417035492929886, 0.01715763248846651, 0.008888627005198754, 0.02745245006375832, 0.030866001246461577, 0.008994071634509368, 0.019686507359220312, -0.004134467574830998, 0.015866213834358586, 0.015588151984815807, 0.021927426280368673, 0.03904254407848473, 0.020837561254238163, 0.014413009176201433, 0.009153810283183988, 0.027951398322809864, 0.009667735480466899, 0.024842555691752366, 0.014515159816393841, 0.022423750328043404, 0.018479828804324444, 0.018152438712202568, 0.01790690559593655, 0.022214887693855823, 0.015186725129715292, 0.01062175733160163, 0.01806503081755105, 0.032920389273788084, 0.025035491433000864, 0.016926034099893336, 0.011331536997101585]",combined,N10_G0.8_D120,0.010906226608845283,0.8,12,0.0,0.017920470589748813,0.01753226904220153,0.010548694534098669,0.0014918106875453274,0.015081274758357561,0.020659562544321237,47,0.94,0.6467871316820156,True
"[0.02103862181503271, 0.020031583047680802, 0.03562565910400591, 0.046191124231307494, 0.012151856879797099, 0.06788706734681829, 0.01988919524830548, 0.03475985391585883, 0.027539726427576308, 0.041815489056290844, 0.02836363524423193, 0.022251911549082924, 0.001225690830475669, 0.014486421650849492, 0.024778635368191818, 0.02262782212125663, 0.02855149378487648, 0.03049202749511285, 0.025529292898313002, 0.040799419278683004, 0.02507412036950004, 0.02619971345929409, 0.0316614504556735, 0.04393159862439987, 0.020015810575725414, 0.032234168970640166, 0.008802702222095414, 0.0220936128758211, 0.021358236375506698, 0.029882352150815972, 0.045337606010401696, 0.03277273554559909, 0.028279960659803496, 0.01650586231477507, 0.03536453606819061, 0.028424439633646797, 0.027647551060705267, 0.026092937830084137, 0.03699518804742379, 0.027850146980171152, 0.026007464250131868, 0.025607821945625858, 0.03573041001893771, 0.018782946468257865, 0.02538867150041673, 0.029447395388529078, 0.039978520519814924, 0.03413695668701429, 0.03013418360363987, 0.02403286026412204]",combined,N10_G0.9_D0,0.010906226608845283,0.9,0,0.0,0.028436169763410225,0.02774884902043821,0.010541123939708808,0.0014907400438191908,0.025589583346985665,0.031162766051956232,50,1.0,1.0263206306546417,True
"[0.018769706938981716, 0.018354747703805706, 0.03409284189809349, 0.04389895307301389, 0.010338110456545285, 0.0659707974531615, 0.017858244579087433, 0.033035914564498225, 0.02603639805063917, 0.04059455676948738, 0.026510479956706363, 0.0199552261636273, -0.0009393353994175541, 0.011729864687739996, 0.023799386679050336, 0.020667499751059526, 0.02581631348761896, 0.028704837713958334, 0.02374483143854375, 0.038422879519358084, 0.023444230777722452, 0.024011475611767905, 0.030737569724129207, 0.04251243205986164, 0.018318482085002988, 0.03001170611313321, 0.005740734572748742, 0.020559314448730936, 0.02020929931669531, 0.027811454079835693, 0.0449168243113251, 0.030818421679914262, 0.025795978957618364, 0.014944665768961182, 0.03409593433808459, 0.025016964382058048, 0.026413803924546314, 0.024650270914982376, 0.034615762344367265, 0.026051000621920693, 0.024244529504683615, 0.02383769780013025, 0.0328448651651664, 0.018041121987675525, 0.023244702484766344, 0.027308578864261475, 0.038637156161794736, 0.03296607649839102, 0.027265127420998125, 0.021316889360655372]",combined,N10_G0.9_D20,0.010906226608845283,0.9,2,0.0,0.026554906535349764,0.02580614622261866,0.01065999744563495,0.0015075512962479496,0.02364715695707467,0.02936831473213048,49,0.98,0.9584219200084985,True
"[0.016496802780961904, 0.01660223234990743, 0.03236625566165024, 0.04146232615326829, 0.008598716146474256, 0.06389427116643877, 0.015808151145841998, 0.031237569465210113, 0.024476014125268113, 0.03923436410506929, 0.024649341607424394, 0.017611199594458032, -0.0029778891654249975, 0.008921820042506683, 0.022791241117179215, 0.018611195879575416, 0.023064638924110453, 0.026807118440795932, 0.021847230949317287, 0.03593988784955067, 0.02178171931725996, 0.021721872099137104, 0.0297722232531901, 0.04097871488210119, 0.01659223259414388, 0.027733865564790128, 0.0027650195027773827, 0.018959412108894465, 0.018986186880736923, 0.02574965765030314, 0.04437198329692006, 0.028846325002304232, 0.02330062676488353, 0.013385409058793443, 0.03274815645326718, 0.021510817795929803, 0.025194035674176954, 0.023114892667647838, 0.032163414566924946, 0.0241974388495659, 0.02243408181778881, 0.02197528847074809, 0.02987138137278176, 0.017255822551527016, 0.021015714269146182, 0.025090067407350543, 0.03723466130075076, 0.03168184377072475, 0.02440107814973673, 0.018552127135980256]",combined,N10_G0.9_D40,0.010906226608845283,0.9,4,0.0,0.02461657117139733,0.023207759716265684,0.010769668292691909,0.0015230610961784392,0.021660913116059274,0.027467896875017654,49,0.98,0.8884633570338314,True
"[0.012072508011022803, 0.012954644815199756, 0.028409329279160206, 0.03627334047547831, 0.005417199002584486, 0.05935455583855954, 0.011779975913268313, 0.027477751165711176, 0.021253403521190956, 0.036169521147653295, 0.02096600950053104, 0.012903576100299866, -0.006603542660446618, 0.0033155626842036323, 0.02071354577735751, 0.014330255000947131, 0.017639857800751897, 0.022741457555867553, 0.017788379867950704, 0.030741355434423905, 0.01845887637010797, 0.01692763152287039, 0.02776990039796466, 0.0376079434533755, 0.013144356645819269, 0.023100724248450596, -0.0027238317678695417, 0.01567530826731428, 0.016375161922629028, 0.021722798794708634, 0.042928198669021644, 0.02491274181869585, 0.01838960295337433, 0.010318877440468707, 0.029881443307526317, 0.014425596692503123, 0.022856039598116454, 0.019807876071532268, 0.027109874109376833, 0.020443921259093806, 0.018755506412878112, 0.018094641033659667, 0.023808645239466984, 0.015584437237547162, 0.01639844670621017, 0.020496917257227402, 0.03432472417989621, 0.028850466205329203, 0.018845312105009893, 0.013042236894667852]",combined,N10_G0.9_D80,0.010906226608845283,0.9,8,0.0,0.020660661225573765,0.01932659408827108,0.010942645678283697,0.001547523792647214,0.017665882500271145,0.02356458270196797,48,0.96,0.7456863225671575,True
"[0.007951865969773111, 0.009250327605067207, 0.0239396921165151, 0.03085025671068188, 0.00268291801927778, 0.054456135276158946, 0.008004339203888586, 0.023588500454369873, 0.018012973678350905, 0.03277969438561916, 0.017401954846661155, 0.008366624577344758, -0.009585163898231455, -0.0020319858522152845, 0.018597262665421638, 0.010016820665574716, 0.012493341212743203, 0.018432883905127137, 0.013508850665124625, 0.025386909607506544, 0.015259719947144382, 0.012000146528186317, 0.025751072849445167, 0.033923842756810416, 0.009800894389847242, 0.0184893062970216, -0.007406266898503898, 0.012442561490528248, 0.013644006657995603, 0.01791452878730518, 0.04105896467495869, 0.021073340261245452, 0.013741087334557922, 0.007379409959846095, 0.02689041081369832, 0.007567136423820273, 0.020732793162335728, 0.016285666274844415, 0.021977363746486317, 0.016765692018310144, 0.015133090720957296, 0.014190780315272794, 0.017827631000391156, 0.01383320930059577, 0.011716412634416612, 0.01583823832153962, 0.03139012952595292, 0.02577105883456085, 0.013710411043782247, 0.007779197135445351]",combined,N10_G0.9_D120,0.010906226608845283,0.9,12,0.0,0.016731720762471158,0.015548979134342,0.011036296611053388,0.0015607680345723926,0.013713665348091196,0.0196138857611502,47,0.94,0.6038826729390501,True
"[0.019625452130173568, 0.02245773340840429, 0.03849426523296673, 0.04538142503547674, 0.007852514141733796, 0.06532643009235797, 0.01615600834592021, 0.036808914419716995, 0.025141179694469447, 0.04191535069259486, 0.02787434217087574, 0.01945278291486019, -0.0035891532262376444, 0.014266052394161982, 0.025389150764175153, 0.023243540669259204, 0.026397890815946068, 0.03463646218240673, 0.030413162193150982, 0.038236482496721534, 0.02319035564082953, 0.028915773652375132, 0.02934612042638928, 0.04678441176632761, 0.0211486723342285, 0.03166559113758913, 0.00646808530753671, 0.019007862773632443, 0.01955763031651879, 0.026669007605721294, 0.04579007352595378, 0.033740912152836186, 0.0279232271341191, 0.015079554260235453, 0.03469823832966277, 0.028397828266468667, 0.023492459129507398, 0.028272126506840904, 0.038021151523386275, 0.026192459332140067, 0.02351283852313469, 0.02265885098537246, 0.03273169033343692, 0.017038411775986896, 0.026486463931379794, 0.028238930132413034, 0.03841503277811809, 0.03445337046315927, 0.0272886200738724, 0.02124669734187811]",combined,N10_G1.0_D0,0.010906226608845283,1.0,0,0.0,0.027638248680603706,0.026978813839796847,0.011228064329477741,0.0015878880853944994,0.024584291009840158,0.030551309247180525,49,0.98,0.9975219958268121,True
"[0.017044441224371848, 0.02055599763714437, 0.0367150915973682, 0.04285333706198587, 0.005988135517568327, 0.06304211196357114, 0.013906706917307124, 0.03498248231194187, 0.02338935178457819, 0.040577818149928606, 0.025941140724167935, 0.01676494760876522, -0.005781602593649515, 0.011148859777114849, 0.02434367999106757, 0.02107346242391267, 0.02334897712839814, 0.03263208295802333, 0.02848744373605966, 0.03540366943174031, 0.021486533871979796, 0.02657731139646801, 0.02825582794156012, 0.04527789686580551, 0.01932839784825932, 0.029155182108831418, 0.0032126205564935867, 0.017359402860128437, 0.01833850259211054, 0.024333796575203875, 0.04525436421147346, 0.03153673541663041, 0.02529989143979268, 0.01342425759451707, 0.033258287993454816, 0.02451991105128854, 0.022170408983178347, 0.026675378338999647, 0.03537610266061234, 0.02430734441757445, 0.02145553382112656, 0.020550200509308225, 0.0294265594910817, 0.016274878297926183, 0.024199598081687937, 0.025834906803731142, 0.03696353300175537, 0.033153333608042575, 0.024258707602119255, 0.01828737724587679]",combined,N10_G1.0_D20,0.010906226608845283,1.0,2,0.0,0.025559418370767677,0.024338738283135722,0.011338707010839983,0.00160353532345048,0.02243394882254435,0.028508114048619977,49,0.98,0.9224926774493348,True
"[0.014488925410291384, 0.01857504185567921, 0.03473972983295476, 0.040197386572424276, 0.00423696784244354, 0.06060307056819989, 0.011684542686717994, 0.033071951410953065, 0.02158244225447692, 0.039111294858722744, 0.02399935796376089, 0.01404707401963573, -0.007798020396541844, 0.007996709732899746, 0.023266414568523783, 0.018825342235090053, 0.02029505719944915, 0.03050273391424481, 0.026431831839210995, 0.032444995508153524, 0.019756284010309474, 0.024150625343491, 0.027146154973179445, 0.04364327177198715, 0.01747823394280784, 0.026607945645397313, 8.206290003651834e-05, 0.015671292111440513, 0.017046346982782304, 0.022017849819380805, 0.04460495703547415, 0.029328308476784776, 0.02266361359978103, 0.011775381610003993, 0.0317436165760394, 0.02055637774168241, 0.020887518422626872, 0.024972280744763646, 0.03263321970918047, 0.022375530713503983, 0.01936379968491169, 0.018376639650211225, 0.026027680381368115, 0.015468620697157681, 0.02183963476257368, 0.023340334422424072, 0.03543988593917126, 0.03175223548077022, 0.02124687520860731, 0.015315046440692912]",combined,N10_G1.0_D40,0.010906226608845283,1.0,4,0.0,0.023432289493516632,0.022196690266442394,0.01143379316308779,0.001616982536060752,0.02030325763966898,0.026411749131633154,49,0.98,0.8457201631146835,True
"[0.009607055953092233, 0.014474931376568217, 0.03029827115514218, 0.03462270804464074, 0.0011247285349891972, 0.055375816547320794, 0.007441064007756848, 0.0290631912858568, 0.01789792178804253, 0.03586156820328104, 0.020156564596488888, 0.008677541404338296, -0.011264546756763957, 0.001781093564028502, 0.02104577553394585, 0.014222050732426786, 0.014326314661624852, 0.02594468737432859, 0.022010906405023505, 0.026277972278716255, 0.016321977845420124, 0.019115714709531273, 0.024921880583835404, 0.04003470289657789, 0.013788889707398555, 0.021499147707179353, -0.005599052205996602, 0.012286572991828532, 0.014305691415910052, 0.01753219151804576, 0.04298247215560036, 0.024969901339515807, 0.01747742012403991, 0.008548475946245762, 0.02856561805373274, 0.012646934584450764, 0.018492230834268972, 0.021294035872963628, 0.026951132418957427, 0.018491789737282202, 0.015183012642989796, 0.013986652682362405, 0.019136272157432258, 0.013758744110695623, 0.016993787576106506, 0.018183788680789126, 0.03227692637821468, 0.028724905993113628, 0.01544669046062723, 0.009500800038992438]",combined,N10_G1.0_D80,0.010906226608845283,1.0,8,0.0,0.019135298512979192,0.01804085523441583,0.011561469301509334,0.0016350386687154694,0.015939320342552694,0.022100779565454167,48,0.96,0.6906328032573407,True
"[0.005175924832821546, 0.01034325898689556, 0.02538704244730386, 0.028883205799369788, -0.0014581060926713851, 0.0498634394265868, 0.003587364142925667, 0.024901612625026617, 0.014270580853861153, 0.03231652363918615, 0.016439802209762155, 0.0036286439167634715, -0.01399426950444116, -0.0040416621958547505, 0.018785919683059635, 0.009666601006457345, 0.008743887679276308, 0.021127238506062795, 0.017320309874748405, 0.019999215990949754, 0.013046888156658873, 0.01398095146927307, 0.022763064510355216, 0.03607640645283468, 0.010220764722470244, 0.016497774755053804, -0.010339960704046344, 0.00903885685919302, 0.011462823207795944, 0.013351534519593977, 0.0409703580360031, 0.020772922219082793, 0.012577883709671209, 0.005479060910010464, 0.02530203642407182, 0.005132387828961804, 0.01638661234111101, 0.01736937958694476, 0.021172470963370382, 0.014718071959353915, 0.011160323454431437, 0.009745528881369772, 0.012416242764524243, 0.011975547853620871, 0.012120839538925302, 0.012981244492852609, 0.029105126642489293, 0.02549448841734124, 0.010142443804191742, 0.004068087258793568]",combined,N10_G1.0_D120,0.010906226608845283,1.0,12,0.0,0.01492273389728787,0.013199211338126425,0.011594448409923639,0.0016397026189549175,0.01174498994906657,0.017921485913026385,46,0.92,0.5385925668604942,True
"[0.017169280748564296, 0.02353719642720699, 0.039231998450172834, 0.04317751360209687, 0.0032388128962511364, 0.06070530702163049, 0.011979317481873752, 0.037272092664227846, 0.021527284650900494, 0.04049208830431855, 0.026899190503735737, 0.015565578307103395, -0.007879242321179952, 0.01297793356056727, 0.02555568918591991, 0.022998496902539467, 0.02327938183441671, 0.03687121331838113, 0.033095846861790575, 0.0340051656871211, 0.020727640606926376, 0.02969015050353098, 0.025500850940786926, 0.0483144338553194, 0.021423558003982435, 0.029723181838782614, 0.003931987330499681, 0.015772808331568383, 0.017401443700651137, 0.022723009342236276, 0.04401872456687152, 0.03381489373763834, 0.026544475355344786, 0.013357341197364939, 0.03335977323945917, 0.027313886391230086, 0.018873826291080115, 0.028933361330901547, 0.03835514744051469, 0.023945358949106363, 0.019666381079918964, 0.01858301401239127, 0.02838910943400741, 0.014661804650477755, 0.0264209695068814, 0.02608684386249925, 0.03557098753212682, 0.03353564373586854, 0.023704831960578057, 0.01784322082058462]",combined,N10_G1.1_D0,0.010906226608845283,1.1,0,0.0,0.02579777611273537,0.02552827006335342,0.01185167020514263,0.0016760792740885828,0.0224997764532324,0.028870883390067686,49,0.98,0.9310955051189205,True
"[0.014443312964143105, 0.021526208340680662, 0.037312316216567484, 0.040539877121843024, 0.001443840958185852, 0.05814872609165707, 0.009677787769443794, 0.03545128384936787, 0.019601404509426552, 0.03910957269064866, 0.02493814320648112, 0.012602453001952146, -0.009976851433882744, 0.009741290426395197, 0.024474848561164747, 0.02072466006111029, 0.0200413496113832, 0.03477851079767405, 0.031182006165782518, 0.030761854598702232, 0.01902778308815127, 0.02735853301982305, 0.02437844711938089, 0.046785190253865794, 0.01958200498559934, 0.02707899588332549, 0.0006671262642108933, 0.014097889337063546, 0.016154189248247852, 0.02016641001379342, 0.043431168438479245, 0.03144402824315845, 0.023911168903458527, 0.011658476080645672, 0.03180107253101999, 0.023117980505981232, 0.017547052570295957, 0.027280860674898925, 0.03550510928340899, 0.02205794296107827, 0.01742203082626797, 0.01626920480719781, 0.024755420426618192, 0.013920709120025923, 0.024103970680521516, 0.023488892291192616, 0.034100949777444836, 0.03219435294390122, 0.020644869752339604, 0.014801296262735714]",combined,N10_G1.1_D20,0.010906226608845283,1.1,2,0.0,0.023625514436057184,0.023303436398586924,0.011947978686001165,0.0016896993500687518,0.020317904939029168,0.026695930298145105,49,0.98,0.8526940539915623,True
"[0.01177064514410197, 0.01943969699349475, 0.03521658080993963, 0.037796135969028435, -0.0002106388020653993, 0.0554605923213015, 0.007442219124362381, 0.03354099639962298, 0.01763114587909862, 0.03761758910185144, 0.022967050455473953, 0.009638161657912508, -0.01187214464022715, 0.006489963200129657, 0.023359248482902217, 0.018394089985598078, 0.01680996857062568, 0.03255562995792988, 0.02913159630942804, 0.027386667546837738, 0.017306439585761196, 0.02495365596658626, 0.02325910459008773, 0.045118970992297586, 0.017704396373881853, 0.024417058990138754, -0.002451746907990833, 0.012407144100276143, 0.0148373005694757, 0.01764246282392265, 0.04275061698714454, 0.0290833866927684, 0.02126062364022012, 0.009969052099454201, 0.030176329765105203, 0.018859633208239593, 0.016282649879120648, 0.025516351578747945, 0.03252893965230171, 0.020130356336086785, 0.015164891779344339, 0.013935497701738533, 0.02103201524293466, 0.013141072377268762, 0.02172691625788975, 0.020795916990744324, 0.03255012520036606, 0.03076937543381633, 0.017612005901951402, 0.01177898358496307]",combined,N10_G1.1_D40,0.010906226608845283,1.1,4,0.0,0.021416494437239808,0.020463136663415555,0.012026847123835827,0.0017008530315116477,0.018034461226885627,0.024516528705158712,47,0.94,0.7729659184100889,True
"[0.006734589483821704, 0.015138294544194936, 0.030593116527926303, 0.032099868070981585, -0.003078983452108497, 0.04980727985137584, 0.0032590133582319353, 0.029511204791734816, 0.013669128122930155, 0.03436166252653669, 0.019061528595077593, 0.0038773634153429354, -0.01505340928173761, 0.0001302859899242198, 0.02105561267093453, 0.013680830333734434, 0.01053578037935686, 0.027795222573617828, 0.02468854724727912, 0.02040527101682353, 0.01390167321234062, 0.0199903732722998, 0.02107010524973274, 0.041419935515120285, 0.01394448253666758, 0.01912982969709849, -0.00806536470382209, 0.00907573389456899, 0.012057548234042925, 0.012798614810559453, 0.04112119307069878, 0.024464200155076096, 0.016032336309650688, 0.006672938757576394, 0.026806752909955364, 0.010454657452700411, 0.013979054466456572, 0.02169323786370804, 0.026322583775942585, 0.01626847582872691, 0.010723451694531164, 0.0093596125518072, 0.013529119853744817, 0.011492901742715875, 0.016874420391830736, 0.015242847760698564, 0.029319956846347646, 0.027735648885935757, 0.011795971575149153, 0.005946797951954352]",combined,N10_G1.1_D80,0.010906226608845283,1.1,8,0.0,0.016988625966595897,0.01519057115244675,0.012119957482884773,0.0017140208247680925,0.013653563733032196,0.02013509821998998,47,0.94,0.6131549171726961,True
"[0.0022381941738910255, 0.010816341192199, 0.025566965941337727, 0.02629255502947167, -0.005391260080042912, 0.04396205080502459, -0.0004658031490715059, 0.02529650098196551, 0.009848606649560235, 0.030846703723932153, 0.015278012807089209, -0.001420857201807485, -0.01748719613133029, -0.005778990430520062, 0.018708069054672566, 0.00906899486160799, 0.0047294338869069, 0.022757009890792504, 0.019919701513236562, 0.013395801965937953, 0.010668571261161705, 0.014939309812860208, 0.018998534367099792, 0.03733760887178439, 0.01029040280884426, 0.014004082882553393, -0.012708677466960125, 0.00593404724548581, 0.009189726550792102, 0.00835436373544382, 0.039159712861439114, 0.02006071082381687, 0.011076519352540698, 0.0035528356236946834, 0.023388389189209643, 0.0025830852393548265, 0.012013785500393975, 0.01759249628312194, 0.019991147305354853, 0.01252675195280635, 0.006532847560806243, 0.005090067002545218, 0.0062899260136041885, 0.009776531676953429, 0.012014058386488988, 0.009667202257857485, 0.026084091070358112, 0.024535738351099456, 0.006507313838332918, 0.0005745673923635009]",combined,N10_G1.1_D120,0.010906226608845283,1.1,12,0.0,0.012684131664721224,0.010946430272369849,0.012118792233856613,0.0017138560336701757,0.009426560699484129,0.01586650868350194,44,0.88,0.4577967468106016,True
"[0.014121303570760878, 0.023454458862873534, 0.03851855478408159, 0.04024184917579965, -0.001300669983308106, 0.054756135155801744, 0.007988151537863739, 0.036568979414717484, 0.017002272365149937, 0.03819762281370116, 0.025617515683472605, 0.011086770699833312, -0.011339516419093101, 0.011133445096247474, 0.025353375408920645, 0.022223574691471543, 0.019561851283343507, 0.037381832706602336, 0.033977939715516575, 0.02831713896237735, 0.017957531256804063, 0.029351836113363894, 0.021043020330344775, 0.04876666789850162, 0.02105241941981291, 0.026954753823320812, 0.0015553418594935337, 0.012701702164981607, 0.015081913838889585, 0.018174508993367963, 0.04102115939503928, 0.033195450987614006, 0.02455956969094142, 0.011484117943904304, 0.03158261938041852, 0.025401891185622166, 0.014053917348074707, 0.028269482232749013, 0.037931343219984516, 0.02143071757002235, 0.014976002579838263, 0.013975790046420689, 0.023138003524348076, 0.011983982965214593, 0.025690852984783616, 0.02323227650936799, 0.031610533381853774, 0.03194594946141592, 0.01986112879413615, 0.014341261019662072]",combined,N10_G1.2_D0,0.010906226608845283,1.2,0,0.0,0.02330376662892852,0.023185140016858032,0.012349125692880152,0.0017464301038321154,0.019786521971810276,0.026574681799906946,48,0.96,0.8410815050768721,True
"[0.011405405567669273, 0.02143934030010919, 0.03656237056726007, 0.03758701088918677, -0.002943011367695217, 0.052041889088109, 0.005748449300681496, 0.03481907451708506, 0.014997726465165506, 0.03681694717755614, 0.023664027433989224, 0.00799820045623105, -0.013287594189027724, 0.007970470984204295, 0.024263196178389485, 0.019930765359510064, 0.016252158281516063, 0.03531152341222164, 0.03216321234997299, 0.024761277476062438, 0.016315168332843813, 0.02710641844608329, 0.01998609628308215, 0.04726067405878005, 0.019260630847800622, 0.024307579669690244, -0.0016034656018792254, 0.011060059489709811, 0.013839053644719601, 0.015449838033618893, 0.04042807101030513, 0.03074142082473269, 0.021995475759262167, 0.009781484835379509, 0.029958029456961313, 0.021057860165500084, 0.012799646901560255, 0.026637453349472998, 0.03494747174120204, 0.019594417309789475, 0.012668592757069025, 0.01161735909921198, 0.019283224732535076, 0.011289445840657233, 0.023411769225571186, 0.020518136000291343, 0.03020333552016495, 0.030624139907969555, 0.0168547049950194, 0.011333475817558156]",combined,N10_G1.2_D20,0.010906226608845283,1.2,2,0.0,0.021124600174057193,0.020252116141686746,0.012437221038666907,0.001758888667111473,0.01759140519297767,0.0244139165507351,47,0.94,0.7624308461142578,True
"[0.008760331673220642, 0.019356106258654568, 0.03445681784799297, 0.03484635276395967, -0.004432538763426683, 0.049225736579272816, 0.0035972365461310885, 0.03297968194559024, 0.012965372730697783, 0.03534779673048803, 0.021698907982117377, 0.004939201662012033, -0.015029363523245826, 0.004807446457230233, 0.023135544805554686, 0.017598943986855936, 0.012959391267454948, 0.033114047077250464, 0.030215602175133083, 0.021083136889690955, 0.014655223004911122, 0.02479998279951849, 0.018946952270253947, 0.04561383948664925, 0.017424557757374837, 0.021656195434257605, -0.0046118180473210535, 0.009419976122300236, 0.012531029219541454, 0.0127738532747326, 0.03976256931993534, 0.028309272182316186, 0.019410523698839055, 0.008089933308780967, 0.0282771267002231, 0.016675930255092772, 0.011624419734150529, 0.024896200518328734, 0.031809198986877625, 0.01772292979948914, 0.010370921949505563, 0.00928238750502458, 0.015351137486681862, 0.01056290365131303, 0.02108341500730554, 0.01771114383211765, 0.02871318839940091, 0.029234922838302715, 0.013881804012171178, 0.008368409959769563]",combined,N10_G1.2_D40,0.010906226608845283,1.2,4,0.0,0.018919477671209592,0.017717036815803396,0.012509409014070242,0.0017690975884970383,0.01539427579791354,0.022206790866961496,47,0.94,0.6828433792851147,True
"[0.003813423769700189, 0.01507064011592063, 0.029879394715429053, 0.029200688643166925, -0.006962947253818116, 0.04339488882696568, -0.000380360041426428, 0.029080278619599303, 0.008933319816958968, 0.03218456740251127, 0.01779838062062296, -0.0009247999748269592, -0.01791597606715896, -0.0013595746887985066, 0.020800485229674037, 0.012920254867756165, 0.006595524951029524, 0.02840266206559526, 0.025969554766301, 0.01354658735858602, 0.0113756239557785, 0.02005364749961698, 0.016946689203233167, 0.041937069424207316, 0.01371988084179561, 0.01641806839973592, -0.010018104800489355, 0.0062259718244337126, 0.00977907465667835, 0.007688381231022293, 0.038218171431204345, 0.023577824696528943, 0.014292823722870107, 0.004794902418356256, 0.0248210028945217, 0.008095956185795838, 0.00953081831801536, 0.02111655991472991, 0.025215396534170875, 0.013976911629189043, 0.005906377668976878, 0.004808707341880436, 0.007476695963749377, 0.009033621357357552, 0.01634718715973009, 0.011940771079085477, 0.02559665722156214, 0.026307361694388284, 0.008194963609937017, 0.0026966026052508696]",combined,N10_G1.2_D80,0.010906226608845283,1.2,8,0.0,0.014522452188542019,0.013633234100190815,0.012595875194019085,0.001781325752934063,0.011000636725362181,0.017814847846420387,44,0.88,0.524145565763737,True
"[-0.0005727149270099846, 0.01076015301836633, 0.024958631748530954, 0.023479885935984893, -0.008956109651819089, 0.03745786854925137, -0.003889819734931743, 0.024967826928038672, 0.00511533382171421, 0.02879859627237602, 0.01400950276298471, -0.006230060548836791, -0.020093898168571864, -0.0070925022037140045, 0.01841360277707632, 0.00836776482747327, 0.0007471289272718978, 0.023395144906056445, 0.021358383420457525, 0.006086593107567151, 0.00826278936702761, 0.0152212998341755, 0.015081511315179472, 0.03785040412405054, 0.010085291947489153, 0.011359540794829232, -0.014496408397438612, 0.003244674924405791, 0.006948334824562086, 0.0030985290759008577, 0.03639910389531116, 0.01909579256354932, 0.009413236798605715, 0.001683395200930915, 0.0213443675877818, 0.0001321176119167683, 0.00779295472872818, 0.017038373698924844, 0.018456107285326137, 0.01034427955786675, 0.0017520207112912967, 0.0007366031968443765, -5.3153723251736507e-05, 0.007441951091019666, 0.011609170726024284, 0.006170531813438435, 0.02246742177203853, 0.023239220881204517, 0.00303629958613251, -0.0024881757157910467]",combined,N10_G1.2_D120,0.010906226608845283,1.2,12,0.0,0.010266977976926805,0.008890500813039492,0.012596217603664053,0.001781374176970443,0.006881780114218729,0.013565422161417259,41,0.82,0.3705566326220003,True
"[0.020878040952824, 0.016424019055631678, 0.030253585311868662, 0.04445033091026037, 0.01562914831921222, 0.06827416823371141, 0.02207378023593761, 0.0312781114278574, 0.028289710616491354, 0.039266646519504754, 0.028055195766521275, 0.023986983930635905, 0.0062722491103683956, 0.013716036859093172, 0.023420418915558364, 0.020684324564754393, 0.02909565301237981, 0.025274514434053375, 0.01864991198283881, 0.04238240997773618, 0.026251614230718257, 0.02121170703597288, 0.03175461256219084, 0.03942570636605668, 0.017418237298303288, 0.03146945298811951, 0.009904285013658982, 0.02491488465763053, 0.021934703100041197, 0.032332546143416435, 0.042642969080262064, 0.030527385115172723, 0.026963867641194468, 0.017215226766404093, 0.034692622212690004, 0.026792033739097637, 0.031164653103746234, 0.022406480141882804, 0.036154102505539264, 0.02840016093828495, 0.026820331007254436, 0.026958172802410897, 0.036956628434670985, 0.019247928183489194, 0.023072978278132317, 0.029291564697164388, 0.03996087453989661, 0.03238464683006747, 0.03189940606887201, 0.025422803882221956]",combined,N20_G0.8_D0,0.021812453217690566,0.8,0,0.0,0.02787895651003604,0.026961020221802683,0.010049221474505739,0.0014211745300536968,0.02521350828773314,0.030522685888813607,50,1.0,1.0062096430508198,True
"[0.019031681554479173, 0.015043923752854849, 0.02903155021540481, 0.042509228182699726, 0.013988909914261369, 0.06676917665345375, 0.02042961164876307, 0.029774367057300896, 0.027061543660978946, 0.038224837740434524, 0.026371179447467023, 0.02214224669681543, 0.00431872701352954, 0.011491796857809308, 0.022547189503281925, 0.018996779359265373, 0.026747688186922573, 0.023784303200014872, 0.01715316322601307, 0.040480487113340194, 0.024792892155176903, 0.01936019468276034, 0.031079212869114095, 0.0381554806651261, 0.015973981376664496, 0.029642291137058296, 0.007249607548647681, 0.023617680704529555, 0.020905209517942717, 0.030549873302917682, 0.0423536703264238, 0.02887872501277715, 0.0247637150292159, 0.015812190670304566, 0.03363123616191633, 0.023941974129033157, 0.030093387399274293, 0.02120281142911415, 0.03409337510388228, 0.02682029213323544, 0.025379867202752482, 0.025590175279614533, 0.03454015600448747, 0.01858317792800456, 0.021204293702270935, 0.027464323638394905, 0.03880984199573261, 0.031428919590386295, 0.029353696065052858, 0.023094579278560144]",combined,N20_G0.8_D20,0.021812453217690566,0.8,2,0.0,0.02628530446050924,0.025485021241183507,0.010150502759871808,0.0014354978667916241,0.023552330628034263,0.028912040211417883,50,1.0,0.9486914192491394,True
"[0.017167191295616377, 0.013599991831504968, 0.027649148083550033, 0.04042594773593442, 0.012383184356205598, 0.06512187325981787, 0.018734647499069196, 0.02820767057680737, 0.025784690599516463, 0.03705246779231644, 0.024677758295357052, 0.02024523688674265, 0.0024284718875566963, 0.0092128528970431, 0.021648558704166806, 0.017214414627503685, 0.02437893079945433, 0.022205697506574085, 0.015564542169499727, 0.03849680819544159, 0.023293518535865823, 0.017408759273112973, 0.030355703291537584, 0.03678876459494863, 0.014497413618615826, 0.027752505236573966, 0.00464340300216641, 0.022232603285805876, 0.019806605930130526, 0.028769718814047288, 0.041950944230178866, 0.027205863971890648, 0.02255265581764576, 0.01440563018554844, 0.032493882933874285, 0.020999625312351833, 0.029013759647492893, 0.019925378112884168, 0.03197575395637406, 0.02517437546604906, 0.02389181154267163, 0.02413063067147013, 0.0320527217836418, 0.01787764649276382, 0.01924661827307593, 0.02557377870499615, 0.03760878953411197, 0.030361114006482927, 0.026796749442627145, 0.020691957065974313]",combined,N20_G0.8_D40,0.021812453217690566,0.8,4,0.0,0.024633575354691784,0.02401122110707088,0.01025129216861328,0.0014497516416701996,0.021872480398288055,0.027304088752658644,50,1.0,0.8890770734473896,True
"[0.013473959596827817, 0.01058113575442024, 0.02444673577631999, 0.0359257140361732, 0.009356007892320384, 0.0614610181404147, 0.015296370392315753, 0.02493213663280601, 0.02312876065972168, 0.034376103533118194, 0.021316846340492232, 0.016376139685316607, -0.0010784248432579996, 0.004600901060001696, 0.019795163173638178, 0.013458835778893563, 0.019674473572359998, 0.01882347845317625, 0.012169428528754342, 0.03433616450864718, 0.02025785359253693, 0.013277414006368886, 0.028800397738693986, 0.03379661620953035, 0.011520955815587791, 0.02385133767342161, -0.00025863475168107913, 0.019294190757197634, 0.017448428594657034, 0.025267758420825806, 0.04081751074238042, 0.023836856172197607, 0.01818687772202883, 0.011619618976506318, 0.03004325303641922, 0.014994726399058092, 0.02688612817258433, 0.017177154126526428, 0.027616617707175453, 0.021786054426542245, 0.020831181867021598, 0.021010168135983276, 0.026967928725353793, 0.016368318456670805, 0.015145478970277765, 0.0216621402928482, 0.03511059506963071, 0.02794859142545795, 0.02177974166317294, 0.01580195021655871]",combined,N20_G0.8_D80,0.021812453217690566,0.8,8,0.0,0.02122596318067987,0.020544517729779263,0.010433974856981481,0.0014755868752203084,0.0184038466200975,0.023975980098168658,48,0.96,0.7660892482741681,True
"[0.009938226387629298, 0.007486354118462907, 0.02076057749329485, 0.031136123482356712, 0.00665244508510493, 0.057422326424489606, 0.01194109633557773, 0.021534799092880336, 0.02041538872298354, 0.03137263787335243, 0.018050503215300467, 0.012551185545378443, -0.0041323047285725945, 9.443701724215492e-05, 0.01790174615300262, 0.009610184439495448, 0.015149235448629575, 0.01522148376909667, 0.00858397898309858, 0.030010704778220446, 0.017283377256353788, 0.008971950707255566, 0.027160638102705956, 0.030531872919460273, 0.008597850494533918, 0.019888327129008204, -0.004570303047510646, 0.01628758951427002, 0.014958994570170678, 0.02191173994498187, 0.03928191859897544, 0.020502405350017155, 0.014025366072561385, 0.00891950476378077, 0.027442732182207163, 0.009074917193820753, 0.024885472934543892, 0.014242589314150997, 0.023174516935661638, 0.018398392885828715, 0.01775679108724261, 0.01774679192789326, 0.021904081787400942, 0.01477245724340559, 0.010929190153609339, 0.01768010308713079, 0.03256673078278753, 0.025252521452823196, 0.01706200014043277, 0.011001176232956364]",combined,N20_G0.8_D120,0.021812453217690566,0.8,12,0.0,0.017786856547109684,0.01748174017174229,0.010570333361842673,0.0014948708799122701,0.014941071909623304,0.020563635999340614,48,0.96,0.641964722417806,True
"[0.020585212343190454, 0.019871166363393977, 0.03514988697430035, 0.04548522208719969, 0.012000056144593443, 0.06790030483382058, 0.019461824963370962, 0.03487195358662903, 0.02700742457393862, 0.04122668454466468, 0.02821869422668332, 0.02235674008258816, 0.00159739351172683, 0.014581129859166049, 0.024467051122146935, 0.02224379625037616, 0.027952654384780166, 0.030686656571637, 0.025204528226816236, 0.04124956763837792, 0.025227082253742407, 0.026145602981171044, 0.031280460777013235, 0.04366034302252804, 0.01950823391682692, 0.03242035640142697, 0.008188142849055134, 0.022412836790686202, 0.020645498602802452, 0.029897747816434617, 0.04555859430182914, 0.03241552992673437, 0.027828393107001692, 0.016199364244608598, 0.03490873565147388, 0.027715273840032514, 0.027696722699531717, 0.025693427627680697, 0.037680467138347995, 0.027703098655201847, 0.02560955474411742, 0.025347893108215926, 0.0353370194677638, 0.01833931898585183, 0.025603120353848853, 0.02898283892336452, 0.039485165804603865, 0.03429253421656955, 0.030181320724011515, 0.023732608402411315]",combined,N20_G0.9_D0,0.021812453217690566,0.9,0,0.0,0.028236304712485776,0.027699910677366782,0.010563966615090386,0.001493970485951742,0.02537129258690424,0.030998474677320167,50,1.0,1.0191070844275214,True
"[0.01833311006435704, 0.018195917964091965, 0.03364740434289603, 0.04319738947915596, 0.010187897735045234, 0.06600458903882384, 0.017459733863376514, 0.03315907600300187, 0.025503804498732595, 0.03999978117480444, 0.026391547395710466, 0.020087808453864743, -0.0005499566384666588, 0.01185128965181606, 0.023500021967292367, 0.020266758538786754, 0.025205538893576032, 0.028902347010825148, 0.023434698497159095, 0.038913793872299755, 0.023605312685558745, 0.023979145131680105, 0.030364194907105166, 0.04223426643282848, 0.01783713928498519, 0.030202503699733527, 0.005155873872460297, 0.020904967140594165, 0.019504875681998782, 0.0278241775789822, 0.04511882730972423, 0.030463163430834078, 0.025347251674240345, 0.014651307044979196, 0.03363849622323538, 0.024318099877149918, 0.02646720154358355, 0.024266481126832808, 0.03532440490409852, 0.025936584074004947, 0.02382994088468688, 0.02360543015399791, 0.03245772716876472, 0.017602341416418733, 0.023471905956919392, 0.026848280959880143, 0.03816371372634818, 0.03313255510126875, 0.027330893621973044, 0.02100989357848427]",combined,N20_G0.9_D20,0.021812453217690566,0.9,2,0.0,0.026365790160010016,0.02527639528390819,0.010680557978550125,0.0015104589946977754,0.023449425790189025,0.029200992635495877,49,0.98,0.9515963158845718,True
"[0.01608220873317273, 0.016445351617975494, 0.03195375590306257, 0.04076886295004549, 0.00845072257463271, 0.06395028941941924, 0.015438262624526133, 0.03137124311794552, 0.023946529919446513, 0.03863658013570339, 0.0245557018720282, 0.017767662704750622, -0.0025773475690454573, 0.009067298780480036, 0.022504898977458998, 0.018201375387266155, 0.02244655783161585, 0.027009552063654442, 0.02154964509446909, 0.03647041933223214, 0.02194849142626297, 0.021711893516263465, 0.029408187536743464, 0.040694992876318545, 0.016137142385991975, 0.027930148001283905, 0.002216099740750044, 0.01932659315579921, 0.018293197407136648, 0.025759891138401575, 0.04455806374605576, 0.02849470745327176, 0.022858134922877617, 0.01310479940324491, 0.03228946457487645, 0.020826557799214676, 0.025250254854673568, 0.022748385793262993, 0.032890069699814194, 0.024109246997548843, 0.02200499464615329, 0.021771398989328845, 0.029494820883213667, 0.01682180057775884, 0.021255096101684676, 0.024636245634681267, 0.03678126253828373, 0.03185863633013939, 0.02448437491884404, 0.01823810273452143]",combined,N20_G0.9_D40,0.021812453217690566,0.9,4,0.0,0.024438852545104837,0.022803260358070305,0.010788234696690316,0.0015256867822123438,0.02147461067269646,0.02731832813566465,49,0.98,0.8820491214270978,True
"[0.011710009077367953, 0.012803947159939544, 0.028065912637361433, 0.03560474261499187, 0.005274919419024457, 0.05945656169967492, 0.01146349764912364, 0.027630111219498835, 0.020739023083261213, 0.0355735880700737, 0.020919132559331755, 0.013094648547734206, -0.00619838032588331, 0.0034989813893223365, 0.020455389163593518, 0.013923186436145416, 0.017020095604646103, 0.02295838008806693, 0.017509792822745306, 0.03134551894559911, 0.018629899378499237, 0.01696158678330035, 0.02742792225625433, 0.037316423397197304, 0.012739808607750397, 0.023309409728686878, -0.003190978834271732, 0.01607022136030191, 0.015712233586568675, 0.021728174616178694, 0.0430925805705709, 0.02457230983238448, 0.017966170955514532, 0.010061740318275433, 0.029422303560334942, 0.013780203348086814, 0.022915028921122196, 0.01947786813242544, 0.027856290160529693, 0.02039054228843694, 0.01830483492678478, 0.017945258358998684, 0.023463648530297407, 0.015160457700212973, 0.0166587236708384, 0.02006200401885716, 0.033910265699039224, 0.02904498301126114, 0.0189580622127469, 0.012715592031117995]",combined,N20_G0.9_D80,0.021812453217690566,0.9,8,0.0,0.020506252539798417,0.01921796517258617,0.010957830954586155,0.0015496713150167458,0.017514433241012567,0.023401515979782146,48,0.96,0.7401133912939936,True
"[0.007645351912966197, 0.009109230995223289, 0.02366310494917799, 0.030211862996675456, 0.0025473423064367173, 0.05460302714094599, 0.007733534844278411, 0.023754823915942122, 0.017522595436743768, 0.03219401877929251, 0.017396551174581013, 0.008575020319018481, -0.009193147380127595, -0.0018246424841587908, 0.01836828305856672, 0.009633351692467734, 0.011885554817550284, 0.018668514264138972, 0.01324268989163703, 0.026051934006770944, 0.01542806819145523, 0.012074113181053475, 0.025431924751533483, 0.03362834298385939, 0.009442659540434578, 0.018709687320949533, -0.007794390488784067, 0.012847149730384838, 0.013017277999415489, 0.017914875402656752, 0.04121547237053601, 0.020747123548750607, 0.0133425611667628, 0.007143048147257164, 0.026433230247721456, 0.006967884431175256, 0.02079201399437454, 0.01599206795631694, 0.022723382646309742, 0.016729189276790804, 0.014671484165285908, 0.014087865153700502, 0.01752356547283325, 0.013419676178017648, 0.011991836391095287, 0.01542843498236296, 0.03101133045915201, 0.025979057387463617, 0.013843438716497208, 0.007443278026753125]",combined,N20_G0.9_D120,0.021812453217690566,0.9,12,0.0,0.016599493039404854,0.015428251586909095,0.011048620298267512,0.0015625108671320585,0.013623957419221499,0.01950582730553073,47,0.94,0.5991102988374558,True
"[0.019223844000370506, 0.022332694948778944, 0.03810748258143732, 0.0447000758577898, 0.007717996992185311, 0.06530783648019645, 0.015784270277095815, 0.036888043733042955, 0.02459555655538883, 0.041316111441954656, 0.027748055547213574, 0.019539550175347392, -0.0031761506872408363, 0.014395445303435783, 0.025047920800160564, 0.022794409862553502, 0.025740858495204993, 0.03471849241361359, 0.030103222126153913, 0.03872397088341729, 0.02341251667417347, 0.028892356037852944, 0.028936526423735155, 0.04657488088971291, 0.020743283731084715, 0.031879202230691905, 0.005903145353605463, 0.01932516415844006, 0.01885085169803239, 0.026710441032557333, 0.045944058654656075, 0.033400183864039173, 0.02747247111276154, 0.014771841383044784, 0.03431349846825662, 0.027680000550223308, 0.023563668763524434, 0.027867326666814227, 0.03864517051638489, 0.026119425105882707, 0.023038947187691, 0.02247017049969134, 0.03234790403433665, 0.016602515168267766, 0.02664405398246847, 0.02774344204883729, 0.03788405689153425, 0.034599437705426506, 0.027327770188470366, 0.020951589333506042]",combined,N20_G1.0_D0,0.021812453217690566,1.0,0,0.0,0.027444511762876083,0.02701910561051385,0.01123730338216229,0.0015891946847554962,0.02436953049962816,0.030356878829986545,49,0.98,0.990529626698423,True
"[0.016658144391880646, 0.020429448230220228, 0.036359726673820945, 0.04217771605553409, 0.005853439292362803, 0.06304826256255118, 0.013561828606914211, 0.035075636100773924, 0.02284335855721769, 0.03997404591923407, 0.0258395914464105, 0.016885283855113307, -0.005360965307940668, 0.011301480015131912, 0.024016870169417046, 0.020617923068043886, 0.022685736935756838, 0.03272276176022318, 0.02819476886142363, 0.03594136621287329, 0.021710131346181064, 0.026572241509359155, 0.027858187196791867, 0.0450584446417322, 0.0189387526271506, 0.029372132644680415, 0.002680402995741224, 0.017697698642753168, 0.017642211445372986, 0.024369923145569045, 0.04539085292642009, 0.03119866035351597, 0.024851649133242684, 0.01313049415107198, 0.03286947243688397, 0.023816187705802308, 0.02224439893476804, 0.026286798357086312, 0.03603454928500403, 0.024259729727571032, 0.02096629833793443, 0.020391539873119723, 0.029050693034953126, 0.015843126089064456, 0.024373535643309435, 0.025346509739409585, 0.03645642035578485, 0.03331080960970222, 0.02431828363834683, 0.017984299625228586]",combined,N20_G1.0_D20,0.021812453217690566,1.0,2,0.0,0.025377017171210284,0.024344103391957937,0.011347262057237297,0.0016047451897146612,0.022292499147694645,0.028332217979833072,49,0.98,0.9159094380145082,True
"[0.014123661325030998, 0.018447177349734042, 0.03441648187219741, 0.03953096554276134, 0.004103081080211568, 0.060635390768664914, 0.011365189608394631, 0.033178622039053, 0.02104032135704028, 0.03850595947882731, 0.023921904578966313, 0.014195479037112477, -0.0073763738311644345, 0.008168766317117368, 0.0229549619761798, 0.018371411994007214, 0.019631025938671116, 0.030605073429422147, 0.02615382931402134, 0.03303068281764254, 0.019978855134837673, 0.024163955738349188, 0.026761743911891234, 0.04341521357961276, 0.017104947549022267, 0.02682900931184759, -0.0004112776084482586, 0.016025364381034912, 0.016363774480242246, 0.02204894708467367, 0.044727364353686835, 0.028994650256822532, 0.022221577849309775, 0.01149507244888226, 0.031350931986882435, 0.019871314847802315, 0.020962801381396168, 0.024601665023197015, 0.03331954126897912, 0.022346719122576644, 0.01886234792068106, 0.018246943831600484, 0.0256648522949455, 0.015040965614451882, 0.02202931142806054, 0.022861855511484078, 0.03495701860264404, 0.031920290980788954, 0.021325555672279096, 0.015003983386792492]",combined,N20_G1.0_D40,0.021812453217690566,1.0,4,0.0,0.023261778186804357,0.022135262466991722,0.011441809368243527,0.0016181161986657529,0.020149406695832612,0.026234028129221112,48,0.96,0.8395660546923928,True
"[0.009293551046608534, 0.01434691811914375, 0.03003721404775697, 0.03398245946505453, 0.000994675177520693, 0.055460677438083875, 0.0071670515585842, 0.029194406885634336, 0.017374384152066234, 0.03526082741081006, 0.02012370994472172, 0.008864069969851493, -0.010856637023149887, 0.0019797069916914142, 0.020767275054313986, 0.013791193101796204, 0.01367478623642946, 0.026076816762832078, 0.021754572510755125, 0.02694946426267126, 0.016536165669495936, 0.01916420889183848, 0.02456591784170098, 0.039792772994234116, 0.013448763943440245, 0.02172959178184708, -0.006007730942593548, 0.012657227064471713, 0.013657717124064467, 0.017553831024848213, 0.04308757890315916, 0.024648969011504998, 0.017055060672372335, 0.008292715010182028, 0.028167132514453366, 0.012008618072027383, 0.01856723757487655, 0.02096142126002999, 0.0276724842848523, 0.01848353924879527, 0.014666786518327868, 0.01390774638603852, 0.018811659553418528, 0.01334006148423765, 0.017211217540751, 0.01773237738309197, 0.031841225614569105, 0.028910646398191978, 0.015556918099273703, 0.00917613072176758]",combined,N20_G1.0_D80,0.021812453217690566,1.0,8,0.0,0.0189887022951689,0.01764310420397009,0.011568311239457039,0.0016360062648593252,0.01580542331909262,0.02195688696649622,48,0.96,0.6853418402350197,True
"[0.0049178829160178295, 0.010219402793745211, 0.025180701512308334, 0.02827347718291201, -0.001582526762515496, 0.04999763475900232, 0.0033504180256878763, 0.025051964502406918, 0.013776032070423314, 0.03172866476551972, 0.016446539818727957, 0.0038307146094067185, -0.013612984210037177, -0.0038311655793400526, 0.018541200704508237, 0.009276003615188474, 0.00811837170579624, 0.02129421386132585, 0.017077229899284868, 0.020735980323776715, 0.013247619574299582, 0.014060531761308032, 0.022435670302873967, 0.035824698732873, 0.009913000963886726, 0.01673662986484195, -0.010668861324440324, 0.009410000119617831, 0.010855133526951444, 0.013364462607858174, 0.04107249075800269, 0.02046747681493266, 0.012181654597584815, 0.005244749268073903, 0.02490045075409092, 0.0045468610752556066, 0.01645905405122436, 0.017074586703500857, 0.021902170031439794, 0.014714397483419489, 0.010641705521050843, 0.009704881646701913, 0.01214007825433537, 0.011566709675692191, 0.012359760544921022, 0.012563769951474568, 0.028712223297854653, 0.025693186402559423, 0.010273729810428373, 0.003734367595293678]",combined,N20_G1.0_D120,0.021812453217690566,1.0,12,0.0,0.01479845893764107,0.013306041091078878,0.011599497867039189,0.001640416720028461,0.011625226200819705,0.017820128247274202,46,0.92,0.5341072245650842,True
"[0.016849817891214064, 0.02345652035977404, 0.03896971855920523, 0.04254489587264286, 0.00311785467121653, 0.06067682103087237, 0.011666773010086305, 0.0373233823936128, 0.020987824715637017, 0.03991601487122434, 0.026799962072553515, 0.015644943715191997, -0.007464907132848225, 0.013137661805485278, 0.02519936374322161, 0.022525598412123676, 0.022595879006603023, 0.03686352132141981, 0.03281258404653601, 0.034542945882229496, 0.020999957468006453, 0.02971364140603193, 0.02509935048820232, 0.04815907947783501, 0.021129702069446248, 0.029966158601113624, 0.0034397817686992183, 0.016076117126447062, 0.016720978197617004, 0.022785024811107432, 0.044146561904072304, 0.03350383556289628, 0.026111314816485015, 0.013056158298715995, 0.03304356405958174, 0.026620856054321268, 0.018963915241755044, 0.028564658111815425, 0.038902157760093974, 0.02392915501025933, 0.019131257492760158, 0.018483852859192122, 0.028042783165297146, 0.01423650083515423, 0.026538626062414195, 0.025586664299893154, 0.0350342352427095, 0.033679442621762146, 0.023746262914872765, 0.017556107008192406]",combined,N20_G1.1_D0,0.021812453217690566,1.1,0,0.0,0.02562269753969505,0.025149357115711965,0.011854169045888647,0.0016764326635359055,0.0223292156326492,0.02871862462959056,49,0.98,0.9247765545361993,True
"[0.014132929225850188, 0.021440576791256348, 0.037075638983044876, 0.039912846246700454, 0.001321324361037865, 0.05814640267880823, 0.009386286160485896, 0.035517643063991605, 0.019061280702683675, 0.03853007268269758, 0.024860984924007692, 0.012717544806003428, -0.009564271565283361, 0.009915477530658162, 0.024134048121089144, 0.020254129954297873, 0.019357780332960157, 0.03478354278037407, 0.03091574635907765, 0.0313553203738433, 0.019295548498274584, 0.027394473510317846, 0.023990588110798253, 0.04661828037255423, 0.019292312709626155, 0.02732247598482883, 0.00020578641517620538, 0.014416198700603344, 0.015485418576940815, 0.02022029299513882, 0.04354440374064976, 0.031135498442001003, 0.02347968305895562, 0.01137112813773608, 0.03147794486246182, 0.02244039193079629, 0.017637990639096865, 0.02692580123553346, 0.036097773845785074, 0.022059374678828292, 0.016875914041820317, 0.01619540504319921, 0.0244176773960723, 0.01349890793663297, 0.024239015262184582, 0.02299808982000645, 0.03358845765383737, 0.032348390449166264, 0.02070605346281372, 0.014506233718141429]",combined,N20_G1.1_D20,0.021812453217690566,1.1,2,0.0,0.02346081631487125,0.02271924087540137,0.011951211863831688,0.001690156590462501,0.020146382069484554,0.02652321434449866,49,0.98,0.8467497555501919,True
"[0.01147534160234856, 0.01934912993625308, 0.03500459354857116, 0.0371776766419053, -0.0003333558693909694, 0.055485361763227506, 0.007170257745720582, 0.03362213850822049, 0.0170951042342478, 0.03703697028048125, 0.022911459122575153, 0.00978224750831308, -0.011466620510199324, 0.006674767056677147, 0.02303503820835473, 0.017933021075390687, 0.016132003055059442, 0.03257687814064045, 0.0288798740632112, 0.02803234197032388, 0.017567373150162408, 0.025001886886723335, 0.022885829935361243, 0.04494162216065942, 0.017420083121045773, 0.02466172865558658, -0.002876825684654555, 0.012735650483365293, 0.014183350241276982, 0.01768861015207071, 0.04285217525674051, 0.028779100868896942, 0.02083446340062002, 0.009695030069752378, 0.029846588120216413, 0.018201912883155688, 0.016373071873792125, 0.025176569577449612, 0.03316003725900232, 0.02014332822727441, 0.01461137662267667, 0.013884573000933695, 0.02070828067158443, 0.012722839191723775, 0.021878741992769152, 0.020317685344850615, 0.03206276007712137, 0.030932735330992334, 0.017691623080699465, 0.011476266672180019]",combined,N20_G1.1_D40,0.021812453217690566,1.1,4,0.0,0.021262653934119205,0.020230506786062512,0.012030623780888905,0.001701387131474137,0.01788662117058441,0.02434558522608688,47,0.94,0.7674134940330856,True
"[0.006480111754794668, 0.015040316772926332, 0.03042531939715995, 0.03150525947041974, -0.0031990425913866055, 0.049885156264150216, 0.0030211127847367403, 0.02961991144474793, 0.013153318519383131, 0.033785696303590226, 0.01904605516378184, 0.004058199213181887, -0.014673132766841512, 0.0003253165008873654, 0.02076699261069012, 0.013255057533092515, 0.009882954925200485, 0.027856347923288616, 0.024458425723637073, 0.021140378772784865, 0.014143791549430823, 0.02006162781515662, 0.02072652112274774, 0.04122463502881683, 0.01367394331543989, 0.01937805872155507, -0.008412340169146507, 0.009411712051567309, 0.011439998572828777, 0.012830578619479505, 0.04120862803831565, 0.02417213216483051, 0.015624259080164918, 0.006423176312358961, 0.026465350676038585, 0.0098455335819667, 0.014065984739470308, 0.021386060918247338, 0.027006268915942967, 0.016289563229162793, 0.010165409865846312, 0.009345005743739282, 0.013246344977837499, 0.011082893435136604, 0.017056261988990046, 0.01479771328268277, 0.02888232018651493, 0.027914201112613155, 0.011905855887103661, 0.0056316921461497665]",combined,N20_G1.1_D80,0.021812453217690566,1.1,8,0.0,0.016856538772624288,0.014919015027804551,0.012123617891826921,0.0017145384847650743,0.013509111298672155,0.020002497536529405,47,0.94,0.6083876150590065,True
"[0.002029938796474978, 0.010715848695343977, 0.0254344206761912, 0.025725521176728938, -0.005506316467669747, 0.04408848403074625, -0.0006760253656685339, 0.025427714482886443, 0.00936443545304369, 0.030282935438956493, 0.015298407252066187, -0.001228783617200857, -0.017139199566854044, -0.0055851074760819575, 0.01845588391822854, 0.008691516124359824, 0.004113937858047964, 0.022863647017813696, 0.01970272388055383, 0.014192487904448312, 0.010888802192236868, 0.015030438151694844, 0.01868374568427232, 0.03712821435626283, 0.01003660741094943, 0.014255328673051737, -0.01298346336197942, 0.006264563085613656, 0.00861367968171145, 0.008374173164653956, 0.03924535569954808, 0.01978338959115339, 0.010693378779181029, 0.0033241889658412738, 0.02303872981374143, 0.002027792514272486, 0.012095514881663091, 0.017318098683472533, 0.02069482104702139, 0.012542832240779053, 0.005982198245897533, 0.0050990076603347895, 0.0060588117542558495, 0.009376071755174284, 0.012219997815807682, 0.009262260664896521, 0.025691932713974602, 0.02472504937941164, 0.006637115281642028, 0.0002520509941091875]",combined,N20_G1.1_D120,0.021812453217690566,1.1,12,0.0,0.012572263154661215,0.010802325443790423,0.012120477963735452,0.001714094431875891,0.009326647232899726,0.01574805054630486,44,0.88,0.4537591791370918,True
"[0.013882893008122163, 0.02341162948579259, 0.03836212802227228, 0.03966658592424528, -0.0014121431038980753, 0.05473534280724626, 0.007723323585578326, 0.03660165380299865, 0.01648397117241522, 0.03766419949920709, 0.025547157711610008, 0.011170571986605232, -0.010953894876623071, 0.011304127486509469, 0.024995313463943916, 0.02176023185322895, 0.01888746963037418, 0.037328766901896765, 0.03372506698033488, 0.02890848285194348, 0.018256567866289958, 0.029413141238793267, 0.020675773571513553, 0.0486521154023158, 0.02085573372376269, 0.02721765445368833, 0.0011378313789082856, 0.012982862037923704, 0.014441609193004634, 0.018247697323553344, 0.04114909942054139, 0.03292041351880004, 0.024153119529309416, 0.011195215004877732, 0.03132442584196159, 0.02475802396225034, 0.014157721358581524, 0.027959730729276377, 0.038397389112217545, 0.021449822007326702, 0.014415516740804088, 0.013954120127879277, 0.022844848827062295, 0.011572489547642506, 0.025784136334107505, 0.02275320547930458, 0.031102160684115192, 0.03208959112464367, 0.019909610530587818, 0.014066479792206349]",combined,N20_G1.2_D0,0.021812453217690566,1.2,0,0.0,0.023152619681141063,0.022799027153183438,0.01235063809131155,0.0017466439892694547,0.019660072537421608,0.026442820868223568,48,0.96,0.8356262967254874,True
"[0.011168842362225581, 0.021389327167881736, 0.03642378499205691, 0.03701652137775582, -0.003056657443032282, 0.05204599836792975, 0.005498772044268088, 0.034866199714840465, 0.014478623342509614, 0.03628075791721683, 0.023612561841109395, 0.008115591409361342, -0.012909655132928632, 0.008147308019726796, 0.023920744434805075, 0.019475185373105067, 0.015582550517450555, 0.03527196598212305, 0.031925331995227166, 0.025408014349014747, 0.016605644678973228, 0.027175278802841152, 0.01963199827657082, 0.04713438969613706, 0.019059296320245694, 0.024568094473056953, -0.0019943347482168777, 0.011351137451302895, 0.013210774626336519, 0.015512385537420514, 0.04054419948983702, 0.03046819161313523, 0.02158990545572652, 0.009505625457236905, 0.029690485217997276, 0.020428323499197654, 0.012902377619834038, 0.02633748234216672, 0.03546829128133179, 0.019625793227163082, 0.012102226280091319, 0.01161241516811326, 0.018998617282283997, 0.010880921909488264, 0.023521653485372163, 0.020049776380373335, 0.02971596335605821, 0.030776166630586327, 0.01692089148784212, 0.01105163153162951]",combined,N20_G1.2_D20,0.021812453217690566,1.2,2,0.0,0.020982147449255594,0.019840887328472077,0.012440041362765698,0.001759287521170553,0.017453611662986417,0.02428216736991469,47,0.94,0.7572894303900849,True
"[0.00853142750157164, 0.019298791222815054, 0.03433450371430723, 0.03428312802660327, -0.004546816229073214, 0.04925521423961682, 0.0033615638967262468, 0.033041224383263915, 0.01245026897742793, 0.034810795956464566, 0.02166602504968189, 0.005083036127870033, -0.014662627946678511, 0.004987275433718519, 0.022809874304710098, 0.017156876777542435, 0.012300047511798792, 0.03309142895212154, 0.02999070400918498, 0.021780744676839457, 0.01493510124269598, 0.02487619244948172, 0.018606193673057186, 0.04547668068228676, 0.0172199860233357, 0.02191495565649411, -0.004971545242264466, 0.009716920103817694, 0.011917658392903124, 0.01282629621846769, 0.03986909145240074, 0.028039471149322315, 0.019009184359350673, 0.00782666020428946, 0.0280003973528503, 0.016064856915630324, 0.011724955760196346, 0.024607369656247796, 0.032377716079338134, 0.01776020900472622, 0.009802118168842897, 0.009291392478419674, 0.01508031435476645, 0.01015752878507567, 0.021209350666672774, 0.017256745048359556, 0.028248229192277416, 0.029394458894097766, 0.013964507712159555, 0.008079966210501235]",combined,N20_G1.2_D40,0.021812453217690566,1.2,4,0.0,0.01878612898464627,0.017508477026542887,0.012513038513037467,0.0017696108771634452,0.015251086945327652,0.022087756360988108,47,0.94,0.6780305472747102,True
"[0.0036114917505578187, 0.015000860218248133, 0.029783870903814, 0.028657708318306357, -0.007075146884273131, 0.043473279772605136, -0.0005914465998101276, 0.02916945107727452, 0.008438546380631975, 0.0316504254714087, 0.01780032271345451, -0.0007498676956293887, -0.017578189750800804, -0.001182016527265739, 0.020511015743175015, 0.012517921852971847, 0.00596968375395017, 0.02842151947450179, 0.025764377406096897, 0.014327398483349199, 0.011630225557142299, 0.020143285410695405, 0.016632669022803664, 0.04178051226717441, 0.013513232952902104, 0.016674602595240243, -0.010310774414050983, 0.006524261362579012, 0.009201662503392993, 0.007722715558531559, 0.038312489259551816, 0.023318400267833828, 0.013907038017542367, 0.004554606170682707, 0.02452820317036339, 0.007530209577297456, 0.009625152361237677, 0.020851730045263, 0.025853360285774167, 0.01401346450761122, 0.005342001045504599, 0.0048371405439182336, 0.0072462922175303285, 0.008635844237900037, 0.016502149728427534, 0.011522338519846978, 0.025177379004279687, 0.026478828906889434, 0.008304692595391946, 0.0023979913001542924]",combined,N20_G1.2_D80,0.021812453217690566,1.2,8,0.0,0.014407458208839565,0.013710135485222236,0.012599028713127606,0.0017817717278833102,0.010892217581035948,0.01769254427199655,44,0.88,0.5199951933770323,True
"[-0.0007402154197051203, 0.010682624466548593, 0.024881895576055302, 0.02296044571421517, -0.009063711418736672, 0.03758025965652892, -0.004080288626040929, 0.02508058959538499, 0.00465262068807884, 0.02827439089216248, 0.014042866319739902, -0.00604936267503757, -0.019787754801698504, -0.006924610835204348, 0.018161365943301908, 0.008014152219357418, 0.00016522587500268637, 0.023461688746575893, 0.02116562692565374, 0.006917874813099953, 0.008490510755183506, 0.015322056581173624, 0.014792916706893866, 0.03767759239953179, 0.009881980951576247, 0.011613968774381325, -0.014726372937619026, 0.0035344979535653492, 0.006411402480858003, 0.0031182670091585846, 0.036490925375821784, 0.018849125943679296, 0.009049865427212395, 0.0014631596424165422, 0.02103974024062387, -0.00038319496173506995, 0.00788006369211429, 0.016798059254685124, 0.01912654281218215, 0.010369686783847892, 0.0012020061983929325, 0.0007747182831557009, -0.00023243356647516256, 0.00705337918618229, 0.011788069960242412, 0.005794983769189493, 0.02209103221356802, 0.023418834268137484, 0.003163670086744272, -0.002792283154949518]",combined,N20_G1.2_D120,0.021812453217690566,1.2,12,0.0,0.010169169115700441,0.00877018809119795,0.012596240078282495,0.001781377355361464,0.0068150948138642675,0.013439798379340985,40,0.8,0.3670265069766463,True
"[0.01971933463302429, 0.01584196304065988, 0.029004844231729623, 0.04254389020161869, 0.015059135380639743, 0.0678176429156299, 0.020817039210916606, 0.03120619035359748, 0.026965994061885157, 0.037733147004072855, 0.027388912520371136, 0.023931382110117985, 0.006652456709098101, 0.013565522405303579, 0.02256445319767436, 0.019773117442869387, 0.027594468424286915, 0.0254909285136658, 0.017747795918113318, 0.04282976752196817, 0.026087798186590835, 0.020823759988780013, 0.03072532877654796, 0.038310584144526184, 0.016020377990336898, 0.03146111306665002, 0.008475479476207297, 0.025191770492255273, 0.02016663905191364, 0.03197778294482512, 0.04282385302407131, 0.029538838216381175, 0.025667949205444414, 0.016332612104677298, 0.03323735738577394, 0.025097061366177773, 0.03086462994747996, 0.02136714857208151, 0.03715251344231854, 0.027556526433529814, 0.025867385659012365, 0.026114316749978134, 0.03585642413332253, 0.01803299776728034, 0.023234773662665915, 0.028142302244641024, 0.03866813808802749, 0.032395479797842366, 0.03163784065268255, 0.024396276773632618]",combined,N40_G0.8_D0,0.04362490643538113,0.8,0,0.0,0.02714946090285795,0.026101057468284485,0.010090255971312745,0.001426977684244659,0.02446442062811432,0.029830591755705935,50,1.0,0.9798806262441265,True
"[0.017922574830890534, 0.014482453993381814, 0.02783394629496161, 0.04063034652591607, 0.013448790377409828, 0.06635325113473622, 0.019241828156753314, 0.029734904077437938, 0.02575218485029239, 0.03669191987132594, 0.025776213729945235, 0.02214378247654869, 0.0047719284574026105, 0.011414294394548073, 0.021724007993399505, 0.018063625662217676, 0.025253254869021684, 0.0240154225471631, 0.01628753205902015, 0.04099882537992841, 0.02467697603540081, 0.019031491894949744, 0.03006930808776591, 0.03705194309701195, 0.01466022421192692, 0.02966094832639403, 0.005905484755987976, 0.02396743235610621, 0.019168174838598014, 0.030211857136944964, 0.042507735802470886, 0.027907579013340414, 0.023511515756762358, 0.014973420811991309, 0.032189784577540737, 0.022290325012940315, 0.029823039705746207, 0.020201981462183216, 0.03514519066597159, 0.026072714264556297, 0.024411096815360675, 0.024795592346049028, 0.033468081379933345, 0.01739185042703232, 0.02140601066155861, 0.026334072256269617, 0.03756396834560405, 0.03146839482557783, 0.02915590484664656, 0.022091275690410243]",combined,N40_G0.8_D20,0.04362490643538113,0.8,2,0.0,0.025593089261826657,0.02473628419072492,0.010183761069573607,0.001440201302055813,0.022840821444316903,0.028247332139117936,50,1.0,0.9237079300812424,True
"[0.016115753815946113, 0.013061173834543555, 0.026511774135151697, 0.03858461240312648, 0.01187249000936709, 0.06475287526711537, 0.017620467827763345, 0.028200726207879723, 0.024495706146300894, 0.03552803901694864, 0.024153016857817997, 0.020301185919415904, 0.0029446451566766257, 0.009207856254702378, 0.02085979804270663, 0.016272507257544283, 0.022898485754924647, 0.02245498219365845, 0.014734326963035838, 0.0390875218827469, 0.02322207073898859, 0.017143041685055795, 0.029369447926259284, 0.03570065748553718, 0.013267170267180536, 0.02780085128950502, 0.0033932377203135314, 0.022651053289492053, 0.018107279911064013, 0.028449091005424906, 0.04208421750518243, 0.02625534451256044, 0.021349116784133836, 0.013610111786097098, 0.03106929271355395, 0.019400364275542606, 0.02877100059769093, 0.018966697032852073, 0.03307444913499233, 0.024514792368732913, 0.022911027475172013, 0.0233907467442427, 0.031016928937401447, 0.01671106598293015, 0.019489095244214938, 0.024467065162438087, 0.0364111115236071, 0.030430903350424282, 0.026661371370430342, 0.01971332895314489]",combined,N40_G0.8_D40,0.04362490643538113,0.8,4,0.0,0.02398119755443075,0.0230665491070803,0.010277100693039843,0.001453401518197088,0.02120413922225781,0.026698560352169273,50,1.0,0.865531399013749,True
"[0.012551175063783879, 0.01009315244791037, 0.02345008412382936, 0.03418183335878419, 0.008899761052662547, 0.06119825942182694, 0.014332632905794965, 0.024988041322569904, 0.021895475543861426, 0.03288797113650202, 0.02092443987564635, 0.01652804380180134, -0.0004707587208153674, 0.004731378107031142, 0.019078819168604585, 0.012535837960212556, 0.018240103731733126, 0.01911679974492754, 0.011405130077277267, 0.035072620200474955, 0.020260714249034015, 0.013142014265185832, 0.027869790303153785, 0.032747897577668175, 0.01044947073123087, 0.023963516628137116, -0.0013129379496217009, 0.019830062107176312, 0.015839155022718474, 0.024981315914225435, 0.040928328526912555, 0.022934346305090322, 0.017086654770817958, 0.010905955928858069, 0.028660367598964634, 0.013518961558576667, 0.026692466874028445, 0.016309360157336, 0.028787422649676736, 0.02127322537050179, 0.019837885479557532, 0.020387978357593123, 0.02602340555842525, 0.015254032813788912, 0.015466622983381362, 0.02061396791061973, 0.03400970199889297, 0.02807977173782064, 0.021757288395294158, 0.014875125002584866]",combined,N40_G0.8_D80,0.04362490643538113,0.8,8,0.0,0.020656293383040984,0.020049299864295773,0.01044666650851901,0.0014773817457936372,0.017846451325596133,0.023399899516809687,48,0.96,0.7455286780271179,True
"[0.00914816477734684, 0.00705390194342663, 0.019919094291319356, 0.02950449683429486, 0.006242971173245432, 0.057274614506240426, 0.011118913888858481, 0.02164637380124647, 0.01925190321730902, 0.029939367843411308, 0.01777753818626643, 0.012776966740277798, -0.00347835455162801, 0.0003387856989075927, 0.01725881060044851, 0.008743180399632039, 0.013777484524202147, 0.015565579840622928, 0.007877930028729843, 0.030885385196457574, 0.017341002722519802, 0.008963049053432606, 0.026291148990304866, 0.029530391027012548, 0.0076686958686105755, 0.02006345542635904, -0.00544194246291968, 0.016908761547971288, 0.013451012358772454, 0.02165602472718217, 0.03939566447448689, 0.019652329811004773, 0.013028600939666624, 0.008279907913531614, 0.026107949112715773, 0.007733580141630836, 0.024731743758422603, 0.013468372939466122, 0.024387399452492853, 0.017994403099878403, 0.01676617131279992, 0.01723912471055747, 0.021066463212839295, 0.013711083581671307, 0.01131951371116953, 0.016701622589141776, 0.031558431832140854, 0.02544212847385867, 0.017129786190463486, 0.010123896515342456]",combined,N40_G0.8_D120,0.04362490643538113,0.8,12,0.0,0.01729785763946285,0.017019273869217387,0.010572952226641808,0.0014952412433239658,0.014454106614578932,0.020080616947262337,48,0.96,0.6243157327169743,True
"[0.01940745553163832, 0.01925899052147057, 0.033836416622476495, 0.043546475275228605, 0.011485209657421572, 0.06731444167191426, 0.018269996504841936, 0.03470511224797859, 0.02559022298896059, 0.039591732832591535, 0.027571080331206692, 0.022239141558991087, 0.00216855897298511, 0.014418633721652502, 0.023531032525779053, 0.021154366167739455, 0.02629134553156781, 0.03064537457199113, 0.02421863964711228, 0.04169343696186862, 0.02521060368921798, 0.025676838905168482, 0.030118600973038666, 0.042616751749891504, 0.018186976730522962, 0.03241047219886982, 0.006793384884134515, 0.022745861857962582, 0.018868327315362567, 0.029585898260187413, 0.045525962610284826, 0.03140900848524662, 0.026476182071384004, 0.015310965809313015, 0.03356241781429388, 0.02590743563481141, 0.027456079402987763, 0.024506830056249193, 0.03854566630846533, 0.027015189709396224, 0.024489324135829826, 0.024543196567161744, 0.03417726237256789, 0.017123602808276364, 0.025633853535228818, 0.02772140599822611, 0.03804598028169503, 0.03425755214342407, 0.029893949129725365, 0.022722874415837764]",combined,N40_G0.9_D0,0.04362490643538113,0.9,0,0.0,0.027469522394003562,0.02609939058318961,0.010567939187199308,0.0014945322924871363,0.024578262171696633,0.030286036891972238,50,1.0,0.9914323125005332,True
"[0.017221351124991784, 0.017607631310161666, 0.03240339636625929, 0.04129784252599394, 0.009703846881199255, 0.06547607265828972, 0.0163538154378587, 0.0330355011577928, 0.02410782926624743, 0.03837091507651099, 0.02581791207026715, 0.020048206709224164, 8.659174291428262e-05, 0.011782432161636838, 0.022603432035317547, 0.019174923474318123, 0.02356705693056002, 0.02889072034095365, 0.022499483547742137, 0.03945384784491781, 0.02363048131081308, 0.023580066754831, 0.029237107111750427, 0.04119833027264922, 0.01659871150466536, 0.0302283671832973, 0.0038682776309615155, 0.021309700655735946, 0.01776582437825576, 0.027529860663232736, 0.04506031177582475, 0.02948097575494661, 0.024045505742080572, 0.013811833467572754, 0.03230797108031594, 0.022573524156103912, 0.026259158359485904, 0.023128796656948468, 0.036266384553581874, 0.02534252566429511, 0.022697126447988103, 0.022870219808993814, 0.03133700661306531, 0.016411293012585752, 0.023556083214388096, 0.025615048640243297, 0.036786581899942064, 0.033134377348619744, 0.02711925457124381, 0.02002742997359138]",combined,N40_G0.9_D20,0.04362490643538113,0.9,2,0.0,0.025645618897423336,0.023837993526446825,0.010677200898478591,0.001509984231881062,0.022729200397812864,0.028524805444534996,50,1.0,0.9256038341070727,True
"[0.015045270712833132, 0.015883179941575065, 0.030788335201408182, 0.038918406330430845, 0.007996090706260311, 0.0634863679794211, 0.014419087256062321, 0.031290995278985156, 0.02257976761790282, 0.03702264894637151, 0.02405476511618103, 0.01780094612443034, -0.0018905995338198006, 0.009089074799468348, 0.02164959268038942, 0.01712302693994719, 0.020839783385765948, 0.027033193972598846, 0.020662896563048122, 0.037107995152031246, 0.022010658505852182, 0.021385107913985957, 0.028320139902446265, 0.039671146383736186, 0.014980378677333761, 0.02799403994902966, 0.0010441081060182655, 0.01979568266283413, 0.016599461069550805, 0.025483745799482205, 0.04448198247901776, 0.027540169951478344, 0.021612525166530165, 0.012313123258539269, 0.030977313385885982, 0.01915551974519017, 0.025071431910676262, 0.021664574432436676, 0.033900566322847867, 0.02359797035749614, 0.020865321525909822, 0.02110977363424686, 0.02842384486870979, 0.015656662296446237, 0.021393202642461376, 0.023437423276729395, 0.035468064103372055, 0.0318982981578111, 0.024345640820850688, 0.01728322627616117]",combined,N40_G0.9_D40,0.04362490643538113,0.9,4,0.0,0.023767638575087152,0.02183761646914443,0.01077845843731774,0.0015243042103529464,0.020801962113299342,0.026673166667156904,49,0.98,0.8578236103704308,True
"[0.010833207981856968, 0.012299902450065056, 0.02707395047351016, 0.033872632485890716, 0.00487267068573545, 0.05913342979816402, 0.010609120562126179, 0.02763319996000048, 0.0194493744640378, 0.03401090303120416, 0.020554528042798684, 0.013251235698325356, -0.005455965383961037, 0.0036820485165510383, 0.019686298663698157, 0.012910910940165943, 0.015496585252135112, 0.0230646678556439, 0.0167107139929042, 0.03217544107934542, 0.018748994319023285, 0.01677939748236479, 0.026424254617971002, 0.03632653576088775, 0.01173658195062699, 0.023451347031286027, -0.004133920584285446, 0.01664039264395961, 0.014123948995540453, 0.021487334335306446, 0.043006519482547995, 0.02367912536778781, 0.016838968375007327, 0.009359084200591755, 0.0281534698630201, 0.012273689651993144, 0.02278515074326147, 0.018509782462797802, 0.028974972389108206, 0.020009087230473288, 0.017167345806162887, 0.01743105670039166, 0.0225152490653919, 0.014050201048483757, 0.01689940274408934, 0.01894685058477455, 0.032724460042759335, 0.029158224990201778, 0.018947621455937563, 0.01181533487650735]",combined,N40_G0.9_D80,0.04362490643538113,0.9,8,0.0,0.019933906403683352,0.018847922451898917,0.010938270320920054,0.0015469050236748248,0.016908191690744784,0.02285232552146701,48,0.96,0.7194562264135742,True
"[0.006925259628644959, 0.008667885971118616, 0.022848993838191445, 0.028609211054349132, 0.002188222619514027, 0.054424800042826474, 0.007021763114009483, 0.023831029041987667, 0.016325689679589334, 0.030701810675954053, 0.017154028250616182, 0.00881899427169365, -0.00844453754864602, -0.0015168731410341169, 0.017685658066180845, 0.008720598957574141, 0.010460125121225308, 0.01886487631176316, 0.0125176827705714, 0.027056084771851924, 0.015583609822465275, 0.012026750289246671, 0.024513449783215416, 0.032681426891393084, 0.008575339278635699, 0.01892435153572382, -0.008535869591999617, 0.013480607198465389, 0.011544314623082141, 0.017705048307240942, 0.041150841390552695, 0.019917770531514944, 0.012332426952937556, 0.006519090364233801, 0.02521228373018365, 0.0056300667868084825, 0.020699381490160332, 0.015141945144663813, 0.023908780515167607, 0.016435449046008743, 0.013554865649566525, 0.013706693983179377, 0.016714121489993447, 0.012365008615710812, 0.012321479625316725, 0.014409710229992545, 0.029944861997668437, 0.02615881572645433, 0.013931278491463209, 0.006593674708932629]",combined,N40_G0.9_D120,0.04362490643538113,0.9,12,0.0,0.016120177562119205,0.014775827687328179,0.011022909977320723,0.0015588748786744672,0.013107629257992987,0.019024876367802687,47,0.94,0.5818108043196208,True
"[0.0181427306105617, 0.021762329355603197, 0.03694156628705525, 0.04285549886275401, 0.007276114360410174, 0.06467789429698692, 0.014754770548777031, 0.03665942339896802, 0.023144182668474476, 0.03969891263264184, 0.027164278236340003, 0.01939704125596331, -0.0024580808120354264, 0.014295694354770641, 0.0240678665989692, 0.021614016217314097, 0.023992602173584343, 0.03442652019273947, 0.02911389923309151, 0.03921290462977116, 0.023556021143519207, 0.028497250635851817, 0.027747694291167087, 0.045651770066787015, 0.01960364691257894, 0.031931658661950024, 0.004642661416265244, 0.01970783107048711, 0.017126666535669098, 0.026456168838000622, 0.04580892361474098, 0.03242898019538143, 0.026149307021397505, 0.013907369549607945, 0.0331242875203555, 0.025847644773473503, 0.02340006871936748, 0.026635673374933187, 0.03934979659103818, 0.025613729712791022, 0.02177124396413606, 0.021808012332839993, 0.031213012152821004, 0.015425068848854931, 0.026600105454438958, 0.026427902968133826, 0.036361672932227786, 0.034575654276930226, 0.02707048808748609, 0.020004946817632527]",combined,N40_G1.0_D0,0.04362490643538113,1.0,0,0.0,0.026703708471672104,0.026288604994765666,0.011204300442834273,0.0015845273643159104,0.023614712388839332,0.029621185585453673,49,0.98,0.9637924920088626,True
"[0.01564726589295254, 0.019880815841037472, 0.035270637917087115, 0.04037619511262243, 0.005438325067860295, 0.06248912994661538, 0.01261762696114619, 0.03489551236082131, 0.02141904406643918, 0.03836571579404365, 0.025326117096551665, 0.01683827441679641, -0.0045989172780104, 0.011297400717563272, 0.023080264338853046, 0.019455858763964093, 0.020976280100628672, 0.032474349542611275, 0.027262080154569768, 0.03655109165275087, 0.02188245138811591, 0.026240309192210938, 0.026715398257917453, 0.04413699906493615, 0.017864996401289468, 0.029461718265262282, 0.0015320283623887973, 0.018141950359031697, 0.015959906755549494, 0.024132001839302003, 0.045234375587606415, 0.030255882027493963, 0.023576917754368286, 0.012316231217493354, 0.03169406715211395, 0.02206282076799755, 0.02211225449160649, 0.02510707932765361, 0.036840906051702066, 0.02383411142125741, 0.019694206011759953, 0.019810293897539473, 0.027963234992416854, 0.014688426660242088, 0.02438852934998445, 0.024067459914783075, 0.03500597432410526, 0.03332553268378324, 0.024138305733800408, 0.017063662713119244]",combined,N40_G1.0_D20,0.04362490643538113,1.0,2,0.0,0.024686222008674714,0.023950785668020242,0.011310598264975808,0.0015995601464882385,0.021638893163136167,0.02762146326054289,49,0.98,0.8909772009106579,True
"[0.013191587819623145, 0.01792212910289702, 0.033409745830351056, 0.03778095604926131, 0.0037130929350466385, 0.06015345318582268, 0.010503236849121314, 0.03304735994489433, 0.01965256545553401, 0.03691478397115042, 0.023477629757631055, 0.014235567400655957, -0.006587303215336501, 0.008254270073989198, 0.022063876862540743, 0.017242980677496494, 0.017970119046148973, 0.03040789820304246, 0.025274930521909454, 0.03376159443626853, 0.020174954179010024, 0.02389615909981961, 0.025668053577597758, 0.0425000413175158, 0.016096691491822204, 0.02695708544441895, -0.0014412754139653886, 0.01652209128010744, 0.014730527173815552, 0.021828009437694, 0.044557910579428886, 0.028083278826056615, 0.021001699097514148, 0.010729593341913868, 0.03019115846986553, 0.018206840367886307, 0.020857729294489633, 0.02347960654645992, 0.034218214804645694, 0.02198896836098127, 0.017593032591896658, 0.01774661310210214, 0.024637322102475462, 0.013910362150981272, 0.022103067237746354, 0.021626911538135403, 0.03358136420119732, 0.031973493096788555, 0.021219441635216052, 0.014108835745938048]",combined,N40_G1.0_D40,0.04362490643538113,1.0,4,0.0,0.022622765111752065,0.021727460487914702,0.011402380447006673,0.0016125401071494631,0.019549551822310173,0.025572263345458042,48,0.96,0.8165027410449932,True
"[0.008526446817935393, 0.013874595326618028, 0.02920030117229641, 0.032351740918001914, 0.0006486338497132399, 0.05514029305320711, 0.00645297849563406, 0.029157768621677946, 0.016080798330354112, 0.03372378033820768, 0.019809323512837526, 0.009044567781481161, -0.010057504728077302, 0.002216240530793785, 0.01997117752002385, 0.012764142345151469, 0.012130543827658463, 0.025997435865643792, 0.0209716786859113, 0.02791294820404709, 0.016763361762810763, 0.019021534545810556, 0.02357254558106657, 0.03890046747178609, 0.012565076658288765, 0.02193398654438644, -0.006808345533681502, 0.013229154642580676, 0.012136705930835073, 0.017365598582234062, 0.04291695317419808, 0.023805070847963045, 0.01595262306705321, 0.007617225810836473, 0.02704360848031742, 0.010535066229178436, 0.018504818922201544, 0.019963894761978684, 0.028720493156162305, 0.018225197676418947, 0.013421349972697796, 0.013557983619245484, 0.0179298803061253, 0.012261212521200826, 0.017395491004652125, 0.016603053607542023, 0.030614881277983022, 0.029036092576429515, 0.015578858193867243, 0.00832997197358834]",combined,N40_G1.0_D80,0.04362490643538113,1.0,8,0.0,0.018452234076697487,0.017380544793443094,0.011525347926170822,0.0016299303348259401,0.015316049617748906,0.02149571814251342,48,0.96,0.6659795841756184,True
"[0.004306442236841512, 0.00980465117221363, 0.02450524885011786, 0.026768020073949517, -0.001893020243085422, 0.04983608047027531, 0.002757126882093869, 0.02509888347320874, 0.012592239267228869, 0.030263456970851366, 0.016248537253055056, 0.0041015899977891596, -0.012845113132935057, -0.0034874676556619078, 0.017839986205185718, 0.008374703778227466, 0.006701881841798263, 0.0213430627134156, 0.016373718041369292, 0.02189870070721911, 0.013488198006527397, 0.014031788983483423, 0.021537056709675775, 0.03496517097457544, 0.009141332789972728, 0.017009186117945316, -0.011276071242939348, 0.010020799997167887, 0.009454682726419222, 0.013204407186544392, 0.040931298352235496, 0.0196914414031356, 0.011196642547528987, 0.004647655117501176, 0.023816576695495847, 0.0032605576223228017, 0.016426357784990103, 0.016204245159339048, 0.023046761133282037, 0.014515807770551836, 0.009439085257154797, 0.009477334545529625, 0.011419944212718358, 0.010541179524237318, 0.012638929000459292, 0.01155342484910793, 0.027624318158936803, 0.025881495298439167, 0.010391147426834002, 0.002932846304051523]",combined,N40_G1.0_D120,0.04362490643538113,1.0,12,0.0,0.01435604658632764,0.012921668093501842,0.011554612519205068,0.001634068973262576,0.011223298836989597,0.017407939701223524,46,0.92,0.5181396407734846,True
"[0.01595717864384079, 0.02298810849140881, 0.03808012837304274, 0.04087294637746536, 0.0027515939041344445, 0.0600989684378012, 0.010824148429673427, 0.03707958450839646, 0.019578352481752832, 0.038411417760837174, 0.02630474368333116, 0.015533953508478117, -0.006686756771500768, 0.013146894854728537, 0.024211869748438586, 0.02134780744387929, 0.020858940049331066, 0.0364239775348994, 0.03190235254964463, 0.03514800800638779, 0.021283145629888853, 0.029466492313523857, 0.023998757317282293, 0.047377327487349866, 0.020223324603668907, 0.030121928278264237, 0.00236184271194035, 0.01648575668523443, 0.01509728945376905, 0.022596453913798137, 0.04403381516600237, 0.03261202160423811, 0.024881066384041944, 0.012238442859917945, 0.03202834021057145, 0.024863914768671454, 0.0188840481753126, 0.027417089517190088, 0.039441630512330704, 0.02358964421809638, 0.01778821140555148, 0.01803384090388243, 0.02702183326723291, 0.013125103919923942, 0.02647503516618173, 0.02429350537846283, 0.033526632779508195, 0.03370171444752469, 0.02355512834183672, 0.016697569253310146]",combined,N40_G1.1_D0,0.04362490643538113,1.1,0,0.0,0.024961102493809582,0.02410531353286044,0.011804567084597433,0.0016694178868980716,0.021694009220137873,0.02804351837230555,49,0.98,0.9008982104982881,True
"[0.013298564484619822, 0.020986409659844538, 0.03625382770811289, 0.03828035485497215, 0.0009747122179423751, 0.05764363296122606, 0.008614707745690717, 0.03532069855782491, 0.01768088456824865, 0.03703383712400547, 0.024428495213327184, 0.012708709852745942, -0.008766384443852526, 0.010000905249541926, 0.023191043567892852, 0.019108226143683585, 0.01766999002754375, 0.034393242263307935, 0.030057385574566158, 0.03209703481649846, 0.01959295436450878, 0.027194150207195206, 0.02293664471776971, 0.04583229759803409, 0.018427002502400924, 0.027508309869281197, -0.0007706735189956654, 0.01487358708539148, 0.013903948047683329, 0.02004489699761819, 0.043414278232471654, 0.030272026280607475, 0.02228957651899338, 0.010601503156897688, 0.030471420067842772, 0.02076729945207753, 0.017584653004432377, 0.025823626871312025, 0.03676093804137228, 0.021781746824909687, 0.015538200751296048, 0.01582084644281251, 0.02344743733095534, 0.012406449823139064, 0.0242318221428183, 0.021746438199207886, 0.03215218957880282, 0.03240502598747516, 0.020585446333541826, 0.013668941864355327]",combined,N40_G1.1_D20,0.04362490643538113,1.1,2,0.0,0.022845785258479027,0.021764092512058787,0.011901563673822073,0.0016831352760966133,0.01952917045932137,0.02592663896930013,48,0.96,0.8245520029372199,True
"[0.01070763888347169, 0.018910455500834422, 0.03425187724376498, 0.0355914398639372, -0.00066150665228773, 0.0550621181077426, 0.006465152966085727, 0.033472907989664055, 0.015753915957248572, 0.03555597419086362, 0.022540968489118476, 0.009864053091302477, -0.010663888788305556, 0.0068291447520891155, 0.022138854147369214, 0.016831759312249936, 0.014503355799105215, 0.032244242700203, 0.02807074537364696, 0.028909138758269573, 0.01787424810673645, 0.02484851895474148, 0.021879961003975268, 0.0441557222175052, 0.016596925058507433, 0.02487837982679819, -0.003746762548351365, 0.013231621463113297, 0.012650858555321998, 0.01752704830884355, 0.042711390595566945, 0.027946537415068556, 0.019691368401121317, 0.008972058297384566, 0.028849806439965542, 0.016621370528706242, 0.016341487612261313, 0.024125426656779067, 0.033937677899869366, 0.01991556756592365, 0.013286422148822155, 0.01358135036062269, 0.019801761951542513, 0.011650760175184377, 0.021927341179907814, 0.019115865013086916, 0.03070207487832645, 0.031022940898002366, 0.017638298083645296, 0.010659538125263754]",combined,N40_G1.1_D40,0.04362490643538113,1.1,4,0.0,0.020695478257212317,0.019403616707104117,0.011981207756188881,0.0016943986502412035,0.017342917452478766,0.02382193607673403,47,0.94,0.7469429418012564,True
"[0.005854120268648705, 0.014637761624852558, 0.029806668058110775, 0.030024591237285236, -0.003494711917999188, 0.04962314957348457, 0.0024317380483313833, 0.02956457235448369, 0.011912419601463595, 0.03235142864928922, 0.018792499182438208, 0.0042788678855910645, -0.013895398011614962, 0.0005899656218548849, 0.019968895121916685, 0.012269500591065102, 0.00839116595924437, 0.027656116045820286, 0.023737166245031513, 0.022268462326985206, 0.014455636687450882, 0.019998743297907712, 0.01981619198654512, 0.04044882628838348, 0.012934500240061472, 0.019654903488964842, -0.009077391767463777, 0.00995752777687968, 0.010018433388367179, 0.012695634785621718, 0.04106664735120534, 0.02340495017416863, 0.014585137745924015, 0.005785927358063062, 0.025492264585884383, 0.008459348934290525, 0.014066257733392484, 0.020446570784684245, 0.02797358588058485, 0.01612880320619932, 0.008883701237989539, 0.009163730920462826, 0.012494220134559975, 0.010055709064622997, 0.017209313312157012, 0.013714200195818801, 0.02767487854792719, 0.028065824757824917, 0.011968455201346831, 0.0048544163288275766]",combined,N40_G1.1_D80,0.04362490643538113,1.1,8,0.0,0.016383318561898716,0.014520387216687448,0.012074271802792927,0.0017075598939288797,0.013046853044726222,0.019522827354506722,47,0.94,0.5913081114144851,True
"[0.0015383716646505396, 0.010355340860012788, 0.02493533548469605, 0.02435477998604635, -0.005775253272358602, 0.043979998155230154, -0.001173292584235583, 0.025456937205322883, 0.00823897634705173, 0.028910620898287415, 0.015150273570545061, -0.0009280192268272258, -0.016414243591241107, -0.005248432486068502, 0.017756030624030375, 0.007837104911885037, 0.002766697223698336, 0.022806667541894768, 0.019054176448648596, 0.015522775855092458, 0.011192356456359742, 0.015049200434373786, 0.017861235446025137, 0.0363726139829145, 0.009376578189027249, 0.014584727756534743, -0.013477006742247832, 0.006829550457267075, 0.007310132424220364, 0.00826196909440259, 0.03912775698784095, 0.019080851585504613, 0.009761452958640948, 0.002761151241074747, 0.022092755702505212, 0.0008279125226539896, 0.012115490492389483, 0.01649445518843229, 0.021789202120092666, 0.012415474775707994, 0.00475989065522929, 0.005010225352464551, 0.00547645441946705, 0.008396587416588164, 0.012463335173586249, 0.008310323419429444, 0.02462756458808403, 0.024928828269351874, 0.006784823008300453, -0.0004887817896682967]",combined,N40_G1.1_D120,0.04362490643538113,1.1,12,0.0,0.01218443914405829,0.010773848658186265,0.012069670855616414,0.001706909221739201,0.008868724558321522,0.015343868811378359,43,0.86,0.439761802329433,True
"[0.013197785817937402, 0.02306119817732996, 0.03774394167163722, 0.03818775873771463, -0.0017116327036631601, 0.054266939583179574, 0.007038222869920133, 0.03637632502825375, 0.015176524360425034, 0.036313608453737684, 0.02514620075689425, 0.011131999896255615, -0.010195315897997714, 0.011405241491635507, 0.024030770884360328, 0.020647208982354837, 0.017246606983894457, 0.03686153502888953, 0.03293173989397391, 0.029681643351260854, 0.01863929204942498, 0.029302666432916374, 0.01972181487852019, 0.04800549510346497, 0.02017663193745839, 0.027473763296193277, 0.0002383003945337081, 0.013394911364123865, 0.012945009061334292, 0.01812298738798468, 0.041116507537737546, 0.0321310853215892, 0.02304222958933376, 0.010437152501968638, 0.030473263502070608, 0.02314791422547799, 0.014156701970000504, 0.026978490644907135, 0.03879378293897338, 0.021239153116641582, 0.013091855090818325, 0.013712496753760295, 0.02199113422804208, 0.01054076894675815, 0.02573039211887662, 0.0215482550246055, 0.02970594426443158, 0.0321633604393521, 0.01979308348957473, 0.013300711157213041]",combined,N40_G1.2_D0,0.04362490643538113,1.2,0,0.0,0.02259306916272162,0.02176969462632379,0.012301742829315974,0.0017397291550044621,0.019122390341530494,0.025870406460672814,48,0.96,0.8154309523550822,True
"[0.01052290836186634, 0.021044602320296937, 0.03585675381739814, 0.035570556433075176, -0.003343902273587246, 0.05164848901436116, 0.004867322445539307, 0.034682121988262385, 0.013198336371106067, 0.034936596359240124, 0.023265496968417954, 0.008173171579606814, -0.012149359497877363, 0.008298725714044539, 0.022999295336112946, 0.01839948173135314, 0.013994400629697756, 0.03485044130698711, 0.031174410903692162, 0.026319765545175254, 0.016990317019856052, 0.02709635818527592, 0.01871789847348436, 0.04647945289051564, 0.01839831302905083, 0.024843751112231707, -0.0028093421996912005, 0.011797820187457495, 0.01175430544815366, 0.015396361591029709, 0.040496899847861034, 0.029703910084373508, 0.02050959015684839, 0.008791385712611427, 0.028841724032718646, 0.01889620899090759, 0.012920605655286937, 0.025390486684966962, 0.03600299015699741, 0.019458376811761435, 0.010790911976212375, 0.011428157910675363, 0.01819441884341262, 0.009863965660263097, 0.023517916207941303, 0.018887581280375113, 0.028380617201471343, 0.030877900656133675, 0.016864612124994377, 0.010301783399319586]",combined,N40_G1.2_D20,0.04362490643538113,1.2,2,0.0,0.020461897883745302,0.01889189513564135,0.012392802029747284,0.0017526068706273429,0.016973759455932866,0.023747693196898744,47,0.94,0.738512539317386,True
"[0.007933177359092644, 0.018960474442352188, 0.033817562158440714, 0.032875439603697806, -0.004822192040995085, 0.048929276846312625, 0.0027796071073643153, 0.03289962313108519, 0.011206987105875213, 0.033478004869487904, 0.021372447754556767, 0.00522381935518966, -0.013911890950166692, 0.005182563110524133, 0.021934044136658573, 0.016128516332971785, 0.0107743285020305, 0.03272366822478659, 0.02928005334643413, 0.022827123829853968, 0.015317546639111196, 0.024828675281526574, 0.017732548870114453, 0.04481714005150239, 0.01657919601810652, 0.022210745664645704, -0.005697673988610735, 0.01019006647029698, 0.010507432355178606, 0.012719679138571763, 0.03981196781876227, 0.02730250867456646, 0.017966191129774725, 0.007154980216569393, 0.027154864810830057, 0.014618287901806595, 0.011758023617193386, 0.023699371876274536, 0.03304307095595947, 0.017627811567319865, 0.008509761962996354, 0.00915858729292339, 0.014338046906962137, 0.009156823951820547, 0.02125488878898618, 0.016145531053071996, 0.026979150810437807, 0.029523051103758344, 0.013965701975761469, 0.0073455589149345885]",combined,N40_G1.2_D40,0.04362490643538113,1.2,4,0.0,0.01830624344113412,0.017103503792713193,0.012466907448054974,0.0017630869593889497,0.014769421418824796,0.021594127823290434,47,0.94,0.6607104778786844,True
"[0.0031200404288217604, 0.014679951194962654, 0.02935920902366322, 0.02733730904078678, -0.007328617885502639, 0.04329259975943567, -0.0010880933898313044, 0.029113025263561743, 0.007290650575943344, 0.030354097764933793, 0.01760824391910512, -0.00048820554811258854, -0.016869992579690504, -0.0009206480013156243, 0.01973150024244187, 0.01160579981354283, 0.004586209853073259, 0.028178579852195143, 0.025125902835285416, 0.015616031067370723, 0.011997078354821805, 0.020155780114244515, 0.015838278893747823, 0.041120486120450814, 0.01291695819204372, 0.01700986998942551, -0.010864952917496978, 0.007027476462567878, 0.007895568610267786, 0.007634521712680309, 0.0382506529692439, 0.022639199987959893, 0.012949962815091129, 0.003961149252833182, 0.02369295042032185, 0.0062623700578709335, 0.009677698851048758, 0.02003030991628532, 0.026740823294988406, 0.013920978305000595, 0.004102614005920449, 0.004785969230714435, 0.0066541917312603616, 0.007672185165853773, 0.016639939301021575, 0.010531509072010004, 0.02404653989719928, 0.026655601582290606, 0.008404721282393599, 0.0016936724497236127]",combined,N40_G1.2_D80,0.04362490643538113,1.2,8,0.0,0.014006953967049107,0.012933460503567425,0.012552676404034605,0.001775216521466647,0.010534671628596124,0.01731950361701574,44,0.88,0.5055401605989135,True
"[-0.0011261314842391928, 0.010385967225401263, 0.02453492569796041, 0.021731217795010374, -0.00929813374534659, 0.03753503392764808, -0.004509110674502201, 0.025102853156048766, 0.0036150775118820033, 0.027026550161346766, 0.013943202782300892, -0.005726334388874654, -0.019137951693899077, -0.00662432430427326, 0.01747904923959613, 0.007227481714809664, -0.0010704849720740012, 0.02335634532269923, 0.020587481769373306, 0.008388246538845387, 0.008832769181922162, 0.015388276084691552, 0.014070927025477867, 0.03702652450150738, 0.009333144313695002, 0.011983423040584446, -0.015135548838270299, 0.004043702107737884, 0.005215650669787575, 0.0030461183523011887, 0.03644418935809167, 0.01822687658792796, 0.008184973599983103, 0.0009374520050205726, 0.020218393338806567, -0.001480296901639852, 0.007942110618789258, 0.01606851301243431, 0.02016762876067585, 0.010290150895377298, 2.781484871915152e-05, 0.0007823007722655151, -0.000659397155902075, 0.006130701909589989, 0.012006245659576947, 0.004937265750143971, 0.02109229172233526, 0.023635800979947927, 0.003335559761867307, -0.0034679285814250282]",combined,N40_G1.2_D120,0.04362490643538113,1.2,12,0.0,0.009840931899234674,0.008610507860383775,0.012545780299258767,0.0017742412649764934,0.006486567099435434,0.01314399546193153,39,0.78,0.35517974175438555,True
