sigma_canal,sigma_oto_base,sigma_vis,sigma_not,q_omega,q_a,q_obj,eta_fast,eta_slow,tau_not,B_omega,B_a,sample_id
0.0878538958667692,0.10446240781508563,0.11782392779186279,0.0447722124604669,0.00010319676239985355,0.00023146284452624406,0.0012797138273959875,0.0016027019106367962,0.0005371562468387916,0.110032881877345,1.11362643023987,0.8226480899036777,0
0.062252771627626984,0.0868122541112629,0.1438581815564413,0.09761305785562185,8.428274291819e-05,0.0001892983562640059,0.0014304665209413999,0.003654481501244205,0.0002910633824204946,0.115628044786346,1.164269455503622,0.3851922957105799,1
0.10420970682886152,0.06146713372789808,0.15241655228801543,0.03230538505967455,5.08347030266074e-05,0.0003189100025488765,0.0008521487006545166,0.0037775641917426354,0.00043134114195801535,0.29108849032274586,0.8541239195370662,0.3960319081254122,2
0.11859929603629477,0.06398105135343421,0.04469194604811949,0.042151049364707364,0.00019419560076947993,0.0002790058539018213,0.001299686136344426,0.0037333462159972464,0.0005436474486094916,0.17681405017732837,0.7523359772375835,0.5776866561811473,3
0.08528418834074775,0.03769063652418378,0.07556541960884489,0.04507208917624024,0.00011338697101101193,0.00011365155109662489,0.0014086360349051127,0.004178959623497177,0.0005448402701229767,0.1579313391053267,0.6687985581171145,0.6865235813635346,4
0.082153255420097,0.04977061098025698,0.07510000539731065,0.04876799155498791,5.4664294389116997e-05,0.00023290307914972466,0.0009147295177389814,0.0035818879595163394,0.00047682147093998134,0.25110429642047594,0.8995463601933085,0.6987500574226111,5
0.06773032090581321,0.07302373820391322,0.044093392548842,0.06710342984011,0.0001882759588530998,0.0001417158813750065,0.0005295716410855938,0.0018676603074461063,0.0005161732739281047,0.26407383915411237,0.6828101095471419,0.5939442668707455,6
0.11369884279010295,0.09240561158279037,0.15286102200011908,0.08180489634089948,0.0001873153964204202,0.0001927328622675101,0.0008752979237705553,0.0026241528427750392,0.0003799760456087382,0.15582276150907737,0.8386887789982216,0.7262042356395055,7
0.05803085457930894,0.08733744630303214,0.08641200841525598,0.046405051300579786,0.00018142786354071925,0.0002580595715645137,0.0012116613900707695,0.0024341872493601167,0.0003719552836463401,0.07858476426886038,0.5427145484951726,0.5010857527860081,8
0.06360344869238732,0.06444107960740919,0.04760130447328938,0.06644963853679481,0.0001092997110817385,0.00015936149667956738,0.000561664009906965,0.004222352767298114,0.00023951224077496677,0.12865017683554128,1.1974146414228861,0.39209035044741736,9
0.11220063874202343,0.06727069324385854,0.07403739267824938,0.050401099077517095,7.350294998876543e-05,0.0002928646451066427,0.0012152041799624114,0.0028328115543835328,0.00039233714781261163,0.15249938308568656,1.0408332159090437,0.8719806508970085,10
0.0854629468602017,0.039999945147842594,0.1270941051308699,0.09200123754562597,8.409239082420104e-05,0.0003490473316210829,0.0013103874573447978,0.004196900423824292,0.00016457801972738883,0.09898289376738989,1.1055186513943343,0.7299881709397302,11
0.059523286372669154,0.09991051288485485,0.1302263634407694,0.08834742404314472,0.00012258485288118412,0.00010801984032044913,0.0011213026526534764,0.004869065480633495,0.000585336349718454,0.2634962824246001,0.9242656160604811,0.34612340616740106,12
0.0642189171555052,0.08918193485597055,0.13993796075354903,0.08344313128257638,0.00011681685761914592,0.0001415685564969007,0.0011977112487498234,0.002175983853480624,0.00047653562172448346,0.2009903045946072,0.4888277045841243,0.6053817211151251,13
0.05860915778301385,0.11275807687221041,0.04921505740701137,0.032624864872181046,0.00018086486521371,0.00019841264741432232,0.0009196764253308906,0.0038936674681086967,0.000308016008854683,0.09093723967759523,1.0177508537019975,0.7858221916692911,14
0.08024539490784455,0.05594530861154752,0.12473793384882922,0.03917652806133614,0.00014685867787207058,0.0001631115074623977,0.0004663128870452356,0.00228714166798091,0.000286501667398004,0.17865265900905564,0.7966708247658711,0.41667031706529917,15
0.10645843047626301,0.04821806281503361,0.0794029698891516,0.042962599835398865,0.00013986422739388415,0.0001050466257404827,0.001164053450021189,0.00517039700261469,0.0005353015280909646,0.22582827792370513,0.8710348618559498,0.7177533348656437,16
0.08915056166658838,0.04073067826809848,0.11211059525140935,0.07275908956383807,8.526569224593011e-05,0.0002908361703820385,0.0009661533128108839,0.003554018809537584,0.00017823179253369852,0.12553133592639762,0.84238324412467,0.476830943857958,17
0.10170563871886987,0.09336727825581431,0.05420944357400406,0.07328668626299263,9.38858653186188e-05,0.00030295211915134303,0.0007928351678590888,0.005772603984675682,0.00035231055328169503,0.19463007157235052,0.8699400003929585,0.4230145007917976,18
0.07279023117320524,0.07762016890679534,0.15603816730777795,0.07065976769478828,0.00011857028480310156,0.0001481291581309016,0.0013042149303056356,0.001637840380700934,0.0003226671304291997,0.2870222632957754,0.406107411955536,0.741938859175556,19
0.0696200836540865,0.09363484353247313,0.041680761177590245,0.05121363135722447,0.00018722927464174993,0.00021999252291926948,0.0006310064119533303,0.001940656402538316,0.00040734702911400793,0.1743971612071148,0.7544064055216468,0.43370266286548764,20
0.06320008810929023,0.11496756686029706,0.12908535163108567,0.05749450744732369,7.244678998167945e-05,0.00018521985024730326,0.0011260286792375716,0.004390986949342,0.0003745559218755624,0.09828619627061577,0.6180482077728524,0.7879287395991241,21
0.048842017709760266,0.11881195226789851,0.06345820728568052,0.03512376554053852,0.00013866865102226552,0.0003698372662341411,0.0005103445755657479,0.0016982800848326274,0.00027285025358950296,0.14840910627931037,1.1308549412369528,0.3314451484307791,22
0.0652790791288059,0.038270239560928856,0.09852028006741954,0.05136915484836336,6.263660767514645e-05,0.00038194878106702357,0.001411460674316685,0.005942861412300111,0.00023555038554600585,0.19517707486823305,0.9130064670391749,0.4944098596199492,23
0.08881301171040683,0.1105702978104322,0.13942993870787343,0.04319850582545376,6.156337668617511e-05,0.00021237078789887657,0.0008035042347556496,0.0021007633982293482,0.0004527995041841693,0.197146452882471,0.8019919019309384,0.6703753932612598,24
0.1000431764209494,0.03977978726247497,0.044438894721040414,0.09260999826803343,7.997156495121919e-05,0.00019950396400974474,0.0015273202610353825,0.0038517367516246017,0.0005178934492636459,0.19086364673656264,0.7358535876681342,0.42849486264974884,25
0.030943930671537122,0.07321033940645774,0.04313712387989361,0.0958605122518226,0.00018329006047411624,0.00033744226650997617,0.0012482829818204377,0.00597711589727223,0.0003737213310487183,0.18731398943546423,0.9124933685095425,0.6607760491906723,26
0.031933386020105786,0.09878271118322164,0.08700217778758976,0.08758944728333054,9.936605655039304e-05,0.0002044550067788413,0.0011844280434937947,0.004799032030136183,0.0005543705764786011,0.29174646451241,0.5626307915593494,0.48635898901864505,27
0.05287556155736879,0.06604811834546317,0.08368471735575667,0.07330474757989391,7.716496018742708e-05,0.00018162749396168372,0.00111142354414487,0.004471582496545027,0.00024236649845696276,0.24363102918736967,1.1907766232114696,0.8716791414548779,28
0.11494552921459246,0.09625951791036505,0.0912220473308088,0.07789538522715235,0.00017793843972681268,0.000308976324366756,0.001157171186402208,0.001893028322978277,0.0005260681878558279,0.09626976748103577,0.5077708410240076,0.4700905353404144,29
0.06567081179159928,0.08776497779770931,0.09774675411751549,0.0709913113475282,0.0001830586751552511,0.00019078579142799804,0.0009089522424855501,0.005491078415281616,0.00047490274216075476,0.22840225331815783,0.6565009206844714,0.8573438979271353,30
0.10039483724392131,0.05209626603194163,0.05716451182675769,0.0401391538221345,8.226622673536502e-05,0.0002921921361643203,0.0005953164511795691,0.003499542945801791,0.0003322364151888332,0.2780567693119138,0.7188211158495471,0.6371708969204508,31
0.09512092359901013,0.11556255727356071,0.13441016221610025,0.08560522796883152,7.361025547325144e-05,0.00027155375274911717,0.0010434914420495978,0.0015478369498941604,0.0003288305172012827,0.08031451463980976,0.6490891633175193,0.7969908377774559,32
0.08739448191603119,0.1015652048081148,0.08108582431003777,0.08330460485541194,7.861729911049306e-05,0.0003531238112362588,0.0007703255475371452,0.0042988475728581825,0.00025482537098551463,0.1198508965345607,0.9061468171517851,0.5257678533143817,33
0.1102732656201701,0.06854338818750333,0.13849429854038553,0.08455978363333164,0.0001545640201636314,0.0002806932060082413,0.001306726855994452,0.0034708845844629247,0.0005285574990722211,0.2685983660465321,0.8911341670004724,0.8522575576878584,34
0.09020944598975983,0.03049937610528916,0.11852640919819957,0.042264800603106514,0.00010365640911383478,0.00011043038634516402,0.0008460026875831438,0.002246733624089803,0.00046818082523994973,0.17830185710679744,0.7763182910638549,0.793155247545467,35
0.058522473511368835,0.048906112583227954,0.06470500005296113,0.0471140748443609,0.00016673217946975828,0.00028590954057935113,0.0006959061349806404,0.00231715489456104,0.00020953497027481396,0.11179372524181387,0.556150235987899,0.5181024365134874,36
0.05877385863453427,0.05770248808011458,0.14154939840976982,0.07538353690063646,0.00013195866382836852,0.00025911957874626135,0.0011056441028921822,0.0031555967067130293,0.0001935566158097716,0.2847761505621255,0.9437352804120019,0.5351228502768797,37
0.042069416825734354,0.08672416712454067,0.1520532937417293,0.026492859227183405,6.802363815700949e-05,0.00024382901141484285,0.0005236845056498951,0.0022221726830829523,0.0005341961047370721,0.23696994852611802,1.0572656696670992,0.38358958950672856,38
0.10847961298283246,0.11474441833748156,0.046431540585862095,0.038599674151719804,7.17207557112169e-05,0.000263237178565352,0.0013152098942525994,0.005897279364086232,0.00038362756981955167,0.12812590197815243,0.6605929367378593,0.544296080535441,39
0.09954925433690008,0.04580405012981997,0.0784986780254697,0.027213690181705424,0.00016923872083605447,0.00018041294735015483,0.0005271844040660295,0.005502765317350488,0.00019282285711707335,0.10332018414240396,0.8411223185373429,0.51088135048204,40
0.10157182170919186,0.04298712647324376,0.11370099838386333,0.09469050372509955,5.74125710081908e-05,0.000272095010743672,0.0008126710859762442,0.0044242628199316104,0.0005618079565914802,0.1334400373591652,1.078484775464128,0.3874163481941983,41
0.041874846864680834,0.09675390022652247,0.12503384193096245,0.053042223991935054,0.0001097855358060479,0.00033946061712764237,0.0006251034161364056,0.005597278196337419,0.00016035055217242114,0.19915155310639154,0.8875648682738284,0.7332073462285458,42
0.06100538480098529,0.11481677226240071,0.158734395230089,0.08296635480990716,0.00019779257967135266,0.00031692637790950337,0.0015616881083405625,0.0019743599906226665,0.0004742913699208372,0.09667301018169666,1.0256443063165166,0.37081311848432796,43
0.1082745340386414,0.08625578820997433,0.07807236530903508,0.04885961221618204,5.027487784877491e-05,0.0001270071259892077,0.0015738957787517045,0.004262250671798598,0.0002762069456345129,0.17487490498105146,1.0306203297613115,0.5696428916163756,44
0.09555795415770538,0.0668237493689382,0.12834763249680076,0.07884312134838964,6.698567913708157e-05,0.0003665375602996568,0.001393373463223831,0.004792437693244351,0.00027847086266252606,0.1832567596995518,0.543294477705278,0.3671387387020462,45
0.10754020609896561,0.11614408237257084,0.07268771635241608,0.04811086285916499,6.73104109825701e-05,0.0003630330892343294,0.0012081965769151555,0.0023031818032165433,0.0005676476649377041,0.24074495573838722,0.8406120083040374,0.757350685217862,46
0.07568223771626953,0.06244640844076303,0.08584280962181992,0.07797440159528862,5.769922265673343e-05,0.00036251983350143503,0.0008659404462227348,0.0041552035243097325,0.0002104650136477658,0.2582428316464084,0.8645726188587747,0.3148615223497801,47
0.09736216478717402,0.08228468493129196,0.11929980544059587,0.030721872308322604,0.00013179814831323683,0.00036099149705819974,0.0010838042017625078,0.004804719790443652,0.0001763665556316763,0.07959248267516776,0.5110970386522122,0.3126825085995849,48
0.05976669583492464,0.07991630361648944,0.08458607559733788,0.08713053780579506,0.00012530292220402098,0.0002901371712461984,0.000805405137764573,0.0048743459851900905,0.00026305137012809266,0.2180139474676056,0.7432584266341722,0.8627600644007611,49
0.07657215992161515,0.05441184872716778,0.12885914974777452,0.06756950508014681,7.177827261830532e-05,0.00022974726883052808,0.0004541121561367724,0.004918926287527524,0.00020418069492213645,0.08003224217464475,0.8328742953207015,0.6233440466299744,50
0.10201748516429568,0.10184848592356971,0.13589672687034682,0.047829335604621166,0.00019633193410143225,0.0002278611020809232,0.001244458978630226,0.004771250618083122,0.0005038125157161508,0.1967672158782599,1.1401370566428126,0.6201313866175262,51
0.0628740593489691,0.04343577216270288,0.04728537409167235,0.06559258457252284,5.855537136208466e-05,0.0002381943687207911,0.0013224718653902453,0.004588872637221355,0.0004848549854157834,0.12616313438855162,1.057623961515897,0.37444643166208474,52
0.05189603521905002,0.0991463795526299,0.07609863355308963,0.07672442129192442,0.00016582847814054587,0.00012987986309626076,0.0014053263319658191,0.005095215945213236,0.00017689962908269804,0.27152014956965753,0.5112606905053781,0.3651650872264928,53
0.05431894182592428,0.0712084084142803,0.10506127164144785,0.04443043502376875,9.612461590897939e-05,0.0002138635674876516,0.0010121102685598136,0.001966974813273276,0.0004146357176802544,0.2622185624515472,0.545633963412788,0.3702653236382888,54
0.10447268388303879,0.11345864093096207,0.08553604042113798,0.06225236897748986,0.00012965140405978853,0.0003345925086836208,0.000940898166607146,0.0032598210957597994,0.0005500714611526427,0.08753726655298427,0.48160017335510996,0.8041124136253743,55
0.07070008272979733,0.0337285339080738,0.10319268732258832,0.05094930693091111,8.954516291847242e-05,0.00021358756490508143,0.0009615022145836485,0.0021296197309966765,0.0005274314841030142,0.29831377056640235,1.088180704392353,0.7016466725583215,56
0.04831131337324717,0.0566583062569518,0.06893823985017494,0.07214201170622223,0.00012910892499468687,0.00022122361796919211,0.0009699042275336388,0.005520259920467483,0.00015100056933822702,0.22767884997535265,0.7506000467772991,0.5244959779078386,57
0.05180120904307384,0.06163168737686392,0.14983307558628867,0.05269679980897473,0.00016484249509246006,0.0002313936199333599,0.0014308603401002715,0.004683895371780899,0.00020611567186130928,0.29251863035790954,0.7908804052487212,0.5288532718237421,58
0.03418340191287944,0.08828560248414058,0.15351066768060417,0.026276443185908178,0.00015364764321236518,0.00017652407009900457,0.0011319618562817216,0.0022987255788399,0.0003539465394966128,0.251475695494945,0.5274354060950112,0.6875415046684301,59
0.030282235312525666,0.09114151565299156,0.1178869894739771,0.05807535634263726,0.0001730368037704441,0.00015735845381847457,0.0012604467633884578,0.0032697630482223248,0.0005637247351211061,0.1005314349939389,0.9483817340823381,0.7220160282493006,60
0.08862377891992629,0.07940987270345637,0.14978208925221267,0.027968742843635413,0.00010170686116324157,0.00017599764476684235,0.001093611201562436,0.002326803723026177,0.0002495351872372041,0.14646644315990975,0.6458209645645223,0.8855467555097567,61
0.08520384602608796,0.09169314845337592,0.10290051044220341,0.05761610768720893,0.0001777217392516215,0.00022634099049267242,0.0006115662997337156,0.003911276616244509,0.0005888159871633779,0.1172480273394632,0.44474103991917846,0.6077490707262485,62
0.07726941734328141,0.034514367400959284,0.07961432349145242,0.029218420712823993,0.0001256158957250373,0.0003652217194439736,0.0009669554044615582,0.005727154834390945,0.00028412095303853254,0.28660930539279694,0.7318074034439263,0.8688368291128252,63
0.04403543911025696,0.08394749882102506,0.06592846524616307,0.04099417281642316,5.62091777538734e-05,0.0002954540688621407,0.0012324729153408115,0.00597046498996787,0.0005906676369344493,0.07577372691234426,0.4721868864075377,0.33901973068902946,64
0.0484824523681172,0.09932629097163113,0.08357808584952622,0.03935851238269951,0.00017745674753478347,0.00021616195171960962,0.0011850102023771435,0.0018690905719938146,0.0005972904633813147,0.17613591802686995,1.1231510076059923,0.8667022286846773,65
0.03679702929173338,0.11359022073386453,0.14320009830439218,0.09784428733974307,9.044208770117042e-05,0.0002683615400209169,0.0013645038219982824,0.0027677195281727712,0.00022570062525130484,0.2552935838560469,1.121772147756914,0.5085663978806436,66
0.06157336791850805,0.056420893120094004,0.04555111809811173,0.05666152530929545,7.596466469797599e-05,0.00033700219862573477,0.0012348241122429136,0.0031027287749589463,0.00018915067409034086,0.1548120873181399,0.9471959514157107,0.6815145110228011,67
0.054590008588607394,0.03568765139522568,0.1537288297850313,0.05875448380854421,0.00016441453094246321,0.0002815814318537399,0.001150978615571467,0.003517092418480369,0.00019632713142566293,0.2899672125801154,1.112520822490283,0.8018045391689677,68
0.03334018859673162,0.09648100842869108,0.060045871578369325,0.09366610973234063,6.374001657281805e-05,0.0002556386422096667,0.0006795332191147658,0.001616725111896104,0.0004164674347404691,0.15644835522353262,0.7706813596535544,0.6140342210208649,69
0.09924714882525895,0.03850861162585477,0.05463232801170023,0.0813855684705296,0.00019044581286880067,0.0003448327035281929,0.0006706213589659021,0.005809243148409308,0.00018067496209354665,0.23924095995784622,0.4787211393323303,0.7344172619349627,70
0.11627129645677974,0.0897328334070748,0.1407553083907536,0.06740690696029225,9.12677372828553e-05,0.00019518122420389053,0.001477189042692794,0.004909278343008263,0.0004422142377206999,0.2400086863119299,0.6519088886670181,0.7544538544539461,71
0.043522768733218725,0.11683855103749931,0.11022689482758805,0.030463856446931205,0.0001327870284351238,0.00020813283764359555,0.0014502628170295166,0.005380726317218238,0.000222626974521053,0.2966042366268121,0.5059367497110718,0.4568910706359191,72
0.09389871239609043,0.0567510641666468,0.1555336447105128,0.05976523247374697,0.00010303144730340674,0.00019609591317969673,0.0011345654332946809,0.002405489887074471,0.00028625456460845407,0.15167353074399875,0.8572571951474462,0.677780749485621,73
0.10706530391701903,0.061090694985724406,0.07450594816613491,0.0860796697283809,0.00012554285336787387,0.00014264256607547074,0.0012127028688100473,0.0037374179371351367,0.0003304538905828597,0.1929704007478928,1.1194783477404497,0.5185402427152963,74
0.10050305471371268,0.10038404596895607,0.13619120587687963,0.07379730427119896,0.00018393713893147484,0.00021761713788438872,0.001423501707310673,0.003079904117415023,0.00022004042368459372,0.09435193775910805,0.5686949185949903,0.33885489012040126,75
0.057468850229730084,0.11861497464126415,0.09982708522527636,0.029409925014771195,7.292655706256299e-05,0.00018704240323626768,0.0013400898443472022,0.005249462014401308,0.00018448503755593286,0.08884049522381615,1.094467345202629,0.6456568538156852,76
0.09393639802750789,0.034798672727047925,0.1523110216583894,0.06397419687035755,9.656490323089776e-05,0.0003557674104958004,0.0006588310640259175,0.0050473373237120665,0.00016789394511951088,0.18392022774875116,0.8862343291887265,0.6757692561076227,77
0.08179551048244965,0.07997402930710518,0.12383133234522598,0.08624846992032845,6.100334358456887e-05,0.0002998110407570421,0.001019573786298654,0.004825427532420289,0.0005392360887868579,0.29162700581807843,1.0813173935534286,0.543504315551637,78
0.08130418537504278,0.04437607990157895,0.15946496146110534,0.08318944820325888,0.00013830423645017548,0.00036503625601178947,0.001447097730115795,0.002404100113731841,0.00046736347852174864,0.18053184161558156,0.44221156810467727,0.5080670540703405,79
0.10265203056050945,0.05569912154500768,0.1251951555151427,0.07269638951265792,0.0001617527934128197,0.0002770829967227722,0.0010821816220693906,0.005621288254013078,0.0004092403455159356,0.10709058652170125,0.4525374956316913,0.7375259648189472,80
0.03352636457095291,0.11171826697189695,0.1208139753245043,0.0347986730634009,0.00011390445771174563,0.00015570563565268586,0.0010260392076128215,0.005245537260671928,0.0002481433168742038,0.24090553908356338,1.0491521403247557,0.3509275287907295,81
0.11295686254232863,0.10984810518854483,0.13202366742704807,0.03190448256788184,0.00014600789834763708,0.00034220828401668125,0.0008556373370892813,0.0051138415299253745,0.0003795910811721508,0.15065917734891304,0.5126866794336675,0.5810337212293255,82
0.11434643843116166,0.11421913686879115,0.09624897827384032,0.0355414359834447,5.092947400139503e-05,0.00027877105406534967,0.0010783573021102663,0.004017405211943637,0.00022933080983691208,0.223015306667473,0.8976278263315369,0.8891067206242098,83
0.08995580793297372,0.0308991744148607,0.05731365994059501,0.07395215074260357,8.459323570576425e-05,0.00021523609732826475,0.00040432780870007024,0.0031670972767626976,0.00019742266428147487,0.08332239158973176,0.8738468452008414,0.7278307231448398,84
0.11726384700801043,0.05494418590954344,0.05569249012789358,0.06320904792094123,5.2813226096486874e-05,0.0003444376585284776,0.0011228358530857674,0.003925371477185522,0.0003498045930158016,0.22986724648318074,0.8517847438882291,0.34163731462010344,85
0.07598505054690924,0.03786016701077079,0.04541879676956931,0.09446441333935227,5.298064940761766e-05,0.0003120556211281952,0.0008732101458227877,0.0034967171687126293,0.0002382316121741766,0.22877153538088157,1.101149264041685,0.8245443136236066,86
0.033970552179483374,0.09394842863885927,0.09693257332047706,0.08356917874965275,0.00010866133205327756,0.00031783167445155767,0.0008859342525592384,0.0027404182899846306,0.0004609981934366032,0.2836680060361594,1.103744284450392,0.6537880802167266,87
0.08772017639793075,0.09185796603055274,0.11906224820817396,0.08669147486943785,8.692478606381763e-05,0.00036794990398054115,0.0012691613589761253,0.002553862154562127,0.00043454099738323045,0.12386182104864993,0.6997155296888509,0.5207573670538751,88
0.07814144198706854,0.03435657768514533,0.1501584955907915,0.04188692303919511,0.00019832152938999395,0.0003637549445530292,0.00044397310609915665,0.005306520303296127,0.0004792335928788758,0.18209795408335308,1.191839311843971,0.8135122178732874,89
0.048722190584023606,0.05237101478767513,0.10581413888940003,0.03992079795903122,0.00011119113396336941,0.000166419565204899,0.0005591945767316768,0.0018316644971922997,0.0004991265334309472,0.23322939589629754,0.7480463322048616,0.6333786795388046,90
0.07307613990060541,0.11160370109546033,0.04285900405315375,0.05175141356860766,0.00018547674921252536,0.00024127498820538388,0.0007158163626617671,0.005423752310660801,0.0005007580215086509,0.09395253296650904,0.7581285473491722,0.615074245203009,91
0.03983138510964929,0.04371230113685784,0.13739684443048247,0.03106478222912545,0.0001487607206245958,0.00034113875821150926,0.0007481449225775971,0.0016850436796813815,0.0005327272452253246,0.15966977057742804,0.5874184183404855,0.3477941248757382,92
0.08326617915028912,0.05471141285225849,0.06813959266895339,0.06829800873235384,0.00016599736768848014,0.00012518337076084706,0.0006436936148253848,0.0038075769529248562,0.00019669484734531004,0.1796049526218671,0.6796031473237196,0.6474453829191764,93
0.1032003611632165,0.09898577853482816,0.13037688625374658,0.07045378267756855,0.00011186583251745214,0.0002863621019619301,0.001465620659124399,0.005612867649423443,0.0005691367115744089,0.08767009270262949,0.6139644304838523,0.7426178298411283,94
0.09081595337779513,0.09283033861000949,0.136014311323857,0.08753967685032446,7.478835267096616e-05,0.00014629027099334233,0.0004090456940758639,0.003302711210300989,0.0005944541702192118,0.10431358811160196,1.0452380213030072,0.3211933485514789,95
0.03155709475439838,0.03441169241122609,0.11971797501106357,0.07869408425621754,9.361674928436454e-05,0.00026272338518106236,0.0011943701386267361,0.005921459333084649,0.000550812281328788,0.1102847394678094,0.7135635082820166,0.5645899145053103,96
0.11647470949384588,0.05088553976919005,0.09744071567721711,0.04322969808650292,0.00010263526955030656,0.0001511187953416683,0.000945365210151595,0.004282643455344572,0.0003759686336777837,0.14871227480407953,0.9170677374112002,0.7138732179066685,97
0.0724992793117658,0.07405189844828476,0.05379035502714219,0.07170302584676747,0.00011792977678821767,0.00025457643872038945,0.0007883154309752034,0.005525144930134144,0.0003549257294672306,0.14151612427490948,1.152011233619826,0.5659482167554801,98
0.0758416352698568,0.055906315673819,0.053995481524415294,0.03892156337885492,0.00011409443859002288,0.0003588755889665213,0.001015432047622291,0.005483426491688767,0.00040497793825780353,0.1653826323724668,0.7895159595093751,0.705549238161628,99
0.05012229232533026,0.0935886022702775,0.0908836105901853,0.0442251685376113,6.64666938933203e-05,0.00011869502492477046,0.001313184652148575,0.0016091494836115781,0.00044100928424790355,0.10297212394354043,0.41603570211868357,0.459606548652213,100
0.11662004774501546,0.07958371604901444,0.11475258757408918,0.030529655834438067,0.00013728586323668153,0.00018031364181295,0.0014813372785623354,0.0022636165298027854,0.0004419017736119107,0.2935130194877144,0.7153912492806358,0.3256064150677607,101
0.05029478661010932,0.0830495900997312,0.13183325375539068,0.08401495404326442,0.00015653697843557335,0.0002535708766526884,0.0009860954673059825,0.0032957465756342686,0.0002880728493947801,0.1517757230086585,0.4204868871626152,0.507460192876557,102
0.07414376801291928,0.06346285022842822,0.13102657510876267,0.03440605427542234,0.00018428438172004538,0.0003991558081839361,0.0006629339392967776,0.005790812434008533,0.0002850384838362905,0.27504836707684405,0.602009035336624,0.6023342854969176,103
0.09890718040616717,0.08276287725237273,0.0880527501241984,0.09518595573298841,8.677082661968032e-05,0.00016250622561375045,0.0009254458342493465,0.004578809511694885,0.00030186841445205607,0.14219455290149885,0.5707810677098301,0.4196758704909619,104
0.08139197506211482,0.11282838790521325,0.1406471599028235,0.09066872143125254,8.10332173164732e-05,0.00024479351755178413,0.000987031153878212,0.001592680791181279,0.00017033567178486607,0.275404145849298,0.6155015940288486,0.39295588599722675,105
0.06139797516633001,0.11942320762728136,0.13204998792691097,0.06544660087338014,5.401694634736604e-05,0.00032521074179309064,0.0009219461760081188,0.005412113694949464,0.0003673737453637968,0.2618304922977739,0.449795636296198,0.3135721378358677,106
0.06511979444186078,0.07531593031553269,0.1474347688479802,0.09413059905328033,0.00019134429182494255,0.0002022298816474825,0.001069197047593147,0.004369719992939204,0.0004274529345968222,0.20657651970922036,0.7787166938777261,0.5138126262154993,107
0.06201950347936849,0.07061054529529548,0.05696030746097025,0.07870313227593767,0.00018637015879699104,0.00025481600262786407,0.0014920937137066544,0.003588422476536791,0.00048345732267497785,0.2995600356909141,1.193314760066659,0.6653205149160926,108
0.08508627960719854,0.07299185349091208,0.11741614265026001,0.06602533330529625,5.545682086812414e-05,0.0001128140526770027,0.0004940031701217219,0.005370697748461844,0.0004874233861226144,0.24985266058089484,0.5538250026811788,0.4236460830061502,109
0.06983887441211949,0.04053806715123262,0.08401789940202134,0.06589553786281234,9.396036065237738e-05,0.00018593432511037304,0.0011198192797903816,0.00595517339521833,0.0005308857427660275,0.11701304542757124,0.8344642876272994,0.7633040910620608,110
0.08031554846352094,0.06927176111032055,0.08869374412968592,0.060355128260635355,0.0001391737874783299,0.0003134477005912746,0.0015783827785315965,0.00229534221821136,0.00046307879689377125,0.21200518978845057,0.6228970289754757,0.6699307369375695,111
0.03884826044970674,0.10303323165828338,0.040065547290405866,0.07238903450489369,0.00018136459341710698,0.00029760391309306477,0.000722621805921892,0.0026598426253620854,0.00015836811152370443,0.0956481097037602,0.7021958643356571,0.8821297923757365,112
0.031407356042224624,0.09728558355028907,0.08262614649091651,0.09896738211211017,0.00019104254210058663,0.0003503256165262781,0.001416324064292378,0.0016176299063121384,0.0001726678787353133,0.1544384243814098,0.984655125487211,0.6893298248132007,113
0.041348808517962486,0.10080162093139551,0.10684482661763559,0.02546827951663068,0.00019576625580864702,0.000368612023999855,0.00041159038508366323,0.005294308267569948,0.000490360526235783,0.2069108905154063,0.5917709754024207,0.5225868059915326,114
0.05768281671845055,0.04217547691248052,0.1421305116049189,0.07425189975091195,0.00015958115973579797,0.00020743551836917447,0.0012552987191091266,0.002545434868539027,0.0003845024873773275,0.20198316645727366,1.1279074754396619,0.8036086292693383,115
0.09173625639295353,0.09531464215134622,0.14177387775749842,0.09274642910855443,0.0001605177336492204,0.00017929249529289855,0.0004257116827168883,0.0022703594005743797,0.00038864755029373906,0.1711142669691056,0.45461629262498915,0.35755039805267697,116
0.08575734695723809,0.07724449167662448,0.14136570203788948,0.045303931231598635,0.00014187977555234145,0.00039990122237950606,0.0011521212629001095,0.0019866300463942574,0.00026517557875676276,0.26637084355363755,1.1562847346421865,0.30588572578792617,117
0.09061882755211985,0.07748922250715101,0.14585651495118895,0.09317120994377567,0.0001722408849873159,0.00027925886141946967,0.0006739505349450851,0.004686570242035925,0.0005745717755488921,0.29033292568076063,0.4362633289443295,0.6528283685313268,118
0.030463037121777763,0.06465941296407693,0.14607631536277033,0.07120897318811618,0.00017560136031692194,0.0002538571850559066,0.0013430996411761494,0.005333469846120523,0.0005700798006939242,0.16633475651405769,0.9476665154736514,0.5921025955959839,119
0.035036024030518476,0.10073019288751962,0.07670944661247253,0.07278245685691168,0.00016225116991519387,0.0003581084179777735,0.0015544239374944578,0.0034099863284605698,0.0005982300340287218,0.12120303308734427,0.6948420870450905,0.8209804903807549,120
0.07883114403047711,0.09127267955362947,0.12255336249177207,0.09423070982338916,0.00016319495287628804,0.0002836486878111088,0.0005062791832353577,0.00454619806970197,0.0005794996280015652,0.26960509359913776,0.6578191979821997,0.8661649232349742,121
0.08581804391346826,0.052490678944510025,0.11703682699556464,0.05934077435381195,0.00012680870152121317,0.00011611765586135341,0.0010868933852360278,0.0053412439361427404,0.00036500271473361985,0.2657642112196047,1.174724869760003,0.8799215962801266,122
0.040353656639454935,0.08401534687287737,0.1325416182527509,0.08004503949215386,0.00011608226556113801,0.00024069901110177042,0.0008081814259058111,0.0016743476446736934,0.0005062071251010347,0.17147187273467562,0.6031295581345882,0.35342483589277457,123
0.03408901195940775,0.09808864441241552,0.15882685782177094,0.03126330961994924,0.0001616229717680546,0.0002992569140268062,0.0008619724261379874,0.0026812980372438347,0.0002800336875684743,0.27246293318932446,0.9181040601459304,0.44112069440431734,124
0.0855993695867292,0.07881709689320918,0.1465040352765778,0.03273802713443187,5.977815844831305e-05,0.0001110801223112876,0.0015570426806134406,0.005396327772637941,0.00044535329038806776,0.18523502867642946,0.5655355616952016,0.7560376473950761,125
0.10525258277374883,0.045438935724327195,0.13177498327626544,0.05310817209721337,5.3706433449875754e-05,0.0003647946540638647,0.0004695177532338251,0.0028710356904071235,0.00027732793668786877,0.1665626329681939,1.0601058986281422,0.3763921796785496,126
0.11156143595010788,0.04685867762057147,0.04380219853621982,0.06477507674578553,0.0001539678794450635,0.0002542219950581282,0.001551506978355773,0.0016895312281219393,0.00022076488228827513,0.09317679146489505,0.47474933824091753,0.39943096951429413,127
0.040151232948666044,0.10636522852063862,0.07640470248031,0.09257307506623147,6.975347383510277e-05,0.00011458399902120646,0.0007717264242219424,0.0015957731668080565,0.0005494986146206448,0.22381717713889188,0.4873376314151279,0.3522434112560618,128
0.06886418535506358,0.052749550255856904,0.10080733477770881,0.07259940321828004,0.00010410779152622549,0.0002881889228469299,0.0008290340165530247,0.004366271678534591,0.00032315913690726173,0.0762938583768463,0.9353822805929869,0.3155213451223007,129
0.033861487967597435,0.06225285685896932,0.056669791416745594,0.0376222900880384,7.397317901399793e-05,0.00030831029419386795,0.0008699822697675666,0.0028451522110862384,0.00016723561308634006,0.12494928694549384,1.1265974022090464,0.6450579010524772,130
0.04771110975932598,0.09250651662406541,0.08287367401070969,0.067202429019042,0.00010751031549736005,0.0002934910517147812,0.0007476142808144624,0.0015121784219283326,0.00018704845121714803,0.0829594123493542,0.7234534522544724,0.8436732229840123,131
0.11838577351884316,0.06500063740344891,0.140003475434695,0.025874501974192145,0.00010860233245893694,0.000268652032582632,0.0010929653696417133,0.0025060053740093473,0.0002241635410880208,0.0750584565943998,1.0801059298082691,0.44359988296049924,132
0.1011251004739617,0.10037014537429975,0.10848204338802075,0.06823983203951631,0.00016988280844726687,0.0003087705650950889,0.000764551354805546,0.0036602173514066988,0.0004082356938274797,0.12231019010491215,0.5732717806449866,0.7074740034530829,133
0.10910383695257647,0.1059837268328398,0.09988600133332964,0.05344743082374773,0.00012509542417365538,0.00023380987281144651,0.0013746369604972668,0.0028064471129843273,0.00019397956821574778,0.11038051205096389,0.9360747940686581,0.3986167694054679,134
0.05309548221397514,0.030991780417551643,0.1014329628895575,0.08220086627074197,7.32556796224095e-05,0.00021891423128243918,0.0005054827937808265,0.0024964742361265387,0.00043215078639934946,0.1974159055070538,0.9965527787856455,0.5782504516030491,135
0.10854583401970848,0.10171035020573684,0.10501675421211529,0.09247723918181211,6.338214626743097e-05,0.00027654182160128743,0.0006169313230227852,0.004290736874734468,0.0003568039010311119,0.07676542472501519,0.9986983047890234,0.5825679103255075,136
0.09920798853824155,0.039559758801801445,0.09348303699809357,0.02562850936134361,9.898315466399611e-05,0.00032260182288927,0.0009758945654603688,0.003097567922216017,0.00021088745357870114,0.27322565850648756,1.1398515926218553,0.8410233283263899,137
0.08056937889465383,0.04332092853872345,0.14676494635274107,0.0667563942925378,9.461846237486689e-05,0.00037063483091092644,0.0005397456435278461,0.0046409315548211795,0.0002713537271874949,0.24338300855368605,0.4324181664262696,0.32087186443084936,138
0.07667851219102362,0.09818150029867033,0.14919867557223945,0.037028260496128514,0.00011227235663095449,0.0003702498727794907,0.0009990481728459051,0.003037211490056475,0.00020703120311210517,0.08837068466187185,0.9054568988559282,0.34121665516192756,139
0.10966679703239887,0.057770671585868,0.07096446121586437,0.05430451650969855,9.781434810067748e-05,0.00017963924806033442,0.0010062283888925064,0.0021489194399040186,0.00021244338615699807,0.1829558780981606,0.7725339969241762,0.7365587489276078,140
0.03799303078638158,0.031154145404699102,0.08851099077577154,0.0832519649764486,0.0001559108178280658,0.0002756398681330459,0.0015831600396829081,0.001856762661714744,0.0004968686180217152,0.1196817568537767,0.5036509317397165,0.8699741142196675,141
0.11991841427313137,0.05607470892429607,0.08516748250645341,0.0705808179222743,0.0001274619157102694,0.0001564443217799293,0.0013741838725717297,0.005287105586203153,0.0003279635245793866,0.21065157265620726,1.1603231897124169,0.4140003652403331,142
0.10354736021990218,0.09304333464236361,0.1536156558823289,0.08641697408194274,0.00015876850252855495,0.0001735785097049309,0.0011826776179569328,0.003972893669629404,0.0005648785744059195,0.13629628022911824,1.1291950497736258,0.46137335902265253,143
0.09809525366643322,0.11526161469347876,0.05786395733031556,0.09142970858188043,7.306631701943143e-05,0.00016817809203381148,0.0006239368459984555,0.0054751126334240275,0.00018177027714293094,0.07692862586982076,0.5071012093751606,0.33454284053424677,144
0.10074013960715439,0.04856232880821168,0.05431690428558035,0.06656445609981237,0.00011599048598404191,0.00035896004401971985,0.0012030461523869678,0.001632030689275598,0.00027243852827862366,0.26173578534061953,0.8759281827552361,0.335447091262331,145
0.049403051486283,0.11964492093775322,0.08566288701514152,0.07506745012879472,0.00010012901520160346,0.0003380605716717836,0.0015373862052733857,0.003266567931223453,0.00040640670491895177,0.0963965116261987,0.6753183017887248,0.7007247149943886,146
0.0307788749374926,0.05287690467935096,0.1591571675963735,0.03662476080583774,0.00012167218207480865,0.00025062073209956387,0.0006910222359183569,0.003123713286214625,0.00046265396932999414,0.23629439505527994,0.8731412762420923,0.5362791043298629,147
0.05829421399987024,0.049982030829342376,0.05252569938910285,0.0837073364168755,0.00014717539493371652,0.00016531544964591802,0.00151062346328357,0.0035060416144067075,0.0005018967632100887,0.16594703710169106,1.1531513869606687,0.8647639748064797,148
0.030144353362543497,0.038889572549089785,0.08984706567241363,0.07431872977356063,0.00017145788917808665,0.00014054454457821885,0.0013192347561206935,0.004322472873794223,0.0003705462140643971,0.173416472681298,0.9597997235801274,0.772292563511379,149
0.062154471529182055,0.07678700548241985,0.04972203339387956,0.03197944483505795,9.479400348666701e-05,0.0001571656154764123,0.0004067084116585984,0.005768231568716937,0.0001566291563129776,0.2569889448028428,0.8312484808516936,0.8239974101416161,150
0.07536127209763532,0.11120715821537515,0.0805210304268194,0.053139923219953804,7.216350254656242e-05,0.00012430036148462976,0.0009731389199998969,0.005264626188013621,0.0005065388541868419,0.10890642298923381,1.0204442046270719,0.7383907729442474,151
0.1190978595765934,0.035527102569975766,0.06957091829911537,0.09937380508718802,6.929436832119169e-05,0.00036248858102563966,0.0015528294622711158,0.005879684427196075,0.0004184290825605732,0.25428336247105915,1.196694023959517,0.8253106591115889,152
0.0679375103291334,0.03283858636931291,0.12464920179829425,0.09014882215551961,8.32408222106846e-05,0.00018090135528736512,0.0013664526186991874,0.002692346292421749,0.0005380333155596957,0.1490694598993127,1.1325074001301634,0.558582178125884,153
0.08789670313224592,0.11832289145740278,0.15798958007231406,0.04096450355889243,0.00012116423711230198,0.0003254843426647128,0.0005775252887702178,0.003328642685121748,0.00019882256761494593,0.12791892654164969,0.45331853602908184,0.4479548593475269,154
0.0567066174796561,0.05011609185697324,0.12070297548385786,0.07756965562069054,0.00015770616794892115,0.00020625306748553272,0.0006041808165227192,0.005633298330641643,0.0005336799506307525,0.24313700206333067,1.1496097081354781,0.8053467070747253,155
0.09407178609809697,0.05881793782430214,0.11650543422959311,0.08102406528701281,0.00014446184845224149,0.00012282832302882115,0.000922615192649348,0.0030491406478789797,0.0005809014931674417,0.15757323217587205,0.9555156746860106,0.4918303648886039,156
0.0638274949628903,0.06809825053922866,0.09752661110411345,0.03668145317288231,0.00011644292457951613,0.0003658554228201272,0.0005755628647652801,0.0017964245051017836,0.0003723978860802407,0.20046324417516537,0.8577720209847319,0.36548548422673266,157
0.09199588216009644,0.116896680618287,0.1119078151794301,0.04975323027389046,0.00016345048688721397,0.00034070361569750755,0.00043245304140436416,0.004131929976242704,0.0004057730174829112,0.10409041582137868,0.4732919566629803,0.579248012567616,158
0.06550955335725886,0.11783370313653271,0.06719388790262602,0.07682486831711835,8.034251082361083e-05,0.00013543206781876994,0.0010729856517868368,0.0029044971927841556,0.0003843388114393184,0.285594045198619,0.5245448859993691,0.5535349813589268,159
0.05782444287712285,0.06891815091161452,0.08198993009634925,0.047634190285828194,8.709124875854672e-05,0.00032605241542884374,0.0008888714540255427,0.002426355728301672,0.00035043899090842824,0.13567807235166596,0.8079619836820857,0.5979762982043215,160
0.10230672181441794,0.1086079159452895,0.14376323082791598,0.029915844716274415,0.00015510081050884721,0.00020605865765163645,0.0009066545864760793,0.0032791379899999966,0.00018399991200280792,0.22750971142066984,0.9758181695862912,0.6787463202557407,161
0.05661408502801729,0.1048171595279613,0.14870229991495887,0.06458939431083605,0.000189673459059466,0.00017060359681646243,0.0012902245600190535,0.004303916886538065,0.00035346727378152306,0.15362564848312374,0.898904268714785,0.6490665984621866,162
0.07154948634920663,0.08456734249360709,0.10801556532441722,0.046168493377032896,0.00011420410664339254,0.0002710813307983463,0.0011751068070092708,0.0019173605621896333,0.00032229667516235096,0.12166808524857065,0.6909994710529922,0.7762184285691687,163
0.09992741882768136,0.05964237014786561,0.13111743984662394,0.05263300823934107,8.553397847095148e-05,0.00039138967775894707,0.0014860857234084625,0.002076426997496423,0.0003813147078277137,0.08807853023297924,0.839432993760731,0.43789433605181244,164
0.10983016827909634,0.08218025785834997,0.04739383514679599,0.0724045064080967,0.0001665508412475371,0.0002397069854404465,0.0007948735615615401,0.0036097699471194524,0.00047164431395896864,0.2729862076705734,0.5802489710194474,0.34675627729425007,165
0.07765013176333199,0.09872056663767183,0.09252306625640846,0.09687037250500674,0.0001279039218506828,0.0003620935526556214,0.0005701438962449446,0.002162246673237207,0.0003351081297077628,0.1965039827048814,0.5326449539822489,0.34322100857824084,166
0.11055451957376161,0.052597364593843246,0.06994917101756856,0.029141202572030667,0.0001081271192298033,0.00019095403750703054,0.0005256836807590968,0.00483107265154444,0.0004860773333154405,0.25448405281985853,1.110058414899243,0.7481101142099712,167
0.10701518239806915,0.030655634531704345,0.11095461405492935,0.08036225808706085,0.00019671376754459917,0.00013742303301723512,0.0011863075326460138,0.004811296967820527,0.00047099560990838366,0.235420853017538,0.7071703753291907,0.3078982691064708,168
0.11579494003378533,0.10629309790626011,0.0643901346958498,0.05707653020639734,0.00014531621106076496,0.0002467677440886383,0.0009325702517486662,0.0021238655321521535,0.00045674116849106516,0.252148611352958,1.0750268984560938,0.5744286674860946,169
0.09320210914448171,0.04203921969031668,0.04751621489348423,0.0295716881191352,0.00010136943410439815,0.00022494865514200314,0.0007651770032956982,0.002105063070702563,0.00045921121572506276,0.29575983628257246,1.0527068013360394,0.4808458047130353,170
0.03605842039421333,0.08449831935503357,0.0994869637586448,0.056188719644620445,0.00011213716757603898,0.00014979497279901243,0.0007689688862073758,0.00525752774306505,0.000346325793538298,0.19196257870685685,0.457721091706853,0.644605958378466,171
0.08446961647666781,0.092975931565213,0.12580689945479306,0.06807411917476547,0.00013621476535110596,0.00018899618645206234,0.0010609874702474289,0.005513956276954132,0.0003488666394256395,0.18836565665946248,1.1609033643029263,0.8564344613253994,172
0.10466000184462379,0.045253237648478134,0.07432689399086304,0.07694563567625665,0.00010468979661904833,0.00016054703251601867,0.0012962224968813116,0.005275395807752259,0.0005574507278798104,0.15317194955780639,0.5163782407816655,0.5509567536793827,173
0.03547668755886706,0.058118025158226894,0.11668663876720939,0.08532953305628296,0.0001152833899024368,0.00021864788605443163,0.0010046684880416637,0.005707567296852617,0.00026819320508860426,0.10848592571037238,0.8307422723594295,0.47512788074458157,174
0.09413650068929395,0.059740812643647834,0.06495907441844218,0.04833348163098278,6.301377222151139e-05,0.00024172795259830147,0.0013279920456484835,0.003325169515157265,0.00046684101915944135,0.10609969127711291,0.8898699802613963,0.723846712406192,175
0.07735810526069756,0.06518172302190176,0.13325448745025184,0.05325055165077425,0.00015424256728450083,0.00015479035441124522,0.0010331948294442345,0.0037500001960780794,0.00030332029270567333,0.08369761789581344,0.4601336335435007,0.6541136403425778,176
0.049578499339445914,0.03865149760687214,0.09483820561120897,0.06087066094475744,0.0001293380607538432,0.0001833486515391634,0.0011092463055257635,0.0029670570018880222,0.0003396137568580633,0.12732414308666445,1.075301853457015,0.6597514135621851,177
0.05821043643603774,0.04097010948401078,0.10233789916971775,0.05371491501213661,6.85520247336914e-05,0.00037262600429899517,0.000819121346857051,0.002451076091208945,0.00028732366086314185,0.2502998354332553,1.0559118956500364,0.8544060672962384,178
0.06457336958088367,0.10331829476667048,0.11637149229018781,0.06474449274778095,0.00012421820854242977,0.00039660509819762485,0.0007341879606349122,0.0028180969133536193,0.0004326045983099057,0.26784647119327154,0.5236890880664863,0.611506439198358,179
0.09880456261820994,0.0869481533291332,0.04461429796062982,0.06113987935689269,0.00015715466288963945,0.00037184746360967075,0.0007335489735517138,0.0031106222742050054,0.0003636346659359182,0.13233839993856805,1.1263263025323038,0.6037477304272925,180
0.07641824199814609,0.03308250780737996,0.118085054220402,0.032916656058686385,0.0001412393457883716,0.00033342625595220816,0.0005626485199110554,0.004994934953951452,0.0002766035035540455,0.10351930463505066,1.0238110144543833,0.4355109728699694,181
0.033124396580236234,0.0602795866384077,0.12332402743740886,0.054780056785498465,0.00012885682002673833,0.00014327550056101793,0.0007196440916537115,0.005599735644852331,0.000492015949273688,0.1583690873361332,0.5620757842517973,0.7188969760212658,182
0.03917800917019401,0.05702370139661429,0.10397909609708336,0.09438326451628612,0.00019084699556950807,0.00013851633013238756,0.0008795136033948601,0.0038756891599065592,0.00043584172533950684,0.13723255698670453,0.6483398185041478,0.8139809809547423,183
0.11691308571652004,0.05998766912648594,0.07374076446803945,0.06668896086554815,5.7573918651399416e-05,0.00032465773870301966,0.0004862579509870205,0.0018819327922326287,0.00021804527399595756,0.21162343624416247,0.8556427927655815,0.7708923396143101,184
0.037287739913650635,0.05519299555932777,0.14609001374966285,0.08085047169099197,0.00017073210096909793,0.0003958218310417465,0.0005548898861977445,0.004387047192386933,0.0005589009678648293,0.2562981267249932,0.8971362295456182,0.4174598878760833,185
0.032678043271544034,0.07068638956305934,0.11019281644073409,0.0866358268897148,0.0001284382541367324,0.00020168887975138242,0.0010454813289464467,0.004204858912239274,0.00035432329433406903,0.24915461824731866,0.6301253589140069,0.6000151469550182,186
0.05880702447011145,0.07632087585343342,0.10652958696413203,0.039577458947901996,0.00019967352984676999,0.0002941690196337253,0.000735264565799025,0.004990555266006546,0.0005128175726751399,0.2386982971031188,0.5390964533133769,0.7947477181593465,187
0.08245945989416223,0.07271313127872246,0.09936981600713331,0.05199458388112599,0.00018662843954012797,0.00021576934138782652,0.0015751048694280414,0.002418579793139547,0.00040323395364000325,0.2650318176816472,1.026480415428622,0.8481966196184547,188
0.04560387985780894,0.0807851445680065,0.1376081563558766,0.03910084634116025,0.0001639906125778587,0.0001542677348429331,0.0011152161129887313,0.005254954387818344,0.0004760824938717487,0.21901311686691388,1.0688721314357261,0.6738703810639057,189
0.0839974201008112,0.04706329941773443,0.053820114882422054,0.05256835059703048,0.00012024634802448441,0.00013245319995800595,0.000617588803518477,0.005886235969275115,0.00041517676507927897,0.2619879371765758,0.6308582382773056,0.6178144372723711,190
0.11931222097948943,0.10827810355585814,0.06179975591769313,0.08467201844771982,0.00019087429247097542,0.00031997644275630024,0.0014273717196705096,0.0024179845791219203,0.0002646682418215315,0.2219445283438533,0.4227217758859706,0.6402321113858765,191
0.09827504566041934,0.10360173596594163,0.05504267736662705,0.05723448978020138,0.00018360775852615895,0.00022107665493869029,0.0012702932499530303,0.005939058064168074,0.0004125453436315238,0.17726548116957247,1.1504401608833525,0.8604017686564942,192
0.07747491826651835,0.10771146658180772,0.05487909560660101,0.049017763515436984,0.0001070449782669825,0.000279676959994789,0.00043944378862616516,0.00556324309312093,0.0002776065120656928,0.2429472733428908,0.9167367519079577,0.32822992752644115,193
0.07778523472737477,0.051585983023181334,0.15990533230729767,0.09050093861560196,0.00016087260405165085,0.00018672777087900194,0.0007936199149509392,0.0026447633994371848,0.0003022914901614133,0.24127163568330395,1.0708210778969978,0.7234312152450105,194
0.07949443323031463,0.11139418300452932,0.1572345651392067,0.09387774989534867,0.0001686555384395421,0.00019257495346030294,0.000640413288132074,0.0039344578533119096,0.0004823899488537964,0.24282516322758596,0.9693968354485505,0.40258510641151335,195
0.050835744930947654,0.08762004333234585,0.08407219846819614,0.05380120198873514,7.041476329004966e-05,0.00013398792991506828,0.0015954877272450912,0.005745377893859191,0.0005185420157040613,0.24650284905881853,0.49470869148076657,0.77764003879219,196
0.08227322668603401,0.058446128676053796,0.09014048483125184,0.04059517718196901,0.00011845507521837887,0.00026970274936887275,0.0014145608178964266,0.0021103023786957905,0.00044781877474161017,0.12295719278605419,0.8225580288835909,0.42222821369904473,197
0.09701994049467311,0.08105108538547545,0.04090529468970926,0.04107246938869209,0.00019281242319829604,0.0002971489184383029,0.0006728828717604783,0.00407945405072416,0.0005112665498858445,0.2579603259927894,1.0990008928776343,0.7455462180634732,198
0.06783519884279507,0.0693907904712446,0.15702078211500556,0.07895542381417883,9.065754293076153e-05,0.0003828163104937278,0.0005815595192077074,0.005315306771733179,0.00037312280176649704,0.23305898563427263,0.6608792825695711,0.7623166137913057,199
0.10365978548837836,0.04458442989325663,0.1038155693813835,0.025011898066622115,5.1985318005062405e-05,0.00032180001067099774,0.0008267446912770494,0.003116102786867333,0.0003151636103420674,0.22116329708560134,0.46206635017305486,0.6709583479900648,200
0.04615279561093223,0.037271404031185326,0.1285731968400811,0.04287432715146664,6.67338411756819e-05,0.00018987639160932514,0.00046524346043507966,0.0024796091688407437,0.000532221314174765,0.12919871066816885,0.43968686967687115,0.42071536230016515,201
0.11917750343062651,0.07025694657584823,0.07171432239623356,0.026519415030015984,8.16451274003193e-05,0.00037515207289026513,0.0005868879986897707,0.0047167191087201,0.00020170325492322022,0.10456573336134974,1.0394257692005064,0.8552173542557646,202
0.09417690834968506,0.03176524043145637,0.14582757237469,0.09480312471383032,6.91703704388374e-05,0.00019758372896156774,0.0006294716548403172,0.0037568391083263038,0.0005116818402927722,0.2767224038290056,0.9210646427772803,0.7102980119579253,203
0.09772286149608585,0.07542867900163105,0.15846803241848242,0.07911056805538991,0.0001717270302398832,0.0001124453766376829,0.0015203872914536765,0.0029406553878723054,0.0003587900421980492,0.24818977510869994,1.1445497316527646,0.720490915369006,204
0.10589817249109486,0.04880768264376961,0.0881667401803817,0.059144410776990945,0.0001440086012485611,0.00025321758414825524,0.0012250528563001143,0.003127476083798357,0.0003294286678692038,0.21547945000351226,0.968580563487177,0.44478308161624436,205
0.07298687703477902,0.07393415324619007,0.06208631107821709,0.02846963510711511,7.079737688661157e-05,0.0003950193452783724,0.0013170666550074079,0.0016828719947322034,0.0005718545430471943,0.18567193085389982,0.6844108610543518,0.7791530003452465,206
0.10683506662895502,0.031869549967279184,0.0703456522651353,0.04914333342202429,7.279673925808462e-05,0.00026166617895530936,0.0009028315454983559,0.003245217061132293,0.0002186752101024947,0.2631020915802298,0.9268778830710059,0.7692801251270331,207
0.05553626400914616,0.08337384146524651,0.0933468090796018,0.04865019691438195,9.555189189387677e-05,0.00013203784252418412,0.0009361624834432803,0.0029209333923065177,0.0003144530106309825,0.1257232371008079,0.5170414385247315,0.5877601315564356,208
0.03835780822698702,0.053974128125776843,0.12638665236698182,0.09977919617778575,0.00010343597922189425,0.0003770280729396984,0.001148667430501763,0.005426382069765926,0.0005499809900731651,0.27570452777808996,0.5444666230860445,0.3440056843547094,209
0.060409604031953494,0.08333143140007693,0.10706034349738286,0.07730676851768341,0.0001688027438657071,0.00032066909146106056,0.0009511497521802106,0.003011600555593958,0.0005269874756346222,0.2941217781109645,1.0534564623247324,0.7937021587337256,210
0.07998192027472716,0.03859832484493321,0.12429063447759336,0.058404098456616704,8.909973244546709e-05,0.00038054431328068814,0.0009177757642728009,0.004133064908632291,0.00025899387998603825,0.2784669695486979,0.7899948865125901,0.7801000958045121,211
0.0629685368320681,0.08384283450772836,0.12903254169976863,0.08647018561740513,8.245147942818235e-05,0.0001002787182941358,0.0012453919468355936,0.0029285704270855814,0.00023898308976227217,0.2794592640699157,0.9114171595068582,0.8399512765711021,212
0.04439906330187299,0.07518617000889646,0.06127457572339966,0.07940825424949241,0.00013343415581465562,0.00014431999909174815,0.0013531786205747676,0.003058817227801677,0.00015616529049359713,0.18180950828701287,0.5636115292409952,0.770347322187023,213
0.09707548311122573,0.11181768168351888,0.040131217310212734,0.07610582046340267,0.0001162681877012311,0.0003519974374958529,0.0008337471657815579,0.001503385486306344,0.0003177199870222888,0.15922534956091272,0.9919016728807987,0.5618388972068775,214
0.0887028317648044,0.11333690016205322,0.10617273285610077,0.08862087986644357,0.0001979850247451805,0.00013680955607342954,0.001291412207544212,0.0038852007158609947,0.0003514167255065622,0.22863105766995862,0.7175593590460951,0.43425927509773876,215
0.06700544202871037,0.080743328573848,0.0967995119865312,0.05013125498752366,5.0542311556803236e-05,0.0003848409487142018,0.0009794135788833908,0.0031639732385032576,0.0002407260252500885,0.20512135885302224,0.5964117800560996,0.5406903325152419,216
0.07358270089765204,0.056588890237452116,0.12226793586575402,0.03433307282301896,0.00011698485859816749,0.00036685977992417275,0.0010116344680488585,0.005319730184747585,0.00030526608657128747,0.29481435820284624,0.8207594369687067,0.41513439842263883,217
0.0473340305630295,0.10429413770344248,0.12672334962014573,0.08816922214259004,0.000185245976698743,0.0003231631517006773,0.0005806859581126807,0.004328500042178423,0.0002478709287905269,0.18023298646646288,0.4172703140931298,0.46359133221748544,218
0.06481369057155917,0.08324787320385328,0.09200265361130652,0.03767680072434238,0.00012822610263283892,0.00010645386586210722,0.0014784656754400288,0.00388319732510542,0.00030754619246986775,0.1681051792714524,0.5372275964071521,0.8310333193707282,219
0.049466602557636366,0.11076509863692138,0.144694536502232,0.058898813585520744,6.236625821663298e-05,0.00012779464788957988,0.001217019834168244,0.0033836703669769333,0.0005597313098406504,0.14188836908475821,0.5147191333570973,0.4756535243397063,220
0.05838597247475727,0.0949358721703586,0.15131056604705923,0.0963536837348675,0.00014998274950825906,0.00031130240620517443,0.0015904883276296785,0.005448505433389057,0.0004269135525644098,0.1687620703811576,0.9197334940099854,0.5285268341334446,221
0.08250491930467724,0.10323323897463871,0.05245315971951881,0.0802787828857976,6.539786333878054e-05,0.00014252331568771694,0.0011988667646227165,0.005241119609681918,0.0005777192123045912,0.07914664627003605,1.0381449984138218,0.5214296644590418,222
0.0830708300659975,0.052043137932881095,0.1514080682643291,0.04915603982972949,8.567178742388921e-05,0.0003783535155066582,0.000488778818788257,0.0037414810935945237,0.00015560966042471754,0.2719297645564866,1.162406115231545,0.37752647311664905,223
0.11526278386507895,0.08703431376923322,0.10251029451908689,0.042076424742485435,9.244476478727025e-05,0.00023504571996748783,0.00045909585500472877,0.002558961800384464,0.0005965933729964394,0.09713492069489925,0.41481244652452676,0.47815846078144403,224
0.08454119478405725,0.0631029892312562,0.14295471062946521,0.0556363456524334,0.00017388220807070797,0.00011128658579343384,0.0006558023100592259,0.004301615613098669,0.0005607379327986316,0.23463224379209635,0.5646523228659636,0.7767926144122766,225
0.036213855565288375,0.04491973608100123,0.13386249428327776,0.09190588071554773,8.915082617464901e-05,0.00015399982127818434,0.0006231958683893337,0.005594387416814065,0.0003441303263402714,0.12078103564636708,1.153725551438768,0.8831614559273966,226
0.08539898576959826,0.08725895511475454,0.0752026399104147,0.08602434370226852,0.00017686984014138467,0.0001589761918181218,0.0005930139270817925,0.0030247567822188626,0.00020048089819061344,0.2261870086023271,0.7593248669111063,0.8381172670247925,227
0.042854882454911494,0.08669159962493778,0.06144082682985359,0.044983736310808944,0.00011293399411992617,0.00038503613446773936,0.0013556348611360068,0.002474908049429864,0.0005755003635806867,0.23065058222636337,0.721040763212239,0.5120837560775586,228
0.0736833718187208,0.06707718769868715,0.06773506631037605,0.03333301397968101,6.77415288165867e-05,0.0003447747485672695,0.001363183678197043,0.003870264840909381,0.00019075979848186112,0.09950202811790415,0.4278172564732318,0.329131510366688,229
0.06628204003412369,0.10084467975142905,0.08276174828161624,0.04412333797890829,8.50253295235488e-05,0.00021192067811101774,0.00044170509369699767,0.003961344337321185,0.0005386519796628767,0.1403753602835593,0.41203333253334756,0.31740801857307277,230
0.094432510928846,0.0826837808497772,0.05711212003808725,0.08794729342134164,0.00018861504021417321,0.0003691739009750498,0.0015682551782978144,0.005815332145973472,0.0005995835967694907,0.2147396762145385,0.44508652578734015,0.4938685979885484,231
0.07038028772545704,0.10610857450655724,0.09436404103070285,0.08062479571298507,0.00016423187537086228,0.0003579024453129974,0.0015661408508924831,0.003937033878806824,0.00029186115984283984,0.19475887446867074,1.0743622666169759,0.5152035604756517,232
0.052067350486344414,0.06358516739200969,0.1256407872079773,0.03753998788260758,6.354179570479305e-05,0.0003794951893829024,0.000572160802066093,0.004010223557560004,0.00017608671441413657,0.08440008552927726,1.0915399669244676,0.6571332301145412,233
0.08112780564466113,0.058179825657533456,0.0809144086158818,0.05898550934772968,5.958433980419386e-05,0.00014137508733807802,0.001368025539573963,0.004779187867798254,0.0005771198239444058,0.17818882458594335,0.7701665423190172,0.7526768134253325,234
0.07176511511626071,0.04869464257394994,0.14034072178641238,0.030795361498652203,0.0001936296342300039,0.0003865765248590343,0.00041860342123811294,0.004480342145163144,0.0001786411555114194,0.20944310403101168,1.0142315416696457,0.30761082313301913,235
0.11496063938729581,0.040206265033064084,0.15620475892785413,0.04935054076419631,5.125787936193043e-05,0.0002760228390409873,0.0007127507797339584,0.0018960944068716573,0.0002806055378594003,0.28302781646028,0.4795523226679719,0.7846139080676647,236
0.07556668504647945,0.11628372184297993,0.15065893249503998,0.07135402268810283,6.399956842080647e-05,0.0003897396500211666,0.0012334748748028686,0.0045991993052846465,0.00031813448451660194,0.29636351542416445,0.5451162876439155,0.6430053151284407,237
0.07930503641395255,0.08886548049432844,0.04275648756781999,0.041425108109064177,0.00012678440323521685,0.00012536686840962152,0.0004510171285059325,0.004169664238869011,0.00042183848236188276,0.18426324849731676,0.4354353389126863,0.39178512585904834,238
0.1076678060967374,0.11375977266164465,0.11519374351548534,0.055346086758142,7.408703348463597e-05,0.00037581371563277414,0.0015997393659656501,0.003626789774012115,0.0005148007723547828,0.15285166430228497,0.8366648601474544,0.6995686140428591,239
0.09793313026910552,0.03650479237811655,0.11185974736462548,0.06268076550056281,0.00018264825795320309,0.0003105169827205664,0.0008106103724248646,0.0019277286857732271,0.0005458848513604255,0.22432276882740965,1.1043628546350832,0.4443995350305811,240
0.1091213040228529,0.09372099171545568,0.07186324341364697,0.06499833151227619,0.00018019178334027254,0.0002950937407071014,0.001543379857890694,0.003914643788805758,0.00017385057099682217,0.19510599581055837,1.0001480993847962,0.3599603009929586,241
0.11947436902991143,0.11747174646000924,0.04887875356215093,0.03421796676526949,0.00012054213981601398,0.00039959378521838495,0.0006662135979816155,0.0027071270047754,0.00040035357255907935,0.24597942761736968,0.6547375979356891,0.6639181398049239,242
0.1197406341781405,0.03523149846496088,0.12094882051785882,0.09605843056730348,0.00013213999537212593,0.0002730363194383143,0.001069942501164539,0.005384944454030008,0.0003254598296212133,0.20306687133822687,0.6584691174557981,0.870953331748213,243
0.10332142377666728,0.07093077812902882,0.06726542376987676,0.06136028920796143,7.147188495542679e-05,0.00024329892284829228,0.0010417609529044607,0.00553201540869123,0.00038091413963260473,0.26009584888273385,0.6678172835258006,0.6949911168577921,244
0.046415320062404244,0.04882533690851559,0.04388658323609372,0.028569444807030477,9.163630085550238e-05,0.00027540821499734083,0.0009469358600885588,0.0035414341101355257,0.00035534043095310317,0.29212582825807726,1.0240997860079852,0.7582763199706575,245
0.11011912900440277,0.07912845626674367,0.06269405591914377,0.0700548615988577,0.00017637731058818548,0.00016505544387240893,0.000634597757715559,0.0031336850862151867,0.0005523603573689457,0.24793773670400665,0.7247241379629218,0.5528332126233879,246
0.11381472135675545,0.04962847046472154,0.045789204878195156,0.03693322595972893,0.00018833895768255552,0.00035068912539579754,0.0009964294977502324,0.0032492451289445837,0.0002717393486841604,0.2703846015502897,0.5755157547589712,0.8371891048019595,247
0.06864833826908535,0.03880849540775477,0.1264226218909934,0.07459740727871142,9.272838836191599e-05,0.0002777036555733378,0.0013273250047907926,0.0034281798527291824,0.0003234937227757594,0.12018413904661687,0.9324754275419226,0.6070206138994532,248
0.10013332220811424,0.04844521526968048,0.15300180122312154,0.08252290492804851,0.00011890449744679144,0.0002320245820045876,0.0014529570199668402,0.005815828018241216,0.00039137742158209176,0.17156429505565418,0.42119644636733333,0.8610819910596663,249
0.07130101961560584,0.09079635286995155,0.13896542832157102,0.04770549170799071,0.0001582132608065485,0.0003780644054021553,0.001576109171393157,0.004036539785074077,0.0002948666981215345,0.2693475478911263,0.9013099949826751,0.5379580825839663,250
0.09380888472675071,0.11314308351439786,0.06393588741254788,0.09502986924135653,8.879657464228968e-05,0.0003538975073054782,0.0004531048430829681,0.0023660791543779016,0.00040091112891167614,0.10032930047471873,0.5837627265780323,0.4980055743685809,251
0.04348850549157912,0.10588799425424306,0.1518041735052467,0.07773533955695339,6.93596994116757e-05,0.00034581280442662793,0.001416596854972727,0.0042861224069160745,0.0005859049520702347,0.10580425907737988,0.6368315010161733,0.8791571800235403,252
0.07456144207723006,0.0381892578472389,0.12798703367769595,0.08051688049867822,0.00011993867346825782,0.0001933014496721089,0.00045168792667070896,0.0049609972301268065,0.00023443623855961293,0.20726066690616696,1.1468430863776131,0.35219133376440726,253
0.09483511802674373,0.1024203376423927,0.05415935029551683,0.07510434715512807,0.00017083678339367846,0.0003616415973089003,0.0009645396239867741,0.0036222812988242563,0.00025565260060801464,0.1709133880214475,0.454242352060757,0.30483874323569105,254
0.04594497944945594,0.06316069297014958,0.046032439038430344,0.034132664119912996,5.187610380402358e-05,0.00036827681644007625,0.0004812821576939122,0.0022677241595323353,0.0005410745731045497,0.14105139463128996,0.549504872307346,0.8205958161464793,255
0.11197036379794113,0.0847198632541305,0.05812461544838157,0.04071909319563606,0.00018508197810914343,0.0003075888105819916,0.0013295660986706516,0.0025525831785761788,0.00024537283171694786,0.20537431426157632,0.7808796011563731,0.47864841956667226,256
0.08062223557849753,0.07559183757853807,0.12752426018865343,0.08973101058079155,0.00015092684090642358,0.00012021939360732663,0.0005957494539735426,0.0024468342671491033,0.00036270252465490634,0.2151601845015506,0.9411682844583639,0.7808895944524937,257
0.05606469187239571,0.10961930467888369,0.06687037442867788,0.06989877681931952,0.0001892659412823206,0.0003382132448326984,0.0014477937627064964,0.0058769937501817054,0.0005973671005246478,0.21260349220060637,0.6245524600840309,0.6063152528459845,258
0.0838793366987177,0.038432629133714404,0.12606236528756531,0.08540691947172047,9.290399568828698e-05,0.00019580276816156655,0.0010468345652675684,0.004476624668663824,0.00023029348312895035,0.1011022164668951,0.8081051412013973,0.6802207242133025,259
0.11510580668807885,0.10913094264696013,0.04065601822639513,0.05627201868085469,0.00016010260434626248,0.00012834567969627355,0.0006649341853966286,0.0033553856518235394,0.0003939850816635828,0.09359712893296243,0.7538315356980887,0.6898407462124052,260
0.06682805919926754,0.0750476725670879,0.09468360710249323,0.05694899183069419,0.00017534895875358502,0.0002748767114833273,0.0007967419751589004,0.002820422480179998,0.00038773469347365197,0.17188726599565252,0.5139207224466605,0.536705589891976,261
0.048111020783073326,0.042457103151440585,0.11830745967068051,0.026902111808440907,5.7906355612545505e-05,0.0003676273520673951,0.001276115948394628,0.004729949554654418,0.0004457822698381124,0.11749556991201368,1.0858908716090614,0.7536019092980017,262
0.05702995572864149,0.042372659637221435,0.086038635758308,0.09400066712503971,0.00019544334815844197,0.00011638500454719874,0.001058201147484321,0.0018205804018554487,0.0005216518144511654,0.1145394976013114,0.8843375093086563,0.8188874146287344,263
0.07135250439683818,0.0321017755905507,0.14701135980980046,0.0982544628122485,0.00016330259835118687,0.00016347062964252576,0.0012467507593381195,0.00411931983513583,0.0004278189803172378,0.09475019474026174,0.9342246585047549,0.6242443698212723,264
0.07143855004466582,0.08956422966037009,0.0876276455232442,0.05580308292650875,9.171360936889033e-05,0.00015496248764782338,0.0006077205019030115,0.0025635176743067393,0.00039938530588020163,0.15645505896416617,1.072967657291179,0.7612452241621126,265
0.05654474613330014,0.10273885754856897,0.14812623270690145,0.06420099696296913,0.00014320418801281101,0.0002319337453358548,0.001191236792642816,0.0026876790088858544,0.00021204180586699715,0.1807885032968378,0.43470762225018866,0.41776837956391266,266
0.05327667293822751,0.05323203559883889,0.12000441307035528,0.06083970369504487,0.00011927533195644875,0.0002601578880357526,0.001031561731944881,0.0033405304865751174,0.000529112262803388,0.25358974462929307,0.4375810210038141,0.5449295011291679,267
0.043213797359292545,0.06116697452650304,0.14268720870941307,0.091841790909341,6.505615761471648e-05,0.000335367991330785,0.001438883160613834,0.0036708500391627874,0.0002315876550974626,0.22979195587893014,0.9941550318318135,0.6505457531919645,268
0.045725898586157526,0.10742456495192887,0.058431189250337266,0.028098644010540644,0.0001901115252677661,0.00010384990748959692,0.0006880909442216032,0.002251995621497411,0.00015067067255283042,0.18906480345282936,0.588953372109895,0.4988455356592869,269
0.031051786279168717,0.08876617695223074,0.04823359738411917,0.02604447145246566,5.4282807138127134e-05,0.00014798050042600893,0.0008408041615290705,0.0019426949608642528,0.0004158457790950726,0.13268325771015146,1.1006600979684673,0.5525233518445649,270
0.049227690791972784,0.047263716671193806,0.10414410558010742,0.047532480785397666,0.0001586805207803231,0.0001751383400169107,0.0013313826831575254,0.00538805045504754,0.00038216698015221,0.1992871669884746,0.9295828175965625,0.41848722706910757,271
0.0687538369603046,0.10109922598606319,0.13456795114561398,0.08129562858796141,0.00016512368650740153,0.00033467083769434766,0.0012212919385132127,0.002508621977065479,0.0005770210099302728,0.16746859714154672,0.8886527100799446,0.845023416041262,272
0.05586422572896745,0.0927135426559825,0.04719336221721919,0.08255972511523296,0.0001731646087687235,0.0003990445238732914,0.0007174861805338484,0.004146738266721746,0.0002009329292345931,0.18691110960174262,0.7794024211454407,0.4911406537301517,273
0.04739254238537327,0.03628831130145441,0.10058618843276362,0.030958332871267705,0.0001437786119152638,0.0001525272165047811,0.0005434478020466666,0.005714052479103449,0.00041595408838505075,0.1470220130985419,1.162001794218317,0.5116129795137241,274
0.06543625080259519,0.09998891820526887,0.11727351813618045,0.04456442837493406,0.00016557410196221616,0.0003242693573894424,0.000978044978383166,0.005399320040589677,0.00021735867703944484,0.2097811726760906,1.1383129031274364,0.5482328190486923,275
0.050984054532950934,0.0945828956901162,0.156850533496956,0.04586303182009515,0.00018171637043741458,0.00015096456042284375,0.0009676830577220743,0.005795794571264249,0.00044888070833027066,0.09101203117369608,1.1573559328320566,0.5883028722315142,276
0.11240867936288691,0.055065939757454385,0.04356867996391493,0.07200290050000242,0.0001410407944112669,0.0002457646060626074,0.0009702362882058539,0.002145990079046791,0.00017237794295531486,0.1456318979086493,0.6403604397587889,0.667986863049509,277
0.04374482699061688,0.0996270580560346,0.12452843658299903,0.051126742116642906,0.00017702834754736835,0.00022166235252513034,0.0007185706860382292,0.0025151740187968827,0.00033687392523309973,0.11626065895835759,0.7027710343555325,0.45446327775588946,278
0.030368588195889498,0.05634773425316954,0.13686061495431112,0.08691586283814096,5.460049115056739e-05,0.0003013767012579563,0.0015629786323295186,0.005758816259612373,0.0001873823502585745,0.07989403540781102,0.7991474953007525,0.875651674651535,279
0.11230874626911848,0.07490364365633995,0.11885935967565137,0.07293439786707469,8.262660796089715e-05,0.00014220422364577686,0.0006831159614890755,0.0032106108640552007,0.0003133729589853056,0.2476466837823622,0.7820803261551874,0.4924889396153599,280
0.07100421480936417,0.10657674806229069,0.07876786663878346,0.09241990322084981,5.7045449540479216e-05,0.00019449329167925557,0.0012369207342657882,0.003918828545599251,0.00018043837826317298,0.28215445919027676,0.9374284442039327,0.4676996812817126,281
0.042775317372111224,0.0544866189888962,0.14801307820273812,0.05227264659129302,0.00010553765360091694,0.0002583079804453601,0.0010801905625361951,0.002089090032328072,0.00032481388348524896,0.26038360832074453,0.6497358864140316,0.45012998955407063,282
0.05502435888906423,0.1072250687954148,0.10571057334363704,0.032139425844641065,0.00016495393045374936,0.00022353944160294868,0.0007317742016805153,0.002061325460719794,0.000459986325659944,0.1313042022715398,0.7226951946271453,0.6159918796834427,283
0.031115115813703256,0.061840428603320556,0.14145611900226088,0.027148972686087083,7.098636292943698e-05,0.0003220456660913614,0.00040727213756191675,0.005998317805862199,0.0002313238512746727,0.08735519585683324,1.170007597908719,0.7675506993969157,284
0.08127630789635057,0.10533249666090953,0.05852479740406333,0.05958028539239167,0.00018066181631618594,0.00023450189241831608,0.0012733247380619637,0.0040396029397236285,0.00048194808762506286,0.11313619489041193,0.6012865857003687,0.3023905005811244,285
0.0722644943768079,0.08498368065861489,0.11956860473848946,0.09795463570168794,0.00013579576364220204,0.0003005740110001293,0.00040993217777003313,0.0021347118766408915,0.00044366700032986083,0.16176753010253841,0.9383330774778096,0.6354046191352305,286
0.05402632878583655,0.05303666201462886,0.15699821119961027,0.043698655837196294,0.00015690983570112554,0.000392845425810096,0.0008274968442305591,0.002724921605505854,0.00041182565010735857,0.0809213800852304,0.9496260529830374,0.6630970716813421,287
0.041771709466698365,0.11414475092754046,0.053619923043991824,0.02805890512419297,0.00017929719472379636,0.0003018485922982126,0.0012815477454715465,0.005542492876309127,0.00031732597844928126,0.08057603241541923,0.8614506534032613,0.4651222873178179,288
0.07318134942389962,0.06220958626100736,0.06521872210060325,0.05359715015384371,8.582929948054359e-05,0.00011581155850353582,0.0007360668419258973,0.0032765939319936753,0.00046058690156444194,0.10773890351610532,0.8713764680970615,0.6268110314663984,289
0.056964180277691234,0.07642873223608349,0.10555736673478885,0.05020299970482624,0.0001840460823941603,0.00019318553496854013,0.00042910946324610283,0.005821486819931186,0.000293653510404265,0.1325647079278116,0.40733574973409425,0.8454523600958448,290
0.057568898547867696,0.0383667813226957,0.10437158218361764,0.07371502858884904,0.00019460909799867045,0.00016013499623220424,0.001201040365968149,0.0020468702845724772,0.00018002722384445583,0.1726581915006861,0.9698723772933954,0.8179756324025429,291
0.05721362132405555,0.10207475071103578,0.13243752333342682,0.03000963879871076,6.617935812412433e-05,0.00035096697720327276,0.001436185802030859,0.002996059672931494,0.0005073281084598265,0.18314640778024063,0.7322211183551385,0.41921199777569995,292
0.10804926487852397,0.08295251192101973,0.06982738332397245,0.07919431697192361,8.338185565842899e-05,0.0003356310222447319,0.0005214048297459618,0.005139498790074368,0.0003258099082566492,0.2129853986792986,0.4508858837296217,0.6956162029910626,293
0.06852141907776879,0.09736343229258143,0.06533740294879162,0.04337341391989406,0.00010330218028465168,0.0002804046053538966,0.0014649569467123193,0.004177133204962104,0.0004918883353522736,0.2548657493533712,1.0511723501685744,0.6746914850541155,294
0.1169800456227302,0.03126103807944395,0.10996338707228939,0.09665631449387146,0.00014061351976925432,0.00020571548832908548,0.001437316519242614,0.003991256442530821,0.0004952516694830357,0.25856377034960226,0.4870517919605725,0.8468086331128812,295
0.11138294522381686,0.06635235708566675,0.08344090367131371,0.03281550125545994,6.001739040488602e-05,0.0001006709550084759,0.0009722102504358841,0.00501548280399089,0.0005805179527938811,0.08643033819063672,0.582101215283513,0.43465007946654843,296
0.08097716083286448,0.11672834102299663,0.12871109414459966,0.08481421442248946,0.00010588413419514652,0.00032479575574557236,0.0015727437648236089,0.002652112501629265,0.00041907071594488433,0.16140851340857137,0.9726267278852736,0.31072671013094744,297
0.10131007182817632,0.07038820810720275,0.07868200820243697,0.07986626944266517,0.000131154094793959,0.0003592691622986727,0.0005842576498124077,0.004628978084242127,0.00034527923957741914,0.28030740390869263,0.9769450205035365,0.8174971426372297,298
0.11402205591630046,0.05688690837938673,0.08794477238113137,0.05816649310731998,7.49429719101864e-05,0.00038615984164410143,0.0006516072596437767,0.0033072180298424608,0.0004108165817038156,0.24960850162169834,0.7825521452526301,0.5572434595576773,299
0.07323223665399758,0.04662860084586458,0.05674690798869117,0.04258066130858451,0.0001390382610019621,0.0002180519585316942,0.001484174535633191,0.005918412870180136,0.00016248088636289633,0.28457099104598677,0.6931198899125833,0.6576382208889289,300
0.10109689920238452,0.08571703187621045,0.06266325121509862,0.042720026117867904,9.973517260109397e-05,0.00031660191820668393,0.0011329567243321401,0.005180775128065444,0.00047869682721983834,0.09980619564464391,1.0153438044645793,0.43625431493972855,301
0.07853676769210921,0.09759047209249921,0.08019541985205576,0.03464840271674809,0.00010668374281095383,0.00033288498741238003,0.000587828837739228,0.005160583841001716,0.0004549705827673183,0.2127270843440665,1.155622066578227,0.31859537326714904,302
0.03583401168456826,0.047765725746424605,0.0442432673637398,0.08951701429232908,0.00019456850214921866,0.0002451655855492708,0.0015718708933179166,0.00466314916529441,0.0002779586458962661,0.1677352973220216,0.7500609755348586,0.4823681195888113,303
0.08715623312080598,0.03234511504121439,0.09863879456310531,0.09851917047848396,0.00018122014379156067,0.00024076408354193105,0.000983085557275941,0.004484807135247055,0.0003622776585129714,0.29291125275502167,1.1314933760698995,0.8700941885582858,304
0.07909816196719469,0.054614624135999185,0.09433799211776352,0.09577294779236561,0.00014457546972301976,0.0002768723854057609,0.0012285305607957718,0.0017295660360362498,0.00042310466988756306,0.19054327666640736,0.4415963667104486,0.5093279601693572,305
0.09999625753661173,0.11487504565309262,0.09653729678513312,0.08679988729085641,0.00014799173501302715,0.000140169108419106,0.0009585635468608541,0.005647311156241447,0.0002913818035246196,0.10278703530742786,0.46500331292911634,0.7885665313769397,306
0.10920839861555785,0.08933912940207936,0.06884164354079808,0.048522495727977656,0.00014052165974151183,0.00012246111009318476,0.0004770562629782737,0.004154816067235254,0.00044514459480113745,0.12260501117681032,0.7884516349424173,0.5502127295078068,307
0.051721576046542664,0.09206026874933629,0.08500576308749036,0.03340299234508713,0.00012866479893196736,0.0001410139885498978,0.00041990190644896475,0.0044298451731489205,0.00031170367713377183,0.0913622537904645,0.6220020074619435,0.4111802532553055,308
0.08045247515889684,0.10347657163315095,0.04948038525349747,0.08618986505726153,5.6348099972937396e-05,0.00032713833384606666,0.001379755659078957,0.005088782021573852,0.0005346043148540629,0.1306815339338971,1.090597809144022,0.6103399674853778,309
0.0721526978640227,0.10419347547792146,0.11754346164217971,0.07846831372490065,0.00014816718464614713,0.00030100517440481613,0.0008075950519864771,0.0034449978967045283,0.0004702018056329826,0.14265915103202448,1.054091142801461,0.7183081998615357,310
0.11391418760614473,0.11003250633183283,0.08207734602183472,0.0999774080483706,0.0001369719812669951,0.00014650721131645707,0.0010211570127530325,0.0032379206785107862,0.0005570749552259691,0.15902669177244644,0.5737085221477354,0.35567525951010953,311
0.11680098660355424,0.04518801590590826,0.10624203811175648,0.026355939268807495,0.0001156307245249394,0.0002373176131337655,0.0015404634224916777,0.0026256045885076316,0.00036975905182458515,0.23006118248231744,0.5761310868076392,0.4019068928698173,312
0.08296673504849192,0.11097765290158407,0.11295319795010958,0.05101774059762377,9.815510072207337e-05,0.00015794502539037962,0.0007781182157416524,0.0021157651601633296,0.00018632933788361087,0.21601463213153693,0.5348531744525377,0.7861011974894503,313
0.05092048154824859,0.10923687530115983,0.1086579697509738,0.036071434943539704,0.00011766933584212211,0.00012790267878648,0.0015946104647107785,0.004404041760739193,0.0003453926198846257,0.12670416015189984,0.7453062438070339,0.743970535786717,314
0.0322544600688132,0.04471855225986844,0.05338160570307977,0.05634452897644233,0.00018441730467256613,0.00023279110956840664,0.0006277349487973762,0.004202604842677864,0.0002461064673853277,0.16553652964584079,1.022002300853648,0.8422320033542856,315
0.06949841305717341,0.04591767986811032,0.07760846834778926,0.032670610185752486,0.00015168359240003468,0.00032873151172898706,0.0014250712503421216,0.005356305550688401,0.00043719262515682104,0.24842985272285317,1.0401630887429865,0.7736361972982733,316
0.06279325558183421,0.09073970018512764,0.11537540968366711,0.05774524093701441,9.599234645426272e-05,0.00033644256802715537,0.0007812715687068596,0.004551648422078952,0.00020255235518725734,0.29731643049645184,0.5477565467513866,0.6180833990149883,317
0.06005713293375576,0.11950461048619239,0.08058848790634372,0.08827752533191655,7.908967370441992e-05,0.00021958630979839204,0.001124144568443834,0.004033275559618154,0.00018231989793479286,0.08566823517186388,0.6315323387175495,0.8989721473348058,318
0.08730284603824946,0.0652309438538782,0.10819462038617711,0.03725255872200835,0.00012083874045638467,0.00034327915416788787,0.0010664220011920701,0.001841149716671424,0.00046437232653949684,0.22047077609242632,1.0022999380828028,0.6149126720805407,319
0.06725128367660826,0.1099864697072544,0.10207383686691963,0.06885177793242403,0.0001237184064045137,0.00022423190427110236,0.0004009687479776357,0.0015706031626578653,0.00017088694892459296,0.10177196955460692,0.765095711022395,0.8873183927373118,320
0.04107468897451414,0.06087536365013468,0.1229958332168109,0.09344232687422505,0.00017845042878983532,0.00027353472942580955,0.0004480487073128901,0.00359302425266382,0.0004317657205649264,0.2746924568375114,0.762773137161378,0.4816972770297573,321
0.04063415174193969,0.05228226741432677,0.05935429425108417,0.07552856279495687,0.0001875706267201659,0.00012263725206341282,0.0011073816017876522,0.0038242682318740296,0.0004649909552879645,0.1671064482742945,0.5869110993989383,0.4538428630681663,322
0.10859102786671557,0.09485592105938562,0.13526600870886277,0.04198335452244265,0.00015058261079741415,0.0003054293052129573,0.0011923684777662817,0.005226569266713495,0.00020456481857740772,0.10587168460621929,1.1667682176372065,0.31089690572390133,323
0.08823435685933453,0.1157249100319293,0.09523854187975841,0.04651506379554844,6.625097801977463e-05,0.0002677836740724796,0.0010350521336893578,0.004888500528744174,0.0003610927676004931,0.1804962090461123,0.6651881842716565,0.3734415362791133,324
0.04196482564931367,0.0808603098658873,0.0962813496646523,0.09157857679464063,8.282587579263009e-05,0.000394015546102734,0.0007246991498814025,0.004572166817931784,0.00035109928356369727,0.2952965227309796,0.6639179536954947,0.4040004512492026,325
0.06121315871923126,0.09000384892105837,0.12211196098842428,0.05764030876529341,0.00010201085302754772,0.00032252412336016283,0.0011448422163252976,0.005363117855465354,0.00047464231582708936,0.1184864518876564,1.0431161841042431,0.5612234825513596,326
0.09163214384881872,0.09513801330287878,0.04779667807139506,0.06624729445083544,0.00014578787885802212,0.0001841775821478337,0.0015469496150801742,0.005604083200505176,0.0005680921149536927,0.08992748740085552,0.7574481917515666,0.5541799585879219,327
0.0960074543699281,0.11018712034084842,0.128285521990902,0.0801822498298343,0.00012304308490602067,0.00015356505513230265,0.001426145348245393,0.0020022638156565425,0.0002144454045472958,0.19724393034210824,0.8963480210160728,0.4575434153645405,328
0.04203185535921566,0.06790843812085748,0.15960564416275705,0.029872660768704408,0.00015325639023335303,0.00017710239360172765,0.000871929111947305,0.0017184765770641404,0.0005955628834306697,0.14343065182094544,1.142794185255919,0.4275816954029791,329
0.10612247561909234,0.09401436779899802,0.08738051462174357,0.03840556599310054,8.440739269407254e-05,0.0001214139697612939,0.000533208687716218,0.0030700560150618136,0.00044986617126113444,0.09758229524650204,0.7252062108118074,0.6374442007035408,330
0.05055050390374462,0.10758408698756002,0.14399162642434923,0.044851126150455965,5.236203259436329e-05,0.00022477832142536362,0.0008382602273825783,0.004900529468372106,0.0005250580916235803,0.08407581293771689,1.035736665332077,0.8654572670766094,331
0.09727741411403866,0.03331049178006802,0.11425015771822608,0.027637279714530772,7.871757510439459e-05,0.00020397866117173108,0.0010226810891063246,0.004442522854427453,0.000509389827132591,0.16080587618959727,1.0519019910822418,0.4951925030743272,332
0.09335669610990763,0.033186859475966814,0.09551724142803897,0.09219701955566473,0.00018187177611336038,0.0001350015335898689,0.0011692536458925078,0.0049333995381530184,0.00021130100404161042,0.15667794795057066,1.1116292316919907,0.672852672377875,333
0.08961461705031853,0.06589073598606991,0.05227031654016047,0.0994887151190674,0.00016536556841864256,0.00018949334206042634,0.0013862294855830136,0.0021340214863735437,0.0005305286439374863,0.18577715408184564,0.8214140804059844,0.7129929819535248,334
0.03517125061651914,0.04164781261187207,0.059966815769160325,0.05943599789308807,0.00019910017036380833,0.0003822755117707053,0.0014885466388522397,0.0027870933880683795,0.00020748351358549806,0.08263314384491618,1.0662373794075082,0.7311764822493685,335
0.11706359419211188,0.11905223242238276,0.09829529807575611,0.037819038284429285,5.329633214495656e-05,0.000142988088411472,0.0005517969419369207,0.002074726350564407,0.0003194215791802857,0.2533814719159134,0.8682594576098186,0.5517814898465023,336
0.11374129077983143,0.10557095728430395,0.1489896918699715,0.03010659664961049,7.933793737818145e-05,0.00022878124172619392,0.0005316002922273147,0.005432044351028372,0.00023274793243148524,0.21097421325751636,0.7392845363500409,0.8008130206581072,337
0.07954974681966931,0.10366621903891925,0.12781130833928825,0.03175950542736238,0.00019390725436532066,0.0003496710407609468,0.0007497131289759078,0.002568338399686547,0.0004943828766721367,0.14430820964596514,0.965758429550018,0.5827990939541365,338
0.1103887659892666,0.03094908233525398,0.06184916172913302,0.027309584132504,5.7114951205172905e-05,0.0003601259739317957,0.0005186692825688912,0.004244047888163679,0.00042339848285622534,0.21339577025596385,1.1892938114829212,0.6339332272805664,339
0.08822089863329352,0.08778217475356767,0.07578741914484119,0.06950358484815877,0.00019375081500783834,0.00037670868038627094,0.0010482121921468724,0.0030189877944466065,0.00048258550658379195,0.09339428893200784,0.6422367379843773,0.6258898603846719,340
0.08351670214375304,0.11259318578762562,0.09902327287538837,0.06251302996039207,7.912334640238362e-05,0.0003760955495488636,0.001395022165123968,0.0034221501054169014,0.0005441824470785618,0.09602562579309051,0.540964376187101,0.8382871571506161,341
0.10257092125566908,0.06389496364816576,0.06283354012859202,0.052471717500334,0.00010502416361150228,0.0003615242721705793,0.0006334583054893083,0.003831460494029316,0.0003793426798010854,0.10752255481987946,0.5186911759599161,0.345187636009033,342
0.04896400378380454,0.03386336693341659,0.1564155339361898,0.049895470308179424,0.000151257680938683,0.0002184072420822169,0.0014736459238457573,0.0019123984579979944,0.0005936719334979148,0.11106183280908255,0.9562755100610232,0.595102408565199,343
0.07021621042927265,0.09554797373507765,0.1001281920094541,0.047324581841938856,0.00013043032351547698,0.00014934084267880448,0.0004958947749992716,0.003376414045237989,0.0005186499369180418,0.2251107575092241,0.783579555216894,0.5972552388653928,344
0.08611731348302157,0.09262066215763404,0.0771237483801705,0.06554649942676202,0.0001210734338435249,0.00010528676083554727,0.0014036782411839326,0.0029938570832079834,0.0005797671608641983,0.18537923722188243,1.004409892154475,0.6399075997013621,345
0.04132047843700484,0.08287663520711164,0.10163364785033013,0.06900050413445497,0.00013975642192108387,0.00019401096024248185,0.0010882385070186116,0.0028776305388154427,0.0003495624014065137,0.23794534603349204,0.9707747202267536,0.8067284745679595,346
0.09310918614471671,0.11770090274593335,0.0794878703865809,0.02659528609308963,0.00017661905162164862,0.00029449684374717455,0.0004135885462702293,0.005210743378578106,0.0004997359216072149,0.20439876398843254,0.5261380421215902,0.7787316360863126,347
0.08408803390846116,0.08650520361599187,0.12131645578966474,0.0722396554576265,0.00016005683073685962,0.0003284122975415579,0.00046225466484993915,0.005003127250252268,0.0003822580342054627,0.2952380293587793,0.9239915765690933,0.5239936480185736,348
0.11450689357516139,0.048476608546924066,0.12164422289350263,0.04142040559430052,0.00015729422852269468,0.00030258144193765017,0.00086257995942765,0.003984013305388824,0.00035601350637667895,0.1938414561757712,1.0954791438783613,0.8291651511694218,349
0.07600739793580791,0.09789964288055757,0.05964971278442567,0.05387966357752232,0.0001927042052649989,0.00033777934210709734,0.001241449035150666,0.0038555243768479018,0.00015733558531394123,0.2194723734155007,0.8336552610194261,0.6515167686135336,350
0.06351730184998386,0.08162520901308737,0.14542455323516537,0.06917170219074475,0.0001345803211229871,0.00037365133772801696,0.0013842656902959148,0.0016702643754675812,0.00028693148306525987,0.2573624350536832,0.5208814060869732,0.8895650401755624,351
0.03132228841496414,0.035037638319898846,0.11365045739178722,0.07134937169937991,0.00014142867275525415,0.000293710401746055,0.0013607008326540194,0.002376723946551431,0.0002820618385498982,0.1880294881966192,0.5229177010458563,0.38444619898822074,352
0.11957728748150566,0.05332714762947481,0.08327383781577224,0.027871895661038357,0.00014825718689163173,0.00016700429216396997,0.0011418076914656893,0.0028545613064864216,0.00019162564038531282,0.2505055204831547,0.8302715168173225,0.4202647348324994,353
0.0719869482828541,0.059565525823933554,0.0429968965884382,0.08987634477286127,0.00011658075033810277,0.00019206674349821483,0.0006138446484021955,0.001559224070074447,0.0005512226313473292,0.15766739858103385,0.5265614153903307,0.5304417839259795,354
0.06994653001029384,0.04424563909428505,0.06502083518549996,0.06138064306126712,6.132072252029158e-05,0.0003747796062338452,0.0015472360296798866,0.005905751237556926,0.0004780055011953334,0.2819577818771667,0.8175265619415089,0.44190759873826657,355
0.07003891207908935,0.054763197671244754,0.14555641629104749,0.0971005856760074,8.11141739231439e-05,0.0002539165029490392,0.0005477826734543345,0.001712490786068066,0.0005099932089108587,0.126431991483769,0.8234699065870916,0.6279369587998078,356
0.05357045608399488,0.034212213695937806,0.06872158719056876,0.07562345490125617,0.00017037240144278582,0.0002168815189205143,0.0009842738233753765,0.002207459542795339,0.0004503070164797328,0.279769883025468,0.6778290834358386,0.7644903570033823,357
0.06593214295242725,0.08064286300157082,0.047005536620086885,0.07444274740099158,0.00019509943063328092,0.0003612612468724126,0.0005491331551689208,0.005833572986663368,0.00045848472822465093,0.22784309595708518,0.9590479198679438,0.5944335937796701,358
0.06466580222485296,0.07902414416412734,0.09670502261381475,0.09046522184271752,5.516252363802379e-05,0.0002690417443251464,0.0005660542554989074,0.0016965660757847516,0.00025777957782860796,0.0868994979792939,0.5585012303312157,0.8931336770358032,359
0.10954753450100346,0.06558456235514372,0.1553471920216808,0.040860597968895816,0.00018982996776061346,0.0001692644517122088,0.0007732683206128439,0.0020529078992781915,0.00021368323229976663,0.28588965023497387,0.5787510728590034,0.5271595218107037,360
0.11127989733455673,0.09910847575025578,0.1549901249945104,0.04366191408102768,9.753420614274309e-05,0.00014885012242822117,0.0007135735402638175,0.0023997849656756205,0.00026268662732892317,0.16890192854982544,1.0011357606232298,0.4324225692324423,361
0.0957745175607682,0.11303478256200053,0.1261622954038493,0.04658059221569287,0.00019900872773681518,0.0002607527282344597,0.0010178779253545507,0.0028974138511353646,0.00031667330108485405,0.09068599446685484,0.5576642844800499,0.8964482010668635,362
0.05798202881584361,0.030106749904555443,0.13430186685677922,0.040197081153488294,0.00019209097703786206,0.00032368103120839945,0.00045670945149109247,0.003634800144533495,0.0003435514927044591,0.28917461598763655,1.1240630762817645,0.49690634568580044,363
0.05297911495267234,0.04910179470264333,0.05072257064789488,0.06317452247860177,0.00015617092475557744,0.00018625477557643127,0.001483342449019991,0.004940977729372647,0.0005927500536228841,0.21235214117075463,0.8772600972551194,0.3943689118857284,364
0.056174330101107964,0.07849593116023129,0.13670603803548972,0.05455751485295565,0.0001383945908221358,0.00031963710637607104,0.00044059039549782604,0.00596716891355885,0.00044306428533336887,0.18136216177889422,0.5813297745573439,0.8499514229184515,365
0.06145718946535405,0.05905743200784358,0.14920718688237555,0.028254535660579765,0.00013761514397011776,0.00035961914339804256,0.0005546294861940118,0.0016440857828999682,0.00041921353447806856,0.25188262024101454,0.7754551806108643,0.8339867618413519,366
0.07509399943512732,0.05879494743571434,0.1205131036060188,0.05512297372979854,0.00012524875955365067,0.0003020412568564126,0.0008936661027909357,0.003966797370158639,0.00047265753485740795,0.13804815514857832,1.0824650911149254,0.7440283863104413,367
0.09186329963236373,0.11754372616412301,0.059180714606715396,0.042844237049022946,0.0001661525942906285,0.0003523231788580101,0.0006535513792488491,0.002748390731887376,0.00038989743832316005,0.27757410185519954,0.5180168782067094,0.3613048056443873,368
0.09644029341657856,0.07869649347731346,0.05322295619806473,0.04830068132016393,0.00017270838099125015,0.00022374992854017653,0.0014979637355034122,0.004165301524333481,0.0003977481908738679,0.13406282379527823,0.41056957562637136,0.6974560188876171,369
0.08684656974868052,0.03808325020281558,0.13712365750769134,0.08900500104467532,0.00011254696135767867,0.000349498542010025,0.0007098591902117681,0.002359905486434841,0.0004394936695547724,0.27349820438557537,1.1652370666306928,0.6970636142316725,370
0.11213442213262317,0.05354848848705793,0.12343375810314333,0.04431236406671085,0.00010794700634104631,0.00033227047175442,0.0008230897365096796,0.0035110007985629573,0.00034897380502965723,0.21385555119479188,0.4221627797102531,0.3801500904346636,371
0.03975719360978949,0.07697483388097995,0.11256137771179639,0.0619104287684795,0.00013033392187616772,0.00012168354080809955,0.0009421334879457152,0.005307032834763431,0.00024456665090852244,0.09579003865128642,0.4176588912517352,0.36364685646268774,372
0.07818260791708889,0.10562002147766616,0.04445515293934695,0.027415797138789753,0.00014288699999007978,0.00017214529885433935,0.0015056496850275802,0.004863938019679203,0.00022451589030068295,0.24701805575966757,0.698215088397619,0.5591794329007391,373
0.07792139107760818,0.10095563007863091,0.15246323866941802,0.08772025599014108,0.00013799893655714078,0.000334123065440379,0.0011737488046705217,0.0022596111008782943,0.00036802563124584456,0.08942959223214549,0.4771668629702411,0.690582150716038,374
0.05250992192605354,0.07217807258036726,0.09540414566774635,0.09296541892293025,0.0001350880909770549,0.00013086829316657326,0.0009428763344139178,0.0024419555827867537,0.00037548875988590896,0.22134998258746164,0.4989352284703098,0.6591830265969424,375
0.086761478914039,0.06662216275894792,0.12720454084023422,0.057455825755760866,0.00016793778479089655,0.00038534113094302247,0.0006197231388021933,0.003379545582728606,0.000215052374536406,0.24168143873307368,0.6376018697134467,0.4483885813708936,376
0.05557364737847851,0.08310660921879981,0.11110441084662742,0.03245979232285081,0.00018703578150118449,0.0003400198722950197,0.0005299743307336559,0.0015173891195399104,0.000465621551915714,0.1726278004322454,0.4589911848010359,0.40508602842898617,377
0.09933053582194216,0.04135044339240295,0.08426660692145543,0.09070513336845237,0.00019813590753021322,0.00011790832806855829,0.0009472161509015071,0.00399703848065946,0.00020893319876920768,0.275649090064765,0.5897454066697333,0.8150153850957313,378
0.07402163255302516,0.1001359439821225,0.06856395932438103,0.061007945763540634,7.842234409293304e-05,0.0003151589738277817,0.0015186206236030297,0.0015894295113945002,0.0002369825824530171,0.08164349655082795,0.8727116961270314,0.6525417832732465,379
0.043318377223822195,0.060648164796809276,0.08343916339757937,0.07803931556646465,7.127020834264949e-05,0.0003264275794401971,0.0011273346219484177,0.005174544695207672,0.000516612212279306,0.08083514197139677,0.9907152075454818,0.8527363840187203,380
0.09596732699760196,0.08148914494012971,0.04861849963646249,0.061785879215849056,0.00017824019861003548,0.00017567607751554828,0.0010853658988718123,0.0025969957566469104,0.0004282436417932144,0.1115279881435188,0.7336431935583512,0.38604911099922995,381
0.04390764467315367,0.07237392564622724,0.09769942816717173,0.060762675905049295,0.00018214677804192632,0.00025013014127989923,0.0008237704249293924,0.005132236109189966,0.0003330297883051038,0.17074227293174044,0.7369073887218658,0.3101018709133957,382
0.045168811907886665,0.08261285562127509,0.1133278183923766,0.0636516942802782,0.00015443739586939857,0.0003844279891763909,0.0006576626770120696,0.005531620833297739,0.00048305974084717645,0.13583779136153018,0.9522803236520335,0.575185022894041,383
0.05485485568207179,0.06169269686834112,0.10939854949450062,0.03029458788987483,0.00016861609643620224,0.00013604701738209875,0.00049109318784825,0.0021591873823372217,0.0001632940452683288,0.2887434333986951,1.0054599261282111,0.539012071100653,384
0.09113175303146936,0.1104068402745827,0.055504797486683535,0.09721180912802801,0.0001191491582667745,0.00011524004826227286,0.0012530648598299452,0.00544468759956368,0.00022367109565009244,0.19155606527963023,0.8167267318961174,0.832786637245186,385
0.03892237989125685,0.09478464562225888,0.11870649981017586,0.08724890087332338,0.00010087571314666363,0.00037410096493226504,0.0010286711160194407,0.0015733377746957725,0.000198303744907741,0.17661084568527158,0.7935343541955349,0.8086113488791771,386
0.05981704559441452,0.046677841107457124,0.14204332056714525,0.037506998378798034,8.294829158643938e-05,0.00024978742578412764,0.0012978223528580556,0.0036472307321093154,0.0005201456132163141,0.11417810701211861,0.4705287269974528,0.6168175277963035,387
0.042322784002687616,0.036091289346813604,0.04616247449543812,0.06935007488288047,0.00018778107794165195,0.00039066828314397647,0.0007277629394883984,0.0036852097067326976,0.0003101212998543131,0.2957032741970559,0.8131042914994915,0.6880301709857664,388
0.08807457803432503,0.10972525102065891,0.14964990664595015,0.04064523231675239,0.00010514191578997666,0.0001193789009559643,0.00134858524703026,0.0034859972990265143,0.0002826469033652206,0.16223958707100575,0.5392003470826167,0.7268141173036802,389
0.08281590602708444,0.11194283826624442,0.15420095869961634,0.06994037320461002,0.00011749633452622725,0.00033135001584431593,0.0006697029588327683,0.005665753302518959,0.00022224902089138036,0.28340897846817853,0.7363789174490485,0.45816407506023155,390
0.03460887714752658,0.0404657105133146,0.09190151368387409,0.05891897269496287,0.0001929841241302378,0.0003101034417499233,0.0006876576465083414,0.0022788023678434756,0.0005708799206146404,0.09164671899308205,0.6554522568979074,0.8215918680250258,391
0.1161483494562203,0.0453723354665439,0.050058673448138566,0.07722290050497405,0.00018883403427908852,0.00012893939722763762,0.0008368199910096495,0.0018355518993611437,0.0005207386405541393,0.20770193595805975,0.9968115571324547,0.8303831168948486,392
0.030011165398978513,0.06849399593245598,0.060666391636386735,0.08151351873331411,7.781962199526048e-05,0.00031748702402518,0.0009272646286491765,0.0016498260445373118,0.0005989555976549912,0.2659786841457702,0.6258403037010027,0.7042627123523533,393
0.06800824416176149,0.07810941437302106,0.09165846567611047,0.09339749780168652,0.00011068877881618137,0.00037323182123159024,0.0009171835960763786,0.002204225925006838,0.00029803831410803476,0.17933222949229596,0.70551926131426,0.6829972125641895,394
0.05582241092145769,0.0713262525228463,0.1375062323086487,0.09164011614303708,0.00015233062518690761,0.00016417821933231632,0.0013367452631601465,0.00427537950669217,0.00028883249698670856,0.16976315806037667,0.4553576141175367,0.5398532516831418,395
0.0841321950361989,0.04631022835520453,0.04221618874098325,0.0765473039251141,0.0001120750403006311,0.00020181413023361087,0.0009985691765923255,0.0019796798159712613,0.0003406662093500618,0.09180003572248414,1.0867051650385386,0.6618269440356225,396
0.10146680790055086,0.10754601264284393,0.09073338758990424,0.0763283376970095,8.963979658504473e-05,0.00022669972836065013,0.0011770608324056053,0.0057048459768158505,0.0005023569559165421,0.16318330051817848,0.997744027380264,0.47444606088692204,397
0.03327446991063695,0.04206721456480457,0.13805461374484557,0.037221636962284095,7.821288213187935e-05,0.0003359553393184568,0.0015219454487110185,0.00382110128501429,0.0005736658464610626,0.27094387129484765,0.904661048147623,0.7170820874947577,398
0.0780466130774731,0.050354660464754696,0.14829689234561422,0.05783823103196618,6.382447732892705e-05,0.00011194120985405008,0.0012387052947565658,0.0035971566494499385,0.00040225942588677113,0.22895055717977497,0.5042761533674225,0.8947655411456388,399
0.095038770543465,0.053200342475176854,0.05650127401358892,0.06358088940364046,0.00011468724056552085,0.0003128081688545456,0.0011361909656018147,0.004537688435729161,0.00033344449348622987,0.1933284000988446,0.5496127940303371,0.3295897645529983,400
0.046322281253541174,0.037100344737541334,0.15486587222367812,0.05240591319805836,0.00011936832190970648,0.00011393185470500991,0.0006108504706417724,0.0054045727837686505,0.00031984266666388044,0.23828494249690702,1.1369341201087848,0.5299423801623798,401
0.05411865271092092,0.06337393442219322,0.04480615312719075,0.09039694443890325,0.00014557718059683537,0.00010402081149231899,0.001421301509094553,0.005300336727408853,0.00047845260515539257,0.2868427128847657,0.732996250695134,0.4889018781264919,402
0.0927930710272574,0.07164277963003102,0.08477278812293024,0.02685075991072186,0.000190096367708667,0.0003835340528040584,0.001451235598811134,0.002581190733313696,0.00041409397505262277,0.28614046814788247,0.7256827226644105,0.8959326692786911,403
0.08923214374895987,0.10511580037365058,0.13276094698041216,0.06286660944397007,0.00014472331832048084,0.00014382571487891424,0.0009546135365279668,0.0040582508136422675,0.00022536010229457187,0.12999827309535417,0.612317839343638,0.5651542424616816,404
0.07242690887648283,0.10895919294336955,0.05299137274470023,0.028359913912714283,0.00018613284619186662,0.0002876526486680504,0.0012019501735270315,0.004783433692626966,0.0005235532463170522,0.15992892063937542,0.6875747446079896,0.3887820291305991,405
0.10138628965020213,0.0884617835154632,0.07802134116103432,0.05401014117546479,8.844446616454087e-05,0.00019733324405998896,0.001507684475134749,0.00510349999148291,0.0002836990604560081,0.29678180755712363,1.1873588465824474,0.6221453475658953,406
0.08942946767562221,0.03688147285101726,0.05148295032233208,0.0632583108147883,0.0001961843926883421,0.0002551130504829619,0.000598869357619883,0.004861316467601048,0.00021267377692311626,0.1860788592980225,1.0035863214880076,0.5704861614576873,407
0.11605945961500938,0.09979876707584792,0.04245987897617654,0.02928967515977009,0.00015935424281603137,0.0001755716824206095,0.0005005201412336138,0.0025175619827082917,0.00020913378233341064,0.19611969657227293,0.8787648943707772,0.5692133018595678,408
0.05594449159137574,0.11732773094610925,0.05179991971663579,0.02871721892746818,6.88536202148593e-05,0.0002219092828279,0.0014131883994637578,0.0037054514302571665,0.0005675150955316546,0.23233632927522413,0.7381822278223454,0.8589314386209537,409
0.10070974703961695,0.09678545229062616,0.047883586679448635,0.03405457797107117,9.25430483757002e-05,0.0001506153454589798,0.0007424263092039201,0.00435338010782318,0.00047231151169731516,0.20102721315409477,0.8462796838258553,0.5103596304048654,410
0.11745996578567942,0.039918554120092264,0.14052488700716848,0.09128435688419298,7.137723652460203e-05,0.0003568582360752922,0.0013875113075432308,0.004747526873281936,0.0002893464366517024,0.10263851283735992,0.9789835189547142,0.5757736606216408,411
0.042605002855946206,0.03397677085502175,0.1462519965966768,0.03130712485645702,0.00014981926777681595,0.00025256176134142274,0.000948574573768442,0.0035254406362000977,0.0003860001495592907,0.11410812822768909,0.8827420498546457,0.7289603613614148,412
0.08193036497821762,0.10817343825646797,0.059482153154156475,0.08805399425759011,0.0001214754524887846,0.0001828159154079007,0.0009593740560559681,0.0022262078073996706,0.00023371367407422157,0.24026934377578285,0.4922600228854565,0.42986739967111876,413
0.034810051184282945,0.08208660092945269,0.12963808286798378,0.0651842921029141,0.00017998729519230964,0.0002286530669073844,0.0010266594460072425,0.004182471553589111,0.0005125134931460196,0.22489865608099918,1.143329930245482,0.4070672736880686,414
0.05196693394263104,0.08590021852265703,0.1281888778411373,0.07190731504924056,0.00015921041027772948,0.0003310766254287286,0.0006133584167886839,0.0030136324873924897,0.0005939716204786786,0.2018407285547114,0.9137979624931224,0.6047009909421184,415
0.07340534688717792,0.03779200984920794,0.10306079418381708,0.02970784564276841,5.683544385746104e-05,0.0002659029290010172,0.0005444190108294374,0.004736018303364842,0.0005870102958518429,0.15088901817554584,0.5607056389291791,0.5887548232961524,416
0.10060923419993455,0.051618447583270714,0.10713578858484904,0.05154200627418631,0.00010723222314869906,0.00028025890413002755,0.0006546653870129933,0.004463421285976021,0.0002035895075917899,0.16699152069961276,0.6660906883613644,0.3353025358730031,417
0.04511248685889388,0.07732180142039609,0.07167643010343161,0.08378399240373416,0.00016766415256460598,0.00021296689765234588,0.0006027689967528266,0.005202725601148973,0.0002543846844662678,0.2564165913809936,0.4933807374454587,0.6247010223095586,418
0.09764501167966372,0.06287932272629317,0.1307582383499664,0.03806526263066899,7.571441909426042e-05,0.0003455951584257859,0.0013887124698009007,0.005590282714137503,0.0005912212268405154,0.29598358839148176,0.9630031764450746,0.46569575823459164,419
0.043018425048239134,0.04764258126819114,0.0439780207779559,0.09549301231768517,0.00015970088002117687,0.00016782795833628853,0.0012240221735546426,0.00467467409636576,0.00016358629724133787,0.21459957588581802,0.46977453939002883,0.8447163123539965,420
0.048186815318799175,0.07894882682242069,0.15084269661970584,0.06597332078276472,0.00016304820833905838,0.00034122259503249666,0.0011796158160338177,0.004459769657409341,0.0005892865329510901,0.1191725146526668,0.7877702654896799,0.863362860488148,421
0.08711278354589831,0.10376853434915302,0.12173412057127944,0.02905709849861019,0.0001744186555311791,0.00022060997418484155,0.000458409789820378,0.0038462267776406866,0.0005242671097464459,0.10918865067678801,1.0855225589858204,0.3365913471662816,422
0.059241491488206136,0.09570036454837322,0.1350296090166656,0.05658431937011013,0.00016626520662542014,0.00021324149506872584,0.0011025782622336442,0.004952867253849082,0.0003469882552312742,0.12151040497664906,0.7087913260088547,0.3172971135470025,423
0.04786047879147175,0.10890238569952392,0.1518603654100694,0.045114254598617974,0.00017954044023763712,0.000288485553074971,0.0010674109710206788,0.004371986420575367,0.0004731241683299881,0.07540257363704254,0.7059212781844408,0.6309196588076569,424
0.11801968527438725,0.07754541866698848,0.1548294921586235,0.056111142165345684,0.0001728875949846826,0.00035502048423740094,0.001259527783604653,0.0026390253068774546,0.00017946878464793965,0.2749155003413182,0.9669724951180745,0.5909586989113543,425
0.090374873505891,0.11241990413663325,0.10361521025346376,0.0371498235873071,9.208668387266558e-05,0.00026380848063419193,0.001332511890371905,0.004906000374853394,0.0003431651381036408,0.15805379243285433,1.0150498705147748,0.3700489846842048,426
0.05441847016011881,0.07916181004708184,0.12761493031976387,0.025345157582973163,0.0001375928208293222,0.00017410703414345857,0.00043208944036203056,0.0054790352305265685,0.0004465863076476911,0.2645532329490709,0.9451811255323692,0.6562558022870126,427
0.10316451414216052,0.06257005057784049,0.07195317504062845,0.09593507578430935,6.792565940704363e-05,0.0002144444713334747,0.0015256878115726708,0.003950068168954942,0.00029012301643474765,0.25909247694889515,0.4029589841041446,0.6805874196082882,428
0.11333117555351671,0.0965936095703493,0.15652371646911226,0.08857631033767277,7.813129346093645e-05,0.00011675416412152891,0.0013548351378990867,0.0019504414504970063,0.00038898045914262695,0.25890962094609515,1.025436959286799,0.7650264234663895,429
0.037759569898851895,0.10946113282846165,0.07819799320840884,0.0770939895193693,5.389467980749319e-05,0.00028622584753351546,0.0011889434442172878,0.002487417886645376,0.0005118157329513017,0.21371996178475489,0.8629237487066995,0.48246736705447724,430
0.1153640068629108,0.07423092072629686,0.13645645189783562,0.05801618226630335,0.0001275827641476808,0.0002462328468586838,0.0008327552536846969,0.001843899747437541,0.00023962994517195076,0.2647476750916689,1.13848356453052,0.34473947132134863,431
0.055231228564103396,0.03156857000645821,0.08612159055264561,0.08961293124069034,0.00010046652580667347,0.0001823762397570329,0.0008025586862999716,0.0045047574893205995,0.0005725947771073487,0.26077619495292736,0.6385021998808811,0.5833057508970214,432
0.09050606892205279,0.05190446640430198,0.06786412284376926,0.07031963219225626,0.00019181931369554144,0.00034719099047601104,0.0009346558062498895,0.0016785023156537903,0.0003111118000478342,0.29451978288941494,1.0226654518799763,0.6844416653166306,433
0.10218289129923748,0.06816221821087241,0.07701172515532184,0.04622541329601913,6.179156936503699e-05,0.0003933931995267923,0.0007828866267568476,0.002601333659439189,0.00018530068333143273,0.08176713612804128,1.0366085981623074,0.3974791494235792,434
0.1126606908206302,0.05731062786627829,0.11612548634719128,0.08729302404252737,0.00011818207891127925,0.00023419568311349934,0.00042286906994741145,0.0029448659985600485,0.0003365919760052442,0.23738186149229235,0.6523920441233187,0.50351397542302,435
0.11309261912092372,0.11764791215814312,0.14332647276164484,0.09861774112836211,0.00018945952005978083,0.0002096182170157126,0.000926342954838031,0.003787147360763205,0.0005659068965655448,0.21138105083686587,0.7513598922417022,0.432602134432441,436
0.03528903986985784,0.11815004280381848,0.10090855877322617,0.052839036809153576,5.0345774132116585e-05,0.00018475440511737175,0.0006151428191961886,0.0020963744672477247,0.00045602995552440227,0.1466728576383622,0.8253248664293831,0.33750408344934213,437
0.09755093316682137,0.09970667367936507,0.05875291393292369,0.03321684228300668,9.717467012254783e-05,0.0003051784355838552,0.0010890864318416657,0.003205659718864086,0.00039898446747449576,0.13915410340148926,0.4629429361406918,0.8640528900309403,438
0.035392074820164474,0.042241003094383986,0.07493213901361835,0.07540024694610455,0.00016109657652917916,0.0001389891671388566,0.0009570681125230295,0.004118402546758037,0.00045746318756360275,0.2873152760477925,0.8766809704082281,0.4564104902415953,439
0.09461124941389885,0.0426453873112268,0.10536645714369192,0.07493083528032052,0.00015919939200056325,0.00020087149895372863,0.0015306482878095307,0.0015425151792627099,0.0004354888540875104,0.18665640206073106,0.9256252675804864,0.693100661803524,440
0.07621023575526427,0.09084497934064995,0.041480495471572294,0.07312287934265749,8.664380585206885e-05,0.00016099093925599748,0.0008128479792736463,0.004418162778614435,0.0004895428598598732,0.2682712064743011,1.012365016634846,0.8236356730946242,441
0.04081972287368695,0.060788529909615335,0.13217336849852848,0.09729328866272216,0.00013000676862892478,0.00038720121892175767,0.0004428848533635717,0.004827668769694567,0.00033243182214851333,0.23604030184546793,1.0436623253539685,0.5400939000605872,442
0.11566223524850544,0.03711013459073099,0.07748296607119085,0.07525014979305876,7.316737381897092e-05,0.00032926903174223225,0.0006486001480702004,0.002484150623236818,0.00048123992142291784,0.2441743238549003,0.6729898515650669,0.3632988642150515,443
0.10830506222023874,0.04111275897677849,0.1435912481881844,0.05474761092580008,0.00011969836550237913,0.0001825881314345539,0.0005905234968968043,0.0020161809756195906,0.0005876067476925429,0.2807012958996112,0.9346899219649907,0.7852820986219403,444
0.0615980554152974,0.0457101958283257,0.11078295118614456,0.08186935824225554,7.103545746153388e-05,0.00013178640805603005,0.0006006438035191656,0.00458498747348513,0.00028575833858385886,0.14797837376795037,0.764398339200924,0.33017955664729365,445
0.09894287502123035,0.07606373188734084,0.13788811586197106,0.03296907864964181,0.00018054068683109013,0.00028236207883289326,0.001456824757016498,0.0017043729384924645,0.0002287903925041224,0.17314765395389475,0.8520236353946675,0.42452511916985375,446
0.06367793627733445,0.10929859106032078,0.07930780002151688,0.09490546056994653,7.199309835323742e-05,0.00011486572185185722,0.0013776820421280026,0.002534643262430131,0.0005106418453680707,0.2831662480765846,0.5921220456060725,0.8598718759533797,447
0.03278206523890312,0.1112851423497083,0.10387190730103044,0.0820828411875173,6.903305700335244e-05,0.0003920739802198023,0.0006217038590597926,0.003551519071985293,0.00041206010898206134,0.13650279605700338,0.7001316788094827,0.8898125234290055,448
0.1044026150017231,0.044839798166061616,0.09837924076752352,0.025226989148024848,0.00010640646219840921,0.0003321140071932141,0.0004356790565598556,0.00516522920968936,0.000546067705317906,0.14277066927784487,0.7469694036350024,0.30335274814077856,449
0.11817435625936674,0.07644098974050467,0.07995916369017511,0.034723012093475086,6.440730646915852e-05,0.0003500047147924469,0.0015806298937429586,0.002336853854446709,0.00021528630163192674,0.2856773493752193,0.4664362113846583,0.7974834715772814,450
0.10567580228260623,0.08990766812050542,0.1074867393417605,0.09532735781041604,9.914314350710894e-05,0.0001762131932457564,0.0015007698279052655,0.004357893870502317,0.0004086093565127132,0.24534907179159166,0.5773494248410636,0.5930113359429918,451
0.05423692027616624,0.058060319141714514,0.08253424118625433,0.055903848903308975,8.588557182331166e-05,0.00016172633942612425,0.001305789875266976,0.003290934778915876,0.0003057598875584232,0.2684730480421591,1.1767476979946554,0.3904489608762499,452
0.04079911503858188,0.08865503490346725,0.11055579591731077,0.0757465104151212,0.000134033086621137,0.0002977629360701732,0.0006800519156839236,0.0022371616798632613,0.0005545687659288558,0.07554817902310697,0.8511425117975182,0.6013991372660588,453
0.09831154229352888,0.09831690825674927,0.05172050277674944,0.03803979268899879,0.00018801084653044084,0.00016764803431397108,0.0006521357201775884,0.002828593096171419,0.0003629810104718783,0.08784380168737237,0.6952720322740411,0.47880325956605485,454
0.05346678846700745,0.11893614707865785,0.1047956635532484,0.08020721658730423,0.00018565135869161051,0.000262111612065071,0.0010022746618881023,0.0028933694403053736,0.0005481752323897039,0.2208158390853855,1.1954882933348157,0.6101577259202767,455
0.056874790024500035,0.05087371198248156,0.1411944653090179,0.0445974028559461,9.709635626620178e-05,0.00012418247406708677,0.0007275169991686956,0.002378996655786967,0.00048912588503518,0.2551708847373913,1.181486349981446,0.515523830452069,456
0.08985017061126313,0.05625945818826169,0.09593495922212458,0.09553619378765271,0.00011155087100540642,0.00016455589219635468,0.0012938326724613448,0.003569563671542384,0.0005688287482442781,0.2712436560598537,0.4254474713300617,0.7615236595629014,457
0.06063341946619592,0.03696558847942137,0.12242975158469505,0.09612198532281144,0.00012191205690167321,0.00025937766552152535,0.0009335905142916947,0.0037740980907166196,0.000583343267256828,0.16264234805611383,1.1885460773440562,0.6624333319961239,458
0.11416879946235421,0.07860093657888478,0.1396694893460292,0.09652861073710822,0.00014425781838096901,0.00033020903601682823,0.0008784636503241008,0.003999489397187552,0.0002620075069836227,0.21631440172055233,0.5855367482979938,0.38943474287390994,459
0.10429163078431349,0.03614714590605288,0.0864882216412978,0.04493955451126605,0.000182346531473192,0.00018111403849329114,0.0014593146425903073,0.004408044265076709,0.0003768129159042176,0.2425265207899791,0.5097554902711826,0.8128875398541566,460
0.10340834151911078,0.03270784069573691,0.10427985272701734,0.03628013950152824,8.133482572573978e-05,0.00025662959331948856,0.0005672983741533147,0.002372219980525958,0.0005475168923532328,0.1395827902395304,0.45981130731031367,0.6676526255041255,461
0.10730152669153775,0.06912378895324867,0.07735194125594677,0.04736694172819387,9.151987179491301e-05,0.00028331797108420697,0.0008926316254392898,0.00175672955883176,0.0005703204699794494,0.19956750978427396,0.9155240641885289,0.6437240330149916,462
0.04026487111683679,0.07285076003348828,0.10549161502786661,0.06198465579946648,8.145282354335241e-05,0.00013428239353357508,0.000839611537465738,0.003226916568436054,0.00026853074299190455,0.18259217077369,0.7608402340802332,0.4387128597906275,463
0.052775425261805356,0.110710312194824,0.1193928939549449,0.03731694876615886,0.00014407527438283575,0.0002780753690614752,0.001065484481256515,0.005661896066254323,0.00025003334676621344,0.24641389881615622,0.6643179653052065,0.506572744129013,464
0.11167245628387075,0.06011260216659957,0.1424520188209474,0.08808817482870457,5.34899052165671e-05,0.00026306831170262853,0.0015490246949767669,0.0023924883337196365,0.00015484386870773362,0.276127047617151,0.887092685764538,0.7507008481289957,465
0.044864808060105656,0.09043946786194472,0.09038919080620114,0.03648876422221631,0.00013359693317386738,0.00021259892417953267,0.0007627331546451634,0.005506422970082508,0.0002192517057192542,0.2227484974840535,1.042084011587879,0.5460561894863832,466
0.05904842728853529,0.04146324622352121,0.12375916675739143,0.0826504128373031,0.00015838891531922582,0.00021654248242293145,0.0015352195844590638,0.0015539315988573857,0.00047371613378748424,0.2808911074041261,1.121010257029917,0.37597667871888446,467
0.11066377532745751,0.05855586715010906,0.09971903933921478,0.09960467208371113,5.4105360424451296e-05,0.0002893827829732777,0.0011951717218420374,0.005217518874688627,0.0005299905672731685,0.20382999955965164,1.1090867722262638,0.48031100765064827,468
0.11736664142539481,0.05917012115871001,0.11569674123782017,0.09642661964128266,6.470749042838698e-05,0.0002811863489603913,0.0006372840309722659,0.002809745191617737,0.00034838952754127157,0.28886169090149005,1.0608274475027661,0.3431084019574337,469
0.0693237356201711,0.07335483826201872,0.054502416312994025,0.0814747794146201,0.00017457679037671743,0.0002666566101188798,0.0006964207469153897,0.00506886394554422,0.00044879890943416245,0.27177498171663367,0.7094438514994749,0.6771753290021255,470
0.049948505079503665,0.07585229439706018,0.07778667586292151,0.05177920460545313,0.00016721873537726102,0.00037114418707721376,0.0010006919861248911,0.004106225005985403,0.0003595107455946825,0.24903127986453455,0.7137184069320951,0.6413054754775364,471
0.03864417716381128,0.09021358149026361,0.09492913346615375,0.03870199581368918,0.0001678063982131628,0.00012042899904805745,0.0007561273203100566,0.004144116937436309,0.0002692596094889361,0.13463197463008808,0.7442345990461943,0.7719318733838288,472
0.04383270471174819,0.10542422640034448,0.07413929090756341,0.045333779588322354,0.00014032771797536998,0.0003572658853691523,0.0009302553438981795,0.0025015808792604225,0.0003422476421821969,0.09840410187699827,0.4860378899478775,0.4896822620420672,473
0.053736445786858544,0.060518412784748725,0.11448503828152595,0.06697040912975544,0.00013944031807251628,0.000244342618049933,0.0007069554962447968,0.003536094674884153,0.0005813101062907486,0.11327713124118186,1.197941991563058,0.44922030133417706,474
0.10873884838015867,0.0745073110910254,0.12999296839661592,0.061234859557429126,7.542756599360045e-05,0.00012863900271279022,0.0013344901931158012,0.0042637627126475034,0.000521803182274184,0.09251356606008347,1.0840522463949847,0.7197700660450067,475
0.11557621740116654,0.049070975965051514,0.14659496811878928,0.05588143142262508,0.00010899459076955874,0.00017867625465121982,0.001262789145405228,0.00274268031077074,0.0005757892049541032,0.23983204861283736,0.9026117013529724,0.41069807317061446,476
0.10122997238957249,0.05023484162497523,0.15441999824793348,0.05551161963840615,5.212718983830492e-05,0.0003825567970535201,0.0011181638506342353,0.0024098630318249614,0.00019548519904723206,0.1221091647567322,1.1852586512781786,0.4029100683260137,477
0.08895779928227923,0.10489474942643366,0.08661878468013112,0.0334808166962544,5.175732394387428e-05,0.00018577550814358114,0.0015172240741754695,0.0034401431819192476,0.0001857428283653704,0.272766298474192,0.7746599959213469,0.5162068608968435,478
0.06652661275313237,0.07317996317802758,0.10272634428010641,0.08103088491613106,0.00015123910281904796,0.0002514758222763843,0.0015888765961169433,0.005628934885188435,0.00043422520922091316,0.2558175040050767,0.4762959207929316,0.5991925909261892,479
0.11472904308245761,0.07144382802162298,0.15671330450210172,0.05071123995222157,9.677966240608408e-05,0.00010261236259565326,0.0011369314928759853,0.0019185781775642099,0.00040195249397937814,0.2592929439220863,1.0645588211897785,0.650264033446404,480
0.08336155213992076,0.10126253677474897,0.09878635322835967,0.04860263579826682,0.0001269536861919034,0.00017232744826900019,0.0011610405761530176,0.00299959268475057,0.0005862871892103034,0.16336053195097533,0.801263241394483,0.5984320762778753,481
0.0910632042021499,0.1017713818465892,0.13836137774968538,0.09563841241667129,6.0557266072579106e-05,0.00023868707471320894,0.001258009600898041,0.004524662593318454,0.0002469152352951493,0.24722675489349188,0.6718666405878144,0.3542355768959574,482
0.053397178731351885,0.07703923538226058,0.07622816716933159,0.03557587922977163,5.888539340911616e-05,0.0003306240947019756,0.0006618088676286428,0.00495871497273834,0.0004868972343446351,0.2971551543371406,0.7126061693983405,0.35636395665442555,483
0.09268361737664103,0.04558154655545151,0.10837036356180804,0.03644036222874207,0.00010579021638686299,0.00023740516838502613,0.0007526504191291824,0.004394632698368714,0.0003968876510245311,0.12065620956960575,0.42327713991398114,0.7025361285004117,484
0.0726540562720388,0.0853160473780885,0.13934108654101424,0.047747255701464694,0.00011376290919876887,0.00019474725419188545,0.0010182718664273275,0.0018127291939864958,0.0005401007415025271,0.17885182119944554,0.73074696727776,0.7474317690841128,485
0.1049592145944289,0.10680843976817396,0.06701865389895856,0.06577310775124223,9.109050697446065e-05,0.00026991591214288826,0.0014572715687645986,0.005118107268048884,0.00015367021275136707,0.18455216827681792,0.9036012242955102,0.8996933577503274,486
0.06616684187510388,0.06842313820820506,0.0416042937542974,0.06294504161164327,0.0001884665299781101,0.0002570583306651996,0.0015098654560685527,0.005827342847281088,0.0005088013127972339,0.2612479861206663,0.9894216296799612,0.49958798082575306,487
0.07579366636880111,0.03341777689602268,0.1488420196199647,0.06259979404515356,0.0001238231144521641,0.00017270359718553766,0.0010765181704909307,0.0033105781208861455,0.0002708265850566202,0.19374652985290947,0.5844662875984357,0.6855696370470222,488
0.10533134273941518,0.09004261165135621,0.15733184762084074,0.06752250608116203,0.0001315092221960209,0.00021069444190187516,0.0015028849768097213,0.004447535212954519,0.0005565915315397425,0.22189568791747816,0.6282759417820747,0.3888743556317805,489
0.054516138694251995,0.07006748506216351,0.05538893765412045,0.08124103236155933,0.00015761023744342278,0.00031169829878903974,0.000676059884720051,0.0025405837293344044,0.0004037548577765481,0.20925178000324302,1.083652107354951,0.47221772916266536,490
0.11048302152663854,0.0696151175190895,0.07537819995601264,0.047007193858460174,0.0001584908187464157,0.00012691080087681445,0.0010804646249634197,0.00409544083751596,0.00031206537305957253,0.13512273344763429,0.8792465397267469,0.44231131022725845,491
0.03345026400263407,0.09888362755182141,0.10813757476485752,0.09871819035706145,0.00017488753892523078,0.0003038775962502168,0.0013464156474713373,0.0035771215476513387,0.00027898904719133655,0.12603504233508325,1.1986473131809152,0.5278432394179231,492
0.07783941057629229,0.11929670695465076,0.05066694401756909,0.035884800695574065,0.0001554560623757462,0.00019042562471688064,0.0004893439190795643,0.005040102086690928,0.0005518424236233059,0.255982373136965,0.4687939379546125,0.7242135843394262,493
0.08290993415498071,0.09536003023115926,0.12663821795002297,0.05493036728249148,8.764792902726259e-05,0.00021747474309238173,0.0009890809484747716,0.004751372150198295,0.00017529083850116857,0.23423312860471307,1.1485864982901932,0.7904996048510354,494
0.06637928889105713,0.08744917606583377,0.14454934988215806,0.0889171301878812,0.0001719752118277895,0.0003869394959400831,0.0013521285485957539,0.002770401701586787,0.0005655361005887546,0.2321985324681563,0.7205333889815797,0.8807979802152337,495
0.11964590307284487,0.08251412947948253,0.13827065746399592,0.0788574991584364,0.00016449999414238752,0.00023230865153962382,0.0015002150404677594,0.0017277281770622611,0.00038074307426789534,0.1511938759378149,0.5334296000292951,0.32810291785219997,496
0.10518382435961018,0.07823175867950372,0.13487908187816683,0.03944186975169035,0.0001257536968060199,0.00017812620327896833,0.0010980538660593,0.004513703094728185,0.00040522907446716,0.1643751477607464,0.4491545518914943,0.3236066787348633,497
0.0381430041936989,0.0656405344093291,0.1596414299580518,0.03355875718432087,0.00010780645986120165,0.00028506829083333265,0.001593264886891026,0.005780845778458461,0.0005048700482514993,0.21704666863665317,1.0303631570696994,0.5577724242512967,498
0.07058696149655455,0.09412169537044562,0.06757624389472389,0.08206566422496706,0.00019972983652120406,0.00014025551218173712,0.00042422504557504073,0.0047552593724765465,0.0003591093115312059,0.23159385200516963,0.7422117750830235,0.5226303776574321,499
0.10025005219169823,0.09635859573380993,0.14768764417701602,0.06686283892952663,0.00013060636230114207,0.00019129177476926427,0.0009526105684802687,0.0028633685266266622,0.0005245779740062164,0.24473528846602338,0.44809596302471805,0.7639944309616684,500
0.05497141567142448,0.04740817276042168,0.05349819876466082,0.08224222845229545,0.00019494466206670976,0.00020872261988366724,0.0007379214532462421,0.0036790703522720774,0.0004247106248244127,0.23401877236035645,0.9389301452963226,0.8351532473282877,501
0.03367900299924725,0.07824986741854915,0.11682662656522691,0.07643290572943785,9.769606081909857e-05,0.00024968274013955163,0.0005041668937673234,0.005613781834866343,0.0004446948006274085,0.09206193121714071,1.1130191435023804,0.4680964596215169,502
0.09256310643722422,0.07590303830379536,0.06908411591816527,0.0650711919593262,0.0001889114784136362,0.00032651811197208816,0.0004179931843601437,0.004853677467066982,0.00037425139645889943,0.1366832369998862,0.5006250640979939,0.7153536223172138,503
0.1008394672269343,0.051234493130804165,0.10861013815427317,0.06568946562348216,7.956869228222907e-05,0.0002203296397557871,0.0011759790079959671,0.004654701253608921,0.0003354567336614727,0.2598807624504901,0.6032554999601671,0.6737196093192541,504
0.07470452930414714,0.037955563636555945,0.06170518058626886,0.06149083694091342,0.00012128269511194336,0.00031266551379443164,0.0015895387481849978,0.005222026119488316,0.0005667442284390218,0.13084915097211133,0.8282561951409149,0.7597283555913059,505
0.10477901508280597,0.1142794614553336,0.15100495319082372,0.05522824472177308,5.576048947552552e-05,0.00023691581653945734,0.001516485472821789,0.005953013179346744,0.0005535195245487015,0.16247011968229663,0.8452257021815843,0.5440710197818309,506
0.067688918817047,0.07364211795031553,0.08938630766082098,0.036880392461964784,0.0001603220957995002,0.00038315642956594754,0.00159779861671452,0.0030944547628411097,0.0003963197514449613,0.24213021224968628,0.8026111881485418,0.44297676800444896,507
0.10691094795754252,0.04550804423016438,0.07789005601829453,0.06800733453067573,5.5938214214043875e-05,0.0003107546352021117,0.0011458148083274388,0.0054176884431029314,0.0002601426776497381,0.14577549746457297,0.9282091551226702,0.372832116127436,508
0.054157050006475554,0.08378006438025687,0.05921254374073216,0.04223350830265457,0.00019598999429718577,0.00031767239735724646,0.0005031919160743122,0.001583721304713566,0.0005002679862431529,0.26040518508045307,0.849710448394905,0.8461163562574305,509
0.10551299108124573,0.04281689385421965,0.07983813357078433,0.07620718783335498,0.00019432702145052153,0.00032819093773846887,0.001036230513854403,0.003842899888689547,0.00024169913298136133,0.22071930296626896,0.5942502377540774,0.47091166907054005,510
0.06532944615093661,0.03630207729877968,0.08944789521622865,0.09739287217098963,0.0001788873575634881,0.0002588064281826102,0.001061528898408984,0.004189436780166764,0.0005280563508468381,0.16392373723048623,0.8049720083410179,0.6567377705344877,511
0.04526324911929304,0.09436168903335297,0.1556879938236985,0.04233380778824941,0.000126418316495614,0.00031835372991725577,0.000936900934617011,0.0029524646458377224,0.00022745650570076518,0.09953804451625232,0.6275333856820842,0.8102067585688193,512
0.06013658294788678,0.11250844681983399,0.12005283560358776,0.08981454710160405,0.00013013250214084999,0.0002655797852652892,0.001288996656994149,0.00441294472396775,0.0005839346781661961,0.1176640959681722,1.1461437931092444,0.7922466867947036,513
0.09209132501155795,0.08657813390635455,0.12357841658006563,0.05655729334093134,5.149259228784187e-05,0.00030023844706529774,0.0009025348309502938,0.004454601910442198,0.000531981215590289,0.21616290252128528,0.7981845373891632,0.7504745348463522,514
0.10632159534199656,0.10855807183611708,0.041208328708966804,0.06921547449407423,0.00011455618181592156,0.00012343954912529795,0.00140627874170252,0.004849860124531445,0.00020217469284977403,0.2336285469990278,0.49039963586812857,0.790839358616293,515
0.04867703653971241,0.11443906293554763,0.10099956695220366,0.07932239502281681,0.00012488971550519133,0.00011703262326788075,0.0014120801025824564,0.0051574737922901095,0.00044427942263413603,0.19215623506985963,0.6333397535636697,0.3780138882974038,516
0.09478060381103796,0.07463717516202457,0.04325371906898379,0.04386290152866758,0.00012348637322150328,0.00025623391675691655,0.0012196307315747341,0.005463669948537914,0.0005579771178069813,0.20237272849380178,0.7288237818643889,0.3468123531766185,517
0.09875322183840037,0.09695696469511568,0.06245597307897405,0.03086398674365573,0.0001771597569471036,0.00012093350047257257,0.0014907652329442696,0.0032341746646902332,0.0005489414018342738,0.25232336885790907,0.674875534202669,0.7520736833297677,518
0.038505049586087886,0.09845526184549118,0.06851191947947208,0.09373696090144135,0.00011870661938913996,0.00031570457316382037,0.000883133158786678,0.0056775343007967015,0.0004196278358661328,0.2678092816419697,0.9203465209968065,0.7770631953367597,519
0.04686524631015285,0.10464431245592316,0.08385189955716446,0.074022457258357,5.7313299996281545e-05,0.00022010540208371523,0.0005169484189646248,0.005191054960243061,0.00039113117820731833,0.17516319053843338,0.7782529992329081,0.7331465151733794,520
0.07350715252329154,0.030033160837928802,0.05470287760662813,0.04696501323895223,6.148437050540306e-05,0.0003142448361997884,0.0011175515914695078,0.0021739331450932983,0.000575114216311713,0.1924337891767099,1.0626488804214538,0.5966965747652884,521
0.08854083968771645,0.03472643387406718,0.1052132526914924,0.025928603438943806,7.594226150755464e-05,0.0003299015789979754,0.0010397587118954573,0.0031461404398920893,0.00031415436912335024,0.2023327076560944,0.8654977452520538,0.46186663913643816,522
0.08108846280865267,0.0718176716681895,0.14282934809175482,0.08426564228986527,0.00011053715578100103,0.00029151897863078686,0.0005135121594680358,0.0017996279608719586,0.00020033764676785325,0.10864907537547189,0.45723507086882603,0.5872158141724799,523
0.03570930988212047,0.04124411902484997,0.0935537640894479,0.049515638442283696,0.0001385781033126101,0.00028411264809789766,0.001178237728959282,0.005144479510313072,0.0004615245214705156,0.22234859883241292,0.45623724548872185,0.5961710162822625,524
0.11719553542521038,0.10415906624026228,0.04511488123925997,0.06582110688304535,9.05802663818046e-05,0.00024720294406046193,0.0010506831455466103,0.0023137273181913147,0.0004978935102562744,0.1904050710067159,0.9954321056835352,0.794030343343628,525
0.0429329297898913,0.062335090994994145,0.13149428744801533,0.057864083486224106,0.0001294315117889677,0.00020003752675678117,0.0015872458786221223,0.002966694379707442,0.0001890955862726318,0.08486967787587901,0.9570654891164888,0.8952954233516639,526
0.09909389947868957,0.08897531358432684,0.1357302497000976,0.08158307868666564,0.00017348281039956864,0.00023540796012716558,0.0007770133877067229,0.0020712316735644345,0.00022990676192213196,0.08897765327099791,1.1717542685094853,0.30128628321737677,527
0.10251759073983242,0.05128208795110563,0.06657130425302046,0.06299275160947648,6.415449723085238e-05,0.00038949042133337036,0.0008749662578923371,0.001996250788186703,0.0002966179917992998,0.13744484273181617,1.0131101803845612,0.660062516162211,528
0.04713212755479891,0.07577086441590561,0.1447685421902498,0.08685032121753278,6.021085726200354e-05,0.000395721936321119,0.00042105187397549704,0.003904958811709051,0.0003638505198341502,0.08451740822761995,0.9430987399322367,0.32454079117861734,529
0.09672054186606341,0.09389871172719552,0.11390509929082168,0.09434981291040001,0.00016237818126277518,0.0002982167049125983,0.0012671301352547566,0.0038641815728004784,0.0003944060792869698,0.29306143077910557,1.0346907067215234,0.54970257837062,530
0.10396400917814312,0.07344427677327212,0.05529412980011143,0.05453886049170533,6.0125251214849586e-05,0.0001435110975793622,0.0013078264878363087,0.0023861783384714454,0.00015867263099227777,0.07871615714409823,1.1475644279509258,0.3805662721241838,531
0.03997440591147312,0.10441513312252475,0.06151831920549725,0.03329869835586226,0.00019946207934361628,0.00019812559485680976,0.0005462498894531778,0.005829992225500031,0.000494836385025207,0.22309785105484442,0.931846641079019,0.3772700119244027,532
0.10889470087706118,0.0879645639209345,0.157952050817274,0.08423691991586357,0.000179149972337538,0.0002847044158003461,0.0015613355636264897,0.0024375832188842424,0.00027352751604869734,0.25716058368651035,0.9782358729526168,0.6484727202721647,533
0.040488222156626716,0.04159142058474385,0.1188090263396778,0.09208330552503982,9.416086558477173e-05,0.0003886775410279179,0.0008709130711286712,0.005214025086035221,0.00022121627350060068,0.11232723804145826,0.6103400649276095,0.4772448357114327,534
0.04610581102360214,0.04961542756527483,0.09229989036901588,0.027570792234549002,0.00016155256459098933,0.0003810997720459851,0.0006945349411528459,0.0047073640251455336,0.0003411269038247539,0.11489983803897327,0.6884237114967795,0.7121756399986406,535
0.06848504492561686,0.04922639769133745,0.04806464585077792,0.07389160546992128,0.00013391450427568938,0.00012399250506149408,0.000758921314492927,0.0025790577497518353,0.0003579984573928995,0.13851416303816794,0.49769676466479174,0.8001744124838799,536
0.10772125827627012,0.10795484846345592,0.05496010126948148,0.06541393675341078,0.00013285735593906805,0.00024031476966346235,0.0005471945186532361,0.0026631709052173692,0.0003270952198940268,0.20353518500489048,0.6144496794588934,0.585098416804805,537
0.062097185432473154,0.07925640233195505,0.14880966162016845,0.06681186298519907,9.332345982405866e-05,0.00035202979323090534,0.0005364503600958129,0.0036989750220084885,0.00025309533385860255,0.14979758512847074,0.6865945949013587,0.3042821766941378,538
0.08075431939946526,0.04011818990652921,0.07072823988833978,0.06054948563186516,8.742412532310555e-05,0.0003240390543228921,0.0013978322465466625,0.0040904593621325725,0.0005765001471145927,0.07605308340360607,0.921988925627407,0.4372205526752722,539
0.09783894633955251,0.06301869960482775,0.1410194047308833,0.07174753776692791,0.00011166220336184129,0.00010759394506245914,0.0014322042935319154,0.005576256256022366,0.00039809121700129534,0.15128091335721172,1.1024385905267815,0.7085932788721265,540
0.07705610667101764,0.053637848562954435,0.11175129152609425,0.03002680782029118,8.614071276964578e-05,0.00011725688563504787,0.001073235459946689,0.004758207603079106,0.00029285611050675,0.18112784971785995,0.5955528644964689,0.505664456990865,541
0.04340223648779274,0.08978773994521762,0.10910310498047063,0.034584036889153624,0.00014645872773801628,0.00028539095041084465,0.0013806980072956642,0.004653454344074397,0.00016638327051926048,0.21669538049716275,1.1356081844017032,0.781475940319514,542
0.10273257565723443,0.04034030135169596,0.1563141857586222,0.07115299482514137,6.429767429788413e-05,0.0003295183311110528,0.001071112883823713,0.002982633965059688,0.00019497637741177593,0.2526424337399524,0.5088381202228515,0.8617165139440122,543
0.06659147986687187,0.10707468775943145,0.1429828357911325,0.07406401317232583,8.83705593087108e-05,0.00011915136375213253,0.0007052446877301049,0.0033857738026853443,0.0003317699879361182,0.17590313381823863,0.7176422182832054,0.6321084791245732,544
0.07615557257706129,0.08522202084355063,0.05619023278635795,0.09566234689133132,0.00017128122786032278,0.00037039833657227447,0.001159312659333967,0.004970660587648419,0.000565191034437208,0.12321874652220893,0.4996814151288667,0.850874242402524,545
0.060446274608361786,0.09857191115558928,0.14682868972061344,0.0909780371617139,0.00017836997778092656,0.0003977280191857533,0.0013006728532401295,0.00260526737493332,0.0004226950024022398,0.11936644050975384,0.7638829188641403,0.8201618923321965,546
0.05155738992102733,0.08138254313456547,0.06571825130429941,0.0991449397253775,9.810740414948738e-05,0.00016745647995166602,0.0007889352112944747,0.001518815950031605,0.00031509185087968364,0.20484329423638875,1.0889216635477175,0.5171063463154815,547
0.05809454688139865,0.08241020288742976,0.15036273758194738,0.08286666413973975,0.00011979292835132227,0.00015878649514163023,0.0007020882877852908,0.004562204041396294,0.0002507361509504488,0.2500912731162888,0.8894640054320758,0.5129493350760437,548
0.07834205280805447,0.07948655035628893,0.08742485841699654,0.05278235878057173,0.00014502712416856987,0.0002870529812085073,0.0008430058471487325,0.003367970232895606,0.0003337870742521593,0.2192628050142864,0.8464518025338899,0.42490053348135665,549
0.06324799675754478,0.06464202599869878,0.15157017672382087,0.04724776966170331,5.94423393608482e-05,0.0002147467823096228,0.0007549079231362525,0.0024656202903194104,0.00026151377573610876,0.27109529479579875,0.5133569657157955,0.3200800459291637,550
0.039704242323129524,0.06321437531133596,0.07726732920043823,0.06429362006843259,0.00016468737699504513,0.00012575911547358542,0.0004868848642366998,0.005688648445241038,0.0001990988344306952,0.22169306183625526,1.0275626543899443,0.30099665254956187,551
0.03375509867992371,0.1136178080292522,0.048381614457365024,0.04578329604002511,5.4879839579577404e-05,0.00031458412945396856,0.00040335408242041004,0.0015057881890087198,0.0003598753133534636,0.29926612942967107,1.033633795640859,0.45315552757232325,552
0.0963454783151174,0.06158560437323025,0.049401437882927,0.043106695166147554,0.0001343948750650859,0.00017315711490859393,0.0006037088651343545,0.004434373348703167,0.0001544124287971726,0.2675866985267239,1.0703146082551407,0.4461674399007165,553
0.0624836381205292,0.06599680140243136,0.15590920467759867,0.09920889338518143,9.62179039335658e-05,0.00023921485073352027,0.0012050715395841827,0.004575579332546923,0.0003643187867437631,0.10199094085629576,0.4641007228899113,0.576036347803119,554
0.08703366614055996,0.06195368949330618,0.1268153671817172,0.09660064808544833,5.9277269573794455e-05,0.0002239789397810608,0.0014446716558592413,0.005733297784941763,0.0005069715814578743,0.19591002310135397,0.6409504851451471,0.8319838332218827,555
0.050402716751278206,0.05986832545616985,0.10913920976991542,0.05832023367766819,0.00016698549242385742,0.00030698504166706353,0.0012227853414036286,0.005855088576916126,0.00028123446922859337,0.2706242175689818,0.7924909338574403,0.6394088088133026,556
0.07081237754888633,0.03911110315204345,0.09716108909696736,0.05104408004673301,0.00014300458528923197,0.00029657413432063347,0.0012144944569026427,0.0016396979149371734,0.0003985528542512441,0.25168707014767233,1.193690215473708,0.8514477587123725,557
0.09611277581443681,0.03367735278448934,0.1539218242009468,0.08576518090766704,0.00018466654791356865,0.00022921057448258036,0.0009291110264310523,0.0051833815170404165,0.000527551631037681,0.293444136659969,0.440121572062725,0.6164346539812062,558
0.1187036789858479,0.07375725239839029,0.13912121861746926,0.041129015575887884,0.00014004784343499198,0.0003042092209196217,0.0006916065172269269,0.005695315541497988,0.0003273222205142693,0.1800399567711068,0.8922380851558471,0.7602167559107962,559
0.06311567434448781,0.06649584620674771,0.13311758190841758,0.09420690898629772,0.00011100814975354215,0.0002669118210609174,0.0015417601017157397,0.00462020999462982,0.0005174660419975594,0.07712035525401331,1.1109845804779463,0.5799263352004301,560
0.10731866610994964,0.08441149301498929,0.0920803398546087,0.033042287630200604,0.00018666368595858805,0.00010160697127603504,0.001584566960966116,0.0033157229316773938,0.0005331979735068323,0.1737043211413422,1.048114553204434,0.31184683478422964,561
0.10452971365977702,0.04990477019446788,0.06966638571070297,0.02543328925975726,0.00010536026636706538,0.00017752385667309015,0.0005829542526945813,0.005060434364333022,0.0005140334433293148,0.2816652270199505,1.0980051649056204,0.42291316434579684,562
0.11650581692106528,0.06416293981992435,0.07023596952041102,0.0342794545887059,0.00012275680416303625,0.00010682870566717534,0.00041619081307217473,0.005436965718380536,0.00048115860863920325,0.19631603292624838,0.8066542006703735,0.5912142596404697,563
0.09345119248641821,0.055765079561136216,0.08473771792639637,0.08270745148535147,0.00013374488676206044,0.0003065690474505177,0.0004960261832993884,0.00549173735262936,0.0005592454998427485,0.12375107214588248,0.8138665714987486,0.3093134715971215,564
0.11457804981919441,0.06073593417167511,0.11346357246546293,0.06867545131826568,0.00013555903714349823,0.0003909359111364549,0.0010301726747970338,0.004882837785191269,0.0004914501293933951,0.15380882456692074,0.9538037808376519,0.5458952629513222,565
0.034426334602326025,0.11048531229852694,0.07055768209221268,0.058737919954515494,5.972112953850261e-05,0.0003674649129852358,0.0010631589926217496,0.005639290147969754,0.00022671892228045865,0.1750557280863267,0.4801659822379274,0.7446990429523438,566
0.07042910866967311,0.07256718763788997,0.05018774401445653,0.07483856660340191,8.519625161017294e-05,0.0003545165465541966,0.0014877164402304613,0.004318943945839832,0.0001912718023985691,0.2995078521345534,0.9188666255121092,0.6089292147608508,567
0.043070635369125025,0.07615969727902103,0.1018698504797462,0.04132274941012426,0.00016066873318196,0.00021600176483172815,0.0007759499053684742,0.0032169366689499745,0.00041039269070075027,0.15041525618009893,0.4052367820758867,0.46319156141663176,568
0.0860246027053106,0.10776620493995347,0.07221960547519066,0.03857130309421658,8.46880423978276e-05,0.00039832239946987905,0.0006758382935667633,0.003432195539619736,0.00018119465661274863,0.1789887083700356,0.6212607878519528,0.349259213049803,569
0.04480597442398825,0.07619485911962487,0.1012179011010966,0.04000346330639433,0.0001494845310469363,0.00024282487050572555,0.0010597808912178328,0.002331179792020157,0.0004881695776527416,0.11083347814787353,0.9517026057089926,0.8023348349957236,570
0.08750001358234025,0.09744236932318358,0.07909760915095201,0.0893884796287337,0.0001101534475342444,0.00019892315776148098,0.0009741128079790611,0.004933534097964816,0.0005960791188077929,0.16207477118563487,0.9677164813039735,0.7950615369761586,571
0.03557659632310259,0.08965514209147539,0.11057683321933015,0.09843019710899573,5.670776151364269e-05,0.0003972971968075739,0.000906376130492255,0.004772708031021785,0.0002933741742443146,0.29030240177956323,1.1342007787056345,0.8542234220189748,572
0.06933447353407461,0.050985479766707156,0.12105369606312405,0.07684707246339553,0.00015636072538643514,0.00023633691218620214,0.0007402557525487142,0.005377973712088615,0.0001904506452679864,0.1469862034772096,1.1363601236779173,0.43934989682978987,573
0.07108368156071926,0.08637222148032284,0.07590107554148738,0.0381487172308099,0.00013476024776176552,0.0001514332337850849,0.0007917734613863498,0.00275950783049557,0.0002509277095342336,0.15330172794756447,0.7198458865546997,0.4840791915095542,574
0.09151718851299259,0.10453127877145792,0.15316962116968494,0.06761184718739881,6.049231998229518e-05,0.00019555979494234184,0.00114973848280388,0.004254344722101979,0.00016551531257844038,0.12288912265406574,1.1233336096099715,0.5354753343163658,575
0.10093648860604504,0.09608187929633287,0.09795904572818788,0.0646331110889311,0.0001716020574526211,0.00022714621142228691,0.0013825166300583665,0.004048044220390315,0.00026388219193305767,0.2086650174624391,0.635382593305886,0.5048111721155062,576
0.030716950819684015,0.05344369609360242,0.11230874658884382,0.04519634590821063,0.00019662739501054882,0.00019985664674140917,0.0004268907497795975,0.0015356700138207144,0.0004622182304128699,0.20611196875135268,1.148851151388281,0.8405752509457118,577
0.07446142420145586,0.05107401685067808,0.09700807450516269,0.039944973978658115,0.00017862778303210058,0.00022816102323416367,0.0012532020508184295,0.004012040838468376,0.000519885837852884,0.2738013593264537,0.7952638705932156,0.6981987939320414,578
0.1136052150027087,0.059918328725727776,0.1327598375326156,0.09329039110103318,8.176258940812415e-05,0.00020782447085970025,0.0005568323033649427,0.0035720315642570406,0.0002905175238148149,0.2133567524358222,0.5749991503600003,0.5735467024011502,579
0.0365725425119458,0.07714845279234889,0.13060710797785133,0.05424889429199878,0.00011082667912156816,0.00020239098306209315,0.001442696101350687,0.002853726960384881,0.00046872667297962085,0.2292975758955753,1.0175033692733289,0.7555856876817746,580
0.09434798589991686,0.04787398257160416,0.12146000269794066,0.07589034726282093,0.00014631735888480894,0.0003363108750618248,0.0012515207829769813,0.0036405070713846064,0.0002029127338425234,0.17232806563975717,0.4256338948427636,0.6415371681842033,581
0.09688094063025737,0.05837725423020133,0.09025188480988128,0.08516006753960872,8.80494889388168e-05,0.00015282382235613158,0.0014209583600469913,0.0028008577861167163,0.00019715881238823759,0.14299327851538096,0.808867298282204,0.48325466685238133,582
0.0449687210559344,0.10577660739364267,0.043072292115296874,0.04671741774625258,0.0001341527530682251,0.00028250734194664714,0.0012566357179135707,0.00179001035455706,0.00025167072756207196,0.12969809995636175,0.7116808669028983,0.4045186120168497,583
0.08637950538361577,0.07053373350715686,0.08872918690918746,0.04552725919606336,5.822397697737857e-05,0.00038014242914515895,0.0014934000415796017,0.004253114262604546,0.0005144804513543375,0.0824048938613183,1.1864757706941855,0.534378834064575,584
0.08344866468200263,0.0613089862438596,0.14418353910012782,0.08495242348775463,0.0001520836665639253,0.00034053969985844333,0.0014605748347290464,0.004382935787649645,0.0003205656034873755,0.0898087375723553,0.46775922179861074,0.39507649706286285,585
0.0952898339712656,0.0851411178460673,0.08025853816241116,0.08554072097878199,8.348570582450296e-05,0.0003022941259855858,0.0005644910549551293,0.003416852803174331,0.0005846246383352011,0.128973730580783,0.9798280787190367,0.8881540943453099,586
0.03117365672389383,0.1087153952634104,0.15808945391248352,0.09304211330448667,0.00018259604852612305,0.00019656375850571862,0.0010166337694617954,0.003791083901653501,0.0005431785773320259,0.22723032667481274,1.1838029425719738,0.8169609321058977,587
0.05220376272464168,0.06724651499049422,0.11530024030461042,0.07497044884637744,0.00011825150656755647,0.0003339558548114483,0.0007572157228561225,0.004711765764413158,0.00020495706894411097,0.2596735080145752,0.7077457850792351,0.5558878282965376,588
0.040070802677121604,0.1184706110720472,0.1227536565799012,0.030205650141267148,7.035460316237806e-05,0.00035677884756111074,0.0004760373717613157,0.005344572952249461,0.0005834306947625459,0.13364484785621072,0.809907370318451,0.5737483225575294,589
0.09941521284205859,0.04378042744763281,0.14786650650763006,0.04355017580847846,0.00015633494750196973,0.00023573861127969368,0.0015842880692461924,0.004720386764811496,0.00019428054564756664,0.21575109549878246,0.8151541245244233,0.5007339369373393,590
0.11803980937831247,0.07859295988928533,0.09151778166383873,0.04417356202948294,0.00014028920577333252,0.0002957479846007071,0.0008487015754575042,0.002018458102156077,0.0002700492683214809,0.21978500410342677,0.6917880531036311,0.3739871675138735,591
0.08479788490255477,0.10524479584227994,0.05690174578882194,0.07970239163932749,0.00012404814506887047,0.0003716298187312051,0.0006449968070937076,0.004986768231893694,0.0005194368498751532,0.13890927972315859,0.6087962841300849,0.836573100197407,592
0.08079843282729574,0.06746300536225965,0.09002367331313421,0.03963765024803112,9.502967920190533e-05,0.00019707304165198517,0.00044780760017153724,0.004613435347261189,0.0003713857884085068,0.2405570868354296,0.9016651662561712,0.6439889795431755,593
0.08755746064907598,0.04310771185117101,0.11775181116004058,0.07954692004148425,0.00017233474157745017,0.0002831746285426265,0.00047042452217538593,0.0032021473561634007,0.0003874683897860901,0.23670650751761058,1.0101102199036711,0.353338627241759,594
0.11181748485107484,0.10976380828473632,0.14250087272519707,0.08439226120147159,0.00014231210382288086,0.00039129587728141125,0.0012651176895012116,0.0020396017022418027,0.00025643944112308583,0.10721311109783717,0.6442633676570092,0.6663815881867846,595
0.10284941648651506,0.07077820348281873,0.0459764479235528,0.08047546013564255,0.0001749672319682985,0.00018810033414180414,0.0013788280052503708,0.004315926854731115,0.000555212797970143,0.28971319864123446,0.923119960534574,0.5333743279322469,596
0.11767437227563309,0.04361165609273275,0.10466196342772832,0.06842992285796803,5.8358304044492693e-05,0.00015841074691495133,0.0006835682354600992,0.0048933896086782395,0.0005785851491747448,0.14998802536840306,0.48437683267417403,0.3969177528658583,597
0.03954763832916335,0.07965913730368437,0.1240055805245946,0.02752083526030553,0.00010672409224177798,0.00015524783224234482,0.0005780666527518242,0.004672226836580301,0.00041420454789046297,0.18939244640360764,0.9447865777620996,0.47992657416746487,598
0.06069791321228454,0.11721149076101672,0.14174305587015287,0.07226220047453567,7.066791808003221e-05,0.00038562353049495464,0.0012792246014028802,0.0034358547107459993,0.0005409666948064543,0.18482095924820627,0.5507080274252738,0.5716247691320103,599
0.1021268622430477,0.10578101850521061,0.1451954627681424,0.06378585244440613,0.00013600834576290498,0.00034179539674298123,0.0012633022095257997,0.00376918401472096,0.0003868892779709876,0.2975538026336855,1.0901058287718768,0.7891773348853656,600
0.045755878043619816,0.05698007194289678,0.09914418548776349,0.06095740953820541,6.712264729705501e-05,0.00014763612364495228,0.0007432793792002755,0.004664871180394176,0.00037828496609488784,0.18235164529413997,1.0024311821928702,0.3502867214771321,601
0.03316078643615074,0.09825572408162325,0.07120531999278865,0.06894437583380149,0.0001454236294229222,0.00017132760926449322,0.0011546045962776746,0.003403709267052299,0.0003952495387381413,0.24429770444283444,0.8425670890263715,0.5266228823430308,602
0.07677592150876841,0.03743704385302973,0.11085325284459052,0.09679848566859509,9.092718734839996e-05,0.00013918455749073482,0.0006395045041655196,0.0018743481936307031,0.00028458556555052954,0.25279230183133067,1.0444312490115055,0.8107079446164165,603
0.07443146567923056,0.06448400896879372,0.15862541309385106,0.07161295383064953,0.00013532688917274226,0.00022623551224966302,0.0005936583243934236,0.004647360372422249,0.0004481481376500374,0.2357020743925896,0.6920031245786336,0.7226133315350844,604
0.09747909365109365,0.0756690164317811,0.05520650416267116,0.05201571779814448,6.962370819989542e-05,0.0002480514611114282,0.0009897882987275571,0.005336118178853583,0.0001550699067586411,0.11905171534944362,0.625108421752969,0.635190662834467,605
0.052697389975385464,0.09942211307776498,0.05260298545393569,0.03525450526815049,0.00013099283087911927,0.000287906483319818,0.0004981090444344195,0.005152835139253752,0.00015318155725586153,0.29884122829945353,1.114745286075193,0.886695964783196,606
0.08259932429994199,0.047993732203673437,0.0520192490614891,0.059894898408858054,0.0001420185552862082,0.00029300464721098243,0.0008248583309175622,0.003943418469899383,0.00024290356433207227,0.21040929209494919,1.115892907492182,0.8503970908308724,607
0.07633223642663103,0.07265477065189313,0.043377342040604436,0.07740107149821701,0.00019034160555200571,0.00039461583208493466,0.0013374137715327337,0.003811927307613998,0.00047732826785809167,0.08139106709261268,0.7688677848184571,0.7663235622745876,608
0.04471760321043607,0.05907696656648933,0.08494744976199017,0.0809251388037927,0.00012448464818736469,0.0002304349450386103,0.0011554090406305723,0.004332018308719686,0.0005351500162724645,0.26962608002329463,0.8495859188269983,0.563867734271227,609
0.0308964376391533,0.11082026852777813,0.14430948521926432,0.09818641133393907,0.00011757631002293973,0.00030562481570248055,0.0011465037346997536,0.001724172346502827,0.0002834006223567633,0.08275708664099368,0.78450087579248,0.7628714884545602,610
0.09138702204205315,0.10643705942970114,0.057696639742261024,0.06488507826763057,0.00013711705130153227,0.00027502606624991543,0.001469796871010728,0.003170050646370311,0.0002995560277744377,0.16763171887048156,0.7033502079102236,0.49359109661840417,611
0.06586808592151572,0.06787272149778345,0.07007428241897083,0.08236941394614838,0.00012845538846846652,0.00016380408934725448,0.000725941042661926,0.004742127383027504,0.0003132507124971203,0.10076677026385028,0.9304024977372769,0.8090616046984886,612
0.08692856662423754,0.09569204250437559,0.15925797082366785,0.027094435426405734,5.505669934369255e-05,0.0001688793933870432,0.0005071516849151182,0.0023465347481639543,0.0003050394783085502,0.14014316018675255,0.5998643443006337,0.525034718104278,613
0.10790765738871168,0.03303907489409975,0.09818240620422719,0.09874747072850754,0.00011667086942281494,0.0003309245001710377,0.001271707203568774,0.002461946666179906,0.0002328545433014126,0.14472073113987718,0.5364364260199619,0.5551083382431119,614
0.09226202357563795,0.06268366465355701,0.07037818169137904,0.050549247004943614,0.0001490879360301961,0.0003939296171461682,0.00078246819054221,0.0030729101729234758,0.0005791016491977092,0.1573154074547411,1.1577350573875633,0.72917880780707,615
0.03294887767006707,0.09311414332722072,0.11414938604988137,0.05941793045337282,6.999895932537401e-05,0.00034187673501122643,0.0014459739085284612,0.00499842841657211,0.00023198483031407058,0.13314075341044387,0.685613993441213,0.8297803273498552,616
0.03506296452557211,0.0835122726416543,0.1441092303518507,0.06852212467276916,6.245256198763322e-05,0.0003840210019543443,0.0006387156509980481,0.0033952281933710272,0.00030063837950075297,0.1268940341943025,0.6989978055797161,0.8225802087180598,617
0.04412054314522232,0.041333138823898816,0.07635843209521556,0.036387515165048,0.0001325498938627129,0.00015445726750979748,0.0005091636008781915,0.005550639571231008,0.0005041676821044021,0.20394850147968863,0.5973814765975795,0.6586300010757897,618
0.03858401984740609,0.10805255482420915,0.15764315651740793,0.04717433603184315,6.681181025225188e-05,0.00016967980356698742,0.0005347467206004766,0.005026025065550615,0.0002691461213564898,0.21006740215273367,0.5223503213273262,0.7660433485823803,619
0.11108832462050514,0.09146056426569649,0.1126155185755511,0.0934862812653473,9.962390093247792e-05,0.0002868266589308207,0.0006287529585244453,0.0041053574734574595,0.0003303219653046324,0.09276929321973469,0.44776946422266,0.8986733139842786,620
0.036310466306736594,0.08811841148808783,0.09516411469735082,0.0426604531476985,0.00016706259636948395,0.0002486468752960394,0.001323502394487641,0.005962832312345337,0.00041316114944051606,0.19568940472115964,1.1818000600687157,0.4642507847926979,621
0.03423354019832339,0.06951075551181346,0.1363525694189947,0.06959376893454332,0.00017615383614688339,0.000245974341192034,0.0012678366787640134,0.0033665179139397896,0.0004581227798152777,0.11601084671146547,0.49572598574174204,0.6723656067622548,622
0.04860951395180273,0.03359860463471248,0.13699589153275152,0.07476263807525071,0.00018602255456958195,0.0001099222238692677,0.0007587653307351227,0.004912103185469847,0.0003905634950716611,0.2826917361423723,0.8689501476016595,0.70493617292872,623
0.10506260120965298,0.11700348381438902,0.1479964542827874,0.05131432108410376,0.00018478272575035785,0.0003391944729575799,0.0015347225239234527,0.002469762147525478,0.0005256685120457716,0.21677203712688287,1.0876754177283283,0.33103054362073964,624
0.04974417641926214,0.06973136683356801,0.15612264269552378,0.0516846682119249,0.00019121818606309345,0.0003137305611370689,0.00048288261854726366,0.005499551017903323,0.0003014888364773616,0.24181898175006855,1.0587597647756195,0.5565733437523467,625
0.058628467090497675,0.09470514704345862,0.10224044363888656,0.0774483329520606,5.611481652222257e-05,0.00018492318098018313,0.0006984967953168289,0.0026112490964437267,0.000256108748950834,0.16482732646472342,0.6360374354513149,0.8940105928581885,626
0.036857803014686844,0.10690081723786249,0.13979466656618317,0.08446079194662204,0.00019993301683223603,0.0003641551765373907,0.0005235281870141287,0.005517400646207213,0.0003372167763400747,0.12194723106383834,1.0215140592397378,0.5417655299129334,627
0.1037403389837113,0.08371650556427304,0.07329476440331975,0.02567595608869146,0.00012893401511450953,0.00038328040867772437,0.0014620232499917172,0.005472574739293187,0.00037666159265718145,0.2449395819307309,1.067306149002472,0.5174426264691118,628
0.08846749836664806,0.034639992536751256,0.1273982667517129,0.06872908197419324,0.000192483979722625,0.0002911122811067021,0.000753866174589207,0.00453671772956613,0.0004589482921365446,0.1181668446733958,0.5595568711007268,0.7035460536449004,629
0.06408536996812289,0.06538244522142285,0.0479930133911608,0.04684039924927467,0.00015901214025200238,0.00020297169423408822,0.0015027305438116883,0.0055470810833093305,0.0005402793400210004,0.17301370973086014,0.8265326794194803,0.3830241673628769,630
0.08091279404117349,0.05521925911955828,0.1499975857984051,0.04177617340792751,7.529200298729484e-05,0.00035266609531205346,0.0008179209748768947,0.002977982902329831,0.0004960666042624146,0.2512545624741634,0.4460709814853225,0.46450864429290883,631
0.07026378681908865,0.08833861640016633,0.12919926121115294,0.07015805505339856,0.0001775079310853863,0.00024130844291061902,0.0013890716477041683,0.004839511460862456,0.00044011931831366307,0.11779221820049869,0.7488530030434317,0.7401374000947386,632
0.03304480993613499,0.10053800709023127,0.10006415509360342,0.07651612499469891,0.00015428717270667486,0.00035372686501351455,0.0013358927615154863,0.004692886908066475,0.00023668798352086156,0.15891154820466652,1.0164343317847393,0.36767043557019186,633
0.06392000989070828,0.05537165930940166,0.040402237315320326,0.09836557292639553,0.0001612794810576074,0.00029178743553816874,0.0005504102910789909,0.0026495202787587,0.00048455331357253977,0.1292908278022889,0.7806284630955949,0.4930293299365374,634
0.11878523650507694,0.0875358700301475,0.134531985689474,0.06233485023416404,0.00013302373541806931,0.0003890825477252387,0.0011248362530678479,0.0023393504936581777,0.0003391197890505923,0.10827849337335439,0.43416876950095373,0.7830040386277947,635
0.09301885530319769,0.09031615032423851,0.07838415634935555,0.05141452848406043,0.00010528687804349648,0.0003441869825632107,0.0012755321570050555,0.004835928852043966,0.0005521047882814579,0.16285032907550567,0.6320411467757421,0.8033412644267468,636
0.06496140808933151,0.04393214813869925,0.058271583206947794,0.052946742588555196,0.00010447425724951538,0.00017693313846137994,0.0010461128288209907,0.002427231326559307,0.00037016323043326184,0.27655449064144155,0.9600904998255095,0.7966361567346519,637
0.1125767412707496,0.04194784777401625,0.11819872583821003,0.09466133861626275,0.00018219856058836694,0.0003790009433246006,0.0009534540369113159,0.005863961687027838,0.0002442300380498675,0.2636609756057714,1.1182350320653862,0.6937771859010127,638
0.06177954683068945,0.05726359078924522,0.0706299057718367,0.04611949981000786,0.0001657514886575795,0.0001030017906420376,0.0014676389081611657,0.005651146058590989,0.00048631978098670654,0.2721399989611617,0.6509058530477086,0.3337246438332605,639
0.07381019157486873,0.032162822172986126,0.08709874427785129,0.05731307270682718,9.680018179114555e-05,0.00021076067640727995,0.0004220699880586894,0.005555925955462435,0.00015686444630765595,0.10108125437128775,0.4937149274585656,0.8747717528063998,640
0.059336122648577724,0.1172096182004366,0.04672138486633087,0.03504071714891717,7.5611795182056e-05,0.00011757074415157515,0.0010533577734873863,0.0017844992871745584,0.0004934850586863441,0.21117259681431172,0.9392679170843236,0.43129745174813916,641
0.03244092462115239,0.11707863978381927,0.15837058824588132,0.04254623719573697,6.118758001864529e-05,0.0002575464418412116,0.001138725301333311,0.004341883524658951,0.0004663633108079946,0.10673996107613075,0.4143450080854386,0.8391869820580251,642
0.04933927588557176,0.06886925810484541,0.10778381764361422,0.07578928526061549,0.00015069313011564298,0.0002256215916779697,0.0015458506177693306,0.003402110651117172,0.000545369347539479,0.18765622918798747,0.8782098401304339,0.3786125418103143,643
0.11179251697810126,0.08489175902134231,0.07255425503375382,0.057990886146415746,0.00017417946157102617,0.0001473442137886092,0.0004148986376450026,0.0017650106933823021,0.0005741086581150291,0.1954934172829697,0.7940522818516578,0.5729978476526191,644
0.0467899257471467,0.053875520745986415,0.12688376776668522,0.049293685252891586,8.935476603162862e-05,0.00035421465643603524,0.0010024957677101732,0.004696660655675828,0.00019520560941151273,0.22568247844413464,0.8620571699597144,0.5899087733675237,645
0.06607361998680006,0.10335505334176354,0.04102004017304323,0.07822180252907426,9.72556071116512e-05,0.00021165265651048825,0.001140300683492828,0.002586866315954552,0.00043529570969957497,0.22396411374635183,1.072547790762292,0.5490740851270918,646
0.07269632519887004,0.034276554053543996,0.11215238259954288,0.06009069669467843,6.547116515517019e-05,0.00029969466689827974,0.0014182400065250954,0.0044979406182915575,0.00037794009347886625,0.1047588305585183,0.8472269568035559,0.3272773142964606,647
0.06085907743104628,0.09324392314981846,0.15306995330528692,0.034925854361511785,0.00017808012309993075,0.000394475195575311,0.0013164074508140533,0.005012856058811213,0.0004693224828161023,0.1303692490226769,0.4837909187974777,0.6819878623505231,648
0.07489151596452731,0.08044274375293894,0.04108742710289762,0.035690206239224365,0.00019534147161118177,0.0002855096207778096,0.00048266921711395374,0.001566214119204723,0.0003565387088646922,0.09923810727763334,0.9087372036662721,0.7482490328811218,649
0.06758138931313551,0.09131164895429492,0.15742781952125443,0.04341548660893307,0.00019555604712356796,0.0003257449787766596,0.0007683515833979362,0.004444616240607291,0.0005922969073851671,0.12959726674383606,0.9809052900867988,0.5211710054032659,650
0.05224010595965248,0.08416324265655989,0.06930868316194974,0.06411880391812297,7.67020587692736e-05,0.00010271420554537687,0.001474909181124788,0.0038036661688792134,0.00042109570453927167,0.12444238072439355,0.9148490134368397,0.5546595259772356,651
0.09133506324783747,0.036445625488239174,0.1450744870225964,0.06172384544487212,0.00018786865123010575,0.00032680149079557274,0.0009635322466420957,0.001816667945108695,0.00024920244872896687,0.18649325363360897,0.7475874024294826,0.8164281691760102,652
0.0523825127477025,0.06991092203632214,0.060260935691018494,0.06817485540238541,9.285808094839553e-05,0.00022762038921737772,0.0005144117856937385,0.0015382432430003823,0.0003034695000673512,0.1691928615535072,0.716222819483777,0.48527125373856217,653
0.04234930814367358,0.052517409648968796,0.09649376230186274,0.06730683508674477,0.00014105987602263268,0.0003784460389075008,0.0008566579754012448,0.005279865672167375,0.00047201423842038563,0.23192186012536115,0.8751367176547673,0.7828243386920326,654
0.03907990041568796,0.11114995954669707,0.11460525374781969,0.0771860696803514,0.00013504375955222496,0.00019169911996020592,0.0005199560282990083,0.0034890539276420146,0.0005442233629287514,0.14122655210038504,0.7101983475253447,0.7754070849898638,655
0.06674463371354217,0.0738648451506585,0.0683501838104009,0.0679449447330789,5.1099279281242826e-05,0.00035545835305315844,0.0004463169787452062,0.00562351787315969,0.00022641444130472584,0.17965680299031217,0.8834394366094487,0.5679090092533001,656
0.046617662297460394,0.097750942492829,0.11140409073968888,0.05466668686926772,0.00014775795446314794,0.0001991288040116663,0.001439835226453626,0.0039792923660595374,0.0005818403019763793,0.1096803009819787,0.9090566133658055,0.45185373009138186,657
0.11896232453572228,0.09708644278792712,0.15455031747734832,0.09694039705613286,0.00014158112876690428,0.0003139185752924192,0.001162335587684772,0.005935637309386265,0.00018326337258107878,0.249524374081308,0.5483685395169786,0.7550265601980333,658
0.04447049713720044,0.11029226655300656,0.07139842869825899,0.046772132264373545,0.00016262777641054096,0.0002961535836224373,0.00046798077712103517,0.005328731511590728,0.0005631464058354838,0.2537400109582615,1.108009012875744,0.7987727198665906,659
0.032037568172959316,0.05065798384156893,0.04689671144397847,0.048175174309938354,0.00010840892602218265,0.00014896256701059393,0.0008987567581191355,0.003616660903001675,0.0004261943010685417,0.26908133623629804,0.4318198386429676,0.45936746581877713,660
0.10781535709320177,0.07550698225527899,0.12603652034262042,0.06928416464677671,0.00016271248856130642,0.0002191648840281717,0.0007029118753476029,0.003643187000952971,0.0005019697075296414,0.16361195192671585,0.987436643463348,0.6645031120806149,661
0.09212816697673326,0.03734173236535127,0.14727111914101731,0.08737073011860191,0.00010995122330963798,0.0001734248354811205,0.0009951639487948002,0.0030876097886122717,0.0005730159458073362,0.09498845351327273,0.5204863674506931,0.4383990838134397,662
0.071624877862832,0.050566470012763896,0.09922373674848718,0.0834051192849575,9.994651795968169e-05,0.00016279257751897658,0.0014964958178421356,0.005439167216335753,0.00026651922664988284,0.2980964090752169,0.5573796982393504,0.5424280602539583,663
0.038207618343496196,0.061934580962498466,0.0714820396797407,0.07043901429832633,0.00010243080008014605,0.00021003693659840732,0.001550266551830533,0.0056712512201850755,0.0004843023951147951,0.23101656988619673,0.46126232952479573,0.738872776774061,664
0.08931653786440365,0.04653508819078608,0.144990904758494,0.05999586281854887,9.795048266036654e-05,0.0001937727387049751,0.0008535257354663674,0.0022121417494123247,0.00016297999058718197,0.28935455765521745,0.607117541993113,0.655428954154154,665
0.07330910378659691,0.08565170643668654,0.09145718619971024,0.09834427035843993,9.37788653961001e-05,0.0001644750952725794,0.001560197041524322,0.0027023614680124933,0.000430147340133443,0.18995798053836355,0.5671122223479045,0.3026801404814936,666
0.03756207670894215,0.03514198088546733,0.14858657610910064,0.08112561765731204,0.0001971763910980449,0.00024197091844453558,0.0010992779688990967,0.0033315070771294756,0.00038567654682089076,0.17760824446876056,0.6428833161809286,0.3867628166628228,667
0.030204238452772814,0.11462992617972462,0.07313401894649617,0.0848554687371651,0.00014355537234699654,0.00037892178834106663,0.0007037989187021974,0.0025926461908750897,0.0005868149923606729,0.22624412470910332,0.5024965209807465,0.3604685219840885,668
0.087617754297929,0.08818014376674105,0.10734078648450748,0.03226289825915921,5.253427925431327e-05,0.00034754842470839263,0.0006430766058599014,0.004401838498778459,0.0003265007028362731,0.14747447640385747,0.7265846504489004,0.49675001306228755,669
0.03939943618194514,0.06764637314764257,0.10934554411076891,0.026128576247230736,0.00013681724096943455,0.0001877010831462283,0.001525174820276952,0.0018871740814550189,0.000498521605688093,0.20464098853680662,0.60078163645568,0.58465049728108,670
0.05517182591408113,0.04407310734999067,0.08771309041776545,0.09599672727040096,0.0001895805532653143,0.00013225792165035805,0.0008911018071630387,0.005839050210836217,0.0003298945198171541,0.19831927810724823,0.4776522837340603,0.3794088350628247,671
0.0512404753096891,0.1019824558788282,0.044924552345507685,0.039068499094898027,5.0131329198787274e-05,0.0001979693205683286,0.0004746456745388573,0.005569832292821011,0.0005640079812596897,0.21819503011536,0.5282400293394305,0.7747103201064032,672
0.04757897895035111,0.06984558291472263,0.11324938591222308,0.08500531389798281,8.729730305106126e-05,0.000379818442625834,0.0008811650207456532,0.004046642924111094,0.00039561215223420673,0.10018830606579132,0.9419955069828766,0.6913945217595735,673
0.09089481943599656,0.05135605797711945,0.10170503702186097,0.025588601631225012,6.760013820331255e-05,0.00033186975375443933,0.0009239311347875102,0.005690520428216175,0.0005057918059073271,0.07807533347825017,1.0197020437947708,0.3978398535166122,674
0.08952069299097554,0.0675598124630013,0.07890421725239416,0.03162012614850722,9.44449794015899e-05,0.00033861732740652446,0.0012109255880977643,0.005784691732481136,0.000455945639320527,0.27822124810840687,1.1286886289664986,0.671721013470617,675
0.06904663787200394,0.09014155120122255,0.15380179896871835,0.05028193354262916,0.0001570557102722341,0.00036562812656854054,0.0005749141143136841,0.0030775246864149196,0.0004530466857633027,0.11370864113476467,0.8807289004564036,0.8332001042995942,676
0.08650854377384565,0.11843941081834546,0.05583886106001946,0.07456347010875782,0.00014660262859848448,0.000263763582801714,0.0010575695014088614,0.002973828353119834,0.0004263486768497555,0.23285055728119386,1.1792870343111463,0.519883644260325,677
0.11790050470505367,0.08095729312323331,0.0466811426374578,0.052222399106286746,6.07407956131868e-05,0.0001596326275561865,0.000678294318615535,0.005283549246334314,0.00028181235746979383,0.1388407501056279,0.8587624330100385,0.602608135291371,678
0.07968833396241295,0.10010061286110505,0.09325004051446048,0.03884400912919157,8.63102548719134e-05,0.0002385192083279928,0.0009130217452573571,0.00395601932923318,0.0005010124413085367,0.278702613992534,0.8259985240154339,0.8841575755965421,679
0.06889002526219398,0.10497037175651462,0.13087260734075387,0.044681017061820844,6.815773176277015e-05,0.00024340704275615057,0.0007802515481237992,0.002009078271564927,0.0005978664356588236,0.2473973529005582,1.00755714943012,0.3510236086978248,680
0.09537219652159591,0.04506987826494471,0.07386191237947892,0.0929459573554394,6.494271512088002e-05,0.00024257219241541876,0.0007731431841384751,0.0023447501044896943,0.0003666777763002717,0.26697574311123146,0.40666046789507765,0.47172113058922704,681
0.09624128180121658,0.0923143788367994,0.06236175764318955,0.05085575592995601,8.077094593435054e-05,0.0002004975734980277,0.0013243936142939014,0.003115226369354292,0.0003927380438609477,0.17629161228264212,1.1704376829112961,0.3622080223203591,682
0.09968241986373694,0.031435075296657906,0.0785386786193864,0.03055399704375184,0.00011301696650333187,0.00011059535722803977,0.0006477739385991228,0.0034201857021696515,0.00024033028257741082,0.09047299392938236,0.4717748560939358,0.8817152583183838,683
0.07493209384553559,0.04064386890574867,0.05094376947944481,0.02734933483557433,0.0001469362908988391,0.00010552130249671882,0.0008004516060926424,0.0035128361316353208,0.000559957131243443,0.2730311251275575,0.9005675240565507,0.6314155088933999,684
0.10503900821522762,0.10836003408272266,0.08961267350333985,0.0661003396642125,0.0001556077592164994,0.00020559670755676773,0.0014405468880409097,0.004546703384367178,0.0005312368734100996,0.18631395890673563,0.9067191132521865,0.7352255107707881,685
0.047047435051215614,0.09352112755270386,0.14015870283085205,0.06701369450723742,8.070733688577847e-05,0.00021724188306393994,0.0009085569304125506,0.0026667664230848025,0.00017746656336720056,0.20905358868187257,1.1068404777943148,0.6286239778086924,686
0.04536705758773108,0.11657937492828692,0.15509321198000584,0.0795024229664424,0.00015144344010203594,0.00010602559151268615,0.0007906605491966497,0.0054686586559252025,0.00035252231742977135,0.09504531894606286,0.8959113712998417,0.30037778368846807,687
0.0700659799855415,0.10387586027154305,0.10198031596934301,0.0762568686452409,0.00011010251676826942,0.0003061492629943894,0.0014025147966479883,0.005195171637067043,0.0004201335906324809,0.19888073826987107,0.43107322843812046,0.7340083764428524,688
0.07712768687331867,0.03148681391757667,0.1015447447409816,0.09776644026121256,7.882612746573176e-05,0.00015010715178876381,0.0005600706076978807,0.005756004303068737,0.000161291277496987,0.14002203426199056,0.5724678258669719,0.387968573004625,689
0.10959985436656117,0.06479901220311812,0.07210552970013498,0.07902444175093366,0.00010106910843367848,0.00010149591004354671,0.0009770104848506437,0.003632879951233158,0.00027196885069175536,0.15570849099138007,0.6593048857408433,0.32607582480606573,690
0.11634952915390195,0.031242754535878662,0.0822297243619054,0.07813666030476783,6.751572721008138e-05,0.00020050835002548758,0.0010099002763679765,0.00572504735965099,0.00029430012281321337,0.20826620815715902,1.0498504108258393,0.7406302852106744,691
0.10380465716223793,0.032334900468777794,0.08069431366924246,0.05683105173266382,0.00012652758239203453,0.0003876759528789416,0.0013694616983329028,0.0019913532494408135,0.0005078811553148481,0.10553386862853084,0.9620722318136778,0.8581364944693068,692
0.09662263537541224,0.11399385578067904,0.060764753592149626,0.0736098840981151,0.000191660576008093,0.0003979531682603015,0.0008958937883122775,0.0046428923972443754,0.0002583698709775166,0.07733076575297076,0.7971042568135339,0.349090669593601,693
0.0477489763047214,0.07150900561118403,0.09582061810933618,0.050605583937867196,0.00010115697826052823,0.00023614444777610957,0.0010132955131972226,0.004946050682176914,0.0005953361752282285,0.11525525916740334,0.4013535874111644,0.8309736589270034,694
0.11887098889844247,0.05614957437123347,0.08228895991173704,0.031167495222397614,9.032440135208859e-05,0.00028722706665890125,0.0013092960347650003,0.003981505813831358,0.00044251800722449664,0.1651632874213088,0.5793171184352958,0.6210196124620437,695
0.11245972467883786,0.11658639816016166,0.13552224418293476,0.08790943498330878,0.00014512546565592,0.00010478189807752615,0.0012361050998667827,0.005896107097273779,0.0003377409892620477,0.23649676685863258,0.4388928170244548,0.7871961973465295,696
0.03588220305918498,0.05487629704639001,0.0729157621043836,0.0917709246425493,0.00018289032372539442,0.0002510405050444676,0.0014490561076516489,0.0017394717378893102,0.00016183135057908595,0.17535931709526942,1.1170834582290836,0.32231572681931325,697
0.08368918771412776,0.0521829116378634,0.040356051506746704,0.0852648173393678,0.00015528242515787155,0.0002738497086455455,0.001160537557840159,0.0037229621199053316,0.00030905969136630506,0.23844167654858006,0.7944001930623412,0.7740221781520793,698
0.038407204185449406,0.11103124357033484,0.12414142612777923,0.06215000716208174,0.0001489994399743842,0.0002897552493776872,0.0012259672633295714,0.0016598180899657792,0.00032163737589198133,0.12742787824759977,0.7221235385482352,0.8117337101058875,699
0.11483865397757098,0.03763888914652294,0.0765814077029635,0.08006738235862815,0.00016644512585230602,0.00011309670910147696,0.0006847225909819955,0.0046140411688768476,0.00046591794309084787,0.16374967257955042,0.7868388686281926,0.6548550878843173,700
0.10897084519823559,0.09333580360932317,0.08094708992448733,0.03544021712887485,8.366202076779411e-05,0.00035122905603917774,0.0005201708261080538,0.004725946372731712,0.0003479272022794021,0.28234411040058977,0.7554649341478359,0.40023926720990655,701
0.11201800590336938,0.07046412988544487,0.10730694923561143,0.06788260599417209,0.00018375220757286655,0.0002584096192664627,0.001406889617211068,0.0035219735195212705,0.0002526539717372356,0.1821107252216832,0.4113634249948007,0.3608676001390461,702
0.06663929812421712,0.11230195189194246,0.0665165695094809,0.025187676182723013,0.00010598293513667284,0.00027622488042969073,0.0009187440836235284,0.0029585016654256335,0.00042986405262480324,0.1040100491095288,0.964344690071654,0.746748929570104,703
0.09521554681801599,0.112236933294757,0.10601431087630489,0.09520312285040336,0.0001135341798580556,0.00035845259098975425,0.0007151478576995778,0.002066444827306924,0.0004242315703497782,0.2864067364225117,1.011300482307806,0.5315493351360161,704
0.07845082452074192,0.06581424396324345,0.1300468328359245,0.053375284104273495,0.00014970909336056514,0.00037295348125951534,0.0006672255222253495,0.0033478938982037356,0.00015771611223335533,0.24527288835362926,1.0284060713412713,0.6294272879682165,705
0.06558105625388097,0.07366967196635196,0.06039932720679292,0.07184398239472153,0.00017989261258076285,0.0003694927534691436,0.0013588301924911364,0.004069261566308971,0.0002518512991007963,0.13201152729596147,1.1686592704545542,0.6090458660591818,706
0.10974610831492619,0.06625314187211845,0.09562991256721393,0.06305524315409011,0.00015306543694623635,0.0003008192465981082,0.0011091385693108705,0.0020444731955528224,0.0005415272201728257,0.14497769853625692,0.9833637847049052,0.6032400742753431,707
0.09071845113446148,0.1154985671024348,0.11843116450093077,0.040400537372097436,9.870757125954287e-05,0.0003482266497104893,0.0012879823281659768,0.0018282848255755787,0.0004312227360778281,0.16957640353863956,0.974772389731313,0.3683043295093811,708
0.04648412310242803,0.09275628665041877,0.04141627290538222,0.02880540873923879,7.942562749020847e-05,0.00033335244116177874,0.0008499590771812201,0.003964631358552095,0.0004932958009729149,0.2665550469489766,0.9301462950578656,0.7370406259512032,709
0.07898077360064337,0.04500086376246559,0.0641290965241823,0.04150140013785414,0.00014846286865129808,0.00016614995302377913,0.00103470487114414,0.0030315571246596635,0.0003606005249855486,0.228101848187569,0.9581978083463814,0.7115075744561807,710
0.09618745667132861,0.11153969186690227,0.06326083659147497,0.03068892356800473,0.00010941261967762543,0.0002521855619718009,0.001419068917123569,0.0029872436384333094,0.00018973047015224416,0.1210122889867504,0.6052796317168082,0.707313671886826,711
0.030575181155079477,0.11536764693905449,0.12190106819321939,0.08740697546238602,0.0001062624572359193,0.000327578991998851,0.0010379520985652332,0.0029018384108421887,0.000505335564478866,0.2247515046480817,1.1207047544614919,0.6659909433087745,712
0.03147008163321998,0.05713570066850826,0.08002638930266671,0.02817848280031023,8.822800188632907e-05,0.00025153650214264887,0.001104314981699984,0.002185695784142864,0.0004545840043251554,0.2005777320556394,0.5528220561973781,0.8979792244177898,713
0.07398601426001832,0.11631796050800516,0.0637616940681294,0.09626582812592219,0.00016739809475072945,0.00039633689038123945,0.0012427230741593666,0.0031571049716287002,0.0002656072009237589,0.279625280691925,1.1060263013001967,0.8432960562418408,714
0.11517953487585157,0.0718901796372649,0.08721314693016605,0.08450564053968793,6.468233588015064e-05,0.0003122597304779279,0.0011131766362643361,0.004053095854243012,0.0005694769781745414,0.2461335738138722,0.8947611285693389,0.3629627232203767,715
0.11123750552273777,0.08619363179048403,0.10962143447397019,0.027820355702490546,0.00019062608888646468,0.0002610672262101706,0.00112952358838387,0.002008181621301169,0.000536449851343754,0.14968130477335723,1.1548632355082757,0.8062585289195505,716
0.09290039205864432,0.09864331880067935,0.05289774241046901,0.09359374227665934,0.00017242518391988033,0.00029494003925724317,0.0013455650589792247,0.003675149224220202,0.00016490192501029317,0.10373331350370563,1.163748664976402,0.36624882847082474,717
0.07922377516601603,0.04731841197784968,0.13132773084297994,0.025774964801940116,5.804785817969821e-05,0.00033694254628405306,0.000729434682919789,0.005749666467102978,0.0003047964204859992,0.18847065478257274,0.6077569730960831,0.731943056531406,718
0.044142489736842386,0.044192239749024496,0.131257922167322,0.0707962937437272,0.00017000276667572498,0.000316376828627948,0.0004369710439168567,0.0036597226554858646,0.00043909329642845155,0.09015725443490828,0.8122028597461037,0.4622432931248807,719
0.0514537090889029,0.03946996821087229,0.10886765063328227,0.031146348507749427,0.00012710780335005247,0.0003967733053916212,0.0008642528638214632,0.0035622649585981933,0.00020346877534580568,0.18974506097607596,0.5196256675278059,0.5842283467780365,720
0.06969450747631434,0.11612823101136506,0.14027341562575094,0.046068647403201685,0.0001281151483226339,0.00010748875213424189,0.00043466395191046995,0.0018469313864897504,0.0003262703349534555,0.19764703575641038,0.6773571051510616,0.589496773988649,721
0.09297345263435486,0.07014749336226457,0.12388214682868232,0.06279262250924367,0.00011136672952461856,0.00013467774511187767,0.0007417043861461187,0.0050975989390568185,0.0005782928991198609,0.1901750737816405,0.7535126423165286,0.8267283189974874,722
0.08911607209258572,0.081776971741812,0.14355501900642675,0.09732414074179202,7.023697215270629e-05,0.0003204089049192217,0.0013715026521841605,0.005734934518799646,0.00016835120274742734,0.11056646520617594,0.8353249446728157,0.6327207851595451,723
0.04363592834969868,0.06948318210852761,0.0939686023364335,0.08416913228977489,0.00019339475346906231,0.0002984921285846286,0.0009389850488224335,0.0016655719286709223,0.0002972594305205202,0.2851402063170258,0.9763549803699298,0.49043900205472857,724
0.07206126717006812,0.08117656950505558,0.05132550328405372,0.05640595281746463,0.0001983928150893255,0.00029873029206221706,0.0005014876400411346,0.004026784506725174,0.00024363720522468794,0.2801264143111684,0.9717293033234937,0.5026046900484743,725
0.1178366448357,0.06923443742056393,0.15567676362316907,0.061552425886697675,9.195741819624758e-05,0.00031556849270797344,0.0012821518152549176,0.005111671444035999,0.00045158823775353447,0.2875196081692805,0.48286791436451104,0.38562861117820196,726
0.10993587629938424,0.08711595973233785,0.09271371392116956,0.08911849100125549,0.00018586981213164526,0.00017442042665658766,0.0005968018510261173,0.004607509568462651,0.0004402864512806883,0.10951790563046956,0.9400714920997902,0.49990397346048887,727
0.08148215081300106,0.07243146505715442,0.06400692722792434,0.09892588602859909,0.00016972266652193763,0.000353326692062738,0.0007001749071993727,0.0036119730243253942,0.0003735160151077747,0.2199594294485207,1.1804457418323469,0.8081998579243481,728
0.08013370258655822,0.08013276977752659,0.13359533865351023,0.09174728359106629,0.00011282901881876482,0.0003560042177065422,0.0008771776028645435,0.005057412554974929,0.000522997103159524,0.1872068972182636,0.7344179687832837,0.39393588997443274,729
0.08438165317284868,0.11562484695178123,0.14440644789086465,0.08079252345407689,7.669019111730838e-05,0.0002518619586703796,0.0006193795787641279,0.005913853409359441,0.0003716353233452573,0.1329362841600645,0.41576932458023486,0.4082016865942806,730
0.1079586711040122,0.07445559858837261,0.048901718542877726,0.06206229316964081,8.394665430974359e-05,0.00014509144917271437,0.0014437825309176792,0.003781657158052334,0.0005928121081101095,0.1050569762127924,1.1347662638075604,0.4159244801968943,731
0.08356946737274505,0.08609839771330258,0.1298490130057386,0.07029890061535782,0.00015981510839214295,0.00027271693535066963,0.0009445256488248384,0.0053228545881823,0.00046388852545590294,0.2881256692642962,0.49104497603031716,0.6517129619144132,732
0.06430761107407701,0.09180689012685017,0.06477840650757646,0.09880810339355561,7.69293409087556e-05,0.000319505777975385,0.0008470104898906906,0.003192698341650115,0.00022821190588720574,0.28119094859169125,1.0937686075661897,0.3379724673915851,733
0.05123829624152201,0.08011314715902534,0.1254932133001259,0.09395903212029783,9.019913191996029e-05,0.000266344564981435,0.0012864068548802186,0.0027812736086109285,0.0002885941822608003,0.20131440984758092,1.1951343404308796,0.3229547826263589,734
0.034400880132303586,0.1151298147266394,0.114890505474957,0.0797761685433906,0.00010392420246105744,0.00023333200770860968,0.0012300272999820235,0.004211788739956325,0.0005366744561548476,0.11272069265510526,0.5011319208689706,0.6079868606785466,735
0.057779371003857376,0.10617278907313114,0.09083742151843738,0.07322430221189412,0.00015812328824895168,0.00029892802188134006,0.0005411847084281246,0.0041256525861298205,0.00021578594938656293,0.25392148701748485,0.8113784080774427,0.6754191513179026,736
0.0717039415258699,0.08582225773273813,0.11624717323972614,0.04402169373380896,9.924896496245147e-05,0.00015001135978866308,0.0007868983345815476,0.002351780245056403,0.00023076154842125178,0.14232293839759505,1.1844929831822464,0.4358556869214909,737
0.04796218759391857,0.1151433759710091,0.11281694208671794,0.041245893147272686,0.00012609498973490074,0.0003772517460649335,0.0013698152860644435,0.005053916212952586,0.00029683626006210046,0.2414923355762329,1.0762389267567212,0.5373155610573909,738
0.06413154489626613,0.09667837871297304,0.05123531251610564,0.051567599812004615,6.198814609808878e-05,0.0003721621971997062,0.0009936972773005224,0.004623018544458211,0.00015278962262429123,0.29082858979850923,1.1303495316692063,0.6849979940123695,739
0.10598599411755726,0.10909442772685864,0.14945380532190286,0.08305342590231671,0.00011043998557514181,0.0003046983249513875,0.0015112834751209428,0.004248688581360193,0.0005625049462988856,0.20737990728183803,0.5554335530529957,0.44715010670378463,740
0.05678263268361919,0.06642345466317198,0.09364343847025808,0.04081620574683904,7.467242792114895e-05,0.0003863253147105853,0.0014612020921869883,0.0015270415260899837,0.00015959680495510316,0.14815225525014514,0.7458853327859116,0.40364717199574407,741
0.0392499871911451,0.07491269051306512,0.06944123762427268,0.08573409264754889,5.339007103627749e-05,0.0002773609807357962,0.0011433051733626893,0.002911812361901117,0.00030624619399113276,0.288023050654604,0.992487570137433,0.31430817230787267,742
0.05247075444685122,0.07798840828810935,0.08119115909337034,0.09056220367271828,0.00019233215476974628,0.0002111592900739285,0.0010249826633177768,0.004815642763279835,0.00048012311626902734,0.12717516139405524,0.6623222679659212,0.5132675325825602,743
0.053633502712882336,0.046045483914066855,0.04258644483892079,0.08781672269500762,0.00017365713045548178,0.0001783341424423183,0.0013831662007542777,0.004600561850577388,0.000187906347480826,0.18872172949407182,0.5052955880768858,0.714415846973238,744
0.037172608049091865,0.09064539275255346,0.06765023637082103,0.06392122012055354,0.00010228218529094334,0.00037505537522631395,0.001050218349170169,0.0016074532487823038,0.0005033301253969766,0.2626036415433213,0.619315555866291,0.6960681235491825,745
0.10485262080871692,0.04985212639883406,0.06549363675579907,0.03450744965762002,0.00019751863018633388,0.0003451316539069277,0.001029519517943008,0.0049248182267931685,0.0004239116774556622,0.14880461650769472,0.98259646402012,0.3996502154826085,746
0.046286464846104616,0.05551738044499174,0.11913500039928251,0.06430847474661629,9.487910766635735e-05,0.00015981863904027395,0.0008093392688186721,0.004979504732941091,0.00024352772675634816,0.25459141119983936,0.5910726868655752,0.8493722468186569,747
0.053159427395997924,0.08420508270089562,0.14526356622884679,0.035815687075238974,0.00017181334731951548,0.00012655020912252877,0.0010915835221497678,0.0020221334762634455,0.00016425294173645475,0.12511916009177312,0.5085825885922031,0.8875736551397695,748
0.11674279424872282,0.04811190079873704,0.125752260890248,0.09962751138109704,0.00010288230523181703,0.00018218191798241983,0.0015145309536168498,0.0031887959666071146,0.0004135971477340941,0.22365145721337587,1.1022354555199931,0.3264969434748529,749
0.04984055593567038,0.09716239380380007,0.07564674266549179,0.09747269403554712,0.00015337592988808635,0.00017105002677406502,0.0005733731082852656,0.0022472933800432686,0.0004756549861038307,0.10241056220679826,0.8811201468123464,0.47344353145204443,750
0.07553417689788622,0.06017343875667727,0.08825450796776235,0.06401231629965021,9.6437150133654e-05,0.00014470616305653532,0.0008152871222342742,0.00523431517261968,0.00026220977462623594,0.12420169006276166,0.6701531137784121,0.42822078135642583,751
0.03654913348404881,0.04100542473330301,0.05639591864087667,0.09321256918592649,0.0001914979092369571,0.00013382046206496787,0.0013503626333067655,0.004376971084278785,0.0002569287725309077,0.09547028468633734,0.5302094359759466,0.8848635257398312,752
0.03253644458136323,0.0641009373893636,0.0502577367520498,0.08591269610725435,0.00017093428288167024,0.00012478561606588183,0.0010552867081747776,0.0031299762370176946,0.0005396627333025943,0.27909323188218116,1.077677806456515,0.33190867877152236,753
0.08501346764770076,0.05797689349962436,0.14109984350737473,0.05866437826006047,0.0001842124318209561,0.00017991028537957777,0.0012918698313667439,0.004270507562318242,0.0003474810087649795,0.1452054811880841,0.48863846872358074,0.36896845841589826,754
0.08839063102220213,0.08605441150781934,0.05804284000136897,0.09926075625607239,0.00014366380981623,0.00026474165899227506,0.0013028627556936456,0.0037990170116669665,0.00019213319829705817,0.21068058548852509,0.7012129505847943,0.7061174263266918,755
0.0623923298534576,0.051453849597385345,0.11657604690627671,0.04302444485254324,0.00019701433141694008,0.00016557845102686608,0.0007609789447832658,0.0032215817688357384,0.00023793675449548332,0.11360573096888107,1.1896482727456426,0.4011603887471572,756
0.09864693866241676,0.08434033633555979,0.09413909980794632,0.04348171001866501,0.00015101132806732927,0.0003563969600813136,0.0012273011468937852,0.00286671156987403,0.00017204574211193984,0.1245429315799132,0.6666692800319259,0.7359384292140583,757
0.09179888094287834,0.1006075419568579,0.0644866554552852,0.09511009598503967,6.323899085078034e-05,0.00026719026535691943,0.0004495233461041393,0.0051297886227291666,0.0005086118416849183,0.09868720716969408,0.9850596496087426,0.6858353626398495,758
0.03613357992972759,0.09428789621960429,0.1112317303348827,0.08877563447404907,0.0001475782367149409,0.00014605516012039852,0.0006322767792933145,0.003814661198986676,0.0005849747346144237,0.08713118360085732,1.0068272460090348,0.7000332328473287,759
0.08486184230189055,0.10133502634714144,0.04362794033448442,0.08995136281692226,0.00017552023333010757,0.0002301202806745243,0.0010971140809209244,0.0017078307808004534,0.0005948663183518375,0.08510944622453769,0.7616920192428892,0.4557049705086013,760
0.04098706890978166,0.06904210330122851,0.12790411177739325,0.05850851884864779,0.0001528127541730725,0.00016661756342371213,0.000868319629177088,0.001750399226135647,0.0002739537443509999,0.07946121754332282,0.4660296838135305,0.6188609054792689,761
0.11919557958709236,0.08942130824662622,0.10674489419301,0.08946373390083157,0.0001694844337508494,0.00035999981234116537,0.0006999383491586562,0.004086193649878851,0.0003578086531413221,0.14418185176765175,0.6818638755854136,0.48731419753848226,762
0.040217052107557,0.0941744131234879,0.07546609011936138,0.09027185408344202,9.123656882817745e-05,0.00010233549071262162,0.0013509218004255186,0.004005626328087335,0.0003417985761116662,0.09740312592789098,0.6942920403275483,0.4057380302739364,763
0.05944641180858219,0.035843367142004035,0.13884670993780665,0.07339648997418251,0.00011707975264250409,0.0003036576708017225,0.0006088699302576379,0.005041867092101818,0.0003213375275386185,0.16844393503630972,0.501771455557938,0.6946894572452313,764
0.08168520209888097,0.11982607307408226,0.10593042668821645,0.06334598485309946,5.535529699843985e-05,0.00028907864906234956,0.0011151818821185772,0.0027369013998396635,0.0004928044219694031,0.14374783600277263,0.44266857159279793,0.7841377169260624,765
0.11464719751388286,0.07125248998238083,0.04234407529700607,0.07415283856642217,0.0001473801604449721,0.0002799589504633997,0.0006593470254066424,0.0026707778760143137,0.00039335655235210305,0.27896574400367885,0.5547383937158756,0.7412134865681401,766
0.03950011776530964,0.1073756124376058,0.07300517855820318,0.09285246907918496,0.0001681598535948109,0.00018384766722905223,0.0006896391937052434,0.0041920474741330765,0.0004255245997076399,0.1775132389302168,1.0974312608682557,0.6347139670340445,767
0.06820010203458551,0.11396433753108562,0.07241726972761577,0.0496115302714826,7.746447941137625e-05,0.00018858630204437259,0.0014758391313972096,0.0024919658823245802,0.00036545416459450857,0.27405771150920455,0.6093319279587747,0.39088926763288545,768
0.11407649212518173,0.07977553912443233,0.11598867131631996,0.03829242102983892,0.00010146491718698107,0.00013319643831899387,0.0007665620474097987,0.002719853507584061,0.00040116408856446465,0.19416430002511337,0.5929487073569593,0.31660413716847147,769
0.08422919063554983,0.11955138941393434,0.13468932648730156,0.09100073446551027,0.00014170745251789523,0.0001221404933665867,0.0009106992695435056,0.002090142154822658,0.0004113470251694345,0.19263671838070784,0.40025549982932057,0.7918519381040177,770
0.11549748183384649,0.049429806212463456,0.06820407505729839,0.08197233744663732,0.00010380031341516893,0.0001484225759856627,0.0004916612083737668,0.005991010328922316,0.0002610066059739081,0.14326441783379934,0.44695758896022747,0.7008066157370955,771
0.09465983440212895,0.10845332556755456,0.15892098310719005,0.07699803274362915,0.00013660392388304513,0.0003884333455774932,0.0012846119285197623,0.003714208775942368,0.00032431145391109906,0.2660264902638452,0.8176328114336976,0.6670988596092386,772
0.040911256143323395,0.06375848295716013,0.10490607178292344,0.06533556645623959,0.00015257437712740615,0.000374340598822252,0.0012495029443587637,0.002795166899302471,0.0001791314001801867,0.2948813796918652,1.0462291450705488,0.855644107833575,773
0.06338039146626262,0.10662277944508144,0.1124219393100355,0.04171412549501495,6.525024607840482e-05,0.00011329125662923244,0.0005157096117390658,0.004531828251058213,0.0001835275039386418,0.234493156263674,0.4334765889991884,0.46721125734814145,774
0.03213689267981942,0.05930945270194046,0.08923003201169714,0.03257354009751886,0.00011125246953389581,0.0003216685337423025,0.0013252153134375585,0.003929562110607694,0.0004174881695362735,0.24380387669015652,0.8063449352132608,0.4077994243260441,775
0.048400990863178964,0.05944472806888203,0.08842799062897214,0.039007225208171764,7.25435752997898e-05,0.00010209153517626705,0.0013015363394247874,0.0025297962320949777,0.0005583838948934645,0.1705388194764797,1.0061394139616915,0.3332542193068661,776
0.06442720969847911,0.11335246509397903,0.12943942133611253,0.0799419876101781,0.00012078993233977686,0.00030789306226218586,0.0006938746168162783,0.004137706598918704,0.000542728736481436,0.21887812931841394,0.8195882914746799,0.4977711657333914,777
0.03768963231314889,0.033435817061333785,0.1577649252634165,0.06185007310894725,0.00016895725069155846,0.00022582348174438039,0.0012096325276734325,0.004240441704132925,0.0002992778355072876,0.10524951284894674,0.6568935483573117,0.4763477230405148,778
0.03457652504124917,0.11915399849080942,0.14640351745338176,0.0824234294789769,9.853431746413734e-05,0.00014689828522908684,0.0005689542302716092,0.003692687854610268,0.00034595723834073846,0.09433653666656955,0.8152870830830532,0.42157297430181184,779
0.08204259143865,0.030209992229248212,0.10344667671342936,0.0696481910527827,0.00017659004498183408,0.0002613351522014033,0.00047811620669036193,0.005851048837822108,0.0002657811703948144,0.22690807304876714,0.6452368122891106,0.4457698340194255,780
0.0499928688850866,0.07970507721723608,0.08577389663761156,0.08393748484134039,0.00014618835809135705,0.00036046955754535486,0.0005533225759696855,0.003056601714693005,0.0002454957719883408,0.2667221933751451,0.4379962217079342,0.41271429471914123,781
0.08979200808970798,0.05407721882802343,0.08781900709074697,0.059544317098689896,0.0001875408873876385,0.00010918503955449255,0.0006060284779309948,0.0037600060365654948,0.0005914822312059176,0.08616719995712971,0.9490294699509944,0.42945223694141166,782
0.09847872764605423,0.03062661385406157,0.15525727857330507,0.05553577054317475,0.00010005440621278451,0.0002905633432222615,0.001051959237086062,0.005844200400037018,0.000344577920768065,0.13164627925185923,0.5656944034926931,0.45142827219692067,783
0.07383011790015105,0.07170172110655462,0.11162178473673792,0.09147684372818618,0.00012992483722894672,0.0003515707550191852,0.0015706722306455061,0.0023227062151295343,0.0003669720049584847,0.27634455377244604,0.8433987315239885,0.804887003050458,784
0.1054457769995347,0.04084655192247887,0.13322224262507343,0.07467876383619064,0.00019886120788312333,0.00017008668610265463,0.0009961202605332073,0.005350904372575148,0.0002467191991764038,0.13453322270610985,0.9544832215415839,0.5654312654873193,785
0.07121547262749926,0.04930190985199291,0.07672126951248255,0.08870370299187569,0.0001702572201118247,0.00013535931352852082,0.0015583997212909161,0.0049509708208152065,0.0002412953625135894,0.16110743183445791,1.0085738718290496,0.6234215036952558,786
0.0708901499431987,0.10790708363772036,0.09376750311001406,0.05711181077925046,0.00016280397525358765,0.00039857544588432894,0.0014642757674316197,0.003945541303518527,0.00032847006445395626,0.1814792391632894,1.0111875342868788,0.5041627148283584,787
0.0782498467369365,0.039367762088020605,0.06587873634701019,0.06030821644181347,9.532978367718607e-05,0.00039256646715982803,0.00147223583288547,0.0028376323631604853,0.0005555815334488786,0.29863772710703346,0.6704843459114723,0.4132031104552418,788
0.07895780948863637,0.05891568946593553,0.11309584936867623,0.059069832858992116,0.00010025216918340503,0.00017177512470391992,0.0015335270926697896,0.0022176424301940177,0.00015222759133072,0.16661522414090613,1.062069078045826,0.4689433077108702,789
0.10617193977693888,0.06047643285362562,0.08540846098693107,0.037909810391182526,5.5655895719981024e-05,0.00013041980794885363,0.0009625084842674976,0.0025232435371419773,0.00034128680929682487,0.2067614241547412,0.6471799774988944,0.6382645810133603,790
0.06451177819963463,0.052827844867755505,0.13581560815795257,0.054352014930950224,8.492897149769023e-05,0.00011972607973903395,0.0013941457380901696,0.004280350922789066,0.0005992243608638784,0.1642088871357686,1.1594820298875685,0.6767048566495434,791
0.0997557418502936,0.09444209986966605,0.1493614121429096,0.03622237770950706,9.429254468681103e-05,0.00013950096141798665,0.0012068108118808703,0.0034645981379762616,0.00033826170160163017,0.1368965870602991,0.9533946278245172,0.5486817549497937,792
0.06174183735217123,0.10308884325800999,0.06916609005858179,0.09810060561735903,0.00012039022062811341,0.00023102769487215637,0.0008817969887985372,0.0031755082616630867,0.00025497451313806675,0.20843898386997484,0.6899977764324688,0.6783352867027655,793
0.11850156830044119,0.0872011567167841,0.13396816268263317,0.0998645335120478,0.00012178063593590771,0.0002963213973961681,0.00047178422643547713,0.001960750757806226,0.0004897824332871233,0.10632654623823626,0.8107432433360978,0.4854345579925152,794
0.06252374184997592,0.06799783753980426,0.1422488654486405,0.08633423081210634,0.00017873681718476032,0.00023361877186912672,0.0006065254770011804,0.0027290493728568737,0.0005464975529042973,0.23969922693998358,0.7742685338210265,0.7255444611443977,795
0.1127922801006742,0.05755557071222973,0.08691789646906237,0.02863871504962723,9.307894552504187e-05,0.00039523719348568483,0.0008543255197146268,0.005865067659123787,0.00017448008524449256,0.22644045166102644,0.5309013001582704,0.5955606366730319,796
0.07983301308831903,0.030747910260146994,0.12542926805952123,0.05444347055531044,0.00014482356031568432,0.0001233154471484237,0.0011531049396905537,0.0031496667149657417,0.00043344628648637237,0.2173711252286326,1.0368173771364337,0.6207819957048488,797
0.11764451052654966,0.11215460971140673,0.14732398190370413,0.09944307679987449,0.00019744495698984573,0.0003424985446508965,0.000774849163581697,0.003601854095217852,0.0004068021384497719,0.1065709899556933,1.1191616774025253,0.4256680611626147,798
0.08491396302767304,0.11800843024908135,0.10324348522270838,0.045661964351631106,0.00010833124772329178,0.000375533650200053,0.000836523571567302,0.004214875157304702,0.00020569297060483063,0.07635804769575928,0.9273802680056445,0.6834850925814694,799
0.033909862185772646,0.046747556069762386,0.12062415752652822,0.08850817660991744,0.00013740842278580826,0.0001561933185681169,0.000956527201887992,0.001907710596143017,0.00021001425430023366,0.20637859488061255,1.16934804373243,0.3590497424211113,800
0.03488810259077911,0.09100791198753286,0.13651725597764544,0.07303862622973516,0.00016523130085260135,0.00010100849750173656,0.00047952110445355,0.0031422092086418477,0.00016951014161529699,0.14403304843978765,0.4081914061985973,0.5723346472467368,801
0.0445184472689241,0.11019139316268095,0.07490576570234798,0.04809877169823641,7.6290024806696e-05,0.0002724530269197202,0.0006359799886633596,0.001629138135852541,0.0002080489168700245,0.23748912890328383,0.7849460930986154,0.8474124529523177,802
0.04248538359203011,0.08788167390582136,0.12262973226457721,0.0596948316285313,8.182875020527441e-05,0.00015211009876577242,0.0011722269388035828,0.0030617558425667084,0.00022056240877212275,0.24869984392648048,0.6537522154160847,0.5471411231898522,803
0.03808382794627607,0.08478379882765584,0.07119236713555248,0.04243345570245304,0.00012771905276454478,0.0002070268625146737,0.001240656301192299,0.0027510432836741943,0.00048525984148210474,0.1658764984154465,0.8674266924561165,0.6420617276862888,804
0.05379505017682032,0.06276643127983475,0.10660254297935623,0.05485804003096049,0.00010431348989534393,0.0002812769021093818,0.0007235419262408661,0.00452363084208201,0.00041795710396594734,0.08118562913824784,1.0774237492061123,0.8425524936941851,805
0.0466568659580643,0.11437638821697568,0.08669468511862496,0.050751882857482736,0.00015215053011477305,0.0002702181776805857,0.0004554078464888261,0.0033209667812399207,0.0005265901722016707,0.11586294977071965,0.5778555402867144,0.5235323872100508,806
0.11112168911788597,0.07738467852655587,0.1337208355518647,0.050039106632421254,5.163002892893825e-05,0.00026587591663558693,0.0011687267923033333,0.0053666861113653265,0.00024189553913209525,0.1603856341468693,0.9950532184768871,0.7097650714370654,807
0.10583789751587927,0.06829088274350753,0.04537775178656862,0.06344239559409465,8.383641776222596e-05,0.0003923186820770912,0.0004928021569812417,0.0035319332394883364,0.00044957005851889106,0.27740588687087336,0.8915448562881179,0.8925602320228874,808
0.05072786696493321,0.042741280584394234,0.122891609629633,0.07662956408402963,9.56892045900345e-05,0.00018130901492322595,0.0013419498085024783,0.004559965554167739,0.0003693360289747267,0.23891260506546252,0.6045453480609421,0.5601993515552147,809
0.059961323274436734,0.033923958673501405,0.07426778368199591,0.02674828289097265,0.00011315033194110247,0.00019027415983473848,0.0005280536415476817,0.004339240184403958,0.00021685441246644852,0.15195179094976555,0.800676701434714,0.592281242213423,810
0.05632007395567641,0.05545608150462154,0.08315753447334498,0.0847656679291012,8.022402368870198e-05,0.00026038637411252306,0.0011333376978260807,0.005642028894488298,0.0001885537704765982,0.17464306566443566,0.6806922097842067,0.6465526640696825,811
0.06957214372898955,0.06862943024353516,0.08154327999501806,0.07350642997603266,5.257405431727392e-05,0.00024008580993873778,0.0011210737434358996,0.0028258724663011827,0.00019990491953947247,0.12027946336769851,0.44335547165340644,0.5706134452195792,812
0.06269812158227153,0.05077633118028463,0.06688895187122793,0.06042144978920806,0.00013104801813561569,0.0003279105527357755,0.001586434130031241,0.0037113174022038067,0.00026033419097794665,0.11674687509844234,0.9109946136096977,0.8013890089235192,813
0.0526571088456957,0.05746157283802855,0.10060396211192105,0.036740601487153336,0.00012011952221778677,0.0003480356968848474,0.0011001210374834078,0.0027169709094796513,0.00022735293259760198,0.11641907433885215,0.6167199800509657,0.40956287150263426,814
0.05114469873104896,0.05437719189878351,0.11734201041615616,0.048997635532453045,0.0001640063387788262,0.00023657998217022286,0.0008883663308452427,0.0055375729099722895,0.0004677601965935505,0.2587989976357906,1.1786116230681518,0.7214679946320209,815
0.04964303021361482,0.09548886377884637,0.0912696392895026,0.057002075255217485,5.649214691608302e-05,0.0002924047909178577,0.0010091030195770478,0.0015794769734490083,0.00039725020829475084,0.1461005384152277,0.7590744532619298,0.5596224495681689,816
0.09253431170537887,0.07666668699561338,0.1516950058903989,0.09623405668951904,0.0001503519385080833,0.00020437533166987854,0.0008672075355868791,0.0023573480900488573,0.00023507524313988361,0.19092484621326788,0.588623306472301,0.5058218443130875,817
0.09098987149402697,0.06878854260891294,0.10040224608970053,0.09003590963223401,6.215090280825127e-05,0.00013718795330594751,0.0010769119937637064,0.0019041781338958086,0.00042145134303167423,0.17791474217603326,1.1163987456056508,0.3551089400201253,818
0.07965160740644497,0.07417738658027724,0.12028275083070913,0.03578919501596512,0.00019318531318051626,0.00022538836356098707,0.0014552960158063049,0.005946617095145828,0.00021941942223159262,0.2079460076482978,0.7605809109684802,0.7123043764198564,819
0.08887079476030213,0.0316614133321228,0.13239823848117402,0.07069331719487564,5.3145096756107006e-05,0.0002466784305276794,0.0010423662848483913,0.0043505242010769855,0.00023495655021471643,0.23512502138541025,0.9930499825233629,0.8970658476195814,820
0.09240684526420248,0.11268327208430556,0.06094153267351782,0.06648079744299894,0.00012230271693899333,0.00010848430976664368,0.0015318189168748483,0.001781697075222926,0.00026771090691265364,0.25774228814892214,0.8933913639723463,0.41018937840100705,821
0.05542301492466792,0.06713560188865716,0.1044517325653381,0.055153671136756746,6.654800809197613e-05,0.0003712087018402372,0.0008866123656980373,0.002887374473100706,0.00023331817680668875,0.14048183888388255,1.0473295375864744,0.716633303945099,822
0.051334619059733994,0.07779276276184141,0.06309635577886517,0.07155158973716311,7.225015717555723e-05,0.00020520139013086917,0.0009001737861194477,0.0023068841291622975,0.00017321035115309678,0.21744504107853524,0.728012898325814,0.33287816230289297,823
0.05643055785634646,0.047607211650527975,0.13343488501565393,0.06163472952560508,6.590227291035573e-05,0.0002048726708265468,0.0013141405653579843,0.005890911883917807,0.0004970831231543236,0.19356061026886973,0.7993553149362136,0.8779632024620547,824
0.041682387341965346,0.11294748596578062,0.15936915895230688,0.04879186390240413,0.00019196669321190374,0.00019661087481678328,0.0011876448459007716,0.003726889136724797,0.00043070640438503955,0.22545550097417782,0.8443442720779797,0.38105871333871916,825
0.10194077328109505,0.06258773651689953,0.0637366452248077,0.046353671193994334,5.9059436361758133e-05,0.00031326128547689707,0.0010544293250677433,0.00261200181514395,0.00021757664109099778,0.15854441529526542,1.0634368986616076,0.8739239572867685,826
0.06194651939360945,0.03658720594869108,0.0945462136187599,0.04438928743426426,8.773390437411177e-05,0.00025644765141379555,0.0011012225291551956,0.004508284915378498,0.0005615515116257516,0.08658062248138594,0.45169491604835066,0.7993251349050607,827
0.09652581571676538,0.08192059635678786,0.04184606238139028,0.08708652109894623,7.622617839195797e-05,0.00034651024526221,0.0007859155948610739,0.0020308769823126427,0.00042934273261425733,0.09703136929840041,1.0566788173420552,0.6921986262532841,828
0.11347140976357603,0.042520784570550314,0.10109537217968038,0.03310130367638882,0.00015487508159376423,0.00013148969223426138,0.00132048273816562,0.0017546973824712994,0.00043670412862517854,0.29372696319921376,0.786385588009598,0.5096956124532338,829
0.04908915372506557,0.03245931784203512,0.040779837630552325,0.06354564690817643,0.00017574088888689952,0.0003489278387119816,0.0013109193594135632,0.001655546419975847,0.0003163785423197006,0.22665827115185067,0.973846998700237,0.5687099218490653,830
0.0324047478620272,0.03906391908808662,0.05054881853872268,0.0374218547084471,0.0001761207960057906,0.00020836946305293494,0.0009157129035510887,0.005653558893429368,0.0005485119057550248,0.29137743965267393,1.10724535335429,0.6493005196964154,831
0.04255387572644109,0.06210118607242793,0.11584541804629492,0.06974194564385752,0.0001868552462986938,0.00012004658755279939,0.0008573886494870758,0.00220032108358218,0.0003345749370349929,0.11139546346774482,0.7390761892203159,0.37546360795308414,832
0.11424728314050596,0.056495866508948035,0.09057532791006617,0.04561025059820181,0.00012591164008263127,0.0002272587397839679,0.00041258194232093284,0.002675845594213483,0.00017514975799163608,0.2824924751019231,1.0930340135664676,0.8813240908885236,833
0.05965706483556628,0.09597366484491274,0.04210776361490151,0.0829823402086736,0.00014334003434946958,0.00026446590061935353,0.0011800249191836146,0.0018607743844174026,0.000166749187338478,0.14933987754226244,1.0544849251661272,0.4895984300292997,834
0.11034399314657269,0.1047677640670719,0.05790364235552567,0.05334913197934873,0.00010070410012415397,0.0001116349808743857,0.0015129663564597878,0.005293134501504178,0.0003852871804631519,0.199812304083916,0.4690421017672628,0.627578842753406,835
0.11597015851503222,0.10880106926866744,0.12202758441621361,0.058269161891888216,0.00013639458852808076,0.00025046116605648285,0.001399686488622203,0.0050205530838511,0.00034009791557839775,0.1540645972741047,0.5157037435816383,0.3251323130958497,836
0.05163055680296808,0.0503252207580229,0.0598135835331013,0.02770985335544406,7.773735029248693e-05,0.000255957202071163,0.0006498874976361706,0.003764344249750908,0.0004506169564833572,0.25078113282901904,0.413227604181326,0.5860058941133903,837
0.0557271213123476,0.08037600656573257,0.055983511235609365,0.06437788339905628,6.836277554613496e-05,0.00016229766369385968,0.0006614937879607868,0.005407026066330908,0.0005360609586999894,0.08213620565284381,0.8549999418779737,0.827086894735285,838
0.09236248887391174,0.05049833036049367,0.10348719888182714,0.02973803544043728,0.00018631514804690004,0.00038804032986972835,0.0015291528020117977,0.004677419658874048,0.0002536349508855566,0.22028608546643735,0.4814415221834942,0.714949352736348,839
0.03753185695670384,0.04323656886777244,0.05890030421678953,0.0908955337365562,0.00019689076260975095,0.00030450428982083414,0.0011409934816821081,0.0018071462767464803,0.0005377527202644449,0.08528146830604273,0.6962516404916332,0.4731007309707171,840
0.07686035247061945,0.09698123680079851,0.08906253032394063,0.03683498305070063,0.00012464794503278044,0.00023898985312985533,0.0012398536613525805,0.005800740315660481,0.0005664512169682839,0.1449749330256055,1.1410879238414882,0.7671452439883688,841
0.11318386926792978,0.09193732529346846,0.06293801824781525,0.056749372597462176,0.00016379794599284008,0.00037346998348590076,0.0015232455545083532,0.002784819821316417,0.00024864473778690537,0.10795554901330032,0.6850742467372071,0.7532126077261003,842
0.08162445112722919,0.06488811737077937,0.15259361515953518,0.06241616356080893,0.00012202012936899479,0.00038168105529535866,0.0014709543430388968,0.0034590548071746115,0.0003753270730388002,0.28957812512521536,0.4091528177541552,0.4695952157338711,843
0.03706300079852642,0.11386354408511934,0.12939430790048972,0.029617556146425902,0.00017390655866503796,0.00038790237791263063,0.0014989245043965022,0.00279960506141003,0.00016025098410538428,0.14723702322745766,1.0961852859744876,0.5032111138105092,844
0.04160373551209781,0.11180706898903568,0.08041905530638987,0.0418050804164021,0.0001422465867041096,0.0003161882522772859,0.0015650795557723017,0.003339170059154693,0.00032379752302990326,0.23782905483073685,0.8189938495761336,0.7820422770869241,845
0.08429960448140672,0.09225937644253845,0.09241663223611662,0.09268224701703018,0.00013075609623471366,0.00013116630290022655,0.001372365641301946,0.005108296742422719,0.0005882537223254413,0.22940844386239362,0.4299151843072094,0.44981836486907856,846
0.04907941050146855,0.061383629025270094,0.15055711454786114,0.04974771290459013,0.00017420565096416303,0.00013824158819924535,0.0008599409570733056,0.005080778943548475,0.0005210641032375112,0.07833121760547747,0.6059798130715235,0.34020159395396066,847
0.09010005031932974,0.07794997906276,0.11403860689274462,0.03185312446371092,0.00011506926852080212,0.00023495280057358613,0.0004452780606182739,0.0032530507238592216,0.00045542067212597423,0.2770300103153265,1.09960644707101,0.38227942939232595,848
0.04423890017711912,0.039212271371473525,0.15275452347772228,0.0250873271340492,0.00010060499877975298,0.00016956543920682525,0.0015558445344342204,0.004764815045005625,0.0002595907080401179,0.21786579863389288,0.6727334644351932,0.4134753215339488,849
0.06920652414021139,0.05373923426020004,0.13366085823931745,0.03364545938498103,0.0001233181546433882,0.00023793707038694657,0.0006809728002412867,0.003585570679158276,0.0004337995765516494,0.19800392979460107,1.0682449689630067,0.7462423154447151,850
0.08316357217252368,0.11981541282568954,0.06742769916266032,0.04597243217500003,0.0001834762549213236,0.0002221906453939615,0.0010754714848883703,0.002155806416657642,0.0005297174812009868,0.08383993598369077,0.6791982700326289,0.4261428441770886,851
0.05048761229947897,0.09754683688369273,0.15045462999867767,0.029475533592070002,8.890157758400453e-05,0.0001517262002938722,0.0009907319668533588,0.0032574622638716576,0.0004805178953877112,0.1845858459465048,0.8600932754615573,0.8682359972773432,852
0.06838969743394066,0.09590280188765533,0.10282439782815556,0.07763711102475385,6.0921415984681144e-05,0.00028882886840629043,0.0008846685457592053,0.003028963518880097,0.00016616056303411255,0.26532694548472285,0.6969431388541547,0.7250141740636573,853
0.03734159509454746,0.1164698134524268,0.09724546238153789,0.09227457258821167,0.00010205235159022538,0.00028192814058304523,0.0009045888869583631,0.004796235879833403,0.0002572905124216037,0.2814234104781953,1.1736535229960587,0.8906517617241243,854
0.10411484588198776,0.0495026468179851,0.045247408379816,0.02701132969107562,5.850629554198377e-05,0.0002938490220986707,0.0013443435592213867,0.005582352318272189,0.00036903439658464454,0.15706496280560867,1.1517229438807142,0.35774498913482455,855
0.06088483566146398,0.06738231893075122,0.0490155593109064,0.07084885708457446,0.0001547141508498585,0.00019482390906350516,0.0013576854623263983,0.005930058451952764,0.000292530075288339,0.08928228125500522,0.7040622533424798,0.7594661655275106,856
0.0672933866784656,0.09161011293449897,0.05868819719184533,0.06638327048169432,0.00012728000169742436,0.0001607037737848574,0.0009120609677135832,0.002954741334742576,0.00047944628633025336,0.26889158162043814,0.9858211209252982,0.31567370946924384,857
0.09494982263244203,0.07112439993725217,0.1350943965840476,0.06772098720893764,0.00012305942957445312,0.00024908941058068547,0.0008952957530740453,0.005035896161123086,0.0002750165805011039,0.20258901533601248,0.40342655814692646,0.7513634561631672,858
0.11077655304404532,0.09778704405689054,0.04989288565041057,0.08511631156097335,0.0001041577232092515,0.0002142371419463597,0.000949793253350514,0.003090691326724174,0.00046543876287295956,0.0979229365306761,0.7718657222340144,0.8097717400641644,859
0.06261244683717951,0.07777035451639361,0.09108414049572677,0.06982668294556116,6.983143453336849e-05,0.00030924819063676763,0.0006468420094660155,0.0015555194700714906,0.0004089982885704214,0.11822799911874118,0.9817069074067369,0.7063079231836573,860
0.08009318680095429,0.054227850864322115,0.13030578667084342,0.07203195824867491,0.00013642642491799013,0.0002473698480679203,0.0010076574948585395,0.002183903158481222,0.00045144022286482545,0.19853541872090172,1.0089026969696975,0.5674936601170946,861
0.06395305602028174,0.06675281796723315,0.13294401981948648,0.0792987230399298,0.00014927154476147573,0.0001702115265873355,0.0005118763051757535,0.002620157411880243,0.00044730398260919336,0.22252057275543846,1.0922453460730321,0.308677739524649,862
0.05620840844488316,0.04036485821340178,0.10025186771765128,0.03533802187998893,0.00016355005610220306,0.00021490924985448327,0.000850846759319948,0.0022898497118727427,0.00029610709021552677,0.16016505010885762,0.5253190725297145,0.4153998558257652,863
0.06347648234427981,0.0431912370112679,0.06117671470178398,0.06725819556671775,0.00013471861651445215,0.00010963711282503381,0.0015675864685895148,0.002274665309123513,0.0005234949400168288,0.17401148163031294,0.6232320137191033,0.8414431898706114,864
0.11568655761201016,0.08147207503319279,0.056226719668746726,0.09081278501081932,9.344677487101096e-05,0.0001358596211774749,0.0007116921064068066,0.005146562024475641,0.0004534483762900565,0.27004217990233736,0.5987115247598107,0.5191127595622447,865
0.06054551411846382,0.046016607903243203,0.11950414836104381,0.060196495908862224,8.012581800622493e-05,0.00026186397471572267,0.0013900550435025677,0.0049675125016825205,0.00030939137550592703,0.2941910210373906,0.6349290166077246,0.8761568212382638,866
0.03790749242827709,0.11322541473411175,0.09308284758822391,0.07523820098504054,0.00010880470983524459,0.000342716666897041,0.0014857385223988738,0.0038601558968997195,0.0005610434338738366,0.2354709679855258,0.9653969522890953,0.6684299373037914,867
0.09568890581457858,0.07474876848858958,0.12972806786907806,0.08965846246377665,0.00018542430465076046,0.0002093594142510012,0.0008210360428991206,0.00545691100069016,0.0002672686713853079,0.07750409018144146,0.9608286761687652,0.4266874453009706,868
0.11304431932628008,0.08536969660820201,0.12321957682118123,0.04049561353639876,0.000115793039132353,0.00020129555050339503,0.0008425583735677967,0.005926612481511802,0.0002585421507024997,0.2531974122061284,1.1585199120485976,0.5814820625623869,869
0.09813781294598155,0.10217974144006761,0.08620118171409949,0.05046425298899419,0.0001388213265015389,0.00016130494564687087,0.0015817668002940672,0.00598169731879588,0.0005898434937958478,0.1121207215120208,0.8272924462935549,0.5606598551438706,870
0.10398993382536002,0.07277130669891109,0.11501405348613053,0.062449404477486314,0.00015172132049231377,0.0002706482394109268,0.0007989655951160602,0.005067767989805419,0.0005171753774358836,0.23720938537866665,0.5717012851779318,0.8341892705134197,871
0.05021365916808883,0.1199700112740574,0.04049166991410864,0.04954807340195665,0.00019488387150312945,0.00026247293099735595,0.001538067660889318,0.0019690441584197544,0.00031048095205892944,0.15271770522164096,0.5523218833203297,0.5473101272386728,872
0.1067561079473088,0.05833145907672073,0.09579607537139583,0.0783585929097122,6.571213796508182e-05,0.0001619133917031299,0.000797314573450988,0.002389896215023647,0.000582018706794837,0.19996109071920581,1.0314063411326488,0.7498407068828619,873
0.04054955215309384,0.11207941881992974,0.05033254518041679,0.03596701301161494,0.0001575116732294758,0.00024527006468035283,0.0010048001189987882,0.004565660375311137,0.00029847909549970926,0.2969681469189172,0.7408052975003117,0.6223117654859578,874
0.08798016093282096,0.10027752260049223,0.09501809633178784,0.09459172580089292,0.00010477663938460365,0.00020336632008129889,0.0014345554582960135,0.004923186869365664,0.00022505690012373104,0.2613376751919235,0.6207451280802609,0.6010294216594818,875
0.0846751061460286,0.07436972021507887,0.08167326872233555,0.026676852396592753,0.00019400769477963072,0.00014468612722445343,0.001424137006315849,0.004160100230234949,0.00028023668593008715,0.27444812504535393,0.4292562693102902,0.5996477707512788,876
0.04465032756197409,0.11803719226025286,0.057423955377895436,0.05373310841292889,0.0001322132474972917,0.00030722876207982887,0.0008299726958840039,0.004063972878568162,0.0003109239371114096,0.13829046793910574,0.6437302080101888,0.6926424332588454,877
0.07521463044955053,0.07101735471776294,0.11436342552565967,0.03390146952184191,0.00019876737553594176,0.0003185278515478939,0.0009925564094389362,0.0028816736454738883,0.0005827120972068473,0.21214455820595474,0.740116908363622,0.46053094506270875,878
0.10666372889105083,0.11791717935983764,0.0734023209982432,0.03516908916098642,0.000115123460083553,0.00039038993498619913,0.001504966165127172,0.004884761828977792,0.00017357547881245353,0.08856047943141179,0.9333239534555774,0.8074769133230468,879
0.10942578404331235,0.06554915944230265,0.1418820322318065,0.05506616608508914,8.301754894739569e-05,0.00021155682988729528,0.0005581190786503748,0.004099048768713547,0.0005885794071590882,0.08535995476482076,1.1419931895304103,0.878881502533754,880
0.07428771704643514,0.06422184287210038,0.04867893553574393,0.05649658392191376,0.00019592786179716668,0.0002782335601948775,0.0007623737756198123,0.0017731720475233598,0.0005422639245199006,0.2700822905452628,0.8038528398731817,0.8836136709029725,881
0.10571706788023515,0.1145786024511455,0.08148920090486102,0.08927688988566104,0.00017334240410612272,0.0001335674193309161,0.0012774933631984915,0.002192702893876698,0.0001517578158256803,0.28837634876015866,0.5516713933806507,0.38161492338337133,882
0.060179915498853556,0.09955613063757746,0.13054879227328386,0.03170217953101054,0.00014936283801433539,0.00013003812038957075,0.0005849786500228439,0.004516569244343195,0.00022315196069189387,0.17706925441342825,1.145291884911722,0.4086490459456279,883
0.045465842696801366,0.04695612348819192,0.1533521996906405,0.08067274383196421,0.00011552884310897979,0.00020261106110065416,0.0007085147641292333,0.0031859415009208424,0.00030425367381099104,0.192855356843891,0.4017324806787486,0.6695107240774651,884
0.11286479478126951,0.08196938633344004,0.13158477203387806,0.09768942462029853,0.00011258886928172267,0.00011541714294671777,0.0005387527124142342,0.00585811451187164,0.00017715907525988337,0.13953812305707158,0.8377392769845666,0.3194318730786646,885
0.06130858082964996,0.03199631528934281,0.06801377616091499,0.04798145970336036,7.459744341934464e-05,0.00038127164348270416,0.0010907627830395556,0.0057657735182034455,0.0005153495628748652,0.09796940222405373,0.5340623734289335,0.31237981775209583,886
0.07187938608345365,0.044508874391366186,0.15754979444391218,0.08695299930480127,0.00015303029219173984,0.00010826653991711209,0.001391336719662223,0.004111928678062661,0.00033103060464032095,0.17578930670650467,0.46327541103579906,0.5789889142479787,887
0.09121988176876282,0.080557671436323,0.08136164380376182,0.05737847272096854,8.629383138054661e-05,0.00010576895455718635,0.0008318506677661875,0.005984219197459664,0.0004537730514144209,0.2627463280318555,0.9884691757236032,0.8193872169074568,888
0.11098835323550058,0.10699396492973733,0.09296982646694492,0.08177324412933021,0.00013966754682026225,0.00016861327341494245,0.0011959240687254916,0.002456932822823705,0.00038334975220911916,0.08347406647419407,0.7274494174424593,0.891432616181683,889
0.03468859176911307,0.04718771861377832,0.04964779896873725,0.06903538838794311,5.876125302005266e-05,0.0001210058123666126,0.0004639015607140253,0.0034819284549722335,0.00044654638771266365,0.2852938342026707,0.5863356562339215,0.5334557387951904,890
0.1087624335533814,0.06039259129272398,0.0891383414646253,0.04029058687950739,7.513522127609274e-05,0.00014535383697173582,0.0007506274311536666,0.005675898466761873,0.00016120685173567014,0.20338255460458166,1.12527359402044,0.7491981845259916,891
0.041491103470801254,0.05785564956603077,0.06425983470911106,0.03847148688803201,9.841557713211591e-05,0.0003232414367243668,0.0007385409967243426,0.0017430269602024477,0.00021427304571451072,0.20581373808085351,0.8486698466783235,0.3186571014000798,892
0.0458876181238487,0.06690444241190063,0.07281654232521614,0.0303562493031986,0.00014242385449659526,0.00015248567381021102,0.0013623755779186317,0.0038371012134867733,0.0004206422622312974,0.2998678886731423,0.7918304498005357,0.4524587174152887,893
0.0474978949531942,0.11825373041944356,0.14310123869743266,0.09134223981969128,0.0001226832761389977,0.0001295339120966532,0.001480878096982982,0.001622134477865125,0.00027449376532889683,0.1693899750041597,0.567245804771456,0.8282090791730898,894
0.03697803413067669,0.03413173533563718,0.13871790182249008,0.04742936115660517,0.0001354115421278804,0.00012635138700730963,0.001597514337534232,0.005578647027847385,0.00041724515596232845,0.2014697888207142,0.881797373841366,0.6793022349115488,895
0.07645356299455815,0.08502289916687014,0.07088449260183444,0.07354638350690029,9.886176793115833e-05,0.00011201148250334459,0.0004284916143841588,0.005452735518585109,0.000159377525850803,0.17030232123351338,0.5614357858814684,0.7429437442020697,896
0.07937178433874495,0.036804959733171265,0.06624487124766382,0.03538938707057582,0.0001810130911770553,0.0003802540975924924,0.000599210285485312,0.003200818720010153,0.00040396502314075195,0.11252827694457429,0.829564860238097,0.44678869253275505,897
0.100309398747917,0.051711277552945446,0.12157489674214134,0.06069207987277707,0.00017106751530719143,0.00023066945548036753,0.0015443510757168725,0.004847993689536275,0.00039208917589727654,0.12349714027767869,0.6693372779698973,0.3931699350008611,898
0.11987053440534119,0.08549321512817276,0.09886078171375656,0.09121754062980669,7.713547171168504e-05,0.00025979318161600037,0.001297578044627674,0.0033539370992509633,0.0001501372300486526,0.1303139496623173,0.6397663115418162,0.611012190637517,899
0.10715284937297302,0.07682526197020163,0.057520289594842317,0.07780482456511445,0.00017972797856287978,0.00022302839803469066,0.0004303045462462523,0.004230207735326759,0.00036032539691856696,0.09212955164187606,0.5356527485384216,0.5625761232718162,900
0.10812703325627873,0.06373345536448694,0.12117202497458363,0.02623799524112351,9.516233929689285e-05,0.00025297597342917647,0.0011044627367798065,0.005075996531264984,0.00036628441474408503,0.13598219116448784,0.4737966541103071,0.835989610785411,901
0.03669040140620164,0.08030562823766035,0.11302566907971723,0.03954730265861771,6.860676004844348e-05,0.0001738829622284518,0.0008146383297271514,0.002696836348373892,0.0005629121173633677,0.15532196120661435,0.9806778514086856,0.6137929811244909,902
0.06815085495527481,0.07840333670687644,0.06511846305478376,0.06016562884170737,0.0001752050676485581,0.00013764718434389396,0.0006259338330464234,0.0018853870684444464,0.00019241416547496022,0.24558614166688247,1.199296595083267,0.6907522414485074,903
0.11150203714867646,0.032884378607033166,0.1541014472720395,0.097537943882987,0.0001526092502358935,0.00020666192654969276,0.0011819167994916117,0.0027612765104530587,0.00046353936121681124,0.13533615313528563,0.8663161659971464,0.7715274361487403,904
0.0826997818332162,0.09102962855819494,0.06111108211997372,0.0883755665296603,0.00015799442316848935,0.00010872771385435617,0.0011123493052734885,0.004075897290967596,0.0004939907714950065,0.2978652898783557,1.0714857282907433,0.8592207191097376,905
0.07861380500016349,0.06609965543601037,0.1285560086514124,0.07962776415880948,7.791818530765044e-05,0.00017901940640920147,0.0011300727311117495,0.0019844370662168123,0.00021338147335657736,0.2081300810960373,0.4100668684655892,0.7210106313010308,906
0.1182909320744915,0.10148387144169907,0.07232364380248266,0.0865154399655205,8.204199885538069e-05,0.0003485547750801338,0.0015787117010777033,0.002120058832372567,0.000553876098687292,0.26723495484859827,0.5464728560560612,0.5294540780808479,907
0.09369551343092439,0.1028736434051192,0.10991433758377955,0.09229533499950321,7.650933660380667e-05,0.00011806440105977304,0.0005892795293157363,0.004634237727138223,0.00043634660800208325,0.16834146893414614,1.1925535380302092,0.3369671871323361,908
0.10652660191682112,0.0556082249684277,0.07474650114290196,0.028862255445825196,0.00011441347778260566,0.00027427180474792274,0.000834442357152372,0.0018048559551513273,0.00038983608451299346,0.27421076991373117,0.6135886460265628,0.4845646919997172,909
0.0863217715781329,0.10145099871150688,0.04654422834483059,0.07094623410523712,8.218496223422973e-05,0.0003433250472877874,0.0009844980052456725,0.002140822479389085,0.00017136171034484967,0.11537628490415118,1.0468104105339355,0.8122537079460248,910
0.11089877630238788,0.1022296844202952,0.13532010978812503,0.045766314939303304,0.0001759910096042204,0.00027333535055342416,0.0015074972726863902,0.005779215981241348,0.0003158221274197099,0.2608763732854111,1.182414661283131,0.867529552149445,911
0.05740831162044011,0.11592436711611363,0.05976127023588623,0.08162657724057312,7.97684636264446e-05,0.0003662183779988412,0.0007306384493930163,0.002630553476996836,0.00029567117871314157,0.10935614872210664,0.42863656560672775,0.7275738897819257,912
0.11590140603283065,0.038936826697021275,0.11582637222395767,0.03395604538384532,0.00015678928840851255,0.00020374107456880462,0.001064792180621343,0.0019578519841401596,0.00031853002541376834,0.09380339944317824,0.49624646010282314,0.6197120143670869,913
0.09851977426430479,0.10262615160057853,0.1113735627454489,0.05209096879525091,0.0001891028072925404,0.00011833012493835231,0.0009383468958319196,0.0047010063942551274,0.0004413307267929276,0.15502359667126353,0.6737198528894806,0.7303749881893566,914
0.06736794266005122,0.03986981892503302,0.07458339916019747,0.0684109030283947,0.00016960627434286165,0.00030998214696476917,0.0008441967081491929,0.004489607543253722,0.00038659032607423675,0.25660939797529947,0.6474093560573314,0.769178560103921,915
0.057344919461214935,0.030413977104122022,0.15470244946421055,0.055405886158565565,0.00016200559490603243,0.00034731781470811405,0.0008586252311429941,0.0029372013229944345,0.0005031564505660112,0.19115026314454486,0.633956188012548,0.8858164729721916,916
0.03935540584898655,0.09213913306483436,0.08442482088383352,0.09021606971996463,0.0001180213846759085,0.0001397712588785905,0.0010849052682689025,0.00382864680431241,0.00035715255702739037,0.15603629498225394,0.5951086145373863,0.43067527312028375,917
0.07993514077689429,0.09048445973414965,0.12444647890504881,0.03151488335009823,0.00015195387430443167,0.0001657304536268876,0.0015917422836966642,0.004071903781493827,0.00045718995081631933,0.14166779693658194,0.6271108068987241,0.5803753698918163,918
0.05067733373830041,0.08166494142987299,0.08246023879984021,0.07109508829830748,0.00010736304153647548,0.0003059065078156346,0.00046108758350474143,0.004231577810113611,0.0005103568789480462,0.2772201626337578,0.9868997933014911,0.6387385692484738,919
0.054749971565461006,0.03754716763724933,0.049273620354356694,0.06778131515734491,0.0001314322866701946,0.0003437471853427685,0.000668542091626231,0.005269599671115458,0.0003066402735080202,0.18357547642747354,1.0822637146458274,0.34253694730379625,920
0.0955057657142253,0.10671269194355819,0.07365708883143236,0.07767094377971907,6.3116236584382e-05,0.00033997259002922265,0.0013182310361887467,0.002537252165242818,0.0002755190353635278,0.26395225126718197,0.743173835090456,0.6303202037687317,921
0.03184207005886875,0.11921310236137805,0.09040511233534068,0.02897068658159476,0.0001427325036577816,0.0001380070658568799,0.0010231918804112208,0.00422509780364215,0.000572304164078103,0.13112005442568078,0.7300982984556807,0.8935212403264081,922
0.06111248686521672,0.041813651851745674,0.09259739153195505,0.04661044181164966,0.00013585046466066197,0.00014570636239317187,0.0008065179578256147,0.004978230419291584,0.0005134007348024804,0.1460519478003545,0.9729515972769924,0.612813822969823,923
0.10628911236238112,0.10721531537691024,0.15211685671960182,0.07856891338954682,0.00019935964396168473,0.0003210912734875413,0.00046331757895263966,0.0028744772840327403,0.00026658715119030104,0.23027406530119993,0.4849859010724478,0.5318547357464698,924
0.042218143332634774,0.032581804516110015,0.06557283185348936,0.02608570754204864,0.00019253707079769827,0.00022278541743117912,0.0008976897897990132,0.005567329949366597,0.0005560258719694919,0.2576830013360279,0.8852784823707134,0.7733940690189725,925
0.06710211982711897,0.08127718694605351,0.05112482090177754,0.05352741325910476,0.00015380458301920573,0.00034629728328793534,0.0005375923787884287,0.003179944932737975,0.0004706877843007676,0.26556428793662296,1.177488645758776,0.4664854633006017,926
0.06618801149779102,0.08912247882567623,0.11551058109234466,0.07012829298012699,0.00012352797197042058,0.00027169443851769785,0.0013390964193907102,0.0036899827072209026,0.0003072598838086731,0.18378139706698707,0.5695158583165785,0.7324675067157123,927
0.05891881652602946,0.030358484353033604,0.076873289570144,0.06373416398872986,9.217125542012358e-05,0.00015586654008169587,0.0005788542009795392,0.005903034989366014,0.0005902021655104912,0.2347724289803974,1.167543050403561,0.8735794308541378,928
0.09446286695670111,0.04747409783382706,0.1377373169700202,0.04392230240067946,0.00017474843452245,0.00037768586142191595,0.001170445454815662,0.004346595374384322,0.0002704985553763928,0.1982600730813407,0.9901647803640525,0.3566232833242592,929
0.08188238540182234,0.09620210842239713,0.05153439842577823,0.08922933903929067,0.00010695289514728693,0.00036729819494271107,0.0015149068431809254,0.001526470892014915,0.00038808784285855494,0.15221317578874358,0.9633336266262222,0.6057290121140679,930
0.085890180327719,0.09798081309330722,0.046254358706097995,0.09905354198758609,0.00014078817914104443,0.00017790384099524594,0.0004984457837229012,0.0019349779152603654,0.0003959917210734665,0.28057082266566263,0.5830794025125198,0.7985146057266065,931
0.10937426187910067,0.08923623701993855,0.15426919095880653,0.0938128357469856,7.439221967327236e-05,0.0003632416341003469,0.0012945171365019799,0.004788880799453502,0.00019781224093620974,0.19148807463058176,0.9509243902835264,0.7571528305829289,932
0.07874612101983502,0.06353606165372055,0.1170764374899664,0.03240832263905234,0.00014791717169524167,0.00018351031120690162,0.0012841889434010495,0.005357594202607013,0.00040751916420109604,0.29277566331276067,0.7769333184005888,0.5382507214317303,933
0.07722469528506565,0.0951814085904065,0.1368214249524125,0.06494563111488467,0.00011950389885234075,0.00020894230295215928,0.0013474831915638657,0.0056985293590757265,0.0003085410155763089,0.1613974176284165,0.6104144646558474,0.3396715302489046,934
0.09961452346789362,0.08853002563067483,0.06610684911656148,0.03617302908312308,0.00019768812682006558,0.00026822872347336864,0.0014291864160576938,0.0034522374076320977,0.0004878099906466952,0.25563888048477323,0.42704866034761185,0.5021595758969765,935
0.11002426645226011,0.10393840161841232,0.10892922168153682,0.02903326067908463,0.00012950173106127631,0.00022933048058023395,0.0005322269639205863,0.0034789206477547734,0.00016882373546076116,0.22444366753475464,0.9459447046849525,0.7158179144421011,936
0.08659380384913207,0.04287623493714744,0.10756093579914897,0.08552207482259855,0.00014263022908504662,0.0001273551202945524,0.0007453070497594712,0.0020346586931307828,0.00028299285268395825,0.2920762347263612,0.8320229918691213,0.4317400682318734,937
0.08668535796924093,0.0720482860705518,0.08968589575302842,0.04991016708706512,0.00019650562337283605,0.00013278463501632023,0.0008015300791013764,0.0022299379448486915,0.00020656893854124154,0.1554279547455109,1.1758033611088967,0.44094036377930834,938
0.04553666778536744,0.10253669009794864,0.14080419201421313,0.07287305231288041,0.00019353601977231086,0.0003763325270358482,0.0008165407484352198,0.0056844679340894815,0.00027562665972765234,0.2446287511456548,1.0329918895291628,0.4715463481276058,939
0.08624334692428648,0.11580431600134877,0.04567812654144275,0.03824049950993037,0.00010770815112807702,0.00038430850567215186,0.0007456756580470101,0.00431017588338937,0.00031884956288398515,0.21518981476218646,1.1733611029324058,0.5423626154372961,940
0.035624894213418815,0.06104988468450351,0.1354394511263709,0.0348730226287168,0.00016848165084547436,0.00026527506269949906,0.0005632485978717859,0.002846076153873468,0.00016932749328384505,0.23944556403798872,1.0326044304807218,0.3063920480986797,941
0.07230008810125473,0.10296737835351788,0.04851813708929605,0.028430265866440665,7.416812849860996e-05,0.00011421666854510876,0.001569192541527635,0.00304496684774809,0.0005530741523477425,0.12770527742162607,1.1334295324613062,0.566530571756269,942
0.06487346523513166,0.10116940943026716,0.07918168190754497,0.08585515757371741,9.585159933799221e-05,0.00039739554333993363,0.00043817173631503607,0.0027113466839449457,0.00032043074443461857,0.13785074642084058,0.5979728852100499,0.7956412955963102,943
0.06502212585980693,0.06502648467559269,0.05219749768436395,0.07441205010651654,8.991315902852718e-05,0.00033899770747247693,0.0007206474230062572,0.0051245755850989234,0.00018253873173953625,0.20422092511587492,1.038918776777974,0.8532495969587022,944
0.032835812782123004,0.035626502507005664,0.14704526064572462,0.09108302212937178,0.00016828148087220986,0.00029700206123824515,0.0015225659246484251,0.004819893161063068,0.0004906783853035938,0.23071923045859688,0.5378547038696175,0.30391637283623973,945
0.04117610696008072,0.048317874645036896,0.0960633066429218,0.0397901373665558,0.00013172456202434316,0.00021033706338838542,0.0006857614952155875,0.003704444128513352,0.00029528204019770927,0.18919877301972482,0.8564392720091618,0.8639617615164044,946
0.070612224271378,0.06778764398990797,0.05277472669207237,0.06630534127480348,0.0001242884080451711,0.00033507034765928756,0.0005709775683190528,0.002931020721348489,0.0004957226619666913,0.2839033718476236,1.0796863590030406,0.3691383531584599,947
0.08968717775383822,0.031929945252974316,0.14754642111989125,0.06118708231347644,5.0725037228476676e-05,0.00018833229289363582,0.001257396926214261,0.0032284720238129694,0.0004383306493519999,0.12834305595719164,0.6889017610675177,0.8768608568335003,948
0.10350557249325301,0.04626830044370619,0.05585709578041128,0.04380266671309265,0.00012471839913653977,0.00031107982275129604,0.00048452305415699665,0.004593533058319326,0.0004043480549644297,0.26293405714986734,0.6290627063519675,0.5866555362581414,949
0.06831277339528621,0.06671192598969286,0.05080238681194471,0.05231737806931847,0.00011483907785924354,0.00018652594874324395,0.0012172487189762448,0.002917331235063032,0.0004387117574988353,0.10133243127615808,0.7658434095729028,0.4960593690336347,950
0.09720025603452441,0.11885442253502096,0.062020081578004996,0.0838055066311654,0.00012631755723723387,0.00010052511414947468,0.0004013621541712284,0.0021969536856015328,0.00015252868750898851,0.28444328343766734,1.1856904275822473,0.3070674768416081,951
0.031664587880322656,0.10521506522446396,0.06635844060543705,0.07146181197035681,0.0001986441443208199,0.00036444860053371576,0.0005115696347215326,0.0026374206172882736,0.00033587213164015556,0.13174309717920948,0.6114027984090862,0.8278079154300673,952
0.10303739155994522,0.09504189775353819,0.09402673741820854,0.07250956294810507,0.0001608356586020196,0.00035766760552232823,0.0005419651489143798,0.004428788565211651,0.00017005826287168935,0.13757038966913934,0.6834881927187004,0.3717168473691547,953
0.07426402615144856,0.10264798393263469,0.12314623572936012,0.09705264161725,0.00016933551007027815,0.00031487980833852503,0.0014019360043808348,0.002084624693632049,0.00021620118852785575,0.24880454547473307,0.5418040708231162,0.7683089329434717,954
0.0571563058302156,0.036737402824118956,0.1273481318053622,0.04035986674184599,5.443462824326313e-05,0.00017487746835121842,0.0013764814058902877,0.004020089178643079,0.00040974712193006177,0.17384714942454604,0.41988397393472215,0.8142471850073225,955
0.031745539888806414,0.1023120947629418,0.07349907680386916,0.06942892224521421,0.00015033597079429733,0.00039169201069024195,0.0004738917094206992,0.0035595791588398807,0.00023739151216159272,0.13492754354990869,0.8592984720603746,0.3959814285494617,956
0.0364463240139578,0.046185911137095643,0.11484700955829769,0.0784973491517708,0.00017733022261520766,0.00018444729081997736,0.0014092471307095848,0.0017664016300095945,0.0004000899669493594,0.16455815913533456,0.9253383471614819,0.6365714158246067,957
0.10189048738366974,0.11601769024921453,0.08435804800440946,0.09801874416619219,8.6480968201881e-05,0.0002843507025187522,0.0012315498528321833,0.0021686296005653917,0.0002474206834010246,0.24234511148134896,0.47566698360582954,0.5326831729106591,958
0.08376575282350453,0.054191173672537146,0.06672483026104656,0.05603541034723317,0.000161326108376799,0.0003936637219292964,0.0013984998600695157,0.005741924225134639,0.00034288620475311045,0.21835975817527775,1.0290722566720625,0.6617300528187537,959
0.09046770061662263,0.0836390425166544,0.0888736507681088,0.03382004514945884,8.048697455988612e-05,0.0003095108687506269,0.0006721087228042948,0.00257363291331231,0.0004600966436875836,0.23356771361745976,0.9100787006706845,0.8776276222979735,960
0.10290985862351477,0.05744593152695324,0.15097886214688797,0.06060108016775707,0.0001537187491035563,0.00027078884721812134,0.0014919772161347668,0.004735200746241154,0.0005471417212945664,0.1595551372388379,1.0594654928981126,0.4881736916565464,961
0.06907321287816545,0.0353771634421457,0.14565842040124335,0.038755921286248246,0.00018290626295795458,0.0001364713558087535,0.000821563670552916,0.005186109618416648,0.00042893053120402424,0.24677704340363754,0.8530327494357934,0.4506384814812199,962
0.03741260122589079,0.08231864469662767,0.04196593226448508,0.06451961629183019,6.288320458678012e-05,0.0002902764659406582,0.0015394527118758436,0.004875268967999072,0.0004994020502873235,0.1606983058563451,0.6191914837286686,0.8155412367696333,963
0.08229245271637375,0.07510786783086261,0.060514413505934075,0.08882526809420699,8.985175149191601e-05,0.00018741624549765984,0.0008897935042796086,0.003291554632848727,0.0003342186621093505,0.11865294028018555,0.424277180390492,0.6882457919438763,964
0.11755957252536037,0.06528063876313703,0.12526106404204637,0.05189679285734661,8.856039131751082e-05,0.00015685528274939154,0.0015302682463598255,0.0032832343649223713,0.000353348890409225,0.11282486611484337,0.8632076782429479,0.40640605497514,965
0.06573239042554288,0.034866767986030944,0.11986771285856224,0.041640067937264894,0.0001725539370096645,0.0003690484188887567,0.0005908070729968765,0.005007764313811667,0.00028974752085911536,0.13381967729257033,0.824281788150353,0.8681312771640912,966
0.054838734692267875,0.06434792365624217,0.09174861806566717,0.07602632179333013,6.577176164438618e-05,0.00010423925539356383,0.0011578256666504646,0.0034738486928967997,0.0004519798182868087,0.20298432981910314,0.4046167783825779,0.6468934135837077,967
0.04722815548054221,0.051851741683892366,0.08181635691008297,0.07831878839467957,7.740482947449807e-05,0.0002442468550328942,0.0011663235582145776,0.005084090157114638,0.00022177416920206435,0.1878186795576991,0.7148644850870899,0.5631280645363941,968
0.06747757479869795,0.04443427007229857,0.14841405644065786,0.05005179587632022,0.00015581396946313754,0.00020725877758302785,0.0012188969805356103,0.002774663834357592,0.00033875367141110197,0.20559864916450316,0.7730356323746637,0.34824924790656264,969
0.03876079408552426,0.09924679277087169,0.05198212434668223,0.08768162611738575,8.788049087312667e-05,0.000346820584323211,0.0013650349515210525,0.0019273420513090328,0.0004974236254344971,0.13418320435974335,0.4914299214750442,0.8354435457583567,970
0.11340216689927526,0.10404596905491868,0.12489856110497932,0.0652362792489381,0.00011361273748930261,0.00033264728240414395,0.0006418599549756028,0.0017341853603434682,0.00030114539346887104,0.14768468414597213,0.5700308471519301,0.5770357761369258,971
0.0856801879515165,0.07658219238518821,0.1502215032957616,0.03142225445409098,0.00013243358717738936,0.00024831550694112133,0.001166990480333797,0.0037307139514304137,0.00036560439508112586,0.11479490006974286,0.7108553660586505,0.4398452894106919,972
0.07529054420988432,0.03262314510862899,0.13724144578946276,0.049396385463981535,0.00010963532518649223,0.00010345567507399897,0.0009803572625664153,0.0020540137730205767,0.00038269874446525523,0.29895969376343023,0.5314288325319289,0.45529759096524564,973
0.07288037099371325,0.09153047224220767,0.1582306899446798,0.03153909639722108,0.00013934688133124867,0.0003190817067293296,0.0010387048835051932,0.0029246518437746304,0.0005157913718555229,0.2316543790194437,0.5405688524897774,0.7105273665577094,974
0.07501792995818768,0.07468698324724862,0.059070144946533565,0.07593982752235008,0.00011733076894296016,0.0001291085410863526,0.0004728815861230165,0.002697623853871294,0.00037767969302957244,0.26431411914442837,0.8040859021515038,0.35826841014384,975
0.05531812639376864,0.10950206288566693,0.05309321751651414,0.09489965787944005,7.384353117567496e-05,0.0003213946147400836,0.001478872840110413,0.003899077217317039,0.0003938479226833357,0.2096902400332708,0.49725546890081973,0.37221523633778497,976
0.09583762707775627,0.06997777682465027,0.1385211515916882,0.054155679177107424,0.00016754554144189987,0.0002424203402393324,0.0014334934829383352,0.005030839135166126,0.0003025969475147623,0.09289985941311336,0.676524070266096,0.7087876361726155,977
0.09021653094741648,0.046458914382299876,0.06223354049302185,0.03970922635357849,6.212381675511073e-05,0.0003635029139230784,0.0010953385264833838,0.005990414750205841,0.00022859911013118722,0.29056024001179337,0.7676211338347994,0.7026389411426985,978
0.05934791946141979,0.059364218461093035,0.060609310423824475,0.05923396459574266,0.00013776691995535101,0.000171413319778889,0.0009309897197904418,0.0033922128757824313,0.0004696114467913125,0.1543644739466489,0.8218522677665037,0.6120384778754511,979
0.09682549696093262,0.11873122416607623,0.10781403617798305,0.05857710174187217,0.00014597299683489159,0.00010943018104895582,0.0012503996448292273,0.0030056867417242675,0.00042496099690717123,0.2878108022718033,0.9078821039151936,0.5147070074863149,980
0.032216739879288914,0.09583305343458956,0.10641094586670377,0.03931763383675744,0.00010917393958246373,0.00022245433908986211,0.0009006151501328107,0.0038802596263164406,0.0002634898754835149,0.15023936067174395,0.41916445583399,0.45855055343389545,981
0.06696594038457379,0.0719658174314097,0.15117152571853076,0.05407186844859688,0.00013807718644836037,0.00026933878176282634,0.0007073064658449867,0.0019455814896795294,0.00031265302601895796,0.17205587509006975,1.0187624302256446,0.8921447006874113,982
0.07690638133039979,0.05381795713152414,0.13957557618591027,0.09539129868061849,0.0001332387278839801,0.00026430032212346394,0.0015536086402633245,0.003547481469100715,0.00018670334601920312,0.28409499476430605,0.6814773131238216,0.7873027768476641,983
0.09799870118549305,0.041751303892862156,0.13409065395400527,0.08360142435877935,0.00010624177746933032,0.00039006790207762773,0.0013971925976389338,0.003362474176633867,0.00040270900565973723,0.21427905249457857,0.9996726268314109,0.8728139490588753,984
0.07476947889531248,0.07226969475706695,0.09957888338797621,0.09974978677543317,0.0001485536484780064,0.0002574024602159824,0.0014536219880630912,0.005237588551952416,0.0003001592409597086,0.21418350085871118,0.7664703754403903,0.48686953322727566,985
0.09342487394995,0.08877110222877593,0.1597681600624889,0.05571274437025414,0.0001804288827997537,0.00012583009459784408,0.001468831620067218,0.004465673975655283,0.00023634771062511862,0.2778495875449429,0.893638974877303,0.7585641516063282,986
0.10173046990271921,0.07351530368949177,0.10979333839421682,0.08281004009077883,0.00015006802230968917,0.0003031160275069476,0.0012000887971332648,0.0018511001409334863,0.00036174115920073057,0.23268522714900763,0.5293685718037788,0.6288583280152124,987
0.11942853101202851,0.08559330507130089,0.13801550064184268,0.08916110059240742,0.00018160139887695998,0.00019238848910591055,0.0011902099656150662,0.0017753930174340949,0.00037861964047975285,0.1408671518946163,0.6624913536631595,0.32217281509395496,988
0.059141888224089244,0.053109294423990136,0.1202052255491872,0.07565683369590925,0.0001222800729250405,0.0002493116479904319,0.00040533059126088793,0.003747624807794094,0.0003516290619474035,0.17006813405118248,1.1781407371442558,0.8256312216360806,989
0.03594013972498664,0.03594076273243159,0.08304581619753765,0.06861309891627426,0.00016205881424753973,0.00027437858626497866,0.0008652983466665628,0.004496245186154695,0.00018486395198720712,0.12538555237177318,1.1720534102626758,0.8753281106200503,990
0.0775333784603528,0.039687619382635375,0.08525457681610285,0.048442660792165144,0.00010186994519358935,0.00015784075238489724,0.0009811143707925522,0.0038984275748726706,0.0005224438198096632,0.22343656513734927,1.1660310111554795,0.6255520343298318,991
0.11827300472497453,0.035088793558367304,0.10254597366885901,0.03789592615111076,0.00010275547073948873,0.0002476774832121069,0.001265561169647634,0.005717819760652779,0.0003683238330838235,0.21875012513316205,0.8372449564314435,0.36436684384852347,992
0.09358092843078095,0.035897547907031174,0.110383154497881,0.047878161326429844,0.00018488990904503888,0.00010718592000073,0.0012062582947993986,0.0030412202184850225,0.0004887874385631691,0.1943603969612464,0.7567336039088903,0.7795303917706656,993
0.05387638030909013,0.044013857064633975,0.13902531058294576,0.05980252098650572,0.0001704616314794058,0.00028295439777241757,0.0011653509241953922,0.005871009279160858,0.00020826517860652617,0.07789873013616043,1.0648231550857505,0.41169544425928317,994
0.10240187836843109,0.03927085181405539,0.0635309025071419,0.08408704664282846,0.0001553031651841089,0.00015331124417440056,0.001274279031154452,0.005204484245539748,0.00043797556095891957,0.20011227276800309,0.6529488051994158,0.8484181298056479,995
0.04692671283994511,0.035464022184333935,0.0980314671912069,0.03374094502959371,0.00018034964032000587,0.00030799369464601595,0.0007851990212243741,0.0058051681036866455,0.0005714454334633071,0.07900894260337409,1.0665674898590867,0.6824591719891471,996
0.060278177330194666,0.05865437809069139,0.10954046103371082,0.0967294812235551,0.00017935697151383017,0.0003291349615686472,0.0014954317818664134,0.0034555419765723663,0.00027919058915705275,0.2311528334428667,0.8664444552046535,0.7896114669099714,997
0.10747348818957173,0.04807455532350847,0.09286757193401979,0.045416469333137054,0.00014733545136477098,0.00026748353133187157,0.0013571835575057049,0.003668263292311013,0.00029854022973423264,0.10207112803476488,0.6168972555661716,0.8579155266755805,998
0.04805286805671302,0.0435166466291913,0.063363386331371,0.03205143621211002,0.00013328122709997258,0.00035480317691194207,0.0013303544727878344,0.002238443053519631,0.00025240252085355716,0.08601453067765819,0.7682073894258516,0.7395320397960563,999
