row_type,model_id,time_s,bin_width_s,n_realizations,fast_norm_mean,fast_norm_ci_low,fast_norm_ci_high,slow_norm_mean,slow_norm_ci_low,slow_norm_ci_high,combined_norm_mean,combined_norm_ci_low,combined_norm_ci_high,window
timecourse,A_full_canonical,0.0,0.1,30,0.0002717270300320156,0.00023290677455555455,0.0003133068582245001,2.8142455526746856e-05,2.3946120553826542e-05,3.25741164862254e-05,0.0002998579718432899,0.00025653157647705,0.00034602126972041767,
timecourse,A_full_canonical,0.1,0.1,30,0.0008752074665172364,0.0007882622784006479,0.0009645760154692505,9.748451316353539e-05,8.760680594193319e-05,0.0001079877165885096,0.0009726697745393996,0.0008733495056706958,0.0010721746338234828,
timecourse,A_full_canonical,0.2,0.1,30,0.001469289179177205,0.0013833507465148415,0.0015542284052481217,0.00017880093521172675,0.00016788395531995256,0.000189977377093735,0.0016480315172059687,0.0015463892855851638,0.0017441830592148139,
timecourse,A_full_canonical,0.3,0.1,30,0.0020071341131417853,0.001902581482364278,0.00211137463012,0.0002648778252050913,0.0002523700811129153,0.0002769867903173831,0.002271836669316682,0.0021556131288439327,0.0023875686024137873,
timecourse,A_full_canonical,0.4,0.1,30,0.0023829218924286797,0.0022809708744363734,0.002486388506691712,0.00034406346139584105,0.0003307346651003317,0.0003578902513149014,0.0027265922102664548,0.002606695645722448,0.0028424575439866123,
timecourse,A_full_canonical,0.5,0.1,30,0.0026215332079653707,0.0024286023706826046,0.002865269859320564,0.0004119274923309069,0.0003884490019259163,0.00044074271620000023,0.0030320810461189965,0.002815918300082204,0.0033041899166266347,
timecourse,A_full_canonical,0.6,0.1,30,0.002767605040841192,0.0023792471453967933,0.003278506679849074,0.00047393344692735716,0.0004309623416869239,0.0005315538118949054,0.0032396298652493413,0.0028142287580957665,0.0038245994974106003,
timecourse,A_full_canonical,0.7000000000000001,0.1,30,0.0023811342382277084,0.001979277443835822,0.002897244436384124,0.0004850972860980201,0.0004346687073293484,0.0005543521127983172,0.0028638181894130384,0.002415262679969867,0.0034436568288582978,
timecourse,A_full_canonical,0.8,0.1,30,0.0016129910922909716,0.0012681293730011647,0.002060011428670561,0.0004426426837112759,0.00039037055593088864,0.0005115699583621771,0.0020430216571867385,0.0016421519806547942,0.0025593133669483655,
timecourse,A_full_canonical,0.9,0.1,30,0.001268162855268234,0.0009112653636133643,0.0017159509907344332,0.0004075783881527993,0.0003473159965566485,0.00048437685405819446,0.0016084445894100807,0.0011826680485023827,0.0021335581177513037,
timecourse,A_full_canonical,1.0,0.1,30,0.001529531211402372,0.0011337585215653798,0.002006921371974248,0.00037829308494883635,0.0003029870696577688,0.0004643810685384278,0.0017441855375845215,0.0012480010409067395,0.0023326786665562858,
timecourse,A_full_canonical,1.1,0.1,30,0.0019625633085865223,0.0016370163309931828,0.0023353975081353623,0.00033020884839664414,0.0002485004683161791,0.000424202831166956,0.0021163968154401026,0.0017174125492315216,0.0025759094759514704,
timecourse,A_full_canonical,1.2,0.1,30,0.0024795138557130317,0.0021255256866292037,0.002911679645157954,0.00032870546978906354,0.0002580610763334588,0.00040877039852753186,0.0026604040385727,0.0022598941006461816,0.0031428889373777027,
timecourse,A_full_canonical,1.3,0.1,30,0.003043938623396424,0.0025301747489445098,0.003630238883645472,0.0003681831735678732,0.0002991823652926022,0.0004458953640164859,0.0033026463439066954,0.002754481448661504,0.003954254410175171,
timecourse,A_full_canonical,1.4000000000000001,0.1,30,0.003297112743355069,0.002728208773193065,0.003885719974731828,0.0003948829948763255,0.0003284259622852244,0.0004768668797900623,0.0036012741276965628,0.002979928571662287,0.004242368599646822,
timecourse,A_full_canonical,1.5,0.1,30,0.0034057506997496765,0.002828347356509569,0.003990400581982233,0.0004293854692304445,0.0003521309659214199,0.0005224290888950542,0.003730693754104224,0.0030404035893200378,0.00441570574597694,
timecourse,A_full_canonical,1.6,0.1,30,0.0032513934792120828,0.0027248354994453415,0.003814966714095024,0.0004580496260151316,0.0003692084820881946,0.0005623154120382442,0.003609243174485082,0.002965498134719782,0.0042872000572256284,
timecourse,A_full_canonical,1.7,0.1,30,0.0030843947370681113,0.0026052162526001735,0.0035886163953297192,0.00048205998525464557,0.00038128664532124186,0.000596156347889846,0.00348584065267914,0.002898038513797014,0.004111144374917196,
timecourse,A_full_canonical,1.8,0.1,30,0.00277696661038403,0.002353517936895906,0.003213308909823805,0.0004894472768013321,0.00038200133297656557,0.0006077942526575237,0.0031981258896952368,0.0026596734130274195,0.0037528758794157673,
timecourse,A_full_canonical,1.9000000000000001,0.1,30,0.0023568686094985357,0.0019934329615751986,0.0027482511006555604,0.0004892438462168517,0.00038042671117988815,0.0006145142541662988,0.0027798590726104597,0.002319564462961618,0.003295988808249961,
timecourse,A_full_canonical,2.0,0.1,30,0.0019962325393573285,0.001683525102407366,0.0023424635755632446,0.0004909993481902251,0.00038385554069218856,0.0006134714872580063,0.0024243070093323596,0.0020187727367396656,0.002867598793986078,
timecourse,A_full_canonical,2.1,0.1,30,0.0017640223392223027,0.0014872315494447788,0.0020652492636755323,0.0005019614561325959,0.00039453829646051797,0.0006224162768788514,0.002210331695526334,0.0018352077606086496,0.002620321528218848,
timecourse,A_full_canonical,2.2,0.1,30,0.0015815542685552592,0.001313892047557965,0.0018655764572520054,0.000512256738048108,0.0004028006326852987,0.000634333502849295,0.002036089320323581,0.0016777055134529662,0.002425459956643797,
timecourse,A_full_canonical,2.3000000000000003,0.1,30,0.001469014781966932,0.001244704471052983,0.0017012159441942296,0.0005170066580629177,0.00041090609587954416,0.0006364121717883616,0.0019336424977253633,0.0016315123699737711,0.0022537559796803604,
timecourse,A_full_canonical,2.4,0.1,30,0.001381470434304806,0.0011825284212478627,0.001593218263442855,0.0005252827924937573,0.00041728694303072816,0.0006441277564385115,0.0018566929821643278,0.00158629968667472,0.002143989457642613,
timecourse,A_full_canonical,2.5,0.1,30,0.0013198773303715466,0.0011090420494464259,0.001563392499586839,0.0005358035111286839,0.00042133507613135985,0.0006641721314991505,0.0017969829089326324,0.001491394234020758,0.002146964303034018,
timecourse,A_full_canonical,2.6,0.1,30,0.001261488211412574,0.001043795205650665,0.0015138939203287174,0.0005430750128828657,0.0004259865172856216,0.0006727092075530961,0.0017274475997153614,0.0014211726430491249,0.0020898938273140695,
timecourse,A_full_canonical,2.7,0.1,30,0.0012914900462482981,0.0010480375972532912,0.001560022487056251,0.0005525866654876671,0.0004340922513883735,0.0006867096393370869,0.0017404989640922798,0.001401367011581136,0.0021157565906025277,
timecourse,A_full_canonical,2.8000000000000003,0.1,30,0.001486808771420924,0.0011874140134396952,0.001826981916323156,0.0005687058987102401,0.0004456153497836012,0.000707591273628264,0.0019294904894207592,0.0015409737735293417,0.002367067070446337,
timecourse,A_full_canonical,2.9,0.1,30,0.0016738859915039876,0.0013711498933838646,0.0020144043422832465,0.0005778564410449333,0.00045578544903984556,0.000715251543834783,0.0021062769687382214,0.0017155560843074584,0.002520735381636782,
timecourse,A_full_canonical,3.0,0.1,30,0.0019279705439006179,0.0016226084644293335,0.002257322178096827,0.0006039282943975022,0.00048223279124774194,0.0007392271673644225,0.00236958056178365,0.001983190111499723,0.002783773128501273,
timecourse,A_full_canonical,3.1,0.1,30,0.0022077233583214077,0.0018893393015696502,0.002580652007880216,0.0006359371134396127,0.0005146752181307686,0.000767475415402533,0.002658723023067765,0.002247836828173683,0.003126595592400176,
timecourse,A_full_canonical,3.2,0.1,30,0.0025105834694353598,0.0020965561343994103,0.003002538866632464,0.000678815442875627,0.0005539457593646919,0.0008131841176707242,0.0030072945974440957,0.002501659707835111,0.003577889698803006,
timecourse,A_full_canonical,3.3000000000000003,0.1,30,0.0025300181958697607,0.002153778513290475,0.0029375713163184904,0.0007127214391385208,0.0005888979697351667,0.0008486837443386725,0.003082656728726393,0.0026386701286662804,0.0035739360698355278,
timecourse,A_full_canonical,3.4,0.1,30,0.0028210589542307343,0.0022761673129247316,0.003455839556135512,0.0007520331872449726,0.0006250545457398654,0.0008910706826853034,0.0033972025643632204,0.0027701552214161895,0.0041136199557024545,
timecourse,A_full_canonical,3.5,0.1,30,0.002724556504394988,0.002225100585095778,0.003305035544372614,0.00076401970163113,0.0006382027532202705,0.0009035771765968545,0.0033172814612030107,0.0027298457128733006,0.003972158166430983,
timecourse,A_full_canonical,3.6,0.1,30,0.0024254378239379096,0.0019898175425336604,0.0029052086236385777,0.0007634639659119549,0.0006303657427579342,0.0009006442696706222,0.003031208793905106,0.002526615523481433,0.0035801201815647207,
timecourse,A_full_canonical,3.7,0.1,30,0.001949940875842388,0.0015702453764811042,0.0023895522833180497,0.0007634427569408913,0.0006314720994747069,0.0009058705724310216,0.002581168378777353,0.0021289493075587855,0.003077599882273332,
timecourse,A_full_canonical,3.8000000000000003,0.1,30,0.0021087867541770854,0.001687385403544897,0.0025597870967827272,0.0007684858393209275,0.0006377024627327269,0.0009101661445864534,0.0027455415798515338,0.0022833623133742442,0.00322856894487047,
timecourse,A_full_canonical,3.9,0.1,30,0.0018910391673141824,0.001442362899234463,0.0023625164172301595,0.0007513532362373015,0.0006143368821288157,0.0008968370661043637,0.0025333490712179433,0.00206727277255489,0.00299590291202838,
timecourse,A_full_canonical,4.0,0.1,30,0.001880633921388104,0.0014522024516445582,0.0023358737945861664,0.0007617588606868374,0.0006254762726618016,0.0009151907080664556,0.002495650524778484,0.002032626261904694,0.0029644065215329056,
timecourse,A_full_canonical,4.1,0.1,30,0.0017324467195728949,0.0013235231064913692,0.0021771420463161184,0.0007370926507177686,0.0006012398277630682,0.0008854742714118398,0.0022115419832870703,0.0017479433629525383,0.0027013493238452176,
timecourse,A_full_canonical,4.2,0.1,30,0.0017615428720842978,0.0013986847914871196,0.0021365750086422327,0.0007276536183278097,0.0005907799390180832,0.0008747440139090912,0.002191728358274192,0.0017677081073237178,0.00263166540804581,
timecourse,A_full_canonical,4.3,0.1,30,0.001591291738128393,0.0012403400805851583,0.001981815673226343,0.000734408607030219,0.0005965942738600959,0.0008822507673806385,0.0020493059173664115,0.001624480135548212,0.0024837869996078205,
timecourse,A_full_canonical,4.4,0.1,30,0.0014574623087764732,0.0011292161891638187,0.0018082417623609356,0.0007467478689275038,0.00060985382229476,0.0008947795410840206,0.0019776562982165738,0.0016007078037632804,0.002368545340702311,
timecourse,A_full_canonical,4.5,0.1,30,0.0012873212501146383,0.0009770863647402613,0.0016318142241842262,0.0007544222445757925,0.0006213029914309961,0.0009016145145055196,0.0018548547545088785,0.0015039263738781687,0.002234396036093663,
timecourse,A_full_canonical,4.6000000000000005,0.1,30,0.0013233081821246808,0.000999632011980741,0.0016766359499195732,0.0007656536168515191,0.000637421276104808,0.0009047431734583532,0.0018970655350033997,0.00154161389174705,0.0022879232198833085,
timecourse,A_full_canonical,4.7,0.1,30,0.0015181041681311068,0.0011327991713763472,0.0019341106722976233,0.000780887602499758,0.0006515074800123389,0.0009169524195794147,0.002083283711495391,0.0016653248584202,0.002517467618887014,
timecourse,A_full_canonical,4.8,0.1,30,0.0016768977243111437,0.0013037261962310829,0.0020874411482122253,0.0007910954595721592,0.0006647591257888914,0.0009254984793827455,0.0022348681250796408,0.0018274802691038165,0.002675233805118867,
timecourse,A_full_canonical,4.9,0.1,30,0.0019324589962567797,0.0014475166653677353,0.002460453313482406,0.0007794779325600717,0.0006535186548271265,0.0009150215418740869,0.0024603783143616774,0.001969195337359506,0.0029617554076249108,
timecourse,A_full_canonical,5.0,0.1,30,0.0018172887929094087,0.0013501348504388138,0.0023351809708589966,0.0007802224101824288,0.0006554968539060827,0.0009113742403259578,0.0023694952465862992,0.0019089394235130058,0.002859810388796907,
timecourse,A_full_canonical,5.1000000000000005,0.1,30,0.0020612090467132414,0.0014710996073770174,0.002743243522864991,0.0008011009294981295,0.0006697318820029997,0.0009424062093456079,0.0025886990477309376,0.0019656893507376807,0.0033027869795191956,
timecourse,A_full_canonical,5.2,0.1,30,0.0021857335708881883,0.001609081069220278,0.0028409401222837167,0.0008019880017002486,0.0006613051856936938,0.0009511090480682845,0.002689948892373046,0.002051305903441236,0.0034189582018303607,
timecourse,A_full_canonical,5.3,0.1,30,0.0024624518452165322,0.0019059828508265642,0.0030990675071664964,0.0008146405185649265,0.0006689052920755359,0.0009739890519155239,0.0029325073842817327,0.0022650083451155128,0.0036742554760214245,
timecourse,A_full_canonical,5.4,0.1,30,0.0027587102283918945,0.002251971010522534,0.0033000295034222344,0.0008080296213593528,0.0006463938026530157,0.0009755194618795113,0.003235090653652889,0.0026354224400768674,0.0038889421587423364,
timecourse,A_full_canonical,5.5,0.1,30,0.003500327865706921,0.0028170967023505487,0.004203379687940051,0.0008350748764470212,0.0006612233712490246,0.0010227343504337928,0.004040418749148946,0.0032736101604617504,0.004812208186520746,
timecourse,A_full_canonical,5.6000000000000005,0.1,30,0.0038068681999407846,0.0030832279481226793,0.004521617889454075,0.0008950444774919825,0.0007103354977073936,0.001091098759615344,0.00443754547621093,0.0035876196955639417,0.005279145381816546,
timecourse,A_full_canonical,5.7,0.1,30,0.003824700651806035,0.0031663248082452506,0.0045008186233690935,0.0009417985650997125,0.0007505270734947013,0.0011458800818066703,0.004531995102804039,0.0037266505090486966,0.005357351943172354,
timecourse,A_full_canonical,5.8,0.1,30,0.003685434144687702,0.003110557899604499,0.004265335836289201,0.0009660513074324425,0.0007741022138338555,0.001172106778436458,0.004431843857604403,0.003735574254668738,0.00515983421888114,
timecourse,A_full_canonical,5.9,0.1,30,0.0035416692566428904,0.003097045818871639,0.00399457897537879,0.000994559856006926,0.0008056406677075177,0.0011930169720715438,0.0043391136924899685,0.003771461153284046,0.00489430812032121,
timecourse,A_full_canonical,6.0,0.1,30,0.003294303844921937,0.0028982363860938208,0.0036652761574123374,0.0010223097954064027,0.0008350615117615369,0.0012189420100800737,0.004131779982342639,0.003625477761345376,0.004618758749980821,
timecourse,A_full_canonical,6.1000000000000005,0.1,30,0.0030265084526605057,0.002658399327142006,0.0033940673745024505,0.001048765692021938,0.0008672918948891091,0.0012374446406059956,0.0039010229216431855,0.003452567496410548,0.0043390778599306165,
timecourse,A_full_canonical,6.2,0.1,30,0.002638748483175862,0.0023149814888790213,0.0029697310356435937,0.0010480688635196305,0.0008652678398520107,0.0012428480148058247,0.0035131509340781066,0.003112335233061109,0.003940597316777237,
timecourse,A_full_canonical,6.3,0.1,30,0.0022428562890591175,0.0019632183425145203,0.002522170159996767,0.0010437243968413415,0.0008603367236990625,0.0012382555047343996,0.00311932668327308,0.0027496947591461748,0.003490995515230839,
timecourse,A_full_canonical,6.4,0.1,30,0.0019435992405942627,0.001689512744683595,0.0021967086375438444,0.001046892530968671,0.0008629848743202066,0.0012383189124888865,0.0028380199666577454,0.0025000262029042054,0.003184065569736617,
timecourse,A_full_canonical,6.5,0.1,30,0.0016357013863346334,0.0014249706754886472,0.0018553696051274917,0.0010439278625991484,0.0008554390871656899,0.001239641754239834,0.00253965379006491,0.0022281223503933206,0.0028574329934958507,
timecourse,A_full_canonical,6.6000000000000005,0.1,30,0.0014614870860719688,0.0012690494032495535,0.00167066591634965,0.0010479986670459992,0.0008627280427042481,0.0012468464224983647,0.0023887299093815536,0.002097621543492608,0.0026832283390063696,
timecourse,A_full_canonical,6.7,0.1,30,0.0014372428836152392,0.0012230324632677941,0.0016702731293570614,0.0010588035147680122,0.0008737533495341277,0.0012543783656366841,0.0023623182029254572,0.002044894041642658,0.002690394255231151,
timecourse,A_full_canonical,6.8,0.1,30,0.0014742303866835537,0.0012059903908325548,0.0017734314800906972,0.001061715724566482,0.0008731323193444834,0.0012572759178594436,0.0023392634769663,0.0019629920136620847,0.0027186577949153516,
timecourse,A_full_canonical,6.9,0.1,30,0.0014921011758258962,0.001199489352957722,0.0018102131906464955,0.0010577544120774851,0.0008689903614489261,0.001258911259256767,0.002274591957527398,0.001873333310201501,0.002716442826095283,
timecourse,A_full_canonical,7.0,0.1,30,0.0013642857038333048,0.0010988411660270785,0.0016646833736492545,0.001044497282960064,0.0008522761784697382,0.0012448745992148069,0.002059462673149812,0.0016455593625490997,0.002499156676922779,
timecourse,A_full_canonical,7.1000000000000005,0.1,30,0.0013215995187418662,0.001018272198817887,0.0016759014960576496,0.0010229482905792253,0.0008305694082098311,0.0012257613083567845,0.001875438053341427,0.0014379079555477455,0.0023642725347762994,
timecourse,A_full_canonical,7.2,0.1,30,0.0015071850327662921,0.0011613228382647957,0.0019041532078398831,0.0009985019155609412,0.0008087141420743387,0.0011943795389365627,0.0019243054687484783,0.0014989074208366683,0.00242447013187761,
timecourse,A_full_canonical,7.3,0.1,30,0.001966206191045682,0.001598414169472577,0.0023746766997514686,0.0009813647365302276,0.0008002178195428696,0.0011743935062091947,0.0023083234371773596,0.0018836149502782765,0.00277543055687202,
timecourse,A_full_canonical,7.4,0.1,30,0.0025105241002773265,0.002166310723892266,0.0029115076210834805,0.000981324918881417,0.0008088799712837837,0.0011604854472355472,0.0028087390526179133,0.002394385523066638,0.0032829257123125565,
timecourse,A_full_canonical,7.5,0.1,30,0.0028451863240951504,0.002510554677089555,0.003242345192887455,0.000984446594382554,0.0008286435797099075,0.0011561222593958074,0.003161696633202152,0.0027873965275493806,0.00360280076027684,
timecourse,A_full_canonical,7.6000000000000005,0.1,30,0.003212567359832538,0.002810151973424921,0.0037165919826041257,0.001003860687111452,0.000855663587825266,0.0011584365353395844,0.0035858723042306315,0.0031455907660482437,0.004125419357576383,
timecourse,A_full_canonical,7.7,0.1,30,0.0032489158900518207,0.002780194269104227,0.0038145107152039223,0.001028015878743878,0.0008966553213835976,0.0011697673509902242,0.003663689394455869,0.0031549933844238617,0.004295693371432015,
timecourse,A_full_canonical,7.8,0.1,30,0.0030873921195188766,0.0026522572573334244,0.003625685836815472,0.0010391148732198385,0.0009068187575010218,0.0011756915014175802,0.0035576750753129696,0.0031028883131648402,0.004154645562507072,
timecourse,A_full_canonical,7.9,0.1,30,0.002621701027530811,0.0022852214846566304,0.0030356379094654542,0.0010461169749942322,0.0009143377145956053,0.0011804687560217414,0.003153544026753727,0.0027853281634959096,0.0036173631048060824,
timecourse,A_full_canonical,8.0,0.1,30,0.0019213410827256794,0.0016539765582583793,0.0022597543722802527,0.0010312055491432759,0.0008945363716112362,0.0011719833822442685,0.002491903273097422,0.002191607804909289,0.00287098404488191,
timecourse,A_full_canonical,8.1,0.1,30,0.0013738707698394946,0.0011704141499980461,0.0016254153823854513,0.0010290704928148445,0.0008915115416983957,0.001172478557104606,0.0020565447575052968,0.0018049024897908651,0.0023566596864414615,
timecourse,A_full_canonical,8.2,0.1,30,0.000984625833687539,0.0008141522471866877,0.001190650255282965,0.0010272063231526946,0.0008797648906283647,0.0011805678592674183,0.001778864020171129,0.0015203173254129418,0.002076070896055227,
timecourse,A_full_canonical,8.3,0.1,30,0.0005852635195172396,0.0005029099771140578,0.0006855766236627386,0.0004235389275576843,0.00035703781799981463,0.0004963102398466456,0.0009113499077239021,0.000789450558684056,0.0010536133584354975,
timecourse,A_full_canonical,8.4,0.1,30,0.000743626620061395,0.0005941437018671027,0.0009047532103266039,8.287370080344654e-05,6.584363782251753e-05,0.00010168632985227261,0.0008262962053472024,0.0006548125733866206,0.0010069979814600765,
timecourse,A_full_canonical,8.5,0.1,30,0.0011063439027312735,0.0009433166160880896,0.0012879013444341443,0.00013528993382133363,0.00011304829699604763,0.00015981325163879202,0.001241576949466508,0.001055112283317324,0.0014472356155018624,
timecourse,A_full_canonical,8.6,0.1,30,0.001309449370115662,0.0011584715197523545,0.0014849986343566381,0.0001794528971016155,0.00015570571459593593,0.00020578687844930536,0.0014885799999648337,0.001314323284857903,0.0016915927008239837,
timecourse,A_full_canonical,8.700000000000001,0.1,30,0.0013196510840794218,0.001172440638547203,0.0014866189970678054,0.00020400573241731733,0.00017814522352194227,0.0002330025051779776,0.0015230020056702935,0.0013461222450736826,0.0017135600457606308,
timecourse,A_full_canonical,8.8,0.1,30,0.0012824773573279664,0.0011322079141782247,0.0014479503822112205,0.00022032035597108822,0.00019154849550150107,0.0002512712339546154,0.001499545279301237,0.0013240510659888055,0.0016964865337800764,
timecourse,A_full_canonical,8.9,0.1,30,0.0012870489490848483,0.001120842713068792,0.0014651188354214406,0.00023344295097148284,0.00020162747565146007,0.00026691699683039434,0.0015113860147538238,0.0013143725534014712,0.001720566979222176,
timecourse,A_full_canonical,9.0,0.1,30,0.0013879859173755026,0.0011975199753281203,0.0016230381044657224,0.00024812332644458837,0.00021369971695857698,0.000284100373890189,0.0016182794265872712,0.0013895318862426824,0.001881602582369407,
timecourse,A_full_canonical,9.1,0.1,30,0.0015411172198620828,0.001323077675498482,0.0017970926381390545,0.0002690009193302435,0.00023311276925063961,0.0003066197335990144,0.0017848667163164874,0.0015295381715058995,0.0020888372398922754,
timecourse,A_full_canonical,9.200000000000001,0.1,30,0.0018145781675027778,0.0014902347568058396,0.002207278939780317,0.00031138841371448173,0.0002697749530113269,0.0003560443927806642,0.0021013012623648172,0.0017470664393300995,0.002528853573728721,
timecourse,A_full_canonical,9.3,0.1,30,0.0019171366673919712,0.001515243753048261,0.0024306448324599743,0.0003401752844453964,0.00029186215137071955,0.00039469939228998986,0.0022288519384663376,0.0017868438737739867,0.0028023940715127134,
timecourse,A_full_canonical,9.4,0.1,30,0.0018430240645067853,0.0014522425956305632,0.00233730514431783,0.00035723577262450557,0.0003049819986190041,0.0004155865825885173,0.0021674653454039393,0.001733221059426113,0.0027316991376546925,
timecourse,A_full_canonical,9.5,0.1,30,0.0017002463838977696,0.0013476214084824874,0.002109110807291785,0.00037237162266904103,0.0003184109674248974,0.0004283962931926908,0.0020441991683096366,0.0016550327323187175,0.0025013452455389927,
timecourse,A_full_canonical,9.6,0.1,30,0.0014786676993685409,0.0010788334450669273,0.0019321319154496433,0.00037612043089218556,0.0003191153137364274,0.0004386815459714653,0.0018312382901597816,0.0013973403260282833,0.002332578626686236,
timecourse,A_full_canonical,9.700000000000001,0.1,30,0.0013435595922143006,0.0009540702313766601,0.0017804361877913166,0.0003792671141081228,0.00032086628766631346,0.00043966344871597857,0.001698924282278555,0.001263916267722374,0.002161373646210678,
timecourse,A_full_canonical,9.8,0.1,30,0.0012754041161902859,0.0009293674923226343,0.0016362062571614036,0.00037896154767910425,0.0003228409744640331,0.00043585464625651223,0.0016091837306719664,0.0012385702564477851,0.002020022151240302,
timecourse,A_full_canonical,9.9,0.1,30,0.0012279788065961432,0.0009368752221125882,0.0015444870438389789,0.0003817467861060948,0.00031958666895582196,0.00044282767111265337,0.0015464203750245905,0.0012021512651031576,0.0019148875875318505,
timecourse,A_full_canonical,10.0,0.1,30,0.0012064237064454025,0.0009340177549881244,0.0014905335011172324,0.00038477247073709977,0.00032604748322942695,0.00044261343732343464,0.0015098023986908247,0.0011928419309649887,0.0018452521201312469,
timecourse,A_full_canonical,10.1,0.1,30,0.0011472708116169862,0.0009196999139658128,0.0013910307361894448,0.000392995335566315,0.00033551577030463766,0.000450536042565407,0.0014587087942806453,0.0011892149534022108,0.0017537848072468741,
timecourse,A_full_canonical,10.200000000000001,0.1,30,0.0010719041622256318,0.0008646059024224733,0.0012864625785985414,0.00040212367982619187,0.0003463058000106068,0.0004601542905562523,0.0013951723871852835,0.0011409441865541366,0.0016583903558442712,
timecourse,A_full_canonical,10.3,0.1,30,0.0009774425243049285,0.0007867565608644124,0.001188916503324797,0.00040732943929562554,0.00035061681445225514,0.0004641128882843211,0.0013085592136187613,0.0010758847223085494,0.0015677038916607341,
timecourse,A_full_canonical,10.4,0.1,30,0.0011142298528048972,0.0008164840107554212,0.00146739835383927,0.00043351243316527084,0.0003725961393767089,0.0004979400466461433,0.0014760827970823698,0.001138125866864711,0.0018798161021122382,
timecourse,A_full_canonical,10.5,0.1,30,0.00117742615828631,0.0008712547226910054,0.0015234054567990758,0.0004479362904164655,0.00038638079645833464,0.0005111681406266637,0.0015504011611613966,0.0012041946216003953,0.0019474854145664366,
timecourse,A_full_canonical,10.6,0.1,30,0.0012361836949426844,0.0009006743036347155,0.0016035543327313823,0.0004628278693778974,0.00040047784371998596,0.0005258931926858472,0.0016173402012251462,0.0012356547904846477,0.002028938452160136,
timecourse,A_full_canonical,10.700000000000001,0.1,30,0.001174524799897614,0.0009180687597490433,0.001450295245041228,0.0004584813007182085,0.00039755068887896064,0.0005212170736024932,0.001511203521137692,0.0012043021907955545,0.001851217165039795,
timecourse,A_full_canonical,10.8,0.1,30,0.0016191468732723484,0.0011845299451506382,0.002133754553256916,0.0004792776404239902,0.0004194013219343499,0.0005403416278542597,0.0019478663694824855,0.0014726736453254336,0.0025045920163938823,
timecourse,A_full_canonical,10.9,0.1,30,0.001662727311144027,0.0012419730877943724,0.002164613669458783,0.00048575206666141027,0.00042402711317992404,0.0005487995080355533,0.0019603396275424765,0.0014695028513457755,0.0025201638705860635,
timecourse,A_full_canonical,11.0,0.1,30,0.0019910046921902975,0.0014995748368687042,0.0026207227816768476,0.0005018723799422519,0.00042759862411172574,0.0005828242569966744,0.0022811602671288043,0.0017091778639573272,0.0029962170201536455,
timecourse,A_full_canonical,11.1,0.1,30,0.002355634948077436,0.0018411510519725114,0.002983196450195981,0.0005213088747524303,0.0004361411468815248,0.0006113385901145929,0.002673179391474029,0.0020536830391588426,0.0034045629089092307,
timecourse,A_full_canonical,11.200000000000001,0.1,30,0.0026419867977478667,0.002107224241115444,0.0032609911616920248,0.0005336947661044862,0.00043929842119906946,0.0006353449711131743,0.002995437755950074,0.002371143388931723,0.0036822611680577917,
timecourse,A_full_canonical,11.3,0.1,30,0.0030739064992255888,0.0025063576748166334,0.0036848319628696156,0.0005827227511749991,0.00048294546611382053,0.0006884095616593693,0.003507157107160425,0.002844019802283693,0.0041894336107114955,
timecourse,A_full_canonical,11.4,0.1,30,0.003413122671433772,0.0027658919075462195,0.004091353959283112,0.0006350894435409021,0.0005310902244117814,0.0007466827841327836,0.003899434585846888,0.0031777763719975367,0.004678851584939555,
timecourse,A_full_canonical,11.5,0.1,30,0.0034849684836126987,0.0028765212638485675,0.004176950022959187,0.0006710715007055786,0.000559263438197275,0.0007891154475713381,0.004007700982770718,0.0032865959835289634,0.004817614168869717,
timecourse,A_full_canonical,11.6,0.1,30,0.003654465013702846,0.0031020596627172182,0.004286493569229921,0.0007170275447326745,0.0006011155791989927,0.0008386195775551586,0.004227572689707459,0.0035842778829920864,0.004960226610374363,
timecourse,A_full_canonical,11.700000000000001,0.1,30,0.004028809235950715,0.0033604365384158844,0.0048038981928532065,0.0008004206684495038,0.0006878733010897156,0.0009159517634997983,0.004693919582231544,0.0039051744204335456,0.005576410932046782,
timecourse,A_full_canonical,11.8,0.1,30,0.004046192317337641,0.0033477164972578106,0.0048401689939771,0.0008557865431630371,0.0007368234982912692,0.0009784181818793965,0.004773506878130395,0.003962537558934314,0.0056472759945045995,
timecourse,A_full_canonical,11.9,0.1,30,0.003910398888831527,0.0032825976789007862,0.004617967546031652,0.0008908735442320462,0.0007761003899658131,0.0010064780487677016,0.00467544515253389,0.003980959350227643,0.0054853194428175975,
timecourse,A_full_canonical,12.0,0.1,30,0.003690272145326744,0.003017019615656489,0.004445705762920322,0.0008990945415863409,0.0007862195407052421,0.001015653922063953,0.004452717025983885,0.003697804360336544,0.005274700689647652,
timecourse,A_full_canonical,12.1,0.1,30,0.003385176986495746,0.0027787432255772415,0.004068299177886696,0.0008928758175582519,0.0007800488457555184,0.0010060122811646846,0.004127933227285536,0.0034491964718881937,0.00486545123636886,
timecourse,A_full_canonical,12.200000000000001,0.1,30,0.0029004914283388963,0.0023241497410396482,0.0035128396326781926,0.0008610470525870999,0.0007500897479424944,0.0009769170739781798,0.0035916747845493482,0.0029843081782485984,0.004243063046861726,
timecourse,A_full_canonical,12.3,0.1,30,0.0028334626027463243,0.0022583754482671152,0.003419622677015429,0.0008484587100377509,0.0007364555164584846,0.0009676220398133488,0.003481034986671927,0.0028852052554003372,0.0041038772837482555,
timecourse,A_full_canonical,12.4,0.1,30,0.0028425226363752464,0.0022268031674401523,0.00356843735456351,0.0008365774836432059,0.0007155440444305857,0.0009666095710418634,0.0034397632716746496,0.002770926642578756,0.00419754835700027,
timecourse,A_full_canonical,12.5,0.1,30,0.0030025282458257534,0.002350234718417885,0.0037350716405566316,0.0008415720180187799,0.0007041128203828184,0.0009846713356952486,0.0035474197476861383,0.0028005241020754024,0.0043740586040457,
timecourse,A_full_canonical,12.6,0.1,30,0.0033973417547693255,0.002739436109000252,0.0040894895731905054,0.0008692823504743101,0.0007282499649602581,0.0010218323704134142,0.0039544010888458835,0.0031997031469671935,0.004764671841924862,
timecourse,A_full_canonical,12.700000000000001,0.1,30,0.003768787928193494,0.0031363344476787076,0.00441047662237821,0.0009105862754734721,0.0007584547723137993,0.001077091397175578,0.004372232645287883,0.003614223013059111,0.005177894917395939,
timecourse,A_full_canonical,12.8,0.1,30,0.003788729464349233,0.003195796823606285,0.004418376435852247,0.0009418841309144412,0.0007749485942041286,0.0011166195406673999,0.004446287843146411,0.003692278901680752,0.005235870708311992,
timecourse,A_full_canonical,12.9,0.1,30,0.0035797250174118412,0.0030468281556578756,0.004147946358521277,0.0009660360207363047,0.0007943409017834261,0.001153769941214977,0.004285889111676353,0.003587963556755699,0.005034756647329761,
timecourse,A_full_canonical,13.0,0.1,30,0.0031802693589123216,0.0026839948649314085,0.003718728331977515,0.0009840151429419924,0.000798851789384131,0.0011768372919754254,0.003919831155220073,0.003239384174560471,0.00466228090889018,
timecourse,A_full_canonical,13.1,0.1,30,0.0027564797940765134,0.0023076346672419056,0.003253011600952119,0.000997318480006234,0.0008085620394746567,0.0011919350412010236,0.0035157838232136094,0.002876925222950043,0.004201586025979906,
timecourse,A_full_canonical,13.200000000000001,0.1,30,0.0023284214334371813,0.0019233393711987137,0.00278406454369236,0.0010030333127382276,0.0008131893993576829,0.0012009451584265225,0.003110386501785678,0.0025226369928424133,0.0037613175497198865,
timecourse,A_full_canonical,13.3,0.1,30,0.0019624485475915787,0.0016025631348306198,0.0023727589913203327,0.0010120272508798297,0.0008273505307133502,0.0012033058518914168,0.0027913437415996107,0.0022558588771949403,0.0033902186036339245,
timecourse,A_full_canonical,13.4,0.1,30,0.001996197506907926,0.0015701290689501726,0.0024714436249876712,0.0010348521480403796,0.0008600455058473854,0.0012238025476461556,0.002848912172228562,0.0022985872952533968,0.0034369344764562577,
timecourse,A_full_canonical,13.5,0.1,30,0.0021432186744622644,0.001680810347387633,0.002622172476728567,0.0010685719375630844,0.0009027361602435149,0.0012458671660466741,0.0030262962656723647,0.0024862958909857734,0.003607441878383125,
timecourse,A_full_canonical,13.6,0.1,30,0.002029493762650148,0.0015766433181825883,0.0025381073669068165,0.0010869630962485007,0.0009242030240739385,0.001263516877471613,0.002944704522971873,0.0024159993972133254,0.003518806557649519,
timecourse,A_full_canonical,13.700000000000001,0.1,30,0.0018691085154580135,0.0014455953326001296,0.0023332380809737035,0.0010968806927665032,0.0009345867626097413,0.0012732305175100118,0.002806510874064663,0.0022922786333400206,0.003339824860534586,
timecourse,A_full_canonical,13.8,0.1,30,0.0018523987590949695,0.001446102982002666,0.0022798947280261834,0.0011104992665733793,0.000943551239097424,0.0012873028180992922,0.00281276080774757,0.0023310751644378585,0.003316196772645127,
timecourse,A_full_canonical,13.9,0.1,30,0.0019020500367519682,0.001432794268890143,0.0024664148498615974,0.0011311304317162085,0.000968637757249465,0.0013009105441740593,0.0028895247711285543,0.0023674521036059007,0.0034790204235791806,
timecourse,A_full_canonical,14.0,0.1,30,0.0017701158509118703,0.001393870637412358,0.0022151435150202957,0.0011275515302679332,0.0009592188044553438,0.0013049815298538498,0.0027013729745609793,0.0022271826503575884,0.0032223077886347137,
timecourse,A_full_canonical,14.1,0.1,30,0.0017812709929932527,0.0014363928170426199,0.0021714732625500387,0.0011134396228188346,0.0009422445456243833,0.0013038266361205311,0.002594345731964323,0.0021172723080869994,0.0030818071773255776,
timecourse,A_full_canonical,14.200000000000001,0.1,30,0.0020335735643432612,0.0016743033199423183,0.0024196724924678828,0.0011057145447282727,0.0009217237914057825,0.0013000820735251154,0.0027531869882485216,0.0022756592603855852,0.0032450916790177876,
timecourse,A_full_canonical,14.3,0.1,30,0.002175701445962632,0.001801099071722707,0.002565178169963276,0.0010997313005915363,0.0009129811127280493,0.0013021712569401412,0.0028405591042718298,0.0023411448592307194,0.0033453341652478984,
timecourse,A_full_canonical,14.4,0.1,30,0.002357384791566469,0.0019939000683011515,0.0027424130525285847,0.0010937247303231127,0.0008963697242841488,0.0012969483613366685,0.0029690767070737318,0.0024779486490754295,0.0034717965653983875,
timecourse,A_full_canonical,14.5,0.1,30,0.002427229562498046,0.002088632706275738,0.0028013542883841163,0.0010866672624561037,0.0008925223844501003,0.0012922700887508937,0.002989148945634743,0.0025206017809807826,0.003485157567259453,
timecourse,A_full_canonical,14.6,0.1,30,0.0026787457670842943,0.002290692806948491,0.0031247422090236497,0.0010930077413140425,0.0009066281335476475,0.0012921321137957472,0.003247186607954873,0.00277071178728249,0.0037730816065771277,
timecourse,A_full_canonical,14.700000000000001,0.1,30,0.0027384083083191843,0.002285491940432093,0.0032309274582584878,0.001098549440048332,0.0009156698484861298,0.0012885042655586985,0.00328978692109047,0.0027492074177657,0.003869122741393641,
timecourse,A_full_canonical,14.8,0.1,30,0.002571677621108603,0.002169341607035016,0.0030086209189815363,0.001106594374962526,0.0009267835903853243,0.0012941828671341007,0.0031479921197612253,0.0026738210780108533,0.0036595374553621053,
timecourse,A_full_canonical,14.9,0.1,30,0.002427010516949936,0.0020705966129019476,0.0028168542322844444,0.0011026398325519767,0.0009212873729851167,0.0012888128756832352,0.002990909286249762,0.0025470427817881978,0.0034735994859203126,
timecourse,A_full_canonical,15.0,0.1,30,0.002095422770059664,0.0017902004824118883,0.0024020351741676775,0.001101076565866322,0.0009176598734256392,0.0012865734770983784,0.002705318987081711,0.00233987443117955,0.003109753117845916,
timecourse,A_full_canonical,15.1,0.1,30,0.001842198591576706,0.0015559949385091003,0.0021463373690570327,0.001109256433418805,0.0009301586576979516,0.0012955485715120192,0.002511562630612778,0.002140616011768181,0.0029087984509251087,
timecourse,A_full_canonical,15.200000000000001,0.1,30,0.0016786115232453795,0.0013937408093250014,0.002002155487793699,0.0010983560100850049,0.0009190163509942324,0.0012838674370548875,0.0023591188495859353,0.0020121998039829446,0.002745498483415378,
timecourse,A_full_canonical,15.3,0.1,30,0.0013021811551120913,0.001048892131906883,0.0015786006127401643,0.0010828730457116684,0.0009035604262490806,0.0012730337312505165,0.0020250580152540625,0.001719058918669296,0.0023459929441925504,
timecourse,A_full_canonical,15.4,0.1,30,0.0010963719621111365,0.0008245933816073906,0.001389953797673734,0.0010776232494779927,0.0008960504595646894,0.001272302077352694,0.0018587928575973408,0.0015248909660614954,0.002209990609624568,
timecourse,A_full_canonical,15.5,0.1,30,0.0009277096934169342,0.0006788991843050129,0.0012013394030464222,0.001075022046869416,0.0008869300142873273,0.0012714709482196246,0.0017329620947725973,0.0014026624249914828,0.0020843780902871562,
timecourse,A_full_canonical,15.6,0.1,30,0.0008786710821329173,0.000676113603261112,0.0011166697152239229,0.001070298396316137,0.0008831319280181979,0.0012633053062794221,0.0016498987887608326,0.0013343227272725837,0.0019858278492762096,
timecourse,A_full_canonical,15.700000000000001,0.1,30,0.0008364976295648298,0.0006425709919750355,0.0010554241871551435,0.0010664397077325646,0.0008783441253693485,0.001260819489797154,0.0015964474998354954,0.0012964659046196087,0.0019218383577412053,
timecourse,A_full_canonical,15.8,0.1,30,0.0007542104307321509,0.0005871204462771742,0.0009541597509430594,0.0010626197150569326,0.0008720093880528962,0.001256990494137016,0.001519459332402893,0.0012482876636627698,0.0018197325321934348,
timecourse,A_full_canonical,15.9,0.1,30,0.0007747049162146386,0.0005956879140112494,0.0009997689759231843,0.0010566455808890365,0.0008743021678089375,0.0012520224838473927,0.0015171596701922577,0.0012750934807213153,0.0018014321226686666,
timecourse,A_full_canonical,16.0,0.1,30,0.0008775864648522675,0.0007010195543532762,0.0010992969750964394,0.001054762493856686,0.0008774833411032522,0.001242334353589618,0.0015392254454554956,0.0013190485623032018,0.0018180228613448664,
timecourse,A_full_canonical,16.1,0.1,30,0.0009151664575775576,0.0007796023115015911,0.0010931546401755873,0.0010501894957132933,0.0008784960686543815,0.0012302588196484762,0.0015096017099781674,0.0013168015957039907,0.0017616808514072406,
timecourse,A_full_canonical,16.2,0.1,30,0.0009523189750048628,0.0008236104486705428,0.00111487284232839,0.001047701146521409,0.000877242534271484,0.0012245467616316564,0.0015473860226564717,0.0013597575342917285,0.001767662625876608,
timecourse,A_full_canonical,16.3,0.1,30,0.0009767473542349327,0.0008719554039559292,0.0011028138857293768,0.0010489107134972857,0.0008824512310983138,0.0012280770587525258,0.0015883904593269333,0.00143691544632796,0.0017556075250807946,
timecourse,A_full_canonical,16.4,0.1,30,0.0007704961775317087,0.0006649716266845272,0.0009019592486234531,0.0010517843888233661,0.0008865270468710051,0.001225238128283395,0.001505964202593395,0.0013545016641123317,0.00168474100864943,
timecourse,A_full_canonical,16.5,0.1,30,0.0005604995785195696,0.000518745105296499,0.0006096381753549477,0.0010522297649255973,0.0008816842503897186,0.0012305617578906472,0.0014079060375417319,0.0012378832041609255,0.0015988401272407388,
timecourse,A_full_canonical,16.6,0.1,30,0.0006525709180172087,0.0005847593286649834,0.0007343786366763421,0.0010499650535623932,0.0008764819567677282,0.0012317764330227274,0.001506509024795832,0.0012708641725549443,0.0017678184661796068,
timecourse,A_full_canonical,16.7,0.1,30,0.00044904044090019076,0.00039175102821672016,0.000510996491936097,0.000760756058264167,0.0006543193915171427,0.0008772711925117627,0.00103466059123171,0.0008874705144050693,0.0011944359125643446,
timecourse,A_full_canonical,16.8,0.1,30,0.0008451380952400788,0.0007210493462332051,0.0009728735292539876,0.0006913835782318018,0.0005826722409531465,0.0008072540370932036,0.0013127854698232143,0.0011822935078854243,0.0014483953919103318,
timecourse,A_full_canonical,16.9,0.1,30,0.0012844092116851115,0.0011575078699241096,0.001413013230550465,0.0007186337199752047,0.0006100051727691109,0.0008341916435137017,0.001785789377121851,0.0016567217648164982,0.0019189324781355638,
timecourse,A_full_canonical,17.0,0.1,30,0.0016716700461909526,0.0015585925797888416,0.0017840534265694773,0.0007513659244977912,0.0006389291722422737,0.0008688548545588238,0.002213157583404958,0.0020821544354299145,0.0023396524177901642,
timecourse,A_full_canonical,17.1,0.1,30,0.001947226864816297,0.001861088002463985,0.0020355251477698366,0.0007888223954554174,0.0006737438949316584,0.0009042587315841285,0.002537526871538063,0.002410865862504632,0.002663579636131781,
timecourse,A_full_canonical,17.2,0.1,30,0.0021440677446648683,0.0020103621644076636,0.0023372132808433294,0.0008297032655562014,0.0007217370434735107,0.0009451130814325309,0.002787118516241658,0.002621439719117372,0.0030089785180135156,
timecourse,A_full_canonical,17.3,0.1,30,0.0022908141033173715,0.0020896193417399,0.002554240643360072,0.0008723129795645182,0.000763922088967721,0.000981568487661194,0.0029848938182146802,0.0027492172742020204,0.003292314884518749,
timecourse,A_full_canonical,17.400000000000002,0.1,30,0.0023102069405886425,0.0020151551865216534,0.002672550539801096,0.0009081314208840616,0.0008055258059003085,0.0010100411477330798,0.0030449153537800266,0.0027087328737605185,0.0034590845764718766,
timecourse,A_full_canonical,17.5,0.1,30,0.0023279482510904963,0.002012566542863045,0.002701140227392398,0.0009373393186754422,0.0008397504494302075,0.0010360611458183743,0.003080160075609114,0.002724896778601071,0.0035104825837985786,
timecourse,A_full_canonical,17.6,0.1,30,0.0021493383782167446,0.0018447976371128885,0.0025163523387116147,0.0009501813818501205,0.0008525052515761903,0.0010505229945855018,0.002912451949410447,0.002547523031214828,0.0033324072081261234,
timecourse,A_full_canonical,17.7,0.1,30,0.0020658991154713026,0.0017414964767424167,0.0024310379213916345,0.0009732937921938468,0.0008771291653190183,0.0010680977376327375,0.002856714371385597,0.0024757617281052037,0.003301951047913015,
timecourse,A_full_canonical,17.8,0.1,30,0.0018673842392036594,0.001522284603377365,0.002260097937235515,0.0009795608437346524,0.0008835416944105185,0.0010791208472502702,0.002676808231092616,0.002271845938960631,0.003132717438710035,
timecourse,A_full_canonical,17.900000000000002,0.1,30,0.0015028890755528267,0.0012041457265403773,0.0018625347366650873,0.0009805038320647049,0.0008799128912139,0.001082900446034407,0.0023814298720559674,0.002028575958604921,0.0027714659756446834,
timecourse,A_full_canonical,18.0,0.1,30,0.0014975530924585456,0.0011487299466191139,0.0019050686668517244,0.0009785978951324572,0.0008784628651812942,0.0010774586715715992,0.0023455430748452045,0.0019746888715724536,0.002760261192674092,
timecourse,A_full_canonical,18.1,0.1,30,0.0016978893070254215,0.0013083033652781693,0.0021515429890113257,0.000988880023036717,0.0008864641823054475,0.0010934851096456942,0.002501575464686287,0.002083226660881323,0.0029810259453401204,
timecourse,A_full_canonical,18.2,0.1,30,0.0019481242170947502,0.0015534518472196663,0.002398538577644884,0.0009956698907135297,0.0008848754217004608,0.0011100706346162238,0.0026918717073259853,0.0022482783259816738,0.003187097687359584,
timecourse,A_full_canonical,18.3,0.1,30,0.002280382588518521,0.0018863877087619437,0.002723941746322432,0.0010143344890009439,0.0008942868298217244,0.001140848357777678,0.0030069835859346476,0.0025574242849862945,0.0035045136374264214,
timecourse,A_full_canonical,18.400000000000002,0.1,30,0.002355962851596465,0.0019986740359135965,0.0027503097567616423,0.0010356395140823946,0.0009099607740763368,0.0011647614313039856,0.0031104409290586255,0.0026872060986798765,0.0035736448212220708,
timecourse,A_full_canonical,18.5,0.1,30,0.0022113278773833443,0.0018763243654452428,0.0025853193072747573,0.0010434966897272457,0.0009183002570490338,0.001175205145837021,0.0029860497570101687,0.002584541121459409,0.0034086538476041013,
timecourse,A_full_canonical,18.6,0.1,30,0.001991867848774246,0.0016623495317207102,0.0023554043375076873,0.0010512698991241903,0.0009210256022446038,0.0011850250800578626,0.0027799256283085006,0.002373642124937008,0.00322680771168751,
timecourse,A_full_canonical,18.7,0.1,30,0.0016940938763930098,0.0013966214815847309,0.0020418815979976208,0.001053439234105584,0.0009216560580654643,0.001192126134714812,0.0024884345554105876,0.0020828036958745384,0.002944354868028633,
timecourse,A_full_canonical,18.8,0.1,30,0.0014664817048392759,0.0011191113569753194,0.0018629423300672242,0.001049469680347874,0.0009169694566542936,0.0011861942676251818,0.0022508427833657927,0.0017980501240489064,0.0027510882798207643,
timecourse,A_full_canonical,18.900000000000002,0.1,30,0.0013849162106556307,0.0010209213375527502,0.0018131740067964329,0.001044749246576082,0.0009094815511892456,0.0011829812620418824,0.0021287519028720466,0.0016804358956263412,0.0026551774878209792,
timecourse,A_full_canonical,19.0,0.1,30,0.0014949226257567566,0.0011526345135506124,0.0018602818241130826,0.0010417098233626134,0.0009120061948736573,0.0011742950131221996,0.0021662458893126502,0.0017597914514720196,0.0026295380964962024,
timecourse,A_full_canonical,19.1,0.1,30,0.0019533395504670284,0.0015334217811459627,0.0024165353191714888,0.0010556115747762382,0.0009368478052868225,0.0011830691841134059,0.0025892527360498745,0.002124379007711385,0.0031001573684278972,
timecourse,A_full_canonical,19.2,0.1,30,0.002407591220596597,0.001849139176302279,0.003020659418928225,0.0010974362778242808,0.000981297700146012,0.001219678809966478,0.003120309616490931,0.002524704160540352,0.0037885481130306878,
timecourse,A_full_canonical,19.3,0.1,30,0.002430799951344342,0.0018477451228566463,0.0031170870030022154,0.0011254471356558062,0.001005175737584116,0.0012491933215444632,0.003234630725382684,0.0025887013096080416,0.003950617558446371,
timecourse,A_full_canonical,19.400000000000002,0.1,30,0.002447105359109968,0.0018313294271567065,0.0030938991343113075,0.0011603933593487509,0.0010390192612296867,0.0012861286410299465,0.003330226090658107,0.0026622403722085094,0.004020293356484215,
timecourse,A_full_canonical,19.5,0.1,30,0.002097543513240895,0.0015460699978060682,0.002697092942451564,0.0011638544225699974,0.0010370665675949423,0.001294637068948031,0.003044131201198937,0.0024547901597199474,0.0036844697036028215,
timecourse,A_full_canonical,19.6,0.1,30,0.0020306543355168277,0.0014954758664844183,0.002571568320451481,0.0011640333165790176,0.0010311933501365247,0.0013051809675770952,0.002930791541703522,0.002334626670664404,0.0035435288685695277,
timecourse,A_full_canonical,19.7,0.1,30,0.0021419749583907995,0.0016297894679522683,0.002695911293167331,0.0011784169051512693,0.0010333212242068686,0.001328109219272774,0.002984626892175349,0.002360818713084972,0.0036319490122705815,
timecourse,A_full_canonical,19.8,0.1,30,0.002223173644087463,0.0018002258642784979,0.002642220168819773,0.0011814689845191938,0.0010252543813923695,0.0013417160180754506,0.0029994596535265912,0.0024269149799320583,0.0035856899008853884,
timecourse,A_full_canonical,19.900000000000002,0.1,30,0.0025816923647959955,0.0022182687749313958,0.0029524307390918995,0.0011884205324418499,0.0010206149675828374,0.0013638448878248192,0.0033575203394575898,0.0028409950356889555,0.0038827391374122383,
timecourse,A_full_canonical,20.0,0.1,30,0.002634822201077693,0.0023066863523293784,0.0029749834882577823,0.0011866844172698833,0.001013757430357676,0.0013658160530128976,0.003426864357335349,0.0030044252126494374,0.0038717204441645735,
timecourse,A_full_canonical,20.1,0.1,30,0.0025485915941281805,0.002218450948028833,0.0029164704329700804,0.001184842768451736,0.0010140602442134765,0.001361716213639792,0.0033337875214557782,0.0029303725996612613,0.0037587120308580925,
timecourse,A_full_canonical,20.2,0.1,30,0.0024792896537849172,0.0021650254903705945,0.002840078965620189,0.0011797421249113672,0.0010074820242445125,0.001357004698327628,0.0032207940671782507,0.002834927547567946,0.003646776630427592,
timecourse,A_full_canonical,20.3,0.1,30,0.0024075880570002097,0.0021452966020972775,0.0027154566870335843,0.001166893891940197,0.000992407708945669,0.0013489416992354525,0.0030978319759726457,0.0027697004864872966,0.0034810270368823273,
timecourse,A_full_canonical,20.400000000000002,0.1,30,0.002512865965481895,0.0022005367826586912,0.0028774047702050144,0.001159249920297697,0.0009908400781840471,0.0013369966886016982,0.0031563503303310017,0.0028052712137869446,0.003561547401431693,
timecourse,A_full_canonical,20.5,0.1,30,0.0026276525422189935,0.0022230341370798766,0.003076482789356742,0.0011624214662809744,0.000996458703624085,0.0013331555371969357,0.003255855055973039,0.0028105608246972637,0.003742236707760177,
timecourse,A_full_canonical,20.6,0.1,30,0.0026764491429390525,0.002218117678320181,0.003172486034030752,0.0011665506066664685,0.000999254930508365,0.001334154066732765,0.0032788216519015275,0.0027679562672903416,0.003852830047793453,
timecourse,A_full_canonical,20.7,0.1,30,0.0026882798163179716,0.0022376533453267546,0.003193770230269968,0.0011762880082897065,0.001009564330693351,0.0013435983161052595,0.0033070793711037437,0.0027804323154212787,0.003875679442801413,
timecourse,A_full_canonical,20.8,0.1,30,0.0024540697374141793,0.002059945369342468,0.002885617072299441,0.0011846885357438411,0.0010206838561734465,0.0013530258437640097,0.0031440190857755907,0.0026854466351530324,0.003655585225904013,
timecourse,A_full_canonical,20.900000000000002,0.1,30,0.0022571550374595405,0.001839849643374696,0.002689417957365557,0.0012007830232488785,0.001034356999165963,0.0013758460728649274,0.003041807378807279,0.0025588944183686404,0.003555064439373252,
timecourse,A_full_canonical,21.0,0.1,30,0.0018084669545634531,0.0014636327439691494,0.0021730411129934884,0.001203076217336957,0.001034109525193743,0.0013765613803033456,0.002681140741563453,0.002260953499747427,0.0031293774934215376,
timecourse,A_full_canonical,21.1,0.1,30,0.001506359427221681,0.001230573536736539,0.001794697658731959,0.0012111237058101479,0.0010412487456043112,0.001389617442259347,0.002474507688260249,0.002142135323903182,0.0028446360768392925,
timecourse,A_full_canonical,21.2,0.1,30,0.0013932471192433596,0.0010874953983184778,0.0017158879836682859,0.0012262094512439556,0.0010543884348969605,0.0014066798137764287,0.0024230892457100606,0.002044277637313809,0.0028212418729415102,
timecourse,A_full_canonical,21.3,0.1,30,0.0012427828900125014,0.0009794855608424068,0.0015355549676389529,0.001225502279544584,0.0010539917188556057,0.0014064001518859983,0.0022544081645441824,0.0018873453648675339,0.0026526448164751614,
timecourse,A_full_canonical,21.400000000000002,0.1,30,0.001175066659875199,0.0009206634254311018,0.0014601220500695493,0.0012342537602740085,0.00106326591578376,0.0014161626861728667,0.002193549096450016,0.0018152403624259671,0.002618103868482911,
timecourse,A_full_canonical,21.5,0.1,30,0.0011389540453137293,0.0008804739749295693,0.0014163665932690438,0.0012369732176383613,0.0010628923909222487,0.0014157903837132204,0.002140929415980822,0.001750658694238876,0.0025625174037587593,
timecourse,A_full_canonical,21.6,0.1,30,0.0011446241193437039,0.0008675003705229622,0.0014587463781492792,0.0012381388751347712,0.0010627541344591998,0.0014165735661343382,0.0021218803947063965,0.001726922280326361,0.0025628182938447473,
timecourse,A_full_canonical,21.7,0.1,30,0.0012371207848310222,0.0009172768900567622,0.0015857247966403424,0.0012413141600624293,0.0010701735902181844,0.0014196602574401659,0.0021665753661997316,0.0017487110972674881,0.002625195384416829,
timecourse,A_full_canonical,21.8,0.1,30,0.0014333701696336771,0.0011112748303259176,0.001774674228974933,0.0012472748784795261,0.001079346278002903,0.001421884854252061,0.0022960635379143017,0.0018892796441574006,0.002728680799921013,
timecourse,A_full_canonical,21.900000000000002,0.1,30,0.0015936714101069044,0.001236118585378476,0.0019880724625460726,0.0012592516228744114,0.0010914498467894198,0.0014362489422232731,0.002489375116191736,0.002057745274258578,0.002934080975907145,
timecourse,A_full_canonical,22.0,0.1,30,0.0016614211260236988,0.0012906791734662603,0.0020827748099125696,0.001268672527979264,0.001099956927309494,0.001443475693872171,0.0025552097214864896,0.002105028231154514,0.003045482391221615,
timecourse,A_full_canonical,22.1,0.1,30,0.0016796822484718905,0.00125178015903328,0.002141844099271449,0.0012760366635899112,0.0011084372194323114,0.0014539146364118808,0.0026477455412785497,0.0021765117244598527,0.003144624223144885,
timecourse,A_full_canonical,22.2,0.1,30,0.0017153559396228,0.0012209229168362095,0.002242328481320871,0.0012875073673507035,0.0011234877728550626,0.001461690332771202,0.0027378093957640707,0.002263267165795265,0.0032655659194084246,
timecourse,A_full_canonical,22.3,0.1,30,0.0017790631185019552,0.0013206921797469285,0.0022645544905225794,0.00129379730507339,0.001126152109022648,0.0014681742011591638,0.002738263510792306,0.002238931639959994,0.003246866277751623,
timecourse,A_full_canonical,22.400000000000002,0.1,30,0.0020346329527081808,0.0015520945266643351,0.002573604597544767,0.0013202023593332725,0.0011431828620811074,0.0015047239316481021,0.002974105087387047,0.002375435167963391,0.003597847581764411,
timecourse,A_full_canonical,22.5,0.1,30,0.002274263807713771,0.0018042181196307409,0.002802102282607366,0.0013546259349966675,0.0011716883725708157,0.0015441362156982902,0.003216243579873052,0.002582408802728384,0.0038651348225730666,
timecourse,A_full_canonical,22.6,0.1,30,0.002568168508177786,0.002024557149539406,0.0031741718165574115,0.0013841378818097928,0.001188692366877293,0.001581675680482044,0.003534787862089318,0.0028321050906906947,0.004271611454032779,
timecourse,A_full_canonical,22.7,0.1,30,0.0025030840831478116,0.0019685878918203514,0.0031057702710858416,0.001400727581580785,0.0012015538196645625,0.0016045033113372604,0.003506572584941014,0.0027916334357815003,0.004258070075644343,
timecourse,A_full_canonical,22.8,0.1,30,0.0022754877336438103,0.0017837235715741884,0.002822978024748278,0.0014075233543160242,0.0012044444991914519,0.0016168928272033364,0.0032720278078646166,0.0025888466524314454,0.003989582664683635,
timecourse,A_full_canonical,22.900000000000002,0.1,30,0.002001929888561973,0.0015960606763647267,0.0024658498715105464,0.0014132905976476525,0.0012102747593604767,0.0016269983767763939,0.003044183407256553,0.0024203337607532054,0.003680938230608367,
timecourse,A_full_canonical,23.0,0.1,30,0.0017920842982625256,0.0014443240371582163,0.0021973439450593863,0.0014209288663004805,0.001214851312895645,0.0016342889552859597,0.002868838397572512,0.002319183325835282,0.0034704186092816207,
timecourse,A_full_canonical,23.1,0.1,30,0.0016442589695921858,0.00131139136050805,0.0020186805529563137,0.0014230005191644415,0.0012165658929577333,0.0016314751462425774,0.0027262478618925515,0.0022116868498512645,0.003294818451821602,
timecourse,A_full_canonical,23.2,0.1,30,0.001692325240607083,0.0012918255193454615,0.002134177513817937,0.0014297231213741914,0.0012251706461756883,0.001636457484360578,0.0028182072294285713,0.0022984235241628134,0.0033813203893358385,
timecourse,A_full_canonical,23.3,0.1,30,0.0017030925552182685,0.0012898573668296848,0.0021621659796872954,0.001430082011679868,0.00123035718469297,0.0016278893604488576,0.0027937853477151583,0.0023039770423733067,0.0033325400474377865,
timecourse,A_full_canonical,23.400000000000002,0.1,30,0.0016395244511456066,0.0012588971394459827,0.0020680253850217946,0.00142536393364865,0.0012313177292473361,0.00161788104442889,0.0026590432493873084,0.0021841793754444243,0.003167933002685736,
timecourse,A_full_canonical,23.5,0.1,30,0.0016250421831814103,0.0012448393753426872,0.00203697529809945,0.0014209391869277827,0.0012324347093013012,0.0016114978102560137,0.0026314986181047526,0.002211917506465779,0.003081141732657493,
timecourse,A_full_canonical,23.6,0.1,30,0.002012429573170767,0.0015547572204889601,0.00250121372776861,0.0014284312803567118,0.0012454864226185646,0.0016139488497160606,0.0029698754057499097,0.002503694380743133,0.0034609822755162813,
timecourse,A_full_canonical,23.7,0.1,30,0.002108722410380863,0.0016527393353752353,0.0025836259268186257,0.0014537442131256253,0.0012700937772394095,0.0016379699826532884,0.0031383245013346544,0.0026720127580507186,0.00361026402312927,
timecourse,A_full_canonical,23.8,0.1,30,0.0018905584851503575,0.0015207661876714624,0.002294912538971698,0.0014635149449166022,0.0012681535730333414,0.0016609061503201096,0.002931547197254871,0.0024503139709309875,0.0034275569858989697,
timecourse,A_full_canonical,23.900000000000002,0.1,30,0.002090747316026862,0.0016797237612365872,0.0025563925181499234,0.0014885153947362692,0.0012845418309508606,0.0016934879862524912,0.0031343058337019118,0.002534553127568593,0.003762444040211476,
timecourse,A_full_canonical,24.0,0.1,30,0.0022503499281778883,0.001780853167419489,0.0027616029077125208,0.0015143865370709471,0.0012949740534250098,0.0017313223759177919,0.003344816594864955,0.002685583852877352,0.0040265277705997535,
timecourse,A_full_canonical,24.1,0.1,30,0.0026798015137867418,0.0022419176538771833,0.003150035571370569,0.0015488221322087204,0.001317766657102828,0.0017768799876916519,0.0037623300890591723,0.0030910799182950624,0.00447483450126857,
timecourse,A_full_canonical,24.2,0.1,30,0.0027678977502823884,0.0023691859721459486,0.0031947192163215973,0.0015646521070800503,0.0013268032405733753,0.0017987532031627281,0.0038813251744701615,0.003260621785829038,0.004513159765366105,
timecourse,A_full_canonical,24.3,0.1,30,0.0029774658506209607,0.002632183685108135,0.003348697818241915,0.0015887913927141483,0.001349746229163477,0.0018256728469252333,0.0041439833673625835,0.003621538827659858,0.004694564172513573,
timecourse,A_full_canonical,24.400000000000002,0.1,30,0.0030247321876502578,0.0027009237317270557,0.0033498406654367003,0.0016109441479326846,0.0013762490787735328,0.0018492901213044066,0.004258789462949653,0.0038526514418490494,0.004670776020554515,
timecourse,A_full_canonical,24.5,0.1,30,0.002891484258427879,0.0025996995857653126,0.003199490785868466,0.0016333273405100437,0.0014040110284826142,0.001861222499122579,0.004172564720264129,0.0038217807059761277,0.0045240071565488035,
timecourse,A_full_canonical,24.6,0.1,30,0.00270967092129729,0.0024736635967541605,0.0029705866965329484,0.0016493858801456549,0.0014337643384809723,0.0018670604513554342,0.004006038431959349,0.0037241377807415606,0.004290285617455533,
timecourse,A_full_canonical,24.7,0.1,30,0.002538269684345758,0.0023440269976058295,0.002748840316322605,0.0016555604129143084,0.0014440047142839389,0.0018707366155858675,0.003809841191912494,0.0035756687161294133,0.0040464582517495875,
timecourse,A_full_canonical,24.8,0.1,30,0.0023500384350455556,0.0022028568343555777,0.0025165442214197887,0.001659632952633081,0.001460908330471904,0.0018666626260704733,0.0036031870614658033,0.003407767878535452,0.0037981218738964086,
timecourse,A_full_canonical,24.900000000000002,0.1,30,0.0020868277517065215,0.0019417917629908617,0.0022490684596928783,0.0016596915058814732,0.001467157913189171,0.001861250686320496,0.0033474748633292297,0.0031562410366958045,0.003536360304168715,
timecourse,D_single_timescale,0.0,0.1,30,0.0002998348901688158,0.0002568888671111898,0.00034478633334913495,0.0,0.0,0.0,0.00029983489016880983,0.00025703222552486444,0.00034587652769239174,
timecourse,D_single_timescale,0.1,0.1,30,0.0009720319814844995,0.0008747506517770011,0.0010737086985726668,0.0,0.0,0.0,0.0009720319814845022,0.0008762296737625761,0.0010734534459702742,
timecourse,D_single_timescale,0.2,0.1,30,0.00164443844057205,0.0015449294518541422,0.0017398718664785838,0.0,0.0,0.0,0.0016444384405720441,0.0015503326810559718,0.0017423202053912863,
timecourse,D_single_timescale,0.3,0.1,30,0.0022615078528826003,0.0021437036405870004,0.0023786074073247855,0.0,0.0,0.0,0.0022615078528826,0.002143661985404367,0.002373928741672578,
timecourse,D_single_timescale,0.4,0.1,30,0.0027048958749158834,0.002586021970883111,0.0028177301672402495,0.0,0.0,0.0,0.002704895874915875,0.0025868718615042526,0.002818935282313022,
timecourse,D_single_timescale,0.5,0.1,30,0.00299472506875457,0.0027797905005005606,0.0032626300397278034,0.0,0.0,0.0,0.002994725068754564,0.0027776324266576497,0.0032702923979093393,
timecourse,D_single_timescale,0.6,0.1,30,0.003182568870066163,0.0027548590180781715,0.0037586793297988683,0.0,0.0,0.0,0.0031825688700661586,0.002754540909353576,0.003745197705558388,
timecourse,D_single_timescale,0.7000000000000001,0.1,30,0.0027811126682406634,0.0023307083126182246,0.003371467540945441,0.0,0.0,0.0,0.002781112668240652,0.002328632101863197,0.0033698685850504103,
timecourse,D_single_timescale,0.8,0.1,30,0.001935810391959745,0.0015461315119650217,0.0024447647866728036,0.0,0.0,0.0,0.0019358103919597373,0.0015396637732084139,0.002443027481188272,
timecourse,D_single_timescale,0.9,0.1,30,0.0015075809316034906,0.001091249124116261,0.0020223358594374332,0.0,0.0,0.0,0.0015075809316034796,0.0010877514998197005,0.0020202628009761995,
timecourse,D_single_timescale,1.0,0.1,30,0.0017194823078599667,0.0012574045793469816,0.002289357820082811,0.0,0.0,0.0,0.0017194823078599635,0.0012548292735439777,0.002256844036941669,
timecourse,D_single_timescale,1.1,0.1,30,0.002166461541886223,0.0017848009246373157,0.002605812672206793,0.0,0.0,0.0,0.002166461541886227,0.0017838920745871394,0.0026013846147256033,
timecourse,D_single_timescale,1.2,0.1,30,0.0027427012323793997,0.002338784025073625,0.0032383854284978877,0.0,0.0,0.0,0.002742701232379407,0.0023377874385505665,0.0032209333992414216,
timecourse,D_single_timescale,1.3,0.1,30,0.003399203558834546,0.002827901212417175,0.004050990194049102,0.0,0.0,0.0,0.0033992035588345545,0.0028313042682081226,0.004047749151818947,
timecourse,D_single_timescale,1.4000000000000001,0.1,30,0.0037050485613725603,0.0030508147834703526,0.00439017145252339,0.0,0.0,0.0,0.003705048561372567,0.0030607546124735117,0.004390991253464952,
timecourse,D_single_timescale,1.5,0.1,30,0.0038570548816374787,0.0031825426876149233,0.004558248872525554,0.0,0.0,0.0,0.0038570548816374904,0.003184313106809587,0.0045244579396987615,
timecourse,D_single_timescale,1.6,0.1,30,0.003723766709497401,0.0031039212062234085,0.004364382088363357,0.0,0.0,0.0,0.003723766709497411,0.003116387354595841,0.0043682444307831,
timecourse,D_single_timescale,1.7,0.1,30,0.00357073432180557,0.002986637293771363,0.004163362996594501,0.0,0.0,0.0,0.003570734321805579,0.002995829137566986,0.004179227195339621,
timecourse,D_single_timescale,1.8,0.1,30,0.0032518514112286206,0.0027527112205857603,0.0037709438664866595,0.0,0.0,0.0,0.0032518514112286263,0.002763157664014436,0.0037786992579675193,
timecourse,D_single_timescale,1.9000000000000001,0.1,30,0.0027966852238542725,0.0023626636577443374,0.0032738697629777665,0.0,0.0,0.0,0.002796685223854282,0.002361604977529582,0.0032511070461323966,
timecourse,D_single_timescale,2.0,0.1,30,0.00239796440710156,0.002027893155153862,0.0028014326069144557,0.0,0.0,0.0,0.0023979644071015615,0.0020254321717187436,0.002810925685255133,
timecourse,D_single_timescale,2.1,0.1,30,0.0021339449200771118,0.0017966765168190581,0.0024983924339670683,0.0,0.0,0.0,0.0021339449200771113,0.001799939207671031,0.0024921237066377324,
timecourse,D_single_timescale,2.2,0.1,30,0.0019227470589599969,0.0016072907564817919,0.0022527737207102224,0.0,0.0,0.0,0.001922747058960001,0.0016052336711976601,0.0022562075395783396,
timecourse,D_single_timescale,2.3000000000000003,0.1,30,0.0017853826870446196,0.0015217225014758902,0.0020548955698828624,0.0,0.0,0.0,0.0017853826870446116,0.0015306412065717318,0.0020560896776504276,
timecourse,D_single_timescale,2.4,0.1,30,0.0016772520050341638,0.0014491356633416189,0.0019197414378551423,0.0,0.0,0.0,0.001677252005034169,0.0014556159851863207,0.0019148684961163363,
timecourse,D_single_timescale,2.5,0.1,30,0.0015987715951668478,0.0013467118053320944,0.0018805399454842374,0.0,0.0,0.0,0.00159877159516685,0.0013426287012463295,0.0018789600374997766,
timecourse,D_single_timescale,2.6,0.1,30,0.0015214819920908748,0.0012699679874476953,0.0018135093668159034,0.0,0.0,0.0,0.0015214819920908737,0.0012669154024103847,0.0018137827893471424,
timecourse,D_single_timescale,2.7,0.1,30,0.0015414742286427926,0.0012579197074067724,0.0018636642940084523,0.0,0.0,0.0,0.0015414742286427956,0.0012617252716643377,0.0018642016799933004,
timecourse,D_single_timescale,2.8000000000000003,0.1,30,0.0017454670213048673,0.0014035957023020762,0.0021369792997142406,0.0,0.0,0.0,0.0017454670213048658,0.0013955788929897414,0.0021264024607751566,
timecourse,D_single_timescale,2.9,0.1,30,0.0019438259765195039,0.0015853823392919374,0.0023312719576326565,0.0,0.0,0.0,0.0019438259765194993,0.0015901416233383523,0.002332814927152673,
timecourse,D_single_timescale,3.0,0.1,30,0.0022208292271024286,0.0018649060259890045,0.0026014175607129582,0.0,0.0,0.0,0.0022208292271024216,0.0018787063143742935,0.002611106560590133,
timecourse,D_single_timescale,3.1,0.1,30,0.0025328666010241475,0.002160551326102719,0.0029476340240042545,0.0,0.0,0.0,0.0025328666010241445,0.0021624097095380482,0.0029522275088278292,
timecourse,D_single_timescale,3.2,0.1,30,0.002883503036338894,0.0024055436303454815,0.0034240214464128596,0.0,0.0,0.0,0.002883503036338886,0.0024108090612000913,0.003425338116246597,
timecourse,D_single_timescale,3.3000000000000003,0.1,30,0.002917909443872856,0.002506959178093522,0.003379518564333008,0.0,0.0,0.0,0.00291790944387286,0.0024859668504884544,0.003377103337667764,
timecourse,D_single_timescale,3.4,0.1,30,0.0032455952959229294,0.0026242968491426277,0.003947293245554152,0.0,0.0,0.0,0.003245595295922929,0.0026177257684724675,0.0039145427896043914,
timecourse,D_single_timescale,3.5,0.1,30,0.0031464344535927064,0.0025675568426113573,0.0037953001818285576,0.0,0.0,0.0,0.0031464344535927003,0.0025474540056773932,0.003831335072729816,
timecourse,D_single_timescale,3.6,0.1,30,0.002824547348450744,0.002326702761557593,0.0033717819318308394,0.0,0.0,0.0,0.002824547348450747,0.00231348865459625,0.003365442160037343,
timecourse,D_single_timescale,3.7,0.1,30,0.002312671982343122,0.0018675084076865058,0.0028219419343664598,0.0,0.0,0.0,0.0023126719823431145,0.0018661176520790303,0.002808726383353609,
timecourse,D_single_timescale,3.8000000000000003,0.1,30,0.002466789114677968,0.0019882652255037063,0.0029562117899885423,0.0,0.0,0.0,0.0024667891146779677,0.0019907186651578184,0.00297334608798023,
timecourse,D_single_timescale,3.9,0.1,30,0.002219616955734081,0.0017171663462670766,0.002734405004900447,0.0,0.0,0.0,0.002219616955734077,0.0017302273979087535,0.0027298701016332987,
timecourse,D_single_timescale,4.0,0.1,30,0.0021764682953211477,0.0017009070279081309,0.002667522826973397,0.0,0.0,0.0,0.002176468295321144,0.0017010719393831001,0.002686506578923348,
timecourse,D_single_timescale,4.1,0.1,30,0.0019564580608979116,0.0014768727254322034,0.0024680451513742216,0.0,0.0,0.0,0.0019564580608979185,0.0015010031116565186,0.0024720901859585386,
timecourse,D_single_timescale,4.2,0.1,30,0.0019850963407109954,0.001578063431927206,0.0024078033404861397,0.0,0.0,0.0,0.0019850963407109863,0.0015756445949814024,0.002422779748557825,
timecourse,D_single_timescale,4.3,0.1,30,0.0018203572137597964,0.0014209703234994253,0.0022540590260014233,0.0,0.0,0.0,0.001820357213759797,0.0014200017281092107,0.002262311643437324,
timecourse,D_single_timescale,4.4,0.1,30,0.0016924298291681225,0.0013185551694411737,0.0021006470621303137,0.0,0.0,0.0,0.0016924298291681144,0.0013264033569485845,0.002107019523919109,
timecourse,D_single_timescale,4.5,0.1,30,0.0015164617979226906,0.0011602480409270268,0.0019071889675035063,0.0,0.0,0.0,0.0015164617979226784,0.0011700758008065762,0.0019148043202384692,
timecourse,D_single_timescale,4.6000000000000005,0.1,30,0.001547449581557295,0.0011702174977216032,0.001955988945044998,0.0,0.0,0.0,0.0015474495815572932,0.0011720467608918022,0.0019534028113956515,
timecourse,D_single_timescale,4.7,0.1,30,0.001754823690033228,0.001321957679232272,0.002214858856383481,0.0,0.0,0.0,0.001754823690033229,0.0013057064916485459,0.0022244379215106917,
timecourse,D_single_timescale,4.8,0.1,30,0.0019304924208125272,0.0014893390350805206,0.0023964496420261243,0.0,0.0,0.0,0.0019304924208125333,0.0014892956277565393,0.0024070114661362057,
timecourse,D_single_timescale,4.9,0.1,30,0.0022124802266213026,0.0016628278458942806,0.0028208592502570913,0.0,0.0,0.0,0.002212480226621303,0.0016607076122114762,0.0028167257986536375,
timecourse,D_single_timescale,5.0,0.1,30,0.0021003543686463747,0.0015653942907069402,0.002690636698455312,0.0,0.0,0.0,0.0021003543686463956,0.00155845734708735,0.0026937402085256703,
timecourse,D_single_timescale,5.1000000000000005,0.1,30,0.0023734634582530485,0.0017112354880130373,0.0031270459878066223,0.0,0.0,0.0,0.00237346345825304,0.0017134943645975343,0.0031087986378292767,
timecourse,D_single_timescale,5.2,0.1,30,0.0025118118964979606,0.001859922341995421,0.0032170277290726394,0.0,0.0,0.0,0.002511811896497952,0.0018789230803961253,0.00324663024696981,
timecourse,D_single_timescale,5.3,0.1,30,0.002816565100099466,0.002184479501529104,0.0035213260193038953,0.0,0.0,0.0,0.002816565100099463,0.002181492615047579,0.0035359717118828918,
timecourse,D_single_timescale,5.4,0.1,30,0.003145857700702716,0.002575895786308678,0.003785652105216518,0.0,0.0,0.0,0.0031458577007027126,0.002567209140456335,0.003773935517864766,
timecourse,D_single_timescale,5.5,0.1,30,0.003973369158546197,0.0032217731419588768,0.0047596125028918496,0.0,0.0,0.0,0.003973369158546197,0.003207150789840806,0.00475581806338569,
timecourse,D_single_timescale,5.6000000000000005,0.1,30,0.004344477059538913,0.0035249015392859995,0.005148107023188219,0.0,0.0,0.0,0.0043444770595389105,0.0035192815628689975,0.005154855206561457,
timecourse,D_single_timescale,5.7,0.1,30,0.004399866212482031,0.003611866409624723,0.005194998056389364,0.0,0.0,0.0,0.004399866212482033,0.003617757087520592,0.00517745567884279,
timecourse,D_single_timescale,5.8,0.1,30,0.004276377958247053,0.0036075976274508852,0.004961258896746777,0.0,0.0,0.0,0.00427637795824705,0.003601649131355709,0.004954726289925999,
timecourse,D_single_timescale,5.9,0.1,30,0.0041435206813230895,0.003610266043946331,0.00467615862206456,0.0,0.0,0.0,0.0041435206813230895,0.003599225298098034,0.0046649454149565355,
timecourse,D_single_timescale,6.0,0.1,30,0.0038859742906780553,0.0034253539339798426,0.004321630523409591,0.0,0.0,0.0,0.003885974290678057,0.0034261554550400696,0.0043336469769270506,
timecourse,D_single_timescale,6.1000000000000005,0.1,30,0.0035976109278619563,0.003179362910427733,0.004008326269930181,0.0,0.0,0.0,0.0035976109278619563,0.0031696144952141447,0.0040076725421142115,
timecourse,D_single_timescale,6.2,0.1,30,0.0031709728763215767,0.002786364586725867,0.0035523055676653574,0.0,0.0,0.0,0.003170972876321576,0.0027919708122133807,0.003553674223268409,
timecourse,D_single_timescale,6.3,0.1,30,0.0027282437432141456,0.0023948524800652482,0.0030600228274678754,0.0,0.0,0.0,0.0027282437432141395,0.0023886294310596816,0.0030603122024911505,
timecourse,D_single_timescale,6.4,0.1,30,0.002385924889940563,0.002084703524146541,0.002684972468853713,0.0,0.0,0.0,0.002385924889940559,0.0020883640621274483,0.002684122535866773,
timecourse,D_single_timescale,6.5,0.1,30,0.002032570477627544,0.001779867264016772,0.0022905037850551326,0.0,0.0,0.0,0.002032570477627543,0.0017793433453855028,0.002278387718951188,
timecourse,D_single_timescale,6.6000000000000005,0.1,30,0.0018199965936509571,0.0015951476230913963,0.002070189534802435,0.0,0.0,0.0,0.0018199965936509588,0.0015937890441005203,0.002063243936441566,
timecourse,D_single_timescale,6.7,0.1,30,0.0017599557767357778,0.001521320548551114,0.002013346315410989,0.0,0.0,0.0,0.0017599557767357804,0.0015180345363848837,0.00202431261479641,
timecourse,D_single_timescale,6.8,0.1,30,0.0017629407228223427,0.0014621833041468333,0.0020870545921589725,0.0,0.0,0.0,0.0017629407228223425,0.0014660187423493234,0.0020914062747991913,
timecourse,D_single_timescale,6.9,0.1,30,0.0017482258810961237,0.001415889457680211,0.00211877167390642,0.0,0.0,0.0,0.0017482258810961303,0.0014128795456926425,0.0021186547705643135,
timecourse,D_single_timescale,7.0,0.1,30,0.001585901948776605,0.0012771454963296828,0.0019346016580506224,0.0,0.0,0.0,0.0015859019487765977,0.0012873901720612208,0.0019226236731816387,
timecourse,D_single_timescale,7.1000000000000005,0.1,30,0.0015122618626818296,0.0011576728220518437,0.0019153255486894828,0.0,0.0,0.0,0.0015122618626818296,0.00116851046281713,0.0019179255999268344,
timecourse,D_single_timescale,7.2,0.1,30,0.0016886094241482569,0.0012851967616285822,0.002133704071109626,0.0,0.0,0.0,0.0016886094241482673,0.0012887910095538972,0.0021469716367298747,
timecourse,D_single_timescale,7.3,0.1,30,0.002189563721245169,0.0017628997011432982,0.00266782023502711,0.0,0.0,0.0,0.0021895637212451624,0.0017621870382045028,0.0026737977353736724,
timecourse,D_single_timescale,7.4,0.1,30,0.002811617303858273,0.0024079996080485708,0.0032911918611670914,0.0,0.0,0.0,0.0028116173038582673,0.002404974702404563,0.0032855096240556143,
timecourse,D_single_timescale,7.5,0.1,30,0.0032117813704605953,0.0028225824335049087,0.003671735237387309,0.0,0.0,0.0,0.003211781370460594,0.002831472076225362,0.0036638476063488193,
timecourse,D_single_timescale,7.6000000000000005,0.1,30,0.0036513299315101763,0.003179055730857736,0.004226358220841765,0.0,0.0,0.0,0.0036513299315101715,0.0031958682629700855,0.004217498824812568,
timecourse,D_single_timescale,7.7,0.1,30,0.0037263199778060654,0.0031929851885400587,0.00436132972966625,0.0,0.0,0.0,0.0037263199778060575,0.003188545460144639,0.0043732098276643245,
timecourse,D_single_timescale,7.8,0.1,30,0.0035721127554261527,0.003089498227308561,0.004187499592868035,0.0,0.0,0.0,0.003572112755426148,0.0030866742916986828,0.004185181731213575,
timecourse,D_single_timescale,7.9,0.1,30,0.0030840708090491007,0.0026917846449412922,0.0035665358795784756,0.0,0.0,0.0,0.0030840708090490933,0.0026972567736201977,0.003557127527129645,
timecourse,D_single_timescale,8.0,0.1,30,0.0023204248956270332,0.0020092337233859276,0.0027245023960053997,0.0,0.0,0.0,0.002320424895627048,0.0020070172738461335,0.0027219941906981033,
timecourse,D_single_timescale,8.1,0.1,30,0.0017030300837360018,0.0014545951291052316,0.0019970106716467213,0.0,0.0,0.0,0.0017030300837359944,0.0014542657247702765,0.0019947001914959847,
timecourse,D_single_timescale,8.2,0.1,30,0.001222183864260265,0.0010090647033571196,0.0014735207025352252,0.0,0.0,0.0,0.0012221838642602614,0.001011419436845022,0.001471639009236508,
timecourse,D_single_timescale,8.3,0.1,30,0.0006694487686752285,0.0005745404021219109,0.0007806350908739041,0.0,0.0,0.0,0.0006694487686752261,0.000574510091264971,0.0007808684945009963,
timecourse,D_single_timescale,8.4,0.1,30,0.0008245997225093161,0.0006559675664103554,0.0010027249909312342,0.0,0.0,0.0,0.000824599722509321,0.000657762666159328,0.0010028100030047616,
timecourse,D_single_timescale,8.5,0.1,30,0.0012376081962642944,0.0010566157022887121,0.001441110854121922,0.0,0.0,0.0,0.001237608196264293,0.0010537313865120544,0.0014413425485515182,
timecourse,D_single_timescale,8.6,0.1,30,0.0014790975778154092,0.0013088405125415148,0.001680756726125419,0.0,0.0,0.0,0.0014790975778154068,0.0013072203473998383,0.0016753537681132116,
timecourse,D_single_timescale,8.700000000000001,0.1,30,0.0015063086991986573,0.0013355348633765048,0.00169215233449453,0.0,0.0,0.0,0.0015063086991986545,0.0013411740712971278,0.001701992245691907,
timecourse,D_single_timescale,8.8,0.1,30,0.0014745927674911581,0.001301433120806325,0.0016613468984729316,0.0,0.0,0.0,0.0014745927674911599,0.001297863227050443,0.0016612714269328408,
timecourse,D_single_timescale,8.9,0.1,30,0.0014812901559378882,0.0012882418112406557,0.0016805803160941579,0.0,0.0,0.0,0.0014812901559378914,0.001289644983448237,0.001682896108313654,
timecourse,D_single_timescale,9.0,0.1,30,0.0015892809882779794,0.001367311240825353,0.001844825834425445,0.0,0.0,0.0,0.0015892809882779775,0.001362674053166433,0.0018479716103368244,
timecourse,D_single_timescale,9.1,0.1,30,0.00175762394601375,0.001511235811443419,0.002044224181626455,0.0,0.0,0.0,0.001757623946013752,0.001507783373945018,0.0020537496608283023,
timecourse,D_single_timescale,9.200000000000001,0.1,30,0.0020674990812159532,0.0017081548888161664,0.0024969373166847625,0.0,0.0,0.0,0.0020674990812159584,0.0017135189990630589,0.0024868995811942064,
timecourse,D_single_timescale,9.3,0.1,30,0.0021931673091299606,0.0017477852288346012,0.0027569038305245955,0.0,0.0,0.0,0.0021931673091299627,0.0017441177445743047,0.002780352129164022,
timecourse,D_single_timescale,9.4,0.1,30,0.0021232772372379747,0.0016889443988615065,0.002662022776890094,0.0,0.0,0.0,0.002123277237237967,0.0016823576682113443,0.002667450989623111,
timecourse,D_single_timescale,9.5,0.1,30,0.0019782202835804653,0.0015824811356321938,0.002431473301780834,0.0,0.0,0.0,0.001978220283580461,0.0015846223583918181,0.0024443512195156105,
timecourse,D_single_timescale,9.6,0.1,30,0.0017366086054744307,0.0013011785796245429,0.002260745197643205,0.0,0.0,0.0,0.0017366086054744266,0.0012985807570593641,0.002248971327679618,
timecourse,D_single_timescale,9.700000000000001,0.1,30,0.0015862716773090298,0.0011395891442963358,0.0020895474905693137,0.0,0.0,0.0,0.0015862716773090283,0.0011382479552098348,0.00206505950274011,
timecourse,D_single_timescale,9.8,0.1,30,0.0014929799072965048,0.0010982595150881877,0.0018968953513036266,0.0,0.0,0.0,0.001492979907296501,0.001117102295757468,0.001906176496924911,
timecourse,D_single_timescale,9.9,0.1,30,0.00142976663127592,0.0010899831223038293,0.0018072842201026877,0.0,0.0,0.0,0.001429766631275915,0.0010875598543310947,0.0017980936947254041,
timecourse,D_single_timescale,10.0,0.1,30,0.0014013458009963543,0.0010871114754934348,0.0017325723973290995,0.0,0.0,0.0,0.0014013458009963496,0.0010899821519504663,0.0017379039515066136,
timecourse,D_single_timescale,10.1,0.1,30,0.0013392728371636894,0.0010673246602775812,0.0016268707334807324,0.0,0.0,0.0,0.0013392728371636865,0.0010708837932633033,0.0016350392736628415,
timecourse,D_single_timescale,10.200000000000001,0.1,30,0.0012598059944850712,0.001016021035603168,0.0015130673959650057,0.0,0.0,0.0,0.0012598059944850767,0.001027942730065271,0.0015153288174392255,
timecourse,D_single_timescale,10.3,0.1,30,0.0011561872240159069,0.000930179913452049,0.001401062274067228,0.0,0.0,0.0,0.0011561872240159114,0.0009289826242193463,0.001400780724535564,
timecourse,D_single_timescale,10.4,0.1,30,0.0013065092066721089,0.0009756330094919553,0.00170301925314044,0.0,0.0,0.0,0.0013065092066721193,0.0009745864079633912,0.0017010412714962115,
timecourse,D_single_timescale,10.5,0.1,30,0.0013765112579046564,0.0010302245937554343,0.0017640100486683698,0.0,0.0,0.0,0.001376511257904653,0.00103125390565794,0.0017790461659759396,
timecourse,D_single_timescale,10.6,0.1,30,0.0014420754622752876,0.0010698342613890844,0.0018435678984212204,0.0,0.0,0.0,0.0014420754622752818,0.001059975041906015,0.0018534618609766858,
timecourse,D_single_timescale,10.700000000000001,0.1,30,0.001367262602776954,0.001072533831916622,0.001681920823295556,0.0,0.0,0.0,0.001367262602776964,0.0010701101685393585,0.0016876687189134208,
timecourse,D_single_timescale,10.8,0.1,30,0.0018493414086688566,0.0013629777842547974,0.002420028322642969,0.0,0.0,0.0,0.0018493414086688566,0.0013636075497918615,0.0024265324371541166,
timecourse,D_single_timescale,10.9,0.1,30,0.001902341593568269,0.0014409505626349387,0.002461500024613474,0.0,0.0,0.0,0.0019023415935682702,0.0014244441655068224,0.002464472974462152,
timecourse,D_single_timescale,11.0,0.1,30,0.0022626264444586606,0.0016985354585202308,0.0029632870614761777,0.0,0.0,0.0,0.002262626444458663,0.0016965554988070358,0.0029730689053454936,
timecourse,D_single_timescale,11.1,0.1,30,0.0026764142771416323,0.002067116181744069,0.0033860198709837227,0.0,0.0,0.0,0.0026764142771416306,0.002080245426581147,0.0033979081339839887,
timecourse,D_single_timescale,11.200000000000001,0.1,30,0.0030060918863820947,0.0023891311431960332,0.0036892569547650263,0.0,0.0,0.0,0.003006091886382094,0.0023969380902906395,0.0037159796943462154,
timecourse,D_single_timescale,11.3,0.1,30,0.003510230259726468,0.002847817686587689,0.0042126424719847325,0.0,0.0,0.0,0.0035102302597264747,0.0028543126401059404,0.004216450011561902,
timecourse,D_single_timescale,11.4,0.1,30,0.003915345051749534,0.0032022623803714405,0.004667188999560214,0.0,0.0,0.0,0.003915345051749534,0.003195872438366935,0.004684438860701381,
timecourse,D_single_timescale,11.5,0.1,30,0.004020421444511208,0.0033312483634664286,0.004818260813796313,0.0,0.0,0.0,0.004020421444511215,0.003329780549492672,0.0047938109382042226,
timecourse,D_single_timescale,11.6,0.1,30,0.00422815747010062,0.003599164893109361,0.004938158742173436,0.0,0.0,0.0,0.004228157470100627,0.0036120830118286464,0.004933862229964985,
timecourse,D_single_timescale,11.700000000000001,0.1,30,0.0046633504543075995,0.003883396279401082,0.00555217907714801,0.0,0.0,0.0,0.004663350454307599,0.0038882091706675167,0.00554532915351617,
timecourse,D_single_timescale,11.8,0.1,30,0.0047095340283932665,0.003930481136229285,0.005611596062496494,0.0,0.0,0.0,0.004709534028393259,0.0039264107499939836,0.005619352302453051,
timecourse,D_single_timescale,11.9,0.1,30,0.004569872284281558,0.0038615957394453507,0.00537310614497689,0.0,0.0,0.0,0.004569872284281569,0.0038702448080326097,0.005360520010753319,
timecourse,D_single_timescale,12.0,0.1,30,0.0043195558849472415,0.003571897493757136,0.005144240365438636,0.0,0.0,0.0,0.004319555884947248,0.003566334108669908,0.005156216390188749,
timecourse,D_single_timescale,12.1,0.1,30,0.003973101898068639,0.0032890845488498634,0.004725477825548431,0.0,0.0,0.0,0.003973101898068643,0.0032997892595098095,0.004734301262712058,
timecourse,D_single_timescale,12.200000000000001,0.1,30,0.003408436149467298,0.002775554760767434,0.004080899542345693,0.0,0.0,0.0,0.0034084361494673052,0.002770507354373608,0.004092994375182903,
timecourse,D_single_timescale,12.3,0.1,30,0.003293543068483957,0.0026604010243409548,0.003955416528748442,0.0,0.0,0.0,0.003293543068483952,0.0026446248461337845,0.003969635018565968,
timecourse,D_single_timescale,12.4,0.1,30,0.0032708481326914154,0.0025881771679975964,0.004064476508160709,0.0,0.0,0.0,0.003270848132691413,0.0025609250142254085,0.004068931219145404,
timecourse,D_single_timescale,12.5,0.1,30,0.0034249102694418943,0.002697887452895301,0.004234985509747366,0.0,0.0,0.0,0.0034249102694418935,0.002691933123592021,0.004259112565617514,
timecourse,D_single_timescale,12.6,0.1,30,0.003846152168275878,0.003094474376785236,0.0046400915618685,0.0,0.0,0.0,0.003846152168275881,0.003117075314463783,0.00464163771183946,
timecourse,D_single_timescale,12.700000000000001,0.1,30,0.00427110701877539,0.0035423385528342414,0.005039849031345657,0.0,0.0,0.0,0.004271107018775385,0.003535749881430102,0.005046458358467053,
timecourse,D_single_timescale,12.8,0.1,30,0.004333306794525363,0.003650652137559015,0.005089131914104331,0.0,0.0,0.0,0.0043333067945253625,0.0036259562874936266,0.005049731882518727,
timecourse,D_single_timescale,12.9,0.1,30,0.004139816845393367,0.0035086716978690647,0.0048194301601873,0.0,0.0,0.0,0.004139816845393361,0.0035064193171638574,0.0047870801788373486,
timecourse,D_single_timescale,13.0,0.1,30,0.003723175231324494,0.003139211431170175,0.0043630464779852675,0.0,0.0,0.0,0.0037231752313244913,0.003144410263462942,0.004369317802247327,
timecourse,D_single_timescale,13.1,0.1,30,0.0032655319455834604,0.002727648646537495,0.003850941714892703,0.0,0.0,0.0,0.0032655319455834595,0.0027354397206098063,0.003867670336130299,
timecourse,D_single_timescale,13.200000000000001,0.1,30,0.0027883602955449155,0.0023049337276953197,0.003337885853382805,0.0,0.0,0.0,0.0027883602955449172,0.002296289801216211,0.0033399800199847207,
timecourse,D_single_timescale,13.3,0.1,30,0.002365197832603389,0.0019300020813850327,0.0028652531992824555,0.0,0.0,0.0,0.002365197832603394,0.0019328342757867617,0.0028580793348099414,
timecourse,D_single_timescale,13.4,0.1,30,0.0023601001055820934,0.0018708502237522319,0.0029116288448845203,0.0,0.0,0.0,0.0023601001055820834,0.0018644381364128803,0.0028974701466152456,
timecourse,D_single_timescale,13.5,0.1,30,0.0025082027163458786,0.0019794491738828273,0.0030931967554332584,0.0,0.0,0.0,0.002508202716345881,0.001972754721991931,0.003073809333359038,
timecourse,D_single_timescale,13.6,0.1,30,0.0023889581753352962,0.0018689041320894147,0.002951497933479668,0.0,0.0,0.0,0.002388958175335287,0.0018626761972502372,0.0029655035730393364,
timecourse,D_single_timescale,13.700000000000001,0.1,30,0.0022182775765557205,0.0017243716616078889,0.002745908842854622,0.0,0.0,0.0,0.0022182775765557275,0.0017242098355747621,0.0027494995442765516,
timecourse,D_single_timescale,13.8,0.1,30,0.0022106918152380206,0.001747258283874165,0.0027114685182026504,0.0,0.0,0.0,0.002210691815238019,0.0017568060215615144,0.002707360509475347,
timecourse,D_single_timescale,13.9,0.1,30,0.0022722370979908913,0.0017583062601272245,0.002892194826419213,0.0,0.0,0.0,0.002272237097990896,0.001755511002933344,0.002882372814601116,
timecourse,D_single_timescale,14.0,0.1,30,0.0021220298058086235,0.0016854143245247214,0.0026315339030827246,0.0,0.0,0.0,0.0021220298058086183,0.0016936662947103951,0.0026183889495704294,
timecourse,D_single_timescale,14.1,0.1,30,0.0021094294119423786,0.0017114353067041452,0.0025474163173931394,0.0,0.0,0.0,0.0021094294119423855,0.001717113285091083,0.0025418897720510315,
timecourse,D_single_timescale,14.200000000000001,0.1,30,0.0023692158659277002,0.001957485411232867,0.0027955885468191675,0.0,0.0,0.0,0.0023692158659277007,0.00194983114085147,0.002796983917041207,
timecourse,D_single_timescale,14.3,0.1,30,0.0025213141422995894,0.0020979251386642563,0.002975926217851531,0.0,0.0,0.0,0.0025213141422995855,0.0020956183072423024,0.0029704415472717933,
timecourse,D_single_timescale,14.4,0.1,30,0.002723735053855744,0.0023042148210839428,0.0031755104117427756,0.0,0.0,0.0,0.0027237350538557425,0.002297303633754479,0.003168482298354526,
timecourse,D_single_timescale,14.5,0.1,30,0.002803236633647239,0.0024104144119194253,0.003232727500343051,0.0,0.0,0.0,0.002803236633647242,0.002416064967757736,0.0032273627193352738,
timecourse,D_single_timescale,14.6,0.1,30,0.003090050088915863,0.0026434380514009192,0.0035929604962265725,0.0,0.0,0.0,0.0030900500889158643,0.0026487234384715438,0.0036051990144112776,
timecourse,D_single_timescale,14.700000000000001,0.1,30,0.003169057191912471,0.002658945157550008,0.0037190463012856437,0.0,0.0,0.0,0.0031690571919124676,0.0026548312670187637,0.0037307948278787494,
timecourse,D_single_timescale,14.8,0.1,30,0.0030017746359896633,0.0025455734026365753,0.0034937488983108624,0.0,0.0,0.0,0.0030017746359896624,0.002545853503001066,0.00350328403138272,
timecourse,D_single_timescale,14.9,0.1,30,0.002847861722739355,0.0024179719921088114,0.0033206651739909315,0.0,0.0,0.0,0.0028478617227393533,0.002432333214463281,0.0033045562241358554,
timecourse,D_single_timescale,15.0,0.1,30,0.0024847466952311954,0.0021345981325278205,0.002841218401362155,0.0,0.0,0.0,0.002484746695231204,0.00214649971602299,0.00284891747925945,
timecourse,D_single_timescale,15.1,0.1,30,0.0022043435284432077,0.001868656268106695,0.0025543313961526007,0.0,0.0,0.0,0.00220434352844321,0.0018664173256952056,0.0025567441084745025,
timecourse,D_single_timescale,15.200000000000001,0.1,30,0.00201746093069242,0.001692492867943625,0.0023762764748125704,0.0,0.0,0.0,0.002017460930692427,0.0016944769869482808,0.002390999856117796,
timecourse,D_single_timescale,15.3,0.1,30,0.0015741471798714412,0.0013018632636526326,0.0018667190722054298,0.0,0.0,0.0,0.001574147179871441,0.0013011177083010446,0.0018748159625427427,
timecourse,D_single_timescale,15.4,0.1,30,0.0013115446788956667,0.0010212283632415743,0.0016278610707047224,0.0,0.0,0.0,0.0013115446788956723,0.00102213044486231,0.0016249058208338723,
timecourse,D_single_timescale,15.5,0.1,30,0.001088820909232368,0.000813798363568322,0.0013897959415681337,0.0,0.0,0.0,0.001088820909232371,0.0008055509675124524,0.0013955983033706934,
timecourse,D_single_timescale,15.6,0.1,30,0.001000614082041164,0.0007618596255391272,0.0012638482662211507,0.0,0.0,0.0,0.0010006140820411661,0.0007570933185683372,0.0012654400326108377,
timecourse,D_single_timescale,15.700000000000001,0.1,30,0.0009478420047294237,0.0007187824842341538,0.0011991549537201925,0.0,0.0,0.0,0.0009478420047294244,0.0007249231888638839,0.0012004315005902846,
timecourse,D_single_timescale,15.8,0.1,30,0.0008591459422104432,0.0006624816532820883,0.0010901760628723907,0.0,0.0,0.0,0.0008591459422104457,0.0006614963759960852,0.0010933462605938957,
timecourse,D_single_timescale,15.9,0.1,30,0.0008880779532557264,0.0006729957896324489,0.0011531662050587236,0.0,0.0,0.0,0.0008880779532557303,0.0006724685064638591,0.0011475785271830552,
timecourse,D_single_timescale,16.0,0.1,30,0.0010047240753368449,0.0007998995663223807,0.0012735021717098232,0.0,0.0,0.0,0.00100472407533685,0.0008006591484488207,0.001267077391043307,
timecourse,D_single_timescale,16.1,0.1,30,0.0010470860840070615,0.0008828841717852077,0.001261792551367689,0.0,0.0,0.0,0.0010470860840070667,0.0008823113455861399,0.0012603498782951272,
timecourse,D_single_timescale,16.2,0.1,30,0.0010929566630911791,0.0009392491348246756,0.0012891200237536292,0.0,0.0,0.0,0.0010929566630911794,0.0009378413285494123,0.0012832322355209012,
timecourse,D_single_timescale,16.3,0.1,30,0.001127437165388611,0.001001737473006174,0.0012738761840354958,0.0,0.0,0.0,0.0011274371653886151,0.0009994699809158063,0.0012768751391411934,
timecourse,D_single_timescale,16.4,0.1,30,0.0009044461705845462,0.0007791395765157598,0.001068005096077328,0.0,0.0,0.0,0.0009044461705845408,0.0007783370484539417,0.0010635286928782207,
timecourse,D_single_timescale,16.5,0.1,30,0.0006520531406174837,0.0005979503167519334,0.0007176091769680898,0.0,0.0,0.0,0.0006520531406174812,0.0005981017165325698,0.0007170805494821472,
timecourse,D_single_timescale,16.6,0.1,30,0.0007395929195404621,0.0006602413865932899,0.0008382144907774289,0.0,0.0,0.0,0.0007395929195404641,0.0006596008116197399,0.0008357344824348318,
timecourse,D_single_timescale,16.7,0.1,30,0.000500250594030593,0.00043654827426652576,0.0005717100084452625,0.0,0.0,0.0,0.0005002505940305923,0.00043568175261677407,0.0005706878564544266,
timecourse,D_single_timescale,16.8,0.1,30,0.0009378942565894438,0.0008008629040938834,0.0010788700197105023,0.0,0.0,0.0,0.0009378942565894416,0.000802602857071546,0.0010751121520325816,
timecourse,D_single_timescale,16.9,0.1,30,0.0014386460452881803,0.001297272139933689,0.0015796050280995134,0.0,0.0,0.0,0.0014386460452881825,0.0012930535702285802,0.001583409017976005,
timecourse,D_single_timescale,17.0,0.1,30,0.0018866982553151289,0.0017596697070098373,0.0020158635210989926,0.0,0.0,0.0,0.0018866982553151278,0.0017586050106073118,0.0020172431143405836,
timecourse,D_single_timescale,17.1,0.1,30,0.002213513725028833,0.002112404889821927,0.0023151393805645364,0.0,0.0,0.0,0.002213513725028833,0.0021143437516870796,0.0023120541692702376,
timecourse,D_single_timescale,17.2,0.1,30,0.0024531561541044854,0.0023039533217291087,0.0026587461141284645,0.0,0.0,0.0,0.002453156154104483,0.0023058680436238853,0.002662652067166075,
timecourse,D_single_timescale,17.3,0.1,30,0.002633694374743502,0.0024132314948994782,0.002930878748651309,0.0,0.0,0.0,0.0026336943747434964,0.002408850247171242,0.0029300206782528534,
timecourse,D_single_timescale,17.400000000000002,0.1,30,0.0026719521710342666,0.002343205216932326,0.0030742214634250013,0.0,0.0,0.0,0.002671952171034263,0.0023448502153087286,0.003085913488461924,
timecourse,D_single_timescale,17.5,0.1,30,0.0027013122998947436,0.0023546405668857786,0.0031235558934065034,0.0,0.0,0.0,0.0027013122998947345,0.0023559977727689784,0.0031198644186694103,
timecourse,D_single_timescale,17.6,0.1,30,0.0025148718388793606,0.0021692221886578022,0.0029296113807391073,0.0,0.0,0.0,0.0025148718388793598,0.0021688779052419865,0.002932986781371905,
timecourse,D_single_timescale,17.7,0.1,30,0.002427168392907151,0.0020541226918816295,0.0028453720929707293,0.0,0.0,0.0,0.002427168392907153,0.0020642323653548944,0.0028407029578368867,
timecourse,D_single_timescale,17.8,0.1,30,0.002215309383287055,0.001820983207337841,0.002672271707806021,0.0,0.0,0.0,0.0022153093832870496,0.0018189206136946464,0.002671543263419662,
timecourse,D_single_timescale,17.900000000000002,0.1,30,0.0018123679893529544,0.0014703961612129543,0.002202815508813264,0.0,0.0,0.0,0.0018123679893529553,0.0014698298539316985,0.0022092623623241967,
timecourse,D_single_timescale,18.0,0.1,30,0.0017857070359109596,0.0014022907198709086,0.002227851868183831,0.0,0.0,0.0,0.001785707035910959,0.0014025202239504304,0.002224668495557409,
timecourse,D_single_timescale,18.1,0.1,30,0.00197488007918939,0.0015490273211683627,0.002475950776157443,0.0,0.0,0.0,0.001974880079189381,0.0015386668370164307,0.0024833398518301596,
timecourse,D_single_timescale,18.2,0.1,30,0.002231635792637619,0.0017796606869142522,0.002737074810283103,0.0,0.0,0.0,0.0022316357926376188,0.0017893201794025213,0.0027550393834661208,
timecourse,D_single_timescale,18.3,0.1,30,0.0025990887484005913,0.0021477984944378204,0.003108812837030637,0.0,0.0,0.0,0.0025990887484005987,0.002141338777248711,0.0030963588687357444,
timecourse,D_single_timescale,18.400000000000002,0.1,30,0.0027018776498880953,0.002283458715861597,0.0031716177755657425,0.0,0.0,0.0,0.0027018776498880935,0.0022835848754695297,0.003170923900381964,
timecourse,D_single_timescale,18.5,0.1,30,0.0025614527190507756,0.00217515441658542,0.0029874097011532196,0.0,0.0,0.0,0.0025614527190507847,0.0021712636085521307,0.002975823518742444,
timecourse,D_single_timescale,18.6,0.1,30,0.0023322238860368823,0.0019562153571496396,0.002764311710769659,0.0,0.0,0.0,0.0023322238860368836,0.0019621070346761927,0.0027549076518828724,
timecourse,D_single_timescale,18.7,0.1,30,0.002005170037890131,0.0016581599114726783,0.002401308621760078,0.0,0.0,0.0,0.002005170037890137,0.0016526619017205883,0.002416837273630724,
timecourse,D_single_timescale,18.8,0.1,30,0.0017361298377640616,0.001339484146935246,0.002212889097134813,0.0,0.0,0.0,0.0017361298377640577,0.0013343432575153964,0.0021977484238628513,
timecourse,D_single_timescale,18.900000000000002,0.1,30,0.0016135819178449502,0.0011916555555859408,0.0021086712274828983,0.0,0.0,0.0,0.0016135819178449556,0.0011962632305981588,0.0021017806409989103,
timecourse,D_single_timescale,19.0,0.1,30,0.0017005850081484746,0.0013041370900771763,0.002155889744706535,0.0,0.0,0.0,0.0017005850081484642,0.0013080910024959975,0.002140169602518576,
timecourse,D_single_timescale,19.1,0.1,30,0.0022013974854605293,0.001732635312418296,0.002723674827383303,0.0,0.0,0.0,0.002201397485460524,0.0017244131360732102,0.002733908153935707,
timecourse,D_single_timescale,19.2,0.1,30,0.002727685274514662,0.0020910256213055424,0.003421080698580083,0.0,0.0,0.0,0.0027276852745146555,0.0021015778628265362,0.003428805937538227,
timecourse,D_single_timescale,19.3,0.1,30,0.0027844282457129567,0.002105935222722901,0.0035408985778720577,0.0,0.0,0.0,0.0027844282457129403,0.0020998417885222348,0.003563667779418549,
timecourse,D_single_timescale,19.400000000000002,0.1,30,0.0028217866657310555,0.0021365167718936516,0.003555354713260462,0.0,0.0,0.0,0.0028217866657310473,0.002142603888353747,0.0035791479209568828,
timecourse,D_single_timescale,19.5,0.1,30,0.0024376402437609763,0.0018157064028560333,0.003127994734200966,0.0,0.0,0.0,0.0024376402437609646,0.0018107022759713222,0.0031183161583161452,
timecourse,D_single_timescale,19.6,0.1,30,0.002339175963445934,0.0017330279515876657,0.002969485640734464,0.0,0.0,0.0,0.002339175963445933,0.0017290158444715706,0.0029682975407673952,
timecourse,D_single_timescale,19.7,0.1,30,0.002449367248136595,0.001866985439724455,0.003084265762926466,0.0,0.0,0.0,0.0024493672481366007,0.0018730930442621043,0.0030773689140096384,
timecourse,D_single_timescale,19.8,0.1,30,0.0025327489426228878,0.0020343506062300764,0.003052785016713209,0.0,0.0,0.0,0.002532748942622895,0.0020268843547364755,0.003034234221469991,
timecourse,D_single_timescale,19.900000000000002,0.1,30,0.002947918020901595,0.0025154740896974398,0.0034039078433458513,0.0,0.0,0.0,0.002947918020901602,0.002514760063538248,0.003388693308854949,
timecourse,D_single_timescale,20.0,0.1,30,0.0030321133386295,0.0026531740835842375,0.0034368577961904627,0.0,0.0,0.0,0.0030321133386294985,0.002645705995061464,0.0034484744127859083,
timecourse,D_single_timescale,20.1,0.1,30,0.0029550791202837263,0.0025765180872767833,0.003364674197035405,0.0,0.0,0.0,0.0029550791202837294,0.002588461949847184,0.0033551455308920538,
timecourse,D_single_timescale,20.2,0.1,30,0.002892327779749778,0.002537781439251075,0.003281405540318774,0.0,0.0,0.0,0.0028923277797497818,0.0025417969857152015,0.003282920503519937,
timecourse,D_single_timescale,20.3,0.1,30,0.0028186569634567203,0.002508298404190269,0.003167569485446912,0.0,0.0,0.0,0.0028186569634567264,0.0025183951803419485,0.0031746718628332393,
timecourse,D_single_timescale,20.400000000000002,0.1,30,0.002933104652380592,0.0025815928048082944,0.0033385500362944293,0.0,0.0,0.0,0.002933104652380593,0.0025757976755249497,0.003339636207078004,
timecourse,D_single_timescale,20.5,0.1,30,0.0030629332781803363,0.0026140360556789217,0.0035738811792832017,0.0,0.0,0.0,0.003062933278180341,0.002605284084658106,0.0035577800199250833,
timecourse,D_single_timescale,20.6,0.1,30,0.003121873690020346,0.0026122729795082407,0.0036777630214333604,0.0,0.0,0.0,0.0031218736900203554,0.002609834933546686,0.003690808013651032,
timecourse,D_single_timescale,20.7,0.1,30,0.0031386133233589743,0.0026176708179270224,0.0037069338517653518,0.0,0.0,0.0,0.003138613323358971,0.0026203219977591436,0.0037024748512318253,
timecourse,D_single_timescale,20.8,0.1,30,0.002882070384146054,0.0024236921921199457,0.00337807274385231,0.0,0.0,0.0,0.002882070384146063,0.0024243718397107287,0.0033771750950497095,
timecourse,D_single_timescale,20.900000000000002,0.1,30,0.0026701364390592664,0.002209941299427514,0.003175734053722196,0.0,0.0,0.0,0.0026701364390592703,0.0021926732582107805,0.003167868748276786,
timecourse,D_single_timescale,21.0,0.1,30,0.0021826572548061763,0.0017838782309359106,0.0026022426045735065,0.0,0.0,0.0,0.0021826572548061724,0.0017776484272716223,0.002607659294267193,
timecourse,D_single_timescale,21.1,0.1,30,0.0018407076688213104,0.0015261515296323828,0.0021747503611389274,0.0,0.0,0.0,0.0018407076688213091,0.001516231534825535,0.0021766859076374446,
timecourse,D_single_timescale,21.2,0.1,30,0.0016889974670328486,0.001349030077529386,0.0020523351890692643,0.0,0.0,0.0,0.0016889974670328447,0.0013512634579945907,0.002049892397320077,
timecourse,D_single_timescale,21.3,0.1,30,0.0014948262381192575,0.0011912408464795814,0.0018240782037216782,0.0,0.0,0.0,0.001494826238119255,0.001194988290421246,0.0018296931903851248,
timecourse,D_single_timescale,21.400000000000002,0.1,30,0.0014107931438040184,0.0011117150585862419,0.0017472458673899677,0.0,0.0,0.0,0.001410793143804017,0.0011127980501673144,0.001730008238254239,
timecourse,D_single_timescale,21.5,0.1,30,0.001365595787718187,0.0010660039645775045,0.0016861833850283687,0.0,0.0,0.0,0.0013655957877181943,0.0010624567429506886,0.001688025848237796,
timecourse,D_single_timescale,21.6,0.1,30,0.0013685284222254587,0.0010322077984595687,0.0017407720999042047,0.0,0.0,0.0,0.0013685284222254511,0.001032018726361714,0.0017333889100241225,
timecourse,D_single_timescale,21.7,0.1,30,0.0014645797485989573,0.0011021129266221574,0.0018668140678939243,0.0,0.0,0.0,0.001464579748598958,0.0011016722658734387,0.0018707578435027507,
timecourse,D_single_timescale,21.8,0.1,30,0.0016810255044174206,0.001326904838313703,0.002061271473605997,0.0,0.0,0.0,0.0016810255044174152,0.0013265508584879154,0.0020652669172780244,
timecourse,D_single_timescale,21.900000000000002,0.1,30,0.0018607074481995654,0.001448329282200321,0.0023001881847479247,0.0,0.0,0.0,0.0018607074481995522,0.0014432941880059824,0.002301777610329784,
timecourse,D_single_timescale,22.0,0.1,30,0.001939305642608263,0.0015162140382787028,0.0024181788378948082,0.0,0.0,0.0,0.001939305642608258,0.0015174977122376367,0.0024049074856312925,
timecourse,D_single_timescale,22.1,0.1,30,0.0019673863545286462,0.001478358179258821,0.0024933467579038803,0.0,0.0,0.0,0.0019673863545286445,0.001471417518842696,0.002502838741224557,
timecourse,D_single_timescale,22.2,0.1,30,0.0020069941488941837,0.0014444451078045753,0.002625198481408212,0.0,0.0,0.0,0.0020069941488941785,0.0014533431143814812,0.0026145165422019174,
timecourse,D_single_timescale,22.3,0.1,30,0.002042503243305437,0.0015224933228511362,0.0025929717901628123,0.0,0.0,0.0,0.0020425032433054454,0.0015119448101898333,0.0025840615990508,
timecourse,D_single_timescale,22.400000000000002,0.1,30,0.0023317461744268896,0.001783035572885386,0.002932432123590519,0.0,0.0,0.0,0.002331746174426895,0.0017679776069326578,0.0029231128732745914,
timecourse,D_single_timescale,22.5,0.1,30,0.0026013314647223965,0.002039622600943527,0.003188776068312891,0.0,0.0,0.0,0.0026013314647223983,0.002046425163851692,0.0032053862104983173,
timecourse,D_single_timescale,22.6,0.1,30,0.0029306421344695638,0.002305652169922314,0.003608434592871565,0.0,0.0,0.0,0.0029306421344695616,0.0023029720754810484,0.003623347339672419,
timecourse,D_single_timescale,22.7,0.1,30,0.0028716148818651254,0.0022334877972644664,0.0035661654678616644,0.0,0.0,0.0,0.0028716148818651237,0.0022281507022819283,0.0035773864930448273,
timecourse,D_single_timescale,22.8,0.1,30,0.0026288078244307146,0.0020574005782784377,0.003267539965556754,0.0,0.0,0.0,0.0026288078244307103,0.002068200544750393,0.003268962882131689,
timecourse,D_single_timescale,22.900000000000002,0.1,30,0.0023437153900810045,0.0018612875975647257,0.002885965944624635,0.0,0.0,0.0,0.0023437153900809993,0.0018605245296217598,0.002878735764616146,
timecourse,D_single_timescale,23.0,0.1,30,0.0021206415323819826,0.0017033718711153818,0.0026224339469469696,0.0,0.0,0.0,0.0021206415323819826,0.0016853685806073684,0.002608888951283282,
timecourse,D_single_timescale,23.1,0.1,30,0.001953940847494679,0.0015496662104789727,0.002409407007983969,0.0,0.0,0.0,0.0019539408474946824,0.0015462820212496025,0.002412703614978078,
timecourse,D_single_timescale,23.2,0.1,30,0.0019996014530859795,0.0015305511833828896,0.0025366526075239356,0.0,0.0,0.0,0.001999601453085978,0.0015314161548265755,0.002523746819868377,
timecourse,D_single_timescale,23.3,0.1,30,0.002000232342868836,0.0015183645502942994,0.002526150930487354,0.0,0.0,0.0,0.0020002323428688373,0.0015295052182646232,0.0025191542228337736,
timecourse,D_single_timescale,23.400000000000002,0.1,30,0.0019255518440150323,0.0014764059262281017,0.0024330929644920726,0.0,0.0,0.0,0.001925551844015036,0.0014674045912607527,0.002428300335085385,
timecourse,D_single_timescale,23.5,0.1,30,0.0019086097575007816,0.0014793827330051455,0.0023675989241560237,0.0,0.0,0.0,0.00190860975750078,0.0014812056999168968,0.0023785386521847983,
timecourse,D_single_timescale,23.6,0.1,30,0.0023312388957634545,0.001818794879997958,0.002856089991895834,0.0,0.0,0.0,0.0023312388957634506,0.0018279599122333384,0.0028757698969499473,
timecourse,D_single_timescale,23.7,0.1,30,0.00245470508232636,0.001954398758228248,0.002991671097779216,0.0,0.0,0.0,0.0024547050823263616,0.0019558501595516547,0.002978130131639157,
timecourse,D_single_timescale,23.8,0.1,30,0.002211686472669166,0.0018000147235558903,0.002673150496460723,0.0,0.0,0.0,0.0022116864726691695,0.0018017289961438365,0.002668879231160552,
timecourse,D_single_timescale,23.900000000000002,0.1,30,0.002426801306085662,0.001954828890579456,0.0029578333770590437,0.0,0.0,0.0,0.0024268013060856635,0.001960671742382113,0.00296248209117039,
timecourse,D_single_timescale,24.0,0.1,30,0.0025963919856757923,0.0020694349360784636,0.003184633038447613,0.0,0.0,0.0,0.0025963919856757892,0.002051424613902792,0.0031712502657743097,
timecourse,D_single_timescale,24.1,0.1,30,0.0030676692946483837,0.002544785395968457,0.0036204864642863373,0.0,0.0,0.0,0.0030676692946483863,0.0025362245338031264,0.0036389542361175177,
timecourse,D_single_timescale,24.2,0.1,30,0.0031883170265950395,0.002702055921494206,0.0036899654464314286,0.0,0.0,0.0,0.0031883170265950386,0.002709621942787653,0.0036791771713389787,
timecourse,D_single_timescale,24.3,0.1,30,0.0034476216354202547,0.003044519110021606,0.003877549842244926,0.0,0.0,0.0,0.0034476216354202573,0.0030369528459667913,0.003872820012470161,
timecourse,D_single_timescale,24.400000000000002,0.1,30,0.0035250069488186107,0.0031602637239582097,0.0038986737902713784,0.0,0.0,0.0,0.0035250069488186103,0.0031556640038418312,0.003892263230512966,
timecourse,D_single_timescale,24.5,0.1,30,0.0033937113942870277,0.0030531050805325225,0.0037383861626644776,0.0,0.0,0.0,0.0033937113942870242,0.0030633395175150195,0.003742633958390103,
timecourse,D_single_timescale,24.6,0.1,30,0.003199385105328815,0.002934153255640984,0.003485999425225983,0.0,0.0,0.0,0.003199385105328808,0.002927187899950983,0.0034890658729163186,
timecourse,D_single_timescale,24.7,0.1,30,0.0030069764618059786,0.002786967018616072,0.003242827645688389,0.0,0.0,0.0,0.003006976461805981,0.002781332517297062,0.0032491189146494686,
timecourse,D_single_timescale,24.8,0.1,30,0.0027934363102028754,0.0026172037355091356,0.0029867239897526173,0.0,0.0,0.0,0.0027934363102028767,0.0026110458380068165,0.0029843004211603658,
timecourse,D_single_timescale,24.900000000000002,0.1,30,0.002499732503375456,0.0023282776246802616,0.002690318510162585,0.0,0.0,0.0,0.0024997325033754483,0.0023245124105672893,0.0026900546093065205,
window_summary,A_full_canonical,,,30,0.001859224816489011,0.0016275798964172057,0.00215232051506388,0.0010335107501934287,0.0008984462366176121,0.0011770021233618348,0.0024890375513005503,0.002216106610349368,0.0028368800494336533,baseline_late
window_summary,A_full_canonical,,,30,0.0010358627731709151,0.0009078833342673271,0.0011815674229839774,0.00015672770714506655,0.00013716252551366172,0.00017822744524435857,0.0011867476397334786,0.0010414585588577679,0.0013548648574688064,reduced_early
window_summary,A_full_canonical,,,30,0.0008005853416274114,0.0007279309578553651,0.0008971221359901783,0.0010515760321079012,0.0008861784619621603,0.0012287684030643665,0.0015129324072097226,0.0013667420039694884,0.0016823656993747837,reduced_late
window_summary,A_full_canonical,,,30,0.0011336055918343695,0.0010680213062979978,0.0012020840331364905,0.0007608795887346452,0.0006613584668739562,0.0008648118926994284,0.001688605056167647,0.001590409996387442,0.0017874689808459428,recovery_early
window_summary,A_full_canonical,,,30,0.0025152582101646013,0.00231932224073619,0.0027309474145426724,0.0016515196184169122,0.0014326793260376594,0.0018656309426170379,0.003787821253786202,0.003542331850728487,0.00403261661191166,recovery_late
window_summary,D_single_timescale,,,30,0.002222629399044713,0.0019492605164604952,0.0025810493648863388,0.0,0.0,0.0,0.002222629399044712,0.0019472408981860945,0.0025695338722456786,baseline_late
window_summary,D_single_timescale,,,30,0.001167794377525247,0.001021725112562517,0.0013369125583289063,0.0,0.0,0.0,0.0011677943775252467,0.001019105216016078,0.0013307357447348948,reduced_early
window_summary,D_single_timescale,,,30,0.0009247355678524641,0.0008324354818476889,0.001046623218337357,0.0,0.0,0.0,0.0009247355678524646,0.0008345608072190977,0.0010485625906037537,reduced_late
window_summary,D_single_timescale,,,30,0.0012744818729251532,0.0012002682423745323,0.001353402220838132,0.0,0.0,0.0,0.0012744818729251528,0.0011987265531353515,0.0013542058808856969,recovery_early
window_summary,D_single_timescale,,,30,0.0029786483550000306,0.0027484353077747354,0.0032184669754968484,0.0,0.0,0.0,0.002978648355000027,0.0027516507573992666,0.003228447793203853,recovery_late
