kappa,realization_id,rng_seed,true_generative_sigma_oto,internal_baseline_sigma_hypothesis,internal_reduced_sigma_hypothesis,mean_context_belief,median_context_belief,mean_effective_assumed_sigma_oto,median_effective_assumed_sigma_oto,baseline_angular_rmse,reduced_angular_rmse,paired_absolute_change_angular_rmse,within_realization_percent_change_angular_rmse,baseline_object_rmse,reduced_object_rmse,paired_absolute_change_object_rmse,within_realization_percent_change_object_rmse,baseline_false_positive_rms,reduced_false_positive_rms,paired_absolute_change_false_positive_rms,within_realization_percent_change_false_positive_rms
0.1,0,100,0.6,0.06,0.4,0.9991302535361014,0.9996646498695336,0.3994217390393454,0.39993443367581527,0.05227903361128479,0.055814898834521946,0.003535865223237157,6.763447942683309,0.07643590785038243,0.1208974772275997,0.04446156937721728,58.16843238684033,0.05092163240002351,0.10113764483105576,0.050216012431032256,98.61430214285329
0.1,1,101,0.6,0.06,0.4,0.9990244037719448,0.9996646498695336,0.3994005801222133,0.39993443367581527,0.048683555599097254,0.04946644986714334,0.0007828942680460846,1.6081287786231495,0.07984218432276635,0.09320983729487659,0.013367652972110233,16.74259426329166,0.05885431523510717,0.08556599735019063,0.026711682115083464,45.3861063685432
0.1,2,102,0.6,0.06,0.4,0.9993853486059864,0.9996646498695336,0.399472905701308,0.39993443367581527,0.05234248019736282,0.05631393480775598,0.003971454610393166,7.58744063219469,0.07903576463981214,0.07857594195041923,-0.00045982268939291637,-0.5817906507116818,0.060202935547240384,0.1037355659043034,0.043532630357063014,72.30981340254343
0.1,3,103,0.6,0.06,0.4,0.9978786332153983,0.9996646498695336,0.3990129680071958,0.39993443367581527,0.05032722908195535,0.054207196467113035,0.0038799673851576816,7.709479452642526,0.0810950685709957,0.10087932183689954,0.019784253265903842,24.396370352142274,0.05527311227670311,0.08330551752925239,0.028032405252549276,50.71616939573813
0.1,4,104,0.6,0.06,0.4,0.9992707273528623,0.9996646498695336,0.3994497176877774,0.39993443367581527,0.05119621887821709,0.05423398697399045,0.0030377680957733577,5.933579007073633,0.06326255002179447,0.14983447618624418,0.08657192616444971,136.8454577544297,0.06528116355477227,0.09380305018802733,0.028521886633255056,43.69083680520583
0.1,5,105,0.6,0.06,0.4,0.9981282721353976,0.9996646498695336,0.39908661567920195,0.39993443367581527,0.05243502133258905,0.05440502036264386,0.001969999030054806,3.757029138139066,0.07131443862880558,0.11786802232733762,0.04655358369853203,65.27932434670802,0.05999929294987376,0.10215518722927126,0.042155894279397504,70.26065176237415
0.1,6,106,0.6,0.06,0.4,0.999333767940193,0.9996646498695336,0.39946209151817896,0.39993443367581527,0.05274316164064624,0.05521190432761366,0.0024687426869674164,4.680687714148886,0.09472747098725408,0.07914304115354752,-0.015584429833706559,-16.45185886552751,0.053718430130723985,0.08126877561783467,0.02755034548711069,51.28657970842936
0.1,7,107,0.6,0.06,0.4,0.9981430903330337,0.9996646498695336,0.39905625904821146,0.39993443367581527,0.05190239552492012,0.05150635759698591,-0.0003960379279342105,-0.7630436397565872,0.06378659349272257,0.143771706775767,0.07998511328304443,125.39486575994994,0.054375773230939735,0.10453025063392185,0.050154477402982116,92.23680772312088
0.1,8,108,0.6,0.06,0.4,0.9979287370252219,0.9996646498695336,0.3990138115264877,0.39993443367581527,0.05124726672090241,0.05633007899981239,0.0050828122789099844,9.918211456215753,0.06039476522035152,0.1202663751254325,0.05987160990508099,99.13377374121451,0.05618698468293863,0.12442051633116159,0.06823353164822296,121.44010224656584
0.1,9,109,0.6,0.06,0.4,0.9978082043945975,0.9996646498695336,0.399085724586199,0.39993443367581527,0.0497259163568056,0.05462380473478153,0.004897888377975931,9.849769972726898,0.09373135449462155,0.12629155214950114,0.03256019765487958,34.73778633674598,0.051028094045126815,0.07986950774708507,0.02884141370195825,56.52065639851702
0.1,10,110,0.6,0.06,0.4,0.9981164219168567,0.9996646498695336,0.3990510140655701,0.39993443367581527,0.050221344434371235,0.050518556947118855,0.00029721251274762023,0.5918051698835236,0.06713786743534526,0.12239145556861122,0.05525358813326596,82.29869408121425,0.0549733624712438,0.10304739301213942,0.04807403054089562,87.44968177277282
0.1,11,111,0.6,0.06,0.4,0.9965437822631442,0.9996646498695336,0.39856991806349257,0.39993443367581527,0.05492426932575183,0.05496923702245141,4.4967696699579895e-05,0.08187218009743519,0.08006748030211115,0.16137748881560754,0.08131000851349639,101.55185127182335,0.05897219896197289,0.09069144200999098,0.03171924304801809,53.78677343958574
0.1,12,112,0.6,0.06,0.4,0.9971515932632847,0.9996646498695336,0.39877521546851497,0.39993443367581527,0.052176347681895975,0.051961094990838924,-0.00021525269105705097,-0.4125484067405102,0.05529345601473317,0.12791110656951246,0.07261765055477928,131.3313650270477,0.05586234669898512,0.10672149992664903,0.05085915322766391,91.04371053675749
0.1,13,113,0.6,0.06,0.4,0.9980268483441526,0.9996646498695336,0.39903394414772697,0.39993443367581527,0.05206255485385231,0.05714356421962751,0.005081009365775199,9.759431476304579,0.0725712680876223,0.0839748206214373,0.01140355253381499,15.713591389978713,0.05731753697710737,0.10181280186701355,0.04449526488990618,77.62940844383735
0.1,14,114,0.6,0.06,0.4,0.997920815823512,0.9996646498695336,0.39901240688133116,0.39993443367581527,0.05326431118241393,0.05098178970712529,-0.0022825214752886444,-4.285273618711989,0.0707148747809747,0.10713374229479466,0.036418867513819966,51.50099979193937,0.06321700550586887,0.09693115767640786,0.033714152170539,53.33082752141602
0.1,15,115,0.6,0.06,0.4,0.9980795425049931,0.9996646498695336,0.39904391550863993,0.39993443367581527,0.04712875648091697,0.05674471141405394,0.009615954933136973,20.403582973869884,0.08877222467639247,0.11237996921239288,0.02360774453600041,26.593615989752827,0.05642154265515883,0.09224059582206386,0.03581905316690503,63.48471077054104
0.1,16,116,0.6,0.06,0.4,0.9991591222616606,0.9996646498695336,0.3994275201516891,0.39993443367581527,0.0517451306473083,0.054814561046014926,0.003069430398706628,5.931824618682832,0.0630805911659902,0.14668578271535423,0.08360519154936404,132.53710848930604,0.05153984433904071,0.10288579739247047,0.05134595305342977,99.623803121454
0.1,17,117,0.6,0.06,0.4,0.9956646180398815,0.9996646498695336,0.3982261116300007,0.39993443367581527,0.049726389075452786,0.055476125181871894,0.005749736106419108,11.562746085774886,0.07940649677572749,0.12026985404228585,0.04086335726655836,51.46097476377932,0.0566956585574074,0.09031825932382752,0.03362260076642012,59.30366031885039
0.1,18,118,0.6,0.06,0.4,0.9991321537180033,0.9996646498695336,0.39942246393740083,0.39993443367581527,0.05308937317680226,0.05366343810127415,0.0005740649244718871,1.081317955215053,0.07631113866207387,0.15977453741483064,0.08346339875275677,109.37249819106358,0.05909712507191428,0.11063727604977978,0.051540150977865504,87.2126197596705
0.1,19,119,0.6,0.06,0.4,0.9993266136088111,0.9996646498695336,0.3994606887308277,0.39993443367581527,0.05148500620835039,0.054001583751175385,0.0025165775428249923,4.88798143024566,0.0747683360866008,0.12166793686753509,0.04689960078093429,62.72655409452016,0.06241277800938054,0.1159389120119258,0.05352613400254526,85.7614990226847
0.1,20,120,0.6,0.06,0.4,0.9993430756409691,0.9996646498695336,0.39946412787713637,0.39993443367581527,0.04979896356208757,0.05397181425840157,0.004172850696313998,8.37939265766332,0.10111176228921491,0.1349599075465389,0.03384814525732398,33.47597202440847,0.058002275582574196,0.11657072283489998,0.05856844725232579,100.97611975403545
0.1,21,121,0.6,0.06,0.4,0.9980441862793255,0.9996646498695336,0.39905721272424616,0.39993443367581527,0.05056171466806138,0.055568008129588405,0.005006293461527027,9.901352227457949,0.056244146267292426,0.14520486626667395,0.08896071999938152,158.16885116649854,0.05804824549063236,0.09817969362929453,0.04013144813866217,69.1346444659356
0.1,22,122,0.6,0.06,0.4,0.9981522766977348,0.9996646498695336,0.3990581460003834,0.39993443367581527,0.05097609946294546,0.05072675245481889,-0.00024934700812656585,-0.4891449341035131,0.07288938815293293,0.0919705827936594,0.019081194640726468,26.178288944738078,0.05720565898617815,0.1065160984066267,0.04931043942044854,86.19853401629858
0.1,23,123,0.6,0.06,0.4,0.9989372780147254,0.9996646498695336,0.39937418859695695,0.39993443367581527,0.05128720292880176,0.05498930096168101,0.003702098032879249,7.218366027912651,0.06971469856860425,0.0782406506139405,0.008525952045336252,12.229776819512608,0.060030450812770884,0.0889556049425099,0.028925154129739013,48.18413611444256
0.1,24,124,0.6,0.06,0.4,0.999212077322481,0.9996646498695336,0.3994379262172595,0.39993443367581527,0.056034995899460364,0.05296652259410942,-0.003068473305350941,-5.47599452109622,0.11060674530993181,0.13638144769570387,0.025774702385772064,23.303011324986212,0.05622159341084604,0.10286370704196254,0.046642113631116505,82.96120903275308
0.1,25,125,0.6,0.06,0.4,0.9989124829999979,0.9996646498695336,0.39937866469959493,0.39993443367581527,0.05388495183881424,0.05078708789518991,-0.0030978639436243308,-5.749033520324846,0.07869637386536456,0.06335928036052577,-0.015337093504838792,-19.488945616576718,0.06577278147769818,0.1030269586725048,0.03725417719480663,56.640720306831696
0.1,26,126,0.6,0.06,0.4,0.9968615022556585,0.9996646498695336,0.39871343255775016,0.39993443367581527,0.05290724449819469,0.053835774120894214,0.0009285296226995213,1.7550141412698306,0.057410350517166225,0.08397068711459547,0.02656033659742925,46.264020961668685,0.05994369666894594,0.09129707100683512,0.031353374337889185,52.304706049488466
0.1,27,127,0.6,0.06,0.4,0.9990938607341929,0.9996646498695336,0.39941486358224504,0.39993443367581527,0.04818328112980055,0.050799743158889056,0.0026164620290885093,5.430228012160574,0.07560824879684892,0.125351620567705,0.04974337177085607,65.79093228902981,0.054355724444286616,0.0955114165544092,0.041155692110122585,75.71546977044935
0.1,28,128,0.6,0.06,0.4,0.9992856467588,0.9996646498695336,0.39945262665455694,0.39993443367581527,0.05190722155131241,0.05239377534537486,0.0004865537940624484,0.9373527989385255,0.05778358004097755,0.13599729703349275,0.0782137169925152,135.3563018024316,0.056706823752402366,0.09533791874735285,0.03863109499495049,68.12424403035604
0.1,29,129,0.6,0.06,0.4,0.9992870362780047,0.9996646498695336,0.3994529290246392,0.39993443367581527,0.05361311017271911,0.054961601278775106,0.0013484911060559976,2.5152264095698253,0.061405073158389105,0.11657711646747496,0.05517204330908585,89.84932428428888,0.06477260569312294,0.11947380387580082,0.05470119818267788,84.45113114923772
0.1,30,130,0.6,0.06,0.4,0.9993034821628195,0.9996646498695336,0.3994561707723666,0.39993443367581527,0.05146487985740056,0.05716189794612993,0.005697018088729369,11.069719980916554,0.08324611488782761,0.14010291623507437,0.05685680134724676,68.29964548358815,0.06000466862521311,0.0872579057652593,0.02725323714004619,45.41852786533808
0.1,31,131,0.6,0.06,0.4,0.9980260702389261,0.9996646498695336,0.39903332515877354,0.39993443367581527,0.05207429512638108,0.05356042155172506,0.0014861264253439796,2.8538579768333747,0.06902702500351925,0.07785181844994715,0.008824793446427906,12.784548437337385,0.05980343202904094,0.1145850168386347,0.05478158480959376,91.60274410838404
0.1,32,132,0.6,0.06,0.4,0.9964249552404737,0.9996646498695336,0.39863168929137727,0.39993443367581527,0.05097539018435661,0.053917581610502405,0.002942191426145796,5.771787946115024,0.05070028392192773,0.08006367299473328,0.029363389072805557,57.915630448976586,0.05513842979436651,0.09406519337794174,0.038926763583575226,70.59824468841217
0.1,33,133,0.6,0.06,0.4,0.9972478585751257,0.9996646498695336,0.39888838488565725,0.39993443367581527,0.05303621504211288,0.05447965999054901,0.0014434449484361303,2.721621343623366,0.07768208701815443,0.10894146423221841,0.03125937721406398,40.2401356785878,0.06005212124116561,0.08539406949925112,0.025341948258085507,42.19992189170772
0.1,34,134,0.6,0.06,0.4,0.9944531186482168,0.9996646498695336,0.39784120913766186,0.39993443367581527,0.05303044886983147,0.058133551564873674,0.005103102695042203,9.622967189224209,0.06805823978675087,0.11446827201666793,0.04641003222991706,68.19164347378826,0.06235732831910402,0.10872831360470506,0.04637098528560104,74.36332911555266
0.1,35,135,0.6,0.06,0.4,0.9980252493881747,0.9996646498695336,0.399039667851985,0.39993443367581527,0.052864997681610244,0.05136078249415987,-0.001504215187450371,-2.8453896782702994,0.06823031092190088,0.12326282363824868,0.055032512716347806,80.65698656912205,0.05598780286747533,0.08379681083041743,0.027809007962942098,49.669761159884736
0.1,36,136,0.6,0.06,0.4,0.9993216739472055,0.9996646498695336,0.39945961661600893,0.39993443367581527,0.05276480030840734,0.05465504826092456,0.0018902479525172156,3.582403309533668,0.0831172905014264,0.12023661441987461,0.037119323918448216,44.658967700362176,0.05669356295408379,0.11052161218236038,0.053828049228276595,94.94561008958289
0.1,37,137,0.6,0.06,0.4,0.9993628597727345,0.9996646498695336,0.39946780204276094,0.39993443367581527,0.05243819337238668,0.052625493604958176,0.00018730023257149814,0.3571828480844044,0.06874245679253842,0.18233180324190662,0.1135893464493682,165.23899748328117,0.06949170441389267,0.08895051159425338,0.019458807180360707,28.0016260134649
0.1,38,138,0.6,0.06,0.4,0.9992274133510579,0.9996646498695336,0.3994412006075082,0.39993443367581527,0.049384602552353885,0.04925342331453707,-0.00013117923781681695,-0.2656278091491178,0.04348436095844358,0.13511976794664776,0.09163540698820419,210.73186996073557,0.04659790715542948,0.09650495437875595,0.049907047223326464,107.10147787723425
0.1,39,139,0.6,0.06,0.4,0.999151430126055,0.9996646498695336,0.3994262253990927,0.39993443367581527,0.05151801007601421,0.05437842349849635,0.0028604134224821387,5.552259138622848,0.05288167260388503,0.15958170185744822,0.10670002925356319,201.77128294108516,0.05471264684663628,0.10524581753167232,0.050533170685036044,92.36104191172541
0.1,40,140,0.6,0.06,0.4,0.9993030114524344,0.9996646498695336,0.3994561926457687,0.39993443367581527,0.04960370817195748,0.055915748256391055,0.006312040084433576,12.724935931305977,0.11040328705143197,0.17876044985758605,0.06835716280615407,61.91587644877776,0.05132790060437761,0.09774916372449206,0.04642126312011445,90.44060359670216
0.1,41,141,0.6,0.06,0.4,0.9993853066566706,0.9996646498695336,0.39947220672332295,0.39993443367581527,0.05041472877140103,0.051742087237605976,0.0013273584662049434,2.6328783245540723,0.09067643942549515,0.09209431402997342,0.0014178746044782725,1.5636637405059093,0.05228268940123131,0.09581621863343315,0.043533529232201836,83.2656654253455
0.1,42,142,0.6,0.06,0.4,0.9978738757993614,0.9996646498695336,0.3990028690035345,0.39993443367581527,0.04925916291607802,0.05464597571098555,0.0053868127949075265,10.935656385564135,0.06418852995920396,0.10617820874869337,0.04198967878948941,65.4161714190629,0.05741182267118053,0.11861749465333861,0.06120567198215808,106.60813249686632
0.1,43,143,0.6,0.06,0.4,0.9987509321620905,0.9996646498695336,0.3993453623609709,0.39993443367581527,0.05438195050204029,0.0543615612203609,-2.0389281679390747e-05,-0.03749273700402818,0.07089478322092685,0.09893084029434872,0.02803605707342187,39.54600860553324,0.0666098695911417,0.09984914723172585,0.03323927764058415,49.90143029045139
0.1,44,144,0.6,0.06,0.4,0.9990347823643555,0.9996646498695336,0.3994048738250684,0.39993443367581527,0.051448138874435216,0.054206696365269834,0.0027585574908346178,5.361821731913719,0.05714420469301624,0.1477219158630433,0.09057771117002708,158.5072566091673,0.05508341678186163,0.09675681026532311,0.04167339348346148,75.65506266340414
0.1,45,145,0.6,0.06,0.4,0.9987830012473864,0.9996646498695336,0.3993420111557304,0.39993443367581527,0.05018925958062667,0.05548733493611593,0.005298075355489255,10.55619349589756,0.09037815497528018,0.10706897259894953,0.01669081762366935,18.467756537223565,0.057161283634456043,0.10673169937562527,0.04957041574116922,86.72026341845279
0.1,46,146,0.6,0.06,0.4,0.9991914668941805,0.9996646498695336,0.3994340685197744,0.39993443367581527,0.04849876580947924,0.053101148353830736,0.0046023825443514965,9.489690031353224,0.05704786312594063,0.13612378905573563,0.07907592592979501,138.61330047582072,0.060255056262725856,0.10214374005087494,0.041888683788149084,69.51895224444705
0.1,47,147,0.6,0.06,0.4,0.9990749770865951,0.9996646498695336,0.39941088557512827,0.39993443367581527,0.052371122607433145,0.05691820332995108,0.004547080722517936,8.682419807194584,0.07369298446990805,0.15518238090856729,0.08148939643865924,110.57958505118599,0.06372581237491,0.13398119223160057,0.07025537985669057,110.24634639942445
0.1,48,148,0.6,0.06,0.4,0.9993021659748594,0.9996646498695336,0.3994558954497247,0.39993443367581527,0.05149649548773909,0.05315982574585336,0.0016633302581142706,3.2299872881840987,0.057068185181582375,0.13628293181899437,0.07921474663741199,138.80719421050904,0.056793872821087915,0.08228885444399789,0.025494981622909973,44.890373479590444
0.1,49,149,0.6,0.06,0.4,0.9987883563272264,0.9996646498695336,0.39934964186959,0.39993443367581527,0.05145285288468327,0.05288871345062349,0.0014358605659402154,2.7906335323296507,0.06783820072069519,0.10710500046340622,0.03926679974271104,57.883020666159915,0.06138565454794249,0.10577274995994022,0.044387095411997736,72.30858046374858
0.1,50,150,0.6,0.06,0.4,0.9991946967545182,0.9996646498695336,0.39943466404597994,0.39993443367581527,0.05330968965978111,0.05065925993723045,-0.002650429722550661,-4.971759804766314,0.07723229268058363,0.0846157481965197,0.007383455515936069,9.560062584795292,0.06420441451020065,0.09816889131618683,0.03396447680598619,52.90053194175611
0.1,51,151,0.6,0.06,0.4,0.9976500092094022,0.9996646498695336,0.39897720095334754,0.39993443367581527,0.051136663944746294,0.053043705173626825,0.0019070412288805308,3.729303168742312,0.07358009524766916,0.13384583588638563,0.06026574063871647,81.90495056558865,0.05586570486612598,0.0740235920398554,0.018157887173729417,32.50274424576249
0.1,52,152,0.6,0.06,0.4,0.9979423109265759,0.9996646498695336,0.3990213573789723,0.39993443367581527,0.05298945873773602,0.05725569835357478,0.00426623961583876,8.051110008414922,0.060034398089940356,0.10483072834473355,0.04479633025479319,74.61777194414725,0.06547936922687565,0.08218761619465674,0.016708246967781087,25.51681111937663
0.1,53,153,0.6,0.06,0.4,0.9991412658800909,0.9996646498695336,0.39942412902637026,0.39993443367581527,0.05223875068259663,0.05382064499076563,0.0015818943081689976,3.0282008805696927,0.07395646440433712,0.11783706205380022,0.0438805976494631,59.333011661506305,0.06091235157948586,0.08140871072223997,0.020496359142754113,33.64893754923904
0.1,54,154,0.6,0.06,0.4,0.9992925669148334,0.9996646498695336,0.3994551880074261,0.39993443367581527,0.05299127035118685,0.05248331231514197,-0.0005079580360448782,-0.9585692750494732,0.10366448363822234,0.11613362516912036,0.012469141530898023,12.028364096631163,0.05872344836931357,0.10837134015508662,0.04964789178577305,84.5452594567266
0.1,55,155,0.6,0.06,0.4,0.9964095954248796,0.9996646498695336,0.398675548897282,0.39993443367581527,0.05237342969665726,0.04953142952336536,-0.002842000173291899,-5.426416008561093,0.08195994831224367,0.11664726316187518,0.034687314849631515,42.322275164794995,0.06112818662643604,0.11569617642383252,0.05456798979739648,89.26813113379274
0.1,56,156,0.6,0.06,0.4,0.9986609782515918,0.9996646498695336,0.3993267162031402,0.39993443367581527,0.05302633882990809,0.05538942594570196,0.0023630871157938674,4.456440267116897,0.07640028773301519,0.13577815448360228,0.059377866750587094,77.71942817556678,0.04789926236638481,0.12106772596058912,0.07316846359420431,152.75488594069282
0.1,57,157,0.6,0.06,0.4,0.9976576665435746,0.9996646498695336,0.3989610840096063,0.39993443367581527,0.051976271953813755,0.05346297194116906,0.0014866999873553027,2.8603436365662933,0.0656011785782919,0.11977635225326144,0.054175173674969546,82.58262252150553,0.06322844136005668,0.10462622034287665,0.041397778982819974,65.47335042956192
0.1,58,158,0.6,0.06,0.4,0.9984333263827686,0.9996646498695336,0.39922581787940675,0.39993443367581527,0.051064512485759224,0.05603110911730147,0.004966596631542246,9.726121703261773,0.06198827186373346,0.15354199803825117,0.09155372617451771,147.69523882804302,0.058769020859470944,0.07227969648497282,0.013510675625501872,22.989451632704128
0.1,59,159,0.6,0.06,0.4,0.9967132097872403,0.9996646498695336,0.3986076371017597,0.39993443367581527,0.050709814192900014,0.05274766899320499,0.0020378548003049737,4.018659568644797,0.0828310891657764,0.14497444056857656,0.062143351402800154,75.02418720877587,0.055206881020654484,0.09095359061078476,0.03574670959013027,64.75046032170592
0.1,60,160,0.6,0.06,0.4,0.998117935019798,0.9996646498695336,0.39905133724802183,0.39993443367581527,0.051552853182869646,0.05368406023313897,0.0021312070502693264,4.134023470455558,0.07193829151537541,0.10276439503341189,0.030826103518036482,42.85075843293832,0.056990671077715466,0.10407130912921615,0.04708063805150069,82.61113119250528
0.1,61,161,0.6,0.06,0.4,0.999103468015935,0.9996646498695336,0.399416497147993,0.39993443367581527,0.04926279413650263,0.055711703341441224,0.0064489092049385965,13.090831159656247,0.06883947204111783,0.09669190329954575,0.027852431258427915,40.45997221157021,0.05117815088193364,0.09233208470850535,0.041153933826571704,80.41309253535265
0.1,62,162,0.6,0.06,0.4,0.9991447002377041,0.9996646498695336,0.3994241606858472,0.39993443367581527,0.053405337534696014,0.05389165300630739,0.000486315471611376,0.910612111187257,0.07156119546522008,0.12516058618799408,0.053599390722774004,74.90007730352157,0.064285852028393,0.13703230312964237,0.07274645110124937,113.1609036917168
0.1,63,163,0.6,0.06,0.4,0.9989441776274315,0.9996646498695336,0.39937972704504826,0.39993443367581527,0.052905567516147646,0.052959575964657175,5.400844850952935e-05,0.10208462179910477,0.06562839831398368,0.11294631390356007,0.04731791558957639,72.09975682050766,0.06290907612051412,0.10824459642712198,0.045335520306607854,72.06515037632911
0.1,64,164,0.6,0.06,0.4,0.9992771636925246,0.9996646498695336,0.39945100229719915,0.39993443367581527,0.052852878475681306,0.049864836847795954,-0.0029880416278853517,-5.653507839237575,0.07285074120239957,0.11971680787378546,0.04686606667138589,64.33162641568596,0.05812496495383652,0.09462541452159486,0.03650044956775834,62.79651023746405
0.1,65,165,0.6,0.06,0.4,0.9982759106688903,0.9996646498695336,0.3992127411165657,0.39993443367581527,0.052980941812786245,0.05314311780819065,0.00016217599540440525,0.3061025150845209,0.06714454940288464,0.15009668059658351,0.08295213119369887,123.54261355745297,0.05985094119122765,0.07497080199412612,0.015119860802898469,25.262528043777174
0.1,66,166,0.6,0.06,0.4,0.9982353668619051,0.9996646498695336,0.39914418449308303,0.39993443367581527,0.05250926363626432,0.051039130839368445,-0.0014701327968958747,-2.7997589284047035,0.08167587561476383,0.10794084941934622,0.026264973804582384,32.15756624203817,0.05737977082885749,0.10645966953043558,0.049079898701578084,85.53519470819283
0.1,67,167,0.6,0.06,0.4,0.9992651127059587,0.9996646498695336,0.3994486407278074,0.39993443367581527,0.05415770307103585,0.054839789090643215,0.0006820860196073628,1.259444143546313,0.0872290040446378,0.08717490697732108,-5.409706731672459e-05,-0.062017293340918385,0.06087959521874462,0.10185869492077122,0.0409790997020266,67.3117151235744
0.1,68,168,0.6,0.06,0.4,0.9992105811963583,0.9996646498695336,0.39943938610229,0.39993443367581527,0.05332822873247957,0.04966041431424278,-0.003667814418236791,-6.877810318126895,0.09721628300985415,0.07645813187928908,-0.02075815113056506,-21.352545569409344,0.06215938584148244,0.110855020033912,0.04869563419242956,78.33995386732447
0.1,69,169,0.6,0.06,0.4,0.9991964858040076,0.9996646498695336,0.39943482557742654,0.39993443367581527,0.050020820282859396,0.054125434186031975,0.004104613903172578,8.20581086028112,0.08177811394553393,0.12219851702503845,0.04042040307950452,49.42692014935123,0.0584163530258286,0.08929912982841999,0.03088277680259139,52.8666635333032
0.1,70,170,0.6,0.06,0.4,0.999295163957325,0.9996646498695336,0.3994538499405077,0.39993443367581527,0.04796571904136649,0.05375718329474083,0.0057914642533743385,12.074173741416608,0.0836003961608328,0.10504822041063645,0.021447824249803654,25.65517059098826,0.06054035081493026,0.11528080013958733,0.05474044932465707,90.41977555101506
0.1,71,171,0.6,0.06,0.4,0.9981282470810515,0.9996646498695336,0.39905337820336634,0.39993443367581527,0.050846404524259765,0.054751914362538144,0.0039055098382783787,7.680995096546084,0.06556537610885961,0.10931064786731551,0.0437452717584559,66.72008055871544,0.05611776331205313,0.09071221865870358,0.03459445534665045,61.64617637071817
0.1,72,172,0.6,0.06,0.4,0.9992070498902953,0.9996646498695336,0.3994369683121207,0.39993443367581527,0.0569761343728848,0.05670451703183682,-0.00027161734104797636,-0.47672125186723846,0.06119931766264757,0.08051329993735187,0.0193139822747043,31.55914642900081,0.06729019533991933,0.11466308813549318,0.04737289279557386,70.40088464042591
0.1,73,173,0.6,0.06,0.4,0.9981562972843401,0.9996646498695336,0.3992209371928239,0.39993443367581527,0.047602490657439746,0.04963153839553966,0.0020290477380999136,4.262482298881132,0.0972217749475222,0.1496393722502009,0.05241759730267871,53.91549098025867,0.05233421338133754,0.08193822584833754,0.029604012467,56.56722544253782
0.1,74,174,0.6,0.06,0.4,0.9988111252717612,0.9996646498695336,0.39935636048702833,0.39993443367581527,0.05357217090275977,0.052218157028640966,-0.0013540138741188062,-2.527457542417894,0.07628307466619423,0.08722412659681589,0.010941051930621656,14.3426991878584,0.05906326855332226,0.10726880335740237,0.04820553480408011,81.61677466352916
0.1,75,175,0.6,0.06,0.4,0.9989370728991925,0.9996646498695336,0.39938269123780396,0.39993443367581527,0.05189975968834314,0.05750502108400462,0.005605261395661476,10.800168303901485,0.0630541057780104,0.17914628185928982,0.11609217608127942,184.11517322915648,0.057998278657269565,0.12012219233554255,0.06212391367827299,107.11337494235497
0.1,76,176,0.6,0.06,0.4,0.9981021570780755,0.9996646498695336,0.3990482878152992,0.39993443367581527,0.04951378815394634,0.05196039651324739,0.00244660835930105,4.94126676733792,0.07567662538203264,0.10631314983126933,0.030636524449236688,40.48347068143779,0.0569564930346843,0.10861929794573759,0.05166280491105329,90.70573372484965
0.1,77,177,0.6,0.06,0.4,0.9959811632434484,0.9996646498695336,0.3984540087543861,0.39993443367581527,0.052828380242249694,0.0546563558526887,0.0018279756104390074,3.460215138258351,0.08104512571449424,0.10714616138367467,0.026101035669180428,32.2055588649824,0.06425666220117864,0.1225325883215093,0.05827592612033067,90.69242647225728
0.1,78,178,0.6,0.06,0.4,0.9978673666246884,0.9996646498695336,0.39900169009922654,0.39993443367581527,0.04782532862996041,0.05667770725853551,0.008852378628575103,18.509812440743975,0.06257613601154008,0.11615472735661642,0.05357859134507634,85.6214441479665,0.06136258415487581,0.11900881310615125,0.057646228951275434,93.94361359648659
0.1,79,179,0.6,0.06,0.4,0.9992975768184237,0.9996646498695336,0.3994549706489358,0.39993443367581527,0.052623074248934525,0.057640604423568,0.0050175301746334736,9.534848060943656,0.09697530058671164,0.16890855257609697,0.07193325198938533,74.17687963242284,0.061333986093934714,0.0997890006405954,0.038455014546660685,62.69772600099031
0.1,80,180,0.6,0.06,0.4,0.9981591751156592,0.9996646498695336,0.399061490914649,0.39993443367581527,0.051039624235142474,0.05422948074637319,0.0031898565112307153,6.249764881761009,0.09413848981145698,0.0872536090918666,-0.006884880719590383,-7.313566144283387,0.0564767373726758,0.10500439509036787,0.04852765771769207,85.92503741402454
0.1,81,181,0.6,0.06,0.4,0.9985149108992528,0.9996646498695336,0.39929876566467065,0.39993443367581527,0.05406056437771892,0.052222703237391636,-0.0018378611403272807,-3.3996336543699788,0.09208776980177776,0.13147410633111176,0.039386336529334,42.77043152865414,0.05444677008908831,0.13483880067462298,0.08039203058553467,147.65252457398947
0.1,82,182,0.6,0.06,0.4,0.9982582514504489,0.9996646498695336,0.39914007451627714,0.39993443367581527,0.0535121663995529,0.0527781681385841,-0.0007339982609687948,-1.3716474408610888,0.09204900287443503,0.08527840807604194,-0.0067705947983930925,-7.355424379369898,0.0635842717338292,0.10643972005182083,0.04285544831799162,67.39944824309583
0.1,83,183,0.6,0.06,0.4,0.9991645931578605,0.9996646498695336,0.3994288479352749,0.39993443367581527,0.054063468133641254,0.05099509353616147,-0.0030683745974797866,-5.675504556783096,0.09418819495197885,0.08593034700311447,-0.008257847948864375,-8.76739165993634,0.060315244334741745,0.1084919748873258,0.048176730552584056,79.87488251760945
0.1,84,184,0.6,0.06,0.4,0.9992735432152823,0.9996646498695336,0.3994502986436694,0.39993443367581527,0.052300847720054666,0.05268936569094535,0.00038851797089068524,0.7428521483442585,0.09865682339282553,0.18906988648863068,0.09041306309580516,91.64400391831401,0.06190893016764385,0.09140869058622057,0.029499760418576722,47.65025068062719
0.1,85,185,0.6,0.06,0.4,0.9992801503115238,0.9996646498695336,0.39945151348391983,0.39993443367581527,0.05263077875804074,0.05575412730958127,0.0031233485515405335,5.934452472952169,0.07747025082922147,0.11618944595793426,0.03871919512871279,49.979436899032294,0.061991349543273504,0.11165568476090704,0.04966433521763353,80.11494439714527
0.1,86,186,0.6,0.06,0.4,0.9993790924172804,0.9996646498695336,0.39947098541988585,0.39993443367581527,0.055612327189756616,0.05422086786395921,-0.0013914593257974076,-2.502069947638703,0.0665151829991613,0.13128407806654946,0.06476889506738816,97.37460252977856,0.0677173553103359,0.12138543570735844,0.05366808039702253,79.25306614688628
0.1,87,187,0.6,0.06,0.4,0.9970950934625981,0.9996646498695336,0.3989071754848233,0.39993443367581527,0.05192827213403625,0.05010522793381678,-0.0018230442002194688,-3.510696823329423,0.0947092376533061,0.10489266386638739,0.010183426213081284,10.752305123982593,0.05723240705661025,0.1005949288341499,0.04336252177753965,75.76567893544738
0.1,88,188,0.6,0.06,0.4,0.999193608275175,0.9996646498695336,0.3994345471468909,0.39993443367581527,0.05070711288250752,0.0552159380748596,0.00450882519235208,8.891898860026584,0.07398820769447527,0.2027350624434813,0.12874685474900605,174.00996558890782,0.0621976223323443,0.11102484034518562,0.04882721801284132,78.50335138526663
0.1,89,189,0.6,0.06,0.4,0.997049618153312,0.9996646498695336,0.39881852789367,0.39993443367581527,0.04897642427440298,0.054465607875613234,0.005489183601210257,11.20780800667623,0.067506097948699,0.09573273225703366,0.028226634308334664,41.81345858530497,0.05541582864889222,0.08637456809707633,0.030958739448184114,55.86623930923207
0.1,90,190,0.6,0.06,0.4,0.9993746107821705,0.9996646498695336,0.3994700856692262,0.39993443367581527,0.051775831310064045,0.052370567893628345,0.0005947365835642995,1.1486760685746755,0.08080271177740062,0.13098863554424095,0.050185923766840335,62.109207306179336,0.06256461403937058,0.0838719650756912,0.021307351036320615,34.05655315465121
0.1,91,191,0.6,0.06,0.4,0.9974949000305378,0.9996646498695336,0.39892509533414844,0.39993443367581527,0.051307190942468814,0.05266479539931704,0.0013576044568482243,2.6460315443317053,0.08773382221247268,0.11791166937781333,0.03017784716534065,34.39705053799698,0.05690323790197812,0.10092893842847524,0.04402570052649712,77.36941191700915
0.1,92,192,0.6,0.06,0.4,0.9989471526027703,0.9996646498695336,0.3993834506372944,0.39993443367581527,0.05510037875592653,0.052738522921032295,-0.002361855834894233,-4.286460253488175,0.08773181064891436,0.1608930867408664,0.07316127609195203,83.3919595991575,0.06792345685409945,0.10827129243019447,0.04034783557609502,59.40191716502701
0.1,93,193,0.6,0.06,0.4,0.9979230006136602,0.9996646498695336,0.39901268269303647,0.39993443367581527,0.055333061902072746,0.054567235278993736,-0.0007658266230790092,-1.3840308068155573,0.06703970157337293,0.13809054210527053,0.0710508405318976,105.98322913793791,0.06242514667705403,0.08793546699064923,0.0255103203135952,40.865455143531406
0.1,94,194,0.6,0.06,0.4,0.9989137538238824,0.9996646498695336,0.39937899150619194,0.39993443367581527,0.05261704434084558,0.05330857874292803,0.0006915344020824443,1.3142783118009913,0.061421919983659576,0.10935252282317483,0.04793060283951525,78.03501234130503,0.058874221009179335,0.10902821231399079,0.050153991304811456,85.18837352767984
0.1,95,195,0.6,0.06,0.4,0.9981295070763738,0.9996646498695336,0.39905364355413675,0.39993443367581527,0.05201946119903407,0.0566609029631998,0.004641441764165727,8.922510262855072,0.08289278437560682,0.11792873081139324,0.03503594643578642,42.26658170514608,0.05434132603619144,0.08489856725140343,0.030557241215211993,56.23204924160446
0.1,96,196,0.6,0.06,0.4,0.9987986838613185,0.9996646498695336,0.3993529978886585,0.39993443367581527,0.053662041293337806,0.053844774405859996,0.00018273311252219038,0.3405258318879436,0.09258897628023652,0.14519960309083452,0.052610626810598,56.821696193467844,0.05945194168846048,0.10572444280094641,0.04627250111248593,77.83177436821603
0.1,97,197,0.6,0.06,0.4,0.996303020683233,0.9996646498695336,0.39857041614389677,0.39993443367581527,0.04586828811117179,0.056995938862373065,0.011127650751201278,24.26000884147015,0.09858488835716227,0.1630294486596098,0.06444456030244754,65.36961331129366,0.04975351427418086,0.11182395902700693,0.06207044475282607,124.7559004792491
0.1,98,198,0.6,0.06,0.4,0.998084426508185,0.9996646498695336,0.3990450760006806,0.39993443367581527,0.05623767596104118,0.05143714707863702,-0.004800528882404155,-8.53614378682671,0.08607938671354835,0.07804764566160183,-0.008031741051946525,-9.330620673070364,0.06519901304122847,0.08712690800904382,0.02192789496781536,33.63224985315237
0.1,99,199,0.6,0.06,0.4,0.9992796297419022,0.9996646498695336,0.39945146554342553,0.39993443367581527,0.05068436073003597,0.051748648326899495,0.001064287596863528,2.0998343108879785,0.06510030773771813,0.1464504721191053,0.08135016438138717,124.9612593371108,0.06348550812761009,0.09939404946679901,0.03590854133918893,56.5617924440494
0.15,0,100,0.4,0.06,0.4,0.9978842179763185,0.9996646498695336,0.39917294037915657,0.39993443367581527,0.05227903361128479,0.05582726771342003,0.003548234102135242,6.787107291457911,0.07643590785038243,0.10741935014438038,0.03098344229399795,40.535192379275095,0.05092163240002351,0.08539560977309452,0.03447397737307101,67.70006330954757
0.15,1,101,0.4,0.06,0.4,0.9978300399685053,0.9996646498695336,0.39916251165476296,0.39993443367581527,0.048683555599097254,0.0494291789218098,0.000745623322712545,1.531571212367182,0.07984218432276635,0.08863022369467108,0.008788039371904727,11.006762210285483,0.05885431523510717,0.07338451959459094,0.014530204359483774,24.688426500995746
0.15,2,102,0.4,0.06,0.4,0.9989933433823598,0.9996646498695336,0.3993960454111171,0.39993443367581527,0.05234248019736282,0.056314391434914686,0.003971911237551869,7.588313015690812,0.07903576463981214,0.0808119000103707,0.0017761353705585542,2.2472552503956846,0.060202935547240384,0.08841325329628952,0.028210317749049134,46.85870795604792
0.15,3,103,0.4,0.06,0.4,0.996365210124978,0.9996646498695336,0.3987083833670142,0.39993443367581527,0.05032722908195535,0.054200494582447585,0.0038732655004922317,7.696162835002925,0.0810950685709957,0.09594562355138886,0.014850554980393157,18.312525338568587,0.05527311227670311,0.07403792650651653,0.018764814229813416,33.949262954245725
0.15,4,104,0.4,0.06,0.4,0.9962809513371514,0.9996646498695336,0.39880205308941924,0.39993443367581527,0.05119621887821709,0.054262700304995505,0.003066481426778414,5.989663873562227,0.06326255002179447,0.1312963316583081,0.06803378163651362,107.54195272412419,0.06528116355477227,0.08083986092684163,0.015558697372069358,23.833364059167366
0.15,5,105,0.4,0.06,0.4,0.9975145787229889,0.9996646498695336,0.39893396400785275,0.39993443367581527,0.05243502133258905,0.05442078559916811,0.0019857642665790584,3.7870953727349397,0.07131443862880558,0.11540325656724328,0.04408881793843769,61.82312977028635,0.05999929294987376,0.08846159485534237,0.028462301905468612,47.43772885665063
0.15,6,106,0.4,0.06,0.4,0.9978193924331934,0.9996646498695336,0.3991526974358995,0.39993443367581527,0.05274316164064624,0.055201362297272294,0.002458200656626053,4.660700231386306,0.09472747098725408,0.07405200601923972,-0.020675464968014354,-21.82626090671872,0.053718430130723985,0.0744502912947197,0.02073186116399571,38.593572287098965
0.15,7,107,0.4,0.06,0.4,0.9950230750393838,0.9996646498695336,0.398279596455691,0.39993443367581527,0.05190239552492012,0.05148917889309668,-0.0004132166318234348,-0.7961417341999857,0.06378659349272257,0.12111102126191156,0.05732442776918899,89.8690847563903,0.054375773230939735,0.08842799257988165,0.03405221934894192,62.62388068362448
0.15,8,108,0.4,0.06,0.4,0.9967088090893047,0.9996646498695336,0.3987698409768767,0.39993443367581527,0.05124726672090241,0.05633013860467138,0.00508287188376897,9.918327764582616,0.06039476522035152,0.11340182780519259,0.05300706258484107,87.76764408544967,0.05618698468293863,0.10795149981723465,0.051764515134296016,92.1290142662069
0.15,9,109,0.4,0.06,0.4,0.9956980379556412,0.9996646498695336,0.3984045908321892,0.39993443367581527,0.0497259163568056,0.05456980541985687,0.00484388906305127,9.741176066609226,0.09373135449462155,0.12771172829082458,0.03398037379620303,36.25294222986276,0.051028094045126815,0.06808374690232526,0.01705565285719844,33.42404449226584
0.15,10,110,0.4,0.06,0.4,0.9976256781976959,0.9996646498695336,0.3989546834795683,0.39993443367581527,0.050221344434371235,0.050472802848362516,0.00025145841399128177,0.5007002835614749,0.06713786743534526,0.10847707009727019,0.04133920266192492,61.57360107056598,0.0549733624712438,0.08280441049995518,0.027831048028711385,50.62642483124371
0.15,11,111,0.4,0.06,0.4,0.9933175680156869,0.9996646498695336,0.3978731509872126,0.39993443367581527,0.05492426932575183,0.05498662087018938,6.235154443754581e-05,0.11352275633881145,0.08006748030211115,0.1483402135851159,0.06827273328300475,85.26899188709025,0.05897219896197289,0.07860369648530734,0.01963149752333445,33.28941072045397
0.15,12,112,0.4,0.06,0.4,0.9966198880755724,0.9996646498695336,0.39858766395923967,0.39993443367581527,0.052176347681895975,0.05195947725298893,-0.00021687042890704278,-0.41564892627065186,0.05529345601473317,0.11598164509649729,0.06068818908176412,109.75654888635194,0.05586234669898512,0.09161890346024777,0.03575655676126265,64.00833275755001
0.15,13,113,0.4,0.06,0.4,0.9966683744852024,0.9996646498695336,0.39876502072274067,0.39993443367581527,0.05206255485385231,0.05712869144356561,0.005066136589713298,9.730864349501731,0.0725712680876223,0.07675856035674918,0.004187292269126869,5.769903681538465,0.05731753697710737,0.08876352235652092,0.03144598537941355,54.862764588040626
0.15,14,114,0.4,0.06,0.4,0.9967602740450123,0.9996646498695336,0.39877611023879844,0.39993443367581527,0.05326431118241393,0.05097754808647106,-0.002286763095942876,-4.293236963323178,0.0707148747809747,0.09036319365250345,0.01964831887152875,27.785269976628708,0.06321700550586887,0.08393786514699901,0.020720859641130143,32.77735077028677
0.15,15,115,0.4,0.06,0.4,0.9969865917206782,0.9996646498695336,0.3988160111093665,0.39993443367581527,0.04712875648091697,0.0567260081677048,0.009597251686787836,20.363897550901612,0.08877222467639247,0.10191648971708762,0.013144265040695158,14.806731597198175,0.05642154265515883,0.08209374807211185,0.025672205416953024,45.500715168066606
0.15,16,116,0.4,0.06,0.4,0.9967785768278203,0.9996646498695336,0.3988316239162499,0.39993443367581527,0.0517451306473083,0.05481572524170674,0.003070594594398443,5.934074483891888,0.0630805911659902,0.13197598569762728,0.06889539453163708,109.21805464749977,0.05153984433904071,0.08544219534426276,0.03390235100522205,65.778916176395
0.15,17,117,0.4,0.06,0.4,0.994638561213522,0.9996646498695336,0.3980209051896053,0.39993443367581527,0.049726389075452786,0.05548026883733793,0.005753879761885142,11.571078996213538,0.07940649677572749,0.11122247460298454,0.03181597782725705,40.067222606629805,0.0566956585574074,0.07474895576715143,0.01805329720974403,31.842468487184245
0.15,18,118,0.4,0.06,0.4,0.9973474004067711,0.9996646498695336,0.3990625494148086,0.39993443367581527,0.05308937317680226,0.053678584908746246,0.0005892117319439838,1.1098487261880945,0.07631113866207387,0.1357740924044229,0.05946295374234903,77.9217225491378,0.05909712507191428,0.09024901947406606,0.031151894402151784,52.71304545566908
0.15,19,119,0.4,0.06,0.4,0.9982963538251038,0.9996646498695336,0.39925550969721385,0.39993443367581527,0.05148500620835039,0.05397181379762506,0.0024868075892746644,4.830158860641891,0.0747683360866008,0.11289822220950155,0.03812988612290075,50.99737150594954,0.06241277800938054,0.09872617350322085,0.036313395493840314,58.18262966660844
0.15,20,120,0.4,0.06,0.4,0.9986616596339168,0.9996646498695336,0.39932987195302083,0.39993443367581527,0.04979896356208757,0.05399013702601002,0.0041911734639224485,8.41618612945035,0.10111176228921491,0.1358799786448936,0.034768216355678686,34.385926591042356,0.058002275582574196,0.09357624898598832,0.03557397340341412,61.33203059036829
0.15,21,121,0.4,0.06,0.4,0.9963448938826543,0.9996646498695336,0.39868739286223753,0.39993443367581527,0.05056171466806138,0.05559545752070769,0.0050337428526463154,9.955641112436423,0.056244146267292426,0.12937939390856212,0.07313524764126969,130.03174995972856,0.05804824549063236,0.08409444254403468,0.026046197053402324,44.869912661883255
0.15,22,122,0.4,0.06,0.4,0.9971517505272517,0.9996646498695336,0.3988603493950536,0.39993443367581527,0.05097609946294546,0.05074052806188473,-0.00023557140106072322,-0.46212127554396376,0.07288938815293293,0.08349886926259846,0.01060948110966553,14.555590845961333,0.05720565898617815,0.09436816092140372,0.03716250193522557,64.96298197387195
0.15,23,123,0.4,0.06,0.4,0.9979033273946026,0.9996646498695336,0.39901775508216736,0.39993443367581527,0.05128720292880176,0.05500621961176081,0.003719016682959049,7.251354081683661,0.06971469856860425,0.06601050046417738,-0.0037041981044268757,-5.313367454040814,0.060030450812770884,0.07896276859993896,0.018932317787168078,31.537857088923303
0.15,24,124,0.4,0.06,0.4,0.9962176820475793,0.9996646498695336,0.398681986348983,0.39993443367581527,0.056034995899460364,0.05298117111610924,-0.0030538247833511237,-5.4498527827688,0.11060674530993181,0.12435534716584559,0.013748601855913783,12.430165825229505,0.05622159341084604,0.08381425882203894,0.0275926654111929,49.078412291797186
0.15,25,125,0.4,0.06,0.4,0.9960282071477368,0.9996646498695336,0.3985668844825454,0.39993443367581527,0.05388495183881424,0.050751798721368556,-0.0031331531174456848,-5.814523369748699,0.07869637386536456,0.060985315943189435,-0.017711057922175123,-22.505557819570672,0.06577278147769818,0.08917881466039308,0.023406033182694908,35.58619942298058
0.15,26,126,0.4,0.06,0.4,0.9939852423183878,0.9996646498695336,0.3980514773590668,0.39993443367581527,0.05290724449819469,0.05382056349169913,0.0009133189935044347,1.7262645260907494,0.057410350517166225,0.0854022478199327,0.02799189730276648,48.757579514162074,0.05994369666894594,0.0800042150824927,0.02006051841354676,33.465601102874906
0.15,27,127,0.4,0.06,0.4,0.9974052204480822,0.9996646498695336,0.3990741202999856,0.39993443367581527,0.04818328112980055,0.05082500533464182,0.002641724204841274,5.482657351052442,0.07560824879684892,0.11700966398923017,0.04140141519238125,54.75780202716017,0.054355724444286616,0.08278330338452547,0.028427578940238854,52.29914462712474
0.15,28,128,0.4,0.06,0.4,0.9987343932810161,0.9996646498695336,0.39934436286384545,0.39993443367581527,0.05190722155131241,0.05239511785503714,0.0004878963037247344,0.9399391628820452,0.05778358004097755,0.11633321541294865,0.0585496353719711,101.3257318609375,0.056706823752402366,0.07808412196109257,0.021377298208690207,37.697929092324735
0.15,29,129,0.4,0.06,0.4,0.9976970194137876,0.9996646498695336,0.39913408843507936,0.39993443367581527,0.05361311017271911,0.05498471706348487,0.0013716068907657641,2.558342327738529,0.061405073158389105,0.10932957300620386,0.04792449984781475,78.04648277870727,0.06477260569312294,0.10156312461912612,0.03679051892600317,56.79950425386284
0.15,30,130,0.4,0.06,0.4,0.9965837847824475,0.9996646498695336,0.39875576147663516,0.39993443367581527,0.05146487985740056,0.05716875376549014,0.005703873908089581,11.083041335943921,0.08324611488782761,0.12444759009484838,0.04120147520702076,49.493571276616194,0.06000466862521311,0.08279758480657284,0.022792916181359736,37.985237988269596
0.15,31,131,0.4,0.06,0.4,0.9970047847839956,0.9996646498695336,0.398831337937032,0.39993443367581527,0.05207429512638108,0.05357477378238608,0.0015004786560049999,2.881419042472743,0.06902702500351925,0.08221751601989202,0.013190491016372777,19.109169221330742,0.05980343202904094,0.09745914983866191,0.03765571780962097,62.96581405450963
0.15,32,132,0.4,0.06,0.4,0.9933643267131496,0.9996646498695336,0.39771948811122837,0.39993443367581527,0.05097539018435661,0.053930432300540274,0.002955042116183665,5.796997542336639,0.05070028392192773,0.08376242442912844,0.033062140507200716,65.21095731556926,0.05513842979436651,0.0808999283576357,0.025761498563269182,46.72149471674152
0.15,33,133,0.4,0.06,0.4,0.9949626058412945,0.9996646498695336,0.3983441293507912,0.39993443367581527,0.05303621504211288,0.05445222658100171,0.0014160115388888311,2.6698955379158584,0.07768208701815443,0.10112437591869095,0.023442288900536512,30.17721304920401,0.06005212124116561,0.07516378606821864,0.015111664827053027,25.164248180951866
0.15,34,134,0.4,0.06,0.4,0.9921217519818503,0.9996646498695336,0.3973331075765515,0.39993443367581527,0.05303044886983147,0.058119616921540565,0.005089168051709093,9.596690505488581,0.06805823978675087,0.10397458422520806,0.03591634443845719,52.77295526742252,0.06235732831910402,0.09857506618196661,0.036217737862862594,58.080964722420276
0.15,35,135,0.4,0.06,0.4,0.9970075026766541,0.9996646498695336,0.3988297393131009,0.39993443367581527,0.052864997681610244,0.05136791869340203,-0.0014970789882082156,-2.831890766788009,0.06823031092190088,0.11508402792864642,0.04685371700674554,68.66994503421824,0.05598780286747533,0.07237178989902472,0.01638398703154939,29.263493461836212
0.15,36,136,0.4,0.06,0.4,0.9978624819677864,0.9996646498695336,0.3991676927024913,0.39993443367581527,0.05276480030840734,0.054660649020911466,0.0018958487125041237,3.593017885831071,0.0831172905014264,0.09941815858906526,0.016300868087638865,19.61188579331652,0.05669356295408379,0.09424304606778651,0.03754948311370272,66.23235717979856
0.15,37,137,0.4,0.06,0.4,0.998230363434558,0.9996646498695336,0.39924211889822775,0.39993443367581527,0.05243819337238668,0.05260854567627624,0.0001703523038895649,0.3248630300434232,0.06874245679253842,0.1621840545894911,0.09344159779695267,135.92996549273056,0.06949170441389267,0.06975449292236302,0.00026278850847034907,0.37815809913825166
0.15,38,138,0.4,0.06,0.4,0.9981035900348982,0.9996646498695336,0.3992180429743499,0.39993443367581527,0.049384602552353885,0.0492516337470504,-0.00013296880530348776,-0.2692515448768148,0.04348436095844358,0.12029744437906571,0.07681308342062212,176.64530816959595,0.04659790715542948,0.08110024909615007,0.03450234194072059,74.04268570611214
0.15,39,139,0.4,0.06,0.4,0.9944943208512873,0.9996646498695336,0.3984083202433485,0.39993443367581527,0.05151801007601421,0.05438054414636661,0.0028625340703523974,5.556375461957405,0.05288167260388503,0.13926045737534287,0.08637878477145784,163.3435186864946,0.05471264684663628,0.09023460836667131,0.035521961520035034,64.92458977465631
0.15,40,140,0.4,0.06,0.4,0.9987580210925261,0.9996646498695336,0.39934920563633175,0.39993443367581527,0.04960370817195748,0.055905979489246076,0.006302271317288596,12.705242308581008,0.11040328705143197,0.16282992284535358,0.05242663579392161,47.48648087760139,0.05132790060437761,0.08117628621561387,0.02984838561123626,58.152360138981756
0.15,41,141,0.4,0.06,0.4,0.9986354116149215,0.9996646498695336,0.3993234747778916,0.39993443367581527,0.05041472877140103,0.051710603411896976,0.0012958746404959434,2.570428666534966,0.09067643942549515,0.08471433328344112,-0.00596210614205403,-6.575143642415328,0.05228268940123131,0.07785963238383381,0.025576942982602498,48.92048070885989
0.15,42,142,0.4,0.06,0.4,0.9956268686957493,0.9996646498695336,0.39854714639430505,0.39993443367581527,0.04925916291607802,0.054639740968874737,0.005380578052796715,10.922999365546492,0.06418852995920396,0.09053879722267345,0.026350267263469493,41.05136428613776,0.05741182267118053,0.10198717178453588,0.04457534911335535,77.64141084434024
0.15,43,143,0.4,0.06,0.4,0.9945694191474149,0.9996646498695336,0.3984112538627085,0.39993443367581527,0.05438195050204029,0.054369274673649465,-1.2675828390824873e-05,-0.023308888838676912,0.07089478322092685,0.0883141167550339,0.017419333534107045,24.57068453093905,0.0666098695911417,0.0890061385289369,0.022396268937795213,33.62304876929777
0.15,44,144,0.4,0.06,0.4,0.9970796557020134,0.9996646498695336,0.3990146999371462,0.39993443367581527,0.051448138874435216,0.05421129455776876,0.0027631556833335458,5.370759261238445,0.05714420469301624,0.13016260559383164,0.0730184009008154,127.77918827128099,0.05508341678186163,0.08661984624984681,0.03153642946798518,57.252130151755196
0.15,45,145,0.4,0.06,0.4,0.9963139983978612,0.9996646498695336,0.3986001263053665,0.39993443367581527,0.05018925958062667,0.055484677019200665,0.005295417438573993,10.550897707640328,0.09037815497528018,0.10568665500456337,0.01530850002928319,16.93827455702133,0.057161283634456043,0.09308030068747801,0.035919017053021966,62.838016869464546
0.15,46,146,0.4,0.06,0.4,0.998667324027444,0.9996646498695336,0.3993309413960254,0.39993443367581527,0.04849876580947924,0.05312199402003479,0.004623228210555552,9.532671880182006,0.05704786312594063,0.13152080491110274,0.07447294178516212,130.54466496098783,0.060255056262725856,0.08259553900275855,0.022340482740032697,37.076527889415736
0.15,47,147,0.4,0.06,0.4,0.9972209536154982,0.9996646498695336,0.39903333121419676,0.39993443367581527,0.052371122607433145,0.056942740680119355,0.004571618072686211,8.72927263170286,0.07369298446990805,0.12958902423993132,0.055896039770023276,75.84987929597014,0.06372581237491,0.11066092678379777,0.04693511440888777,73.65165332496721
0.15,48,148,0.4,0.06,0.4,0.9975099049526877,0.9996646498695336,0.39895947224146266,0.39993443367581527,0.05149649548773909,0.05317472191526398,0.0016782264275248884,3.258913857399211,0.057068185181582375,0.1310441755590625,0.07397599037748012,129.62737494122103,0.056793872821087915,0.07004386020163146,0.013249987380543546,23.32995924099711
0.15,49,149,0.4,0.06,0.4,0.9958654914504506,0.9996646498695336,0.39846500869586227,0.39993443367581527,0.05145285288468327,0.05288250510989184,0.0014296522252085705,2.778567455555329,0.06783820072069519,0.10630905558559843,0.038470854864903245,56.70972174408963,0.06138565454794249,0.0888805133533223,0.02749485880537981,44.790365123346845
0.15,50,150,0.4,0.06,0.4,0.9978284340927095,0.9996646498695336,0.3991617330664567,0.39993443367581527,0.05330968965978111,0.05068313838969383,-0.0026265512700872837,-4.926967849277982,0.07723229268058363,0.07026667857616292,-0.006965614104420703,-9.019043540801002,0.06420441451020065,0.08632756787034626,0.022123153360145614,34.45737108408759
0.15,51,151,0.4,0.06,0.4,0.9935188931767684,0.9996646498695336,0.3976449556471201,0.39993443367581527,0.051136663944746294,0.053021605489288776,0.0018849415445424816,3.6860862620588253,0.07358009524766916,0.12911870676517737,0.055538611517508205,75.48048331626417,0.05586570486612598,0.06449394355602556,0.008628238689899578,15.44460722472919
0.15,52,152,0.4,0.06,0.4,0.9961114938310227,0.9996646498695336,0.3986402531422434,0.39993443367581527,0.05298945873773602,0.057240537968700995,0.004251079230964974,8.022499818322549,0.060034398089940356,0.10155190305833255,0.04151750496839219,69.1561942641498,0.06547936922687565,0.07239459927069876,0.006915230043823106,10.560929534710281
0.15,53,153,0.4,0.06,0.4,0.99769306994597,0.9996646498695336,0.39913663369601526,0.39993443367581527,0.05223875068259663,0.05380274775192277,0.0015639970693261396,2.9939404156676854,0.07395646440433712,0.10754993281131747,0.033593468406980354,45.42330231380056,0.06091235157948586,0.07799211110131801,0.017079759521832154,28.039895159103164
0.15,54,154,0.4,0.06,0.4,0.9979863972163315,0.9996646498695336,0.3991950792827153,0.39993443367581527,0.05299127035118685,0.05245595808907224,-0.0005353122621146109,-1.0101895247405055,0.10366448363822234,0.10389446266735765,0.00022997902913531043,0.2218493943768745,0.05872344836931357,0.09141995765742478,0.03269650928811121,55.678796453644644
0.15,55,155,0.4,0.06,0.4,0.9907866713341146,0.9996646498695336,0.3971699161915614,0.39993443367581527,0.05237342969665726,0.049563415286017404,-0.002810014410639855,-5.36534350894191,0.08195994831224367,0.10724439794649014,0.025284449634246475,30.849762786477175,0.06112818662643604,0.09500973129874188,0.033881544672305836,55.42704035923932
0.15,56,156,0.4,0.06,0.4,0.9964970008957057,0.9996646498695336,0.3988481017478758,0.39993443367581527,0.05302633882990809,0.055417157650077674,0.002390818820169581,4.5087382476821185,0.07640028773301519,0.12159682897409217,0.045196541241076985,59.15755369798955,0.04789926236638481,0.10080242378684606,0.05290316142046125,110.44671422244724
0.15,57,157,0.4,0.06,0.4,0.9944711649249754,0.9996646498695336,0.3982844357032351,0.39993443367581527,0.051976271953813755,0.05346761864358824,0.001491346689774485,2.8692836821765506,0.0656011785782919,0.1138226135226875,0.0482214349443956,73.50696434035191,0.06322844136005668,0.09072487246673737,0.027496431106680694,43.48744096047103
0.15,58,158,0.4,0.06,0.4,0.9973661867687029,0.9996646498695336,0.39890513023561724,0.39993443367581527,0.051064512485759224,0.056009985863158716,0.0049454733773994924,9.684755883606403,0.06198827186373346,0.13806316281093847,0.07607489094720501,122.72465203488437,0.058769020859470944,0.07157966284745829,0.012810641987987342,21.798290665111256
0.15,59,159,0.4,0.06,0.4,0.9960448429706443,0.9996646498695336,0.39847172744096127,0.39993443367581527,0.050709814192900014,0.05271240575191832,0.002002591559018309,3.9491202854746326,0.0828310891657764,0.12941763044206883,0.04658654127629243,56.242821077790126,0.055206881020654484,0.07956207065214893,0.024355189631494446,44.1162209877107
0.15,60,160,0.4,0.06,0.4,0.997486609839246,0.9996646498695336,0.3989270598045136,0.39993443367581527,0.051552853182869646,0.05367344871357418,0.002120595530704532,4.113439702711117,0.07193829151537541,0.10172415932785842,0.029785867812483005,41.40474729806011,0.056990671077715466,0.0860825724057844,0.029091901328068936,51.04677796897267
0.15,61,161,0.4,0.06,0.4,0.9981672459704578,0.9996646498695336,0.3992314287513306,0.39993443367581527,0.04926279413650263,0.05573690523986005,0.0064741111033574245,13.141989237188342,0.06883947204111783,0.08729477746557253,0.0184553054244547,26.80919082794729,0.05117815088193364,0.08047860093575214,0.029300450053818497,57.25187320935784
0.15,62,162,0.4,0.06,0.4,0.9980344250392362,0.9996646498695336,0.3991992610177511,0.39993443367581527,0.053405337534696014,0.05390794580128295,0.0005026082665869347,0.9411199138295935,0.07156119546522008,0.10112985173183454,0.029568656266614465,41.319399535444205,0.064285852028393,0.11597362937949204,0.05168777735109904,80.40303693613674
0.15,63,163,0.4,0.06,0.4,0.9973012832212421,0.9996646498695336,0.3989114958025329,0.39993443367581527,0.052905567516147646,0.05298072605973789,7.515854359024104e-05,0.14206169051546688,0.06562839831398368,0.09684923207431635,0.031220833760332675,47.572140357538395,0.06290907612051412,0.09071223253384966,0.027803156413335542,44.19577925460769
0.15,64,164,0.4,0.06,0.4,0.9979675446774948,0.9996646498695336,0.39919019592603483,0.39993443367581527,0.052852878475681306,0.049853061457648694,-0.002999817018032612,-5.675787401840166,0.07285074120239957,0.10974653749042433,0.036895796288024765,50.64573905366043,0.05812496495383652,0.0854973386085028,0.027372373654666278,47.09228414400889
0.15,65,165,0.4,0.06,0.4,0.9969914456169728,0.9996646498695336,0.39882693329237273,0.39993443367581527,0.052980941812786245,0.05310421452611669,0.00012327271333044398,0.23267369192122167,0.06714454940288464,0.13339627601626472,0.06625172661338008,98.67029744417913,0.05985094119122765,0.07012834645272266,0.01027740526149501,17.171668576870047
0.15,66,166,0.4,0.06,0.4,0.9975657430934751,0.9996646498695336,0.3989446486130191,0.39993443367581527,0.05250926363626432,0.05104013983274992,-0.0014691238035143966,-2.7978373753079637,0.08167587561476383,0.09908326824390089,0.017407392629137056,21.312771363776445,0.05737977082885749,0.08816513795920203,0.030785367130344535,53.65195204798888
0.15,67,167,0.4,0.06,0.4,0.9986982864250861,0.9996646498695336,0.3993371161441026,0.39993443367581527,0.05415770307103585,0.05484234769607085,0.0006846446250350011,1.2641685045929445,0.0872290040446378,0.07436618896847969,-0.012862815076158121,-14.746029966793861,0.06087959521874462,0.0903441000044587,0.029464504785714073,48.39799719404516
0.15,68,168,0.4,0.06,0.4,0.9976721210863536,0.9996646498695336,0.399076698892481,0.39993443367581527,0.05332822873247957,0.049652393762910425,-0.003675834969569143,-6.892850291369934,0.09721628300985415,0.07955497030054035,-0.0176613127093138,-18.167031450403833,0.06215938584148244,0.09075353064685922,0.02859414480537678,46.0013309627881
0.15,69,169,0.4,0.06,0.4,0.9982505663965304,0.9996646498695336,0.3992460366410727,0.39993443367581527,0.050020820282859396,0.05412467689007554,0.004103856607216141,8.204296898790377,0.08177811394553393,0.11429199409061075,0.03251388014507682,39.75865739179532,0.0584163530258286,0.08259436977865094,0.024178016752822336,41.38912393612129
0.15,70,170,0.4,0.06,0.4,0.9969775427180542,0.9996646498695336,0.3988035440710654,0.39993443367581527,0.04796571904136649,0.053763225083584366,0.005797506042217876,12.086769797442217,0.0836003961608328,0.08903167253855684,0.005431276377724045,6.496711292223069,0.06054035081493026,0.09958295395726645,0.03904260314233619,64.49021622238044
0.15,71,171,0.4,0.06,0.4,0.9974983061535738,0.9996646498695336,0.3989294508569195,0.39993443367581527,0.050846404524259765,0.05475398414343577,0.0039075796191760034,7.685065749952142,0.06556537610885961,0.11268425169357427,0.047118875584714656,71.86548507932322,0.05611776331205313,0.07456723946533086,0.018449476153277737,32.876356904472544
0.15,72,172,0.4,0.06,0.4,0.9974067268853646,0.9996646498695336,0.39905109692403595,0.39993443367581527,0.0569761343728848,0.05671307131209258,-0.00026306306079221936,-0.46170745644234557,0.06119931766264757,0.0721431497755135,0.010943832112865932,17.882277990732234,0.06729019533991933,0.10162012144545585,0.03432992610553652,51.01772395237882
0.15,73,173,0.4,0.06,0.4,0.9922212529527533,0.9996646498695336,0.3978053582162435,0.39993443367581527,0.047602490657439746,0.04960397528597314,0.0020014846285333968,4.204579636256042,0.0972217749475222,0.1412742903284434,0.04405251538092121,45.311367134265566,0.05233421338133754,0.07180194000469306,0.019467726623355518,37.198852080764695
0.15,74,174,0.4,0.06,0.4,0.9964487373228221,0.9996646498695336,0.3988398840808019,0.39993443367581527,0.05357217090275977,0.05222054893061691,-0.0013516219721428635,-2.5229927205978404,0.07628307466619423,0.07778973221339118,0.001506657547196949,1.9750875981204288,0.05906326855332226,0.08974830217697403,0.030685033623651777,51.95282004406742
0.15,75,175,0.4,0.06,0.4,0.9978223723060897,0.9996646498695336,0.3991627011076999,0.39993443367581527,0.05189975968834314,0.05752769146722557,0.0056279317788824265,10.843849398683206,0.0630541057780104,0.15856666940625377,0.09551256362824337,151.47715196296159,0.057998278657269565,0.10044185768156273,0.04244357902429317,73.18075640676493
0.15,76,176,0.4,0.06,0.4,0.9969205557567127,0.9996646498695336,0.39881540571870494,0.39993443367581527,0.04951378815394634,0.051982360813750045,0.002468572659803707,4.985626735180344,0.07567662538203264,0.09690659425708144,0.0212299688750488,28.053535378824225,0.0569564930346843,0.09614697885315011,0.03919048581846581,68.80775786985396
0.15,77,177,0.4,0.06,0.4,0.9938914571005873,0.9996646498695336,0.39800851339951776,0.39993443367581527,0.052828380242249694,0.05464313416189722,0.001814753919647527,3.43518750967907,0.08104512571449424,0.10557885596158981,0.02453373024709557,30.27169127175272,0.06425666220117864,0.10225416082714474,0.0379974986259661,59.13394397455822
0.15,78,178,0.4,0.06,0.4,0.9949511578805179,0.9996646498695336,0.3983791944104469,0.39993443367581527,0.04782532862996041,0.056686576585196366,0.008861247955235955,18.528357690541377,0.06257613601154008,0.1068765334981435,0.044300397486603416,70.79439593143573,0.06136258415487581,0.10142666173525276,0.04006407758037695,65.29072745576914
0.15,79,179,0.4,0.06,0.4,0.9982374419525767,0.9996646498695336,0.39924175750337554,0.39993443367581527,0.052623074248934525,0.05766145330726307,0.005038379058328546,9.574467342015009,0.09697530058671164,0.15210415635705707,0.05512885577034543,56.84834740063662,0.061333986093934714,0.08380410893629098,0.022470122842356263,36.63567994413838
0.15,80,180,0.4,0.06,0.4,0.9976765088610721,0.9996646498695336,0.39896504442302977,0.39993443367581527,0.051039624235142474,0.054211984033708825,0.0031723597985663515,6.215484236230087,0.09413848981145698,0.08073032457919502,-0.01340816523226196,-14.24302138170708,0.0564767373726758,0.09429295995437328,0.037816222581697485,66.9589362646035
0.15,81,181,0.4,0.06,0.4,0.985930418930097,0.9996646498695336,0.3958895582060521,0.39993443367581527,0.05406056437771892,0.052191086688218584,-0.0018694776895003332,-3.458117226520926,0.09208776980177776,0.12023048454224257,0.028142714740464814,30.560751770884476,0.05444677008908831,0.11498970709587476,0.06054293700678645,111.19656300589239
0.15,82,182,0.4,0.06,0.4,0.996409588110288,0.9996646498695336,0.39869517586438014,0.39993443367581527,0.0535121663995529,0.05278499802873043,-0.0007271683708224702,-1.3588841935364924,0.09204900287443503,0.0801095843900752,-0.011939418484359823,-12.970720063797437,0.0635842717338292,0.09565344732051724,0.03206917558668804,50.43570479336958
0.15,83,183,0.4,0.06,0.4,0.9971419359605256,0.9996646498695336,0.3989551518566147,0.39993443367581527,0.054063468133641254,0.05099559639738942,-0.003067871736251837,-5.674574425503493,0.09418819495197885,0.07186217408182653,-0.022326020870152313,-23.703629612538037,0.060315244334741745,0.09392056949094493,0.03360532515620319,55.71613864265892
0.15,84,184,0.4,0.06,0.4,0.9984949149317266,0.9996646498695336,0.39929707644817664,0.39993443367581527,0.052300847720054666,0.05264865578124166,0.00034780806118699104,0.6650141945091737,0.09865682339282553,0.15939058988230204,0.06073376648947651,61.56063453173494,0.06190893016764385,0.07454610636960404,0.012637176201960192,20.41252557222334
0.15,85,185,0.4,0.06,0.4,0.9975349638432146,0.9996646498695336,0.3990977866018468,0.39993443367581527,0.05263077875804074,0.05577180120091181,0.0031410224428710734,5.968033377030735,0.07747025082922147,0.1054199322798521,0.02794968145063062,36.07795399067962,0.061991349543273504,0.08805321567283171,0.026061866129558207,42.04113367682944
0.15,86,186,0.4,0.06,0.4,0.9987557013709278,0.9996646498695336,0.3993477123459932,0.39993443367581527,0.055612327189756616,0.05421703452361928,-0.001395292666137339,-2.5089629163987617,0.0665151829991613,0.11043704949112344,0.04392186649196214,66.03284319689229,0.0677173553103359,0.09975158012460213,0.032034224814266224,47.30578249469342
0.15,87,187,0.4,0.06,0.4,0.9946087511340883,0.9996646498695336,0.3980235462887111,0.39993443367581527,0.05192827213403625,0.050144169786131045,-0.0017841023479052073,-3.4357052037089097,0.0947092376533061,0.09186561578358109,-0.0028436218697250187,-3.002475724843672,0.05723240705661025,0.08717879808709222,0.029946391030481974,52.32418584257888
0.15,88,188,0.4,0.06,0.4,0.9985305667298974,0.9996646498695336,0.39930398371894915,0.39993443367581527,0.05070711288250752,0.05522244299391315,0.004515330111405633,8.90472727537854,0.07398820769447527,0.17477708210268958,0.10078887440821431,136.22288949667347,0.0621976223323443,0.09259325360967298,0.03039563127732868,48.869442492373544
0.15,89,189,0.4,0.06,0.4,0.9942548069380925,0.9996646498695336,0.3979482788343633,0.39993443367581527,0.04897642427440298,0.05442051375217143,0.005444089477768456,11.115734883515685,0.067506097948699,0.08124838968181017,0.013742291733111173,20.35711165464574,0.05541582864889222,0.0778080315169537,0.022392202868061484,40.40759366775094
0.15,90,190,0.4,0.06,0.4,0.9983250545195413,0.9996646498695336,0.3992566051139085,0.39993443367581527,0.051775831310064045,0.05233703083917262,0.0005611995291085747,1.0839024983448027,0.08080271177740062,0.11221737630888742,0.03141466453148681,38.878230495567415,0.06256461403937058,0.07493782859544564,0.012373214556075054,19.776697652588176
0.15,91,191,0.4,0.06,0.4,0.9937463475897709,0.9996646498695336,0.3979680536285346,0.39993443367581527,0.051307190942468814,0.05266410631450832,0.0013569153720395036,2.644688487352629,0.08773382221247268,0.1193793983532914,0.03164557614081871,36.06998457696263,0.05690323790197812,0.08970796646319944,0.03280472856122132,57.65002093155218
0.15,92,192,0.4,0.06,0.4,0.9954053591923662,0.9996646498695336,0.39862318171707267,0.39993443367581527,0.05510037875592653,0.05275442043016705,-0.002345958325759477,-4.2576083481225595,0.08773181064891436,0.13709710862827307,0.04936529797935871,56.26841349132645,0.06792345685409945,0.0907744700053577,0.022851013151258245,33.64230003832483
0.15,93,193,0.4,0.06,0.4,0.9970150880220644,0.9996646498695336,0.39882847646958514,0.39993443367581527,0.055333061902072746,0.0545622149182828,-0.000770846983789944,-1.3931037923658955,0.06703970157337293,0.11682695154048585,0.04978724996711292,74.26532159100125,0.06242514667705403,0.07333580221751013,0.010910655540456095,17.477981424537987
0.15,94,194,0.4,0.06,0.4,0.9942126310812451,0.9996646498695336,0.39830342695277976,0.39993443367581527,0.05261704434084558,0.05329311978816398,0.0006760754473183958,1.2848981842060097,0.061421919983659576,0.09462691939511218,0.03320499941145261,54.06050384013773,0.058874221009179335,0.09557117662949692,0.036696955620317585,62.33111027421663
0.15,95,195,0.4,0.06,0.4,0.9974871808964755,0.9996646498695336,0.39892701281833004,0.39993443367581527,0.05201946119903407,0.056629252498671116,0.004609791299637046,8.861666755830688,0.08289278437560682,0.10134549261015181,0.018452708234544993,22.260934258078972,0.05434132603619144,0.07636835391336241,0.022027027877170972,40.534579267537424
0.15,96,196,0.4,0.06,0.4,0.994853363694536,0.9996646498695336,0.39844002556212765,0.39993443367581527,0.053662041293337806,0.05388083887740372,0.00021879758406591343,0.4077325028876182,0.09258897628023652,0.12375076963374401,0.031161793353507494,33.6560512983651,0.05945194168846048,0.09079903256030297,0.031347090871842495,52.726773897658774
0.15,97,197,0.4,0.06,0.4,0.9914021994205245,0.9996646498695336,0.39724645435784484,0.39993443367581527,0.04586828811117179,0.05698417087897277,0.011115882767800983,24.23435280789032,0.09858488835716227,0.1463334277534607,0.04774853939629843,48.43393363018346,0.04975351427418086,0.09280208180657759,0.043048567532396734,86.52367206699287
0.15,98,198,0.4,0.06,0.4,0.9967780864972945,0.9996646498695336,0.39878532599196714,0.39993443367581527,0.05623767596104118,0.051430518758818086,-0.004807157202223092,-8.547930048804409,0.08607938671354835,0.07870211608492325,-0.007377270628625102,-8.570310396349473,0.06519901304122847,0.07502132716934555,0.009822314128117085,15.06512701642579
0.15,99,199,0.4,0.06,0.4,0.9984726395621075,0.9996646498695336,0.39929238822485574,0.39993443367581527,0.05068436073003597,0.05175976303664623,0.001075402306610261,2.12176357977219,0.06510030773771813,0.13022925762775628,0.06512894989003815,100.04399695380152,0.06348550812761009,0.08326254635496319,0.019777038227353105,31.15205156364181
0.2,0,100,0.3,0.06,0.4,0.992901272148908,0.9996646498695336,0.3981310980582937,0.39993443367581527,0.05227903361128479,0.05583529450818492,0.003556260896900129,6.802461046511169,0.07643590785038243,0.10152776691859439,0.025091859068211958,32.82731869598173,0.05092163240002351,0.07807417810961804,0.027152545709594536,53.322221676424505
0.2,1,101,0.3,0.06,0.4,0.9941509926556187,0.9996646498695336,0.39839055902603526,0.39993443367581527,0.048683555599097254,0.04941144342127768,0.0007278878221804244,1.49514104551953,0.07984218432276635,0.08695276365069962,0.00711057932793327,8.905792581010019,0.05885431523510717,0.06908161466374131,0.010227299428634144,17.377314454817515
0.2,2,102,0.3,0.06,0.4,0.9965816693779576,0.999590765203275,0.3989157638593837,0.39991944300663723,0.05234248019736282,0.056314918297437386,0.0039724381000745684,7.589319583436003,0.07903576463981214,0.08285487474200233,0.0038191101021901874,4.832128998302135,0.060202935547240384,0.08207431321750373,0.02187137767026335,36.329420602922575
0.2,3,103,0.3,0.06,0.4,0.9888665527692629,0.9995624393035903,0.3970304925785564,0.3999144477348644,0.05032722908195535,0.05419494863357607,0.00386771955162072,7.685143057096058,0.0810950685709957,0.09476864519796255,0.013673576626966846,16.861169079592234,0.05527311227670311,0.07243545808157079,0.017162345804867675,31.05008040609535
0.2,4,104,0.3,0.06,0.4,0.9865521210343741,0.9996364686349781,0.39614549617811085,0.3999275686885936,0.05119621887821709,0.05427341579559041,0.0030771969173733205,6.010594111829229,0.06326255002179447,0.12377865572300632,0.06051610570121185,95.6586569469039,0.06528116355477227,0.0774554218362438,0.012174258281471534,18.64896031036131
0.2,5,105,0.3,0.06,0.4,0.995509449807117,0.9996145081991004,0.398530745743433,0.39992277041767227,0.05243502133258905,0.054412196789021,0.0019771754564319455,3.770715461124653,0.07131443862880558,0.11489757036651474,0.043583131737709155,61.114036057355854,0.05999929294987376,0.08186474052631812,0.02186544757644436,36.44284207600877
0.2,6,106,0.3,0.06,0.4,0.9927419182480843,0.9996646498695336,0.3979251265435108,0.39993443367581527,0.05274316164064624,0.05519127780595375,0.002448116165307511,4.641580233637119,0.09472747098725408,0.07149012639516855,-0.023237344592085526,-24.53073469597029,0.053718430130723985,0.07261191753297547,0.018893487402251483,35.171331992156354
0.2,7,107,0.3,0.06,0.4,0.9887502030358348,0.9995681716288075,0.3967565245427102,0.3999155686426143,0.05190239552492012,0.05148894607786652,-0.00041344944705359876,-0.7965902977543445,0.06378659349272257,0.10899377512614708,0.045207181633424506,70.87254414766984,0.054375773230939735,0.08086463972523986,0.02648886649430012,48.71446403492796
0.2,8,108,0.3,0.06,0.4,0.987160382243217,0.9996042493907178,0.39653176397782175,0.3999226232719378,0.05124726672090241,0.056332787963380426,0.005085521242478019,9.923497520705371,0.06039476522035152,0.10862489874508659,0.04823013352473507,79.85813563272653,0.05618698468293863,0.10052396405528943,0.0443369793723508,78.9096970099801
0.2,9,109,0.3,0.06,0.4,0.9912490827358694,0.9995843632736457,0.3972953463440987,0.3999185102024821,0.0497259163568056,0.05456879785643302,0.004842881499627416,9.739149832609588,0.09373135449462155,0.13013194834203115,0.036400593847409596,38.83502382278954,0.051028094045126815,0.06216009334482644,0.011131999299699623,21.815432279040273
0.2,10,110,0.3,0.06,0.4,0.9937834032110898,0.9996646498695336,0.398139183109961,0.39993443367581527,0.050221344434371235,0.05044911174144695,0.0002277673070757158,0.4535269010437582,0.06713786743534526,0.1027705969968436,0.035632729561498336,53.07396693201965,0.0549733624712438,0.07522096966306789,0.020247607191824092,36.83166952433641
0.2,11,111,0.3,0.06,0.4,0.9874902466602565,0.9996646498695336,0.3965609260356191,0.39993443367581527,0.05492426932575183,0.054995801643925146,7.153231817331324e-05,0.13023808791894942,0.08006748030211115,0.14245789139061643,0.06239041108850528,77.92228611802615,0.05897219896197289,0.07501031130481797,0.016038112342845086,27.196056150436174
0.2,12,112,0.3,0.06,0.4,0.9950429837170798,0.9996646498695336,0.3982737423774142,0.39993443367581527,0.052176347681895975,0.05195305938150179,-0.0002232883003941838,-0.4279492726388356,0.05529345601473317,0.11167168152736134,0.05637822551262817,101.96184065182318,0.05586234669898512,0.08555257568103199,0.029690228982046867,53.14891109396638
0.2,13,113,0.3,0.06,0.4,0.9875617885752697,0.9996389383586635,0.3965730561073018,0.39992940621976647,0.05206255485385231,0.057124633827576925,0.0050620789737246125,9.723070617518975,0.0725712680876223,0.07636741667958566,0.0037961485919633525,5.230924981743319,0.05731753697710737,0.08459173969193468,0.027274202714827306,47.584394154481245
0.2,14,114,0.3,0.06,0.4,0.9932217679551147,0.9996646498695336,0.3979598255342881,0.39993443367581527,0.05326431118241393,0.050978265525517055,-0.0022860456568968776,-4.2918900219471015,0.0707148747809747,0.0839751639660196,0.013260289185044905,18.751767893411422,0.06321700550586887,0.07871939706757967,0.015502391561710807,24.522502193292933
0.2,15,115,0.3,0.06,0.4,0.9911299859351115,0.9996646498695336,0.3974240589544825,0.39993443367581527,0.04712875648091697,0.056714364063754304,0.009585607582837337,20.33919054647383,0.08877222467639247,0.0995202694389044,0.010748044762511927,12.107441039911434,0.05642154265515883,0.07900457691070821,0.022583034255549382,40.025552639661
0.2,16,116,0.3,0.06,0.4,0.9902988392508832,0.9995500591180128,0.3972362540620323,0.39991176353567814,0.0517451306473083,0.054820727826009205,0.0030755971787009076,5.943742223135918,0.0630805911659902,0.12554658551893091,0.062465994352940715,99.02569585717383,0.05153984433904071,0.07835575150153014,0.02681590716248943,52.02946866911036
0.2,17,117,0.3,0.06,0.4,0.9912139993294576,0.9996646498695336,0.39726227206979875,0.39993443367581527,0.049726389075452786,0.055486337912277264,0.005759948836824479,11.583283934179432,0.07940649677572749,0.10808170333172683,0.02867520655599934,36.11191491923946,0.0566956585574074,0.06763944199385116,0.010943783436443762,19.302683335731242
0.2,18,118,0.3,0.06,0.4,0.9888369093204356,0.999441702568915,0.39720272573344206,0.39988824453305316,0.05308937317680226,0.053691371508934015,0.0006019983321317521,1.1339337726345562,0.07631113866207387,0.1231796951863819,0.04686855652430803,61.41771351604978,0.05909712507191428,0.08043829760696812,0.02134117253505384,36.11203169203939
0.2,19,119,0.3,0.06,0.4,0.9921920722280511,0.9996646498695336,0.3978329848741232,0.39993443367581527,0.05148500620835039,0.05395537845838559,0.0024703722500351993,4.798236286576436,0.0747683360866008,0.10797561319242135,0.033207277105820554,44.41355638482854,0.06241277800938054,0.09150445206889367,0.02909167405951313,46.611727577869864
0.2,20,120,0.3,0.06,0.4,0.9933705213722458,0.9996646498695336,0.3982040163413383,0.39993443367581527,0.04979896356208757,0.054001010037276684,0.004202046475189111,8.438019939812904,0.10111176228921491,0.138596581607265,0.0374848193180501,37.0726594704486,0.058002275582574196,0.0829678046804162,0.024965529097842006,43.04232695543152
0.2,21,121,0.3,0.06,0.4,0.9918083065916147,0.9995806316978325,0.39768749651129726,0.3999152814349272,0.05056171466806138,0.05559918998521686,0.005037475317155482,9.963023109929328,0.056244146267292426,0.12280067542631701,0.06655652915902457,118.33503320100904,0.05804824549063236,0.07863203730128514,0.020583791810652778,35.45980009675663
0.2,22,122,0.3,0.06,0.4,0.9915704296614967,0.9996646498695336,0.397683111951339,0.39993443367581527,0.05097609946294546,0.05074606472387588,-0.0002300347390695734,-0.45125998554829744,0.07288938815293293,0.07878428810952127,0.005894899956588345,8.087459788000904,0.05720565898617815,0.08887568174517099,0.03167002275899284,55.36169553897604
0.2,23,123,0.3,0.06,0.4,0.9968882116710878,0.9996646498695336,0.3988105022621606,0.39993443367581527,0.05128720292880176,0.05500425636283963,0.003717053434037866,7.247526130832241,0.06971469856860425,0.06268524777698758,-0.007029450791616668,-10.083168881092105,0.060030450812770884,0.07548781558273836,0.015457364769967473,25.749206545487194
0.2,24,124,0.3,0.06,0.4,0.9908908542110617,0.9995322776445706,0.3972756967845065,0.3999075343735383,0.056034995899460364,0.052993463440465946,-0.0030415324589944184,-5.427915912498013,0.11060674530993181,0.12025591905908796,0.00964917374915615,8.723856508134421,0.05622159341084604,0.07443941363917289,0.018217820228326853,32.403599974831636
0.2,25,125,0.3,0.06,0.4,0.9922068027510775,0.9995567608647732,0.3976983766444053,0.39991333736104695,0.05388495183881424,0.05074508078522003,-0.003139871053594208,-5.826990553849777,0.07869637386536456,0.06458609561752222,-0.014110278247842334,-17.930023398514525,0.06577278147769818,0.08508085692557862,0.01930807544788045,29.35572285996041
0.2,26,126,0.3,0.06,0.4,0.9807573611248813,0.9995969550415157,0.39473688448841376,0.39992076656047876,0.05290724449819469,0.05382500600091898,0.0009177615027242889,1.734661314209257,0.057410350517166225,0.07912326111528543,0.02171291059811921,37.82055048005124,0.05994369666894594,0.074690280461633,0.014746583792687055,24.60072470026124
0.2,27,127,0.3,0.06,0.4,0.9899745640825032,0.9994705444385662,0.39736901781672795,0.39989636122103583,0.04818328112980055,0.05083731381743318,0.002654032687632632,5.508202483103953,0.07560824879684892,0.11365686633421944,0.038048617537370516,50.32336833987913,0.054355724444286616,0.0769373533247752,0.02258162888048859,41.54415953674621
0.2,28,128,0.3,0.06,0.4,0.9959522307406767,0.9996356635927833,0.3987807584902617,0.39992810074724705,0.05190722155131241,0.05239683920318647,0.0004896176518740594,0.9432553645547227,0.05778358004097755,0.10922527084117813,0.05144169080020058,89.02475541273216,0.056706823752402366,0.07120383371563929,0.014497009963236926,25.564842119415594
0.2,29,129,0.3,0.06,0.4,0.9879447538108198,0.9996646498695336,0.39684465256237833,0.39993443367581527,0.05361311017271911,0.054982932027979464,0.0013698218552603558,2.555012851982212,0.061405073158389105,0.11295306746239948,0.05154799430401038,83.94745198177154,0.06477260569312294,0.09166294971941692,0.026890344026293977,41.5149950176375
0.2,30,130,0.3,0.06,0.4,0.9917724788531086,0.9996646498695336,0.3976022980916793,0.39993443367581527,0.05146487985740056,0.057166920196626204,0.005702040339225646,11.079478578449848,0.08324611488782761,0.11800347782143407,0.034757362933606456,41.75253461430755,0.06000466862521311,0.08104756079722542,0.021042892172012308,35.06875823853877
0.2,31,131,0.3,0.06,0.4,0.994761555947517,0.9996646498695336,0.39837674040599336,0.39993443367581527,0.05207429512638108,0.05358252477044305,0.0015082296440619702,2.8963035224991343,0.06902702500351925,0.08609801552192886,0.017070990518409615,24.73087970622995,0.05980343202904094,0.09008553628752008,0.030282104258479145,50.63606423754067
0.2,32,132,0.3,0.06,0.4,0.9880260997467492,0.9996646498695336,0.3960502637775428,0.39993443367581527,0.05097539018435661,0.053889818153741866,0.0029144279693852568,5.717323514042744,0.05070028392192773,0.0873020594365311,0.03660177551460338,72.19244683316894,0.05513842979436651,0.07818522055896845,0.023046790764601942,41.79805418934261
0.2,33,133,0.3,0.06,0.4,0.9911569281107493,0.9996520431963903,0.3974908095058855,0.3999298890914509,0.05303621504211288,0.05443397627054144,0.0013977612284285582,2.635484503030014,0.07768208701815443,0.09775688402149682,0.020074797003342387,25.842247259205166,0.06005212124116561,0.07133006224402781,0.011277941002862203,18.780254168825593
0.2,34,134,0.3,0.06,0.4,0.9879077890816241,0.9995824591593637,0.3963947862652677,0.39991725018415863,0.05303044886983147,0.05812386435854913,0.0050934154887176605,9.604699936106439,0.06805823978675087,0.10035758985797073,0.03229935007121987,47.45839764946095,0.06235732831910402,0.09223123848730522,0.0298739101682012,47.90761723357689
0.2,35,135,0.3,0.06,0.4,0.9924007377024756,0.9995652147931426,0.3977213151225253,0.3999149904587818,0.052864997681610244,0.05137271793831866,-0.0014922797432915871,-2.822812463322391,0.06823031092190088,0.11126433099668845,0.04303402007478757,63.07170448636241,0.05598780286747533,0.06608483359411661,0.010097030726641282,18.034339998197876
0.2,36,136,0.3,0.06,0.4,0.9915941749740237,0.9996646498695336,0.3978302521834854,0.39993443367581527,0.05276480030840734,0.05466488777035905,0.0019000874619517077,3.601051175870659,0.0831172905014264,0.09034431528783608,0.007227024786409686,8.69497157909119,0.05669356295408379,0.08777472277475858,0.03108115982067479,54.82308431708107
0.2,37,137,0.3,0.06,0.4,0.994800057697541,0.9996646498695336,0.3985215149359649,0.39993443367581527,0.05243819337238668,0.05260073142427461,0.0001625380518879352,0.30996119704903063,0.06874245679253842,0.15288041678558667,0.08413795999304825,122.39591646683907,0.06949170441389267,0.061192401544247,-0.00829930286964567,-11.942868490050282
0.2,38,138,0.3,0.06,0.4,0.9939040691069415,0.9996646498695336,0.39831873440617527,0.39993443367581527,0.049384602552353885,0.04925123056910967,-0.0001333719832442154,-0.2700679490187743,0.04348436095844358,0.1148576892374592,0.07137332827901563,164.13562647781467,0.04659790715542948,0.07548202202558761,0.02888411487015813,61.9858629569217
0.2,39,139,0.3,0.06,0.4,0.9834076180321654,0.9996646498695336,0.39568594403404833,0.39993443367581527,0.05151801007601421,0.05436844779129191,0.0028504377152776955,5.5328956049969875,0.05288167260388503,0.12984930561756425,0.07696763301367922,145.54689597322735,0.05471264684663628,0.08427044747218347,0.029557800625547193,54.0237080987874
0.2,40,140,0.3,0.06,0.4,0.9967157968163188,0.9996646498695336,0.3989444552629011,0.39993443367581527,0.04960370817195748,0.0559010842600621,0.006297376088104621,12.69537363270096,0.11040328705143197,0.15603989870129525,0.04563661164986328,41.336279805331536,0.05132790060437761,0.07423246102908114,0.022904560424703527,44.62399621844277
0.2,41,141,0.3,0.06,0.4,0.9961994552114859,0.9996646498695336,0.3988161458015131,0.39993443367581527,0.05041472877140103,0.05169445381888164,0.0012797250474806052,2.5383951846361215,0.09067643942549515,0.08468532734552285,-0.0059911120799722994,-6.60713203774938,0.05228268940123131,0.07153449313064181,0.019251803729410495,36.8225199389936
0.2,42,142,0.3,0.06,0.4,0.9883106927472824,0.9996646498695336,0.39690473070755505,0.39993443367581527,0.04925916291607802,0.05463700633016686,0.00537784341408884,10.917447832499667,0.06418852995920396,0.08489685199798777,0.02070832203878381,32.261717244413155,0.05741182267118053,0.0947971145568033,0.03738529188562277,65.11775823551648
0.2,43,143,0.3,0.06,0.4,0.9887276267615664,0.999618877213816,0.39700246184391685,0.3999246399122011,0.05438195050204029,0.05436626487472423,-1.56856273160616e-05,-0.028843443773634254,0.07089478322092685,0.0836750745911631,0.012780291370236257,18.027125254631923,0.0666098695911417,0.08603558980696413,0.019425720215822437,29.163426283611614
0.2,44,144,0.3,0.06,0.4,0.9901232804857139,0.9993666097463095,0.39745900401209844,0.39987615303281443,0.051448138874435216,0.054218499814920745,0.0027703609404855292,5.384764154922876,0.05714420469301624,0.12226618135909262,0.06512197666607639,113.96077172815241,0.05508341678186163,0.082635577188825,0.027552160406963372,50.01897488689554
0.2,45,145,0.3,0.06,0.4,0.9932837315718124,0.9996388661608147,0.3979115571335621,0.3999291880750507,0.05018925958062667,0.055524200394796205,0.005334940814169534,10.62964638001723,0.09037815497528018,0.10572121733421,0.015343062358929821,16.97651646365915,0.057161283634456043,0.08408901504512087,0.026927731410664825,47.10833924386043
0.2,46,146,0.3,0.06,0.4,0.9967083219886254,0.999620549657278,0.39893299036659813,0.39992516698247116,0.04849876580947924,0.05313265214276851,0.004633886333289268,9.554647950203218,0.05704786312594063,0.13017414144676823,0.0731262783208276,128.18407967252298,0.060255056262725856,0.07479079408972227,0.014535737826996409,24.123681444453823
0.2,47,147,0.3,0.06,0.4,0.9917015521818444,0.9996646498695336,0.3977472393040504,0.39993443367581527,0.052371122607433145,0.0569602841202028,0.0045891615127696544,8.762770939949844,0.07369298446990805,0.11732549522735054,0.0436325107574425,59.20850006456109,0.06372581237491,0.10115254375230462,0.03742673137739462,58.730881541700356
0.2,48,148,0.3,0.06,0.4,0.9948866970908483,0.9996646498695336,0.39840307558890403,0.39993443367581527,0.05149649548773909,0.053180949552029254,0.0016844540642901654,3.27100717890836,0.057068185181582375,0.1290396071558012,0.07197142197421882,126.11479013256965,0.056793872821087915,0.06551950327755517,0.008725630456467251,15.363682776053563
0.2,49,149,0.3,0.06,0.4,0.9892454717738564,0.9996646498695336,0.3968437110088501,0.39993443367581527,0.05145285288468327,0.05288546935568671,0.0014326164710034353,2.7843285467848244,0.06783820072069519,0.10840841388497514,0.04057021316427996,59.804376786637455,0.06138565454794249,0.08237878393195318,0.02099312938401069,34.19875464163204
0.2,50,150,0.3,0.06,0.4,0.9933650621475014,0.9996370451709727,0.398229195531148,0.3999289020119799,0.05330968965978111,0.050694886294646774,-0.0026148033651343383,-4.904930758032619,0.07723229268058363,0.06487958770955705,-0.01235270497102657,-15.994222807957726,0.06420441451020065,0.08247588699554831,0.018271472485347662,28.458280672343385
0.2,51,151,0.3,0.06,0.4,0.9865798251099533,0.9995054642299251,0.396150620176426,0.3999033065699261,0.051136663944746294,0.053009188393101196,0.0018725244483549022,3.6618040832272216,0.07358009524766916,0.1279120955406331,0.054332000292963936,73.8406223994186,0.05586570486612598,0.06189421141979084,0.00602850655366486,10.791068631661046
0.2,52,152,0.3,0.06,0.4,0.9921137548311915,0.9995801893720899,0.39774840142345985,0.3999179186005485,0.05298945873773602,0.057230277988803396,0.004240819251067375,8.003137514683292,0.060034398089940356,0.1012275034271957,0.04119310533725535,68.61583799931171,0.06547936922687565,0.06798092784552855,0.0025015586186528938,3.820376781556018
0.2,53,153,0.3,0.06,0.4,0.9874532039818681,0.9994733008981335,0.3968499081479534,0.3998969461010489,0.05223875068259663,0.05380166365832772,0.0015629129757310858,2.9918651485893424,0.07395646440433712,0.10286260723238205,0.028906142828044934,39.08534982149546,0.06091235157948586,0.07920312550694107,0.018290773927455213,30.02802133420704
0.2,54,154,0.3,0.06,0.4,0.9904335651895559,0.9996646498695336,0.39744915530801267,0.39993443367581527,0.05299127035118685,0.052436368204073235,-0.0005549021471136159,-1.047157660943276,0.10366448363822234,0.10041429896067013,-0.003250184677552212,-3.1352924005245613,0.05872344836931357,0.0860413223590219,0.02731787398970833,46.51953307970844
0.2,55,155,0.3,0.06,0.4,0.9828377657563285,0.9995666163010153,0.3950678886381483,0.3999138348200075,0.05237342969665726,0.049583337480556426,-0.0027900922161008326,-5.327304765528675,0.08195994831224367,0.1037983622360756,0.02183841392383193,26.64522656924318,0.06112818662643604,0.08784394839035989,0.026715761763923845,43.70448926808195
0.2,56,156,0.3,0.06,0.4,0.9931157347633982,0.9996646498695336,0.3979996397085283,0.39993443367581527,0.05302633882990809,0.05544029315547649,0.0024139543255683946,4.5523684622308265,0.07640028773301519,0.11515347786744698,0.03875319013443179,50.72387982340701,0.04789926236638481,0.09113099300762084,0.04323173064123603,90.2555248357553
0.2,57,157,0.3,0.06,0.4,0.9828213087195669,0.9996079659915359,0.3953505405954995,0.3999233068782134,0.051976271953813755,0.05346676937465676,0.0014904974208430066,2.867649727105219,0.0656011785782919,0.11158164379472038,0.045980465216428484,70.09091332338332,0.06322844136005668,0.08737032320872745,0.024141881848670776,38.18199741979079
0.2,58,158,0.3,0.06,0.4,0.9928433763867193,0.9995604838150224,0.39797263154392415,0.3999140653548829,0.051064512485759224,0.05602114469130002,0.004956632205540795,9.70660829656034,0.06198827186373346,0.13075556163702678,0.06876728977329333,110.93596854008439,0.058769020859470944,0.0684069370326044,0.009637916173133462,16.39965415823371
0.2,59,159,0.3,0.06,0.4,0.9921800512752811,0.999578752228919,0.3976035409252614,0.3999176375812937,0.050709814192900014,0.05269244872180514,0.001982634528905125,3.9097649251152604,0.0828310891657764,0.1221675496478831,0.03933646048210669,47.489971311833806,0.055206881020654484,0.07528786187577091,0.020080980855116427,36.374054255308415
0.2,60,160,0.3,0.06,0.4,0.9934988329402492,0.9996646498695336,0.39811497732707407,0.39993443367581527,0.051552853182869646,0.05366789612728218,0.002115042944412532,4.102669035426604,0.07193829151537541,0.10245400472788205,0.030515713212506637,42.41929099189755,0.056990671077715466,0.07853553065674174,0.02154485957902627,37.80418649509596
0.2,61,161,0.3,0.06,0.4,0.9942749178010218,0.9996646498695336,0.3983916735832979,0.39993443367581527,0.04926279413650263,0.055750554408651405,0.006487760272148778,13.169696087826031,0.06883947204111783,0.08284904675972603,0.014009574718608198,20.35107809984405,0.05117815088193364,0.07652237529631147,0.025344224414377822,49.52157117369507
0.2,62,162,0.3,0.06,0.4,0.9922802635880755,0.9996646498695336,0.39788902727790704,0.39993443367581527,0.053405337534696014,0.05391948300395408,0.0005141454692580635,0.9627230029658309,0.07156119546522008,0.090526449807341,0.018965254342120916,26.502148572040475,0.064285852028393,0.10579034335055702,0.04150449132216402,64.56240372116841
0.2,63,163,0.3,0.06,0.4,0.9956847059630654,0.9996646498695336,0.39856542042964727,0.39993443367581527,0.052905567516147646,0.05299109659304867,8.552907690102113e-05,0.1616636602091382,0.06562839831398368,0.08977034015204063,0.024141941838056957,36.78581598556695,0.06290907612051412,0.08326871733766707,0.020359641217152946,32.36359913814382
0.2,64,164,0.3,0.06,0.4,0.9908349866330317,0.9995782917197001,0.39762682075466643,0.39991752175054307,0.052852878475681306,0.049846823326421305,-0.0030060551492600007,-5.687590223951848,0.07285074120239957,0.10561911672634752,0.03276837552394796,44.98015391896744,0.05812496495383652,0.0810243771717672,0.02289941221793069,39.39686197852791
0.2,65,165,0.3,0.06,0.4,0.9925252749203881,0.9996646498695336,0.3978897552171707,0.39993443367581527,0.052980941812786245,0.05310240515080498,0.00012146333801873327,0.2292585481925497,0.06714454940288464,0.12642122887137033,0.05927667946848569,88.28219117654703,0.05985094119122765,0.06750426995358533,0.007653328762357678,12.787315637869078
0.2,66,166,0.3,0.06,0.4,0.9925278740623945,0.9996646498695336,0.39768315962590645,0.39993443367581527,0.05250926363626432,0.05103981646845076,-0.0014694471678135604,-2.798453198644211,0.08167587561476383,0.0961500303577788,0.014474154743014972,17.72145646933059,0.05737977082885749,0.08128680112453997,0.023907030295682474,41.66456217991573
0.2,67,167,0.3,0.06,0.4,0.9917194891756616,0.9995834712915131,0.3977647393446267,0.39991751795188674,0.05415770307103585,0.0548414027800363,0.0006836997090004446,1.2624237554972948,0.0872290040446378,0.06916175158532979,-0.018067252459308014,-20.712436943636817,0.06087959521874462,0.08672921805373653,0.025849622834991905,42.46024097583502
0.2,68,168,0.3,0.06,0.4,0.9946499649148092,0.9995984186824687,0.39837487110891046,0.39992148314630227,0.05332822873247957,0.04965267222172286,-0.003675556510756711,-6.892328131120006,0.09721628300985415,0.08405661323005215,-0.013159669779802,-13.536487275972169,0.06215938584148244,0.08160452375763783,0.01944513791615539,31.282705987063597
0.2,69,169,0.3,0.06,0.4,0.9925744849399584,0.9996646498695336,0.3979352855143596,0.39993443367581527,0.050020820282859396,0.0541210504509546,0.004100230168095201,8.197047039430947,0.08177811394553393,0.11093688672946932,0.02915877278393539,35.65596145119682,0.0584163530258286,0.08111243184198569,0.022696078816157088,38.85226933992625
0.2,70,170,0.3,0.06,0.4,0.9946731836040981,0.9996646498695336,0.3982061533315831,0.39993443367581527,0.04796571904136649,0.05377683139249478,0.005811112351128286,12.115136533482756,0.0836003961608328,0.08199787820264272,-0.0016025179581900806,-1.9168784261585452,0.06054035081493026,0.0912933737536323,0.030753022938702045,50.79756315372694
0.2,71,171,0.3,0.06,0.4,0.9949028159336815,0.9996264693917379,0.3984080960270066,0.3999255449854747,0.050846404524259765,0.05475486635444833,0.003908461830188566,7.686800800878193,0.06556537610885961,0.11478361228040813,0.049218236171548524,75.0674198678132,0.05611776331205313,0.06749811537406254,0.011380352062009415,20.27941134917812
0.2,72,172,0.3,0.06,0.4,0.9931361540077053,0.9996600678024292,0.39791186105692594,0.3999335377338339,0.0569761343728848,0.056703152430641106,-0.0002729819422436913,-0.47911629184447563,0.06119931766264757,0.06908214445256923,0.007882826789921658,12.880579540730514,0.06729019533991933,0.09850965748305872,0.031219462143139393,46.39526157627115
0.2,73,173,0.3,0.06,0.4,0.9848222797048014,0.9996238290139294,0.39601918672163516,0.39992124895364783,0.047602490657439746,0.049586361584511664,0.001983870927071918,4.167577997858103,0.0972217749475222,0.13758496735210707,0.04036319240458487,41.51661747213717,0.05233421338133754,0.07245672671305843,0.02012251333172089,38.45001583399476
0.2,74,174,0.3,0.06,0.4,0.9896375412532697,0.9996324693126695,0.39721091291896193,0.3999281412960352,0.05357217090275977,0.052223288132895486,-0.001348882769864286,-2.5178796138627235,0.07628307466619423,0.07587424466907491,-0.0004088299971193171,-0.5359380162746574,0.05906326855332226,0.08314036242099292,0.02407709386767066,40.76491947941195
0.2,75,175,0.3,0.06,0.4,0.9889978242342577,0.9996646498695336,0.39723628457266297,0.39993443367581527,0.05189975968834314,0.05754376886201168,0.005644009173668536,10.874827181398683,0.0630541057780104,0.14831983663562587,0.08526573085761546,135.22629463306285,0.057998278657269565,0.09096461177083637,0.0329663331135668,56.840192289801294
0.2,76,176,0.3,0.06,0.4,0.9882637058305966,0.9993995290074587,0.3969421828469252,0.3998818630887633,0.04951378815394634,0.05199591251565825,0.0024821243617119126,5.012996287003104,0.07567662538203264,0.09261977651862092,0.016943151136588286,22.388883028353135,0.0569564930346843,0.09035933038334815,0.033402837348663846,58.646232534581806
0.2,77,177,0.3,0.06,0.4,0.987363736761937,0.9996646498695336,0.3965252923837261,0.39993443367581527,0.052828380242249694,0.054634320256274675,0.0018059400140249815,3.4185034743516027,0.08104512571449424,0.1061763898580247,0.025131264143530466,31.008976692889444,0.06425666220117864,0.09178788574843681,0.027531223547258177,42.8457106300694
0.2,78,178,0.3,0.06,0.4,0.9811168165613517,0.9996608321563754,0.39492171552884436,0.3999336871898354,0.04782532862996041,0.056668933093204546,0.008843604463244135,18.4914661677913,0.06257613601154008,0.10751245130215856,0.04493631529061848,71.81062647001961,0.06136258415487581,0.10357607106524533,0.04221348691036952,68.79352864902981
0.2,79,179,0.3,0.06,0.4,0.9917123987894011,0.9994545998293629,0.3978727655653848,0.39989305743710024,0.052623074248934525,0.05767159430254121,0.005048520053606682,9.593738347031104,0.09697530058671164,0.14431953747955903,0.04734423689284739,48.82092306639871,0.061333986093934714,0.07700370710553034,0.015669721011595625,25.548186265926056
0.2,80,180,0.3,0.06,0.4,0.9955728856450365,0.9996646498695336,0.3985395765559143,0.39993443367581527,0.051039624235142474,0.05420138833004374,0.003161764094901265,6.194724475899032,0.09413848981145698,0.07990667551431571,-0.014231814297141265,-15.117954755430127,0.0564767373726758,0.09037750853001655,0.033900771157340755,60.0260792928566
0.2,81,181,0.3,0.06,0.4,0.973117106030046,0.9996646498695336,0.3921484190660638,0.39993443367581527,0.05406056437771892,0.052158056296060254,-0.0019025080816586631,-3.5192160932059795,0.09208776980177776,0.11524327677443662,0.023155506972658862,25.145040457057355,0.05444677008908831,0.10687500702501747,0.05242823693592916,96.29264848978859
0.2,82,182,0.3,0.06,0.4,0.9849414110151377,0.9995497073769047,0.3957474235422809,0.39991195810296537,0.0535121663995529,0.052797279156621676,-0.0007148872429312211,-1.3359340333812277,0.09204900287443503,0.08375098311849065,-0.00829801975594438,-9.014785056676597,0.0635842717338292,0.08855937085772658,0.02497509912389738,39.278737402931824
0.2,83,183,0.3,0.06,0.4,0.9932482898968793,0.9996480558930863,0.39806909989813927,0.3999311890084077,0.054063468133641254,0.0509759682413103,-0.0030874998923309527,-5.71088019122055,0.09418819495197885,0.06704357539980688,-0.02714461955217197,-28.819555960289346,0.060315244334741745,0.09121309988844212,0.030897855553700372,51.227274123638296
0.2,84,184,0.3,0.06,0.4,0.994828921478011,0.9996644739819808,0.39853337129662286,0.3999331256267029,0.052300847720054666,0.05262892125882672,0.0003280735387720529,0.6272814936539809,0.09865682339282553,0.14619221815039513,0.0475353947575696,48.18257179059593,0.06190893016764385,0.06734380390784947,0.005434873740205619,8.77882031798719
0.2,85,185,0.3,0.06,0.4,0.9896245119935652,0.9996646498695336,0.3973102062769284,0.39993443367581527,0.05263077875804074,0.0557822468016621,0.003151468043621361,5.987880320201212,0.07747025082922147,0.10019265950866403,0.022722408679442557,29.33049581772072,0.061991349543273504,0.07855533915857241,0.016563989615298903,26.719840328264336
0.2,86,186,0.3,0.06,0.4,0.995092141119819,0.9996646498695336,0.3985150955137031,0.39993443367581527,0.055612327189756616,0.054217206723872785,-0.0013951204658838312,-2.5086532723644086,0.0665151829991613,0.10095133794799561,0.03443615494883431,51.77187131736302,0.0677173553103359,0.09056735974996849,0.022850004439632587,33.743202661880865
0.2,87,187,0.3,0.06,0.4,0.9871438707165092,0.9995786018919633,0.3963133546861691,0.39991494471242656,0.05192827213403625,0.050144786398711366,-0.0017834857353248856,-3.434517772363746,0.0947092376533061,0.08779218930994492,-0.006917048343361182,-7.3034568905324955,0.05723240705661025,0.080109534794354,0.022877127737743745,39.97233196065877
0.2,88,188,0.3,0.06,0.4,0.9932185370081119,0.9995615881479729,0.39811170965776416,0.3999139287639724,0.05070711288250752,0.05521609117674745,0.004508978294239935,8.892200793777398,0.07398820769447527,0.1625235580511857,0.08853535035671044,119.66143405217451,0.0621976223323443,0.08496432220785839,0.022766699875514093,36.60381059884157
0.2,89,189,0.3,0.06,0.4,0.9891835823897823,0.9996117214443092,0.3968663652688183,0.3999226489165097,0.04897642427440298,0.05440990352891974,0.00543347925451676,11.09407094334674,0.067506097948699,0.07487021375607615,0.007364115807377156,10.908815693914775,0.05541582864889222,0.07497673777656944,0.019560909127677217,35.298414919702275
0.2,90,190,0.3,0.06,0.4,0.991833244499233,0.9996646498695336,0.39764702796204154,0.39993443367581527,0.051775831310064045,0.052310775498341414,0.0005349441882773684,1.0331928522283087,0.08080271177740062,0.10381421243447711,0.023011500657076495,28.478624232896706,0.06256461403937058,0.07075588490683149,0.00819127086746091,13.092498040995373
0.2,91,191,0.3,0.06,0.4,0.9887918257220069,0.9996646498695336,0.3966727298106174,0.39993443367581527,0.051307190942468814,0.05265457548388155,0.0013473845414127342,2.626112474026434,0.08773382221247268,0.12287369387656054,0.03513987166408786,40.05282202226019,0.05690323790197812,0.08963944930510456,0.03273621140312644,57.52961098543821
0.2,92,192,0.3,0.06,0.4,0.9891540181529374,0.9996646498695336,0.3969708719557173,0.39993443367581527,0.05510037875592653,0.052751858415208255,-0.002348520340718273,-4.262258071076633,0.08773181064891436,0.12164758033442397,0.033915769685509606,38.65846314426807,0.06792345685409945,0.08404745260439962,0.01612399575030017,23.738479307575204
0.2,93,193,0.3,0.06,0.4,0.9957926073529633,0.9996646498695336,0.3985756173416172,0.39993443367581527,0.055333061902072746,0.05455994736463799,-0.0007731145374347548,-1.3972018009829208,0.06703970157337293,0.10743700637633687,0.04039730480296394,60.25877779117246,0.06242514667705403,0.06891143643671947,0.006486289759665441,10.390507840087533
0.2,94,194,0.3,0.06,0.4,0.9721527857317716,0.9996401910906082,0.392855029562324,0.39992945324721463,0.05261704434084558,0.053273991924533304,0.0006569475836877212,1.2485452041587703,0.061421919983659576,0.08943530782587897,0.028013387842219392,45.60812792838771,0.058874221009179335,0.09387782520980495,0.035003604200625614,59.4548914628833
0.2,95,195,0.3,0.06,0.4,0.9936334508663978,0.9995752229281036,0.3980890025541927,0.3999169474602889,0.05201946119903407,0.05661330068839097,0.004593839489356898,8.831001674123836,0.08289278437560682,0.09399751363612477,0.011104729260517948,13.396496865396381,0.05434132603619144,0.07404112485226359,0.019699798816072152,36.25196559051953
0.2,96,196,0.3,0.06,0.4,0.9884555588873463,0.9996646498695336,0.3967970186591731,0.39993443367581527,0.053662041293337806,0.05390635189783285,0.0002443106044950419,0.4552763901759609,0.09258897628023652,0.11438046144860312,0.021791485168366598,23.53572319712328,0.05945194168846048,0.08298850940691357,0.023536567718453097,39.58923300064648
0.2,97,197,0.3,0.06,0.4,0.9844605617367524,0.9996646498695336,0.3952629428671776,0.39993443367581527,0.04586828811117179,0.05699915128454842,0.01113086317337663,24.267012421301967,0.09858488835716227,0.13892921683105777,0.040344328473895505,40.92344085001386,0.04975351427418086,0.08354661804129943,0.03379310376711857,67.9210388655002
0.2,98,198,0.3,0.06,0.4,0.9900171319669474,0.999511010220512,0.39727918602962814,0.39990439107177617,0.05623767596104118,0.05142582880568923,-0.004811847155351948,-8.556269570395067,0.08607938671354835,0.08449487583649253,-0.001584510877055828,-1.840755304552415,0.06519901304122847,0.07076274057310546,0.005563727531876991,8.533453609732987
0.2,99,199,0.3,0.06,0.4,0.9913472234734526,0.9996646498695336,0.3977655700167257,0.39993443367581527,0.05068436073003597,0.05176646320334457,0.001082102473308602,2.1349829764496553,0.06510030773771813,0.12293306306523644,0.057832755327518304,88.83637779489463,0.06348550812761009,0.07664545667152015,0.01315994854391006,20.729059169626066
0.3,0,100,0.2,0.06,0.4,0.9164838868010692,0.9983726075553659,0.376495962977784,0.39968109208397995,0.05227903361128479,0.05583627422459072,0.00355724061330593,6.804335060505164,0.07643590785038243,0.10660400371671395,0.030168095866331526,39.46848636295825,0.05092163240002351,0.07239207787429824,0.021470445474274735,42.16370226627853
0.3,1,101,0.2,0.06,0.4,0.938074118190273,0.9982156090359429,0.38402007886253037,0.39964871111238054,0.048683555599097254,0.04935261031953514,0.0006690547204378852,1.3742930486578748,0.07984218432276635,0.08459109888386936,0.004748914561103004,5.947876553458583,0.05885431523510717,0.07403875893749812,0.01518444370239095,25.800051604938705
0.3,2,102,0.2,0.06,0.4,0.9009068642136219,0.9975814439271972,0.3723759835214457,0.39952471848186893,0.05234248019736282,0.05631903578411169,0.003976555586748871,7.597186017465834,0.07903576463981214,0.08332450723257714,0.004288742592765002,5.426331499808965,0.060202935547240384,0.0792320536646196,0.019029118117379222,31.60828943706133
0.3,3,103,0.2,0.06,0.4,0.9044798122303652,0.9981281355303756,0.37401372816322537,0.39963388294406516,0.05032722908195535,0.05417699718121642,0.003849768099261068,7.649473594089424,0.0810950685709957,0.09503056111952286,0.013935492548527162,17.18414299918516,0.05527311227670311,0.07834305811908636,0.023069945842383248,41.7380981314977
0.3,4,104,0.2,0.06,0.4,0.8862134031402521,0.997950436238524,0.3683271960813112,0.3995974734114897,0.05119621887821709,0.054314952579115894,0.003118733700898803,6.091726633792008,0.06326255002179447,0.12364849059442566,0.06038594057263119,95.45290310274837,0.06528116355477227,0.0823211446311293,0.017039981076357028,26.102446936412406
0.3,5,105,0.2,0.06,0.4,0.943536963317973,0.9978757440598156,0.38584732248764114,0.3995843368368117,0.05243502133258905,0.05440836958291794,0.0019733482503288893,3.7634165109081925,0.07131443862880558,0.11391409969865514,0.042599661069849554,59.73497357468162,0.05999929294987376,0.07146138617739034,0.011462093227516582,19.103713833915602
0.3,6,106,0.2,0.06,0.4,0.9493744372291673,0.9983133297490723,0.3864457698812532,0.3996701199398761,0.05274316164064624,0.0551918665009015,0.002448704860255259,4.642696387711762,0.09472747098725408,0.08036122698213309,-0.014366244005120987,-15.165868839730786,0.053718430130723985,0.07039328182645879,0.016674851695734808,31.041211843228663
0.3,7,107,0.2,0.06,0.4,0.9109241407114128,0.9982570892655591,0.375172194839635,0.3996591156987833,0.05190239552492012,0.05136144574680367,-0.0005409497781164452,-1.042244336981935,0.06378659349272257,0.09974734552091258,0.035960752028190004,56.37666170759343,0.054375773230939735,0.08413970646340661,0.02976393323246688,54.73748962806702
0.3,8,108,0.2,0.06,0.4,0.9220577291024703,0.9977571302273676,0.37987745268911166,0.3995612783636076,0.05124726672090241,0.05632835710085767,0.005081090379955265,9.914851474181788,0.06039476522035152,0.10974915983739815,0.04935439461704663,81.71965639236468,0.05618698468293863,0.09389810914010495,0.03771112445716632,67.11718856238502
0.3,9,109,0.2,0.06,0.4,0.9105351818422727,0.9980316120186534,0.3763031608968041,0.3996149948634528,0.0497259163568056,0.05449609127642427,0.004770174919618668,9.592935171652822,0.09373135449462155,0.13770592633457487,0.04397457183995332,46.915540778274625,0.051028094045126815,0.061153645039130095,0.01012555099400328,19.843090719886035
0.3,10,110,0.2,0.06,0.4,0.944701920495279,0.9983221617531666,0.38488575506845446,0.39967105382661366,0.050221344434371235,0.050403557992098294,0.0001822135577270595,0.36282094750604377,0.06713786743534526,0.09933995948014016,0.03220209204479489,47.96412706406853,0.0549733624712438,0.07447925072975771,0.01950588825851391,35.482436186648236
0.3,11,111,0.2,0.06,0.4,0.9061800217266756,0.9982781763550298,0.374478869105316,0.3996629988958281,0.05492426932575183,0.05502330471472409,9.90353889722545e-05,0.1803126198819011,0.08006748030211115,0.1252356909810515,0.04516821067894035,56.41267904086822,0.05897219896197289,0.07211647323889339,0.013144274276920505,22.28893361327147
0.3,12,112,0.2,0.06,0.4,0.9210224424466752,0.9983058506851161,0.37801705350523707,0.39966865657335726,0.052176347681895975,0.051945916653337094,-0.00023043102855888065,-0.44163886281146325,0.05529345601473317,0.11407902198436892,0.05878556596963575,106.31559357398838,0.05586234669898512,0.08225898240718574,0.026396635708200618,47.25300183044437
0.3,13,113,0.2,0.06,0.4,0.9082628993764855,0.9978460271836741,0.37600801412437496,0.3995698988705779,0.05206255485385231,0.057139564095428655,0.005077009241576343,9.751748172613304,0.0725712680876223,0.08748229274639421,0.014911024658771907,20.54673295879078,0.05731753697710737,0.08957386734263437,0.032256330365527,56.27654652782826
0.3,14,114,0.2,0.06,0.4,0.9573719968711903,0.9984596164807799,0.3889587481409547,0.3996987415761951,0.05326431118241393,0.0509746868323911,-0.002289624350022834,-4.29860876672482,0.0707148747809747,0.0770268728720903,0.0063119980911156,8.925983551078557,0.06321700550586887,0.07925641104988891,0.016039405544020044,25.371979288913007
0.3,15,115,0.2,0.06,0.4,0.9407806596511894,0.998386700960892,0.38414593951135734,0.3996844755932904,0.04712875648091697,0.05669264517594731,0.009563888695030345,20.29310639440038,0.08877222467639247,0.09722205538392449,0.008449830707532024,9.518552383174779,0.05642154265515883,0.08238901022434701,0.025967467569188184,46.02402973612045
0.3,16,116,0.2,0.06,0.4,0.9072410167141128,0.9979079355635269,0.3743763933667447,0.3995907920887763,0.0517451306473083,0.05482655875630291,0.003081428108994609,5.955010781589167,0.0630805911659902,0.12308830597304994,0.06000771480705974,95.12865002985706,0.05153984433904071,0.07602014945340747,0.024480305114366767,47.49782508718848
0.3,17,117,0.2,0.06,0.4,0.9154932770195311,0.997855876494255,0.3762461257234337,0.39958060398835865,0.049726389075452786,0.055479576630565436,0.00575318755511265,11.569686965170543,0.07940649677572749,0.09725511679246145,0.017848620016733957,22.477531110766513,0.0566956585574074,0.06368862879560022,0.006992970238192821,12.334225258380343
0.3,18,118,0.2,0.06,0.4,0.9017428036870957,0.9975403986202863,0.3742505710810378,0.39951350211478676,0.05308937317680226,0.05367218255075825,0.0005828093739559878,1.0977891413693504,0.07631113866207387,0.09847428358303194,0.02216314492095807,29.043132247183994,0.05909712507191428,0.07151046883533797,0.012413343763423693,21.00498754942496
0.3,19,119,0.2,0.06,0.4,0.9462339171781495,0.9983399595034147,0.3866201943897035,0.39967533031991614,0.05148500620835039,0.05392045261424851,0.0024354464058981146,4.730399363345338,0.0747683360866008,0.10368209404326124,0.028913757956660444,38.67112666941115,0.06241277800938054,0.09390211288526049,0.031489334875879946,50.45334606183873
0.3,20,120,0.2,0.06,0.4,0.9436938367096271,0.9984320203554032,0.3852489030758591,0.3996933424309005,0.04979896356208757,0.05402083879941607,0.004221875237328497,8.477837559942014,0.10111176228921491,0.13685798349537395,0.03574622120615904,35.3531779061593,0.058002275582574196,0.06824130695585935,0.010239031373285155,17.652809774175996
0.3,21,121,0.2,0.06,0.4,0.9510781245754344,0.9983200374987814,0.38732190280291534,0.39967020595169883,0.05056171466806138,0.05557814110566885,0.0050164264376074755,9.921393035304302,0.056244146267292426,0.12093077606483443,0.064686629797542,115.01042168926851,0.05804824549063236,0.08106813677189804,0.023019891281265685,39.656480719956576
0.3,22,122,0.2,0.06,0.4,0.9081144993270055,0.9982173209386734,0.37557426271201544,0.39964876111522696,0.05097609946294546,0.050718481428392505,-0.0002576180345529519,-0.505370236771871,0.07288938815293293,0.08427547420146664,0.011386086048533708,15.621047640904848,0.05720565898617815,0.08129778568187729,0.024092126695699136,42.114936044212335
0.3,23,123,0.2,0.06,0.4,0.9629949748444259,0.9983222612897211,0.3911957948391215,0.39967186749346323,0.05128720292880176,0.05499467899383048,0.0037074760650287197,7.228852137199868,0.06971469856860425,0.06309242636601008,-0.006622272202594176,-9.49910469178517,0.060030450812770884,0.07246543745351307,0.012434986640742184,20.71446486305041
0.3,24,124,0.2,0.06,0.4,0.9148004465312268,0.9980894758114662,0.3762353216228858,0.3996263179733204,0.056034995899460364,0.0530389361708112,-0.002996059728649164,-5.346765321487276,0.11060674530993181,0.1200466615983813,0.009439916288449493,8.534666002509926,0.05622159341084604,0.07649902298501554,0.020277429574169503,36.066977728627776
0.3,25,125,0.2,0.06,0.4,0.893479066822241,0.9981377679808326,0.37140867559193985,0.3996355683936794,0.05388495183881424,0.05072601143623903,-0.0031589404025752083,-5.862379560112681,0.07869637386536456,0.06980289882671589,-0.008893475038648666,-11.300997240182646,0.06577278147769818,0.0867471277171044,0.020974346239406222,31.88909723472478
0.3,26,126,0.2,0.06,0.4,0.915068613648911,0.9973489858736068,0.3772524833314651,0.3994813905435798,0.05290724449819469,0.05379047115211036,0.0008832266539156655,1.6693869852658894,0.057410350517166225,0.07411050434186418,0.016700153824697958,29.089099220365252,0.05994369666894594,0.06530486988915292,0.0053611732202069814,8.943681351210957
0.3,27,127,0.2,0.06,0.4,0.9159002843194495,0.9966669131807177,0.37816261741765256,0.39934750597978774,0.04818328112980055,0.05085423743886744,0.0026709563090668922,5.543325913965105,0.07560824879684892,0.10609211586487687,0.030483867068027942,40.318176327472884,0.054355724444286616,0.06759878648227645,0.013243062037989833,24.363693379827314
0.3,28,128,0.2,0.06,0.4,0.910908222143657,0.9979112402172412,0.37691099065259553,0.3995913546844984,0.05190722155131241,0.05238551674199256,0.00047829519068014886,0.9214424821550784,0.05778358004097755,0.10546305957278387,0.047679479531806325,82.51388975552251,0.056706823752402366,0.07020226478714656,0.01349544103474419,23.798619181474542
0.3,29,129,0.2,0.06,0.4,0.9297926153418296,0.9982541015466386,0.3813905966335986,0.39965817516993873,0.05361311017271911,0.055010208392345036,0.001397098219625928,2.605889147495938,0.061405073158389105,0.1196430060416872,0.0582379328832981,94.84221724331859,0.06477260569312294,0.07820588183453071,0.013433276141407768,20.739131917976877
0.3,30,130,0.2,0.06,0.4,0.9213180660007608,0.9981790478461237,0.37960473447788484,0.399643768996097,0.05146487985740056,0.05719980156203165,0.0057349217046310935,11.143369459953032,0.08324611488782761,0.11941616292564965,0.036170048037822033,43.44953285394809,0.06000466862521311,0.07316412260071711,0.013159453975504005,21.930716854212555
0.3,31,131,0.2,0.06,0.4,0.9520868243229587,0.9984230885496747,0.3881415049220554,0.3996915949193442,0.05207429512638108,0.05358762431287906,0.0015133291864979845,2.90609634335948,0.06902702500351925,0.08952754585655898,0.02050052085303973,29.699267572366825,0.05980343202904094,0.08686775182292798,0.027064319793887043,45.25546256399537
0.3,32,132,0.2,0.06,0.4,0.932298954496081,0.9981638613840058,0.38214076226741767,0.39964087368593637,0.05097539018435661,0.05388090312318743,0.0029055129388308246,5.69983462279112,0.05070028392192773,0.08534979387852516,0.034649509956597435,68.34184599430147,0.05513842979436651,0.07901006981565697,0.023871640021290462,43.294014919027354
0.3,33,133,0.2,0.06,0.4,0.9203801131632582,0.9981637000333412,0.37892118935277713,0.39964084211353396,0.05303621504211288,0.05436688649810341,0.0013306714559905286,2.508986463181662,0.07768208701815443,0.09514401536572632,0.01746192834757189,22.478706504745436,0.06005212124116561,0.07551965786982706,0.015467536628661453,25.756853061933953
0.3,34,134,0.2,0.06,0.4,0.935628446665199,0.9972382582900451,0.38378965421980266,0.3994520672513444,0.05303044886983147,0.0581380367662441,0.005107587896412628,9.63142497426283,0.06805823978675087,0.11959304679590722,0.05153480700915636,75.72162778619028,0.06235732831910402,0.08510947044611429,0.022752142127010273,36.486717343917775
0.3,35,135,0.2,0.06,0.4,0.9275207796239324,0.9979915310321711,0.3803269805892484,0.39960715140426556,0.052864997681610244,0.051371189992374534,-0.00149380768923571,-2.8257027423560253,0.06823031092190088,0.10206843775127764,0.03383812682937676,49.593980112606,0.05598780286747533,0.0669232712784623,0.01093546841098697,19.53187632111859
0.3,36,136,0.2,0.06,0.4,0.9404164356621292,0.9986772897883478,0.3841618810417562,0.3997413265136564,0.05276480030840734,0.054695480232596794,0.0019306799241894518,3.6590300975361116,0.0831172905014264,0.07873890474408246,-0.004378385757343936,-5.26771954539206,0.05669356295408379,0.09563360767830344,0.03894004472421965,68.6851252509165
0.3,37,137,0.2,0.06,0.4,0.9472669358666977,0.9983093225017218,0.3865965199625209,0.3996692055073858,0.05243819337238668,0.05256813052456345,0.00012993715217677476,0.24779105423032766,0.06874245679253842,0.14134728404907143,0.07260482725653301,105.61860987257272,0.06949170441389267,0.06353934234063956,-0.005952362073253115,-8.565572140526069
0.3,38,138,0.2,0.06,0.4,0.9486327743610083,0.9979857280290857,0.3873855052088818,0.39960601580024924,0.049384602552353885,0.04923056448402408,-0.00015403806832980232,-0.31191517268262436,0.04348436095844358,0.10839113149210541,0.06490677053366184,149.26463009469285,0.04659790715542948,0.07094255785129763,0.02434465069586815,52.24408601584924
0.3,39,139,0.2,0.06,0.4,0.9069362758907015,0.9983060230423682,0.3743460029541301,0.39966869029713403,0.05151801007601421,0.05434970510313024,0.002831695027116027,5.496514758504636,0.05288167260388503,0.11614151715272367,0.06325984454883864,119.62527173202756,0.05471264684663628,0.08500871417108415,0.030296067324447867,55.373061020736316
0.3,40,140,0.2,0.06,0.4,0.959210629923835,0.9980964974288187,0.39043429791499795,0.39962709833831295,0.04960370817195748,0.05588320496837249,0.006279496796415013,12.65932936837373,0.11040328705143197,0.1521905982470919,0.04178731119565994,37.84969842083877,0.05132790060437761,0.06868805529452354,0.01736015469014593,33.822062632083046
0.3,41,141,0.2,0.06,0.4,0.9620024365327751,0.9982095364647919,0.39112821978462686,0.39964852943346596,0.05041472877140103,0.05167728561819777,0.001262556846796735,2.504341246229119,0.09067643942549515,0.08685975720381775,-0.0038166822216774005,-4.20912228783906,0.05228268940123131,0.0693344027196183,0.017051713318386987,32.61445329930828
0.3,42,142,0.2,0.06,0.4,0.9425176266485507,0.9984517427043457,0.38495033067926704,0.3996958320188584,0.04925916291607802,0.05463213458545923,0.005372971669381207,10.907557805103279,0.06418852995920396,0.08071972434489638,0.01653119438569242,25.754125224863515,0.05741182267118053,0.0868010071150181,0.029389184443837577,51.19012613858417
0.3,43,143,0.2,0.06,0.4,0.9209481299962503,0.998118143998891,0.3796821597598768,0.3996319278053576,0.05438195050204029,0.05437217085674538,-9.779645294909212e-06,-0.01798325584982889,0.07089478322092685,0.07378195384165061,0.0028871706207237585,4.0724725989027615,0.0666098695911417,0.08476051515263998,0.018150645561498285,27.249183451204505
0.3,44,144,0.2,0.06,0.4,0.9089676520685959,0.9961865172602411,0.37623405504282265,0.3992537680467171,0.051448138874435216,0.054193206248218696,0.00274506737378348,5.335600925201815,0.05714420469301624,0.10974712937900627,0.05260292468599003,92.05294739611415,0.05508341678186163,0.07738197104682087,0.022298554264959247,40.48142901749319
0.3,45,145,0.2,0.06,0.4,0.9277453809383205,0.9981821620354641,0.3806290132495457,0.3996409007619276,0.05018925958062667,0.05549587102600482,0.005306611445378147,10.573201297885907,0.09037815497528018,0.10845081853346651,0.018072663558186333,19.996716643672894,0.057161283634456043,0.07231835691279673,0.015157073278340684,26.51632768653258
0.3,46,146,0.2,0.06,0.4,0.9325795570742015,0.9971136198924349,0.38301845570562826,0.3994351102744343,0.04849876580947924,0.05315368649875723,0.004654920689277989,9.598018860034928,0.05704786312594063,0.12134398766345572,0.0642961245375151,112.70557916529316,0.060255056262725856,0.06960904691796892,0.00935399065524306,15.523992898550318
0.3,47,147,0.2,0.06,0.4,0.9266928036805858,0.9983225162578965,0.3805632356708884,0.39967191738066243,0.052371122607433145,0.05697776535912071,0.004606642751687567,8.796150478228887,0.07369298446990805,0.09178035903771091,0.018087374567802864,24.544228596398753,0.06372581237491,0.09968144310833536,0.035955630733425364,56.42239681762259
0.3,48,148,0.2,0.06,0.4,0.9389082709050091,0.9982033366492233,0.3846487567788911,0.3996485979606817,0.05149649548773909,0.05313589707534373,0.0016394015876046442,3.1835206883058147,0.057068185181582375,0.12671245800375644,0.06964427282217406,122.0369503613554,0.056793872821087915,0.05872076838216277,0.001926895561074858,3.39278775220166
0.3,49,149,0.2,0.06,0.4,0.937368317450537,0.9983425563160873,0.3833472356196895,0.39967583840887366,0.05145285288468327,0.05281304968119725,0.0013601967965139808,2.643578966481158,0.06783820072069519,0.10859564324877147,0.04075744252807628,60.08037078678377,0.06138565454794249,0.07573375964900125,0.014348105101058765,23.373710367220777
0.3,50,150,0.2,0.06,0.4,0.9203381773776836,0.9970790542599844,0.3800671919454491,0.3993956709777705,0.05330968965978111,0.05069595109896155,-0.002613738560819562,-4.902933364460133,0.07723229268058363,0.06681488499137743,-0.010417407689206196,-13.48840922318645,0.06420441451020065,0.08085106179099726,0.01664664728079661,25.927574307451756
0.3,51,151,0.2,0.06,0.4,0.8803583212495059,0.9967095331773518,0.3670103317209656,0.39935619563109054,0.051136663944746294,0.05298971909310517,0.001853055148358873,3.6237310090488477,0.07358009524766916,0.12717837429757578,0.05359827904990662,72.84344885596555,0.05586570486612598,0.06320376395708845,0.007338059090962468,13.13517677535271
0.3,52,152,0.2,0.06,0.4,0.913120052957053,0.9971080441674867,0.37796534832448175,0.3994342225045257,0.05298945873773602,0.05720524254840943,0.004215783810673411,7.955891437840211,0.060034398089940356,0.09723652896667179,0.03720213087673143,61.96802509953905,0.06547936922687565,0.061655475253496905,-0.0038238939733787475,-5.839845463583438
0.3,53,153,0.2,0.06,0.4,0.8859458622419726,0.9979597717807025,0.3679682389465772,0.39960093631834986,0.05223875068259663,0.05380101727660959,0.0015622665940129565,2.990627787990777,0.07395646440433712,0.08608206447145225,0.012125600067115133,16.395591872566637,0.06091235157948586,0.07539050564113531,0.01447815406164945,23.76883125708353
0.3,54,154,0.2,0.06,0.4,0.9168603482449965,0.9981883668944334,0.3783489851430859,0.39964240287856556,0.05299127035118685,0.05241018181767472,-0.0005810885335121307,-1.0965740765622465,0.10366448363822234,0.10604514380658125,0.002380660168358917,2.296505114198185,0.05872344836931357,0.08385565740613449,0.025132209036820917,42.797570195067024
0.3,55,155,0.2,0.06,0.4,0.89473107550297,0.9979441648839795,0.3714039523848598,0.3995962600706435,0.05237342969665726,0.049597442284397934,-0.0027759874122593245,-5.300373545016285,0.08195994831224367,0.08993269460096624,0.007972746288722576,9.727612636294891,0.06112818662643604,0.07500468041706856,0.013876493790632521,22.700646880683628
0.3,56,156,0.2,0.06,0.4,0.9455590022599488,0.9983195378697907,0.38529536817036286,0.3996713346273852,0.05302633882990809,0.055431788485300414,0.0024054496553923208,4.536329885244861,0.07640028773301519,0.10989787095074405,0.03349758321772886,43.84483908593109,0.04789926236638481,0.08717582283989969,0.03927656047351488,81.9982574534984
0.3,57,157,0.2,0.06,0.4,0.9151257662229576,0.9982900352593772,0.37720775078170415,0.399664881770789,0.051976271953813755,0.05346968699743489,0.0014934150436211324,2.873263101571011,0.0656011785782919,0.12523320935406676,0.059632030775774864,90.90085280191553,0.06322844136005668,0.08078545210981053,0.017557010749753854,27.767584289757853
0.3,58,158,0.2,0.06,0.4,0.9193018873897457,0.9977960029728664,0.37821567288949104,0.3995688862573716,0.051064512485759224,0.05599964688007936,0.004935134394320133,9.664508979100573,0.06198827186373346,0.12023391173739993,0.058245639873666474,93.96235468816703,0.058769020859470944,0.06920312262894943,0.010434101769478482,17.754425064233427
0.3,59,159,0.2,0.06,0.4,0.9127205920866656,0.9977633498803736,0.37655168457312704,0.39956249563903073,0.050709814192900014,0.05268632039513433,0.0019765062022343155,3.8976798351413606,0.0828310891657764,0.12006612467232722,0.037235035506550815,44.95297101795848,0.055206881020654484,0.07192491322494934,0.01671803220429486,30.282515322755078
0.3,60,160,0.2,0.06,0.4,0.9320345948418068,0.9983164097724454,0.38148912990600276,0.3996707225809898,0.051552853182869646,0.053671739860851775,0.002118886677982129,4.110124943940461,0.07193829151537541,0.10455249027268755,0.03261419875731214,45.33635435356633,0.056990671077715466,0.07526036869023708,0.018269697612521618,32.05734775013985
0.3,61,161,0.2,0.06,0.4,0.953080966713924,0.998303619760648,0.3884770315354637,0.3996682200658008,0.04926279413650263,0.05575295835174346,0.006490164215240832,13.174575922870291,0.06883947204111783,0.08279671826660172,0.013957246225483888,20.275062855141048,0.05117815088193364,0.07508775036311169,0.023909599481178045,46.71837311265256
0.3,62,162,0.2,0.06,0.4,0.9500574302117676,0.9984609179711327,0.386551623658191,0.3996989962092539,0.053405337534696014,0.05396375788102962,0.0005584203463336046,1.0456264712694943,0.07156119546522008,0.07997662006601688,0.008415424600796806,11.759759665958684,0.064285852028393,0.09569985105072606,0.031413999022333064,48.86611599774474
0.3,63,163,0.2,0.06,0.4,0.9391072236194894,0.9981108378983282,0.38427049791222273,0.3996304981445968,0.052905567516147646,0.05298589960938868,8.033209324103535e-05,0.15184052834612669,0.06562839831398368,0.10105134436499895,0.03542294605101527,53.9750275201636,0.06290907612051412,0.08415391263380755,0.021244836513293425,33.770701818279704
0.3,64,164,0.2,0.06,0.4,0.8877377405118051,0.9978099178843215,0.3698975713449524,0.3995715198774909,0.052852878475681306,0.04980355201033503,-0.0030493264653462734,-5.769461481174259,0.07285074120239957,0.08533276067533502,0.012482019472935452,17.133689056446165,0.05812496495383652,0.07196879581086899,0.013843830857032467,23.81735777049911
0.3,65,165,0.2,0.06,0.4,0.9317883199676834,0.9983713564255465,0.38171233766914175,0.39968147335716664,0.052980941812786245,0.05313877828096894,0.00015783646818269548,0.2979117825810408,0.06714454940288464,0.1277602221170872,0.06061567271420257,90.2763861746884,0.05985094119122765,0.06361629991414833,0.003765358722920678,6.291227252199948
0.3,66,166,0.2,0.06,0.4,0.9457588160796514,0.9981689844328026,0.38642640207607937,0.39964187614073976,0.05250926363626432,0.05101572447605648,-0.0014935391602078421,-2.8443346121813895,0.08167587561476383,0.09466677492825935,0.012990899313495521,15.905430111051384,0.05737977082885749,0.0748803995130195,0.01750062868416201,30.499648972736182
0.3,67,167,0.2,0.06,0.4,0.9235126335891684,0.9983014762530082,0.37949963143217325,0.3996678006619629,0.05415770307103585,0.05482489763369358,0.0006671945626577289,1.2319476728593979,0.0872290040446378,0.09877316169986251,0.011544157655224707,13.234310974497888,0.06087959521874462,0.09147667036125652,0.0305970751425119,50.2583419495062
0.3,68,168,0.2,0.06,0.4,0.9216230138959488,0.9978473818274419,0.37952636836034614,0.3995789415344757,0.05332822873247957,0.04965435655308917,-0.0036738721793904,-6.88916970751145,0.09721628300985415,0.08484054338787253,-0.012375739621981616,-12.730109852818764,0.06215938584148244,0.07065924115574429,0.008499855314261853,13.674291016867517
0.3,69,169,0.2,0.06,0.4,0.9368967832365557,0.9983153331677824,0.3840758146107907,0.39967018687290917,0.050020820282859396,0.05409016214549958,0.004069341862640186,8.135296141943966,0.08177811394553393,0.11794069230055894,0.03616257835502501,44.220362405410945,0.0584163530258286,0.08524758777571204,0.026831234749883436,45.931033623444605
0.3,70,170,0.2,0.06,0.4,0.9646695641308016,0.9984467881564674,0.39132271658807677,0.39969623174064517,0.04796571904136649,0.05377394522890633,0.0058082261875398375,12.109119395313808,0.0836003961608328,0.07604739749649488,-0.007552998664337923,-9.03464458446734,0.06054035081493026,0.09584465384777222,0.035304303032841954,58.31532615456091
0.3,71,171,0.2,0.06,0.4,0.9322604692775583,0.9983478881758456,0.3824094195502194,0.39967661914583547,0.050846404524259765,0.054718819007286,0.0038724144830262347,7.615906216492916,0.06556537610885961,0.12857132935487006,0.06300595324601045,96.09638041487065,0.05611776331205313,0.06939912924851356,0.013281365936460433,23.666955260862697
0.3,72,172,0.2,0.06,0.4,0.9356530714370642,0.9983176798739886,0.38336574768957843,0.39967090982219416,0.0569761343728848,0.056760649711768,-0.00021548466111679515,-0.3782016163233167,0.06119931766264757,0.0716605425619662,0.010461224899318632,17.093695320239725,0.06729019533991933,0.08580684286301968,0.018516647523100352,27.517601085214135
0.3,73,173,0.2,0.06,0.4,0.9116589900518253,0.997937500395123,0.3769191255778501,0.39958331530121044,0.047602490657439746,0.049597228789449596,0.0019947381320098503,4.190407065807794,0.0972217749475222,0.13036315868083823,0.03314138373331603,34.088437236622035,0.05233421338133754,0.06267713025035081,0.010342916869013265,19.763203076443993
0.3,74,174,0.2,0.06,0.4,0.9368367451545324,0.9982222858798951,0.3835923460675859,0.3996511300136544,0.05357217090275977,0.05223622795262983,-0.0013359429501299397,-2.4937256183902723,0.07628307466619423,0.07434292803910122,-0.0019401466270930062,-2.5433513732670843,0.05906326855332226,0.06886215006746767,0.00979888151414541,16.590482975555254
0.3,75,175,0.2,0.06,0.4,0.9054000160231281,0.998248131925615,0.37376157465261933,0.39965730887947076,0.05189975968834314,0.05756336142814757,0.00566360173980443,10.91257796532051,0.0630541057780104,0.13930674115399103,0.07625263537598062,120.93207006128551,0.057998278657269565,0.07981703563765458,0.02181875698038501,37.619663006412736
0.3,76,176,0.2,0.06,0.4,0.8800651689865328,0.9980453309271432,0.36732239815172446,0.39961767948503635,0.04951378815394634,0.05198757903277484,0.0024737908788284996,4.9961656561947665,0.07567662538203264,0.0904147123524236,0.01473808697039096,19.475084804574436,0.0569564930346843,0.0940659470299048,0.0371094539952205,65.15403603347256
0.3,77,177,0.2,0.06,0.4,0.9448638794191435,0.9983191978053516,0.38535182229560294,0.39967062863115543,0.052828380242249694,0.054625016781071845,0.0017966365388221509,3.4008927220245986,0.08104512571449424,0.10731866749282745,0.026273541778333215,32.41841078868783,0.06425666220117864,0.08032058535463818,0.016063923153459544,24.999622767777208
0.3,78,178,0.2,0.06,0.4,0.9173261655812428,0.9982854829135006,0.3768878023066539,0.3996646713529625,0.04782532862996041,0.05666182813058532,0.008836499500624907,18.4766101013036,0.06257613601154008,0.11194709398974166,0.04937095797820158,78.89742180485027,0.06136258415487581,0.09277175111135544,0.03140916695647963,51.186186809220104
0.3,79,179,0.2,0.06,0.4,0.9300829444430488,0.9977044586881325,0.38102180516735895,0.39954836247278663,0.052623074248934525,0.05769339287814498,0.005070318629210459,9.635162334350161,0.09697530058671164,0.1386553326131177,0.04168003202640605,42.98004932620688,0.061333986093934714,0.07245083083239202,0.01111684473845731,18.12509743200377
0.3,80,180,0.2,0.06,0.4,0.9437150551082408,0.9983211522453154,0.38478361591682564,0.3996716504972142,0.051039624235142474,0.054159112758764026,0.0031194885236215525,6.1118955524631025,0.09413848981145698,0.08748797091488585,-0.006650518896571131,-7.0646118393135096,0.0564767373726758,0.07971732120434985,0.02324058383167405,41.15071959329959
0.3,81,181,0.2,0.06,0.4,0.9187814842662452,0.9984823594569614,0.37703514624864437,0.3997031911544725,0.05406056437771892,0.05218234478261433,-0.001878219595104584,-3.474287804288431,0.09208776980177776,0.12025444698768042,0.02816667718590267,30.58677308238918,0.05444677008908831,0.09801697139634992,0.04357020130726161,80.02348208345516
0.3,82,182,0.2,0.06,0.4,0.906134759676231,0.9974897705370844,0.37417645346836526,0.3995054647626581,0.0535121663995529,0.05282311723516876,-0.0006890491643841354,-1.2876495398061336,0.09204900287443503,0.08222148149545022,-0.009827521378984808,-10.676401777421345,0.0635842717338292,0.08344929552769793,0.01986502379386873,31.24204029107374
0.3,83,183,0.2,0.06,0.4,0.9238315274844165,0.9981796012302424,0.379480612738656,0.3996439535791952,0.054063468133641254,0.05095199762282923,-0.0031114705108120227,-5.755218113497042,0.09418819495197885,0.06703288247113688,-0.027155312480841964,-28.83090868732212,0.060315244334741745,0.08496775089432385,0.0246525065595821,40.87276248565603
0.3,84,184,0.2,0.06,0.4,0.9265425960604164,0.9983656319473093,0.3796206556336655,0.399679135231306,0.052300847720054666,0.05260390346551619,0.00030305574546152236,0.579447100138142,0.09865682339282553,0.14217174767241014,0.043514924279584616,44.107364075893294,0.06190893016764385,0.07132729142945476,0.009418361261810913,15.213251523337316
0.3,85,185,0.2,0.06,0.4,0.9077153261854423,0.99787579320204,0.3749117566505113,0.39957786805666606,0.05263077875804074,0.055810634023547155,0.0031798552655064177,6.041816861812274,0.07747025082922147,0.08385244946708134,0.006382198637859868,8.238257356270916,0.061991349543273504,0.07328019548879353,0.011288845945520022,18.210356813799905
0.3,86,186,0.2,0.06,0.4,0.9481974224566672,0.9983189309947658,0.38648203009668636,0.39967119112563165,0.055612327189756616,0.05419869781217267,-0.0014136293775839429,-2.5419353028699057,0.0665151829991613,0.09012475893536073,0.02360957593619943,35.49501763604428,0.0677173553103359,0.08170729421666854,0.013989938906332641,20.659310810676796
0.3,87,187,0.2,0.06,0.4,0.9226225128192647,0.9981981861441066,0.3790539024818349,0.39964759015029516,0.05192827213403625,0.05011609535494732,-0.001812176779088931,-3.4897690691717513,0.0947092376533061,0.11065131448377025,0.01594207683046414,16.832652469257454,0.05723240705661025,0.06903300410208493,0.011800597045474683,20.61873272917277
0.3,88,188,0.2,0.06,0.4,0.9048909910187674,0.9978766480522536,0.37450601888554735,0.39958466906948836,0.05070711288250752,0.05521424150564152,0.004507128623134002,8.888553039052693,0.07398820769447527,0.13972216928938974,0.06573396159491447,88.84383558303556,0.0621976223323443,0.07720684858800006,0.015009226255655761,24.13151129066648
0.3,89,189,0.2,0.06,0.4,0.9181445816356064,0.9982085007441179,0.37854235206223463,0.3996496084276576,0.04897642427440298,0.054394209153547486,0.005417784879144509,11.062026187926625,0.067506097948699,0.06968989062165643,0.0021837926729574297,3.234956158504369,0.05541582864889222,0.07285128372778553,0.01743545507889331,31.462951117021422
0.3,90,190,0.2,0.06,0.4,0.9421979182487131,0.9983788319854392,0.38463651460719467,0.3996829359911713,0.051775831310064045,0.05226248852064973,0.0004866572105856823,0.9399312348483474,0.08080271177740062,0.09384490372395839,0.013042191946557771,16.140784955939424,0.06256461403937058,0.06738124606349973,0.004816632024129144,7.698652182363245
0.3,91,191,0.2,0.06,0.4,0.9489062055551468,0.9984728917526894,0.38669939795709873,0.39970133883953984,0.051307190942468814,0.05266819103462623,0.0013610000921574147,2.652649788766482,0.08773382221247268,0.12435592793183901,0.03662210571936633,41.74228911476736,0.05690323790197812,0.08354777590319702,0.026644538001218902,46.824291522948045
0.3,92,192,0.2,0.06,0.4,0.9304912258576046,0.9983800424521505,0.3822250543053749,0.3996814776204943,0.05510037875592653,0.052746453666712545,-0.002353925089213983,-4.2720669845863775,0.08773181064891436,0.1136972266324736,0.02596541598355924,29.59635255616436,0.06792345685409945,0.08287981245389793,0.01495635559979848,22.019426413948487
0.3,93,193,0.2,0.06,0.4,0.9691858459629419,0.9985633298480633,0.39223041619752985,0.3997190323067406,0.055333061902072746,0.054549329259733645,-0.0007837326423391008,-1.4163912413271724,0.06703970157337293,0.09583589826678725,0.028796196693414322,42.9539452258715,0.06242514667705403,0.068113647627963,0.005688500950908969,9.112515154089216
0.3,94,194,0.2,0.06,0.4,0.9219967800834238,0.9983044322906368,0.3782903317495133,0.3996683779260669,0.05261704434084558,0.05324410134260888,0.0006270570017632981,1.191737410602758,0.061421919983659576,0.08140199370682018,0.019980073723160602,32.529223652526674,0.058874221009179335,0.08986580273080436,0.03099158172162502,52.6403257493513
0.3,95,195,0.2,0.06,0.4,0.9243636417942518,0.9982558207041126,0.38012526670898705,0.3996588674834117,0.05201946119903407,0.05659865776453307,0.0045791965654990024,8.802852740012678,0.08289278437560682,0.10295669812186407,0.020063913746257253,24.204656529985666,0.05434132603619144,0.07950429359502754,0.025162967558836104,46.305398477169135
0.3,96,196,0.2,0.06,0.4,0.9580772863202672,0.998501941887887,0.3892357469232715,0.39970646797797865,0.053662041293337806,0.053888491572823605,0.00022645027948579866,0.4219934129004382,0.09258897628023652,0.10570994219543875,0.013120965915202232,14.17119666113314,0.05945194168846048,0.07943852629675589,0.019986584608295416,33.618051893122235
0.3,97,197,0.2,0.06,0.4,0.9216254021843884,0.9985134191204282,0.3787240384084697,0.3997092677815152,0.04586828811117179,0.0569512827393964,0.01108299462822461,24.16265154993916,0.09858488835716227,0.1321752387643507,0.03359035040718843,34.07251452727142,0.04975351427418086,0.08231602569522951,0.03256251142104866,65.44766112721946
0.3,98,198,0.2,0.06,0.4,0.9134889675565535,0.9980427662823175,0.3767461855465978,0.3996161950748154,0.05623767596104118,0.051391178402486304,-0.004846497558554874,-8.617883786506932,0.08607938671354835,0.09462891202322193,0.00854952530967358,9.932140127954627,0.06519901304122847,0.08234220894663409,0.017143195905405625,26.293643271202832
0.3,99,199,0.2,0.06,0.4,0.9225591448913547,0.9983067759365613,0.380000179969363,0.39966780749555514,0.05068436073003597,0.05179800787931352,0.001113647149277551,2.1972204704509464,0.06510030773771813,0.10383144924126281,0.038731141503544675,59.49455977933026,0.06348550812761009,0.06916228144503958,0.005676773317429495,8.941841193140966
0.4,0,100,0.15,0.06,0.4,0.7027882718938017,0.9822215023651434,0.3111000679564388,0.3965090704762105,0.05227903361128479,0.05580792586924198,0.003528892257957189,6.750109966063821,0.07643590785038243,0.07898958549438626,0.0025536776440038267,3.340939770091381,0.05092163240002351,0.06808585259951354,0.01716422019949003,33.70712875945058
0.4,1,101,0.15,0.06,0.4,0.6722090397167096,0.9018981843479529,0.3065082963744621,0.37992620199627514,0.048683555599097254,0.049295054957425546,0.0006114993583282921,1.256069633376637,0.07984218432276635,0.08445622734348159,0.004614043020715233,5.778953894926915,0.05885431523510717,0.0607481885383733,0.0018938733032661317,3.2179004983757213
0.4,2,102,0.15,0.06,0.4,0.6755326802642805,0.9380239013591536,0.303097349128532,0.3876588464510215,0.05234248019736282,0.05633798525432714,0.0039955050569643255,7.633388868656691,0.07903576463981214,0.08046661646024163,0.0014308518204294851,1.8103852438832888,0.060202935547240384,0.08132878297596435,0.02112584742872397,35.091058661328596
0.4,3,103,0.15,0.06,0.4,0.685231197252684,0.9547122914485736,0.30646409817666787,0.3910460361422386,0.05032722908195535,0.05416968107977829,0.003842451997822939,7.634936530214488,0.0810950685709957,0.08640631663230422,0.005311248061308518,6.54940942143568,0.05527311227670311,0.07144802243597959,0.016174910159276475,29.26361388572285
0.4,4,104,0.15,0.06,0.4,0.6750654744444048,0.9630158327519607,0.30210300365032833,0.39264467426934585,0.05119621887821709,0.05431164256368053,0.003115423685463442,6.085261282428396,0.06326255002179447,0.09157746797889244,0.028314917957097965,44.75778789717336,0.06528116355477227,0.08232284693494052,0.017041683380168246,26.105054585722748
0.4,5,105,0.15,0.06,0.4,0.6502474742321653,0.8885716784358048,0.2994452432461023,0.3771712628221267,0.05243502133258905,0.05433287744713311,0.0018978561145440581,3.619443773096199,0.07131443862880558,0.10786152238042149,0.0365470837516159,51.247804027238985,0.05999929294987376,0.07249770706589406,0.012498414116020304,20.830935668628744
0.4,6,106,0.15,0.06,0.4,0.6953985549479368,0.9533714922344089,0.31222470673890473,0.39077781588194277,0.05274316164064624,0.05516584211871699,0.002422680478070746,4.593354669515526,0.09472747098725408,0.07680067854672717,-0.017926792440526904,-18.924597325034696,0.053718430130723985,0.07327661841703435,0.01955818828631037,36.40871157015469
0.4,7,107,0.15,0.06,0.4,0.6823198380990052,0.9417242751754548,0.3068019315476677,0.38844005539779386,0.05190239552492012,0.051385946776909705,-0.0005164487480104132,-0.9950383653533843,0.06378659349272257,0.0980254726595292,0.034238879166806624,53.6772341835639,0.054375773230939735,0.06992454480143179,0.015548771570492052,28.595035337621322
0.4,8,108,0.15,0.06,0.4,0.6727182176395504,0.9338034640832032,0.30230155241862244,0.38684216650025754,0.05124726672090241,0.056363530456775675,0.005116263735873268,9.983486072997682,0.06039476522035152,0.10032990296015787,0.03993513773980635,66.12350854267285,0.05618698468293863,0.09022555830259721,0.03403857361965858,60.580886857939014
0.4,9,109,0.15,0.06,0.4,0.6593255607178335,0.9216174088482528,0.2996790122645217,0.3843708661486544,0.0497259163568056,0.0545296205468133,0.004803704190007696,9.660363331545222,0.09373135449462155,0.1071282799148566,0.013396925420235045,14.292896429874789,0.051028094045126815,0.05599151612210213,0.004963422076975317,9.72684198744696
0.4,10,110,0.15,0.06,0.4,0.7709017184149365,0.9706441105456219,0.3352761515538108,0.39406358898531885,0.050221344434371235,0.0504155263009027,0.00019418186653146624,0.38665206739979097,0.06713786743534526,0.09603946561918147,0.02890159818383621,43.04813257833795,0.0549733624712438,0.06869741835896107,0.013724055887717267,24.964919864409293
0.4,11,111,0.15,0.06,0.4,0.6532922996626179,0.914874256225613,0.29847423866930234,0.382748716432835,0.05492426932575183,0.054979707090988574,5.543776523674049e-05,0.10093491623519495,0.08006748030211115,0.13202054708883995,0.0519530667867288,64.88660139010138,0.05897219896197289,0.06532113566967765,0.006348936707704762,10.765982648533683
0.4,12,112,0.15,0.06,0.4,0.7377133045317676,0.9722995420731261,0.3242354764589176,0.39454739687423734,0.052176347681895975,0.0518792052584601,-0.0002971424234358769,-0.5694964033271701,0.05529345601473317,0.09744920794352707,0.0421557519287939,76.24003809340716,0.05586234669898512,0.08324880295438095,0.027386456255395826,49.02489400054755
0.4,13,113,0.15,0.06,0.4,0.6630640340200603,0.9296527484375041,0.30036295826925935,0.3859372620027486,0.05206255485385231,0.05703502512574091,0.004972470271888595,9.550953244317519,0.0725712680876223,0.08471070719513583,0.012139439107513528,16.727610564633387,0.05731753697710737,0.08014932742247233,0.022831790445364958,39.83386525224205
0.4,14,114,0.15,0.06,0.4,0.7568092732882022,0.9727147176290546,0.33182631385140493,0.3945930578152221,0.05326431118241393,0.0508455941372439,-0.002418717045170035,-4.5409712272194245,0.0707148747809747,0.08533597504046245,0.014621100259487749,20.676131160203152,0.06321700550586887,0.08392235315169726,0.02070534764582839,32.75281307638998
0.4,15,115,0.15,0.06,0.4,0.6916817484122794,0.9718950547743209,0.3089436262791266,0.39446721862114703,0.04712875648091697,0.05670660665236426,0.009577850171447293,20.32273050812509,0.08877222467639247,0.10200939576792296,0.013237171091530497,14.911388263372777,0.05642154265515883,0.06913422869778717,0.01271268604262834,22.531617258901676
0.4,16,116,0.15,0.06,0.4,0.7058973855240526,0.9670829531521643,0.31262855988777605,0.39334776003849503,0.0517451306473083,0.054834941729207415,0.0030898110818991173,5.971211287413852,0.0630805911659902,0.12592648158220265,0.06284589041621245,99.6279350820284,0.05153984433904071,0.08023889458669191,0.028699050247651202,55.68323035448533
0.4,17,117,0.15,0.06,0.4,0.7078773158137697,0.9709035441879104,0.3138620015749727,0.3942706105088093,0.049726389075452786,0.05547042474842236,0.005744035672969577,11.55128248756171,0.07940649677572749,0.10692822736814674,0.027521730592419247,34.65929326935366,0.0566956585574074,0.06332769177779438,0.006632033220386975,11.69760328945061
0.4,18,118,0.15,0.06,0.4,0.6520986570745873,0.921163953077849,0.296562478139423,0.38398382928977537,0.05308937317680226,0.05367168679876471,0.0005823136219624478,1.0968553349145465,0.07631113866207387,0.08688650573984574,0.010575367077771874,13.8582220933728,0.05909712507191428,0.06377639168166399,0.00467926660974971,7.917925963497532
0.4,19,119,0.15,0.06,0.4,0.7026353164692065,0.9496380762144524,0.31462247706703245,0.38985505958814615,0.05148500620835039,0.05389297002515128,0.00240796381680089,4.677019571593915,0.0747683360866008,0.10024422757429488,0.02547589148769408,34.073102092557605,0.06241277800938054,0.07059368081874509,0.008180902809364551,13.107737021631973
0.4,20,120,0.15,0.06,0.4,0.738085680886637,0.9728285248708047,0.32468360046641975,0.3946522282843388,0.04979896356208757,0.05390187598885495,0.004102912426767379,8.238951442537582,0.10111176228921491,0.14324805292345125,0.04213629063423634,41.67298609009686,0.058002275582574196,0.07117969986577015,0.013177424283195953,22.71880568622878
0.4,21,121,0.15,0.06,0.4,0.7185716894732384,0.9531510434788392,0.3204239332075742,0.39073369857242984,0.05056171466806138,0.05549474874700753,0.004933034078946151,9.756461210486263,0.056244146267292426,0.11739645215170925,0.06115230588441683,108.7265252348201,0.05804824549063236,0.07020250979080742,0.012154264300175056,20.938211305863625
0.4,22,122,0.15,0.06,0.4,0.7066423809495143,0.9707344782292789,0.3138615269843278,0.39423707638305566,0.05097609946294546,0.050667902727356065,-0.00030819673558939165,-0.6045906588310468,0.07288938815293293,0.07602163329260547,0.003132245139672543,4.297258104431636,0.05720565898617815,0.07651905208637927,0.019313393100201116,33.76133313116375
0.4,23,123,0.15,0.06,0.4,0.7530695784831591,0.9765029742106717,0.3296235970229758,0.39537964687948857,0.05128720292880176,0.0549802821871783,0.0036930792583765373,7.200781184154976,0.06971469856860425,0.08896237312612772,0.019247674557523464,27.609205738130495,0.060030450812770884,0.08147782769480004,0.021447376882029155,35.72749594855023
0.4,24,124,0.15,0.06,0.4,0.6423839858839606,0.9642776608034199,0.2903961842521642,0.3929542290771979,0.056034995899460364,0.05291741983551978,-0.003117576063940586,-5.563623257034287,0.11060674530993181,0.13180550823231016,0.02119876292237835,19.16588618802332,0.05622159341084604,0.07915918972382253,0.022937596312976496,40.79855251585856
0.4,25,125,0.15,0.06,0.4,0.6475752162108757,0.9080900731712648,0.29414568924821866,0.3813203610371351,0.05388495183881424,0.05071850463329318,-0.0031664472055210613,-5.876310727701562,0.07869637386536456,0.0575455003935128,-0.02115087347185176,-26.876554068472238,0.06577278147769818,0.08998244470314938,0.024209663225451206,36.80802709196671
0.4,26,126,0.15,0.06,0.4,0.7097953413691955,0.9635383188319552,0.3161291706359937,0.3928070685022328,0.05290724449819469,0.05375428692951274,0.00084704243131805,1.6009951743885524,0.057410350517166225,0.06190723680288089,0.004496886285714666,7.8328842189703325,0.05994369666894594,0.08655612061248318,0.026612423943537238,44.39570033611875
0.4,27,127,0.15,0.06,0.4,0.6566611192052985,0.9086765574234037,0.2993184968414113,0.3815068010915679,0.04818328112980055,0.05085637502001755,0.0026730938902170057,5.547762268443238,0.07560824879684892,0.09585816135295198,0.02024991255610306,26.78267633272708,0.054355724444286616,0.0653785493767148,0.01102282493242819,20.279050725791237
0.4,28,128,0.15,0.06,0.4,0.6577680352022591,0.8970166846347919,0.30066775153540565,0.37896252393153346,0.05190722155131241,0.052337839056256726,0.0004306175049443167,0.8295907430118057,0.05778358004097755,0.09516236464152598,0.037378784600548436,64.68755410108038,0.056706823752402366,0.07062000667317614,0.013913182920773773,24.535288700919956
0.4,29,129,0.15,0.06,0.4,0.7366217410527693,0.9668496809659036,0.32461222413794155,0.39341510601177626,0.05361311017271911,0.05505411841151841,0.0014410082387993003,2.6877907925076014,0.061405073158389105,0.12519253788241566,0.06378746472402655,103.8797959893188,0.06477260569312294,0.08259185107533953,0.01781924538221659,27.510465561073605
0.4,30,130,0.15,0.06,0.4,0.7463983591138477,0.9826121616356054,0.32587083057962646,0.39653292984554755,0.05146487985740056,0.05719555298850805,0.0057306731311074915,11.135114172977964,0.08324611488782761,0.13028408667094615,0.04703797178311854,56.50470517032683,0.06000466862521311,0.08275062096042338,0.02274595233521027,37.90697100134096
0.4,31,131,0.15,0.06,0.4,0.7093771538534482,0.9683370153299531,0.31535671928805853,0.39376123374147015,0.05207429512638108,0.05357472022422547,0.001500425097844392,2.8813161929565316,0.06902702500351925,0.09233858511351332,0.02331156010999408,33.77164249626225,0.05980343202904094,0.08621800483642238,0.026414572807381437,44.16899149626454
0.4,32,132,0.15,0.06,0.4,0.7205134559413057,0.9650426640294917,0.31914798812961254,0.3931064393446291,0.05097539018435661,0.053895133338130806,0.002919743153774197,5.727750475699569,0.05070028392192773,0.09243406481412803,0.0417337808922003,82.31468872337135,0.05513842979436651,0.0718246365053212,0.016686206710954686,30.262390084709146
0.4,33,133,0.15,0.06,0.4,0.6855341729896245,0.9517022637109571,0.30668063529456335,0.390443637474596,0.05303621504211288,0.05437761857780264,0.0013414035356897613,2.529221843271872,0.07768208701815443,0.09185536690128998,0.014173279883135548,18.245235712865476,0.06005212124116561,0.061260053481079664,0.0012079322399140557,2.0114730586502922
0.4,34,134,0.15,0.06,0.4,0.6184346625069822,0.7977058975262613,0.29146226199884456,0.3582753164440822,0.05303044886983147,0.058104317203884315,0.005073868334052843,9.567839688679912,0.06805823978675087,0.08998993948389576,0.021931699697144896,32.224899976643854,0.06235732831910402,0.07383910405188253,0.011481775732778511,18.412873101333485
0.4,35,135,0.15,0.06,0.4,0.6754818076303037,0.9281350054914423,0.3051514457179855,0.3856945875415697,0.052864997681610244,0.051349436943187915,-0.0015155607384223294,-2.866851044901372,0.06823031092190088,0.08002639975233268,0.011796088830431803,17.28863414375185,0.05598780286747533,0.06717370542334317,0.011185902555867835,19.979177576132383
0.4,36,136,0.15,0.06,0.4,0.7477718773420182,0.9856421740048278,0.3250594095653985,0.39712664797092667,0.05276480030840734,0.05460289848571888,0.0018380981773115368,3.4835689068620646,0.0831172905014264,0.0719228634112012,-0.011194427090225195,-13.46822908048607,0.05669356295408379,0.08659750769278414,0.029903944738700353,52.74663150544906
0.4,37,137,0.15,0.06,0.4,0.7350485907820283,0.9730004436658533,0.32354374923320434,0.3946698644223046,0.05243819337238668,0.052528156428166294,8.99630557796155e-05,0.171560173976148,0.06874245679253842,0.12155249416161612,0.0528100373690777,76.82302878475231,0.06949170441389267,0.05812470134975583,-0.011367003064136842,-16.357352521439047
0.4,38,138,0.15,0.06,0.4,0.7201871938266311,0.9718133528229248,0.31994347560387326,0.3944510215242261,0.049384602552353885,0.049241300748221445,-0.00014330180413243965,-0.29017506819159217,0.04348436095844358,0.09537501268655327,0.05189065172810969,119.33175648527913,0.04659790715542948,0.06988562690745241,0.02328771975202293,49.975891995204115
0.4,39,139,0.15,0.06,0.4,0.73125223709657,0.9795733064908126,0.32110241160565334,0.39598644564576085,0.05151801007601421,0.05432111750050498,0.002803107424490768,5.441024256089893,0.05288167260388503,0.11535693667561207,0.062475264071727044,118.1416188169835,0.05471264684663628,0.0758625153310749,0.021149868484438616,38.65626999133
0.4,40,140,0.15,0.06,0.4,0.7034348360628038,0.9375423733697602,0.3177796298695172,0.38735080066125,0.04960370817195748,0.055866688371554264,0.006262980199596785,12.626032267356662,0.11040328705143197,0.14434607529965013,0.033942788248218156,30.744363827143772,0.05132790060437761,0.06453867616485465,0.013210775560477034,25.73800097982251
0.4,41,141,0.15,0.06,0.4,0.7426969892385406,0.973507318769026,0.32729781901392235,0.39478670779988995,0.05041472877140103,0.0516151705175202,0.00120044174611917,2.381133004924841,0.09067643942549515,0.102514074364538,0.011837634939042843,13.054807857524343,0.05228268940123131,0.07744238319064556,0.025159693789414246,48.12241695589154
0.4,42,142,0.15,0.06,0.4,0.7692349413175466,0.985633880435751,0.33414185769889215,0.3971814936526518,0.04925916291607802,0.05455512793333306,0.005295965017255037,10.751228205557778,0.06418852995920396,0.08789122851499145,0.023702698555787494,36.92668857014193,0.05741182267118053,0.09618677763903576,0.03877495496785523,67.53827550456677
0.4,43,143,0.15,0.06,0.4,0.7113366095718491,0.9531330541446421,0.31503789755790473,0.3907300982369058,0.05438195050204029,0.054297134139800356,-8.481636223993394e-05,-0.15596417829248663,0.07089478322092685,0.07681207729683236,0.005917294075905508,8.346586035062211,0.0666098695911417,0.0863053338045522,0.019695464213410507,29.56838728900584
0.4,44,144,0.15,0.06,0.4,0.6177033173522687,0.872290803976338,0.2859205606771661,0.37420085748418497,0.051448138874435216,0.054209927449165,0.0027617885747297857,5.3681020055365485,0.05714420469301624,0.08598973635369969,0.028845531660683453,50.47849001599413,0.05508341678186163,0.07454928871773424,0.01946587193587261,35.33889702768495
0.4,45,145,0.15,0.06,0.4,0.6919875107889436,0.9349969339598466,0.31158381450120254,0.3869404918993241,0.05018925958062667,0.055463668604499625,0.005274409023872953,10.509039320255091,0.09037815497528018,0.08521586622756946,-0.005162288747710714,-5.711876668784265,0.057161283634456043,0.06442125392227117,0.00725997028781513,12.700852441037414
0.4,46,146,0.15,0.06,0.4,0.6866483751804687,0.9342030492649428,0.30935436890832774,0.3868892262954644,0.04849876580947924,0.053145647670837876,0.004646881861358636,9.581443535312372,0.05704786312594063,0.10463926878810002,0.04759140566215939,83.42364298044807,0.060255056262725856,0.06714433640220614,0.006889280139480286,11.43353034049366
0.4,47,147,0.15,0.06,0.4,0.7205859509502585,0.9761125318912109,0.31715538596145426,0.39507158946395055,0.052371122607433145,0.057027848928684816,0.004656726321251671,8.89178251182023,0.07369298446990805,0.09461165863883006,0.020918674168922013,28.386249138089923,0.06372581237491,0.09597390724933659,0.03224809487442659,50.60444688363557
0.4,48,148,0.15,0.06,0.4,0.690193705809947,0.9543436760514717,0.30876756245944176,0.3909723147928127,0.05149649548773909,0.05308972940575377,0.0015932339180146846,3.0938686272234217,0.057068185181582375,0.1037834455164345,0.04671526033485212,81.8586751728852,0.056793872821087915,0.06119107271838103,0.004397199897293112,7.742384308154462
0.4,49,149,0.15,0.06,0.4,0.6672509080073167,0.9411535214060215,0.3020620976222019,0.3883251353542567,0.05145285288468327,0.052797696191421675,0.0013448433067384039,2.613739047186523,0.06783820072069519,0.11791929672400603,0.05008109600331084,73.82432828592513,0.06138565454794249,0.06673935017225212,0.00535369562430963,8.721411645335424
0.4,50,150,0.15,0.06,0.4,0.7169069545985894,0.9692769630051047,0.317425545113279,0.3939062253320055,0.05330968965978111,0.050786612044616895,-0.0025230776151642167,-4.732868698479263,0.07723229268058363,0.06884121159234172,-0.008391081088241908,-10.864731315106285,0.06420441451020065,0.07774903529152156,0.013544620781320918,21.09608955186248
0.4,51,151,0.15,0.06,0.4,0.5742985549317805,0.815824845419745,0.2699608528749726,0.3617844094163406,0.051136663944746294,0.052958361309385166,0.0018216973646388718,3.5624094810080593,0.07358009524766916,0.09587494972780493,0.022294854480135767,30.30011636311658,0.05586570486612598,0.056431374686598645,0.0005656698204726668,1.012552910284068
0.4,52,152,0.15,0.06,0.4,0.6739161582696994,0.9068661600970834,0.30677072723776794,0.3813579256278593,0.05298945873773602,0.057175039065805566,0.004185580328069545,7.898892398175822,0.060034398089940356,0.10314891005385021,0.043114511963909856,71.8163475201633,0.06547936922687565,0.052877063234533075,-0.012602305992342577,-19.246223873473156
0.4,53,153,0.15,0.06,0.4,0.704588474878461,0.9642641006964922,0.31257178343179576,0.392951530533896,0.05223875068259663,0.05378437969331948,0.001545629010722846,2.9587786662703883,0.07395646440433712,0.07413180078312546,0.00017533637878834607,0.23708053136469787,0.06091235157948586,0.08510207203796331,0.024189720458477455,39.712340487974366
0.4,54,154,0.15,0.06,0.4,0.6617438008143278,0.940650726484466,0.3000639686939481,0.3880828126041837,0.05299127035118685,0.0524013013603784,-0.0005899689908084524,-1.1133324166387697,0.10366448363822234,0.09036181480712525,-0.013302668831097084,-12.832426655904579,0.05872344836931357,0.07445190754702488,0.01572845917771131,26.78395021830896
0.4,55,155,0.15,0.06,0.4,0.6230999073055581,0.836996281192353,0.2897409945853292,0.36669453072196617,0.05237342969665726,0.04943449047661487,-0.0029389392200423886,-5.6115080434191364,0.08195994831224367,0.08715674777366025,0.0051967994614165874,6.340657319131397,0.06112818662643604,0.0802835386892281,0.019155352062792064,31.33636562761698
0.4,56,156,0.15,0.06,0.4,0.7100981120462552,0.935260798119791,0.3189552407443529,0.3865260988204746,0.05302633882990809,0.05542366737864059,0.002397328548732494,4.521014653533547,0.07640028773301519,0.09164589613853878,0.015245608405523595,19.954909671021362,0.04789926236638481,0.0872046169852113,0.03930535461882649,82.05837141744915
0.4,57,157,0.15,0.06,0.4,0.650671254060139,0.8855069411934344,0.29885247085662303,0.3766503950317305,0.051976271953813755,0.05347679509219858,0.001500523138384828,2.886938754896074,0.0656011785782919,0.1161419383489152,0.050540759770623306,77.04245695876531,0.06322844136005668,0.06762852269835624,0.004400081338299569,6.959022306501507
0.4,58,158,0.15,0.06,0.4,0.6469070266067659,0.9276626566464452,0.2946706915752699,0.3855988064031112,0.051064512485759224,0.05587446808945635,0.004809955603697125,9.41937045817977,0.06198827186373346,0.1221588040932126,0.06017053222947914,97.06760717858019,0.058769020859470944,0.07382164261457741,0.015052621755106466,25.61319132932373
0.4,59,159,0.15,0.06,0.4,0.6670636827993549,0.9371330098488044,0.3021877230817887,0.38644711900419687,0.050709814192900014,0.052676548361458506,0.0019667341685584913,3.8784093372478927,0.0828310891657764,0.09592568351540227,0.013094594349625871,15.80879170068454,0.055206881020654484,0.07181169645932473,0.01660481543867024,30.077438050626156
0.4,60,160,0.15,0.06,0.4,0.7294651066708842,0.9749796093649128,0.32204011500256857,0.39507823390396035,0.051552853182869646,0.053663877647367235,0.0021110244644975892,4.094874161492687,0.07193829151537541,0.11086180558826272,0.038923514072887314,54.10680911787872,0.056990671077715466,0.07247513759422596,0.01548446651651049,27.170177546067247
0.4,61,161,0.15,0.06,0.4,0.7061879247017853,0.9648628119127634,0.31438532527645424,0.39307066003856894,0.04926279413650263,0.0557408217078091,0.006478027571306472,13.149939391087845,0.06883947204111783,0.07198044039404544,0.0031409683529276117,4.5627432340729035,0.05117815088193364,0.07405517222536093,0.022877021343427284,44.700757939074116
0.4,62,162,0.15,0.06,0.4,0.708691823327084,0.9750569197374135,0.31276154879082924,0.39509353607333475,0.053405337534696014,0.053914555073628564,0.0005092175389325507,0.9534955913380863,0.07156119546522008,0.06614770635397849,-0.005413489111241593,-7.564838843242407,0.064285852028393,0.08370715817063062,0.019421306142237624,30.210855933992843
0.4,63,163,0.15,0.06,0.4,0.7089665253569103,0.9639559402838055,0.3158196762512234,0.3928901997510083,0.052905567516147646,0.052962290831974845,5.6723315827199305e-05,0.10721615604990235,0.06562839831398368,0.06960211013920706,0.0039737118252233805,6.05486637996571,0.06290907612051412,0.07665525915395079,0.013746183033436665,21.850874120458034
0.4,64,164,0.15,0.06,0.4,0.6868327790771543,0.9545023170478475,0.3070499946061279,0.3909854150226982,0.052852878475681306,0.04979261298046978,-0.003060265495211524,-5.790158612874064,0.07285074120239957,0.09028116035698364,0.01743041915458407,23.92620701848116,0.05812496495383652,0.07268358604502072,0.0145586210911842,25.047105151369667
0.4,65,165,0.15,0.06,0.4,0.7136312477219816,0.9373261468735782,0.31981546862822263,0.38755362128488446,0.052980941812786245,0.05312212943122295,0.00014118761843670558,0.2664875587444386,0.06714454940288464,0.10768052238241367,0.04053597297952903,60.37120412604562,0.05985094119122765,0.06141723986615307,0.0015662986749254218,2.6169992380253397
0.4,66,166,0.15,0.06,0.4,0.6697526767323012,0.9264741906946281,0.3038107940036809,0.3853577084017392,0.05250926363626432,0.05089667058550943,-0.0016125930507548888,-3.071063921073897,0.08167587561476383,0.09266072094373337,0.01098484532896954,13.449314435000566,0.05737977082885749,0.07628734312630547,0.01890757229744798,32.951634390179485
0.4,67,167,0.15,0.06,0.4,0.6970459363444489,0.9665351242213636,0.31130887966239584,0.3934032199006781,0.05415770307103585,0.05484206569578287,0.0006843626247470189,1.2636478025099696,0.0872290040446378,0.08536496812525465,-0.001864035919383153,-2.1369450904532483,0.06087959521874462,0.08286050579635322,0.0219809105776086,36.10554652774819
0.4,68,168,0.15,0.06,0.4,0.7149389901176909,0.970629280368558,0.31769497722908313,0.39421620901434595,0.05332822873247957,0.04963356362145604,-0.0036946651110235304,-6.9281601861516435,0.09721628300985415,0.08154986478854796,-0.015666418221306183,-16.115014621283336,0.06215938584148244,0.0573705616997047,-0.004788824141777739,-7.704104660863443
0.4,69,169,0.15,0.06,0.4,0.6451602699851118,0.8845973743009091,0.29719183760530793,0.37675727994222047,0.050020820282859396,0.05406886793508321,0.004048047652223816,8.092725447789103,0.08177811394553393,0.10639146468496845,0.02461335073943452,30.097723647463386,0.0584163530258286,0.08114361060202627,0.022727257576197667,38.90564268219361
0.4,70,170,0.15,0.06,0.4,0.7545604737026242,0.9599706416585285,0.33269701270803725,0.39209617232943483,0.04796571904136649,0.05374657777232423,0.005780858730957739,12.05206311193255,0.0836003961608328,0.06980569358501049,-0.013794702575822312,-16.500762208451352,0.06054035081493026,0.08490880613179527,0.02436845531686501,40.25159251448431
0.4,71,171,0.15,0.06,0.4,0.6918937720977562,0.9603741439041815,0.3094681410105127,0.392151370056576,0.050846404524259765,0.05459781933403067,0.0037514148097709046,7.377935263802251,0.06556537610885961,0.13151776013903266,0.06595238403017305,100.59026264208549,0.05611776331205313,0.07222308846413757,0.01610532515208444,28.699157274903886
0.4,72,172,0.15,0.06,0.4,0.7127319971905183,0.9583593603489334,0.31727659847307277,0.3917412092213385,0.0569761343728848,0.056729690840435304,-0.0002464435324494932,-0.43253817613638734,0.06119931766264757,0.07951635839118669,0.018317040728539118,29.93013881218279,0.06729019533991933,0.08224091079246625,0.01495071545254692,22.218267278052522
0.4,73,173,0.15,0.06,0.4,0.6600248448059625,0.9373880527535746,0.2992553867687406,0.3874815845586306,0.047602490657439746,0.04950324330261554,0.0019007526451757933,3.9929688949557653,0.0972217749475222,0.1270524142017102,0.02983063925418801,30.68308439162916,0.05233421338133754,0.06292358979309343,0.010589376411755884,20.234136958542823
0.4,74,174,0.15,0.06,0.4,0.6999511158267147,0.9643042058459191,0.31292157160054296,0.3929595116475765,0.05357217090275977,0.05212937764346078,-0.0014427932592989898,-2.6931767650742415,0.07628307466619423,0.08229060944628239,0.006007534780088156,7.875318091695204,0.05906326855332226,0.07230755118575487,0.01324428263243261,22.423890442967416
0.4,75,175,0.15,0.06,0.4,0.6663606117667231,0.9247898227985321,0.30198919281014497,0.38501575069818955,0.05189975968834314,0.05765935209958418,0.005759592411241035,11.09753194586498,0.0630541057780104,0.09903680710713723,0.03598270132912683,57.06638907196349,0.057998278657269565,0.07280782907592154,0.014809550418651972,25.534465438476815
0.4,76,176,0.15,0.06,0.4,0.6768164436610661,0.9463641760785702,0.3039152533112149,0.38937303083121766,0.04951378815394634,0.051938861163584524,0.002425073009638186,4.897773125534737,0.07567662538203264,0.07095701510221396,-0.004719610279818681,-6.236549602989069,0.0569564930346843,0.08352719330706092,0.026570700272376617,46.65087131715797
0.4,77,177,0.15,0.06,0.4,0.7941233906537863,0.9912637424957175,0.341095772631232,0.39828839968837937,0.052828380242249694,0.054584325445834685,0.001755945203584991,3.3238672007980044,0.08104512571449424,0.11317753693801924,0.032132411223525004,39.64755553186636,0.06425666220117864,0.09313241217931285,0.02887574997813422,44.93814180345733
0.4,78,178,0.15,0.06,0.4,0.693052691225246,0.9559827580917842,0.3100513898999888,0.39066990913417654,0.04782532862996041,0.0566298885030725,0.008804559873112086,18.40982618485642,0.06257613601154008,0.09668434766930932,0.03410821165776924,54.50673984005519,0.06136258415487581,0.09357570431046186,0.03221312015558605,52.49635522891587
0.4,79,179,0.15,0.06,0.4,0.6246189121948369,0.8848828144733887,0.28810999385705444,0.3768231311685073,0.052623074248934525,0.05758719142793204,0.004964117178997515,9.433346967747756,0.09697530058671164,0.14681177223949055,0.04983647165277891,51.3908916510313,0.061333986093934714,0.07307426338165542,0.011740277287720702,19.141552726966317
0.4,80,180,0.15,0.06,0.4,0.7214154383813619,0.9544391657656794,0.3216319797253086,0.3909914136215171,0.051039624235142474,0.05411982314554696,0.003080198910404487,6.0349169034118155,0.09413848981145698,0.08140930605825267,-0.01272918375320431,-13.521763285876638,0.0564767373726758,0.08285464741507377,0.02637791004239797,46.7057965270493
0.4,81,181,0.15,0.06,0.4,0.7517433062922112,0.9829446423438466,0.32869908676437015,0.39665166338057584,0.05406056437771892,0.0521560497897055,-0.0019045145880134187,-3.522927682934744,0.09208776980177776,0.1091761593667839,0.01708838956500615,18.556633092309134,0.05444677008908831,0.08622236418952815,0.03177559410043984,58.360843165622406
0.4,82,182,0.15,0.06,0.4,0.708329823113039,0.9617131902006848,0.31389588962369214,0.39244355383594615,0.0535121663995529,0.05282413074285803,-0.0006880356566948687,-1.285755563618178,0.09204900287443503,0.12014993518327069,0.02810093230883566,30.52823108488033,0.0635842717338292,0.08663128435116654,0.02304701261733734,36.2464049502913
0.4,83,183,0.15,0.06,0.4,0.6684913188874854,0.9386660172566679,0.3032397718253267,0.3878238841264716,0.054063468133641254,0.05093655943637121,-0.003126908697270045,-5.783773785175115,0.09418819495197885,0.06816856771982441,-0.026019627232154438,-27.62514691508883,0.060315244334741745,0.07637241164450863,0.016057167309766883,26.62207123070197
0.4,84,184,0.15,0.06,0.4,0.7212810908100241,0.9693482830063539,0.31945994853212084,0.3936688823615493,0.052300847720054666,0.05254087334189039,0.00024002562183572662,0.45893256476546407,0.09865682339282553,0.11952622510686214,0.020869401714036617,21.153530993938602,0.06190893016764385,0.06277260414349321,0.000863673975849362,1.3950717182652164
0.4,85,185,0.15,0.06,0.4,0.6575710660546209,0.901095540014569,0.3008512370434868,0.379728269410435,0.05263077875804074,0.055764979030342145,0.0031342002723014073,5.95507105587446,0.07747025082922147,0.09641647545337775,0.01894622462415628,24.45612918683082,0.061991349543273504,0.06284902851624118,0.0008576789729676723,1.3835462194107637
0.4,86,186,0.15,0.06,0.4,0.7362703326390376,0.9756521144375347,0.32477299389673053,0.3951964530722377,0.055612327189756616,0.05413362479804106,-0.0014787023917155542,-2.6589471551334762,0.0665151829991613,0.10404266947946414,0.03752748648030284,56.41942905092214,0.0677173553103359,0.09210096639421039,0.02438361108387449,36.00791993740598
0.4,87,187,0.15,0.06,0.4,0.712734800288788,0.953740765278986,0.31755539393344195,0.3908517054966416,0.05192827213403625,0.0500365516117321,-0.0018917205223041508,-3.642949099907038,0.0947092376533061,0.08416414465484608,-0.010545092998460029,-11.134175778144828,0.05723240705661025,0.07719532494648382,0.019962917889873567,34.88044434358258
0.4,88,188,0.15,0.06,0.4,0.6616928121476452,0.9297099785613138,0.2992650666897112,0.38601378297541333,0.05070711288250752,0.05516806342448217,0.004460950541974651,8.797484787412436,0.07398820769447527,0.1338336437169374,0.05984543602246213,80.88510032515738,0.0621976223323443,0.07526410856076653,0.013066486228422228,21.008015641825157
0.4,89,189,0.15,0.06,0.4,0.6565528064491973,0.8768572062561014,0.30174048831171124,0.37515392448760854,0.04897642427440298,0.05439950495931197,0.005423080684908994,11.072839157315352,0.067506097948699,0.0739680621363019,0.006461964187602906,9.572415506097911,0.05541582864889222,0.06388166217091024,0.008465833522018018,15.27692308935139
0.4,90,190,0.15,0.06,0.4,0.7123169347771314,0.944000080397211,0.3184730741981112,0.3888979462199869,0.051775831310064045,0.0522011385371448,0.00042530722708075674,0.8214396878222343,0.08080271177740062,0.0969249221923903,0.01612221041498968,19.95256107171744,0.06256461403937058,0.07000867068440493,0.00744405664503435,11.89818999019152
0.4,91,191,0.15,0.06,0.4,0.7271199587516186,0.9750972747828363,0.32106968906650646,0.39510152337853066,0.051307190942468814,0.052652447117780325,0.0013452561753115114,2.6219641937130382,0.08773382221247268,0.11275559626895833,0.025021774056485646,28.52010025949653,0.05690323790197812,0.07618302193192855,0.019279784029950432,33.88169942659838
0.4,92,192,0.15,0.06,0.4,0.7082006414328506,0.9608283185518686,0.31489399508878835,0.39214294194959604,0.05510037875592653,0.05275079899136518,-0.002349579764561349,-4.264180787157713,0.08773181064891436,0.10550088198674154,0.01776907133782718,20.253852287325458,0.06792345685409945,0.07463758254575364,0.006714125691654194,9.884840970441523
0.4,93,193,0.15,0.06,0.4,0.7572134532012893,0.9839369996907082,0.3293928580023101,0.39681137907252295,0.055333061902072746,0.05450118176399159,-0.0008318801380811577,-1.5034052146859345,0.06703970157337293,0.1001846471906135,0.03314494561724057,49.4407714225345,0.06242514667705403,0.05756577264692365,-0.004859374030130384,-7.784321365345821
0.4,94,194,0.15,0.06,0.4,0.7588333365136376,0.9690249050632234,0.33236035195683516,0.39389782323832173,0.05261704434084558,0.05321997125624799,0.0006029269154024103,1.1458775819803506,0.061421919983659576,0.0711597125370757,0.009737792553416127,15.853937089571161,0.058874221009179335,0.09159485770404048,0.032720636694861145,55.577188341497596
0.4,95,195,0.15,0.06,0.4,0.7753744637595824,0.9882257701171193,0.3339111651707378,0.3976914764567095,0.05201946119903407,0.0565432263321407,0.004523765133106629,8.696293711690018,0.08289278437560682,0.10004458297786671,0.01715179860225989,20.69154599095264,0.05434132603619144,0.09061785093912876,0.03627652490293732,66.75678999584419
0.4,96,196,0.15,0.06,0.4,0.6961397346958592,0.9494447193037775,0.3116963889167344,0.3898623222592285,0.053662041293337806,0.053905460066743814,0.0002434187734060081,0.453614449877867,0.09258897628023652,0.07162660588552447,-0.02096237039471205,-22.64024426759598,0.05945194168846048,0.07415396025645933,0.014702018567998854,24.72924878558254
0.4,97,197,0.15,0.06,0.4,0.7261696013756471,0.9784585667987806,0.3188057332261745,0.39576624394625837,0.04586828811117179,0.05686266848231851,0.010994380371146723,23.969458691153783,0.09858488835716227,0.12106300294046782,0.02247811458330555,22.8007709476424,0.04975351427418086,0.07280588405479009,0.023052369780609233,46.33314875723674
0.4,98,198,0.15,0.06,0.4,0.7040222261839025,0.9594979969095768,0.3139043198611843,0.3920018963176809,0.05623767596104118,0.051334693951736274,-0.004902982009304904,-8.718322593382878,0.08607938671354835,0.08952937585010372,0.0034499891365553648,4.007915562916479,0.06519901304122847,0.0826212409964065,0.017422227955178032,26.721613016076056
0.4,99,199,0.15,0.06,0.4,0.687377823241012,0.953581982434856,0.3087852254912919,0.3908025307493613,0.05068436073003597,0.05181164784553323,0.0011272871154972622,2.2241320582134176,0.06510030773771813,0.08193555492769866,0.01683524718998053,25.860472515441646,0.06348550812761009,0.058029791279162676,-0.005455716848447409,-8.59364130390365
0.5,0,100,0.12,0.06,0.4,0.34972439531396726,0.09223475209901902,0.1960511971999867,0.1342591346176735,0.05227903361128479,0.05575893145890583,0.0034798978476210385,6.656392835214686,0.07643590785038243,0.0733005221992094,-0.0031353856511730227,-4.101979997817656,0.05092163240002351,0.06886916258946427,0.017947530189440758,35.24539442972074
0.5,1,101,0.12,0.06,0.4,0.25906822851144623,0.01901693657516923,0.16469888311498018,0.08108174196671201,0.048683555599097254,0.049260156259413344,0.00057660066031609,1.1843848568997741,0.07984218432276635,0.0785376547362297,-0.0013045295865366513,-1.6338851417979996,0.05885431523510717,0.058617435380651756,-0.00023687985445541154,-0.4024851083716465
0.5,2,102,0.12,0.06,0.4,0.27243150539499195,0.017620421668860974,0.16791958340908944,0.07966989640588076,0.05234248019736282,0.05617459720695686,0.0038321170095940438,7.32123696688549,0.07903576463981214,0.07610966868442334,-0.0029260959553887994,-3.7022428627392023,0.060202935547240384,0.08008108995793069,0.019878154410690303,33.018579957936105
0.5,3,103,0.12,0.06,0.4,0.3090828229528856,0.03237079924804338,0.17987199841696952,0.09307412638533862,0.05032722908195535,0.05410441200709831,0.0037771829251429592,7.50524714760673,0.0810950685709957,0.07709093326310265,-0.00400413530789305,-4.937581752443528,0.05527311227670311,0.07030260658006061,0.015029494303357503,27.191329896746627
0.5,4,104,0.12,0.06,0.4,0.3117441425064578,0.026733533647851485,0.1801747401800534,0.08815009504200451,0.05119621887821709,0.05425659747161797,0.0030603785934008795,5.977743396794106,0.06326255002179447,0.09432839555200025,0.031065845530205777,49.10621769040821,0.06528116355477227,0.07213519933324213,0.0068540357784698525,10.499254923235508
0.5,5,105,0.12,0.06,0.4,0.2925012858725326,0.01962424569926163,0.17376974587097918,0.08155130261054216,0.05243502133258905,0.054287217378703886,0.0018521960461148346,3.5323644370554885,0.07131443862880558,0.09613530460638683,0.02482086597758125,34.80482557925586,0.05999929294987376,0.06906254124602011,0.009063248296146353,15.10559183375414
0.5,6,106,0.12,0.06,0.4,0.3339515731496349,0.051501702088082274,0.18970424913031764,0.10795770563779164,0.05274316164064624,0.05518967890415569,0.0024465172635094456,4.638548747187825,0.09472747098725408,0.07797364111761607,-0.016753829869638012,-17.68634768249255,0.053718430130723985,0.06516792339194191,0.011449493261217927,21.313901454967215
0.5,7,107,0.12,0.06,0.4,0.2475719201552098,0.021579673790267928,0.1611964222243042,0.08351683052413988,0.05190239552492012,0.05129773501562428,-0.0006046605092958415,-1.1649953786921516,0.06378659349272257,0.0878305945763465,0.024044001083623923,37.69444293394835,0.054375773230939735,0.056653208715582146,0.002277435484642411,4.1883275387549865
0.5,8,108,0.12,0.06,0.4,0.3093830049571972,0.05277630674261571,0.1834983930089816,0.10887706082800498,0.05124726672090241,0.056331732804500274,0.0050844660835978675,9.921438564301123,0.06039476522035152,0.09564394271675956,0.035249177496408046,58.3646237679718,0.05618698468293863,0.08114996089080397,0.024962976207865334,44.428396271361805
0.5,9,109,0.12,0.06,0.4,0.33183212974096726,0.06669544694057858,0.1900144807528532,0.11845323086140999,0.0497259163568056,0.05452708067694783,0.004801164320142229,9.655255592861751,0.09373135449462155,0.09551401859518033,0.0017826641005587729,1.9018866313951164,0.051028094045126815,0.0517160192222875,0.0006879251771606879,1.3481302604645975
0.5,10,110,0.12,0.06,0.4,0.2916932603083492,0.03748332795927565,0.1763642439346584,0.0963230453177612,0.050221344434371235,0.05027162502990583,5.028059553459363e-05,0.10011797991648715,0.06713786743534526,0.06350537414651117,-0.003632493288834096,-5.410498467697443,0.0549733624712438,0.06437549422804784,0.009402131756804037,17.103068348279095
0.5,11,111,0.12,0.06,0.4,0.2777236736087131,0.028711952187673705,0.17035723854189944,0.0889605873107613,0.05492426932575183,0.05499670451508431,7.243518933247595e-05,0.13188193529324554,0.08006748030211115,0.13227894550480393,0.05221146520269278,65.20932718962571,0.05897219896197289,0.06055479369188609,0.001582594729913206,2.683628485574554
0.5,12,112,0.12,0.06,0.4,0.3036225116587116,0.03418159197995231,0.17865337136312603,0.09458330183317001,0.052176347681895975,0.051890528606340816,-0.000285819075555159,-0.5477943325924514,0.05529345601473317,0.09377500380946473,0.038481547794731556,69.59512131865657,0.05586234669898512,0.05793739442583821,0.002075047726853088,3.7145731417881636
0.5,13,113,0.12,0.06,0.4,0.20352478528956247,0.011106530610412708,0.14424975543190643,0.07294786941598363,0.05206255485385231,0.0568171421620033,0.0047545873081509885,9.132450993805152,0.0725712680876223,0.06448597681470383,-0.008085291272918474,-11.14117402930912,0.05731753697710737,0.07738599091919776,0.020068453942090392,35.012763982000365
0.5,14,114,0.12,0.06,0.4,0.33970238036129646,0.07915216581777244,0.1934848619235798,0.12573264890897248,0.05326431118241393,0.05076388995923295,-0.0025004212231809833,-4.694365077993418,0.0707148747809747,0.08943809792991839,0.018723223148943688,26.47706470093479,0.06321700550586887,0.0683293878788317,0.005112382372962826,8.087036600441646
0.5,15,115,0.12,0.06,0.4,0.30070458254111276,0.03726862021298378,0.17952186455741767,0.09710207104542448,0.04712875648091697,0.05669748437911605,0.009568727898199084,20.303374442042795,0.08877222467639247,0.10211092982679264,0.01333870515040017,15.025764194853373,0.05642154265515883,0.058292999002393535,0.0018714563472347068,3.3169180762617674
0.5,16,116,0.12,0.06,0.4,0.3127210055377168,0.04833141359192006,0.18359268359622508,0.10541279648190102,0.0517451306473083,0.05473988084436172,0.0029947501970534196,5.787501470361447,0.0630805911659902,0.11483590303004917,0.051755311864058975,82.04633296455657,0.05153984433904071,0.07127007082266643,0.01973022648362572,38.281501887812944
0.5,17,117,0.12,0.06,0.4,0.2924224207247917,0.0139762357449755,0.17224272849409406,0.07606499372585374,0.049726389075452786,0.05530461184025027,0.005578222764797483,11.217831957058687,0.07940649677572749,0.09788663547998185,0.018480138704254356,23.272829623058318,0.0566956585574074,0.06988734834602459,0.013191689788617185,23.267548387783325
0.5,18,118,0.12,0.06,0.4,0.23644595230152265,0.013180999692201309,0.15564807690291688,0.07521908390523444,0.05308937317680226,0.053607752945820465,0.0005183797690182027,0.9764284978311102,0.07631113866207387,0.08327707780791707,0.006965939145843203,9.12833862523038,0.05909712507191428,0.06510126265029911,0.006004137578384833,10.159779466562037
0.5,19,119,0.12,0.06,0.4,0.32992667811639664,0.06333713612135188,0.18947823031823036,0.11620594428845576,0.05148500620835039,0.053804678739937994,0.002319672531587602,4.505530255158778,0.0747683360866008,0.09265426400877355,0.01788592792217275,23.92179478416677,0.06241277800938054,0.06896906145423638,0.006556283444855843,10.504713383965129
0.5,20,120,0.12,0.06,0.4,0.3893727231443791,0.12115127308322077,0.20799144542558623,0.14996365480809698,0.04979896356208757,0.05396776446216439,0.004168800900076819,8.371260367455854,0.10111176228921491,0.10517861239246035,0.004066850103245437,4.0221335393332645,0.058002275582574196,0.06570015446207027,0.0076978788794960715,13.271684260968495
0.5,21,121,0.12,0.06,0.4,0.25358814069015045,0.012644457314785643,0.16088474657918786,0.07461915768596517,0.05056171466806138,0.0554246483778626,0.004862933709801225,9.617818030354544,0.056244146267292426,0.08815507387480778,0.031910927607515356,56.7364423239054,0.05804824549063236,0.0738690962213841,0.01582085073075174,27.254657909178082
0.5,22,122,0.12,0.06,0.4,0.26319983693221977,0.02038556650836824,0.1655401469643655,0.08198915680224346,0.05097609946294546,0.050579691601619375,-0.0003964078613260813,-0.7776347455030966,0.07288938815293293,0.06772522382852922,-0.005164164324403711,-7.084933013250866,0.05720565898617815,0.06148978881159436,0.004284129825416205,7.48899654569371
0.5,23,123,0.12,0.06,0.4,0.33645882362463087,0.06643164139354177,0.1918524235934326,0.11827894450809888,0.05128720292880176,0.05480186133551057,0.0035146584067088094,6.85289547099683,0.06971469856860425,0.0825006186424679,0.012785920073863644,18.3403505091274,0.060030450812770884,0.06995583871920581,0.009925387906434928,16.533921988011123
0.5,24,124,0.12,0.06,0.4,0.24587059141375334,0.01857169360917838,0.16083132311435053,0.08065118027949436,0.056034995899460364,0.05289889762870518,-0.003136098270755186,-5.596677969571133,0.11060674530993181,0.10724322656656132,-0.003363518743370486,-3.0409707237524715,0.05622159341084604,0.0738176502366567,0.01759605682581067,31.297684320729534
0.5,25,125,0.12,0.06,0.4,0.28314428957235077,0.017179649163046967,0.16963845931949625,0.07856953790225091,0.05388495183881424,0.05070545101577244,-0.003179500823041803,-5.900535705316442,0.07869637386536456,0.06633919508780112,-0.01235717877756344,-15.702348368305211,0.06577278147769818,0.07780339134158361,0.012030609863885433,18.291167856364257
0.5,26,126,0.12,0.06,0.4,0.36026810780816415,0.07972411465415233,0.19859895608226566,0.12652930794112402,0.05290724449819469,0.053659559456026164,0.0007523149578314708,1.421950746002547,0.057410350517166225,0.06671529415334077,0.00930494363617454,16.207780569798604,0.05994369666894594,0.07185317926039277,0.011909482591446828,19.86778135692886
0.5,27,127,0.12,0.06,0.4,0.37061392791896064,0.08280503931526316,0.20025129668155217,0.1286013314330661,0.04818328112980055,0.05088662899680797,0.002703347867007426,5.610551634549128,0.07560824879684892,0.10896733341001874,0.03335908461316982,44.12095921279968,0.054355724444286616,0.06060540030486293,0.006249675860576315,11.497732620567113
0.5,28,128,0.12,0.06,0.4,0.28424828061689694,0.022890268662571822,0.17159398988705818,0.08461729931928742,0.05190722155131241,0.05222874885743268,0.00032152730612027003,0.6194269246378891,0.05778358004097755,0.0757133830559972,0.017929803015019653,31.029235298859355,0.056706823752402366,0.06972399381512798,0.013017170062725611,22.955209269985154
0.5,29,129,0.12,0.06,0.4,0.3584991126142918,0.07952127113324373,0.19783569902256795,0.12634075320004673,0.05361311017271911,0.0549540342418413,0.0013409240691221944,2.5011122555701313,0.061405073158389105,0.0859718532967637,0.024566780138374593,40.00773694220133,0.06477260569312294,0.08248976268895447,0.017717156995831526,27.352855124851953
0.5,30,130,0.12,0.06,0.4,0.3229952171602541,0.07215571074028429,0.18884979087512613,0.12151454968307172,0.05146487985740056,0.0570848904189268,0.005620010561526244,10.920088761691915,0.08324611488782761,0.10774824110673792,0.024502126218910306,29.433357042459466,0.06000466862521311,0.06914542770850657,0.00914075908329346,15.233413153876903
0.5,31,131,0.12,0.06,0.4,0.4256984590016664,0.2049759085834891,0.21963386407817648,0.18883387435112828,0.05207429512638108,0.0535450172125049,0.001470722086123824,2.8242765121534013,0.06902702500351925,0.08438634213986107,0.015359317136341824,22.251164867033964,0.05980343202904094,0.08171458915173702,0.021911157122696076,36.63862821795223
0.5,32,132,0.12,0.06,0.4,0.37344069996183904,0.11547949665391186,0.20441755251012933,0.14717674162948377,0.05097539018435661,0.053854724894695616,0.002879334710339007,5.648479982057344,0.05070028392192773,0.09133008814860802,0.04062980422668029,80.13723214892691,0.05513842979436651,0.06637639620611378,0.01123796641174727,20.381368228399303
0.5,33,133,0.12,0.06,0.4,0.31451517562903897,0.04173141913866908,0.18377146369426922,0.10063197281822436,0.05303621504211288,0.05428134199781694,0.0012451269557040567,2.34769195862747,0.07768208701815443,0.07683587803594029,-0.0008462089822141444,-1.0893231820823557,0.06005212124116561,0.055679940250969236,-0.004372180990196373,-7.280643713879755
0.5,34,134,0.12,0.06,0.4,0.22015250482524631,0.013032929471747997,0.15137872223123564,0.07508894838377607,0.05303044886983147,0.05805402213833649,0.00502357326850502,9.472997825901649,0.06805823978675087,0.08096615729946591,0.012907917512715042,18.965987885022955,0.06235732831910402,0.0635550281099174,0.0011976997908133766,1.920704146727282
0.5,35,135,0.12,0.06,0.4,0.296914730979076,0.030569595962004006,0.17705161443998993,0.09154826491232604,0.052864997681610244,0.05120592383233531,-0.0016590738492749321,-3.1383219938209925,0.06823031092190088,0.07886333456667487,0.01063302364477399,15.584017573868262,0.05598780286747533,0.06858407806273203,0.012596275195256704,22.4982488151436
0.5,36,136,0.12,0.06,0.4,0.43364740282537945,0.24240056849024372,0.22355510617933244,0.20374358618585794,0.05276480030840734,0.05456857886251012,0.0018037785541027765,3.4185262590965766,0.0831172905014264,0.06725998314250302,-0.015857307358923378,-19.078229407214913,0.05669356295408379,0.07311309104062477,0.016419528086540985,28.961891317078077
0.5,37,137,0.12,0.06,0.4,0.2735273605021126,0.017892674686947455,0.16710332577445772,0.0794513535892673,0.05243819337238668,0.052457368751045265,1.9175378658586872e-05,0.03656758066093939,0.06874245679253842,0.10878174334531272,0.040039286552774306,58.245352902662525,0.06949170441389267,0.06812656269780096,-0.001365141716091714,-1.9644671656935169
0.5,38,138,0.12,0.06,0.4,0.3044111362028414,0.03646313787878139,0.18055264046789027,0.09645120405801791,0.049384602552353885,0.04912295318371348,-0.0002616493686404056,-0.5298197314902442,0.04348436095844358,0.08431687403809869,0.04083251307965511,93.90160549600176,0.04659790715542948,0.05525414644292075,0.00865623928749127,18.576455072580796
0.5,39,139,0.12,0.06,0.4,0.36106001061276133,0.07383523845652176,0.19840048972713414,0.12307652617213408,0.05151801007601421,0.05432027399297837,0.0028022639169641567,5.439386949980113,0.05288167260388503,0.08938389569790824,0.036502223094023206,69.02622647253695,0.05471264684663628,0.06682822866006985,0.01211558181343357,22.14402430098926
0.5,40,140,0.12,0.06,0.4,0.26014540929901564,0.02364148228955024,0.16477361660958298,0.0854255689479775,0.04960370817195748,0.05577071159888267,0.006167003426925194,12.432545174942371,0.11040328705143197,0.13378066914770345,0.02337738209627148,21.174534491333578,0.05132790060437761,0.07045521428587033,0.019127313681492716,37.26494451608528
0.5,41,141,0.12,0.06,0.4,0.36437009207175175,0.08886276970280253,0.20120676791978312,0.13228052457379474,0.05041472877140103,0.05158355221984812,0.0011688234484470844,2.318416615404123,0.09067643942549515,0.07665962737204042,-0.01401681205345473,-15.458052987371355,0.05228268940123131,0.06533773914581614,0.01305504974458483,24.970118970730244
0.5,42,142,0.12,0.06,0.4,0.4009014222889921,0.15692848448830113,0.2129130675438276,0.16776058826187484,0.04925916291607802,0.05442545292989996,0.005166290013821941,10.48797768371269,0.06418852995920396,0.0840563028459376,0.019867772886733637,30.95221669566341,0.05741182267118053,0.08722111619428947,0.029809293523108946,51.921872771464116
0.5,43,143,0.12,0.06,0.4,0.33399725888929666,0.046745620135110584,0.1886016820472393,0.10445580399925748,0.05438195050204029,0.05426240771680462,-0.00011954278523566841,-0.21982070178079294,0.07089478322092685,0.07080547714614209,-8.930607478475905e-05,-0.1259698820242637,0.0666098695911417,0.08514652352271139,0.018536653931569697,27.82868972023156
0.5,44,144,0.12,0.06,0.4,0.26983278881164097,0.02089717302541067,0.16766475095576217,0.08287531514977321,0.051448138874435216,0.05414568925873945,0.002697550384304234,5.243241919572445,0.05714420469301624,0.08618513220459763,0.02904092751158139,50.82042469151831,0.05508341678186163,0.06544566356364327,0.010362246781781645,18.811917246923255
0.5,45,145,0.12,0.06,0.4,0.2879204121250454,0.04470461109514475,0.1756413943521418,0.10209201680333221,0.05018925958062667,0.055379942730626915,0.005190683150000243,10.342219019313596,0.09037815497528018,0.08607059662827785,-0.004307558347002333,-4.766149904454806,0.057161283634456043,0.06257033168487428,0.005409048050418232,9.462782685233002
0.5,46,146,0.12,0.06,0.4,0.3460358423648328,0.04332510550028651,0.19118587536412157,0.10140184642444801,0.04849876580947924,0.05318014439896318,0.004681378589483941,9.652572619835514,0.05704786312594063,0.10377674682729617,0.046728883701355535,81.91171612895545,0.060255056262725856,0.058198483608090705,-0.002056572654635151,-3.4131121638456747
0.5,47,147,0.12,0.06,0.4,0.3492494833808099,0.053204315164996,0.19281362356430634,0.10798414165638122,0.052371122607433145,0.056928562297191204,0.00455743968975806,8.702199729266853,0.07369298446990805,0.09287606994085677,0.019183085470948727,26.03108777441629,0.06372581237491,0.07769888847606314,0.013973076101153142,21.926870102411744
0.5,48,148,0.12,0.06,0.4,0.3791395595542156,0.07935943077605925,0.2035282424594571,0.12653780057111658,0.05149649548773909,0.0530915479180783,0.0015950524303392083,3.0973999594185546,0.057068185181582375,0.10437978414680331,0.047311598965220934,82.90363328478477,0.056793872821087915,0.05984598942105778,0.003052116599969866,5.374024429685655
0.5,49,149,0.12,0.06,0.4,0.34241506731238264,0.040776087831481095,0.1901571215798413,0.09983255620647374,0.05145285288468327,0.05275553173051675,0.0013026788458334812,2.5317912861956557,0.06783820072069519,0.10043062851715442,0.03259242779645924,48.04435767783618,0.06138565454794249,0.0642496358577256,0.0028639813097831104,4.665554730782136
0.5,50,150,0.12,0.06,0.4,0.35930966237564216,0.060089089246762366,0.1968486664243057,0.11371283136086288,0.05330968965978111,0.050629872368077145,-0.0026798172917039675,-5.026885935383198,0.07723229268058363,0.0670779692886259,-0.010154323391957723,-13.147768944208156,0.06420441451020065,0.06446328170110897,0.00025886719090832677,0.40319219929526584
0.5,51,151,0.12,0.06,0.4,0.2664892995394398,0.012319063650616382,0.16463784184722846,0.07434178875273585,0.051136663944746294,0.05287407677375565,0.001737412829009355,3.397587357060773,0.07358009524766916,0.09690382982682066,0.023323734579151503,31.698429447045793,0.05586570486612598,0.05530844558566531,-0.000557259280460666,-0.9974979852058731
0.5,52,152,0.12,0.06,0.4,0.2234103226049948,0.010925992629221799,0.15103200200176417,0.07286168572857953,0.05298945873773602,0.05706000027117966,0.00407054153344364,7.681794889791611,0.060034398089940356,0.08944691722907477,0.029412519139134417,48.992777599052694,0.06547936922687565,0.04937002440426064,-0.016109344822615015,-24.602168610999726
0.5,53,153,0.12,0.06,0.4,0.33781494467394696,0.0657643681715205,0.1919022398846365,0.11740241674758314,0.05223875068259663,0.05369401243159025,0.0014552617489936165,2.7857897250181325,0.07395646440433712,0.08922631187538747,0.015269847471050355,20.647076079200545,0.06091235157948586,0.07772558417443576,0.0168132325949499,27.60233706132646
0.5,54,154,0.12,0.06,0.4,0.2649338833359563,0.016928853580983328,0.16540578345266874,0.07839205098247239,0.05299127035118685,0.052399453836177674,-0.0005918165150091761,-1.116818885614659,0.10366448363822234,0.08011235727535969,-0.02355212636286265,-22.719571386721977,0.05872344836931357,0.07088344244672973,0.012159994077416157,20.707220735644782
0.5,55,155,0.12,0.06,0.4,0.21659507892779906,0.006799629209976205,0.14607418226291327,0.0680401991336306,0.05237342969665726,0.04942424012373489,-0.002949189572922367,-5.63107970969982,0.08195994831224367,0.060953087508548436,-0.02100686080369523,-25.630641839432567,0.06112818662643604,0.06981604185727991,0.008687855230843866,14.2125191508407
0.5,56,156,0.12,0.06,0.4,0.24588168061249974,0.015714410580931856,0.15900660282145593,0.07783144489766165,0.05302633882990809,0.05540100852601648,0.002374669696108389,4.478283337127209,0.07640028773301519,0.06907478539610794,-0.00732550233690725,-9.588317733182633,0.04789926236638481,0.06863471882932445,0.020735456462939644,43.28971979637742
0.5,57,157,0.12,0.06,0.4,0.29503557097294686,0.025145665111307766,0.17492752355518282,0.08606267176865068,0.051976271953813755,0.05351025702139587,0.0015339850675821151,2.9513179955369213,0.0656011785782919,0.10510296481346353,0.03950178623517163,60.21505572194579,0.06322844136005668,0.05724479195074968,-0.005983649409306999,-9.46354090121072
0.5,58,158,0.12,0.06,0.4,0.3165022942113319,0.03352198096048656,0.18218642190352635,0.0940363643609221,0.051064512485759224,0.05589800429182044,0.004833491806061213,9.465461571593714,0.06198827186373346,0.10439045417997882,0.04240218231624536,68.40355609437947,0.058769020859470944,0.06535716712221747,0.006588146262746522,11.210236560687578
0.5,59,159,0.12,0.06,0.4,0.31357628421866024,0.049681595743402966,0.1830868590758298,0.10638764534841409,0.050709814192900014,0.05266665065719718,0.0019568364642971667,3.8588910163491534,0.0828310891657764,0.0966476316987224,0.013816542532945994,16.680382537640977,0.055206881020654484,0.06673241513809715,0.011525534117442664,20.87698834703346
0.5,60,160,0.12,0.06,0.4,0.3835446596185398,0.10031597358262934,0.20646332653500446,0.1373381110677968,0.051552853182869646,0.05364016069221818,0.002087307509348532,4.048869035326483,0.07193829151537541,0.08743621428298443,0.015497922767609015,21.543356731368352,0.056990671077715466,0.07049636835228971,0.01350569727457425,23.69808429902005
0.5,61,161,0.12,0.06,0.4,0.3207275290088634,0.04988988130549752,0.18593863351486364,0.10678378826479146,0.04926279413650263,0.0557153984585075,0.006452604322004875,13.098331986864787,0.06883947204111783,0.0715809647431626,0.0027414927020447677,3.9824429513452304,0.05117815088193364,0.06902434252912522,0.017846191647191575,34.87072381407872
0.5,62,162,0.12,0.06,0.4,0.32611368043767125,0.05157228471477405,0.18691371100491583,0.10631432149304851,0.053405337534696014,0.05386338598059169,0.0004580484458956771,0.8576828965795701,0.07156119546522008,0.062362141670482145,-0.009199053794737934,-12.854807322508783,0.064285852028393,0.06767512727996057,0.0033892752515675695,5.272194650341782
0.5,63,163,0.12,0.06,0.4,0.34704194727531773,0.07302455137205353,0.19455848892001418,0.12256035180509713,0.052905567516147646,0.052981106471762296,7.55389556146499e-05,0.14278073019742993,0.06562839831398368,0.07096152846534828,0.005333130151364607,8.126253707807246,0.06290907612051412,0.06716851166220007,0.004259435541685952,6.770780631917412
0.5,64,164,0.12,0.06,0.4,0.34848004055811094,0.09852376765473869,0.1969534759798887,0.13754219628752085,0.052852878475681306,0.04971744671681844,-0.0031354317588628625,-5.932376531404129,0.07285074120239957,0.09016198860985046,0.017311247407450894,23.762623580390827,0.05812496495383652,0.06586908863269855,0.007744123678862035,13.323231566698583
0.5,65,165,0.12,0.06,0.4,0.31257766679625154,0.0436625775379889,0.1829378325225661,0.10212162908483914,0.052980941812786245,0.053068512810372545,8.757099758630038e-05,0.16528773289033205,0.06714454940288464,0.08271389315841741,0.015569343755532775,23.18779989439305,0.05985094119122765,0.0520459531450076,-0.0078049880462200474,-13.040710623551604
0.5,66,166,0.12,0.06,0.4,0.2866363363737484,0.028220902044224287,0.17382880244756002,0.08951954579708656,0.05250926363626432,0.05085174745328344,-0.0016575161829808782,-3.1566166961750204,0.08167587561476383,0.08876341585593116,0.0070875402411673255,8.677642189716755,0.05737977082885749,0.06511233772510219,0.0077325668962447,13.47612021544678
0.5,67,167,0.12,0.06,0.4,0.25345982210902596,0.01947069115973576,0.16214070800853977,0.08151819488545287,0.05415770307103585,0.054667232352167125,0.0005095292811312727,0.9408251314922819,0.0872290040446378,0.09110226930728443,0.0038732652626466274,4.440341036869522,0.06087959521874462,0.07111034427717891,0.01023074905843429,16.80489008127353
0.5,68,168,0.12,0.06,0.4,0.38116889562329964,0.10983755275910671,0.20643154921037324,0.14414781736649462,0.05332822873247957,0.04947753105670207,-0.0038506976757774966,-7.220749249134968,0.09721628300985415,0.0869365699117732,-0.010279713098080942,-10.574065146102077,0.06215938584148244,0.05642331004112709,-0.005736075800355345,-9.228012347135097
0.5,69,169,0.12,0.06,0.4,0.3186078489745854,0.027883138178510423,0.18281382141296434,0.08914321317338186,0.050020820282859396,0.05400865405444355,0.003987833771584154,7.972347812438139,0.08177811394553393,0.10291325702118732,0.021135143075653395,25.844498064274116,0.0584163530258286,0.07258658991785491,0.01417023689202631,24.257311793772857
0.5,70,170,0.12,0.06,0.4,0.3433760355175246,0.04782480372144259,0.1912963430511129,0.10318152052133127,0.04796571904136649,0.053672325404616056,0.005706606363249565,11.8972601209795,0.0836003961608328,0.06641868117212235,-0.017181714988710448,-20.552193264318724,0.06054035081493026,0.08025448116058165,0.019714130345651386,32.56362092435968
0.5,71,171,0.12,0.06,0.4,0.3933391703925241,0.1441942964217113,0.21019747179694898,0.16171576286916392,0.050846404524259765,0.05452853290335687,0.0036821283790971077,7.241669127932725,0.06556537610885961,0.12092493303723238,0.05535955692837277,84.43413309558096,0.05611776331205313,0.0707212998359531,0.014603536523899972,26.023019561015513
0.5,72,172,0.12,0.06,0.4,0.3170202687893979,0.043178970351583065,0.18378323954950948,0.1006498245742622,0.0569761343728848,0.056714358406692505,-0.00026177596619229165,-0.45944844990549594,0.06119931766264757,0.06513375696554108,0.003934439302893507,6.428894068037714,0.06729019533991933,0.07103229772325365,0.0037421023833343198,5.561140615554655
0.5,73,173,0.12,0.06,0.4,0.342918412963692,0.041328141214744006,0.19057155826149155,0.09983358726212853,0.047602490657439746,0.049472988736425846,0.0018704980789861006,3.929412207539108,0.0972217749475222,0.09707227091284977,-0.00014950403467242634,-0.1537762859741295,0.05233421338133754,0.056717544724197023,0.004383331342859481,8.375651528226816
0.5,74,174,0.12,0.06,0.4,0.2986526623673535,0.029985952583721675,0.17722817706885702,0.09089218903149306,0.05357217090275977,0.05218231507808166,-0.0013898558246781129,-2.594361589715817,0.07628307466619423,0.07461671834129875,-0.0016663563248954794,-2.1844378090254737,0.05906326855332226,0.062422917944465736,0.003359649391143478,5.68822124720441
0.5,75,175,0.12,0.06,0.4,0.29393805534135764,0.047783457632493934,0.17818889702902596,0.10457842321739819,0.05189975968834314,0.057575316527168144,0.005675556838825001,10.935612944850975,0.0630541057780104,0.10181488590485308,0.03876078012684267,61.47225410396696,0.057998278657269565,0.07378643869935071,0.015788160042081147,27.22177348637957
0.5,76,176,0.12,0.06,0.4,0.34447224313204866,0.04531504159244843,0.191522807820331,0.10337926535364303,0.04951378815394634,0.05197476967894538,0.002460981524999045,4.9702953798393645,0.07567662538203264,0.06870688143640646,-0.006969743945626175,-9.209903203851042,0.0569564930346843,0.062106262135607056,0.005149769100922755,9.041583894195774
0.5,77,177,0.12,0.06,0.4,0.48719551556360324,0.38651839181963604,0.24082683116787526,0.25308393169182253,0.052828380242249694,0.05451856075365468,0.0016901805114049873,3.1993797721120725,0.08104512571449424,0.1287819983944084,0.047736872679914166,58.901596189858,0.06425666220117864,0.08454489589506652,0.02028823369388788,31.573743482610805
0.5,78,178,0.12,0.06,0.4,0.35221626567236225,0.06229724001224453,0.19491040424443803,0.11541085180887717,0.04782532862996041,0.05655255482581249,0.008727226195852082,18.248125932133938,0.06257613601154008,0.08336104836492345,0.020784912353383367,33.21539755914345,0.06136258415487581,0.07282547217730585,0.011462888022430041,18.680582280398
0.5,79,179,0.12,0.06,0.4,0.2061334861259804,0.005958539610307749,0.14423575880813205,0.06731950382357353,0.052623074248934525,0.05753885445383904,0.0049157802049045185,9.341491874173524,0.09697530058671164,0.1137368330635745,0.016761532476862864,17.284331551904124,0.061333986093934714,0.06517577728611866,0.0038417911921839465,6.26372332347703
0.5,80,180,0.12,0.06,0.4,0.29352179413627405,0.021882830517791833,0.1751771189799793,0.08380020699844747,0.051039624235142474,0.05415798924579921,0.0031183650106567373,6.1096942961222656,0.09413848981145698,0.07356800085250809,-0.02057048895894889,-21.851305454493694,0.0564767373726758,0.0599941479795482,0.003517410606872398,6.228069769083666
0.5,81,181,0.12,0.06,0.4,0.4197446843595028,0.21814028570489727,0.2192614264146506,0.1942090128810863,0.05406056437771892,0.0521304804115173,-0.0019300839662016178,-3.570225336006856,0.09208776980177776,0.10296453336960949,0.010876763567831738,11.81130088310789,0.05444677008908831,0.08477966821055732,0.030332898121469012,55.71110659426983
0.5,82,182,0.12,0.06,0.4,0.3123210800186144,0.024424360894615794,0.17986889474242546,0.08613924798788244,0.0535121663995529,0.05279741058679388,-0.0007147558127590173,-1.3356884253615064,0.09204900287443503,0.0763111146898225,-0.015737888184612525,-17.097293499290522,0.0635842717338292,0.06776461209661853,0.004180340362789331,6.57448807511502
0.5,83,183,0.12,0.06,0.4,0.3276135704172705,0.03933918037305118,0.18753263151002347,0.09875549508936303,0.054063468133641254,0.05081206044134861,-0.0032514076922926446,-6.014056819764844,0.09418819495197885,0.07946561179946511,-0.014722583152513735,-15.631028028533656,0.060315244334741745,0.06667183218486815,0.006356587850126404,10.538940727568258
0.5,84,184,0.12,0.06,0.4,0.3660078943607316,0.07047604743113904,0.19939656306924844,0.12069399297197979,0.052300847720054666,0.052483212339626384,0.00018236461957171768,0.34868386942376517,0.09865682339282553,0.1033425993463508,0.004685775953525276,4.749571081229473,0.06190893016764385,0.06229294263991394,0.00038401247227008717,0.6202860738026255
0.5,85,185,0.12,0.06,0.4,0.20156523661158723,0.008023736642344922,0.14253496242314015,0.06961392784770938,0.05263077875804074,0.05569069778962631,0.0030599190315855757,5.813934552731832,0.07747025082922147,0.08410746315255435,0.006637212323332878,8.567433630703242,0.061991349543273504,0.06057610232304637,-0.0014152472202271366,-2.2829753355171163
0.5,86,186,0.12,0.06,0.4,0.3032708255742151,0.02556959239351857,0.17819411535167012,0.08701336536580133,0.055612327189756616,0.054085557077665256,-0.0015267701120913607,-2.7453807262584413,0.0665151829991613,0.07233552185719694,0.005820338858035637,8.75039140779185,0.0677173553103359,0.0663477420992405,-0.0013696132110953968,-2.0225438586883926
0.5,87,187,0.12,0.06,0.4,0.3345293513487701,0.03865975828775204,0.18825725108419086,0.09821601802254264,0.05192827213403625,0.05000162833733143,-0.0019266437967048189,-3.7102020104420252,0.0947092376533061,0.06700629477630587,-0.02770294287700023,-29.25051828461548,0.05723240705661025,0.06995696924646605,0.0127245621898558,22.23314175353408
0.5,88,188,0.12,0.06,0.4,0.2686233865458336,0.01479163992603064,0.16553649396860987,0.07689871575280821,0.05070711288250752,0.055071764883987274,0.004364652001479757,8.607573481047934,0.07398820769447527,0.11016450657338213,0.03617629887890686,48.894682012425825,0.0621976223323443,0.06551618049880784,0.0033185581664635366,5.335506474397502
0.5,89,189,0.12,0.06,0.4,0.28339917283842003,0.02163476651811191,0.1717276943498342,0.08356840002915399,0.04897642427440298,0.05430386407154746,0.005327439797144486,10.877559715866838,0.067506097948699,0.07866789877127488,0.011161800822575882,16.53450749154284,0.05541582864889222,0.058965385622889555,0.0035495569739973365,6.405312454112861
0.5,90,190,0.12,0.06,0.4,0.34135165281386687,0.058964151360978365,0.191759132593588,0.11323424072627952,0.051775831310064045,0.0521322979895865,0.0003564666795224519,0.6884808423214306,0.08080271177740062,0.08948417594294215,0.008681464165541539,10.744025756781127,0.06256461403937058,0.06516930946419387,0.0026046954248232917,4.1632086520732186
0.5,91,191,0.12,0.06,0.4,0.3283927657147367,0.06195502790413068,0.18918773572815453,0.11528124897053312,0.051307190942468814,0.05264876429389487,0.0013415733514260536,2.614786205953803,0.08773382221247268,0.09106200094535677,0.003328178732884088,3.7934956541890377,0.05690323790197812,0.06542905561617093,0.008525817714192814,14.983009804959503
0.5,92,192,0.12,0.06,0.4,0.39864363991437535,0.14802116389647085,0.21142039587084424,0.160888125409162,0.05510037875592653,0.05270652918719843,-0.002393849568728096,-4.34452470704771,0.08773181064891436,0.10437552702491651,0.01664371637600215,18.971130600059155,0.06792345685409945,0.07285770911107357,0.004934252256974123,7.2644304125642
0.5,93,193,0.12,0.06,0.4,0.3977530763277831,0.1606492441991077,0.2112449492685435,0.16779917053496926,0.055333061902072746,0.05445380426275775,-0.0008792576393149981,-1.589027624878394,0.06703970157337293,0.09560494148468678,0.02856523991131385,42.609437752419076,0.06242514667705403,0.061963304698622906,-0.00046184197843112534,-0.739833229099784
0.5,94,194,0.12,0.06,0.4,0.40150008288972266,0.1638592938365072,0.21358173608849412,0.17096079537727277,0.05261704434084558,0.05329056019245151,0.0006735158516059242,1.2800336089632596,0.061421919983659576,0.07043635695949882,0.009014436975839243,14.676253979422015,0.058874221009179335,0.07469717237471815,0.015822951365538816,26.875856859442422
0.5,95,195,0.12,0.06,0.4,0.41405274105721507,0.177794531448546,0.21674250336514572,0.17682182925672954,0.05201946119903407,0.056465127698920856,0.004445666499886786,8.546160220454832,0.08289278437560682,0.08224908074169965,-0.0006437036339071722,-0.7765496584001796,0.05434132603619144,0.07204914425946587,0.017707818223274434,32.586282880695606
0.5,96,196,0.12,0.06,0.4,0.3569247933517658,0.08101763309170033,0.19751746665288003,0.1270529248233549,0.053662041293337806,0.05389169934643716,0.00022965805309935194,0.42797114601725783,0.09258897628023652,0.08248428266907304,-0.010104693611163479,-10.913495339423433,0.05945194168846048,0.07238652628080847,0.012934584592347989,21.756370313568027
0.5,97,197,0.12,0.06,0.4,0.44584969058508395,0.26501054070137353,0.22672030384967778,0.21224431338835636,0.04586828811117179,0.0568409081444364,0.010972620033264616,23.92201777112344,0.09858488835716227,0.10728963011178107,0.0087047417546188,8.829691750608342,0.04975351427418086,0.061230379355593244,0.011476865081412387,23.06744608665403
0.5,98,198,0.12,0.06,0.4,0.29952406998424913,0.03237284480566689,0.1780163522767553,0.09307584502762413,0.05623767596104118,0.051317257918225404,-0.0049204180428157746,-8.749326779122965,0.08607938671354835,0.08334632696204346,-0.002733059751504896,-3.175045566483723,0.06519901304122847,0.06034396288336928,-0.004855050157859184,-7.446508668450399
0.5,99,199,0.12,0.06,0.4,0.32978169629944676,0.04394045632529857,0.18737531506759983,0.09953618596727874,0.05068436073003597,0.0517516924385713,0.0010673317085353323,2.1058403285785605,0.06510030773771813,0.07369141879515964,0.008591111057441508,13.196728795897762,0.06348550812761009,0.0602570847748217,-0.003228423352788383,-5.085291821716285
0.6,0,100,0.1,0.06,0.4,0.04600053750863029,0.0004674814045011952,0.08389757120564602,0.06060622155904447,0.05227903361128479,0.05564773663964729,0.0033687030283625005,6.44369797156186,0.07643590785038243,0.06727820410502995,-0.009157703745352477,-11.980892231015293,0.05092163240002351,0.06728706023244575,0.016365427832422244,32.138458767112674
0.6,1,101,0.1,0.06,0.4,0.07503491416084361,0.0005510266517261595,0.09300835079871339,0.060713924007018125,0.048683555599097254,0.04919533702843106,0.0005117814293338074,1.051240861592487,0.07984218432276635,0.0771771954548956,-0.0026649888678707545,-3.337820590049732,0.05885431523510717,0.05873378987508141,-0.00012052536002575553,-0.2047859354820273
0.6,2,102,0.1,0.06,0.4,0.04117183038627629,0.0003941120378284541,0.0809939450517149,0.06051147926399065,0.05234248019736282,0.056156992497434735,0.0038145123000719178,7.2876032730755185,0.07903576463981214,0.0669865390685269,-0.012049225571285238,-15.2452824695211,0.060202935547240384,0.07229951058058845,0.012096575033348066,20.092998660930835
0.6,3,103,0.1,0.06,0.4,0.0742108702089029,0.00039778650593492483,0.09182150904090768,0.06051622765447481,0.05032722908195535,0.054048590628220976,0.0037213615462656224,7.394330294253977,0.0810950685709957,0.0729878332875372,-0.008107235283458497,-9.997198875737944,0.05527311227670311,0.06578265897469447,0.01050954669799136,19.0138500712235
0.6,4,104,0.1,0.06,0.4,0.056145009167266904,0.0004128059193849408,0.08756858768469557,0.06052892227361495,0.05119621887821709,0.05424277144613937,0.0030465525679222796,5.950737446390837,0.06326255002179447,0.083164147635072,0.019901597613277533,31.45873444308089,0.06528116355477227,0.06163787261915927,-0.003643290935613004,-5.580922179115582
0.6,5,105,0.1,0.06,0.4,0.08528608369488241,0.0005825348326783645,0.09704165768199934,0.06075350362736657,0.05243502133258905,0.05423789532632114,0.0018028739937320862,3.438301249648918,0.07131443862880558,0.09390019736779852,0.022585758738992934,31.670667501924374,0.05999929294987376,0.06630636144995575,0.006307068500081989,10.511904707529157
0.6,6,106,0.1,0.06,0.4,0.0792445345453333,0.0005566451470801109,0.09529335289410605,0.060721160240918726,0.05274316164064624,0.055101991553234794,0.002358829912588553,4.472295249685474,0.09472747098725408,0.07758520434805483,-0.017142266639199252,-18.09640483435455,0.053718430130723985,0.05633480168115657,0.0026163715504325877,4.8705286883210075
0.6,7,107,0.1,0.06,0.4,0.04417619666198431,0.0003763765945535635,0.08108609788208426,0.060488555110766014,0.05190239552492012,0.05127487221907399,-0.000627523305846131,-1.2090449766327944,0.06378659349272257,0.0854429385300594,0.02165634503733682,33.95124876798382,0.054375773230939735,0.05422641790299519,-0.00014935532794454337,-0.2746725592484272
0.6,8,108,0.1,0.06,0.4,0.08476175394402226,0.0007611514333695263,0.09815687246086012,0.06098396579576466,0.05124726672090241,0.05631921953982381,0.0050719528189214005,9.89702113586613,0.06039476522035152,0.0939034660901419,0.03350870086979038,55.48279018476719,0.05618698468293863,0.07277929483955496,0.01659231015661633,29.530522504893632
0.6,9,109,0.1,0.06,0.4,0.08937792482742046,0.0005776973721645379,0.09743760440226622,0.060748266386840485,0.0497259163568056,0.054434661695439285,0.004708745338633684,9.46939882383733,0.09373135449462155,0.1004950277645068,0.006763673269885251,7.21601998216441,0.051028094045126815,0.052545706150953754,0.001517612105826939,2.974071703491091
0.6,10,110,0.1,0.06,0.4,0.08152354572412976,0.0005028545790194072,0.09465945203046248,0.060644115238993594,0.050221344434371235,0.05015357119800539,-6.77732363658437e-05,-0.13494906822816963,0.06713786743534526,0.05780039397334306,-0.009337473462002206,-13.90790893230907,0.0549733624712438,0.05786182255745592,0.002888460086212123,5.2542903623969845
0.6,11,111,0.1,0.06,0.4,0.02507135376594507,0.0003998870401215195,0.07460531745225228,0.060518941936182305,0.05492426932575183,0.054972011445328574,4.7742119576740794e-05,0.0869235406548347,0.08006748030211115,0.11074634141240591,0.03067886111029476,38.316256480829765,0.05897219896197289,0.0594909301302674,0.0005187311682945117,0.8796198504129137
0.6,12,112,0.1,0.06,0.4,0.1229513191900093,0.0005902426088573164,0.10893361224562244,0.06076441346730242,0.052176347681895975,0.051857851677914214,-0.0003184960039817608,-0.6104221896165258,0.05529345601473317,0.09448221716309382,0.03918876114836065,70.8741394965774,0.05586234669898512,0.05796912388096833,0.0021067771819832104,3.7713725012943025
0.6,13,113,0.1,0.06,0.4,0.056071378400188575,0.0003503583059220328,0.08442474003514566,0.0604549091393429,0.05206255485385231,0.05685977824846748,0.00479722339461517,9.214344951149098,0.0725712680876223,0.06509637298548873,-0.007474895102133575,-10.30007508358323,0.05731753697710737,0.0671741999535519,0.009856662976444525,17.196591996584356
0.6,14,114,0.1,0.06,0.4,0.07186626589758092,0.0005303109678084181,0.09195711400716852,0.06068252679621886,0.05326431118241393,0.05072805467165472,-0.0025362565107592133,-4.761643311359669,0.0707148747809747,0.0776414874214148,0.006926612640440102,9.795128198832156,0.06321700550586887,0.06386819423231775,0.0006511887264488841,1.030084739443139
0.6,15,115,0.1,0.06,0.4,0.04348883580069007,0.0004534064931875208,0.08163067076922902,0.06058805802742426,0.04712875648091697,0.05658022521254785,0.009451468731630885,20.054568457493474,0.08877222467639247,0.10076174750593918,0.011989522829546712,13.505939355753387,0.05642154265515883,0.05525587820583762,-0.001165664449321209,-2.0659918082098523
0.6,16,116,0.1,0.06,0.4,0.03862319181658841,0.00035286516940729126,0.07997338463775423,0.06045714845756188,0.0517451306473083,0.05466677131448784,0.002921640667179544,5.6462137222017486,0.0630805911659902,0.084545715446911,0.021465124280920803,34.028096256164595,0.05153984433904071,0.06581893267915304,0.01427908834011233,27.704950457710485
0.6,17,117,0.1,0.06,0.4,0.05531331308351832,0.0003616867795837833,0.08559617354331132,0.06046956103964129,0.049726389075452786,0.055314554191060905,0.005588165115608119,11.2378260708391,0.07940649677572749,0.07290681057726019,-0.006499686198467303,-8.185333017303048,0.0566956585574074,0.06255236048480718,0.005856701927399781,10.330071254873168
0.6,18,118,0.1,0.06,0.4,0.06540309705492323,0.0004460112043246513,0.08918446213581584,0.060571311593482814,0.05308937317680226,0.05357896217818274,0.0004895890013804777,0.9221977433223993,0.07631113866207387,0.07844344714226358,0.002132308480189707,2.794229672855675,0.05909712507191428,0.06392188522749602,0.004824760155581739,8.164119912280963
0.6,19,119,0.1,0.06,0.4,0.06085132865171441,0.0007206564533816593,0.089160726524524,0.06093197729093541,0.05148500620835039,0.05378135827297087,0.002296352064620477,4.46023460758179,0.0747683360866008,0.09117570060437007,0.016407364517769266,21.94426862564569,0.06241277800938054,0.06339843081578286,0.0009856528064023234,1.5792484132883517
0.6,20,120,0.1,0.06,0.4,0.1176887178127857,0.0006778953780238046,0.1080522921931165,0.060875459821328436,0.04979896356208757,0.053913644807838765,0.004114681245751192,8.262584101014781,0.10111176228921491,0.0940435537149589,-0.00706820857425601,-6.990490932240373,0.058002275582574196,0.060087228480549135,0.0020849528979749385,3.5946053444174306
0.6,21,121,0.1,0.06,0.4,0.06678088183653089,0.0004215531567884748,0.08975090085188735,0.06054084214125,0.05056171466806138,0.055413690655659084,0.004851975987597706,9.596146055273286,0.056244146267292426,0.08351225159128929,0.027268105323996865,48.48167699872092,0.05804824549063236,0.06687347548133138,0.00882522999069902,15.203267413350515
0.6,22,122,0.1,0.06,0.4,0.0799230982786124,0.000535631458722274,0.09401018878833084,0.0606831492744737,0.05097609946294546,0.050552482316116594,-0.0004236171468288627,-0.8310112999853787,0.07288938815293293,0.06576802130718976,-0.007121366845743174,-9.770101006749394,0.05720565898617815,0.058232520405839636,0.001026861419661483,1.795034683386114
0.6,23,123,0.1,0.06,0.4,0.06114429139052694,0.000586086277921703,0.0883980704027961,0.060759064293872685,0.05128720292880176,0.05478482998637484,0.0034976270575730814,6.819687676141315,0.06971469856860425,0.06662508717811214,-0.003089611390492117,-4.43179337202716,0.060030450812770884,0.0617977001777273,0.0017672493649564178,2.9439215282062365
0.6,24,124,0.1,0.06,0.4,0.0556252361921159,0.0003353501304664781,0.08527302994042435,0.06043549255532677,0.056034995899460364,0.05296169626012559,-0.003073299639334774,-5.484607592100085,0.11060674530993181,0.0985679086502435,-0.012038836659688315,-10.884360285581336,0.05622159341084604,0.06574058538465358,0.009518991973807539,16.931202757357593
0.6,25,125,0.1,0.06,0.4,0.04220445474361197,0.0003353501304664781,0.0801205012133079,0.06043549255532677,0.05388495183881424,0.050649129657869024,-0.0032358221809452165,-6.005057201543973,0.07869637386536456,0.06370163549934497,-0.014994738366019583,-19.053912689386305,0.06577278147769818,0.06440901572148694,-0.0013637657562112354,-2.073450028373291
0.6,26,126,0.1,0.06,0.4,0.07536827607258849,0.00044656190042297164,0.09268398814835897,0.06057653187572866,0.05290724449819469,0.05363160203729325,0.0007243575390985593,1.3691084197803496,0.057410350517166225,0.06446159461498271,0.007051244097816489,12.282182627866211,0.05994369666894594,0.06435780572869146,0.00441410905974552,7.363758501788006
0.6,27,127,0.1,0.06,0.4,0.0712027097183107,0.0003816830143951424,0.09010413292343601,0.06049099492950669,0.04818328112980055,0.050715903240210865,0.002532622110410318,5.256225917009902,0.07560824879684892,0.08296416498167627,0.007355916184827352,9.728986323426021,0.054355724444286616,0.05510720980122415,0.0007514853569375313,1.382532133681314
0.6,28,128,0.1,0.06,0.4,0.03206716213291354,0.0004241050783996393,0.0775156507946183,0.06055020868523073,0.05190722155131241,0.05218053653332168,0.00027331498200926924,0.5265451970668209,0.05778358004097755,0.07245130217626752,0.014667722135289975,25.383893010589304,0.056706823752402366,0.06275660102150679,0.0060497772691044255,10.668517241451262
0.6,29,129,0.1,0.06,0.4,0.1651530803723737,0.0008534179031486023,0.12420474966731987,0.06109842826699806,0.05361311017271911,0.054925479026767185,0.0013123688540480766,2.4478506279903756,0.061405073158389105,0.0861040329943634,0.02469895983597429,40.222995536973706,0.06477260569312294,0.07260079339750272,0.007828187704379777,12.085645807531428
0.6,30,130,0.1,0.06,0.4,0.048431920723657686,0.0006235421295815606,0.08417584679036148,0.060801551151939665,0.05146487985740056,0.057021480977718246,0.005556601120317688,10.796879611327139,0.08324611488782761,0.09899765765114099,0.015751542763313378,18.92165512413192,0.06000466862521311,0.06841803655488299,0.00841336792966988,14.021188888183783
0.6,31,131,0.1,0.06,0.4,0.19197574249651714,0.001037805615302926,0.13304676596537884,0.061337694758063555,0.05207429512638108,0.053548947687665015,0.001474652561283936,2.8318243342613583,0.06902702500351925,0.07550047395183285,0.006473448948313601,9.378136965896417,0.05980343202904094,0.0812227967795074,0.021419364750466463,35.81628014269328
0.6,32,132,0.1,0.06,0.4,0.0677168422702481,0.0006588322624557744,0.09215378909536395,0.060852620040948796,0.05097539018435661,0.053771988613690286,0.002796598429333677,5.486173659916194,0.05070028392192773,0.08473583267499787,0.03403554875307015,67.13088393248597,0.05513842979436651,0.060230017941859865,0.005091588147493352,9.234191409660998
0.6,33,133,0.1,0.06,0.4,0.08361324185272694,0.0006100450634230246,0.09666919200132845,0.060766494091411126,0.05303621504211288,0.054268452163079385,0.0012322371209665048,2.323388122602752,0.07768208701815443,0.0709124808676619,-0.0067696061504925326,-8.714500871881139,0.06005212124116561,0.054390541694308014,-0.005661579546857594,-9.42777612154788
0.6,34,134,0.1,0.06,0.4,0.045165815693493656,0.0003407431772292415,0.0812698261239862,0.06044247044023477,0.05303044886983147,0.05809894675641289,0.005068497886581418,9.557712587013079,0.06805823978675087,0.07776527647972913,0.00970703669297826,14.262838303478961,0.06235732831910402,0.06062417905484013,-0.0017331492642638849,-2.7793834517649003
0.6,35,135,0.1,0.06,0.4,0.06385486854509026,0.00046161268622614684,0.0897920600763576,0.06059864869884286,0.052864997681610244,0.05117756029344764,-0.0016874373881626062,-3.1919747700085543,0.06823031092190088,0.06411877094097868,-0.004111539980922202,-6.025972805002214,0.05598780286747533,0.06416359061015436,0.008175787742679033,14.602801545956977
0.6,36,136,0.1,0.06,0.4,0.16724907613779003,0.0010937118539694987,0.12637861631895794,0.061408928780437376,0.05276480030840734,0.0544212543204033,0.0016564540119959614,3.1393163668090835,0.0831172905014264,0.06804356137315427,-0.015073729128272123,-18.135491469146768,0.05669356295408379,0.07479579287718319,0.0181022299230994,31.92995638280915
0.6,37,137,0.1,0.06,0.4,0.08436090611951867,0.000448736808434038,0.09400572001718326,0.060582030643079994,0.05243819337238668,0.052456495060839325,1.8301688452647402e-05,0.034901447352846546,0.06874245679253842,0.09681368930825274,0.02807123251571432,40.835364090102296,0.06949170441389267,0.054729913000111416,-0.014761791413781256,-21.242523173499976
0.6,38,138,0.1,0.06,0.4,0.02905190302120967,0.00044709729668039204,0.07624161553098094,0.060579914304997276,0.049384602552353885,0.048995154899362584,-0.000389447652991301,-0.7886013714060726,0.04348436095844358,0.08527512200807746,0.04179076104963388,96.1052666487885,0.04659790715542948,0.05503167438873357,0.008433767233304086,18.099025789233117
0.6,39,139,0.1,0.06,0.4,0.0889617326906017,0.0006486615150760886,0.09974235267761147,0.060839548494033883,0.05151801007601421,0.05422225321360454,0.00270424313759033,5.2491218771847965,0.05288167260388503,0.08334921516883446,0.030467542564949435,57.61455919363468,0.05471264684663628,0.06009744414921775,0.0053847973025814705,9.841960886439049
0.6,40,140,0.1,0.06,0.4,0.04168764179389432,0.0003772838767792546,0.07956282277530456,0.06048908748603791,0.04960370817195748,0.05578016655121836,0.006176458379260882,12.451606153816998,0.11040328705143197,0.10335620386009553,-0.007047083191336442,-6.383037479720618,0.05132790060437761,0.05814390111485863,0.006816000510481014,13.279328455330777
0.6,41,141,0.1,0.06,0.4,0.07063492580251575,0.0005455679562913719,0.0913622707747249,0.060703316088698465,0.05041472877140103,0.051503934375438674,0.0010892056040376422,2.160490853727493,0.09067643942549515,0.06860304786324001,-0.022073391562255143,-24.34302857733169,0.05228268940123131,0.05775965074396734,0.0054769613427360295,10.475668726037345
0.6,42,142,0.1,0.06,0.4,0.1145444860325491,0.0009815208507852422,0.10832784035460626,0.061265894762606805,0.04925916291607802,0.05441637134953442,0.005157208433456399,10.469541356686564,0.06418852995920396,0.0732838064020051,0.009095276442801142,14.169628823999847,0.05741182267118053,0.07471010866813156,0.017298285996951032,30.1301808445012
0.6,43,143,0.1,0.06,0.4,0.1221856624824271,0.0006052582275829095,0.1087592502900378,0.060783734557807216,0.05438195050204029,0.0542498388222331,-0.00013211167980718697,-0.24293295585679744,0.07089478322092685,0.06702044771750228,-0.0038743355034245724,-5.4649091617236785,0.0666098695911417,0.07936131458341697,0.012751444992275277,19.143476890954705
0.6,44,144,0.1,0.06,0.4,0.05650780697435069,0.00044960248899462356,0.08781171124906584,0.06058314806345705,0.051448138874435216,0.054174171150339456,0.00272603227590424,5.298602312043626,0.05714420469301624,0.07424265931244478,0.017098454619428542,29.92158996924179,0.05508341678186163,0.06103996569805226,0.005956548916190636,10.813688155510468
0.6,45,145,0.1,0.06,0.4,0.0637772154739072,0.0006407871832757181,0.08988215560873855,0.06082445672964938,0.05018925958062667,0.05536247011805933,0.005173210537432658,10.307405569755698,0.09037815497528018,0.08128811782405129,-0.009090037151228886,-10.057781278800338,0.057161283634456043,0.05761312553788348,0.00045184190342743846,0.7904684336988442
0.6,46,146,0.1,0.06,0.4,0.07621301461459903,0.000408867891489361,0.09289898428277092,0.06052874272979001,0.04849876580947924,0.053034723319099496,0.004535957509620256,9.352727711544546,0.05704786312594063,0.0961958864496956,0.039148023323754964,68.62311956774012,0.060255056262725856,0.06112659595001299,0.0008715396872871345,1.446417514717805
0.6,47,147,0.1,0.06,0.4,0.0824806040062609,0.0004886265195617784,0.0948195046669783,0.06062376007584795,0.052371122607433145,0.05690258564026356,0.004531463032830418,8.652598621567945,0.07369298446990805,0.08242962727236873,0.008736642802460684,11.855460686394405,0.06372581237491,0.07309662921655058,0.00937081684164058,14.704899776734806
0.6,48,148,0.1,0.06,0.4,0.07759427898926383,0.0005516756301085027,0.09447726576082884,0.06071475989040037,0.05149649548773909,0.05301745418121414,0.001520958693475051,2.9535188347664927,0.057068185181582375,0.08947571166314698,0.03240752648156461,56.787378779347435,0.056793872821087915,0.05409494988258024,-0.002698922938507674,-4.752137518442918
0.6,49,149,0.1,0.06,0.4,0.06423835327518863,0.00044023032306949667,0.09011519926755007,0.060571049376150564,0.05145285288468327,0.05271792663391851,0.0012650737492352418,2.458704772057129,0.06783820072069519,0.09434216918005074,0.026503968459355556,39.069385947422504,0.06138565454794249,0.058862832635196045,-0.0025228219127464424,-4.109790685340182
0.6,50,150,0.1,0.06,0.4,0.11224971648438965,0.0006345790722907284,0.10771202356307982,0.060820756940138776,0.05330968965978111,0.05056288961985297,-0.0027468000399281448,-5.152534290591522,0.07723229268058363,0.05979479047844774,-0.017437502202135885,-22.577993734115463,0.06420441451020065,0.06001276316491676,-0.004191651345283889,-6.528603020930795
0.6,51,151,0.1,0.06,0.4,0.07703315958849773,0.00034184498579956356,0.09396880325689846,0.06044389593481753,0.051136663944746294,0.052856191891829635,0.0017195279470833408,3.362612682245578,0.07358009524766916,0.09527835376252115,0.021698258514851992,29.48930473902769,0.05586570486612598,0.05750231393682931,0.0016366090707033293,2.9295416116653756
0.6,52,152,0.1,0.06,0.4,0.06491053940146956,0.0004115046377449841,0.08895987374720223,0.06053395183980074,0.05298945873773602,0.057015769783840035,0.004026311046104014,7.598324538530734,0.060034398089940356,0.08724855572895682,0.02721415763901646,45.33094110187571,0.06547936922687565,0.049273029874819026,-0.016206339352056627,-24.75029851907129
0.6,53,153,0.1,0.06,0.4,0.08111584672809614,0.0007230961272980406,0.09696767560478303,0.060934027564304,0.05223875068259663,0.053727233850014385,0.001488483167417752,2.849385079022652,0.07395646440433712,0.08582480971012947,0.011868345305792352,16.047745658723432,0.06091235157948586,0.061642265684989817,0.0007299141055039579,1.1983022926827527
0.6,54,154,0.1,0.06,0.4,0.06840588720028098,0.0003444053125359396,0.0899932115923714,0.06044930396242591,0.05299127035118685,0.052386761010846966,-0.0006045093403398843,-1.1407715579068867,0.10366448363822234,0.06890521053505903,-0.034759273103163305,-33.530551528592326,0.05872344836931357,0.06625456543215368,0.007531117062840105,12.824718697506793
0.6,55,155,0.1,0.06,0.4,0.05903796337537339,0.0003353501304664781,0.08617902899006068,0.06043549255532677,0.05237342969665726,0.0494044881669955,-0.0029689415296617616,-5.668793406995943,0.08195994831224367,0.06184661567496129,-0.020113332637282377,-24.540440851251404,0.06112818662643604,0.06890217513071606,0.007773988504280016,12.717518600360389
0.6,56,156,0.1,0.06,0.4,0.0424933911219298,0.0003461773438330742,0.08004081358779998,0.06044235970245781,0.05302633882990809,0.055329436763797944,0.0023030979338898513,4.343309352881158,0.07640028773301519,0.0734838618623942,-0.0029164258706209922,-3.817296972509574,0.04789926236638481,0.06788034161385323,0.01998107924746842,41.714795302340455
0.6,57,157,0.1,0.06,0.4,0.09752657516623604,0.0005362128268837483,0.10004336513422743,0.0606893285028328,0.051976271953813755,0.05350698155937705,0.001530709605563292,2.9450161545319844,0.0656011785782919,0.10136424516063158,0.035763066582339686,54.51589035044265,0.06322844136005668,0.05438521440488771,-0.008843226955168967,-13.986153643754854
0.6,58,158,0.1,0.06,0.4,0.09589313178776059,0.00036277676159322033,0.09871466522809984,0.06047097060171252,0.051064512485759224,0.055814552546682716,0.0047500400609234925,9.302037422266931,0.06198827186373346,0.0967553361490631,0.03476706428532965,56.08651965932654,0.058769020859470944,0.06381688320733797,0.005047862347867027,8.589325250011438
0.6,59,159,0.1,0.06,0.4,0.04801850223264652,0.0004633631539751732,0.08422154790939204,0.06060004186436407,0.050709814192900014,0.0526049601870641,0.0018951459941640852,3.7372371094773773,0.0828310891657764,0.08821149408689351,0.0053804049211171046,6.495634640694963,0.055206881020654484,0.056797074192761504,0.0015901931721070198,2.880425669242359
0.6,60,160,0.1,0.06,0.4,0.03373392825408564,0.0005190589044250535,0.07946622172137849,0.060672735331877684,0.051552853182869646,0.05356171086374956,0.0020088576808799177,3.8966954433230776,0.07193829151537541,0.06784903631647847,-0.0040892551988969406,-5.684392988430844,0.056990671077715466,0.06508761399901415,0.008096942921298686,14.207488292701925
0.6,61,161,0.1,0.06,0.4,0.07099868762343513,0.0005730860645890865,0.09278739855869902,0.06074233005492737,0.04926279413650263,0.05561051320944243,0.006347719072939802,12.88542232369293,0.06883947204111783,0.07674736906260281,0.007907897021484978,11.48744577349691,0.05117815088193364,0.06887564220439513,0.017697491322461484,34.580169501022084
0.6,62,162,0.1,0.06,0.4,0.06413936988019514,0.0006051648286397739,0.09008215095966127,0.060781297248285564,0.053405337534696014,0.05381042573524496,0.0004050882005489434,0.7585163192457467,0.07156119546522008,0.05652155654974708,-0.015039638915472997,-21.01647242992539,0.064285852028393,0.06662843855010145,0.002342586521708448,3.6440156703123456
0.6,63,163,0.1,0.06,0.4,0.1252439365279246,0.000681219921734782,0.10992881369875508,0.06088138299808341,0.052905567516147646,0.05298719849731207,8.163098116442669e-05,0.15429563465038262,0.06562839831398368,0.07021042550786843,0.004582027193884758,6.981775133324333,0.06290907612051412,0.062498545019252304,-0.0004105311012618171,-0.6525784935632624
0.6,64,164,0.1,0.06,0.4,0.08874574808614931,0.0008751493761435641,0.10011157595663128,0.06111627857555524,0.052852878475681306,0.0496657738500062,-0.003187104625675105,-6.0301438967823815,0.07285074120239957,0.0890875324672344,0.016236791264834835,22.287750264234823,0.05812496495383652,0.05842348334122266,0.0002985183873861416,0.5135803309700542
0.6,65,165,0.1,0.06,0.4,0.09512111635532157,0.00060898453331671,0.09997018705410674,0.060788528366878015,0.052980941812786245,0.05299954164053482,1.8599827748572162e-05,0.03510663856127099,0.06714454940288464,0.08389712223204948,0.01675257282916484,24.950011546946392,0.05985094119122765,0.056202361212144794,-0.0036485799790828555,-6.096111283238479
0.6,66,166,0.1,0.06,0.4,0.051757890880330074,0.00038749629883981225,0.08404325912102951,0.060502437181956366,0.05250926363626432,0.050803404888932945,-0.001705858747331375,-3.248681526269324,0.08167587561476383,0.08730912199536081,0.005633246380596979,6.897074978622826,0.05737977082885749,0.05377839983091311,-0.0036013709979443864,-6.276377451359881
0.6,67,167,0.1,0.06,0.4,0.07810864729678185,0.0004485097828886982,0.09279577469796095,0.060581737595118486,0.05415770307103585,0.054666065553857474,0.0005083624828216213,0.9386706857837537,0.0872290040446378,0.0789653771447166,-0.008263626899921203,-9.473485327990732,0.06087959521874462,0.06755897065633694,0.006679375437592318,10.971451787077193
0.6,68,168,0.1,0.06,0.4,0.07379854784902024,0.0006236265471608023,0.09520382634709448,0.06082059255545479,0.05332822873247957,0.04946346618288148,-0.00386476254959809,-7.247123411853083,0.09721628300985415,0.06818169585444281,-0.029034587155411337,-29.865971271981568,0.06215938584148244,0.056883025228059374,-0.005276360613423063,-8.488437493379886
0.6,69,169,0.1,0.06,0.4,0.04820993105715367,0.00043264492355813973,0.08375635262799258,0.06055616755438173,0.050020820282859396,0.05409060471953562,0.004069784436676223,8.13618092158879,0.08177811394553393,0.10051438346346823,0.018736269517934306,22.911104957021976,0.0584163530258286,0.06009992403445908,0.00168357100863048,2.882020053333515
0.6,70,170,0.1,0.06,0.4,0.0923405574642324,0.0006749882758735223,0.1007963370325398,0.06087337814140611,0.04796571904136649,0.0536113909688111,0.005645671927444612,11.770222651255752,0.0836003961608328,0.06479180643377788,-0.018808589727054917,-22.498206456905326,0.06054035081493026,0.07089665570912917,0.010356304894198913,17.106450086253673
0.6,71,171,0.1,0.06,0.4,0.07609557895375847,0.0006996458594733033,0.09398200466098819,0.06090123475479378,0.050846404524259765,0.05455444837301098,0.0037080438487512163,7.292637273854909,0.06556537610885961,0.07310931346965541,0.007543937360795797,11.50597740531593,0.05611776331205313,0.06125658187243013,0.005138818560377005,9.157204879677154
0.6,72,172,0.1,0.06,0.4,0.05706497337176854,0.0005689078006462715,0.08786495770839345,0.06073673428372087,0.0569761343728848,0.056664233782146654,-0.0003119005907381428,-0.5474232223212702,0.06119931766264757,0.0655694542435334,0.004370136580885829,7.140825662429078,0.06729019533991933,0.06628201644639457,-0.0010081788935247527,-1.4982552635371222
0.6,73,173,0.1,0.06,0.4,0.08170213359430457,0.0007446096085354481,0.09766867504982035,0.06096047158975094,0.047602490657439746,0.04943776885411202,0.0018352781966722714,3.8554247295155712,0.0972217749475222,0.09110268149078735,-0.00611909345673485,-6.293953653939952,0.05233421338133754,0.054139379954343446,0.0018051665730059036,3.449304874141146
0.6,74,174,0.1,0.06,0.4,0.0684152336922043,0.00043385818740070267,0.08910356141205686,0.06056126110638609,0.05357217090275977,0.05217597067067575,-0.0013962002320840189,-2.6062043194372277,0.07628307466619423,0.07512090503089647,-0.0011621696352977634,-1.5234960577864503,0.05906326855332226,0.06276263844559736,0.003699369892275102,6.263401912705381
0.6,75,175,0.1,0.06,0.4,0.03826358876049572,0.00044425272166743503,0.07971311117522102,0.060576242254441526,0.05189975968834314,0.05749331778459383,0.0055935580962506865,10.777618489642096,0.0630541057780104,0.09545803505883696,0.032403929280826554,51.39067294825892,0.057998278657269565,0.06591861453019622,0.007920335872926655,13.656156796877474
0.6,76,176,0.1,0.06,0.4,0.08355489275959886,0.000639297756953751,0.0973595572737828,0.06082751161429807,0.04951378815394634,0.05190246099526353,0.002388672841317191,4.824257909514866,0.07567662538203264,0.07618311706243226,0.0005064916803996233,0.6692841783612038,0.0569564930346843,0.05850482090742998,0.0015483278727456765,2.718439619874076
0.6,77,177,0.1,0.06,0.4,0.12746491869740148,0.001250482600154947,0.11254408890674704,0.06160824197024481,0.052828380242249694,0.05443150836601278,0.0016031281237630854,3.0345963976404065,0.08104512571449424,0.10646406492073532,0.02541893920624108,31.36393334225542,0.06425666220117864,0.05767499251801904,-0.006581669683159597,-10.242781771878079
0.6,78,178,0.1,0.06,0.4,0.13042047836688367,0.0008099615319484845,0.11326758668180806,0.06104553224445699,0.04782532862996041,0.05650802572941414,0.008682697099453726,18.155018163355408,0.06257613601154008,0.06852218945707374,0.005946053445533658,9.502110268421028,0.06136258415487581,0.06612608070775455,0.004763496552878742,7.762868233932158
0.6,79,179,0.1,0.06,0.4,0.022941691085248146,0.0003353501304664781,0.07280683154301508,0.06043549255532677,0.052623074248934525,0.0575559266269063,0.004932852377971773,9.37393424534039,0.09697530058671164,0.10650413123262142,0.009528830645909786,9.826038783338925,0.061333986093934714,0.05844684037934473,-0.002887145714589985,-4.707252697009192
0.6,80,180,0.1,0.06,0.4,0.06660734436967607,0.0005713918431612126,0.09087246415190188,0.060740148866054104,0.051039624235142474,0.05404808365337615,0.003008459418233675,5.894360437242896,0.09413848981145698,0.07014596544592668,-0.0239925243655303,-25.486413063969007,0.0564767373726758,0.06346138727565519,0.006984649902979388,12.367304182055417
0.6,81,181,0.1,0.06,0.4,0.10805589259058865,0.0010021270136650994,0.10715962392787494,0.06129219089686076,0.05406056437771892,0.05208565045620083,-0.001974913921518086,-3.653150765721653,0.09208776980177776,0.08016971032567834,-0.011918059476099419,-12.942065490079163,0.05444677008908831,0.07289972624491105,0.018452956155822736,33.89173705920326
0.6,82,182,0.1,0.06,0.4,0.053655646776718566,0.0003353501304664781,0.08489017278328423,0.06043549255532677,0.0535121663995529,0.0526804859696067,-0.000831680429946198,-1.554189422525691,0.09204900287443503,0.07691251166207372,-0.015136491212361311,-16.44394913545033,0.0635842717338292,0.060777800506523094,-0.0028064712273061093,-4.413782136334452
0.6,83,183,0.1,0.06,0.4,0.05055875010164623,0.00046334402855297533,0.08516266829541089,0.06060088288189938,0.054063468133641254,0.05075422750497672,-0.003309240628664535,-6.121029121706204,0.09418819495197885,0.08220051333516877,-0.011987681616810075,-12.727371644527116,0.060315244334741745,0.059387750314722,-0.0009274940200197437,-1.5377439488966882
0.6,84,184,0.1,0.06,0.4,0.09623629757306905,0.0006472738408843017,0.10184638662180166,0.06082977970687903,0.052300847720054666,0.05248483627275123,0.0001839885526965651,0.35178885375124624,0.09865682339282553,0.0852554875043913,-0.01340133588843423,-13.583790180506455,0.06190893016764385,0.06041747948004045,-0.001491450687603403,-2.4091042819908015
0.6,85,185,0.1,0.06,0.4,0.038462150904077404,0.0003353501304664781,0.07857806051633975,0.06043549255532677,0.05263077875804074,0.055658300210374566,0.0030275214523338284,5.7523782162757655,0.07747025082922147,0.08371123207438531,0.00624098124516384,8.0559713933568,0.061991349543273504,0.056778365466947825,-0.005212984076325679,-8.409212115452847
0.6,86,186,0.1,0.06,0.4,0.05337236424450129,0.000512076938201087,0.08591816937559789,0.06065726047287445,0.055612327189756616,0.05402242822403585,-0.0015898989657207666,-2.858896662058074,0.0665151829991613,0.07350656778940384,0.006991384790242541,10.51096076865743,0.0677173553103359,0.06856466281484862,0.0008473075045127149,1.2512412816916194
0.6,87,187,0.1,0.06,0.4,0.08625845021799959,0.00046748252630578234,0.0978840530676547,0.0606046622967003,0.05192827213403625,0.049910701126580165,-0.002017571007456087,-3.8853035630539985,0.0947092376533061,0.06817563743525319,-0.026533600218052913,-28.0158523872636,0.05723240705661025,0.06410202301485217,0.006869615958241919,12.003017715901729
0.6,88,188,0.1,0.06,0.4,0.07245487626117861,0.00035930179145515046,0.09179549808693598,0.0604664766642111,0.05070711288250752,0.05502560404034497,0.004318491157837452,8.516539223685927,0.07398820769447527,0.10709201974302615,0.03310381204855088,44.742011031337306,0.0621976223323443,0.06265048290418239,0.00045286057183809014,0.7280994913572306
0.6,89,189,0.1,0.06,0.4,0.055154481894244003,0.00044591077413326264,0.08739319533067552,0.060578382654825326,0.04897642427440298,0.05424846483077986,0.005272040556376881,10.764445617423846,0.067506097948699,0.08388600835564163,0.01637991040694263,24.264341896032093,0.05541582864889222,0.05507125332936398,-0.00034457531952823695,-0.6217994532057316
0.6,90,190,0.1,0.06,0.4,0.1459549871898148,0.0009884112054378577,0.11926919360884757,0.06127468900394747,0.051775831310064045,0.05207261548911218,0.0002967841790481318,0.5732098771544856,0.08080271177740062,0.08956931705918852,0.00876660528178791,10.849394889046046,0.06256461403937058,0.06822750053839224,0.005662886499021663,9.051260981899656
0.6,91,191,0.1,0.06,0.4,0.06768240893597005,0.000612026927394255,0.09134702232487099,0.060792442058568937,0.051307190942468814,0.05259722642411596,0.0012900354816471477,2.5143366026288114,0.08773382221247268,0.08244985552096766,-0.005283966691505021,-6.022724826359869,0.05690323790197812,0.06258127731218034,0.005678039410202222,9.97841180845148
0.6,92,192,0.1,0.06,0.4,0.09816226419637279,0.0008025744913751064,0.10090447124506532,0.0610268796575887,0.05510037875592653,0.05273614324064422,-0.002364235515282309,-4.290779062980606,0.08773181064891436,0.08406702969212454,-0.0036647809567898204,-4.177254441328654,0.06792345685409945,0.06437960684948657,-0.0035438500046128807,-5.217417029031842
0.6,93,193,0.1,0.06,0.4,0.15855249240134475,0.0011247038232777627,0.12276002464242554,0.06138658527811387,0.055333061902072746,0.05430710556527918,-0.0010259563367935667,-1.8541470533643738,0.06703970157337293,0.08472946008710618,0.01768975851373325,26.38698875228784,0.06242514667705403,0.06599834669832942,0.0035732000212753898,5.723975371272634
0.6,94,194,0.1,0.06,0.4,0.05265780316597363,0.0005087658759448521,0.08545341700683,0.0606594673814218,0.05261704434084558,0.05311544362518832,0.0004983992843427404,0.9472202222424013,0.061421919983659576,0.07106785404358587,0.009645934059926295,15.704383813616472,0.058874221009179335,0.06650055112762954,0.007626330118450202,12.953598345294704
0.6,95,195,0.1,0.06,0.4,0.10425044368121757,0.0007028560496101222,0.10423332881476277,0.06090302175325731,0.05201946119903407,0.05647177445809433,0.004452313259060259,8.558937667626077,0.08289278437560682,0.06992353561840399,-0.012969248757202831,-15.64581145982031,0.05434132603619144,0.06577644013382984,0.0114351140976384,21.043126717265956
0.6,96,196,0.1,0.06,0.4,0.042043951004260574,0.00041887348558160395,0.07972618202329208,0.0605415093546545,0.053662041293337806,0.053802821640086165,0.00014078034674835926,0.2623462383378198,0.09258897628023652,0.07451787810981686,-0.01807109817041966,-19.517548304805054,0.05945194168846048,0.06687123219040124,0.007419290501940762,12.479475507829939
0.6,97,197,0.1,0.06,0.4,0.12624372183015364,0.0016042724874337337,0.11430511189437784,0.062055686419816805,0.04586828811117179,0.05683651803869466,0.010968229927522874,23.91244665800254,0.09858488835716227,0.09889212233277685,0.0003072339756145792,0.31164408737929905,0.04975351427418086,0.05557141627995234,0.00581790200577148,11.693449378691685
0.6,98,198,0.1,0.06,0.4,0.08194616958990768,0.000601274137127354,0.0953812602627946,0.06077860869620757,0.05623767596104118,0.05131061608662389,-0.004927059874417286,-8.761137067311463,0.08607938671354835,0.08069592706266937,-0.005383459650878983,-6.254063668917452,0.06519901304122847,0.05775383533833109,-0.0074451777028973765,-11.419157063297007
0.6,99,199,0.1,0.06,0.4,0.0714077272183219,0.000592889265702788,0.0922775645046418,0.06076479783537654,0.05068436073003597,0.051667288733584664,0.000982928003548697,1.9393122245028256,0.06510030773771813,0.06739502642223684,0.0022947186845187068,3.5248968311545807,0.06348550812761009,0.05794681898876772,-0.005538689138842368,-8.724336155125725
0.7,0,100,0.08571428571428572,0.06,0.4,0.0056130757447245645,0.0003353501304664781,0.06411476897534193,0.06043549255532677,0.05227903361128479,0.05564956555135128,0.003370531940066493,6.4471963371161864,0.07643590785038243,0.06495489728034523,-0.011481010570037198,-15.020441168188146,0.05092163240002351,0.0653764377747461,0.014454805374722587,28.38637469665233
0.7,1,101,0.08571428571428572,0.06,0.4,0.009105419129992316,0.0003353501304664781,0.06564882333829454,0.06043549255532677,0.048683555599097254,0.049150377687592714,0.00046682208849545964,0.958890702929915,0.07984218432276635,0.07525454730941557,-0.004587637013350784,-5.745881143237531,0.05885431523510717,0.05810037675380909,-0.0007539384812980804,-1.281024982257119
0.7,2,102,0.08571428571428572,0.06,0.4,0.006639249192372941,0.0003353501304664781,0.0642709931765579,0.06043549255532677,0.05234248019736282,0.056174737202170935,0.003832257004808118,7.321504426917086,0.07903576463981214,0.06494052260630864,-0.0140952420335035,-17.834004767005695,0.060202935547240384,0.06962960521048536,0.009426669663244978,15.65815616390999
0.7,3,103,0.08571428571428572,0.06,0.4,0.009413435576272184,0.0003353501304664781,0.0654719941199729,0.06043549255532677,0.05032722908195535,0.0540363671131404,0.0037091380311850483,7.370042219381688,0.0810950685709957,0.07247054492244087,-0.00862452364855483,-10.635077817345183,0.05527311227670311,0.06419248842482847,0.008919376148125359,16.13691681314055
0.7,4,104,0.08571428571428572,0.06,0.4,0.006177042592686564,0.0003353501304664781,0.06438128178208367,0.06043549255532677,0.05119621887821709,0.05424048667846742,0.0030442678002503276,5.946274679956099,0.06326255002179447,0.08019876321040185,0.016936213188607385,26.771309697084167,0.06528116355477227,0.0617306414860903,-0.0035505220686819702,-5.438815540876516
0.7,5,105,0.08571428571428572,0.06,0.4,0.01664477133565637,0.0003353501304664781,0.069016872557121,0.06043549255532677,0.05243502133258905,0.054235911453112406,0.0018008901205233546,3.4345177607548294,0.07131443862880558,0.09216278738719862,0.02084834875839303,29.23440071779783,0.05999929294987376,0.06432470541245966,0.004325412462585901,7.209105724295042
0.7,6,106,0.08571428571428572,0.06,0.4,0.02663570702426115,0.0003353501304664781,0.07209373934310223,0.06043549255532677,0.05274316164064624,0.055058654235756115,0.0023154925951098734,4.390128545736347,0.09472747098725408,0.0772391154831698,-0.01748835550408427,-18.46175699807017,0.053718430130723985,0.0541883929732814,0.00046996284255741705,0.8748633223527956
0.7,7,107,0.08571428571428572,0.06,0.4,0.007011658883548773,0.0003353501304664781,0.06433042715853009,0.06043549255532677,0.05190239552492012,0.05127002883890349,-0.0006323666860166277,-1.2183766849701703,0.06378659349272257,0.08587332615946826,0.022086732666745684,34.62597931219757,0.054375773230939735,0.05429368001139396,-8.209321954577575e-05,-0.15097388904635353
0.7,8,108,0.08571428571428572,0.06,0.4,0.008007855004857274,0.0003353501304664781,0.06545731762644622,0.06043549255532677,0.05124726672090241,0.05629435849894259,0.0050470917780401844,9.848509200553343,0.06039476522035152,0.09394496947137396,0.03355020425102244,55.55151034798106,0.05618698468293863,0.07043461171168183,0.014247627028743201,25.357522047396042
0.7,9,109,0.08571428571428572,0.06,0.4,0.016712083557282376,0.0003353501304664781,0.0691504146609158,0.06043549255532677,0.0497259163568056,0.054416078983146626,0.004690162626341025,9.432028547622973,0.09373135449462155,0.09682129869216051,0.0030899441975389547,3.2965961221826365,0.051028094045126815,0.0517216875944799,0.0006935935493530831,1.3592385965654568
0.7,10,110,0.08571428571428572,0.06,0.4,0.011300546214432869,0.0003353501304664781,0.06683353434455946,0.06043549255532677,0.050221344434371235,0.05018792097718303,-3.3423457188201666e-05,-0.06655229477553934,0.06713786743534526,0.056498935512647834,-0.01063893192269743,-15.846395378797032,0.0549733624712438,0.0528295525881377,-0.0021438098831060987,-3.8997248607951014
0.7,11,111,0.08571428571428572,0.06,0.4,0.001536496544792647,0.0003353501304664781,0.061613058931613236,0.06043549255532677,0.05492426932575183,0.05495925945865912,3.4990132907287974e-05,0.06370614181458482,0.08006748030211115,0.10811837005351498,0.028050889751403824,35.034060826645245,0.05897219896197289,0.057935672892842266,-0.0010365260691306208,-1.7576520587251716
0.7,12,112,0.08571428571428572,0.06,0.4,0.023493234096688274,0.0003353501304664781,0.07158882984881279,0.06043549255532677,0.052176347681895975,0.051777380459688674,-0.00039896722220730124,-0.764651494274165,0.05529345601473317,0.09331057739654261,0.03801712138180944,68.75519115983566,0.05586234669898512,0.0606396884982957,0.0047773417993105805,8.551989097510242
0.7,13,113,0.08571428571428572,0.06,0.4,0.010671539286056093,0.0003353501304664781,0.06593106355230284,0.06043549255532677,0.05206255485385231,0.05682322253958315,0.004760667685730836,9.144129978051923,0.0725712680876223,0.06311210467789313,-0.009459163409729174,-13.034309112951163,0.05731753697710737,0.06674103536648256,0.009423498389375187,16.440864151470663
0.7,14,114,0.08571428571428572,0.06,0.4,0.004712628763599567,0.0003353501304664781,0.06381508659910712,0.06043549255532677,0.05326431118241393,0.05072358711242215,-0.0025407240699917844,-4.77003083976921,0.0707148747809747,0.0754902006574676,0.004775325876492903,6.7529298344705095,0.06321700550586887,0.057842699683899816,-0.005374305821969051,-8.501360953375302
0.7,15,115,0.08571428571428572,0.06,0.4,0.0032772965373440055,0.0003353501304664781,0.0627390555636829,0.06043549255532677,0.04712875648091697,0.0565749795169768,0.009446223036059832,20.043437895257703,0.08877222467639247,0.09908116843359263,0.010308943757200165,11.612803210441182,0.05642154265515883,0.05486544946422946,-0.001556093190929371,-2.7579770380260804
0.7,16,116,0.08571428571428572,0.06,0.4,0.0034654822855126584,0.0003353501304664781,0.06302068757266907,0.06043549255532677,0.0517451306473083,0.05464738477171009,0.0029022541244017944,5.60874827852573,0.0630805911659902,0.08173112748151637,0.01865053631552617,29.56620407448175,0.05153984433904071,0.06398823356397959,0.012448389224938884,24.152942998916675
0.7,17,117,0.08571428571428572,0.06,0.4,0.008551223183029038,0.0003353501304664781,0.06511515919312257,0.06043549255532677,0.049726389075452786,0.05530471991054145,0.005578330835088664,11.218049286917523,0.07940649677572749,0.07043757019689373,-0.00896892657883376,-11.294953112168184,0.0566956585574074,0.06021532643122297,0.0035196678738155657,6.208002452695232
0.7,18,118,0.08571428571428572,0.06,0.4,0.019996869081743595,0.0003353501304664781,0.06959890742479974,0.06043549255532677,0.05308937317680226,0.05354685382846346,0.0004574806516612004,0.8617179376702444,0.07631113866207387,0.07481855890310077,-0.0014925797589731005,-1.9559133635558013,0.05909712507191428,0.061916353961439734,0.0028192288895254533,4.7705009103146425
0.7,19,119,0.08571428571428572,0.06,0.4,0.00523760386786939,0.0003353501304664781,0.06447769553865398,0.06043549255532677,0.05148500620835039,0.05378438420220793,0.0022993779938575362,4.466111909460348,0.0747683360866008,0.0875787321811296,0.012810396094528803,17.13345082294074,0.06241277800938054,0.061825527616706434,-0.000587250392674106,-0.9409137221641427
0.7,20,120,0.08571428571428572,0.06,0.4,0.03805607111069423,0.0003353501304664781,0.07751352540922062,0.06043549255532677,0.04979896356208757,0.053900838956577025,0.004101875394489453,8.236869005065499,0.10111176228921491,0.09331270627089402,-0.007799056018320885,-7.713302430643889,0.058002275582574196,0.057356562764531535,-0.0006457128180426611,-1.1132542845209585
0.7,21,121,0.08571428571428572,0.06,0.4,0.012051751352081815,0.0003353501304664781,0.06665425000331444,0.06043549255532677,0.05056171466806138,0.055420379917079286,0.004858665249017909,9.60937594959969,0.056244146267292426,0.07888507410892406,0.022640927841631638,40.25472754806127,0.05804824549063236,0.0645405143084188,0.006492268817786438,11.184263646407953
0.7,22,122,0.08571428571428572,0.06,0.4,0.036660888662182055,0.0003353501304664781,0.07499369643505127,0.06043549255532677,0.05097609946294546,0.05055874076814789,-0.0004173586947975663,-0.8187340718387928,0.07288938815293293,0.06571361458229327,-0.007175773570639657,-9.844743868042631,0.05720565898617815,0.05747109449434893,0.00026543550817077766,0.46400218592868814
0.7,23,123,0.08571428571428572,0.06,0.4,0.016126069353669236,0.0003353501304664781,0.06826192330071269,0.06043549255532677,0.05128720292880176,0.054775115242568555,0.003487912313766793,6.80074582856235,0.06971469856860425,0.06420587984023748,-0.005508818728366768,-7.901947281527291,0.060030450812770884,0.06031867441954718,0.00028822360677629305,0.4801290059860359
0.7,24,124,0.08571428571428572,0.06,0.4,0.007783614595483457,0.0003353501304664781,0.06489902721782259,0.06043549255532677,0.056034995899460364,0.0529643210173945,-0.003070674882065867,-5.479923452792541,0.11060674530993181,0.0963595148062166,-0.014247230503715208,-12.88097797633676,0.05622159341084604,0.06287259434070094,0.0066510009298549055,11.829975862213507
0.7,25,125,0.08571428571428572,0.06,0.4,0.005403248146224553,0.0003353501304664781,0.06361099462444085,0.06043549255532677,0.05388495183881424,0.0506290190541311,-0.003255932784683141,-6.042378574305114,0.07869637386536456,0.06110490402696882,-0.01759146983839574,-22.35359645476373,0.06577278147769818,0.06290118921072217,-0.002871592266976003,-4.365927975768646
0.7,26,126,0.08571428571428572,0.06,0.4,0.010681286489795144,0.0003353501304664781,0.06652049626135915,0.06043549255532677,0.05290724449819469,0.0536630902632876,0.0007558457650929037,1.4286243259534992,0.057410350517166225,0.06491734893480525,0.007506998417639021,13.076036550925359,0.05994369666894594,0.06024922755822867,0.0003055308892827291,0.5096964422633123
0.7,27,127,0.08571428571428572,0.06,0.4,0.018138257482395448,0.0003353501304664781,0.0689120774256891,0.06043549255532677,0.04818328112980055,0.05068419686751192,0.0025009157377113705,5.190422235825273,0.07560824879684892,0.08072752974442823,0.0051192809475793105,6.770796876058136,0.054355724444286616,0.05437533273261386,1.9608288327241374e-05,0.036074007894678004
0.7,28,128,0.08571428571428572,0.06,0.4,0.0031585283726396633,0.0003353501304664781,0.06288834589016978,0.06043549255532677,0.05190722155131241,0.052180870214123876,0.00027364866281146677,0.5271880378743715,0.05778358004097755,0.07052891766177562,0.012745337620798068,22.057023140067887,0.056706823752402366,0.061801914607120687,0.0050950908547183205,8.984969563742263
0.7,29,129,0.08571428571428572,0.06,0.4,0.017098619588503852,0.0003353501304664781,0.07018988968754318,0.06043549255532677,0.05361311017271911,0.05489178916127223,0.0012786789885531197,2.385011771251003,0.061405073158389105,0.08372456015930647,0.02231948700091737,36.34795278778705,0.06477260569312294,0.06434821708827111,-0.00042438860485183305,-0.6551976723963899
0.7,30,130,0.08571428571428572,0.06,0.4,0.006974137361888056,0.0003353501304664781,0.06448836802105871,0.06043549255532677,0.05146487985740056,0.05702732799606436,0.0055624481386638,10.80824079270425,0.08324611488782761,0.09706458917695693,0.013818474289129315,16.599542582557056,0.06000466862521311,0.06467927079179926,0.0046746021665861545,7.790397436878692
0.7,31,131,0.08571428571428572,0.06,0.4,0.01464691123684116,0.0003353501304664781,0.06838423124694758,0.06043549255532677,0.05207429512638108,0.053483697930577466,0.0014094028041963871,2.706523056674803,0.06902702500351925,0.0786314637049477,0.00960443870142845,13.914026717707712,0.05980343202904094,0.06275315778005856,0.0029497257510176234,4.932368680087151
0.7,32,132,0.08571428571428572,0.06,0.4,0.012331441917685917,0.0003353501304664781,0.06665509767142747,0.06043549255532677,0.05097539018435661,0.05374190554147016,0.002766515357113551,5.427158766432637,0.05070028392192773,0.08365344080863617,0.03295315688670844,64.99600068798884,0.05513842979436651,0.05804626085232931,0.002907831057962794,5.273692175869482
0.7,33,133,0.08571428571428572,0.06,0.4,0.022026157582451685,0.0003353501304664781,0.07014869615809273,0.06043549255532677,0.05303621504211288,0.05423899075688866,0.0012027757147757764,2.2678385209440837,0.07768208701815443,0.06974451783624065,-0.007937569181913781,-10.218017417656093,0.06005212124116561,0.05317885340008531,-0.006873267841080298,-11.445503837371005
0.7,34,134,0.08571428571428572,0.06,0.4,0.005967167749652274,0.0003353501304664781,0.0642851064060993,0.06043549255532677,0.05303044886983147,0.058078069103120675,0.005047620233289203,9.518343406217607,0.06805823978675087,0.07433201501009919,0.006273775223348321,9.218244907605822,0.06235732831910402,0.05957101022726881,-0.002786318091835209,-4.4683089653499195
0.7,35,135,0.08571428571428572,0.06,0.4,0.01062311105342238,0.0003353501304664781,0.06643521373797097,0.06043549255532677,0.052864997681610244,0.051178115758138985,-0.001686881923471259,-3.1909240470052307,0.06823031092190088,0.061787721592350554,-0.006442589329550323,-9.442415317328345,0.05598780286747533,0.06029287403352327,0.00430507116604794,7.689301857831717
0.7,36,136,0.08571428571428572,0.06,0.4,0.0105076533838657,0.0003353501304664781,0.06724162206217783,0.06043549255532677,0.05276480030840734,0.05438958186499787,0.0016247815565905294,3.079290639012696,0.0831172905014264,0.06688291446826825,-0.01623437603315815,-19.53188793236655,0.05669356295408379,0.06576036989497862,0.009066806940894831,15.992656782284179
0.7,37,137,0.08571428571428572,0.06,0.4,0.031145164285802152,0.0003353501304664781,0.07224660615453347,0.06043549255532677,0.05243819337238668,0.05245645474423454,1.8261371847863583e-05,0.03482456330671339,0.06874245679253842,0.09627049093933737,0.027528034146798955,40.04517067214705,0.06949170441389267,0.05198381300248393,-0.017507891411408738,-25.194217869706744
0.7,38,138,0.08571428571428572,0.06,0.4,0.004176180669695584,0.0003353501304664781,0.06313107950773744,0.06043549255532677,0.049384602552353885,0.0489817364756928,-0.000402866076661082,-0.815772641349079,0.04348436095844358,0.08347631179794696,0.039991950839503375,91.96858355058322,0.04659790715542948,0.05379500784567884,0.007197100690249356,15.445115735011644
0.7,39,139,0.08571428571428572,0.06,0.4,0.010294431287509715,0.0003353501304664781,0.06622634352073527,0.06043549255532677,0.05151801007601421,0.054174857829584804,0.0026568477535705917,5.1571241778369235,0.05288167260388503,0.08196123433522684,0.02907956173134181,54.98986756558347,0.05471264684663628,0.05878712830530705,0.004074481458670773,7.44705601630251
0.7,40,140,0.08571428571428572,0.06,0.4,0.0067093292619109365,0.0003353501304664781,0.06448509562433045,0.06043549255532677,0.04960370817195748,0.055769951646407884,0.006166243474450404,12.431013127233044,0.11040328705143197,0.10315798495155883,-0.0072453020998731466,-6.562578246875823,0.05132790060437761,0.05673184798976033,0.005403947385382718,10.528284464690984
0.7,41,141,0.08571428571428572,0.06,0.4,0.01612304055422846,0.0003353501304664781,0.06852453550974855,0.06043549255532677,0.05041472877140103,0.05148208229244779,0.0010673535210467544,2.1171462131365,0.09067643942549515,0.06793309222081878,-0.02274334720467637,-25.0818706036242,0.05228268940123131,0.05711452827117087,0.004831838869939556,9.24175654557235
0.7,42,142,0.08571428571428572,0.06,0.4,0.022229876921714048,0.0003353501304664781,0.0713633718854919,0.06043549255532677,0.04925916291607802,0.05443274432195467,0.005173581405876648,10.502779786759245,0.06418852995920396,0.07217679371792485,0.007988263758720887,12.445001877746623,0.05741182267118053,0.06833548507137516,0.010923662400194628,19.026851773647078
0.7,43,143,0.08571428571428572,0.06,0.4,0.014402586388534486,0.0003353501304664781,0.06793159324830009,0.06043549255532677,0.05438195050204029,0.05418575163596592,-0.0001961988660743666,-0.3607793840844411,0.07089478322092685,0.0656387317272717,-0.005256051493655142,-7.413876247108196,0.0666098695911417,0.06800101878144534,0.0013911491903036421,2.0885030984787396
0.7,44,144,0.08571428571428572,0.06,0.4,0.007639437487530154,0.0003353501304664781,0.06503993487877366,0.06043549255532677,0.051448138874435216,0.05413494401728534,0.002686805142850121,5.222356341028315,0.05714420469301624,0.07593729730707875,0.018793092614062513,32.88713652595339,0.05508341678186163,0.061663773853328545,0.006580357071466918,11.946167205869042
0.7,45,145,0.08571428571428572,0.06,0.4,0.011955785397252235,0.0003353501304664781,0.06684001191357877,0.06043549255532677,0.05018925958062667,0.05533443694004837,0.0051451773594217015,10.251550635362966,0.09037815497528018,0.0801271184108219,-0.010251036564458277,-11.342383087220682,0.057161283634456043,0.057242657218476316,8.137358402027228e-05,0.14235786680483395
0.7,46,146,0.08571428571428572,0.06,0.4,0.03360496437162274,0.0003353501304664781,0.07385700577540578,0.06043549255532677,0.04849876580947924,0.05298061599183298,0.004481850182353739,9.24116337302288,0.05704786312594063,0.09443973108367686,0.037391867957736226,65.54473017716506,0.060255056262725856,0.0597607765301218,-0.0004942797326040541,-0.8203124571801595
0.7,47,147,0.08571428571428572,0.06,0.4,0.036886712161302106,0.0003353501304664781,0.07679874654624058,0.06043549255532677,0.052371122607433145,0.05688655105847051,0.004515428451037362,8.621981401629297,0.07369298446990805,0.0846102435434519,0.01091725907354385,14.8145161334887,0.06372581237491,0.07037686943238332,0.00665105705747332,10.43699061589674
0.7,48,148,0.08571428571428572,0.06,0.4,0.010793032272701333,0.0003353501304664781,0.06639883288718064,0.06043549255532677,0.05149649548773909,0.053009908593516494,0.0015134131057774058,2.938866211075932,0.057068185181582375,0.093663788330077,0.03659560314849463,64.12610289262385,0.056793872821087915,0.05174822260601628,-0.005045650215071633,-8.884145356606412
0.7,49,149,0.08571428571428572,0.06,0.4,0.005682116355941149,0.0003353501304664781,0.06416699953964711,0.06043549255532677,0.05145285288468327,0.0526954070434875,0.0012425541588042266,2.414937343880724,0.06783820072069519,0.09388995793171748,0.02605175721102229,38.40278329061691,0.06138565454794249,0.05647137770638089,-0.0049142768415616,-8.005578628673783
0.7,50,150,0.08571428571428572,0.06,0.4,0.01269739480363843,0.0003353501304664781,0.06842886705928519,0.06043549255532677,0.05330968965978111,0.05053756996981266,-0.002772119689968454,-5.2000296900243415,0.07723229268058363,0.06024789302284609,-0.016984399657737535,-21.991318745361358,0.06420441451020065,0.058699487362769615,-0.005504927147431032,-8.574063309239309
0.7,51,151,0.08571428571428572,0.06,0.4,0.009102611759497824,0.0003353501304664781,0.0658006530082882,0.06043549255532677,0.051136663944746294,0.05285791577797673,0.001721251833230436,3.3659838175800183,0.07358009524766916,0.09158626578078509,0.01800617053311593,24.471523817015335,0.05586570486612598,0.054890003720583475,-0.0009757011455425041,-1.7465118320454915
0.7,52,152,0.08571428571428572,0.06,0.4,0.013057318647849255,0.0003353501304664781,0.06712267991325285,0.06043549255532677,0.05298945873773602,0.05699999457306631,0.004010535835330287,7.568554068800509,0.060034398089940356,0.08712780611307919,0.02709340802313883,45.12980705253165,0.06547936922687565,0.04853664163342935,-0.016942727593446304,-25.874909598995117
0.7,53,153,0.08571428571428572,0.06,0.4,0.007349466385829258,0.0003353501304664781,0.06552297107318554,0.06043549255532677,0.05223875068259663,0.05369950401341128,0.0014607533308146486,2.7963021927729588,0.07395646440433712,0.0839665366783982,0.010010072274061074,13.535087642012863,0.06091235157948586,0.061027453242886096,0.00011510166340023692,0.18896276439112394
0.7,54,154,0.08571428571428572,0.06,0.4,0.007872238309923302,0.0003353501304664781,0.06530708466873188,0.06043549255532677,0.05299127035118685,0.052359651555973774,-0.0006316187952130764,-1.1919298990704985,0.10366448363822234,0.0666289484114744,-0.037035535226747934,-35.726349012645336,0.05872344836931357,0.06222576191821204,0.0035023135488984683,5.964080186286593
0.7,55,155,0.08571428571428572,0.06,0.4,0.008592516867358133,0.0003353501304664781,0.06530909264926028,0.06043549255532677,0.05237342969665726,0.04936966427572268,-0.0030037654209345774,-5.735284930416335,0.08195994831224367,0.06099750056996989,-0.02096244774227378,-25.576453101718563,0.06112818662643604,0.06594974528250448,0.004821558656068439,7.887619316329048
0.7,56,156,0.08571428571428572,0.06,0.4,0.005517051557659126,0.0003353501304664781,0.0637666859134407,0.06043549255532677,0.05302633882990809,0.05531396236549816,0.002287623535590068,4.314126877452446,0.07640028773301519,0.0721578264028682,-0.004242461330146982,-5.55293894307373,0.04789926236638481,0.06604480532155924,0.018145542955174426,37.88271897879742
0.7,57,157,0.08571428571428572,0.06,0.4,0.007315284818092124,0.0003353501304664781,0.06463291883036876,0.06043549255532677,0.051976271953813755,0.053418613207004015,0.0014423412531902602,2.7749994352652463,0.0656011785782919,0.09750819172467189,0.03190701314637999,48.63786571806859,0.06322844136005668,0.05362950478014542,-0.009598936579911253,-15.18135885281397
0.7,58,158,0.08571428571428572,0.06,0.4,0.003413353776859189,0.0003353501304664781,0.06308799888206736,0.06043549255532677,0.051064512485759224,0.055806097114625516,0.0047415846288662925,9.285479089198427,0.06198827186373346,0.08105245382308876,0.019064181959355303,30.75449820776323,0.058769020859470944,0.06275022538239679,0.003981204522925844,6.774325086078495
0.7,59,159,0.08571428571428572,0.06,0.4,0.00679040603722075,0.0003353501304664781,0.06456338540071706,0.06043549255532677,0.050709814192900014,0.052570079737545544,0.00186026554464553,3.668452693534005,0.0828310891657764,0.08829387464041102,0.005462785474634621,6.595090719743546,0.055206881020654484,0.05495757568224232,-0.0002493053384121646,-0.4515838131099859
0.7,60,160,0.08571428571428572,0.06,0.4,0.002078761246866249,0.0003353501304664781,0.062259472378273305,0.06043549255532677,0.051552853182869646,0.05353832291806661,0.0019854697351969625,3.851328515521831,0.07193829151537541,0.06642711172302179,-0.005511179792353618,-7.660982317290244,0.056990671077715466,0.06293366442457599,0.00594299334686052,10.428010820852316
0.7,61,161,0.08571428571428572,0.06,0.4,0.004051286314743415,0.0003353501304664781,0.06367383600793562,0.06043549255532677,0.04926279413650263,0.05557877221803871,0.006315978081536083,12.820990348284132,0.06883947204111783,0.07284845708969448,0.004008985048576649,5.823671986011284,0.05117815088193364,0.06703104176148791,0.01585289087955427,30.97589617125164
0.7,62,162,0.08571428571428572,0.06,0.4,0.005727843540196395,0.0003353501304664781,0.06461350319027298,0.06043549255532677,0.053405337534696014,0.05378440305857915,0.00037906552388313614,0.7097895854264893,0.07156119546522008,0.054840364178847134,-0.016720831286372945,-23.365779704588004,0.064285852028393,0.06456503126461918,0.0002791792362261819,0.4342778813958589
0.7,63,163,0.08571428571428572,0.06,0.4,0.010118195465857635,0.0003353501304664781,0.06640107378884669,0.06043549255532677,0.052905567516147646,0.052888083568374995,-1.748394777265072e-05,-0.03304746285410195,0.06562839831398368,0.06790140682412667,0.0022730085101429903,3.4634526646046035,0.06290907612051412,0.06372212096118522,0.0008130448406711011,1.2924126228043173
0.7,64,164,0.08571428571428572,0.06,0.4,0.06289578286255428,0.0003353501304664781,0.08437952247709284,0.06043549255532677,0.052852878475681306,0.04968522577565479,-0.003167652700026516,-5.9933399871191835,0.07285074120239957,0.09294919574981779,0.020098454547418224,27.58853817503262,0.05812496495383652,0.05609091608821468,-0.0020340488656218347,-3.499441018566288
0.7,65,165,0.08571428571428572,0.06,0.4,0.021188706731902592,0.0003353501304664781,0.07066200612276166,0.06043549255532677,0.052980941812786245,0.05295974565236838,-2.1196160417867593e-05,-0.0400071416109711,0.06714454940288464,0.08577828404761763,0.018633734644732988,27.751671297882673,0.05985094119122765,0.056170516040921915,-0.003680425150305734,-6.149318752643398
0.7,66,166,0.08571428571428572,0.06,0.4,0.011257383810710958,0.0003353501304664781,0.06587579915659758,0.06043549255532677,0.05250926363626432,0.05074718046290814,-0.0017620831733561812,-3.355756777627403,0.08167587561476383,0.087654618118743,0.005978742503979173,7.320083756651454,0.05737977082885749,0.05305769246269571,-0.0043220783661617815,-7.532407856861145
0.7,67,167,0.08571428571428572,0.06,0.4,0.012088487640381916,0.0003353501304664781,0.06680672724918349,0.06043549255532677,0.05415770307103585,0.05467804523012233,0.0005203421590864801,0.9607906716501147,0.0872290040446378,0.07373303381548586,-0.013495970229151943,-15.471883895688679,0.06087959521874462,0.06329514750596975,0.002415552287225127,3.9677535281663414
0.7,68,168,0.08571428571428572,0.06,0.4,0.004765099219385451,0.0003353501304664781,0.06395644991289345,0.06043549255532677,0.05332822873247957,0.04945565339824396,-0.0038725753342356076,-7.261773785254214,0.09721628300985415,0.05911672390758372,-0.038099559102270426,-39.19051204458057,0.06215938584148244,0.05655457767962038,-0.005604808161862054,-9.01683323602218
0.7,69,169,0.08571428571428572,0.06,0.4,0.008087648611947313,0.0003353501304664781,0.06501617459101099,0.06043549255532677,0.050020820282859396,0.054077199067972946,0.00405637878511355,8.109380778194769,0.08177811394553393,0.09913647492123698,0.01735836097570305,21.226169372485295,0.0584163530258286,0.058944947263279764,0.0005285942374511632,0.9048737383818654
0.7,70,170,0.08571428571428572,0.06,0.4,0.012361736517666403,0.0003353501304664781,0.06714894068980855,0.06043549255532677,0.04796571904136649,0.05363784379617858,0.0056721247548120884,11.825372095267346,0.0836003961608328,0.06199991662895511,-0.021600479531877687,-25.837771737734442,0.06054035081493026,0.06565771354606247,0.005117362731132204,8.452813144039753
0.7,71,171,0.08571428571428572,0.06,0.4,0.005712297866984851,0.0003353501304664781,0.06401223902232815,0.06043549255532677,0.050846404524259765,0.054552357350656215,0.0037059528263964497,7.28852484471792,0.06556537610885961,0.07345607227053313,0.007890696161673524,12.034852280222463,0.05611776331205313,0.059368514581800896,0.003250751269747769,5.792731352586827
0.7,72,172,0.08571428571428572,0.06,0.4,0.00586512679220585,0.0003353501304664781,0.06436117538914694,0.06043549255532677,0.0569761343728848,0.05663277296185956,-0.00034336141102523504,-0.602640763197586,0.06119931766264757,0.06476108795509462,0.0035617702924470515,5.819950987167533,0.06729019533991933,0.0640588140193416,-0.0032313813205777225,-4.80215773524547
0.7,73,173,0.08571428571428572,0.06,0.4,0.007874585725021283,0.0003353501304664781,0.06554462893136988,0.06043549255532677,0.047602490657439746,0.04943085929796076,0.001828368640521015,3.840909614747776,0.0972217749475222,0.09050246721137596,-0.006719307736146235,-6.911319752980383,0.05233421338133754,0.053543875473622354,0.001209662092284812,2.3114173580302237
0.7,74,174,0.08571428571428572,0.06,0.4,0.04809853139102336,0.0003353501304664781,0.07811523264610909,0.06043549255532677,0.05357217090275977,0.052179463543429,-0.0013927073593307734,-2.59968438064366,0.07628307466619423,0.07559399598501122,-0.0006890786811830085,-0.9033179171111493,0.05906326855332226,0.061206256349721,0.0021429877963987445,3.628291912873155
0.7,75,175,0.08571428571428572,0.06,0.4,0.010101836173095843,0.0003353501304664781,0.06542870299878947,0.06043549255532677,0.05189975968834314,0.05748122233099988,0.005581462642656736,10.754313076155439,0.0630541057780104,0.09268679026596867,0.029632684487958263,46.99564623481254,0.057998278657269565,0.06410298193876844,0.006104703281498876,10.525662869364668
0.7,76,176,0.08571428571428572,0.06,0.4,0.007107031326712631,0.0003353501304664781,0.06474655446377325,0.06043549255532677,0.04951378815394634,0.05185022020515973,0.002336432051213394,4.7187503487898175,0.07567662538203264,0.07379861696328675,-0.0018780084187458856,-2.4816228383140455,0.0569564930346843,0.059851967252763795,0.002895474218079494,5.083659586127015
0.7,77,177,0.08571428571428572,0.06,0.4,0.008701395313903267,0.0003353501304664781,0.0660134478707471,0.06043549255532677,0.052828380242249694,0.05445251752483065,0.0016241372825809564,3.0743650953016473,0.08104512571449424,0.08308768136080007,0.0020425556463058298,2.520269576114108,0.06425666220117864,0.059971102842981565,-0.0042855593581970705,-6.669439730279769
0.7,78,178,0.08571428571428572,0.06,0.4,0.013845781577241738,0.0003353501304664781,0.06796402020317621,0.06043549255532677,0.04782532862996041,0.05645051403367439,0.00862518540371398,18.03476452916769,0.06257613601154008,0.0714146105480747,0.008838474536534621,14.124353307632578,0.06136258415487581,0.05897507985394488,-0.0023875043009309316,-3.8908144658722343
0.7,79,179,0.08571428571428572,0.06,0.4,0.003199397995718624,0.0003353501304664781,0.06244426010502176,0.06043549255532677,0.052623074248934525,0.05756214678624726,0.004939072537312739,9.385754458107778,0.09697530058671164,0.10479758921187272,0.007822288625161086,8.066269016786077,0.061333986093934714,0.056503651109368655,-0.004830334984566059,-7.875462353234741
0.7,80,180,0.08571428571428572,0.06,0.4,0.005954772712533036,0.0003353501304664781,0.06449747709534558,0.06043549255532677,0.051039624235142474,0.05403340486492004,0.002993780629777565,5.865600843738672,0.09413848981145698,0.07070921737707556,-0.02342927243438142,-24.88809038822078,0.0564767373726758,0.06311539795383765,0.006638660581161852,11.754681467087943
0.7,81,181,0.08571428571428572,0.06,0.4,0.008922659658105654,0.0003353501304664781,0.06616397267746876,0.06043549255532677,0.05406056437771892,0.05209851930373902,-0.001962045073979894,-3.629346264813602,0.09208776980177776,0.06856817492370199,-0.02351959487807577,-25.540410989105876,0.05444677008908831,0.06972680578488363,0.015280035695795322,28.064172899133272
0.7,82,182,0.08571428571428572,0.06,0.4,0.007094871645006583,0.0003353501304664781,0.06484645760661874,0.06043549255532677,0.0535121663995529,0.052682682796819015,-0.0008294836027338826,-1.5500841370175082,0.09204900287443503,0.07543898390355537,-0.01661001897087966,-18.044757088284328,0.0635842717338292,0.05915714807752568,-0.0044271236563035235,-6.962608103519614
0.7,83,183,0.08571428571428572,0.06,0.4,0.00516365181918996,0.0003353501304664781,0.06402603619572791,0.06043549255532677,0.054063468133641254,0.05073661768982392,-0.0033268504438173363,-6.153601606899479,0.09418819495197885,0.07314736596260746,-0.021040828989371388,-22.339136024529296,0.060315244334741745,0.05938470515284015,-0.0009305391819015921,-1.5427926922375061
0.7,84,184,0.08571428571428572,0.06,0.4,0.009049166407601252,0.0003353501304664781,0.06645701172400753,0.06043549255532677,0.052300847720054666,0.052489803131829466,0.00018895541177479935,0.36128556230331377,0.09865682339282553,0.08400912533761902,-0.014647698055206507,-14.84712111283294,0.06190893016764385,0.05950845728790154,-0.0024004728797423144,-3.8774258790162395
0.7,85,185,0.08571428571428572,0.06,0.4,0.005026633353681147,0.0003353501304664781,0.0634674180819181,0.06043549255532677,0.05263077875804074,0.055628631477227554,0.0029978527191868165,5.6960067662476215,0.07747025082922147,0.0818226020873888,0.004352351258167325,5.618093670255209,0.061991349543273504,0.05657673722514233,-0.005414612318131173,-8.734464337401567
0.7,86,186,0.08571428571428572,0.06,0.4,0.005138709781231264,0.0003353501304664781,0.06393985547492895,0.06043549255532677,0.055612327189756616,0.05398561480273459,-0.001626712387022028,-2.925093174884536,0.0665151829991613,0.0697304549152308,0.0032152719160695037,4.833891708769779,0.0677173553103359,0.06749562860751948,-0.0002217267028164216,-0.3274296549241916
0.7,87,187,0.08571428571428572,0.06,0.4,0.017872300074010958,0.0003353501304664781,0.06946460462410768,0.06043549255532677,0.05192827213403625,0.049893780652222185,-0.002034491481814067,-3.9178878830450534,0.0947092376533061,0.06609877659406782,-0.028610461059238285,-30.20873334866248,0.05723240705661025,0.061166541624517845,0.003934134567907595,6.873963144720135
0.7,88,188,0.08571428571428572,0.06,0.4,0.011963465685789992,0.0003353501304664781,0.06655017685516304,0.06043549255532677,0.05070711288250752,0.05501897554689324,0.00431186266438572,8.503467106038267,0.07398820769447527,0.10672568076569362,0.032737473071218354,44.24687945733665,0.0621976223323443,0.05967795502047549,-0.0025196673118688118,-4.05106693372509
0.7,89,189,0.08571428571428572,0.06,0.4,0.003742361252814441,0.0003353501304664781,0.06323249004276311,0.06043549255532677,0.04897642427440298,0.05424045145870887,0.0052640271843058944,10.748083924650834,0.067506097948699,0.08171367335849869,0.014207575409799694,21.046358538745174,0.05541582864889222,0.05236692304418409,-0.0030489056047081284,-5.501867749782494
0.7,90,190,0.08571428571428572,0.06,0.4,0.019258961149432256,0.0003353501304664781,0.06966806233128972,0.06043549255532677,0.051775831310064045,0.05215152255111136,0.0003756912410473115,0.7256112196392406,0.08080271177740062,0.06588251408552498,-0.014920197691875636,-18.464971488801698,0.06256461403937058,0.06275944780871401,0.00019483376934342767,0.3114120854654724
0.7,91,191,0.08571428571428572,0.06,0.4,0.011371768705384384,0.0003353501304664781,0.0665616776556852,0.06043549255532677,0.051307190942468814,0.05261071401118561,0.001303523068716797,2.5406245104676426,0.08773382221247268,0.08117925090400507,-0.006554571308467608,-7.470974298365604,0.05690323790197812,0.06127365096678361,0.004370413064805491,7.6804294903815356
0.7,92,192,0.08571428571428572,0.06,0.4,0.004605442644012372,0.0003353501304664781,0.06355608898750008,0.06043549255532677,0.05510037875592653,0.052683396912088204,-0.002416981843838324,-4.386506768936424,0.08773181064891436,0.07314580299429553,-0.01458600765461883,-16.625677216430873,0.06792345685409945,0.06410166139743045,-0.003821795456668997,-5.626620954935006
0.7,93,193,0.08571428571428572,0.06,0.4,0.040325064504814594,0.0003353501304664781,0.07772787306742308,0.06043549255532677,0.055333061902072746,0.05428949915403584,-0.001043562748036908,-1.8859660249486696,0.06703970157337293,0.076156931634807,0.00911723006143407,13.599747384697912,0.06242514667705403,0.06606966980429572,0.003644523127241693,5.838229177251307
0.7,94,194,0.08571428571428572,0.06,0.4,0.010868975429663271,0.0003353501304664781,0.06591958190058125,0.06043549255532677,0.05261704434084558,0.053091428872612166,0.00047438453176658346,0.9015795883432548,0.061421919983659576,0.07066490670274722,0.009242986719087645,15.048351991514771,0.058874221009179335,0.06478397848293159,0.005909757473752254,10.037937440957117
0.7,95,195,0.08571428571428572,0.06,0.4,0.020918128419306674,0.0003353501304664781,0.07102615675090647,0.06043549255532677,0.05201946119903407,0.056473602830734194,0.0044541416317001245,8.562452453434547,0.08289278437560682,0.06683607098504915,-0.01605671339055767,-19.37045969864024,0.05434132603619144,0.06387821079243301,0.009536884756241572,17.549966943924012
0.7,96,196,0.08571428571428572,0.06,0.4,0.009569196164658521,0.0003353501304664781,0.06521457474281005,0.06043549255532677,0.053662041293337806,0.05381300452884657,0.00015096323550876228,0.28132220070335734,0.09258897628023652,0.07182779415616716,-0.020761182124069355,-22.422952448714906,0.05945194168846048,0.06501583870770705,0.005563897019246575,9.358646431436096
0.7,97,197,0.08571428571428572,0.06,0.4,0.016796318837106576,0.0003353501304664781,0.06968113138730121,0.06043549255532677,0.04586828811117179,0.05679544491032096,0.01092715679914917,23.822900851814715,0.09858488835716227,0.09907404552988604,0.0004891571727237698,0.4961786546347822,0.04975351427418086,0.05398895463699685,0.0042354403628159926,8.51284662923587
0.7,98,198,0.08571428571428572,0.06,0.4,0.008447115497166936,0.0003353501304664781,0.06539952989882812,0.06043549255532677,0.05623767596104118,0.051255248451397804,-0.004982427509643374,-8.859589989271543,0.08607938671354835,0.07945293449110964,-0.006626452222438711,-7.6980709034207715,0.06519901304122847,0.057577617648880024,-0.0076213953923484415,-11.68943368441646
0.7,99,199,0.08571428571428572,0.06,0.4,0.009792318158910438,0.0003353501304664781,0.06598827845748377,0.06043549255532677,0.05068436073003597,0.051627881393793054,0.0009435206637570873,1.861561732587759,0.06510030773771813,0.06661849397454503,0.0015181862368268961,2.3320722890335617,0.06348550812761009,0.05773471631768671,-0.0057507918099233765,-9.058432356505525
0.8,0,100,0.075,0.06,0.4,0.001020676860862138,0.0003353501304664781,0.06114291227181883,0.06043549255532677,0.05227903361128479,0.05565631095982422,0.0033772773485394314,6.460099040182761,0.07643590785038243,0.06407907209453242,-0.012356835755850004,-16.166270674821558,0.05092163240002351,0.06381353636229821,0.0128919039622747,25.317145886055194
0.8,1,101,0.075,0.06,0.4,0.0019523989058652664,0.0003353501304664781,0.061664469046074484,0.06043549255532677,0.048683555599097254,0.04914533779742306,0.000461782198325808,0.9485383568294073,0.07984218432276635,0.07440889544418992,-0.005433288878576428,-6.805035364027697,0.05885431523510717,0.057903954107158255,-0.0009503611279489121,-1.6147688137266993
0.8,2,102,0.075,0.06,0.4,0.001422675073540261,0.0003353501304664781,0.061359595506669036,0.06043549255532677,0.05234248019736282,0.05617163097648178,0.0038291507791189602,7.315570001040733,0.07903576463981214,0.064495197535159,-0.014540567104653138,-18.397452306457115,0.060202935547240384,0.0679484078514971,0.007745472304256713,12.865605694889997
0.8,3,103,0.075,0.06,0.4,0.0009971736609714404,0.0003353501304664781,0.06113346186940822,0.06043549255532677,0.05032722908195535,0.05402710279610553,0.003699873714150176,7.351634059020253,0.0810950685709957,0.07159589903459541,-0.009499169536400287,-11.713621683523357,0.05527311227670311,0.06305147755171692,0.007778365275013806,14.072602309916036
0.8,4,104,0.075,0.06,0.4,0.0011290790670909847,0.0003353501304664781,0.06123766753947072,0.06043549255532677,0.05119621887821709,0.054242296729818555,0.003046077851601464,5.94981019759939,0.06326255002179447,0.07879998882908058,0.015537438807286114,24.56024741641514,0.06528116355477227,0.060873496308251125,-0.004407667246521148,-6.751820902859707
0.8,5,105,0.075,0.06,0.4,0.002207564187879387,0.0003353501304664781,0.06197157234631343,0.06043549255532677,0.05243502133258905,0.054228351316638765,0.001793329984049713,3.420099655676377,0.07131443862880558,0.09172973798294183,0.020415299354136246,28.627161268699975,0.05999929294987376,0.06276708503695833,0.002767792087084567,4.613041172663336
0.8,6,106,0.075,0.06,0.4,0.004904940918204032,0.0003353501304664781,0.06320268782105314,0.06043549255532677,0.05274316164064624,0.05504171161472852,0.002298549974082277,4.358005668569765,0.09472747098725408,0.07668597112120433,-0.01804149986604975,-19.04568936341317,0.053718430130723985,0.05344670360011881,-0.00027172653060517776,-0.5058348316284194
0.8,7,107,0.075,0.06,0.4,0.0014823252945458272,0.0003353501304664781,0.06130356163893791,0.06043549255532677,0.05190239552492012,0.05126237463658644,-0.0006400208883336755,-1.2331239856287164,0.06378659349272257,0.08498009670294901,0.021193503210226436,33.2256388838893,0.054375773230939735,0.054117297116505404,-0.0002584761144343306,-0.47535161171236107
0.8,8,108,0.075,0.06,0.4,0.0009361802151601192,0.0003353501304664781,0.06109980502170271,0.06043549255532677,0.05124726672090241,0.05628609266699939,0.005038825946096982,9.832379887768294,0.06039476522035152,0.0937405682394475,0.03334580301909598,55.21306838007093,0.05618698468293863,0.07012621803166312,0.013939233348724489,24.808651732039262
0.8,9,109,0.075,0.06,0.4,0.0012059544948492325,0.0003353501304664781,0.061288412165509336,0.06043549255532677,0.0497259163568056,0.05441624164872821,0.004690325291922606,9.432355671974817,0.09373135449462155,0.0978486434463947,0.004117288951773143,4.392648515507582,0.051028094045126815,0.0511157647393323,8.767069420548279e-05,0.17180867881906584
0.8,10,110,0.075,0.06,0.4,0.0017341775048199208,0.0003353501304664781,0.06169955986703247,0.06043549255532677,0.050221344434371235,0.050191042916481535,-3.0301517889699814e-05,-0.06033593530993091,0.06713786743534526,0.05571571358791123,-0.011422153847434037,-17.012982812469783,0.0549733624712438,0.051265737270054484,-0.0037076252011893143,-6.744403170042124
0.8,11,111,0.075,0.06,0.4,0.0005030519164846657,0.0003353501304664781,0.0606412527671815,0.06043549255532677,0.05492426932575183,0.05495626685381804,3.19975280662077e-05,0.058257539807098205,0.08006748030211115,0.10680782828813172,0.02674034798602057,33.397264263997954,0.05897219896197289,0.05709260357808054,-0.0018795953838923463,-3.1872567361857542
0.8,12,112,0.075,0.06,0.4,0.005442159555584214,0.0003353501304664781,0.06346678288749077,0.06043549255532677,0.052176347681895975,0.05178340578517032,-0.0003929418967256529,-0.7531034926425004,0.05529345601473317,0.09249902827354428,0.03720557225881111,67.28747837519423,0.05586234669898512,0.05890354218697404,0.0030411954879889166,5.444088312967647
0.8,13,113,0.075,0.06,0.4,0.0008759832745111721,0.0003353501304664781,0.060968937965996076,0.06043549255532677,0.05206255485385231,0.05679692275809627,0.004734367904243961,9.09361424450657,0.0725712680876223,0.061994807032566386,-0.01057646105505592,-14.573895887124278,0.05731753697710737,0.06694507003856452,0.009627533061457152,16.79683665629664
0.8,14,114,0.075,0.06,0.4,0.0008959444692612752,0.0003353501304664781,0.06104717860228621,0.06043549255532677,0.05326431118241393,0.05071772426261687,-0.0025465869197970614,-4.781037928146263,0.0707148747809747,0.07406146318989039,0.0033465884089156905,4.7325098422094145,0.06321700550586887,0.05634710106677969,-0.006869904439089178,-10.867177880564745
0.8,15,115,0.075,0.06,0.4,0.0007821772023884465,0.0003353501304664781,0.060905881313016844,0.06043549255532677,0.04712875648091697,0.056565905190636916,0.009437148709719949,20.024183565168265,0.08877222467639247,0.09916693169531655,0.010394707018924088,11.709413678452503,0.05642154265515883,0.05393844351424553,-0.0024830991409132974,-4.400977045398561
0.8,16,116,0.075,0.06,0.4,0.0008043946469960128,0.0003353501304664781,0.06095532166974364,0.06043549255532677,0.0517451306473083,0.054642461584193225,0.0028973309368849273,5.599233977459563,0.0630805911659902,0.08101308351690929,0.017932492350919094,28.42790788648691,0.05153984433904071,0.06359624202954539,0.012056397690504685,23.3923828158948
0.8,17,117,0.075,0.06,0.4,0.0011510167234969108,0.0003353501304664781,0.06122038079927788,0.06043549255532677,0.049726389075452786,0.05530002902237052,0.005573639946917737,11.208615888960937,0.07940649677572749,0.06942645128223564,-0.009980045493491851,-12.568298437442833,0.0566956585574074,0.05939214460708267,0.0026964860496752688,4.756071484635691
0.8,18,118,0.075,0.06,0.4,0.006552753256748135,0.0003353501304664781,0.06350479079451865,0.06043549255532677,0.05308937317680226,0.05352543962668571,0.0004360664498834488,0.8213818016483773,0.07631113866207387,0.07291923607365913,-0.003391902588414736,-4.444832887941808,0.05909712507191428,0.06016569932004696,0.0010685742481326768,1.8081662125396913
0.8,19,119,0.075,0.06,0.4,0.0009606754304025491,0.0003353501304664781,0.06114900716115969,0.06043549255532677,0.05148500620835039,0.053782779837158325,0.0022977736288079323,4.462995730270019,0.0747683360866008,0.08659684541020458,0.011828509323603784,15.820212061297383,0.06241277800938054,0.06129959553652196,-0.001113182472858583,-1.7835810363885314
0.8,20,120,0.075,0.06,0.4,0.004269267765134031,0.0003353501304664781,0.06339438403674663,0.06043549255532677,0.04979896356208757,0.053900986330044955,0.004102022767957382,8.23716494188303,0.10111176228921491,0.0925241761445911,-0.008587586144623807,-8.493162368251792,0.058002275582574196,0.05590930460955921,-0.0020929709730149876,-3.6084290693653154
0.8,21,121,0.075,0.06,0.4,0.0032733252092715407,0.0003353501304664781,0.062161047035988126,0.06043549255532677,0.05056171466806138,0.055425662518572026,0.004863947850510648,9.619823778609089,0.056244146267292426,0.07643795897922669,0.02019381271193426,35.90384787061394,0.05804824549063236,0.06359400129896023,0.005545755808327869,9.553700997255508
0.8,22,122,0.075,0.06,0.4,0.008728878639831678,0.0003353501304664781,0.06449790869508676,0.06043549255532677,0.05097609946294546,0.05058900000930633,-0.0003870994536391281,-0.75937440823716,0.07288938815293293,0.06567024283359175,-0.007219145319341175,-9.904247383987254,0.05720565898617815,0.053650162493512454,-0.003555496492665698,-6.215288060093436
0.8,23,123,0.075,0.06,0.4,0.0035222103764109215,0.0003353501304664781,0.06247133668389466,0.06043549255532677,0.05128720292880176,0.054776102929586214,0.003488900000784452,6.802671624786858,0.06971469856860425,0.061396180775826155,-0.008318517792778098,-11.932229448847263,0.060030450812770884,0.05951903667705822,-0.000511414135712665,-0.8519245296153377
0.8,24,124,0.075,0.06,0.4,0.0017038398890160428,0.0003353501304664781,0.061504326667989606,0.06043549255532677,0.056034995899460364,0.052963199708873136,-0.003071796190587228,-5.4819245389055355,0.11060674530993181,0.0951965641979896,-0.015410181111942214,-13.93240626397717,0.05622159341084604,0.06141938568725069,0.005197792276404649,9.245188478421731
0.8,25,125,0.075,0.06,0.4,0.001101233782759112,0.0003353501304664781,0.06113758290482796,0.06043549255532677,0.05388495183881424,0.05062506426991028,-0.0032598875689039616,-6.049717885348112,0.07869637386536456,0.06005483150784826,-0.0186415423575163,-23.68793051304835,0.06577278147769818,0.06208466421692276,-0.003688117260775413,-5.607360944627159
0.8,26,126,0.075,0.06,0.4,0.0013142415008073115,0.0003353501304664781,0.06136035640601071,0.06043549255532677,0.05290724449819469,0.05367753789076004,0.0007702933925653466,1.4559317913289371,0.057410350517166225,0.0648673723982043,0.00745702188103807,12.988985111331713,0.05994369666894594,0.05861496433628824,-0.0013287323326576991,-2.216633952350246
0.8,27,127,0.075,0.06,0.4,0.002480110732738713,0.0003353501304664781,0.061979119967870214,0.06043549255532677,0.04818328112980055,0.0506821070045839,0.002498825874783353,5.186084916159583,0.07560824879684892,0.08004807449114133,0.00443982569429241,5.8721445939341015,0.054355724444286616,0.053435062588641905,-0.000920661855644711,-1.6937716589323881
0.8,28,128,0.075,0.06,0.4,0.0007546236573817874,0.0003353501304664781,0.060907656909215506,0.06043549255532677,0.05190722155131241,0.05218236784807224,0.00027514629675982893,0.5300732509595714,0.05778358004097755,0.06857022990207723,0.01078664986109968,18.667327039013966,0.056706823752402366,0.060538174742140516,0.00383135098973815,6.756419662061986
0.8,29,129,0.075,0.06,0.4,0.0020150643030422627,0.0003353501304664781,0.06200092206642867,0.06043549255532677,0.05361311017271911,0.054891949465185774,0.0012788392924666658,2.3853107725830087,0.061405073158389105,0.08341127227831695,0.022006199119927843,35.83775409429892,0.06477260569312294,0.06307364561976127,-0.0016989600733616772,-2.622960826079689
0.8,30,130,0.075,0.06,0.4,0.0014470836857638852,0.0003353501304664781,0.06138419029998006,0.06043549255532677,0.05146487985740056,0.057029500763346154,0.005564620905945596,10.812462637363785,0.08324611488782761,0.09615873779905942,0.01291262291123181,15.511382037025149,0.06000466862521311,0.06338827251919853,0.0033836038939854193,5.638901058048136
0.8,31,131,0.075,0.06,0.4,0.002040275914040762,0.0003353501304664781,0.06191734759737776,0.06043549255532677,0.05207429512638108,0.05346729252661631,0.0013929974002352338,2.6750192140950073,0.06902702500351925,0.07905030360196344,0.010023278598444194,14.520803406974546,0.05980343202904094,0.061540814755612384,0.0017373827265714445,2.9051555531591564
0.8,32,132,0.075,0.06,0.4,0.0012342628916291027,0.0003353501304664781,0.061322047164637336,0.06043549255532677,0.05097539018435661,0.05374046274958769,0.0027650725652310845,5.4243283969597424,0.05070028392192773,0.08348041062704856,0.03278012670512083,64.65472018972959,0.05513842979436651,0.05724046795651229,0.0021020381621457765,3.812292388421517
0.8,33,133,0.075,0.06,0.4,0.0031462241544376155,0.0003353501304664781,0.062432660940282304,0.06043549255532677,0.05303621504211288,0.05423616192310447,0.0011999468809915925,2.2625047432943446,0.07768208701815443,0.06897712992295234,-0.008704957095202095,-11.205874390537078,0.06005212124116561,0.05224136408571311,-0.0078107571554525,-13.006629897526818
0.8,34,134,0.075,0.06,0.4,0.0010495783801135776,0.0003353501304664781,0.061184126006376384,0.06043549255532677,0.05303044886983147,0.05807032836501914,0.005039879495187666,9.503746625940416,0.06805823978675087,0.07335654626392282,0.005298306477171957,7.784959607790792,0.06235732831910402,0.05891285924791308,-0.0034444690711909406,-5.523759859569995
0.8,35,135,0.075,0.06,0.4,0.0020707358690059707,0.0003353501304664781,0.06183658267508311,0.06043549255532677,0.052864997681610244,0.051176886557499496,-0.0016881111241107485,-3.1932492161973163,0.06823031092190088,0.06129349092059782,-0.006936820001303058,-10.166771787458535,0.05598780286747533,0.0595453674353729,0.0035575645678975684,6.354177848911881
0.8,36,136,0.075,0.06,0.4,0.0010326911611824503,0.0003353501304664781,0.061233643285864406,0.06043549255532677,0.05276480030840734,0.05438635312302796,0.0016215528146206193,3.073171518024768,0.0831172905014264,0.06546703009836269,-0.01765026040306371,-21.235365465577598,0.05669356295408379,0.06352573214897643,0.006832169194892643,12.051049253027243
0.8,37,137,0.075,0.06,0.4,0.005251708339307917,0.0003353501304664781,0.0630564611850923,0.06043549255532677,0.05243819337238668,0.05242116137969304,-1.703199269363631e-05,-0.03248012869681577,0.06874245679253842,0.0945353701668053,0.025792913374266882,37.52108169789263,0.06949170441389267,0.050108420303695715,-0.019383284110196956,-27.89294675339965
0.8,38,138,0.075,0.06,0.4,0.0008203332565950771,0.0003353501304664781,0.060960478101092994,0.06043549255532677,0.049384602552353885,0.048982681209572956,-0.00040192134278092817,-0.8138596283220889,0.04348436095844358,0.08197155129155825,0.03848719033311467,88.50811989601382,0.04659790715542948,0.053098733028319405,0.006500825872889922,13.950896659813745
0.8,39,139,0.075,0.06,0.4,0.002265742475543134,0.0003353501304664781,0.06172971438653827,0.06043549255532677,0.05151801007601421,0.05417676853221616,0.0026587584562019484,5.160832983026677,0.05288167260388503,0.08129812557838441,0.02841645297449938,53.73591941267705,0.05471264684663628,0.05765868769645329,0.0029460408498170124,5.384570148973032
0.8,40,140,0.075,0.06,0.4,0.0009848364016308026,0.0003353501304664781,0.06109690560264472,0.06043549255532677,0.04960370817195748,0.055774261492262105,0.006170553320304625,12.439701683014562,0.11040328705143197,0.1028502169383018,-0.007553070113130167,-6.841345321187338,0.05132790060437761,0.056122015456859624,0.004794114852482011,9.340173270350228
0.8,41,141,0.075,0.06,0.4,0.003725567917011913,0.0003353501304664781,0.0625038698552732,0.06043549255532677,0.05041472877140103,0.051477794462317476,0.001063065690916444,2.108641099185073,0.09067643942549515,0.06753031556207306,-0.02314612386342209,-25.526061687104775,0.05228268940123131,0.056308720340014246,0.004026030938782933,7.700504669693054
0.8,42,142,0.075,0.06,0.4,0.0033389423073161,0.0003353501304664781,0.06263753050091146,0.06043549255532677,0.04925916291607802,0.054441886453368386,0.005182723537290365,10.5213390372063,0.06418852995920396,0.07189559201659361,0.007707062057389649,12.006914728048756,0.05741182267118053,0.06664701449820105,0.009235191827020525,16.085871162659306
0.8,43,143,0.075,0.06,0.4,0.0022014269062651266,0.0003353501304664781,0.061610004421220964,0.06043549255532677,0.05438195050204029,0.05416725784491805,-0.000214692657122241,-0.39478660684336103,0.07089478322092685,0.06442584613356957,-0.006468937087357282,-9.124701132378624,0.0666098695911417,0.06582643533040138,-0.0007834342607403177,-1.1761534222317485
0.8,44,144,0.075,0.06,0.4,0.0019844777847346736,0.0003353501304664781,0.06162203248897534,0.06043549255532677,0.051448138874435216,0.05412519736246459,0.002677058488029377,5.203411720223795,0.05714420469301624,0.07526640531565106,0.018122200622634817,31.713103227158193,0.05508341678186163,0.061150680250999866,0.0060672634691382385,11.014682500843199
0.8,45,145,0.075,0.06,0.4,0.0022468778411062376,0.0003353501304664781,0.06189240879870927,0.06043549255532677,0.05018925958062667,0.05532726131652785,0.0051380017359011765,10.23725350569721,0.09037815497528018,0.0799990300389598,-0.010379124936320372,-11.484108011675191,0.057161283634456043,0.05696308318611991,-0.00019820044833613465,-0.3467389738894214
0.8,46,146,0.075,0.06,0.4,0.009251580438818458,0.0003353501304664781,0.06472565157042078,0.06043549255532677,0.04849876580947924,0.05298924783295007,0.004490482023470833,9.258961436484954,0.05704786312594063,0.09215584450819161,0.035107981382250984,61.541273342255636,0.060255056262725856,0.05696994082529465,-0.0032851154374312075,-5.452016214385978
0.8,47,147,0.075,0.06,0.4,0.0017065084473247096,0.0003353501304664781,0.06175505432323256,0.06043549255532677,0.052371122607433145,0.05687990558997957,0.004508782982546422,8.60929221690291,0.07369298446990805,0.08010091771291203,0.006407933243003983,8.695445420073348,0.06372581237491,0.06907454245605109,0.00534873008114109,8.393349385133899
0.8,48,148,0.075,0.06,0.4,0.0015499595941321736,0.0003353501304664781,0.061447476163679265,0.06043549255532677,0.05149649548773909,0.05300620006549418,0.0015097045777550944,2.9316646957355443,0.057068185181582375,0.09276538467793857,0.0356971994963562,62.5518393177794,0.056793872821087915,0.051088541627084254,-0.005705331194003661,-10.0456808289454
0.8,49,149,0.075,0.06,0.4,0.0010078869478290316,0.0003353501304664781,0.06110563148308823,0.06043549255532677,0.05145285288468327,0.05269028291515099,0.0012374300304677163,2.40497846298447,0.06783820072069519,0.09347154499628431,0.025633344275589123,37.78600258153551,0.06138565454794249,0.05592190174134838,-0.005463752806594106,-8.900699759301075
0.8,50,150,0.075,0.06,0.4,0.001736513703699818,0.0003353501304664781,0.06177960382727119,0.06043549255532677,0.05330968965978111,0.05053245795955275,-0.0027772317002283595,-5.209618960366244,0.07723229268058363,0.059420407894107415,-0.01781188478647621,-23.06274249832565,0.06420441451020065,0.0588673225499341,-0.005337091960266549,-8.31265575892543
0.8,51,151,0.075,0.06,0.4,0.0013054202018067847,0.0003353501304664781,0.061357566561482384,0.06043549255532677,0.051136663944746294,0.052853973503674025,0.0017173095589277307,3.3582745264401717,0.07358009524766916,0.0914225245598291,0.017842429312159944,24.248989148631402,0.05586570486612598,0.05373147290874271,-0.00213423195738327,-3.820290037506277
0.8,52,152,0.075,0.06,0.4,0.001857342940433049,0.0003353501304664781,0.061711122588052926,0.06043549255532677,0.05298945873773602,0.05699156626465412,0.004002107526918097,7.552648436599387,0.060034398089940356,0.08696400038362581,0.026929602293685455,44.85695393054653,0.06547936922687565,0.047556528876379,-0.017922840350496655,-27.37173641425416
0.8,53,153,0.075,0.06,0.4,0.0009918960795403207,0.0003353501304664781,0.061192851821215886,0.06043549255532677,0.05223875068259663,0.05369674877451221,0.0014579980919155744,2.7910278727268785,0.07395646440433712,0.08298295818724692,0.009026493782909803,12.205145088548138,0.06091235157948586,0.06059882004444432,-0.0003135315350415377,-0.5147257114715126
0.8,54,154,0.075,0.06,0.4,0.0011214742026461062,0.0003353501304664781,0.06119630003633554,0.06043549255532677,0.05299127035118685,0.05234687338380832,-0.0006443969673785299,-1.2160436296543649,0.10366448363822234,0.06573624370183594,-0.0379282399363864,-36.587497091821525,0.05872344836931357,0.06104491669362558,0.002321468324312008,3.953222075298137
0.8,55,155,0.075,0.06,0.4,0.0010616796947571679,0.0003353501304664781,0.061175269304306674,0.06043549255532677,0.05237342969665726,0.04936287888933968,-0.0030105508073175816,-5.748240710517628,0.08195994831224367,0.060406624170955,-0.021553324141288667,-26.297386205243498,0.06112818662643604,0.06443771402666178,0.003309527400225734,5.414077503150513
0.8,56,156,0.075,0.06,0.4,0.0009803360909262022,0.0003353501304664781,0.061091209326464176,0.06043549255532677,0.05302633882990809,0.055313360466687944,0.0022870216367798513,4.312991783415222,0.07640028773301519,0.07106528197622085,-0.005335005756794339,-6.98296552944643,0.04789926236638481,0.06419677279357375,0.016297510427188938,34.02455407878339
0.8,57,157,0.075,0.06,0.4,0.0010227566647838,0.0003353501304664781,0.06108689426014072,0.06043549255532677,0.051976271953813755,0.05340900786048138,0.0014327359066676273,2.75651918233143,0.0656011785782919,0.09611823904581632,0.03051706046752442,46.51907348143716,0.06322844136005668,0.05296248911146588,-0.010265952248590796,-16.236288650752837
0.8,58,158,0.075,0.06,0.4,0.0007066927837099182,0.0003353501304664781,0.060864804192076426,0.06043549255532677,0.051064512485759224,0.055808708298816845,0.004744195813057621,9.290592589874766,0.06198827186373346,0.07813731764865249,0.016149045784919033,26.05177608502926,0.058769020859470944,0.06219045259823293,0.0034214317387619847,5.821828726640428
0.8,59,159,0.075,0.06,0.4,0.0012279736569046856,0.0003353501304664781,0.061257561643583334,0.06043549255532677,0.050709814192900014,0.05255979632251819,0.0018499821296181773,3.6481737491303945,0.0828310891657764,0.08668752136719159,0.003856432201415183,4.655778694032382,0.055206881020654484,0.05431861247756205,-0.0008882685430924367,-1.6089815738007547
0.8,60,160,0.075,0.06,0.4,0.0006259345511261462,0.0003353501304664781,0.06078791077337455,0.06043549255532677,0.051552853182869646,0.053526389117360254,0.0019735359344906084,3.8281798438779506,0.07193829151537541,0.06560772292523923,-0.006330568590136185,-8.799998522043229,0.056990671077715466,0.06190257914218909,0.004911908064473627,8.618793166649139
0.8,61,161,0.075,0.06,0.4,0.0007249180159786005,0.0003353501304664781,0.060896245662177245,0.06043549255532677,0.04926279413650263,0.05557601858922025,0.0063132244527176196,12.815400675861506,0.06883947204111783,0.07158248667076975,0.002743014629651916,3.9846537870213656,0.05117815088193364,0.06575334423505791,0.014575193353124266,28.479327802891458
0.8,62,162,0.075,0.06,0.4,0.0008995885002477073,0.0003353501304664781,0.061075698370350505,0.06043549255532677,0.053405337534696014,0.05377928166774559,0.00037394413304957935,0.7001999244113716,0.07156119546522008,0.054144381940383166,-0.017416813524836913,-24.338349033453156,0.064285852028393,0.0630538013937559,-0.0012320506346371052,-1.9165191029792183
0.8,63,163,0.075,0.06,0.4,0.0013496445453596779,0.0003353501304664781,0.061396322487078936,0.06043549255532677,0.052905567516147646,0.05286514507575719,-4.04224403904585e-05,-0.07640488948185067,0.06562839831398368,0.0674685491935589,0.001840150879575217,2.803894239154591,0.06290907612051412,0.06306311230131244,0.00015403618079831705,0.24485525825118126
0.8,64,164,0.075,0.06,0.4,0.0037814698481429213,0.0003353501304664781,0.06251951228496687,0.06043549255532677,0.052852878475681306,0.04964855507604807,-0.003204323399633238,-6.06272258398871,0.07285074120239957,0.08494275887684119,0.012092017674441624,16.59834543185586,0.05812496495383652,0.055233317115196766,-0.002891647838639752,-4.974881001539236
0.8,65,165,0.075,0.06,0.4,0.0030471422782009836,0.0003353501304664781,0.06242705608221205,0.06043549255532677,0.052980941812786245,0.05294362458789693,-3.731722488931749e-05,-0.07043518596023046,0.06714454940288464,0.08610643564268662,0.01896188623980198,28.2403953983305,0.05985094119122765,0.056125133148387484,-0.003725808042840166,-6.225145283740764
0.8,66,166,0.075,0.06,0.4,0.001611091352160352,0.0003353501304664781,0.0614710050239482,0.06043549255532677,0.05250926363626432,0.05073762990086756,-0.001771633735396759,-3.3739451150353226,0.08167587561476383,0.08750208903386954,0.005826213419105705,7.133334506979626,0.05737977082885749,0.05244096018551873,-0.004938810643338766,-8.60723312762855
0.8,67,167,0.075,0.06,0.4,0.0014102519044686607,0.0003353501304664781,0.061366102920182124,0.06043549255532677,0.05415770307103585,0.054677254527340895,0.0005195514563050424,0.9593306710655245,0.0872290040446378,0.0725092098571848,-0.014719794187453006,-16.874885078271017,0.06087959521874462,0.062095612630871246,0.0012160174121266243,1.9974137603204967
0.8,68,168,0.075,0.06,0.4,0.0008927574361083079,0.0003353501304664781,0.06102753709992836,0.06043549255532677,0.05332822873247957,0.04945011249488656,-0.0038781162375930087,-7.272163973507414,0.09721628300985415,0.05817223203177874,-0.03904405097807541,-40.1620487527977,0.06215938584148244,0.05566206097430856,-0.00649732486717388,-10.452685108156027
0.8,69,169,0.075,0.06,0.4,0.0014048631477528095,0.0003353501304664781,0.06127337206963863,0.06043549255532677,0.050020820282859396,0.05406692130549496,0.004046101022635563,8.088833809112959,0.08177811394553393,0.09904683830654416,0.017268724361010235,21.11655983226954,0.0584163530258286,0.05828144048720677,-0.00013491253862182861,-0.23094995088477618
0.8,70,170,0.075,0.06,0.4,0.0014826957791261516,0.0003353501304664781,0.06146575353821713,0.06043549255532677,0.04796571904136649,0.05364175406766508,0.005676035026298591,11.833524316404969,0.0836003961608328,0.06120780931000321,-0.022392586850829586,-26.785264040794853,0.06054035081493026,0.0651391188982155,0.004598768083285236,7.596203228725102
0.8,71,171,0.075,0.06,0.4,0.001017189527858394,0.0003353501304664781,0.06106114798006201,0.06043549255532677,0.050846404524259765,0.05454818333637041,0.0037017788121106454,7.28031577993771,0.06556537610885961,0.07361782696584859,0.008052450856988982,12.281559772675328,0.05611776331205313,0.05761731234003246,0.00149954902797933,2.672146820322849
0.8,72,172,0.075,0.06,0.4,0.0011477417715505436,0.0003353501304664781,0.0612293782513996,0.06043549255532677,0.0569761343728848,0.05662846321910591,-0.00034767115377888624,-0.6102048824574953,0.06119931766264757,0.06455276663948753,0.003353448976839958,5.479552885418368,0.06729019533991933,0.06334872754231258,-0.003941467797606749,-5.857417678305516
0.8,73,173,0.075,0.06,0.4,0.0012200494317737153,0.0003353501304664781,0.06132641970866548,0.06043549255532677,0.047602490657439746,0.0494276547678886,0.0018251641104488556,3.834177760956301,0.0972217749475222,0.09033163998645503,-0.0068901349610671625,-7.087028564111568,0.05233421338133754,0.0528871914796506,0.0005529780983130547,1.056628279255359
0.8,74,174,0.075,0.06,0.4,0.005274026637682017,0.0003353501304664781,0.06320914066246502,0.06043549255532677,0.05357217090275977,0.05213878061295541,-0.0014333902898043607,-2.6756247985659276,0.07628307466619423,0.07226517292497245,-0.004017901741221783,-5.2670946455732786,0.05906326855332226,0.06009288004912024,0.0010296114957979788,1.7432348751042226
0.8,75,175,0.075,0.06,0.4,0.004057184433023537,0.0003353501304664781,0.062292007004270136,0.06043549255532677,0.05189975968834314,0.057475912101644155,0.005576152413301012,10.744081372988388,0.0630541057780104,0.0915721494335651,0.0285180436555547,45.227893257190765,0.057998278657269565,0.0629022419043987,0.004903963247129141,8.455359987678657
0.8,76,176,0.075,0.06,0.4,0.0008832636081541857,0.0003353501304664781,0.061031221053506265,0.06043549255532677,0.04951378815394634,0.05185291480722278,0.0023391266532764438,4.724192473425226,0.07567662538203264,0.07086574458578246,-0.00481088079625018,-6.357155557563212,0.0569564930346843,0.05963472505980163,0.0026782320251173275,4.7022418032065065
0.8,77,177,0.075,0.06,0.4,0.0013973590010974532,0.0003353501304664781,0.061458467619895166,0.06043549255532677,0.052828380242249694,0.054450874529129466,0.001622494286879772,3.071255032692023,0.08104512571449424,0.0808003464813571,-0.0002447792331371351,-0.30202832185052486,0.06425666220117864,0.05886860695148008,-0.005388055249698556,-8.38520873186551
0.8,78,178,0.075,0.06,0.4,0.0013505987594722027,0.0003353501304664781,0.06147003061556928,0.06043549255532677,0.04782532862996041,0.056437671154442585,0.008612342524482175,18.007910810438073,0.06257613601154008,0.06753743485079354,0.004961298839253461,7.928419930464411,0.06136258415487581,0.05801286815306792,-0.0033497160018078898,-5.458890051555504
0.8,79,179,0.075,0.06,0.4,0.000866865187591321,0.0003353501304664781,0.06091111020668846,0.06043549255532677,0.052623074248934525,0.057564287155304136,0.004941212906369612,9.38982181655732,0.09697530058671164,0.1033858110682387,0.0064105104815270625,6.610456933613758,0.061333986093934714,0.055711603824587716,-0.005622382269346998,-9.166830051997865
0.8,80,180,0.075,0.06,0.4,0.0009278896190368259,0.0003353501304664781,0.061064798747681184,0.06043549255532677,0.051039624235142474,0.05402287388247145,0.0029832496473289755,5.844967889232439,0.09413848981145698,0.07052087173332602,-0.023617618078130953,-25.08816332770255,0.0564767373726758,0.06286782241396861,0.006391085041292814,11.316314182810615
0.8,81,181,0.075,0.06,0.4,0.001436656608326236,0.0003353501304664781,0.06138933486904421,0.06043549255532677,0.05406056437771892,0.05210387500825588,-0.001956689369463034,-3.619439404649435,0.09208776980177776,0.06721052451983801,-0.02487724528193974,-27.01471143832553,0.05444677008908831,0.06836347137082988,0.013916701281741564,25.5601962411552
0.8,82,182,0.075,0.06,0.4,0.0013737035480291728,0.0003353501304664781,0.06139531309247958,0.06043549255532677,0.0535121663995529,0.05268357336129191,-0.0008285930382609871,-1.5484199089871087,0.09204900287443503,0.07557556448035901,-0.016473438394076015,-17.896378971695757,0.0635842717338292,0.05803332919262049,-0.005550942541208713,-8.730056018327257
0.8,83,183,0.075,0.06,0.4,0.0008543151140928941,0.0003353501304664781,0.06100942201401433,0.06043549255532677,0.054063468133641254,0.050743553325649705,-0.003319914807991549,-6.140772914872835,0.09418819495197885,0.07110914615397634,-0.023079048798002502,-24.50312250889741,0.060315244334741745,0.05853828523023314,-0.0017769591045086047,-2.946119383429359
0.8,84,184,0.075,0.06,0.4,0.0010252612976713268,0.0003353501304664781,0.061189251714025,0.06043549255532677,0.052300847720054666,0.052483994841847834,0.0001831471217931674,0.35018002532861425,0.09865682339282553,0.08333062060023255,-0.015326202792592974,-15.534863444333766,0.06190893016764385,0.0585998718057295,-0.0033090583619143493,-5.34504206897731
0.8,85,185,0.075,0.06,0.4,0.000978398521820507,0.0003353501304664781,0.06103263762410729,0.06043549255532677,0.05263077875804074,0.05562527986847973,0.002994501110438995,5.689638612807921,0.07747025082922147,0.08082983943807516,0.0033595886088536864,4.336617698914772,0.061991349543273504,0.05611763106576947,-0.005873718477504036,-9.475061473542926
0.8,86,186,0.075,0.06,0.4,0.0011414526907804394,0.0003353501304664781,0.061187168718043826,0.06043549255532677,0.055612327189756616,0.05397958136951155,-0.0016327458202450643,-2.9359422681124627,0.0665151829991613,0.06805634386869489,0.0015411608695335838,2.317006133100493,0.0677173553103359,0.06639494296180018,-0.001322412348535723,-1.9528411032524173
0.8,87,187,0.075,0.06,0.4,0.004002830057421841,0.0003353501304664781,0.0627801141868759,0.06043549255532677,0.05192827213403625,0.04989132145666746,-0.0020369506773687887,-3.922623637680551,0.0947092376533061,0.06472749742316661,-0.029981740230139498,-31.656616580413257,0.05723240705661025,0.059781754570153216,0.0025493475135429655,4.454377588944199
0.8,88,188,0.075,0.06,0.4,0.0014395201519401396,0.0003353501304664781,0.06139914343280486,0.06043549255532677,0.05070711288250752,0.05501738623905402,0.004310273356546504,8.500332816292964,0.07398820769447527,0.10554555290686272,0.031557345212387455,42.65185790511297,0.0621976223323443,0.05838479919454254,-0.003812823137801756,-6.130175069118348
0.8,89,189,0.075,0.06,0.4,0.0008360918834067826,0.0003353501304664781,0.06097636610555738,0.06043549255532677,0.04897642427440298,0.05423273085221304,0.005256306577810066,10.73232000025208,0.067506097948699,0.08031852459866343,0.012812426649964431,18.9796581928068,0.05541582864889222,0.051898130412291334,-0.0035176982366008844,-6.347822133796072
0.8,90,190,0.075,0.06,0.4,0.004469307482645679,0.0003353501304664781,0.06284247250302541,0.06043549255532677,0.051775831310064045,0.052145485719701075,0.00036965440963702967,0.7139516648671892,0.08080271177740062,0.06459602457670532,-0.01620668720069529,-20.057108040312173,0.06256461403937058,0.06214125606060103,-0.0004233579787695507,-0.6766732046059464
0.8,91,191,0.075,0.06,0.4,0.0017617449453236802,0.0003353501304664781,0.06167415595608693,0.06043549255532677,0.051307190942468814,0.052612506838422834,0.0013053158959540206,2.544118810592617,0.08773382221247268,0.08044659202465458,-0.0072872301878181,-8.306067151810595,0.05690323790197812,0.06009155304288817,0.0031883151409100516,5.603046959124301
0.8,92,192,0.075,0.06,0.4,0.0007896910052638835,0.0003353501304664781,0.060931917599577994,0.06043549255532677,0.05510037875592653,0.05267808261351419,-0.0024222961424123363,-4.396151527636817,0.08773181064891436,0.07060478302111979,-0.01712702762779457,-19.52202684649198,0.06792345685409945,0.06341815997041826,-0.00450529688368119,-6.632902817886067
0.8,93,193,0.075,0.06,0.4,0.007263682391120346,0.0003353501304664781,0.06444197501241901,0.06043549255532677,0.055333061902072746,0.054280548509829496,-0.0010525133922432497,-1.9021419673213913,0.06703970157337293,0.07407546559492066,0.007035764021547736,10.494921451652504,0.06242514667705403,0.06501688336005809,0.0025917366830040603,4.151751050601407
0.8,94,194,0.075,0.06,0.4,0.0014928470142662588,0.0003353501304664781,0.06145501699545732,0.06043549255532677,0.05261704434084558,0.05309029790498676,0.0004732535641411781,0.8994301562731463,0.061421919983659576,0.06959369504348277,0.008171775059823194,13.30433021630906,0.058874221009179335,0.06392473442173427,0.005050513412554934,8.578480234613188
0.8,95,195,0.075,0.06,0.4,0.0043705450382608875,0.0003353501304664781,0.06292815155408568,0.06043549255532677,0.05201946119903407,0.05646872289279236,0.00444926169375829,8.553071468262162,0.08289278437560682,0.06500689023936662,-0.0178858941362402,-21.577142414706426,0.05434132603619144,0.06347421341777851,0.009132887381587067,16.806522857952608
0.8,96,196,0.075,0.06,0.4,0.002213753756256885,0.0003353501304664781,0.061602289746733596,0.06043549255532677,0.053662041293337806,0.05381593545224794,0.0001538941589101367,0.286784019394437,0.09258897628023652,0.0706162667551448,-0.021972709525091713,-23.73145314684927,0.05945194168846048,0.06394832543662048,0.004496383748159999,7.5630561769065645
0.8,97,197,0.075,0.06,0.4,0.002856751633866425,0.0003353501304664781,0.06227430085775511,0.06043549255532677,0.04586828811117179,0.05677784454037445,0.01090955642920266,23.784529308704467,0.09858488835716227,0.09888226888009753,0.0002973805229352644,0.3016491958259234,0.04975351427418086,0.05308248011724227,0.0033289658430614155,6.690915991815583
0.8,98,198,0.075,0.06,0.4,0.0012495001216001494,0.0003353501304664781,0.061328153097293406,0.06043549255532677,0.05623767596104118,0.05124946231614744,-0.004988213644893741,-8.869878706135262,0.08607938671354835,0.07931812144201747,-0.0067612652715308835,-7.854685691512603,0.06519901304122847,0.05646020078006717,-0.008738812261161293,-13.403289181134264
0.8,99,199,0.075,0.06,0.4,0.0018794417438472745,0.0003353501304664781,0.061660219677794385,0.06043549255532677,0.05068436073003597,0.0516203650941758,0.0009360043641398336,1.846732109585728,0.06510030773771813,0.0661711341963265,0.0010708264586083704,1.6448869380504476,0.06348550812761009,0.057329645164570495,-0.006155862963039591,-9.696485299709499
0.9,0,100,0.06666666666666667,0.06,0.4,0.0004945919206987205,0.0003353501304664781,0.060626065612160704,0.06043549255532677,0.05227903361128479,0.055661805445673104,0.003382771834388315,6.470608962553816,0.07643590785038243,0.06374145099220756,-0.012694456858174871,-16.607975512011084,0.05092163240002351,0.06265379727035085,0.011732164870327341,23.039648018671777
0.9,1,101,0.06666666666666667,0.06,0.4,0.0006494787405148593,0.0003353501304664781,0.06076504488582265,0.06043549255532677,0.048683555599097254,0.049146741538548484,0.00046318593945123,0.9514217557680172,0.07984218432276635,0.07380237882674932,-0.006039805496017028,-7.564679683111859,0.05885431523510717,0.05747139549567709,-0.001382919739430076,-2.349733802705347
0.9,2,102,0.06666666666666667,0.06,0.4,0.0005566465448530948,0.0003353501304664781,0.06068112322043083,0.06043549255532677,0.05234248019736282,0.056168281696254006,0.003825801498891189,7.309171220900506,0.07903576463981214,0.06416369267512342,-0.014872071964688718,-18.816888825539763,0.060202935547240384,0.06689534249269742,0.006692406945457037,11.116412986548804
0.9,3,103,0.06666666666666667,0.06,0.4,0.00045947796765641823,0.0003353501304664781,0.060587071439557084,0.06043549255532677,0.05032722908195535,0.05402388105613749,0.00369665197418214,7.345232474774896,0.0810950685709957,0.07127869594505928,-0.009816372625936418,-12.104771349126551,0.05527311227670311,0.06235512656268722,0.007082014285984109,12.812765545986966
0.9,4,104,0.06666666666666667,0.06,0.4,0.0005208499379066224,0.0003353501304664781,0.0606555120873306,0.06043549255532677,0.05119621887821709,0.05424343728151739,0.0030472184033003002,5.952038002159623,0.06326255002179447,0.07794072903064966,0.014678179008855194,23.202003402958688,0.06528116355477227,0.0602949052587079,-0.004986258296064375,-7.638127178724073
0.9,5,105,0.06666666666666667,0.06,0.4,0.0006470849903679895,0.0003353501304664781,0.060781495748430524,0.06043549255532677,0.05243502133258905,0.05422282958950993,0.0017878082569208753,3.409569046574849,0.07131443862880558,0.09152935690884138,0.0202149182800358,28.346178794528875,0.05999929294987376,0.061956168733368656,0.0019568757834948977,3.2614980732019028
0.9,6,106,0.06666666666666667,0.06,0.4,0.000905912905353209,0.0003353501304664781,0.06098972037270679,0.06043549255532677,0.05274316164064624,0.055032708292599694,0.002289546651953453,4.340935546398921,0.09472747098725408,0.07687133437471438,-0.017856136612539694,-18.8500087951702,0.053718430130723985,0.05304667630885501,-0.0006717538218689728,-1.2505090343002534
0.9,7,107,0.06666666666666667,0.06,0.4,0.0005831786548342008,0.0003353501304664781,0.06068286351737126,0.06043549255532677,0.05190239552492012,0.05125786184103535,-0.000644533683884771,-1.2418187587802345,0.06378659349272257,0.08452283318802133,0.020736239695298753,32.50877427349143,0.054375773230939735,0.05399954447954767,-0.0003762287513920659,-0.6919051059636101
0.9,8,108,0.06666666666666667,0.06,0.4,0.0004472737639546956,0.0003353501304664781,0.060575937821960156,0.06043549255532677,0.05124726672090241,0.056282157688354525,0.005034890967452119,9.824701471148938,0.06039476522035152,0.09359006326351825,0.03319529804316673,54.963866358372314,0.05618698468293863,0.06945724328270145,0.013270258599762816,23.61802946829495
0.9,9,109,0.06666666666666667,0.06,0.4,0.000516708400280974,0.0003353501304664781,0.06064715987716619,0.06043549255532677,0.0497259163568056,0.05441110366300136,0.004685187306195757,9.422023060525321,0.09373135449462155,0.09848817443638481,0.00475681994176326,5.07495060474797,0.051028094045126815,0.05073678745837977,-0.0002913065867470449,-0.5708749115525014
0.9,10,110,0.06666666666666667,0.06,0.4,0.000563948622721226,0.0003353501304664781,0.06070552852218882,0.06043549255532677,0.050221344434371235,0.05018947969128863,-3.18647430826019e-05,-0.06344860624797179,0.06713786743534526,0.05518012989031645,-0.011957737545028817,-17.810719943620924,0.0549733624712438,0.05061349150107115,-0.004359870970172645,-7.930879200727926
0.9,11,111,0.06666666666666667,0.06,0.4,0.0003808477467205914,0.0003353501304664781,0.06049316984613408,0.06043549255532677,0.05492426932575183,0.054955243887746016,3.0974561994183414e-05,0.056395036974412074,0.08006748030211115,0.10597092090241336,0.02590344060030221,32.352011706329684,0.05897219896197289,0.05651170415204106,-0.0024604948099318236,-4.172296189121975
0.9,12,112,0.06666666666666667,0.06,0.4,0.0013028389879132759,0.0003353501304664781,0.06125364656429968,0.06043549255532677,0.052176347681895975,0.05178609905724477,-0.0003902486246512085,-0.7479416287058668,0.05529345601473317,0.09181607739158831,0.03652262137685514,66.05233966045374,0.05586234669898512,0.057805354477858166,0.001943007778873046,3.4782065088367395
0.9,13,113,0.06666666666666667,0.06,0.4,0.00044539599147409517,0.0003353501304664781,0.06056650847594905,0.06043549255532677,0.05206255485385231,0.056793624153737204,0.004731069299884892,9.087278396470822,0.0725712680876223,0.061246342617698346,-0.01132492546992396,-15.605246771008995,0.05731753697710737,0.06654863220036414,0.009231095223256769,16.10518474815774
0.9,14,114,0.06666666666666667,0.06,0.4,0.0004611642574992898,0.0003353501304664781,0.06059000374722911,0.06043549255532677,0.05326431118241393,0.05071439429981294,-0.0025499168826009916,-4.787289699229017,0.0707148747809747,0.07309771995270957,0.002382845171734871,3.3696519708410166,0.06321700550586887,0.05563721558329416,-0.007579789922574708,-11.990112252107583
0.9,15,115,0.06666666666666667,0.06,0.4,0.00044108647049930064,0.0003353501304664781,0.06056196871111298,0.06043549255532677,0.04712875648091697,0.05655961633367474,0.009430859852757774,20.010839574297805,0.08877222467639247,0.09931242324914612,0.01054019857275365,11.87330678168376,0.05642154265515883,0.053458892573803485,-0.0029626500813553433,-5.250920024400392
0.9,16,116,0.06666666666666667,0.06,0.4,0.0004560772505779707,0.0003353501304664781,0.06058396728128195,0.06043549255532677,0.0517451306473083,0.05464104884876133,0.002895918201453032,5.596503797026694,0.0630805911659902,0.08026284601083436,0.01718225484484416,27.238576124993493,0.05153984433904071,0.0633459370669685,0.011806092727927799,22.90672950089772
0.9,17,117,0.06666666666666667,0.06,0.4,0.0004752623350566172,0.0003353501304664781,0.06060212665878628,0.06043549255532677,0.049726389075452786,0.05529961314732322,0.005573224071870435,11.207779562304138,0.07940649677572749,0.06879344042363525,-0.01061305635209224,-13.36547610464082,0.0566956585574074,0.05886408156935241,0.00216842301194501,3.82467205976515
0.9,18,118,0.06666666666666667,0.06,0.4,0.0025436716537794047,0.0003353501304664781,0.061561130395137206,0.06043549255532677,0.05308937317680226,0.053510886185741874,0.0004215130089396113,0.7939687054429079,0.07631113866207387,0.0718289933361489,-0.004482145325924974,-5.873513886056808,0.05909712507191428,0.059068542022667946,-2.858304924633487e-05,-0.048366226295361484
0.9,19,119,0.06666666666666667,0.06,0.4,0.0004822410575164918,0.0003353501304664781,0.060617033164184694,0.06043549255532677,0.05148500620835039,0.05377968608146266,0.002294679873112271,4.456986688175042,0.0747683360866008,0.08608275878886021,0.011314422702259408,15.132639422595176,0.06241277800938054,0.06068849530737724,-0.0017242827020033033,-2.7627078252215376
0.9,20,120,0.06666666666666667,0.06,0.4,0.0009577313380423549,0.0003353501304664781,0.06108280518740707,0.06043549255532677,0.04979896356208757,0.05389917230836198,0.004100208746274404,8.23352225225011,0.10111176228921491,0.09216869955471274,-0.008943062734502169,-8.84473035780139,0.058002275582574196,0.05512037706763244,-0.0028818985149417567,-4.968595604217249
0.9,21,121,0.06666666666666667,0.06,0.4,0.0009189898783037743,0.0003353501304664781,0.06093191743425978,0.06043549255532677,0.05056171466806138,0.05543038881328089,0.004868674145219513,9.629171354615746,0.056244146267292426,0.07512797315323691,0.018883826885944484,33.57474179837621,0.05804824549063236,0.06301454126054787,0.004966295769915509,8.55546231921334
0.9,22,122,0.06666666666666667,0.06,0.4,0.001061463674686646,0.0003353501304664781,0.0610538522584105,0.06043549255532677,0.05097609946294546,0.05059572974495343,-0.0003803697179920254,-0.7461726613047674,0.07288938815293293,0.0656438027102743,-0.007245585442658631,-9.940521694950025,0.05720565898617815,0.05216532167422119,-0.005040337311956959,-8.810906825100624
0.9,23,123,0.06666666666666667,0.06,0.4,0.0008105429102468372,0.0003353501304664781,0.060876111743710146,0.06043549255532677,0.05128720292880176,0.054772671906709786,0.003485468977908024,6.795981802218076,0.06971469856860425,0.060715579676724335,-0.008999118891879918,-12.908495735693586,0.060030450812770884,0.058869596745318935,-0.0011608540674519496,-1.933775361895149
0.9,24,124,0.06666666666666667,0.06,0.4,0.0005753018391069993,0.0003353501304664781,0.060700472528805643,0.06043549255532677,0.056034995899460364,0.052961795376531624,-0.00307320052292874,-5.484430709056831,0.11060674530993181,0.09446163100969225,-0.016145114300239558,-14.596862293523996,0.05622159341084604,0.06030552079642116,0.0040839273855751215,7.26398370770343
0.9,25,125,0.06666666666666667,0.06,0.4,0.0004969243477867712,0.0003353501304664781,0.060620358313429726,0.06043549255532677,0.05388495183881424,0.050624720883568716,-0.0032602309552455244,-6.050355143673201,0.07869637386536456,0.059708752361346346,-0.018987621504018212,-24.127695561300758,0.06577278147769818,0.0614204928417073,-0.004352288635990874,-6.617157642126814
0.9,26,126,0.06666666666666667,0.06,0.4,0.0004909053929264845,0.0003353501304664781,0.06062339931406161,0.06043549255532677,0.05290724449819469,0.053678754136655876,0.0007715096384611833,1.458230618091458,0.057410350517166225,0.06476319289607564,0.007352842378909416,12.807520443044236,0.05994369666894594,0.057813055581176914,-0.0021306410877690238,-3.554403892599454
0.9,27,127,0.06666666666666667,0.06,0.4,0.0007065224595203066,0.0003353501304664781,0.06080408193333616,0.06043549255532677,0.04818328112980055,0.050682372933404475,0.0024990918036039284,5.186636827142688,0.07560824879684892,0.08022852273183578,0.00462027393498686,6.110806702322956,0.054355724444286616,0.0530496711651651,-0.001306053279121512,-2.402788836822858
0.9,28,128,0.06666666666666667,0.06,0.4,0.00044549269261074206,0.0003353501304664781,0.060570037399102765,0.06043549255532677,0.05190722155131241,0.0521828870590071,0.00027566550769469317,0.5310735182043727,0.05778358004097755,0.06741584388039211,0.00963226383941456,16.669551856398975,0.056706823752402366,0.05970456146081903,0.002997737708416666,5.286379151661915
0.9,29,129,0.06666666666666667,0.06,0.4,0.0006265817928037223,0.0003353501304664781,0.06077404258695767,0.06043549255532677,0.05361311017271911,0.05489166900694017,0.0012785588342210594,2.3847876575376348,0.061405073158389105,0.08350900329381486,0.022103930135425755,35.99691197893465,0.06477260569312294,0.062454245808437,-0.0023183598846859416,-3.579228996390502
0.9,30,130,0.06666666666666667,0.06,0.4,0.0005674863075110941,0.0003353501304664781,0.06069312611550519,0.06043549255532677,0.05146487985740056,0.05703211584818121,0.005567235990780649,10.817543937159488,0.08324611488782761,0.0955835226804263,0.01233740779259869,14.82040069884713,0.06000466862521311,0.06279414503634421,0.0027894764111311074,4.648765629478053
0.9,31,131,0.06666666666666667,0.06,0.4,0.0006503771657285847,0.0003353501304664781,0.06079170665043388,0.06043549255532677,0.05207429512638108,0.05346484774575825,0.0013905526193771708,2.6703244201431553,0.06902702500351925,0.07941215405391987,0.010385129050400621,15.045019034024934,0.05980343202904094,0.06085368157214452,0.001050249543103579,1.7561693492667294
0.9,32,132,0.06666666666666667,0.06,0.4,0.00048443283985755457,0.0003353501304664781,0.06061672307568095,0.06043549255532677,0.05097539018435661,0.05374157612490716,0.0027661859405505515,5.426512539769519,0.05070028392192773,0.0834354883430268,0.032735204421099076,64.56611657541664,0.05513842979436651,0.056693041783381456,0.0015546119890149437,2.8194709113275804
0.9,33,133,0.06666666666666667,0.06,0.4,0.0007279465653721453,0.0003353501304664781,0.06085622830323785,0.06043549255532677,0.05303621504211288,0.05422830117405826,0.0011920861319453802,2.2476832688735726,0.07768208701815443,0.06840937437117824,-0.009272712646976197,-11.936745011509732,0.06005212124116561,0.05183030362231114,-0.008221817618854467,-13.691136048027605
0.9,34,134,0.06666666666666667,0.06,0.4,0.0004989625177490633,0.0003353501304664781,0.06063262738612952,0.06043549255532677,0.05303044886983147,0.058067513317550126,0.005037064447718655,9.49843826531175,0.06805823978675087,0.0728057667950637,0.004747527008312838,6.9756829197881425,0.06235732831910402,0.05837668071851645,-0.00398064760058757,-6.383608323014127
0.9,35,135,0.06666666666666667,0.06,0.4,0.0007012310165948316,0.0003353501304664781,0.06081937211481356,0.06043549255532677,0.052864997681610244,0.05117762655554944,-0.0016873711260608076,-3.191849427901859,0.06823031092190088,0.060895119664049785,-0.0073351912578510925,-10.750634371646413,0.05598780286747533,0.05897008109150146,0.002982278224026129,5.326657006143399
0.9,36,136,0.06666666666666667,0.06,0.4,0.000494892639705295,0.0003353501304664781,0.0606347231312454,0.06043549255532677,0.05276480030840734,0.054387837620561784,0.001623037312154442,3.07598494198382,0.0831172905014264,0.06423639964591314,-0.018880890855513255,-22.715960471773602,0.05669356295408379,0.06242737867516836,0.00573381572108457,10.113697962021538
0.9,37,137,0.06666666666666667,0.06,0.4,0.0010267479564109753,0.0003353501304664781,0.06102266866535729,0.06043549255532677,0.05243819337238668,0.052413427483133095,-2.4765889253583473e-05,-0.04722872330423361,0.06874245679253842,0.09319877042172847,0.024456313629190055,35.576723280342,0.06949170441389267,0.049274156663882636,-0.020217547750010036,-29.09346938678363
0.9,38,138,0.06666666666666667,0.06,0.4,0.0004381605454645449,0.0003353501304664781,0.06056316870475466,0.06043549255532677,0.049384602552353885,0.04898414496233082,-0.000400457590023065,-0.8108956422166801,0.04348436095844358,0.08113023010812644,0.037645869149682855,86.5733526259237,0.04659790715542948,0.05260707898569365,0.0060091718302641706,12.895797680827808
0.9,39,139,0.06666666666666667,0.06,0.4,0.0007764599082603004,0.0003353501304664781,0.060813387528445555,0.06043549255532677,0.05151801007601421,0.05417855427068412,0.002660544194669906,5.164299224182582,0.05288167260388503,0.08088408555759545,0.02800241295371042,52.952963805560834,0.05471264684663628,0.05696352604424216,0.0022508791976058803,4.114001656537046
0.9,40,140,0.06666666666666667,0.06,0.4,0.000456733036337911,0.0003353501304664781,0.060582938187268065,0.06043549255532677,0.04960370817195748,0.05577578818193836,0.006172080009980881,12.442779456295062,0.11040328705143197,0.10259337306693515,-0.007809913984496819,-7.073986828724156,0.05132790060437761,0.055579535939481874,0.0042516353351042604,8.283283136543577
0.9,41,141,0.06666666666666667,0.06,0.4,0.0008571841190612918,0.0003353501304664781,0.06092549105615725,0.06043549255532677,0.05041472877140103,0.05147753548943484,0.0010628067180338055,2.1081274142184974,0.09067643942549515,0.06735717568964333,-0.023319263735851817,-25.71700420042654,0.05228268940123131,0.055713422584408076,0.0034307331831767637,6.561891177495484
0.9,42,142,0.06666666666666667,0.06,0.4,0.0008454174937845694,0.0003353501304664781,0.06094631500239828,0.06043549255532677,0.04925916291607802,0.054441013352982376,0.005181850436904355,10.5195665743094,0.06418852995920396,0.0715955478868386,0.007407017927634638,11.539472756802946,0.05741182267118053,0.06601132182531197,0.00859949915413144,14.978620698708804
0.9,43,143,0.06666666666666667,0.06,0.4,0.0006936653196383433,0.0003353501304664781,0.060751666240322,0.06043549255532677,0.05438195050204029,0.05416760990636377,-0.00021434059567652236,-0.3941392202703005,0.07089478322092685,0.06362407413275126,-0.007270709088175592,-10.255633430062328,0.0666098695911417,0.06497567802142191,-0.0016341915697197784,-2.453377524608014
0.9,44,144,0.06666666666666667,0.06,0.4,0.0007232506680107378,0.0003353501304664781,0.060793389624530826,0.06043549255532677,0.051448138874435216,0.05412180520602557,0.0026736663315903506,5.196818369107043,0.05714420469301624,0.0746005883746641,0.017456383681647862,30.547951057198382,0.05508341678186163,0.06090194303677503,0.0058185262549134,10.563117894366673
0.9,45,145,0.06666666666666667,0.06,0.4,0.0007168375919739219,0.0003353501304664781,0.060823848369113184,0.06043549255532677,0.05018925958062667,0.055322929708278124,0.005133670127651452,10.228622957476496,0.09037815497528018,0.07987041657317417,-0.010507738402106004,-11.626413932636744,0.057161283634456043,0.05667040140280191,-0.0004908822316541314,-0.858766984298852
0.9,46,146,0.06666666666666667,0.06,0.4,0.001676609423123331,0.0003353501304664781,0.061446135335268416,0.06043549255532677,0.04849876580947924,0.052994911792592775,0.004496145983113535,9.270640000976579,0.05704786312594063,0.09079951642764991,0.03375165330170928,59.163746812388204,0.060255056262725856,0.055881156012228296,-0.00437390025049756,-7.258976294746705
0.9,47,147,0.06666666666666667,0.06,0.4,0.0005224635711760592,0.0003353501304664781,0.06066278231237577,0.06043549255532677,0.052371122607433145,0.056875668787593196,0.004504546180160052,8.601202257827316,0.07369298446990805,0.07912701571247972,0.005434031242571677,7.373878642125861,0.06372581237491,0.06818101973282091,0.004455207357910912,6.991213123655694
0.9,48,148,0.06666666666666667,0.06,0.4,0.0004916049152418729,0.0003353501304664781,0.06062360974430372,0.06043549255532677,0.05149649548773909,0.05300691564187921,0.0015104201541401227,2.9330542590024247,0.057068185181582375,0.09221946050874619,0.03515127532716381,61.59522195303346,0.056793872821087915,0.05039236155195145,-0.006401511269136462,-11.271482206016318
0.9,49,149,0.06666666666666667,0.06,0.4,0.00048365553166661356,0.0003353501304664781,0.060614633061038405,0.06043549255532677,0.05145285288468327,0.05268278797029305,0.0012299350856097777,2.3904118365726434,0.06783820072069519,0.09320911886768278,0.025370918146987595,37.39916135371168,0.06138565454794249,0.05530445836832348,-0.006081196179619011,-9.906542863153096
0.9,50,150,0.06666666666666667,0.06,0.4,0.0005936108622463014,0.0003353501304664781,0.06074111472090846,0.06043549255532677,0.05330968965978111,0.050531967597690845,-0.002777722062090267,-5.210538796638104,0.07723229268058363,0.05883247125587981,-0.018399821424703817,-23.824000021340265,0.06420441451020065,0.058615653613855095,-0.0055887608963455515,-8.704636494204962
0.9,51,151,0.06666666666666667,0.06,0.4,0.0005118375191499664,0.0003353501304664781,0.06064413324304006,0.06043549255532677,0.051136663944746294,0.052850585457344904,0.0017139215125986096,3.351649052528182,0.07358009524766916,0.09143125598385471,0.017851160736185548,24.260855705743367,0.05586570486612598,0.05311170637421528,-0.0027539984919107002,-4.929676441942791
0.9,52,152,0.06666666666666667,0.06,0.4,0.0006224502033955766,0.0003353501304664781,0.06075329982231402,0.06043549255532677,0.05298945873773602,0.056988204224015064,0.003998745486279043,7.546303701780158,0.060034398089940356,0.08684702159133048,0.026812623501390125,44.662100986206056,0.06547936922687565,0.04707228560688122,-0.018407083619994435,-28.11127205000525
0.9,53,153,0.06666666666666667,0.06,0.4,0.00046911693248501135,0.0003353501304664781,0.06060387443944337,0.06043549255532677,0.05223875068259663,0.05369348889355612,0.00145473821095949,2.784787522577826,0.07395646440433712,0.08231355438665894,0.00835708998232182,11.300012851657797,0.06091235157948586,0.06030107040098595,-0.0006112811784999075,-1.0035422416785755
0.9,54,154,0.06666666666666667,0.06,0.4,0.0004712204310054252,0.0003353501304664781,0.060601044405232285,0.06043549255532677,0.05299127035118685,0.052339013864878915,-0.0006522564863079353,-1.2308753535917574,0.10366448363822234,0.06518821430073118,-0.038476269337491154,-37.11615394889643,0.05872344836931357,0.06079716377454353,0.0020737154052299575,3.5313243053921113
0.9,55,155,0.06666666666666667,0.06,0.4,0.0004734267762590596,0.0003353501304664781,0.06060283197371604,0.06043549255532677,0.05237342969665726,0.049364604220592585,-0.0030088254760646735,-5.744946423198846,0.08195994831224367,0.06010851156151769,-0.021851436750725976,-26.661115826328157,0.06112818662643604,0.06333110108092997,0.002202914454493929,3.6037621530576156
0.9,56,156,0.06666666666666667,0.06,0.4,0.0004695120964105096,0.0003353501304664781,0.06059723285735422,0.06043549255532677,0.05302633882990809,0.05531259932658452,0.0022862604966764274,4.311556383347596,0.07640028773301519,0.07025239953458788,-0.0061478881984273065,-8.046943775802815,0.04789926236638481,0.06304130603245128,0.015142043666066474,31.61226899538436
0.9,57,157,0.06666666666666667,0.06,0.4,0.0004316778167508635,0.0003353501304664781,0.06054936667814182,0.06043549255532677,0.051976271953813755,0.053407434126520846,0.0014311621727070914,2.753491389260903,0.0656011785782919,0.09572023041747163,0.030119051839179733,45.91236391162405,0.06322844136005668,0.0525434696278606,-0.010684971732196076,-16.898995930249352
0.9,58,158,0.06666666666666667,0.06,0.4,0.0004302021618295632,0.0003353501304664781,0.06055307359159738,0.06043549255532677,0.051064512485759224,0.05580980178273458,0.004745289296975354,9.292733967251152,0.06198827186373346,0.07723417839483818,0.01524590653110472,24.594824267111743,0.058769020859470944,0.06178637860808223,0.0030173577486112893,5.134265816383813
0.9,59,159,0.06666666666666667,0.06,0.4,0.0005305021449476468,0.0003353501304664781,0.06065404120128415,0.06043549255532677,0.050709814192900014,0.052555004805179543,0.0018451906122795292,3.6387248536554058,0.0828310891657764,0.08593698459108472,0.0031058954253083138,3.7496735303000057,0.055206881020654484,0.053893128736777596,-0.0013137522838768886,-2.3796893785493443
0.9,60,160,0.06666666666666667,0.06,0.4,0.00041680812006121993,0.0003353501304664781,0.06053819318413365,0.06043549255532677,0.051552853182869646,0.05351758062112598,0.0019647274382563334,3.8110935029861497,0.07193829151537541,0.06508083569151701,-0.006857455823858397,-9.532414072403636,0.056990671077715466,0.06124887494773337,0.004258203870017907,7.471755972501529
0.9,61,161,0.06666666666666667,0.06,0.4,0.0004316632496814586,0.0003353501304664781,0.060556585357630754,0.06043549255532677,0.04926279413650263,0.055578892908764534,0.006316098772261906,12.821235341951136,0.06883947204111783,0.07086291372943297,0.002023441688315142,2.9393625899782316,0.05117815088193364,0.06495502841339425,0.013776877531460605,26.919451551196957
0.9,62,162,0.06666666666666667,0.06,0.4,0.00045958514608754255,0.0003353501304664781,0.06059041647039612,0.06043549255532677,0.053405337534696014,0.053775383264946096,0.00037004573025008203,0.6929002742650456,0.07156119546522008,0.053690698051375205,-0.017870497413844874,-24.97232934367374,0.064285852028393,0.062150057649371974,-0.0021357943790210263,-3.3223396931531908
0.9,63,163,0.06666666666666667,0.06,0.4,0.0005244359302357283,0.0003353501304664781,0.06065658902289706,0.06043549255532677,0.052905567516147646,0.05285907872552704,-4.6488790620607956e-05,-0.0878712634665885,0.06562839831398368,0.06723162247968459,0.0016032241657009116,2.4428817507181293,0.06290907612051412,0.062281239380181666,-0.0006278367403324547,-0.9980066137511158
0.9,64,164,0.06666666666666667,0.06,0.4,0.0007360018972994272,0.0003353501304664781,0.06085283825643666,0.06043549255532677,0.052852878475681306,0.04964862983283963,-0.0032042486428416755,-6.062581140809608,0.07285074120239957,0.08387113644449853,0.011020395242098968,15.127361863733483,0.05812496495383652,0.05467707194365229,-0.003447893010184229,-5.9318625188377885
0.9,65,165,0.06666666666666667,0.06,0.4,0.0006167269629607193,0.0003353501304664781,0.0607617482135473,0.06043549255532677,0.052980941812786245,0.05293696095869889,-4.3980854087355414e-05,-0.0830125939300332,0.06714454940288464,0.08576718441047813,0.018622635007593494,27.73514034006375,0.05985094119122765,0.05590382032671527,-0.003947120864512377,-6.594918619409959
0.9,66,166,0.06666666666666667,0.06,0.4,0.0005096068892747136,0.0003353501304664781,0.06063728725019815,0.06043549255532677,0.05250926363626432,0.05073594738995458,-0.0017733162463097404,-3.3771493323418844,0.08167587561476383,0.08738989561141346,0.005714019996649625,6.995970295562709,0.05737977082885749,0.05183551393675102,-0.005544256892106476,-9.662389396156586
0.9,67,167,0.06666666666666667,0.06,0.4,0.00048493689895805035,0.0003353501304664781,0.06061092050998697,0.06043549255532677,0.05415770307103585,0.054677935268882344,0.0005202321978464916,0.9605876326847356,0.0872290040446378,0.07201141305959313,-0.015217590985044674,-17.445563149221968,0.06087959521874462,0.06128902304474985,0.0004094278260052264,0.6725206114365967
0.9,68,168,0.06666666666666667,0.06,0.4,0.0004653289707395939,0.0003353501304664781,0.060594847905839536,0.06043549255532677,0.05332822873247957,0.04944702429166205,-0.0038812044408175206,-7.2779549088111235,0.09721628300985415,0.05788297487245507,-0.039333308137399076,-40.45958857881054,0.06215938584148244,0.05495743693940932,-0.007201948902073117,-11.586261357921677
0.9,69,169,0.06666666666666667,0.06,0.4,0.0005605112952812751,0.0003353501304664781,0.06067058623746503,0.06043549255532677,0.050020820282859396,0.054063372898770994,0.004042552615911597,8.081739949588265,0.08177811394553393,0.09885386053874042,0.017075746593206487,20.880582553639375,0.0584163530258286,0.0579142377389054,-0.0005021152869231979,-0.8595457622991104
0.9,70,170,0.06666666666666667,0.06,0.4,0.000506266379757791,0.0003353501304664781,0.06064134075964017,0.06043549255532677,0.04796571904136649,0.05364437730208286,0.005678658260716368,11.838993293979378,0.0836003961608328,0.06138339713910239,-0.02221699902173041,-26.575231747692587,0.06054035081493026,0.06432628112544037,0.0037859303105101036,6.253565199983001
0.9,71,171,0.06666666666666667,0.06,0.4,0.00047825233742427366,0.0003353501304664781,0.06060206492410877,0.06043549255532677,0.050846404524259765,0.05454554839832812,0.0036991438740683544,7.275133627793533,0.06556537610885961,0.07384066877750267,0.008275292668643061,12.62143704461241,0.05611776331205313,0.05649836033000461,0.00038059701795148393,0.678211310445686
0.9,72,172,0.06666666666666667,0.06,0.4,0.0005058149441069821,0.0003353501304664781,0.06063770408283595,0.06043549255532677,0.0569761343728848,0.056627410766029326,-0.0003487236068554708,-0.612052064770175,0.06119931766264757,0.06447136352665767,0.003272045864010094,5.346539780143915,0.06729019533991933,0.06272541362044307,-0.00456478171947626,-6.783724874652345
0.9,73,173,0.06666666666666667,0.06,0.4,0.000524424106992131,0.0003353501304664781,0.06065946378574297,0.06043549255532677,0.047602490657439746,0.04942449814608333,0.0018220074886435844,3.8275465495182543,0.0972217749475222,0.0902408874806192,-0.0069808874669029936,-7.180374428126926,0.05233421338133754,0.05240305727018626,6.884388884871584e-05,0.13154662008021253
0.9,74,174,0.06666666666666667,0.06,0.4,0.000496533434239968,0.0003353501304664781,0.0606245838570103,0.06043549255532677,0.05357217090275977,0.05213152574285449,-0.0014406451599052808,-2.689167035101551,0.07628307466619423,0.07168134908053694,-0.0046017255856572875,-6.0324332832596195,0.05906326855332226,0.05927176642796427,0.00020849787464201353,0.35300768099852425
0.9,75,175,0.06666666666666667,0.06,0.4,0.0014343787358474323,0.0003353501304664781,0.06114205625470363,0.06043549255532677,0.05189975968834314,0.05747221018299988,0.005572450494656739,10.73694854873929,0.0630541057780104,0.09082800498589848,0.027773899207888073,44.04772514841371,0.057998278657269565,0.06201915965128659,0.004020880994017026,6.932759190626504
0.9,76,176,0.06666666666666667,0.06,0.4,0.0004434178273473711,0.0003353501304664781,0.06056998214126733,0.06043549255532677,0.04951378815394634,0.05185422444518043,0.0023404362912340937,4.726837469913028,0.07567662538203264,0.06972090009970006,-0.005955725282332583,-7.869966786001279,0.0569564930346843,0.05925040173248873,0.0022939086978044296,4.027475315953052
0.9,77,177,0.06666666666666667,0.06,0.4,0.0005420546883567562,0.0003353501304664781,0.060680047375108626,0.06043549255532677,0.052828380242249694,0.054447054760343776,0.001618674518094082,3.0640245085529636,0.08104512571449424,0.08007595376964384,-0.0009691719448503971,-1.1958423610379678,0.06425666220117864,0.05807850902917741,-0.0061781531720012245,-9.614805625381363
0.9,78,178,0.06666666666666667,0.06,0.4,0.0005013317840607021,0.0003353501304664781,0.06063907714646056,0.06043549255532677,0.04782532862996041,0.0564333598278637,0.008608031197903286,17.99889607556349,0.06257613601154008,0.06621360063595723,0.00363746462441715,5.812862308638458,0.06136258415487581,0.05738725761794365,-0.00397532653693216,-6.4784209982073975
0.9,79,179,0.06666666666666667,0.06,0.4,0.00046314726804979315,0.0003353501304664781,0.06057646224390029,0.06043549255532677,0.052623074248934525,0.05756504307290333,0.004941968823968808,9.39125829211483,0.09697530058671164,0.10231479537587841,0.005339494789166774,5.506035822381804,0.061333986093934714,0.055262040798351036,-0.006071945295583678,-9.899805446012142
0.9,80,180,0.06666666666666667,0.06,0.4,0.0004695807934806453,0.0003353501304664781,0.06059800829127679,0.06043549255532677,0.051039624235142474,0.0540199105019074,0.0029802862667649282,5.839161850084512,0.09413848981145698,0.07060817344295622,-0.023530316368500753,-24.995425798340175,0.0564767373726758,0.06240990002824839,0.005933162655572588,10.5054982486349
0.9,81,181,0.06666666666666667,0.06,0.4,0.0005501493230053806,0.0003353501304664781,0.06066596803813871,0.06043549255532677,0.05406056437771892,0.05210403180438873,-0.001956532573330186,-3.6191493667361185,0.09208776980177776,0.06666578655294228,-0.025421983248835475,-27.606253581292293,0.05444677008908831,0.06749545979134691,0.0130486897022586,23.965957357815228
0.9,82,182,0.06666666666666667,0.06,0.4,0.0005620103697540474,0.0003353501304664781,0.06069630876542961,0.06043549255532677,0.0535121663995529,0.0526827641592547,-0.0008294022402981979,-1.5499320922748658,0.09204900287443503,0.07580834456945677,-0.016240658304978256,-17.64349183350992,0.0635842717338292,0.057182611644171225,-0.006401660089657979,-10.067993098129733
0.9,83,183,0.06666666666666667,0.06,0.4,0.00045404518930824365,0.0003353501304664781,0.06058129201325734,0.06043549255532677,0.054063468133641254,0.050744645468497,-0.0033188226651442512,-6.138752802429072,0.09418819495197885,0.07060247461872304,-0.023585720333255802,-25.041057794218062,0.060315244334741745,0.05794990867143823,-0.0023653356633035125,-3.921621622182624
0.9,84,184,0.06666666666666667,0.06,0.4,0.0004728303195104495,0.0003353501304664781,0.06060577317526537,0.06043549255532677,0.052300847720054666,0.05247867065295098,0.00017782293289631684,0.34000009683998095,0.09865682339282553,0.08254893411365288,-0.016107889279172644,-16.327192306846595,0.06190893016764385,0.057914556523436606,-0.0039943736442072456,-6.452015296324518
0.9,85,185,0.06666666666666667,0.06,0.4,0.0004511082554067074,0.0003353501304664781,0.06057330857883285,0.06043549255532677,0.05263077875804074,0.055624822316903494,0.0029940435588627565,5.688769251595651,0.07747025082922147,0.08011970548502519,0.0026494546558037124,3.4199639570604674,0.061991349543273504,0.05585872576195956,-0.006132623781313941,-9.892708944871444
0.9,86,186,0.06666666666666667,0.06,0.4,0.0005251654434193138,0.0003353501304664781,0.060648320303879094,0.06043549255532677,0.055612327189756616,0.05397824368048976,-0.0016340835092668593,-2.9383476503170787,0.0665151829991613,0.06700796112288025,0.000492778123718951,0.7408505870383977,0.0677173553103359,0.06529858450735167,-0.0024187708029842353,-3.5718624743973884
0.9,87,187,0.06666666666666667,0.06,0.4,0.0010906099887482677,0.0003353501304664781,0.06110162637893054,0.06043549255532677,0.05192827213403625,0.04989154603345766,-0.0020367261005785897,-3.9221911626896264,0.0947092376533061,0.06370535365653703,-0.03100388399676908,-32.73586058232494,0.05723240705661025,0.05878394672738282,0.001551539670772567,2.710946036636016
0.9,88,188,0.06666666666666667,0.06,0.4,0.0004936483664340322,0.0003353501304664781,0.06062418520322344,0.06043549255532677,0.05070711288250752,0.055020244082014905,0.004313131199507388,8.505968796727318,0.07398820769447527,0.10452400030120784,0.030535792606732573,41.27116138942868,0.0621976223323443,0.0575415723100977,-0.004656050022246602,-7.485897125404007
0.9,89,189,0.06666666666666667,0.06,0.4,0.00045986052217938326,0.0003353501304664781,0.06058676831160077,0.06043549255532677,0.04897642427440298,0.05422708735156541,0.005250663077162432,10.720797107898782,0.067506097948699,0.07961697312058062,0.012110875171881627,17.940416554790712,0.05541582864889222,0.051636738890282766,-0.0037790897586094524,-6.819513216256846
0.9,90,190,0.06666666666666667,0.06,0.4,0.0009220994800275507,0.0003353501304664781,0.06097903485376027,0.06043549255532677,0.051775831310064045,0.05213929347571793,0.0003634621656538814,0.7019919457734184,0.08080271177740062,0.06374879743928237,-0.017053914338118245,-21.105621287933044,0.06256461403937058,0.06166997431275624,-0.0008946397266143408,-1.429945249964082
0.9,91,191,0.06666666666666667,0.06,0.4,0.0006125930206346932,0.0003353501304664781,0.06074616512170016,0.06043549255532677,0.051307190942468814,0.05261307173682498,0.0013058807943561665,2.54521982273491,0.08773382221247268,0.08011631729526743,-0.007617504917205253,-8.682518013129844,0.05690323790197812,0.05951006306182844,0.0026068251598503206,4.581154352483165
0.9,92,192,0.06666666666666667,0.06,0.4,0.0004428491490601987,0.0003353501304664781,0.06056600228723063,0.06043549255532677,0.05510037875592653,0.05267671661126102,-0.0024236621446655088,-4.398630643541307,0.08773181064891436,0.06974555542182685,-0.017986255227087508,-20.501406609587715,0.06792345685409945,0.06288584481938062,-0.005037612034718836,-7.4166013746027355
0.9,93,193,0.06666666666666667,0.06,0.4,0.0013651697046618253,0.0003353501304664781,0.0613683041923955,0.06043549255532677,0.055333061902072746,0.05427496163982611,-0.0010581002622466334,-1.9122387698682506,0.06703970157337293,0.07232167363664305,0.005281972063270121,7.878871682459927,0.06242514667705403,0.06421523093655736,0.001790084259503326,2.8675691685019578
0.9,94,194,0.06666666666666667,0.06,0.4,0.0005267315173441972,0.0003353501304664781,0.06065299555381463,0.06043549255532677,0.05261704434084558,0.05308810615299188,0.00047106181214629644,0.8952646771544718,0.061421919983659576,0.06913891128832188,0.007716991304662302,12.563904395556662,0.058874221009179335,0.06331573145265323,0.004441510443473899,7.544066600526917
0.9,95,195,0.06666666666666667,0.06,0.4,0.001092741765412051,0.0003353501304664781,0.06107452480873273,0.06043549255532677,0.05201946119903407,0.05646209544519579,0.004442634246161717,8.540331144845096,0.08289278437560682,0.06435108812939701,-0.018541696246209813,-22.368287403874625,0.05434132603619144,0.06331028374355936,0.00896895770736792,16.50485617777265
0.9,96,196,0.06666666666666667,0.06,0.4,0.0006694109143552964,0.0003353501304664781,0.06073544575830119,0.06043549255532677,0.053662041293337806,0.05381581438009466,0.00015377308675685458,0.2865583996633122,0.09258897628023652,0.0697354296713477,-0.022853546608888817,-24.6827943530973,0.05945194168846048,0.0629474384216453,0.003495496733184819,5.879533340562515
0.9,97,197,0.06666666666666667,0.06,0.4,0.0007653763638702275,0.0003353501304664781,0.06087678365641862,0.06043549255532677,0.04586828811117179,0.05677134618232138,0.010903058071149593,23.770361877739273,0.09858488835716227,0.09825286537429341,-0.000332022982868857,-0.33678892211752987,0.04975351427418086,0.052519983633569696,0.0027664693593888387,5.560349655189028
0.9,98,198,0.06666666666666667,0.06,0.4,0.0005332521417021917,0.0003353501304664781,0.06066935939676933,0.06043549255532677,0.05623767596104118,0.05124752321082587,-0.004990152750215311,-8.87332675993271,0.08607938671354835,0.07930369636492868,-0.006775690348619676,-7.8714435677470105,0.06519901304122847,0.05555478857893053,-0.009644224462297936,-14.79197922244533
0.9,99,199,0.06666666666666667,0.06,0.4,0.0006556712576817204,0.0003353501304664781,0.06076839891653985,0.06043549255532677,0.05068436073003597,0.051614380720517467,0.0009300199904814996,1.8349249691342404,0.06510030773771813,0.06598770034659676,0.0008873926088786288,1.3631158434055866,0.06348550812761009,0.056844811347692425,-0.00664069677991766,-10.46017741020426
1.0,0,100,0.06,0.06,0.4,0.00038906093248120005,0.0003353501304664781,0.06050267665658349,0.06043549255532677,0.05227903361128479,0.055665042507111705,0.0033860088958269155,6.47680085481921,0.07643590785038243,0.06355206403876072,-0.012883843811621706,-16.855747742070214,0.05092163240002351,0.06177094380192217,0.01084931140189866,21.30589867322017
1.0,1,101,0.06,0.06,0.4,0.0004217867318031389,0.0003353501304664781,0.06054038525578186,0.06043549255532677,0.048683555599097254,0.049148848045631015,0.00046529244653376045,0.9557486933891666,0.07984218432276635,0.07333188061006941,-0.006510303712696938,-8.15396493459984,0.05885431523510717,0.05711805738323116,-0.0017362578518760052,-2.9500943897488603
1.0,2,102,0.06,0.06,0.4,0.0004004629580742469,0.0003353501304664781,0.06051575697100189,0.06043549255532677,0.05234248019736282,0.05616547075617004,0.003822990558807221,7.303800936432958,0.07903576463981214,0.06391219875199722,-0.015123565887814924,-19.13509150792328,0.060202935547240384,0.06612314687694457,0.005920211329704182,9.833758563249258
1.0,3,103,0.06,0.06,0.4,0.00037584980798048144,0.0003353501304664781,0.06048656002587867,0.06043549255532677,0.05032722908195535,0.054021688566048526,0.0036944594840931724,7.340876005863409,0.0810950685709957,0.07112386089980988,-0.009971207671185825,-12.295701633763839,0.05527311227670311,0.06189415408286673,0.006621041806163616,11.978775092341415
1.0,4,104,0.06,0.06,0.4,0.0003957176910425572,0.0003353501304664781,0.06051081581885259,0.06043549255532677,0.05119621887821709,0.054244398868368536,0.003048179990151445,5.953916240186209,0.06326255002179447,0.07732902375864303,0.014066473736848564,22.235072301073142,0.06528116355477227,0.05989530950269978,-0.005385854052072495,-8.250242120077484
1.0,5,105,0.06,0.06,0.4,0.0004207329537139907,0.0003353501304664781,0.06054011925481283,0.06043549255532677,0.05243502133258905,0.0542199609308465,0.0017849395982574498,3.4040981635838232,0.07131443862880558,0.09136476590482498,0.020050327276019395,28.115382609098454,0.05999929294987376,0.061380359053311614,0.0013810661034378557,2.3018039639094807
1.0,6,106,0.06,0.06,0.4,0.0004588963020216292,0.0003353501304664781,0.06058213886455226,0.06043549255532677,0.05274316164064624,0.05502880655424066,0.0022856449135944187,4.333537926996395,0.09472747098725408,0.07696363998765948,-0.017763830999594596,-18.752565453779276,0.053718430130723985,0.05279726397531783,-0.0009211661554061543,-1.7148046827960037
1.0,7,107,0.06,0.06,0.4,0.00040641031162896797,0.0003353501304664781,0.06051775098355918,0.06043549255532677,0.05190239552492012,0.051253818604218,-0.0006485769207021166,-1.2496088362447793,0.06378659349272257,0.08423179204538447,0.0204451985526619,32.0525010557187,0.054375773230939735,0.05390844800719198,-0.00046732522374775404,-0.8594364658741932
1.0,8,108,0.06,0.06,0.4,0.0003684885573327385,0.0003353501304664781,0.06047786474892972,0.06043549255532677,0.05124726672090241,0.05627928790123765,0.005032021180335244,9.819101587876132,0.06039476522035152,0.09349262193180917,0.03309785671145765,54.802525667082996,0.05618698468293863,0.0690353249285162,0.012848340245577572,22.867111161206367
1.0,9,109,0.06,0.06,0.4,0.0003917608967301255,0.0003353501304664781,0.060505624776912584,0.06043549255532677,0.0497259163568056,0.054407425702297965,0.004681509345492364,9.414626594109295,0.09373135449462155,0.0990435413490431,0.005312186854421544,5.6674598196768455,0.051028094045126815,0.05046761916172554,-0.000560474883401274,-1.0983653101086173
1.0,10,110,0.06,0.06,0.4,0.0004004952393493177,0.0003353501304664781,0.06051667289494996,0.06043549255532677,0.050221344434371235,0.05018719754971168,-3.4146884659552734e-05,-0.06799277288200747,0.06713786743534526,0.05479438532041775,-0.012343482114927515,-18.38527583083342,0.0549733624712438,0.05019090443868362,-0.00478245803256018,-8.699591615961006
1.0,11,111,0.06,0.06,0.4,0.0003505545934306246,0.0003353501304664781,0.06045496099604913,0.06043549255532677,0.05492426932575183,0.05495446079918313,3.0191473431299964e-05,0.05496927642721388,0.08006748030211115,0.10536938526737938,0.025301904965268227,31.600725874973094,0.05897219896197289,0.05611065596977556,-0.002861542992197326,-4.852359319418524
1.0,12,112,0.06,0.06,0.4,0.0005663548469372634,0.0003353501304664781,0.06068425318462786,0.06043549255532677,0.052176347681895975,0.051785794064353775,-0.00039055361754219975,-0.7485261711365687,0.05529345601473317,0.09126970021178553,0.03597624419705236,65.06419889447015,0.05586234669898512,0.0571753457867536,0.0013129990877684822,2.350418780012219
1.0,13,113,0.06,0.06,0.4,0.00036784838861013197,0.0003353501304664781,0.06047633319909286,0.06043549255532677,0.05206255485385231,0.05679234863223506,0.00472979377838275,9.084828417775533,0.0725712680876223,0.060697705887040286,-0.01187356220058202,-16.361243937815612,0.05731753697710737,0.0661808799102075,0.008863342933100135,15.463579561417923
1.0,14,114,0.06,0.06,0.4,0.00037428919103169814,0.0003353501304664781,0.060484941073881665,0.06043549255532677,0.05326431118241393,0.05071259314975475,-0.0025517180326591823,-4.790671231850405,0.0707148747809747,0.07239466809227149,0.0016797933112967928,2.3754455006808954,0.06321700550586887,0.05515185844141404,-0.008065147064454825,-12.757875827740817
1.0,15,115,0.06,0.06,0.4,0.0003691196020977389,0.0003353501304664781,0.06047772840969509,0.06043549255532677,0.04712875648091697,0.05655489419549607,0.009426137714579105,20.000819920627162,0.08877222467639247,0.09946706727374459,0.010694842597352122,12.04750994620082,0.05642154265515883,0.05315046244128457,-0.003271080213874261,-5.7975731607813
1.0,16,116,0.06,0.06,0.4,0.0003777226179132096,0.0003353501304664781,0.060489198750742275,0.06043549255532677,0.0517451306473083,0.054640628323439314,0.002895497676131016,5.595691111240116,0.0630805911659902,0.07967424116350867,0.016593649997518473,26.305476360952227,0.05153984433904071,0.06312381268297103,0.011583968343930322,22.475753453441513
1.0,17,117,0.06,0.06,0.4,0.0003752414673945245,0.0003353501304664781,0.06048560883411251,0.06043549255532677,0.049726389075452786,0.055299547507593166,0.005573158432140381,11.207647560501323,0.07940649677572749,0.06832612790786458,-0.011080368867862914,-13.953982756798679,0.0566956585574074,0.05846422436272459,0.0017685658053171877,3.1194025262559033
1.0,18,118,0.06,0.06,0.4,0.000870269406904643,0.0003353501304664781,0.060809272758134296,0.06043549255532677,0.05308937317680226,0.05350561476085503,0.0004162415840527692,0.7840393644629592,0.07631113866207387,0.071063002654312,-0.005248136007761875,-6.877286985589383,0.05909712507191428,0.05834530947312478,-0.0007518155987895,-1.2721694970349717
1.0,19,119,0.06,0.06,0.4,0.0003852819160548892,0.0003353501304664781,0.0604987327618287,0.06043549255532677,0.05148500620835039,0.05377688161084786,0.0022918754024974647,4.451539528270939,0.0747683360866008,0.0857907664909009,0.011022430404300093,14.74211007121157,0.06241277800938054,0.06018707645779432,-0.0022257015515862177,-3.5660991588160016
1.0,20,120,0.06,0.06,0.4,0.0004909214653848328,0.0003353501304664781,0.060620267074753965,0.06043549255532677,0.04979896356208757,0.05389870174752652,0.0040997381854389475,8.232577331308391,0.10111176228921491,0.09184636695006311,-0.0092653953391518,-9.163518792847796,0.058002275582574196,0.054499354194673846,-0.00350292138790035,-6.039282687992923
1.0,21,121,0.06,0.06,0.4,0.0004589128000458962,0.0003353501304664781,0.06057508385312739,0.06043549255532677,0.05056171466806138,0.055433116197545575,0.004871401529484197,9.634565523469766,0.056244146267292426,0.07429467756707626,0.018050531299783838,32.093173241533826,0.05804824549063236,0.06267983423562104,0.004631588744988681,7.97886086968143
1.0,22,122,0.06,0.06,0.4,0.00046237913335489105,0.0003353501304664781,0.06057902298812146,0.06043549255532677,0.05097609946294546,0.05059713472500924,-0.0003789647379362146,-0.7434165068115582,0.07288938815293293,0.06563894004003544,-0.00725044811289749,-9.947192995618177,0.05720565898617815,0.05165472431040767,-0.005550934675770482,-9.703471254673738
1.0,23,123,0.06,0.06,0.4,0.00046212853987420244,0.0003353501304664781,0.060575919748649995,0.06043549255532677,0.05128720292880176,0.05476963182997652,0.0034824289011747556,6.790054248053173,0.06971469856860425,0.06026600620663185,-0.009448692361972405,-13.55337189427021,0.060030450812770884,0.05841264522028228,-0.0016178055924886067,-2.6949749178702396
1.0,24,124,0.06,0.06,0.4,0.00040017380999059996,0.0003353501304664781,0.06051578938876078,0.06043549255532677,0.056034995899460364,0.052961036620789846,-0.0030739592786705183,-5.485784783826712,0.11060674530993181,0.09393425136096865,-0.016672493948963155,-15.073668339345001,0.05622159341084604,0.059453041347338566,0.0032314479364925278,5.747698954169325
1.0,25,125,0.06,0.06,0.4,0.00038451007873425443,0.0003353501304664781,0.06049619202437521,0.06043549255532677,0.05388495183881424,0.05062474821671742,-0.0032602036220968217,-6.050304418660429,0.07869637386536456,0.05952309711621839,-0.019173276749146165,-24.363608902677292,0.06577278147769818,0.0608861702648111,-0.004886611212887075,-7.429534076408182
1.0,26,126,0.06,0.06,0.4,0.0003769643041167711,0.0003353501304664781,0.060488327723003506,0.06043549255532677,0.05290724449819469,0.053678890301474005,0.0007716458032793125,1.4584879832584037,0.057410350517166225,0.06469021660464008,0.0072798660874738574,12.680406968247146,0.05994369666894594,0.05731396128931724,-0.0026297353796286976,-4.387009019734084
1.0,27,127,0.06,0.06,0.4,0.0004309681390640067,0.0003353501304664781,0.06054695199102142,0.06043549255532677,0.04818328112980055,0.05068207307130432,0.002498791941503771,5.186014490736519,0.07560824879684892,0.08032986711996731,0.00472161832311839,6.2448455006607295,0.054355724444286616,0.05274457203464228,-0.001611152409644337,-2.9640896632621123
1.0,28,128,0.06,0.06,0.4,0.0003739538018624959,0.0003353501304664781,0.06048389745038888,0.06043549255532677,0.05190722155131241,0.052183227045547426,0.0002760054942350168,0.5317285071060375,0.05778358004097755,0.06666089795897844,0.008877317918000886,15.363045888997336,0.056706823752402366,0.05909203226773954,0.0023852085153371755,4.206210747672368
1.0,29,129,0.06,0.06,0.4,0.000416609075346653,0.0003353501304664781,0.060536552284702894,0.06043549255532677,0.05361311017271911,0.05488936315279757,0.0012762529800784614,2.3804867428263456,0.061405073158389105,0.08353584631568542,0.022130773157296314,36.040626643684455,0.06477260569312294,0.062048885819846036,-0.0027237198732769086,-4.205049100820862
1.0,30,130,0.06,0.06,0.4,0.00040479309812161833,0.0003353501304664781,0.060520137431094294,0.06043549255532677,0.05146487985740056,0.05703436583579502,0.005569485978394462,10.82191582653346,0.08324611488782761,0.09516679290100287,0.011920678013175257,14.319801025234774,0.06000466862521311,0.06238660047141617,0.002381931846203063,3.9695775358422845
1.0,31,131,0.06,0.06,0.4,0.0004220828972033517,0.0003353501304664781,0.06054235008058451,0.06043549255532677,0.05207429512638108,0.05346495119197792,0.0013906560655968445,2.6705230713575836,0.06902702500351925,0.07953466792046147,0.010507642916942228,15.222505846668765,0.05980343202904094,0.06041952523118342,0.0006160932021424814,1.0301970660200614
1.0,32,132,0.06,0.06,0.4,0.0003852265087083288,0.0003353501304664781,0.06049833351999058,0.06043549255532677,0.05097539018435661,0.05374202403315006,0.0027666338487934497,5.427391215226985,0.05070028392192773,0.08338880712812403,0.03268852320619631,64.47404368885321,0.05513842979436651,0.056313265005134575,0.0011748352107680618,2.130701246207948
1.0,33,133,0.06,0.06,0.4,0.00043034397132165985,0.0003353501304664781,0.06055085007611239,0.06043549255532677,0.05303621504211288,0.05422230236215058,0.0011860873200377,2.236372484529485,0.07768208701815443,0.0679526817452395,-0.009729405272914937,-12.52464454339539,0.06005212124116561,0.05157542268868225,-0.008476698552483355,-14.115568904621133
1.0,34,134,0.06,0.06,0.4,0.0003885057904980627,0.0003353501304664781,0.06050222387388461,0.06043549255532677,0.05303044886983147,0.05806551529755207,0.0050350664277206,9.494670580819848,0.06805823978675087,0.07244329452738175,0.004385054740630889,6.44309161443306,0.06235732831910402,0.05798691357071756,-0.00437041474838646,-7.008662600202395
1.0,35,135,0.06,0.06,0.4,0.00044219428388512556,0.0003353501304664781,0.06056220045296817,0.06043549255532677,0.052864997681610244,0.051178485005525756,-0.0016865126760844881,-3.19022557466443,0.06823031092190088,0.060587350687574364,-0.007642960234326514,-11.201708054760221,0.05598780286747533,0.05852261565968878,0.002534812792213452,4.527437517441832
1.0,36,136,0.06,0.06,0.4,0.0003859416202256025,0.0003353501304664781,0.06050000989741408,0.06043549255532677,0.05276480030840734,0.054389582225781025,0.0016247819173736827,3.079291322769957,0.0831172905014264,0.0631954941423444,-0.019921796359081992,-23.96829376763684,0.05669356295408379,0.061692025907447615,0.0049984629533638275,8.816632246966188
1.0,37,137,0.06,0.06,0.4,0.0004791071496254585,0.0003353501304664781,0.06059159804956693,0.06043549255532677,0.05243819337238668,0.05241173678920588,-2.645658318079641e-05,-0.05045288839933248,0.06874245679253842,0.09215613284194914,0.02341367604941072,34.05999311324022,0.06949170441389267,0.04862606796843192,-0.02086563644546075,-30.026082424435867
1.0,38,138,0.06,0.06,0.4,0.0003677234067937141,0.0003353501304664781,0.06047677438538863,0.06043549255532677,0.049384602552353885,0.048984933267779654,-0.00039966928457423057,-0.8092993846625188,0.04348436095844358,0.08057136776309819,0.037087006804654606,85.28814954897764,0.04659790715542948,0.052256387604242206,0.0056584804488127236,12.143207268812738
1.0,39,139,0.06,0.06,0.4,0.0004562529172409765,0.0003353501304664781,0.060563902091312516,0.06043549255532677,0.05151801007601421,0.05417987225676645,0.0026618621807522405,5.166857525794755,0.05288167260388503,0.08057645758133396,0.027694784977448927,52.37123489814558,0.05471264684663628,0.05649950757078985,0.0017868607241535717,3.2659007142576715
1.0,40,140,0.06,0.06,0.4,0.0003706478566330853,0.0003353501304664781,0.06048016203857949,0.06043549255532677,0.04960370817195748,0.055776313345227146,0.006172605173269667,12.443838174096898,0.11040328705143197,0.10238822152179035,-0.008015065529641624,-7.259806971062159,0.05132790060437761,0.05516469700040958,0.0038367963960319676,7.475069798013008
1.0,41,141,0.06,0.06,0.4,0.0004410533685456514,0.0003353501304664781,0.06056239451180064,0.06043549255532677,0.05041472877140103,0.05147753660740414,0.001062807836003106,2.108129631763504,0.09067643942549515,0.06729076259129063,-0.02338567683420452,-25.790246046680632,0.05228268940123131,0.05533169214221458,0.00304900274098327,5.831763392247114
1.0,42,142,0.06,0.06,0.4,0.00046028720878127605,0.0003353501304664781,0.06058396341110966,0.06043549255532677,0.04925916291607802,0.05444047317970936,0.0051813102636313405,10.518469979805886,0.06418852995920396,0.07132752883308442,0.007138998873880462,11.12192299530425,0.05741182267118053,0.06566293593906129,0.008251113267880764,14.371801632458258
1.0,43,143,0.06,0.06,0.4,0.00041484976781172177,0.0003353501304664781,0.060526393845264995,0.06043549255532677,0.05438195050204029,0.05416876391865073,-0.00021318658338956298,-0.39201717007477455,0.07089478322092685,0.0630524766761576,-0.00784230654476925,-11.061895090828552,0.0666098695911417,0.0643986361325542,-0.0022112334585874943,-3.31967840826033
1.0,44,144,0.06,0.06,0.4,0.00044698227164535656,0.0003353501304664781,0.06055918200626802,0.06043549255532677,0.051448138874435216,0.054119875101598235,0.0026717362271630185,5.193066815660099,0.05714420469301624,0.0740298541867586,0.016885649493742362,29.549189781279793,0.05508341678186163,0.06069750751881438,0.005614090736952751,10.1919798461039
1.0,45,145,0.06,0.06,0.4,0.0004429327097032095,0.0003353501304664781,0.06056139372581316,0.06043549255532677,0.05018925958062667,0.05531979217709027,0.005130532596463601,10.222371557846241,0.09037815497528018,0.07976438804773246,-0.010613766927547716,-11.743730473863675,0.057161283634456043,0.05642979223396963,-0.0007314914004864156,-1.2796972950507406
1.0,46,146,0.06,0.06,0.4,0.000600192716337585,0.0003353501304664781,0.060708999315927124,0.06043549255532677,0.04849876580947924,0.05299523878789357,0.00449647297841433,9.271314235249013,0.05704786312594063,0.09041314910535632,0.03336528597941569,58.48647811006953,0.060255056262725856,0.05507734786095144,-0.0051777084017744154,-8.59298575574873
1.0,47,147,0.06,0.06,0.4,0.000385900330828217,0.0003353501304664781,0.06049971707202409,0.06043549255532677,0.052371122607433145,0.056873903153462316,0.004502780546029171,8.597830869086778,0.07369298446990805,0.07838537881708071,0.004692394347172668,6.36749126246715,0.06372581237491,0.06751636079477365,0.0037905484198636485,5.948215140143205
1.0,48,148,0.06,0.06,0.4,0.00038484939790840587,0.0003353501304664781,0.060497897298610985,0.06043549255532677,0.05149649548773909,0.05300712701973005,0.0015106315319909636,2.9334647293632496,0.057068185181582375,0.09183678283996673,0.03476859765838435,60.924659769284595,0.056793872821087915,0.04981925932610742,-0.006974613494980492,-12.2805738516053
1.0,49,149,0.06,0.06,0.4,0.00038308598844818026,0.0003353501304664781,0.06049599187615205,0.06043549255532677,0.05145285288468327,0.05267655035806449,0.001223697473381219,2.37828886985875,0.06783820072069519,0.0930436787129891,0.025205477992293918,37.15528673301702,0.06138565454794249,0.0548201075004251,-0.006565547047517391,-10.695572273143503
1.0,50,150,0.06,0.06,0.4,0.00041549856042801697,0.0003353501304664781,0.060535455817837466,0.06043549255532677,0.05330968965978111,0.05053296524481945,-0.0027767244149616635,-5.208667378637042,0.07723229268058363,0.058297295749597584,-0.01893499693098604,-24.516942685227757,0.06420441451020065,0.05840876465469015,-0.005795649855510496,-9.026871282487432
1.0,51,151,0.06,0.06,0.4,0.000391392843189551,0.0003353501304664781,0.060505497198074444,0.06043549255532677,0.051136663944746294,0.052848390487484374,0.0017117265427380804,3.3473566922308797,0.07358009524766916,0.09143734364244036,0.017857248394771194,24.269129218525805,0.05586570486612598,0.052724838527270716,-0.0031408663388552624,-5.62217257686427
1.0,52,152,0.06,0.06,0.4,0.00041935065525906297,0.0003353501304664781,0.06053785771094719,0.06043549255532677,0.05298945873773602,0.05698602000324882,0.003996561265512802,7.542181710693117,0.060034398089940356,0.08678164635866967,0.02674724826872931,44.55320469551139,0.06547936922687565,0.04670779010807045,-0.018771579118805205,-28.66792905986106
1.0,53,153,0.06,0.06,0.4,0.00037672476314251597,0.0003353501304664781,0.0604883704867668,0.06043549255532677,0.05223875068259663,0.05369049309836268,0.0014517424157660455,2.779052708566582,0.07395646440433712,0.0818221592513113,0.007865694846974178,10.63557446982674,0.06091235157948586,0.06011761413423746,-0.0007947374452483974,-1.3047229743073163
1.0,54,154,0.06,0.06,0.4,0.0003743063525201082,0.0003353501304664781,0.06048607020167275,0.06043549255532677,0.05299127035118685,0.05233334410003169,-0.0006579262511551623,-1.241574785422042,0.10366448363822234,0.06479303054736521,-0.03887145309085713,-37.49736816952104,0.05872344836931357,0.06061912602480267,0.0018956776554890989,3.228144307137966
1.0,55,155,0.06,0.06,0.4,0.0003781594908517686,0.0003353501304664781,0.060489511045425916,0.06043549255532677,0.05237342969665726,0.049366722601425383,-0.0030067070952318753,-5.740901660720873,0.08195994831224367,0.059950865417918976,-0.02200908289432469,-26.853461169199935,0.06112818662643604,0.062477565252145796,0.0013493786257097531,2.2074573125422776
1.0,56,156,0.06,0.06,0.4,0.0003793051005420673,0.0003353501304664781,0.06049068849719679,0.06043549255532677,0.05302633882990809,0.05531208678551034,0.002285747955602248,4.310589805066898,0.07640028773301519,0.0696513605233384,-0.006748927209676792,-8.833641089495988,0.04789926236638481,0.06221290393315474,0.014313641566769932,29.882801654196438
1.0,57,157,0.06,0.06,0.4,0.0003641274285813289,0.0003353501304664781,0.060469991417012946,0.06043549255532677,0.051976271953813755,0.05340649832193828,0.0014302263681245236,2.75169094350481,0.0656011785782919,0.09558569989333873,0.029984521315046836,45.707290577503464,0.06322844136005668,0.05217606094658113,-0.011052380413475546,-17.48007728126234
1.0,58,158,0.06,0.06,0.4,0.00036819203691281134,0.0003353501304664781,0.06047714695733222,0.06043549255532677,0.051064512485759224,0.055810894339360435,0.0047463818536012115,9.29487352870523,0.06198827186373346,0.07671279405499039,0.01472452219125693,23.753722677775738,0.058769020859470944,0.06149937070030991,0.002730349840838968,4.645899831082446
1.0,59,159,0.06,0.06,0.4,0.0003977696324066941,0.0003353501304664781,0.0605111848406906,0.06043549255532677,0.050709814192900014,0.05255105380532762,0.0018412396124276031,3.6309334627485166,0.0828310891657764,0.0856223674138622,0.002791278248085796,3.3698437098893996,0.055206881020654484,0.05362262787904625,-0.0015842531416082328,-2.8696660856742082
1.0,60,160,0.06,0.06,0.4,0.00036391113608336676,0.0003353501304664781,0.060471954110315536,0.06043549255532677,0.051552853182869646,0.05351069350453974,0.0019578403216700957,3.7977341714244073,0.07193829151537541,0.06470866361701555,-0.007229627898359861,-10.049763131801189,0.056990671077715466,0.06077888708561667,0.0037882160079012045,6.647080892827871
1.0,61,161,0.06,0.06,0.4,0.0003658891195426515,0.0003353501304664781,0.06047450440376722,0.06043549255532677,0.04926279413650263,0.0555811839049782,0.0063183897684755755,12.825885902792894,0.06883947204111783,0.07044955281732791,0.0016100807762100822,2.338891813766934,0.05117815088193364,0.06439153121288577,0.013213380330952124,25.818401218588317
1.0,62,162,0.06,0.06,0.4,0.0003752906248792862,0.0003353501304664781,0.06048640251670682,0.06043549255532677,0.053405337534696014,0.053772557840078006,0.00036722030538199196,0.6876097452682867,0.07156119546522008,0.05340638213093543,-0.018154813334284647,-25.36963394233427,0.064285852028393,0.0615040445226163,-0.0027818075057767025,-4.327246848261523
1.0,63,163,0.06,0.06,0.4,0.00039057977672419327,0.0003353501304664781,0.06050431621459792,0.06043549255532677,0.052905567516147646,0.05285547926441707,-5.008825173057757e-05,-0.09467482172890371,0.06562839831398368,0.06707548313233398,0.0014470848183503054,2.2049674462982742,0.06290907612051412,0.061635090959217834,-0.0012739851612962871,-2.025121397198283
1.0,64,164,0.06,0.06,0.4,0.00042304721351464695,0.0003353501304664781,0.060544301518194045,0.06043549255532677,0.052852878475681306,0.04964844115232501,-0.0032044373233562976,-6.062938132746591,0.07285074120239957,0.08356837293764868,0.010717631735249117,14.711767592690048,0.05812496495383652,0.05432032655418057,-0.0038046383996559463,-6.545618397667218
1.0,65,165,0.06,0.06,0.4,0.00040815527434276736,0.0003353501304664781,0.06052617104429253,0.06043549255532677,0.052980941812786245,0.05293277247270242,-4.81693400838229e-05,-0.0909182404760458,0.06714454940288464,0.0852884564349282,0.018143907032043563,27.02215919742857,0.05985094119122765,0.055610004965423544,-0.004240936225804105,-7.085830467150112
1.0,66,166,0.06,0.06,0.4,0.00039036179182064593,0.0003353501304664781,0.060503663714081043,0.06043549255532677,0.05250926363626432,0.05073393770637156,-0.0017753259298927612,-3.380976625744706,0.08167587561476383,0.08726552082118771,0.005589645206423882,6.843691805384809,0.05737977082885749,0.05147558589141494,-0.005904184937442554,-10.28966280651859
1.0,67,167,0.06,0.06,0.4,0.00037361955813332705,0.0003353501304664781,0.06048376859080089,0.06043549255532677,0.05415770307103585,0.0546789982796293,0.0005212952085934461,0.9625504388723617,0.0872290040446378,0.0716399834291974,-0.015589020615440402,-17.871372929424957,0.06087959521874462,0.06074805508903563,-0.00013154012970899298,-0.21606603860679452
1.0,68,168,0.06,0.06,0.4,0.00037769070636727194,0.0003353501304664781,0.060490576406018175,0.06043549255532677,0.05332822873247957,0.04944454684411831,-0.0038836818883612595,-7.282600567597518,0.09721628300985415,0.05778836569011001,-0.039427917319744134,-40.55690682572959,0.06215938584148244,0.054454940149628366,-0.007704445691854071,-12.394661864101726
1.0,69,169,0.06,0.06,0.4,0.0003999549772421211,0.0003353501304664781,0.06051237464218426,0.06043549255532677,0.050020820282859396,0.05406134329154034,0.004040523008680942,8.07768242470327,0.08177811394553393,0.09864159471396815,0.01686348076843422,20.62101943273683,0.0584163530258286,0.05767994267121065,-0.0007364103546179529,-1.2606236378576243
1.0,70,170,0.06,0.06,0.4,0.0003829320176740279,0.0003353501304664781,0.06049557919994359,0.06043549255532677,0.04796571904136649,0.05364553381204672,0.005679814770680226,11.841404411725492,0.0836003961608328,0.061625659223728584,-0.021974736937104215,-26.28544593835249,0.06054035081493026,0.06366687781581686,0.0031265270008865934,5.164368819804624
1.0,71,171,0.06,0.06,0.4,0.000379926591363159,0.0003353501304664781,0.06049136168789533,0.06043549255532677,0.050846404524259765,0.05454337513688771,0.0036969706126279422,7.270859458438303,0.06556537610885961,0.07407128812318634,0.008505912014326725,12.973176574483725,0.05611776331205313,0.055776905516217536,-0.00034085779583559184,-0.6073973296836324
1.0,72,172,0.06,0.06,0.4,0.0003861842821603927,0.0003353501304664781,0.06049931864810847,0.06043549255532677,0.0569761343728848,0.056627001227993766,-0.0003491331448910312,-0.6127708535052622,0.06119931766264757,0.06444148235767866,0.003242164695031087,5.297713796260038,0.06729019533991933,0.06221172220234784,-0.005078473137571489,-7.547122001827105
1.0,73,173,0.06,0.06,0.4,0.0003940941225340266,0.0003353501304664781,0.06050884901003517,0.06043549255532677,0.047602490657439746,0.04942157986894137,0.0018190892115016247,3.82141603596391,0.0972217749475222,0.0901942710651084,-0.007027503882413799,-7.22832296181289,0.05233421338133754,0.05203914780572042,-0.00029506557561712055,-0.5638100900974684
1.0,74,174,0.06,0.06,0.4,0.00038032905504975793,0.0003353501304664781,0.06049123492400703,0.06043549255532677,0.05357217090275977,0.05212810180653453,-0.0014440690962252423,-2.6955582943360823,0.07628307466619423,0.07114189448008812,-0.005141180186106112,-6.739607978051896,0.05906326855332226,0.05865704774006919,-0.00040622081325306786,-0.6877723214493829
1.0,75,175,0.06,0.06,0.4,0.000580734751924041,0.0003353501304664781,0.06066628104484245,0.06043549255532677,0.05189975968834314,0.05747022772584683,0.00557046803750369,10.733128767751953,0.0630541057780104,0.09027570481436888,0.02722159903635847,43.171810464167706,0.057998278657269565,0.06136314395609919,0.0033648652988296224,5.801664078193925
1.0,76,176,0.06,0.06,0.4,0.00037022381915487456,0.0003353501304664781,0.06047993136769843,0.06043549255532677,0.04951378815394634,0.05185573980140641,0.0023419516474600735,4.729897943131657,0.07567662538203264,0.06912084696731897,-0.006555778414713664,-8.662884188636346,0.0569564930346843,0.058915239346657586,0.001958746311973285,3.439021975563847
1.0,77,177,0.06,0.06,0.4,0.00039858075264710723,0.0003353501304664781,0.060514745978723264,0.06043549255532677,0.052828380242249694,0.05444400246679257,0.0016156222245428745,3.0582467551234416,0.08104512571449424,0.07992410601165309,-0.0011210197028411473,-1.3832043481433731,0.06425666220117864,0.05747772269927793,-0.006778939501900706,-10.54978467552017
1.0,78,178,0.06,0.06,0.4,0.00038556054944412975,0.0003353501304664781,0.060499152965184676,0.06043549255532677,0.04782532862996041,0.05643207648210092,0.008606747852140509,17.996212673693513,0.06257613601154008,0.06561748396368788,0.003041347952147805,4.86023609956826,0.06136258415487581,0.05686506323065491,-0.004497520924220899,-7.329419036312751
1.0,79,179,0.06,0.06,0.4,0.0003763069342641596,0.0003353501304664781,0.06048501665284361,0.06043549255532677,0.052623074248934525,0.057565385409482486,0.004942311160547962,9.391908836736254,0.09697530058671164,0.10146982591471074,0.004494525327999099,4.634711417037852,0.061333986093934714,0.05495727081839903,-0.006376715275535683,-10.396707733571343
1.0,80,180,0.06,0.06,0.4,0.000378980459099637,0.0003353501304664781,0.06049029310897251,0.06043549255532677,0.051039624235142474,0.05401862742351326,0.002979003188370785,5.836647963249781,0.09413848981145698,0.07073111198712129,-0.02340737782433569,-24.86483251560185,0.0564767373726758,0.06206984514796045,0.005593107775284649,9.903383296342238
1.0,81,181,0.06,0.06,0.4,0.00040018050260801384,0.0003353501304664781,0.06051329456728533,0.06043549255532677,0.05406056437771892,0.052103150276099255,-0.0019574141016196617,-3.6207799976768476,0.09208776980177776,0.06630118648188078,-0.025786583319896972,-28.002180284530205,0.05444677008908831,0.06697341329492955,0.012526643205841237,23.007137402906668
1.0,82,182,0.06,0.06,0.4,0.00040648171895602686,0.0003353501304664781,0.06052346292992244,0.06043549255532677,0.0535121663995529,0.052681731398545144,-0.0008304350010077538,-1.5518620472347242,0.09204900287443503,0.07604262873518317,-0.016006374139251864,-17.388970699754694,0.0635842717338292,0.056564529264246155,-0.0070197424695830485,-11.040061131734694
1.0,83,183,0.06,0.06,0.4,0.0003724699056014944,0.0003353501304664781,0.060482523058387395,0.06043549255532677,0.054063468133641254,0.05074500044932443,-0.003318467684316824,-6.138096202252129,0.09418819495197885,0.07027777618684339,-0.023910418765135458,-25.385791475594164,0.060315244334741745,0.057556943122878415,-0.00275830121186333,-4.5731410728523585
1.0,84,184,0.06,0.06,0.4,0.0003778763627944844,0.0003353501304664781,0.06048955199427963,0.06043549255532677,0.052300847720054666,0.05247455277813366,0.00017370505807899617,0.332126658842643,0.09865682339282553,0.08204247107444312,-0.016614352318382403,-16.84055065530381,0.06190893016764385,0.05745720094439894,-0.00445172922324491,-7.190770719490751
1.0,85,185,0.06,0.06,0.4,0.0003702816469913443,0.0003353501304664781,0.060479385447347746,0.06043549255532677,0.05263077875804074,0.05562457401172051,0.002993795253679772,5.688297464575119,0.07747025082922147,0.07964193723039002,0.002171686401168549,2.803252058594597,0.061991349543273504,0.05573505042570257,-0.006256299117570932,-10.092213129194223
1.0,86,186,0.06,0.06,0.4,0.0003951974441848443,0.0003353501304664781,0.06050833541355791,0.06043549255532677,0.055612327189756616,0.05397817671349567,-0.0016341504762609482,-2.9384680678530333,0.0665151829991613,0.06624169740472233,-0.00027348559443897413,-0.41116265806924496,0.0677173553103359,0.06441670244551609,-0.003300652864819814,-4.874160914426653
1.0,87,187,0.06,0.06,0.4,0.0005446887367931033,0.0003353501304664781,0.06066189354969042,0.06043549255532677,0.05192827213403625,0.04989241991127319,-0.0020358522227630627,-3.920508307128264,0.0947092376533061,0.06292793247258742,-0.031781305180718686,-33.55671101171541,0.05723240705661025,0.05802484463351025,0.0007924375769,1.384595926773055
1.0,88,188,0.06,0.06,0.4,0.0003830554464127791,0.0003353501304664781,0.060495308527294026,0.06043549255532677,0.05070711288250752,0.05502371762288994,0.004316604740382424,8.512819001121887,0.07398820769447527,0.10377878765177023,0.029790579957294963,40.26395676499059,0.0621976223323443,0.056918751220167846,-0.005278871112176453,-8.487255483770012
1.0,89,189,0.06,0.06,0.4,0.000377290409682837,0.0003353501304664781,0.06048837640216941,0.06043549255532677,0.04897642427440298,0.054222939986942026,0.005246515712539049,10.71232902415272,0.067506097948699,0.07909335849452437,0.011587260545825373,17.164761255540302,0.05541582864889222,0.051456890205065144,-0.0039589384438270744,-7.14405710489401
1.0,90,190,0.06,0.06,0.4,0.00042874233023851413,0.0003353501304664781,0.06054975658799391,0.06043549255532677,0.051775831310064045,0.05213678301950474,0.00036095170944069194,0.6971432429140566,0.08080271177740062,0.0633964195242772,-0.017406292253123415,-21.54171793277823,0.06256461403937058,0.06128913587098609,-0.0012754781683844904,-2.0386574551260863
1.0,91,191,0.06,0.06,0.4,0.0004175930110619253,0.0003353501304664781,0.06053593815599988,0.06043549255532677,0.051307190942468814,0.05261372452431225,0.0013065335818434332,2.5464921346180507,0.08773382221247268,0.07988676731420861,-0.007847054898264066,-8.9441616703535,0.05690323790197812,0.05912270310699254,0.002219465205014419,3.9004198826746626
1.0,92,192,0.06,0.06,0.4,0.00037036152161353187,0.0003353501304664781,0.06047950473422102,0.06043549255532677,0.05510037875592653,0.05267654664524799,-0.0024238321106785365,-4.398939109684128,0.08773181064891436,0.06924950074789897,-0.01848230990101539,-21.06682828532743,0.06792345685409945,0.06248975181600444,-0.00543370503809501,-7.999747494840679
1.0,93,193,0.06,0.06,0.4,0.0005443526875644661,0.0003353501304664781,0.06067343375543613,0.06043549255532677,0.055333061902072746,0.05427166662808564,-0.0010613952739871035,-1.9181936395739998,0.06703970157337293,0.07121585089856787,0.004176149325194944,6.22936741540276,0.06242514667705403,0.06360081689886221,0.0011756702218081796,1.883327928551472
1.0,94,194,0.06,0.06,0.4,0.0003940273852351108,0.0003353501304664781,0.06050745960296316,0.06043549255532677,0.05261704434084558,0.053086067603938865,0.00046902326309328224,0.8913903640330262,0.061421919983659576,0.06890418746011143,0.007482267476451851,12.181754459063477,0.058874221009179335,0.06289274974518463,0.004018528736005299,6.82561682706384
1.0,95,195,0.06,0.06,0.4,0.00051333311380531,0.0003353501304664781,0.06062617323385767,0.06043549255532677,0.05201946119903407,0.05645645137207169,0.004436990173037621,8.529481218694379,0.08289278437560682,0.06401940064172153,-0.018873383733885293,-22.768427766119576,0.05434132603619144,0.06327078338875655,0.00892945735256511,16.432166831221735
1.0,96,196,0.06,0.06,0.4,0.0004095589167210101,0.0003353501304664781,0.06052085962222107,0.06043549255532677,0.053662041293337806,0.053816696081356905,0.0001546547880190985,0.28820146288079995,0.09258897628023652,0.06909299302562784,-0.02349598325460868,-25.37665302993958,0.05945194168846048,0.06218317283457858,0.0027312311461181044,4.594015045682236
1.0,97,197,0.06,0.06,0.4,0.0004422866173570624,0.0003353501304664781,0.06056327791847973,0.06043549255532677,0.04586828811117179,0.05676824428171489,0.010899956170543103,23.763599252112233,0.09858488835716227,0.09778613572751525,-0.0007987526296470149,-0.8102181206040641,0.04975351427418086,0.052072514633334226,0.0023190003591533684,4.660978009259525
1.0,98,198,0.06,0.06,0.4,0.00039955024091181245,0.0003353501304664781,0.06051567582499354,0.06043549255532677,0.05623767596104118,0.05124665234883497,-0.0049910236122062066,-8.87487529830314,0.08607938671354835,0.07937440028022352,-0.0067049864333248305,-7.789305534479962,0.06519901304122847,0.054887837091395955,-0.01031117594983251,-15.814926436558569
1.0,99,199,0.06,0.06,0.4,0.0004277605228913708,0.0003353501304664781,0.06054474455801889,0.06043549255532677,0.05068436073003597,0.05160989042878053,0.0009255296987445635,1.826065645129242,0.06510030773771813,0.0658842365440096,0.0007839288062914673,1.2041860223607987,0.06348550812761009,0.0563993510790378,-0.007086157048572288,-11.161849778895432
