analysis_type,epoch,period,metric,mean,bootstrap_ci_low,bootstrap_ci_high,n_realizations,relative_time_s,sign_normalization
epoch_period_summary,baseline,object_event,signed_visual_innovation,-0.0032865425559841454,-0.007929707867210516,0.0015405391341524871,30,,
epoch_period_summary,baseline,object_event,absolute_visual_innovation,0.08139120219969215,0.07943899849956357,0.08340143135340561,30,,
epoch_period_summary,baseline,object_event,object_kalman_gain,0.27608271507807125,0.2760711337040058,0.27609324877225505,30,,
epoch_period_summary,baseline,object_event,signed_object_correction,-0.000907509070386652,-0.0021882814427465437,0.000426295464473114,30,,
epoch_period_summary,baseline,object_event,absolute_object_correction,0.022471118544968922,0.02193413984445049,0.023020139917447138,30,,
epoch_period_summary,baseline,object_event,previsual_object_state,0.007887193835437383,-0.08246897049990863,0.10265444355590433,30,,
epoch_period_summary,baseline,object_event,posterior_object_state,0.006979684765050729,-0.08520715799309915,0.10050610512137009,30,,
epoch_period_summary,baseline,object_free,signed_visual_innovation,-0.0019516279127601917,-0.0036166365586489707,-0.00038053270965658615,30,,
epoch_period_summary,baseline,object_free,absolute_visual_innovation,0.07441271377648556,0.0736053287742506,0.07526623891704212,30,,
epoch_period_summary,baseline,object_free,object_kalman_gain,0.27810230116769363,0.2780694855560649,0.2781310125712393,30,,
epoch_period_summary,baseline,object_free,signed_object_correction,-0.0004998762267919113,-0.0009706142950676616,-4.597452262079612e-05,30,,
epoch_period_summary,baseline,object_free,absolute_object_correction,0.020723355115798973,0.0204908426659515,0.020965139135922472,30,,
epoch_period_summary,baseline,object_free,previsual_object_state,-0.0041651486718620465,-0.006894528991767477,-0.0013302391907382366,30,,
epoch_period_summary,baseline,object_free,posterior_object_state,-0.004665024898653959,-0.00752167265533444,-0.0018965463071538983,30,,
epoch_period_summary,reduced_reliability,object_event,signed_visual_innovation,-0.0019636453690134495,-0.007461657090698834,0.003518434376347904,30,,
epoch_period_summary,reduced_reliability,object_event,absolute_visual_innovation,0.08271491437421295,0.08049411348094566,0.08487277838829091,30,,
epoch_period_summary,reduced_reliability,object_event,object_kalman_gain,0.2630217986558449,0.26299640485567316,0.26304693848718946,30,,
epoch_period_summary,reduced_reliability,object_event,signed_object_correction,-0.000517804940804589,-0.002026113595058338,0.0009438516336786244,30,,
epoch_period_summary,reduced_reliability,object_event,absolute_object_correction,0.02175587137135349,0.021169491606783514,0.022345605516358724,30,,
epoch_period_summary,reduced_reliability,object_event,previsual_object_state,-0.017641126609766612,-0.09469588770649519,0.05936142839014561,30,,
epoch_period_summary,reduced_reliability,object_event,posterior_object_state,-0.018158931550571213,-0.0977833683494733,0.05858857080959961,30,,
epoch_period_summary,reduced_reliability,object_free,signed_visual_innovation,0.002556963880465849,0.0007791250940271787,0.0043107298221055496,30,,
epoch_period_summary,reduced_reliability,object_free,absolute_visual_innovation,0.07364446321084994,0.07278714510243556,0.07451389525466015,30,,
epoch_period_summary,reduced_reliability,object_free,object_kalman_gain,0.2629948869563791,0.2629871451827652,0.26300258629968937,30,,
epoch_period_summary,reduced_reliability,object_free,signed_object_correction,0.0006706524121318947,0.0002116164219199298,0.0011386764133563421,30,,
epoch_period_summary,reduced_reliability,object_free,absolute_object_correction,0.01936792551175359,0.019142193630202413,0.01960081432210293,30,,
epoch_period_summary,reduced_reliability,object_free,previsual_object_state,0.011479719132073704,0.0036956867456738878,0.019155504313163207,30,,
epoch_period_summary,reduced_reliability,object_free,posterior_object_state,0.012150371544205596,0.004494436008412427,0.020049239516547676,30,,
event_aligned,baseline,object_event,sign_normalized_innovation,-0.00419405463541831,-0.02628124696378591,0.017243786733220818,30,-0.2,multiplied by true event sign; positive is event-congruent
event_aligned,baseline,object_event,object_gain,0.27613499570085637,0.27612432197996073,0.2761454691461279,30,-0.2,multiplied by true event sign; positive is event-congruent
event_aligned,baseline,object_event,sign_normalized_correction,-0.001158834856691655,-0.007397168220537422,0.004866148614030319,30,-0.2,multiplied by true event sign; positive is event-congruent
event_aligned,baseline,object_event,sign_normalized_previsual_object,0.00320406086665966,-0.016702739344761946,0.022787979924817774,30,-0.2,multiplied by true event sign; positive is event-congruent
event_aligned,baseline,object_event,sign_normalized_posterior_object,0.0020452260099680045,-0.016606731366123666,0.021605164583759086,30,-0.2,multiplied by true event sign; positive is event-congruent
event_aligned,baseline,object_event,cumulative_sign_normalized_correction,0.0,0.0,0.0,30,-0.2,multiplied by true event sign; positive is event-congruent
event_aligned,baseline,object_event,sign_normalized_subsequent_predicted_object,0.0020452260099680045,-0.016996861714031655,0.02115182453108814,30,-0.2,multiplied by true event sign; positive is event-congruent
event_aligned,baseline,object_event,sign_normalized_innovation,0.008769580134297688,-0.012723108217627033,0.03065204763929643,30,-0.19,multiplied by true event sign; positive is event-congruent
event_aligned,baseline,object_event,object_gain,0.2761314441005716,0.2761210965096846,0.27614182584004654,30,-0.19,multiplied by true event sign; positive is event-congruent
event_aligned,baseline,object_event,sign_normalized_correction,0.002421671561455922,-0.00342600039073203,0.008578494924344602,30,-0.19,multiplied by true event sign; positive is event-congruent
event_aligned,baseline,object_event,sign_normalized_previsual_object,0.001502602731373467,-0.016664372295821826,0.019688553283390225,30,-0.19,multiplied by true event sign; positive is event-congruent
event_aligned,baseline,object_event,sign_normalized_posterior_object,0.003924274292829389,-0.01658824598489964,0.024094460112934042,30,-0.19,multiplied by true event sign; positive is event-congruent
event_aligned,baseline,object_event,cumulative_sign_normalized_correction,0.0,0.0,0.0,30,-0.19,multiplied by true event sign; positive is event-congruent
event_aligned,baseline,object_event,sign_normalized_subsequent_predicted_object,0.003924274292829389,-0.016328711186391405,0.024657315669946937,30,-0.19,multiplied by true event sign; positive is event-congruent
event_aligned,baseline,object_event,sign_normalized_innovation,0.0019472620754111694,-0.021642756631815942,0.024762117156467676,30,-0.18,multiplied by true event sign; positive is event-congruent
event_aligned,baseline,object_event,object_gain,0.27612205773884024,0.2761071701777988,0.2761352586385052,30,-0.18,multiplied by true event sign; positive is event-congruent
event_aligned,baseline,object_event,sign_normalized_correction,0.0005378195212620632,-0.006176613781173209,0.006742676471487306,30,-0.18,multiplied by true event sign; positive is event-congruent
event_aligned,baseline,object_event,sign_normalized_previsual_object,0.004741987348914327,-0.014165881058087155,0.023803479047033223,30,-0.18,multiplied by true event sign; positive is event-congruent
event_aligned,baseline,object_event,sign_normalized_posterior_object,0.005279806870176389,-0.014203795255132368,0.023396614500556433,30,-0.18,multiplied by true event sign; positive is event-congruent
event_aligned,baseline,object_event,cumulative_sign_normalized_correction,0.0,0.0,0.0,30,-0.18,multiplied by true event sign; positive is event-congruent
event_aligned,baseline,object_event,sign_normalized_subsequent_predicted_object,0.005279806870176389,-0.013771690460135174,0.02327844230123225,30,-0.18,multiplied by true event sign; positive is event-congruent
event_aligned,baseline,object_event,sign_normalized_innovation,0.0006467114499763856,-0.019195301119574806,0.02099274626139224,30,-0.17,multiplied by true event sign; positive is event-congruent
event_aligned,baseline,object_event,object_gain,0.27612549414203674,0.2761131742472364,0.27613767173016524,30,-0.17,multiplied by true event sign; positive is event-congruent
event_aligned,baseline,object_event,sign_normalized_correction,0.00017882515708044348,-0.00537859084890019,0.005955589478292573,30,-0.17,multiplied by true event sign; positive is event-congruent
event_aligned,baseline,object_event,sign_normalized_previsual_object,0.0040848060540817814,-0.013905155254097508,0.021393318496178197,30,-0.17,multiplied by true event sign; positive is event-congruent
event_aligned,baseline,object_event,sign_normalized_posterior_object,0.004263631211162225,-0.013998097152750652,0.021920066572522146,30,-0.17,multiplied by true event sign; positive is event-congruent
event_aligned,baseline,object_event,cumulative_sign_normalized_correction,0.0,0.0,0.0,30,-0.17,multiplied by true event sign; positive is event-congruent
event_aligned,baseline,object_event,sign_normalized_subsequent_predicted_object,0.004263631211162225,-0.01390874712237896,0.021819298714868717,30,-0.17,multiplied by true event sign; positive is event-congruent
event_aligned,baseline,object_event,sign_normalized_innovation,-0.0030810282769859385,-0.023414494983340466,0.0171923571761005,30,-0.16,multiplied by true event sign; positive is event-congruent
event_aligned,baseline,object_event,object_gain,0.27612219758173406,0.276111821084176,0.2761321983635904,30,-0.16,multiplied by true event sign; positive is event-congruent
event_aligned,baseline,object_event,sign_normalized_correction,-0.0008506558509634721,-0.006412284513135529,0.004665771458318982,30,-0.16,multiplied by true event sign; positive is event-congruent
event_aligned,baseline,object_event,sign_normalized_previsual_object,0.002410711267868225,-0.015103857722760074,0.01951637291332374,30,-0.16,multiplied by true event sign; positive is event-congruent
event_aligned,baseline,object_event,sign_normalized_posterior_object,0.001560055416904752,-0.018106425392215453,0.019612896906758926,30,-0.16,multiplied by true event sign; positive is event-congruent
event_aligned,baseline,object_event,cumulative_sign_normalized_correction,0.0,0.0,0.0,30,-0.16,multiplied by true event sign; positive is event-congruent
event_aligned,baseline,object_event,sign_normalized_subsequent_predicted_object,0.001560055416904752,-0.017743281072257557,0.019934706362194948,30,-0.16,multiplied by true event sign; positive is event-congruent
event_aligned,baseline,object_event,sign_normalized_innovation,0.01435039225072913,-0.0052672880964397435,0.03433819000418375,30,-0.15,multiplied by true event sign; positive is event-congruent
event_aligned,baseline,object_event,object_gain,0.27612331781338995,0.2761134150739455,0.27613270454007294,30,-0.15,multiplied by true event sign; positive is event-congruent
event_aligned,baseline,object_event,sign_normalized_correction,0.003962737119470939,-0.0015629940841037173,0.009497943977254836,30,-0.15,multiplied by true event sign; positive is event-congruent
event_aligned,baseline,object_event,sign_normalized_previsual_object,0.002519213026616983,-0.01682869085504032,0.0209927626346526,30,-0.15,multiplied by true event sign; positive is event-congruent
event_aligned,baseline,object_event,sign_normalized_posterior_object,0.006481950146087922,-0.014794446922127169,0.026377990460305572,30,-0.15,multiplied by true event sign; positive is event-congruent
event_aligned,baseline,object_event,cumulative_sign_normalized_correction,0.0,0.0,0.0,30,-0.15,multiplied by true event sign; positive is event-congruent
event_aligned,baseline,object_event,sign_normalized_subsequent_predicted_object,0.006481950146087922,-0.015122973847939496,0.027189023540721387,30,-0.15,multiplied by true event sign; positive is event-congruent
event_aligned,baseline,object_event,sign_normalized_innovation,-0.008125542572832887,-0.026735792209656967,0.011081490000615975,30,-0.14,multiplied by true event sign; positive is event-congruent
event_aligned,baseline,object_event,object_gain,0.2761218147996972,0.27611135751259136,0.27613181069913983,30,-0.14,multiplied by true event sign; positive is event-congruent
event_aligned,baseline,object_event,sign_normalized_correction,-0.0022441510691687326,-0.007323822697965136,0.003112364534105622,30,-0.14,multiplied by true event sign; positive is event-congruent
event_aligned,baseline,object_event,sign_normalized_previsual_object,0.0067346356098956246,-0.014005513495447744,0.026062676845825063,30,-0.14,multiplied by true event sign; positive is event-congruent
event_aligned,baseline,object_event,sign_normalized_posterior_object,0.004490484540726891,-0.01636026986606865,0.02493724678172778,30,-0.14,multiplied by true event sign; positive is event-congruent
event_aligned,baseline,object_event,cumulative_sign_normalized_correction,0.0,0.0,0.0,30,-0.14,multiplied by true event sign; positive is event-congruent
event_aligned,baseline,object_event,sign_normalized_subsequent_predicted_object,0.004490484540726891,-0.016643864267780663,0.02527635211141926,30,-0.14,multiplied by true event sign; positive is event-congruent
event_aligned,baseline,object_event,sign_normalized_innovation,0.007211878205445114,-0.014801269839709265,0.028393921615952625,30,-0.13,multiplied by true event sign; positive is event-congruent
event_aligned,baseline,object_event,object_gain,0.2761213438608413,0.2761109256320724,0.2761312291506604,30,-0.13,multiplied by true event sign; positive is event-congruent
event_aligned,baseline,object_event,sign_normalized_correction,0.001991126248731422,-0.0037541653757809327,0.008180716017400553,30,-0.13,multiplied by true event sign; positive is event-congruent
event_aligned,baseline,object_event,sign_normalized_previsual_object,0.004711939296818085,-0.01598931411484778,0.024213517163039898,30,-0.13,multiplied by true event sign; positive is event-congruent
event_aligned,baseline,object_event,sign_normalized_posterior_object,0.006703065545549508,-0.013739055558445167,0.027668888083064017,30,-0.13,multiplied by true event sign; positive is event-congruent
event_aligned,baseline,object_event,cumulative_sign_normalized_correction,0.0,0.0,0.0,30,-0.13,multiplied by true event sign; positive is event-congruent
event_aligned,baseline,object_event,sign_normalized_subsequent_predicted_object,0.006703065545549508,-0.013913470505963059,0.02792701427555495,30,-0.13,multiplied by true event sign; positive is event-congruent
event_aligned,baseline,object_event,sign_normalized_innovation,-0.011024471721587948,-0.032447005746023626,0.009680798092073012,30,-0.12,multiplied by true event sign; positive is event-congruent
event_aligned,baseline,object_event,object_gain,0.27612371997880614,0.27611445964329107,0.27613275696397016,30,-0.12,multiplied by true event sign; positive is event-congruent
event_aligned,baseline,object_event,sign_normalized_correction,-0.003044415060219726,-0.008638792775665169,0.0027526948677472655,30,-0.12,multiplied by true event sign; positive is event-congruent
event_aligned,baseline,object_event,sign_normalized_previsual_object,0.004413059149623272,-0.014822511491802482,0.02436812691347159,30,-0.12,multiplied by true event sign; positive is event-congruent
event_aligned,baseline,object_event,sign_normalized_posterior_object,0.0013686440894035456,-0.017055194211897415,0.020106302981958795,30,-0.12,multiplied by true event sign; positive is event-congruent
event_aligned,baseline,object_event,cumulative_sign_normalized_correction,0.0,0.0,0.0,30,-0.12,multiplied by true event sign; positive is event-congruent
event_aligned,baseline,object_event,sign_normalized_subsequent_predicted_object,0.0013686440894035456,-0.017594918432450365,0.01966343930741491,30,-0.12,multiplied by true event sign; positive is event-congruent
event_aligned,baseline,object_event,sign_normalized_innovation,0.03072241581135958,0.013024822826204489,0.04903253949794287,30,-0.11,multiplied by true event sign; positive is event-congruent
event_aligned,baseline,object_event,object_gain,0.27612557372656527,0.2761155917058594,0.27613535658435784,30,-0.11,multiplied by true event sign; positive is event-congruent
event_aligned,baseline,object_event,sign_normalized_correction,0.008483150542583565,0.003578043411317227,0.013566020138412165,30,-0.11,multiplied by true event sign; positive is event-congruent
event_aligned,baseline,object_event,sign_normalized_previsual_object,0.0008730895874720517,-0.01707397585724554,0.01899308302264828,30,-0.11,multiplied by true event sign; positive is event-congruent
event_aligned,baseline,object_event,sign_normalized_posterior_object,0.009356240130055614,-0.008918848851406015,0.026648290839034236,30,-0.11,multiplied by true event sign; positive is event-congruent
event_aligned,baseline,object_event,cumulative_sign_normalized_correction,0.0,0.0,0.0,30,-0.11,multiplied by true event sign; positive is event-congruent
event_aligned,baseline,object_event,sign_normalized_subsequent_predicted_object,0.009356240130055614,-0.009339727774229674,0.02718030054656421,30,-0.11,multiplied by true event sign; positive is event-congruent
event_aligned,baseline,object_event,sign_normalized_innovation,-0.011286173130864914,-0.031836353071748556,0.010494614186889907,30,-0.1,multiplied by true event sign; positive is event-congruent
event_aligned,baseline,object_event,object_gain,0.2761265374270373,0.2761166610043172,0.2761363127454269,30,-0.1,multiplied by true event sign; positive is event-congruent
event_aligned,baseline,object_event,sign_normalized_correction,-0.0031162175229035153,-0.008807208340898603,0.0028532305905591385,30,-0.1,multiplied by true event sign; positive is event-congruent
event_aligned,baseline,object_event,sign_normalized_previsual_object,0.009060537127801195,-0.008166528386532855,0.025291947640012007,30,-0.1,multiplied by true event sign; positive is event-congruent
event_aligned,baseline,object_event,sign_normalized_posterior_object,0.00594431960489768,-0.01054489545849263,0.023024831618818537,30,-0.1,multiplied by true event sign; positive is event-congruent
event_aligned,baseline,object_event,cumulative_sign_normalized_correction,0.0,0.0,0.0,30,-0.1,multiplied by true event sign; positive is event-congruent
event_aligned,baseline,object_event,sign_normalized_subsequent_predicted_object,0.00594431960489768,-0.010275266221320878,0.02398119593920902,30,-0.1,multiplied by true event sign; positive is event-congruent
event_aligned,baseline,object_event,sign_normalized_innovation,0.013507360903930505,-0.004228636353445941,0.030884419746672644,30,-0.09,multiplied by true event sign; positive is event-congruent
event_aligned,baseline,object_event,object_gain,0.2761197469118997,0.2761088563559917,0.27613004515878775,30,-0.09,multiplied by true event sign; positive is event-congruent
event_aligned,baseline,object_event,sign_normalized_correction,0.0037292908907875727,-0.001154759628140635,0.008704639166868918,30,-0.09,multiplied by true event sign; positive is event-congruent
event_aligned,baseline,object_event,sign_normalized_previsual_object,0.004724845554787759,-0.010995946797109584,0.02159002982542125,30,-0.09,multiplied by true event sign; positive is event-congruent
event_aligned,baseline,object_event,sign_normalized_posterior_object,0.008454136445575333,-0.00769182694779685,0.025391314686982493,30,-0.09,multiplied by true event sign; positive is event-congruent
event_aligned,baseline,object_event,cumulative_sign_normalized_correction,0.0,0.0,0.0,30,-0.09,multiplied by true event sign; positive is event-congruent
event_aligned,baseline,object_event,sign_normalized_subsequent_predicted_object,0.008454136445575333,-0.007040855199412047,0.025698610485161283,30,-0.09,multiplied by true event sign; positive is event-congruent
event_aligned,baseline,object_event,sign_normalized_innovation,-0.021781406684552463,-0.04223254122234965,-0.0006353613730844824,30,-0.08,multiplied by true event sign; positive is event-congruent
event_aligned,baseline,object_event,object_gain,0.276120212198882,0.2761086775948732,0.27613082722059096,30,-0.08,multiplied by true event sign; positive is event-congruent
event_aligned,baseline,object_event,sign_normalized_correction,-0.006013568270068106,-0.0116981744699595,-0.00030976705905813253,30,-0.08,multiplied by true event sign; positive is event-congruent
event_aligned,baseline,object_event,sign_normalized_previsual_object,0.006114113628435969,-0.008085009588248747,0.021738614879456858,30,-0.08,multiplied by true event sign; positive is event-congruent
event_aligned,baseline,object_event,sign_normalized_posterior_object,0.0001005453583678647,-0.013026690913246087,0.01377409603889276,30,-0.08,multiplied by true event sign; positive is event-congruent
event_aligned,baseline,object_event,cumulative_sign_normalized_correction,0.0,0.0,0.0,30,-0.08,multiplied by true event sign; positive is event-congruent
event_aligned,baseline,object_event,sign_normalized_subsequent_predicted_object,0.0001005453583678647,-0.013398760255778925,0.01398674919396939,30,-0.08,multiplied by true event sign; positive is event-congruent
event_aligned,baseline,object_event,sign_normalized_innovation,0.027562303986074555,0.005637710711004727,0.049225748751886435,30,-0.07,multiplied by true event sign; positive is event-congruent
event_aligned,baseline,object_event,object_gain,0.2761212077106272,0.27610663279334396,0.2761346134219217,30,-0.07,multiplied by true event sign; positive is event-congruent
event_aligned,baseline,object_event,sign_normalized_correction,0.007611532056763241,0.0016618585456528846,0.013550232943169508,30,-0.07,multiplied by true event sign; positive is event-congruent
event_aligned,baseline,object_event,sign_normalized_previsual_object,-0.0001242393335708867,-0.012783076129490136,0.013308142888681235,30,-0.07,multiplied by true event sign; positive is event-congruent
event_aligned,baseline,object_event,sign_normalized_posterior_object,0.0074872927231923545,-0.005061458655899612,0.020568159165817345,30,-0.07,multiplied by true event sign; positive is event-congruent
event_aligned,baseline,object_event,cumulative_sign_normalized_correction,0.0,0.0,0.0,30,-0.07,multiplied by true event sign; positive is event-congruent
event_aligned,baseline,object_event,sign_normalized_subsequent_predicted_object,0.0074872927231923545,-0.004920004926489327,0.020839013871778566,30,-0.07,multiplied by true event sign; positive is event-congruent
event_aligned,baseline,object_event,sign_normalized_innovation,0.0039519063240173275,-0.017876188554261412,0.025206689640621786,30,-0.06,multiplied by true event sign; positive is event-congruent
event_aligned,baseline,object_event,object_gain,0.276119831253742,0.27610668789695186,0.2761318338742223,30,-0.06,multiplied by true event sign; positive is event-congruent
event_aligned,baseline,object_event,sign_normalized_correction,0.001091978138497141,-0.004866469268539611,0.007033508792098158,30,-0.06,multiplied by true event sign; positive is event-congruent
event_aligned,baseline,object_event,sign_normalized_previsual_object,0.00815865365996275,-0.0038633327153928284,0.02113087421371969,30,-0.06,multiplied by true event sign; positive is event-congruent
event_aligned,baseline,object_event,sign_normalized_posterior_object,0.009250631798459889,-0.0037721377874094025,0.02221297805622153,30,-0.06,multiplied by true event sign; positive is event-congruent
event_aligned,baseline,object_event,cumulative_sign_normalized_correction,0.0,0.0,0.0,30,-0.06,multiplied by true event sign; positive is event-congruent
event_aligned,baseline,object_event,sign_normalized_subsequent_predicted_object,0.009250631798459889,-0.003236082804844344,0.021929487749570736,30,-0.06,multiplied by true event sign; positive is event-congruent
event_aligned,baseline,object_event,sign_normalized_innovation,0.0027773766133649337,-0.01618303699803978,0.021428785161996665,30,-0.05,multiplied by true event sign; positive is event-congruent
event_aligned,baseline,object_event,object_gain,0.276126656305793,0.2761149235075718,0.27613784068096264,30,-0.05,multiplied by true event sign; positive is event-congruent
event_aligned,baseline,object_event,sign_normalized_correction,0.0007664652685799004,-0.004444889970943862,0.005875136459956243,30,-0.05,multiplied by true event sign; positive is event-congruent
event_aligned,baseline,object_event,sign_normalized_previsual_object,0.00895878070531448,-0.0036030693702282365,0.021244437760073634,30,-0.05,multiplied by true event sign; positive is event-congruent
event_aligned,baseline,object_event,sign_normalized_posterior_object,0.00972524597389438,-0.00204999242009299,0.021660921499586754,30,-0.05,multiplied by true event sign; positive is event-congruent
event_aligned,baseline,object_event,cumulative_sign_normalized_correction,0.0,0.0,0.0,30,-0.05,multiplied by true event sign; positive is event-congruent
event_aligned,baseline,object_event,sign_normalized_subsequent_predicted_object,0.00972524597389438,-0.002016188250967365,0.021270442602055708,30,-0.05,multiplied by true event sign; positive is event-congruent
event_aligned,baseline,object_event,sign_normalized_innovation,-0.011344066297554833,-0.028368130934774957,0.006528055066902619,30,-0.04,multiplied by true event sign; positive is event-congruent
event_aligned,baseline,object_event,object_gain,0.2761248038480807,0.276111040824444,0.27613780340504585,30,-0.04,multiplied by true event sign; positive is event-congruent
event_aligned,baseline,object_event,sign_normalized_correction,-0.003132221803973967,-0.007804341950803996,0.0018011108100171606,30,-0.04,multiplied by true event sign; positive is event-congruent
event_aligned,baseline,object_event,sign_normalized_previsual_object,0.01073809258391419,2.83298161789509e-05,0.02166105230836837,30,-0.04,multiplied by true event sign; positive is event-congruent
event_aligned,baseline,object_event,sign_normalized_posterior_object,0.0076058707799402225,-0.004130885882048704,0.019174844189097758,30,-0.04,multiplied by true event sign; positive is event-congruent
event_aligned,baseline,object_event,cumulative_sign_normalized_correction,0.0,0.0,0.0,30,-0.04,multiplied by true event sign; positive is event-congruent
event_aligned,baseline,object_event,sign_normalized_subsequent_predicted_object,0.0076058707799402225,-0.003809605477517443,0.01879631753023893,30,-0.04,multiplied by true event sign; positive is event-congruent
event_aligned,baseline,object_event,sign_normalized_innovation,-0.002007979720738025,-0.020023093702562934,0.017839343841140595,30,-0.03,multiplied by true event sign; positive is event-congruent
event_aligned,baseline,object_event,object_gain,0.27612593353413534,0.2761119310890897,0.27613842486202433,30,-0.03,multiplied by true event sign; positive is event-congruent
event_aligned,baseline,object_event,sign_normalized_correction,-0.0005548773771000827,-0.0054820263495982844,0.004985388158027208,30,-0.03,multiplied by true event sign; positive is event-congruent
event_aligned,baseline,object_event,sign_normalized_previsual_object,0.007314406857542663,-0.003707844857704217,0.017941078544152264,30,-0.03,multiplied by true event sign; positive is event-congruent
event_aligned,baseline,object_event,sign_normalized_posterior_object,0.006759529480442579,-0.0035012256652519505,0.01703608495775558,30,-0.03,multiplied by true event sign; positive is event-congruent
event_aligned,baseline,object_event,cumulative_sign_normalized_correction,0.0,0.0,0.0,30,-0.03,multiplied by true event sign; positive is event-congruent
event_aligned,baseline,object_event,sign_normalized_subsequent_predicted_object,0.006759529480442579,-0.003293064536972652,0.0172457409109551,30,-0.03,multiplied by true event sign; positive is event-congruent
event_aligned,baseline,object_event,sign_normalized_innovation,0.0307350373663014,0.009879953927594304,0.05337671115609266,30,-0.02,multiplied by true event sign; positive is event-congruent
event_aligned,baseline,object_event,object_gain,0.2761299138568816,0.2761171869499418,0.2761418449770234,30,-0.02,multiplied by true event sign; positive is event-congruent
event_aligned,baseline,object_event,sign_normalized_correction,0.008486876437730457,0.00278347887834278,0.01467495623217258,30,-0.02,multiplied by true event sign; positive is event-congruent
event_aligned,baseline,object_event,sign_normalized_previsual_object,0.005212249112029642,-0.004260517740154742,0.014880756394457387,30,-0.02,multiplied by true event sign; positive is event-congruent
event_aligned,baseline,object_event,sign_normalized_posterior_object,0.013699125549760098,0.0019452379582906687,0.025602108828518006,30,-0.02,multiplied by true event sign; positive is event-congruent
event_aligned,baseline,object_event,cumulative_sign_normalized_correction,0.0,0.0,0.0,30,-0.02,multiplied by true event sign; positive is event-congruent
event_aligned,baseline,object_event,sign_normalized_subsequent_predicted_object,0.013699125549760098,0.002339492475040602,0.02529742103784074,30,-0.02,multiplied by true event sign; positive is event-congruent
event_aligned,baseline,object_event,sign_normalized_innovation,0.005287846889378125,-0.013803212958608332,0.02498884081324514,30,-0.01,multiplied by true event sign; positive is event-congruent
event_aligned,baseline,object_event,object_gain,0.2761354867629971,0.2761253067572471,0.2761454263165313,30,-0.01,multiplied by true event sign; positive is event-congruent
event_aligned,baseline,object_event,sign_normalized_correction,0.0014601416418387346,-0.003699856374281836,0.006883059155608927,30,-0.01,multiplied by true event sign; positive is event-congruent
event_aligned,baseline,object_event,sign_normalized_previsual_object,0.012320294246962142,0.0013895343259197935,0.023303595294170594,30,-0.01,multiplied by true event sign; positive is event-congruent
event_aligned,baseline,object_event,sign_normalized_posterior_object,0.013780435888800879,0.004188477873372389,0.023922435744725003,30,-0.01,multiplied by true event sign; positive is event-congruent
event_aligned,baseline,object_event,cumulative_sign_normalized_correction,0.0,0.0,0.0,30,-0.01,multiplied by true event sign; positive is event-congruent
event_aligned,baseline,object_event,sign_normalized_subsequent_predicted_object,0.013780435888800879,0.004015749767876168,0.02392288914528041,30,-0.01,multiplied by true event sign; positive is event-congruent
event_aligned,baseline,object_event,sign_normalized_innovation,0.3872507034239991,0.3655017241210822,0.4077746813339647,30,0.0,multiplied by true event sign; positive is event-congruent
event_aligned,baseline,object_event,object_gain,0.2761330876349664,0.276126051207103,0.27614045830411205,30,0.0,multiplied by true event sign; positive is event-congruent
event_aligned,baseline,object_event,sign_normalized_correction,0.10693320264054615,0.10084351562070885,0.11265959892844604,30,0.0,multiplied by true event sign; positive is event-congruent
event_aligned,baseline,object_event,sign_normalized_previsual_object,0.011717489396391183,0.0023500974146044695,0.021514443243184536,30,0.0,multiplied by true event sign; positive is event-congruent
event_aligned,baseline,object_event,sign_normalized_posterior_object,0.11865069203693736,0.10797447410372535,0.12944435757674566,30,0.0,multiplied by true event sign; positive is event-congruent
event_aligned,baseline,object_event,cumulative_sign_normalized_correction,0.10693320264054615,0.10079129518714365,0.11264371137835595,30,0.0,multiplied by true event sign; positive is event-congruent
event_aligned,baseline,object_event,sign_normalized_subsequent_predicted_object,0.11865069203693736,0.10819133860148712,0.12948486373881715,30,0.0,multiplied by true event sign; positive is event-congruent
event_aligned,baseline,object_event,sign_normalized_innovation,0.26617301378975494,0.24725992907751093,0.2854539048419576,30,0.01,multiplied by true event sign; positive is event-congruent
event_aligned,baseline,object_event,object_gain,0.27617615610901314,0.27614913082488485,0.2762018366558126,30,0.01,multiplied by true event sign; positive is event-congruent
event_aligned,baseline,object_event,sign_normalized_correction,0.0735114819187914,0.06821588416335633,0.07890102756817553,30,0.01,multiplied by true event sign; positive is event-congruent
event_aligned,baseline,object_event,sign_normalized_previsual_object,0.11967475973410902,0.10969374454559783,0.13010317181375347,30,0.01,multiplied by true event sign; positive is event-congruent
event_aligned,baseline,object_event,sign_normalized_posterior_object,0.1931862416529004,0.18164341585146102,0.20483623639588935,30,0.01,multiplied by true event sign; positive is event-congruent
event_aligned,baseline,object_event,cumulative_sign_normalized_correction,0.18044468455933751,0.171578747639763,0.18897978571517804,30,0.01,multiplied by true event sign; positive is event-congruent
event_aligned,baseline,object_event,sign_normalized_subsequent_predicted_object,0.1931862416529004,0.1820068905615451,0.20512575968205143,30,0.01,multiplied by true event sign; positive is event-congruent
event_aligned,baseline,object_event,sign_normalized_innovation,0.19766335057106466,0.1774357519579977,0.21808839355281842,30,0.02,multiplied by true event sign; positive is event-congruent
event_aligned,baseline,object_event,object_gain,0.27620580328158456,0.27617594256712397,0.2762349727853588,30,0.02,multiplied by true event sign; positive is event-congruent
event_aligned,baseline,object_event,sign_normalized_correction,0.05459398170094874,0.04893134854253589,0.06032252685938747,30,0.02,multiplied by true event sign; positive is event-congruent
event_aligned,baseline,object_event,sign_normalized_previsual_object,0.19483045498579227,0.18404350921449428,0.20570003600242823,30,0.02,multiplied by true event sign; positive is event-congruent
event_aligned,baseline,object_event,sign_normalized_posterior_object,0.249424436686741,0.23871626240515834,0.25985490881785156,30,0.02,multiplied by true event sign; positive is event-congruent
event_aligned,baseline,object_event,cumulative_sign_normalized_correction,0.2350386662602863,0.22657741863932834,0.24378303089116243,30,0.02,multiplied by true event sign; positive is event-congruent
event_aligned,baseline,object_event,sign_normalized_subsequent_predicted_object,0.249424436686741,0.23878838309590175,0.260403927033275,30,0.02,multiplied by true event sign; positive is event-congruent
event_aligned,baseline,object_event,sign_normalized_innovation,0.12355239620143207,0.10021370381834979,0.1459290950872897,30,0.03,multiplied by true event sign; positive is event-congruent
event_aligned,baseline,object_event,object_gain,0.27620995142364035,0.276179383622066,0.2762412195974095,30,0.03,multiplied by true event sign; positive is event-congruent
event_aligned,baseline,object_event,sign_normalized_correction,0.034125501863897796,0.027631124726955336,0.04053341925558659,30,0.03,multiplied by true event sign; positive is event-congruent
event_aligned,baseline,object_event,sign_normalized_previsual_object,0.25311037033462946,0.24322140002056877,0.263534223809632,30,0.03,multiplied by true event sign; positive is event-congruent
event_aligned,baseline,object_event,sign_normalized_posterior_object,0.2872358721985273,0.2767191782569176,0.29759324311842317,30,0.03,multiplied by true event sign; positive is event-congruent
event_aligned,baseline,object_event,cumulative_sign_normalized_correction,0.26916416812418403,0.2585748684729076,0.2800687988228122,30,0.03,multiplied by true event sign; positive is event-congruent
event_aligned,baseline,object_event,sign_normalized_subsequent_predicted_object,0.2872358721985273,0.27673000850270035,0.29769917172376975,30,0.03,multiplied by true event sign; positive is event-congruent
event_aligned,baseline,object_event,sign_normalized_innovation,0.09279213300622095,0.07633306863880646,0.10812049937029944,30,0.04,multiplied by true event sign; positive is event-congruent
event_aligned,baseline,object_event,object_gain,0.2761899446152868,0.2761607715946249,0.27621971791212946,30,0.04,multiplied by true event sign; positive is event-congruent
event_aligned,baseline,object_event,sign_normalized_correction,0.025628017411271766,0.021207337996241103,0.029864690683998843,30,0.04,multiplied by true event sign; positive is event-congruent
event_aligned,baseline,object_event,sign_normalized_previsual_object,0.2875486741789305,0.2777629279706315,0.29700483929057186,30,0.04,multiplied by true event sign; positive is event-congruent
event_aligned,baseline,object_event,sign_normalized_posterior_object,0.3131766915902022,0.30362689842809343,0.3226066061294953,30,0.04,multiplied by true event sign; positive is event-congruent
event_aligned,baseline,object_event,cumulative_sign_normalized_correction,0.29479218553545583,0.2835120416679479,0.3065617991837444,30,0.04,multiplied by true event sign; positive is event-congruent
event_aligned,baseline,object_event,sign_normalized_subsequent_predicted_object,0.3131766915902022,0.30349895619147377,0.3229586315353848,30,0.04,multiplied by true event sign; positive is event-congruent
event_aligned,baseline,object_event,sign_normalized_innovation,0.0474158565966939,0.02634162219428734,0.06782515440523962,30,0.05,multiplied by true event sign; positive is event-congruent
event_aligned,baseline,object_event,object_gain,0.27616724990392644,0.2761392015077845,0.27619569335564165,30,0.05,multiplied by true event sign; positive is event-congruent
event_aligned,baseline,object_event,sign_normalized_correction,0.013095535249454913,0.007328670893219079,0.018732373983551053,30,0.05,multiplied by true event sign; positive is event-congruent
event_aligned,baseline,object_event,sign_normalized_previsual_object,0.3158310606298934,0.3072839414667611,0.32451657728510647,30,0.05,multiplied by true event sign; positive is event-congruent
event_aligned,baseline,object_event,sign_normalized_posterior_object,0.3289265958793484,0.31866035926158853,0.3395751001135976,30,0.05,multiplied by true event sign; positive is event-congruent
event_aligned,baseline,object_event,cumulative_sign_normalized_correction,0.3078877207849108,0.294371234456249,0.32207618110545644,30,0.05,multiplied by true event sign; positive is event-congruent
event_aligned,baseline,object_event,sign_normalized_subsequent_predicted_object,0.3289265958793484,0.3189159167918136,0.33985154649137833,30,0.05,multiplied by true event sign; positive is event-congruent
event_aligned,baseline,object_event,sign_normalized_innovation,0.05701407464840711,0.03574273602525844,0.0781999218959687,30,0.06,multiplied by true event sign; positive is event-congruent
event_aligned,baseline,object_event,object_gain,0.2761392285621037,0.27611155678125365,0.27616736034437067,30,0.06,multiplied by true event sign; positive is event-congruent
event_aligned,baseline,object_event,sign_normalized_correction,0.015746240229508986,0.010071761901113061,0.021645427729392142,30,0.06,multiplied by true event sign; positive is event-congruent
event_aligned,baseline,object_event,sign_normalized_previsual_object,0.3307955271437447,0.32101539079524527,0.34059235308432156,30,0.06,multiplied by true event sign; positive is event-congruent
event_aligned,baseline,object_event,sign_normalized_posterior_object,0.3465417673732537,0.3358476390278997,0.3575861063873276,30,0.06,multiplied by true event sign; positive is event-congruent
event_aligned,baseline,object_event,cumulative_sign_normalized_correction,0.3236339610144198,0.31002160506068516,0.33804495868529916,30,0.06,multiplied by true event sign; positive is event-congruent
event_aligned,baseline,object_event,sign_normalized_subsequent_predicted_object,0.3465417673732537,0.3360460102901193,0.35776094213680426,30,0.06,multiplied by true event sign; positive is event-congruent
event_aligned,baseline,object_event,sign_normalized_innovation,0.026961660169280307,-0.012348748777698435,0.05799117314532815,30,0.07,multiplied by true event sign; positive is event-congruent
event_aligned,baseline,object_event,object_gain,0.2761306910685475,0.27610040330030866,0.27616116946162744,30,0.07,multiplied by true event sign; positive is event-congruent
event_aligned,baseline,object_event,sign_normalized_correction,0.007445500606707451,-0.0033249984939015043,0.016164122356605526,30,0.07,multiplied by true event sign; positive is event-congruent
event_aligned,baseline,object_event,sign_normalized_previsual_object,0.3481463648703325,0.33742208204645535,0.3589473074438094,30,0.07,multiplied by true event sign; positive is event-congruent
event_aligned,baseline,object_event,sign_normalized_posterior_object,0.35559186547703986,0.34206715191792836,0.36862337696777914,30,0.07,multiplied by true event sign; positive is event-congruent
event_aligned,baseline,object_event,cumulative_sign_normalized_correction,0.33107946162112717,0.3146444098446375,0.34757437306262334,30,0.07,multiplied by true event sign; positive is event-congruent
event_aligned,baseline,object_event,sign_normalized_subsequent_predicted_object,0.35559186547703986,0.3422341915894028,0.3691846626640283,30,0.07,multiplied by true event sign; positive is event-congruent
event_aligned,baseline,object_event,sign_normalized_innovation,0.014779134168088574,-0.016348392306533028,0.04152688328276237,30,0.08,multiplied by true event sign; positive is event-congruent
event_aligned,baseline,object_event,object_gain,0.2761139273748884,0.27608631696499064,0.2761423111676358,30,0.08,multiplied by true event sign; positive is event-congruent
event_aligned,baseline,object_event,sign_normalized_correction,0.004083252702866109,-0.004527017000390474,0.01147439177180286,30,0.08,multiplied by true event sign; positive is event-congruent
event_aligned,baseline,object_event,sign_normalized_previsual_object,0.35555810238112645,0.342565949962138,0.3684646486824097,30,0.08,multiplied by true event sign; positive is event-congruent
event_aligned,baseline,object_event,sign_normalized_posterior_object,0.3596413550839926,0.34156345154136575,0.3764327981280256,30,0.08,multiplied by true event sign; positive is event-congruent
event_aligned,baseline,object_event,cumulative_sign_normalized_correction,0.33516271432399325,0.31548265111874857,0.35430963302683477,30,0.08,multiplied by true event sign; positive is event-congruent
event_aligned,baseline,object_event,sign_normalized_subsequent_predicted_object,0.3596413550839926,0.3415010950529026,0.3765216849121861,30,0.08,multiplied by true event sign; positive is event-congruent
event_aligned,baseline,object_event,sign_normalized_innovation,0.016456116333858465,-0.008222432020476508,0.04002326731752939,30,0.09,multiplied by true event sign; positive is event-congruent
event_aligned,baseline,object_event,object_gain,0.2760943840308279,0.2760657298653944,0.27612384362599846,30,0.09,multiplied by true event sign; positive is event-congruent
event_aligned,baseline,object_event,sign_normalized_correction,0.004541443529313653,-0.002254372369729276,0.011247669200188621,30,0.09,multiplied by true event sign; positive is event-congruent
event_aligned,baseline,object_event,sign_normalized_previsual_object,0.36196120827109607,0.343756932204679,0.37848739942205367,30,0.09,multiplied by true event sign; positive is event-congruent
event_aligned,baseline,object_event,sign_normalized_posterior_object,0.3665026518004097,0.34767764450315675,0.3824963920116953,30,0.09,multiplied by true event sign; positive is event-congruent
event_aligned,baseline,object_event,cumulative_sign_normalized_correction,0.3397041578533069,0.3187258483092872,0.35966872119485166,30,0.09,multiplied by true event sign; positive is event-congruent
event_aligned,baseline,object_event,sign_normalized_subsequent_predicted_object,0.3665026518004097,0.3467882743641642,0.3827300527105329,30,0.09,multiplied by true event sign; positive is event-congruent
event_aligned,baseline,object_event,sign_normalized_innovation,0.017646608576471476,-0.006669113330120459,0.04217724631932283,30,0.1,multiplied by true event sign; positive is event-congruent
event_aligned,baseline,object_event,object_gain,0.2760687754619841,0.27604286389388283,0.27609300382380847,30,0.1,multiplied by true event sign; positive is event-congruent
event_aligned,baseline,object_event,sign_normalized_correction,0.00487157060223904,-0.0018798495469628867,0.0117741983918894,30,0.1,multiplied by true event sign; positive is event-congruent
event_aligned,baseline,object_event,sign_normalized_previsual_object,0.36754657044268046,0.3491453558745165,0.3828543613727615,30,0.1,multiplied by true event sign; positive is event-congruent
event_aligned,baseline,object_event,sign_normalized_posterior_object,0.37241814104491955,0.35134935459342725,0.38894306140339013,30,0.1,multiplied by true event sign; positive is event-congruent
event_aligned,baseline,object_event,cumulative_sign_normalized_correction,0.344575728455546,0.3218612096303572,0.366865689146828,30,0.1,multiplied by true event sign; positive is event-congruent
event_aligned,baseline,object_event,sign_normalized_subsequent_predicted_object,0.37241814104491955,0.3519365532100745,0.3888147142587669,30,0.1,multiplied by true event sign; positive is event-congruent
event_aligned,baseline,object_event,sign_normalized_innovation,-0.00702166076004995,-0.02956715745766915,0.015963961545569363,30,0.11,multiplied by true event sign; positive is event-congruent
event_aligned,baseline,object_event,object_gain,0.276073999457073,0.27605033947501445,0.27609658950424126,30,0.11,multiplied by true event sign; positive is event-congruent
event_aligned,baseline,object_event,sign_normalized_correction,-0.0019380235502042117,-0.008181616082468063,0.004496379424685323,30,0.11,multiplied by true event sign; positive is event-congruent
event_aligned,baseline,object_event,sign_normalized_previsual_object,0.37337259336810036,0.3523335067181499,0.38914434072506726,30,0.11,multiplied by true event sign; positive is event-congruent
event_aligned,baseline,object_event,sign_normalized_posterior_object,0.37143456981789613,0.34926499229361074,0.3881993548049674,30,0.11,multiplied by true event sign; positive is event-congruent
event_aligned,baseline,object_event,cumulative_sign_normalized_correction,0.34263770490534184,0.3188158714343771,0.3651761772701848,30,0.11,multiplied by true event sign; positive is event-congruent
event_aligned,baseline,object_event,sign_normalized_subsequent_predicted_object,0.37143456981789613,0.34918174224023324,0.3885106408875405,30,0.11,multiplied by true event sign; positive is event-congruent
event_aligned,baseline,object_event,sign_normalized_innovation,0.005485556356343245,-0.01639651439697636,0.027248806821558325,30,0.12,multiplied by true event sign; positive is event-congruent
event_aligned,baseline,object_event,object_gain,0.2760736843198235,0.2760526904419195,0.2760926059126816,30,0.12,multiplied by true event sign; positive is event-congruent
event_aligned,baseline,object_event,sign_normalized_correction,0.0015143128926881665,-0.0044923844158749286,0.007725615993211722,30,0.12,multiplied by true event sign; positive is event-congruent
event_aligned,baseline,object_event,sign_normalized_previsual_object,0.3705905428014529,0.3470226847448044,0.3871147872734616,30,0.12,multiplied by true event sign; positive is event-congruent
event_aligned,baseline,object_event,sign_normalized_posterior_object,0.3721048556941412,0.3482718822779373,0.39041753237597016,30,0.12,multiplied by true event sign; positive is event-congruent
event_aligned,baseline,object_event,cumulative_sign_normalized_correction,0.34415201779803006,0.31921402981706615,0.3686051835061951,30,0.12,multiplied by true event sign; positive is event-congruent
event_aligned,baseline,object_event,sign_normalized_subsequent_predicted_object,0.3721048556941412,0.34766693755785455,0.3900591700192884,30,0.12,multiplied by true event sign; positive is event-congruent
event_aligned,baseline,object_event,sign_normalized_innovation,0.012479781082887074,-0.012821671345325709,0.03817113314213084,30,0.13,multiplied by true event sign; positive is event-congruent
event_aligned,baseline,object_event,object_gain,0.2760755548309469,0.27605465084282194,0.2760953932521551,30,0.13,multiplied by true event sign; positive is event-congruent
event_aligned,baseline,object_event,sign_normalized_correction,0.0034464916232420863,-0.0033419594868287945,0.010540067972230813,30,0.13,multiplied by true event sign; positive is event-congruent
event_aligned,baseline,object_event,sign_normalized_previsual_object,0.3735098331158963,0.3494996125783259,0.3913111335886529,30,0.13,multiplied by true event sign; positive is event-congruent
event_aligned,baseline,object_event,sign_normalized_posterior_object,0.37695632473913837,0.34946630097539183,0.398537745420926,30,0.13,multiplied by true event sign; positive is event-congruent
event_aligned,baseline,object_event,cumulative_sign_normalized_correction,0.3475985094212721,0.3189982185091161,0.3751787991690675,30,0.13,multiplied by true event sign; positive is event-congruent
event_aligned,baseline,object_event,sign_normalized_subsequent_predicted_object,0.37695632473913837,0.3503314303537863,0.3984801309013062,30,0.13,multiplied by true event sign; positive is event-congruent
event_aligned,baseline,object_event,sign_normalized_innovation,0.01038437608832295,-0.009428621471052936,0.031950265983818095,30,0.14,multiplied by true event sign; positive is event-congruent
event_aligned,baseline,object_event,object_gain,0.27607014849009326,0.27604138881658746,0.27609762054471493,30,0.14,multiplied by true event sign; positive is event-congruent
event_aligned,baseline,object_event,sign_normalized_correction,0.0028694035092508997,-0.0027405753535180073,0.008903926574183497,30,0.14,multiplied by true event sign; positive is event-congruent
event_aligned,baseline,object_event,sign_normalized_previsual_object,0.3773074921420535,0.3494232379747723,0.3982876928672846,30,0.14,multiplied by true event sign; positive is event-congruent
event_aligned,baseline,object_event,sign_normalized_posterior_object,0.3801768956513044,0.3545547760088648,0.4010955070117744,30,0.14,multiplied by true event sign; positive is event-congruent
event_aligned,baseline,object_event,cumulative_sign_normalized_correction,0.35046791293052304,0.3220055238430201,0.37884561805350053,30,0.14,multiplied by true event sign; positive is event-congruent
event_aligned,baseline,object_event,sign_normalized_subsequent_predicted_object,0.3801768956513044,0.3540356093933497,0.40115836438049385,30,0.14,multiplied by true event sign; positive is event-congruent
event_aligned,baseline,object_event,sign_normalized_innovation,0.006410167668559322,-0.01576021695477554,0.02813582274094642,30,0.15,multiplied by true event sign; positive is event-congruent
event_aligned,baseline,object_event,object_gain,0.27604906086949155,0.2759887606156534,0.2760928916823618,30,0.15,multiplied by true event sign; positive is event-congruent
event_aligned,baseline,object_event,sign_normalized_correction,0.0017742220194363423,-0.004311659523390926,0.007758551320533996,30,0.15,multiplied by true event sign; positive is event-congruent
event_aligned,baseline,object_event,sign_normalized_previsual_object,0.3788325387966377,0.3538681272281453,0.39936869987856866,30,0.15,multiplied by true event sign; positive is event-congruent
event_aligned,baseline,object_event,sign_normalized_posterior_object,0.38060676081607403,0.3532952650991295,0.40229601567910567,30,0.15,multiplied by true event sign; positive is event-congruent
event_aligned,baseline,object_event,cumulative_sign_normalized_correction,0.35224213494995926,0.3218371757843043,0.3827932887810141,30,0.15,multiplied by true event sign; positive is event-congruent
event_aligned,baseline,object_event,sign_normalized_subsequent_predicted_object,0.38060676081607403,0.3529732092168078,0.4017936021445795,30,0.15,multiplied by true event sign; positive is event-congruent
event_aligned,baseline,object_event,sign_normalized_innovation,0.021127963566405637,0.0007736553833664203,0.04258440329490863,30,0.16,multiplied by true event sign; positive is event-congruent
event_aligned,baseline,object_event,object_gain,0.27605134772084033,0.2759987657760388,0.276090557754225,30,0.16,multiplied by true event sign; positive is event-congruent
event_aligned,baseline,object_event,sign_normalized_correction,0.005831619933881621,0.00015394061063864933,0.011616141575513368,30,0.16,multiplied by true event sign; positive is event-congruent
event_aligned,baseline,object_event,sign_normalized_previsual_object,0.38070319871739083,0.35311969417280414,0.4021570653576969,30,0.16,multiplied by true event sign; positive is event-congruent
event_aligned,baseline,object_event,sign_normalized_posterior_object,0.3865348186512725,0.3604401860344789,0.40655318467363327,30,0.16,multiplied by true event sign; positive is event-congruent
event_aligned,baseline,object_event,cumulative_sign_normalized_correction,0.3580737548838409,0.32817800813533066,0.38747629965323027,30,0.16,multiplied by true event sign; positive is event-congruent
event_aligned,baseline,object_event,sign_normalized_subsequent_predicted_object,0.3865348186512725,0.35998813099840127,0.40669271484359737,30,0.16,multiplied by true event sign; positive is event-congruent
event_aligned,baseline,object_event,sign_normalized_innovation,-0.008686631981873428,-0.03138395754335435,0.014365599481243406,30,0.17,multiplied by true event sign; positive is event-congruent
event_aligned,baseline,object_event,object_gain,0.27605769123224777,0.2760214970533768,0.2760894595831826,30,0.17,multiplied by true event sign; positive is event-congruent
event_aligned,baseline,object_event,sign_normalized_correction,-0.0024012490768854323,-0.008418872690113662,0.003813695902718254,30,0.17,multiplied by true event sign; positive is event-congruent
event_aligned,baseline,object_event,sign_normalized_previsual_object,0.38747694984007114,0.3615456467914021,0.4066643016206096,30,0.17,multiplied by true event sign; positive is event-congruent
event_aligned,baseline,object_event,sign_normalized_posterior_object,0.38507570076318565,0.358100217395143,0.406275524394885,30,0.17,multiplied by true event sign; positive is event-congruent
event_aligned,baseline,object_event,cumulative_sign_normalized_correction,0.3556725058069555,0.3236257275573145,0.3875864925508223,30,0.17,multiplied by true event sign; positive is event-congruent
event_aligned,baseline,object_event,sign_normalized_subsequent_predicted_object,0.38507570076318565,0.357606414083886,0.4063254400849024,30,0.17,multiplied by true event sign; positive is event-congruent
event_aligned,baseline,object_event,sign_normalized_innovation,-0.0084265857607162,-0.030254441737045164,0.013067715775075284,30,0.18,multiplied by true event sign; positive is event-congruent
event_aligned,baseline,object_event,object_gain,0.27605538629564275,0.27603115029676195,0.2760761037799356,30,0.18,multiplied by true event sign; positive is event-congruent
event_aligned,baseline,object_event,sign_normalized_correction,-0.0023268124603425485,-0.008418314919214673,0.003588409199745609,30,0.18,multiplied by true event sign; positive is event-congruent
event_aligned,baseline,object_event,sign_normalized_previsual_object,0.3852064990918899,0.35672286722169305,0.40672967276799915,30,0.18,multiplied by true event sign; positive is event-congruent
event_aligned,baseline,object_event,sign_normalized_posterior_object,0.38287968663154737,0.35551138566945445,0.40367135370636165,30,0.18,multiplied by true event sign; positive is event-congruent
event_aligned,baseline,object_event,cumulative_sign_normalized_correction,0.3533456933466129,0.3224153491082776,0.38499186868859314,30,0.18,multiplied by true event sign; positive is event-congruent
event_aligned,baseline,object_event,sign_normalized_subsequent_predicted_object,0.38287968663154737,0.35594372034393046,0.4035156034496456,30,0.18,multiplied by true event sign; positive is event-congruent
event_aligned,baseline,object_event,sign_normalized_innovation,0.0008124675083769069,-0.023803987811025083,0.022809148595094954,30,0.19,multiplied by true event sign; positive is event-congruent
event_aligned,baseline,object_event,object_gain,0.27605978302718126,0.276040623814402,0.2760784231090487,30,0.19,multiplied by true event sign; positive is event-congruent
event_aligned,baseline,object_event,sign_normalized_correction,0.0002235316928648215,-0.006358106845105697,0.006294199771447871,30,0.19,multiplied by true event sign; positive is event-congruent
event_aligned,baseline,object_event,sign_normalized_previsual_object,0.3824354399361471,0.3562356705574998,0.402335803137435,30,0.19,multiplied by true event sign; positive is event-congruent
event_aligned,baseline,object_event,sign_normalized_posterior_object,0.382658971629012,0.3568433626305896,0.4033966112171368,30,0.19,multiplied by true event sign; positive is event-congruent
event_aligned,baseline,object_event,cumulative_sign_normalized_correction,0.3535692250394778,0.32230368772924184,0.3856688752782583,30,0.19,multiplied by true event sign; positive is event-congruent
event_aligned,baseline,object_event,sign_normalized_subsequent_predicted_object,0.382658971629012,0.35582117440468236,0.4031947449965253,30,0.19,multiplied by true event sign; positive is event-congruent
event_aligned,baseline,object_event,sign_normalized_innovation,0.01174196807963676,-0.00810815792944535,0.030098821990354043,30,0.2,multiplied by true event sign; positive is event-congruent
event_aligned,baseline,object_event,object_gain,0.2760661347860511,0.2760463608976122,0.2760858728842495,30,0.2,multiplied by true event sign; positive is event-congruent
event_aligned,baseline,object_event,sign_normalized_correction,0.003242597820907002,-0.0022725097224858817,0.008368727822210386,30,0.2,multiplied by true event sign; positive is event-congruent
event_aligned,baseline,object_event,sign_normalized_previsual_object,0.3820492342007152,0.3540844658136081,0.40214604946174387,30,0.2,multiplied by true event sign; positive is event-congruent
event_aligned,baseline,object_event,sign_normalized_posterior_object,0.38529183202162215,0.35815115310430184,0.40566756461011627,30,0.2,multiplied by true event sign; positive is event-congruent
event_aligned,baseline,object_event,cumulative_sign_normalized_correction,0.35681182286038476,0.3242070279678326,0.38997439401894174,30,0.2,multiplied by true event sign; positive is event-congruent
event_aligned,baseline,object_event,sign_normalized_subsequent_predicted_object,0.38529183202162215,0.3580468087947047,0.40641366115533106,30,0.2,multiplied by true event sign; positive is event-congruent
event_aligned,baseline,object_event,sign_normalized_innovation,-0.011775931151174845,-0.03584157068468233,0.011460073758076528,30,0.21,multiplied by true event sign; positive is event-congruent
event_aligned,baseline,object_event,object_gain,0.2760764147203462,0.27605736801242653,0.27609635374818925,30,0.21,multiplied by true event sign; positive is event-congruent
event_aligned,baseline,object_event,sign_normalized_correction,-0.0032528992945786215,-0.009820404995172631,0.0031074866909583344,30,0.21,multiplied by true event sign; positive is event-congruent
event_aligned,baseline,object_event,sign_normalized_previsual_object,0.38608792678891857,0.35987609112010294,0.4059111216940997,30,0.21,multiplied by true event sign; positive is event-congruent
event_aligned,baseline,object_event,sign_normalized_posterior_object,0.38283502749433995,0.35538405064864076,0.401834290191939,30,0.21,multiplied by true event sign; positive is event-congruent
event_aligned,baseline,object_event,cumulative_sign_normalized_correction,0.3535589235658062,0.3197516010392262,0.38625900970396665,30,0.21,multiplied by true event sign; positive is event-congruent
event_aligned,baseline,object_event,sign_normalized_subsequent_predicted_object,0.38283502749433995,0.35476575651447995,0.4022086310210555,30,0.21,multiplied by true event sign; positive is event-congruent
event_aligned,baseline,object_event,sign_normalized_innovation,0.0071982264721429075,-0.013660504798251445,0.028235238718427622,30,0.22,multiplied by true event sign; positive is event-congruent
event_aligned,baseline,object_event,object_gain,0.2760683010438643,0.27604677249540444,0.27608924724581513,30,0.22,multiplied by true event sign; positive is event-congruent
event_aligned,baseline,object_event,sign_normalized_correction,0.00198530446867971,-0.0037987665281877655,0.007512390793610871,30,0.22,multiplied by true event sign; positive is event-congruent
event_aligned,baseline,object_event,sign_normalized_previsual_object,0.38199929428622126,0.3533093775063122,0.40081695167023684,30,0.22,multiplied by true event sign; positive is event-congruent
event_aligned,baseline,object_event,sign_normalized_posterior_object,0.3839845987549009,0.3568407509064027,0.40282367346685494,30,0.22,multiplied by true event sign; positive is event-congruent
event_aligned,baseline,object_event,cumulative_sign_normalized_correction,0.3555442280344858,0.3236768144839594,0.38773515389160207,30,0.22,multiplied by true event sign; positive is event-congruent
event_aligned,baseline,object_event,sign_normalized_subsequent_predicted_object,0.3839845987549009,0.35747381897044866,0.4030352377119649,30,0.22,multiplied by true event sign; positive is event-congruent
event_aligned,baseline,object_event,sign_normalized_innovation,-0.0023523423633220026,-0.02463931912983969,0.019636465417276726,30,0.23,multiplied by true event sign; positive is event-congruent
event_aligned,baseline,object_event,object_gain,0.27606965291164814,0.2760488922235099,0.2760894057150172,30,0.23,multiplied by true event sign; positive is event-congruent
event_aligned,baseline,object_event,sign_normalized_correction,-0.0006493864641237928,-0.006711457181273648,0.005480111101166845,30,0.23,multiplied by true event sign; positive is event-congruent
event_aligned,baseline,object_event,sign_normalized_previsual_object,0.38359575145861025,0.35612469186121154,0.40225775934109864,30,0.23,multiplied by true event sign; positive is event-congruent
event_aligned,baseline,object_event,sign_normalized_posterior_object,0.3829463649944865,0.3565702006089636,0.40072211513271466,30,0.23,multiplied by true event sign; positive is event-congruent
event_aligned,baseline,object_event,cumulative_sign_normalized_correction,0.354894841570362,0.32239251118320456,0.387157940839153,30,0.23,multiplied by true event sign; positive is event-congruent
event_aligned,baseline,object_event,sign_normalized_subsequent_predicted_object,0.3829463649944865,0.3577736188628881,0.40068740122890034,30,0.23,multiplied by true event sign; positive is event-congruent
event_aligned,baseline,object_event,sign_normalized_innovation,0.011704703387210368,-0.013065781035830976,0.03748322677663821,30,0.24,multiplied by true event sign; positive is event-congruent
event_aligned,baseline,object_event,object_gain,0.2760682162257785,0.27604878533999666,0.27608669640913863,30,0.24,multiplied by true event sign; positive is event-congruent
event_aligned,baseline,object_event,sign_normalized_correction,0.0032306330785564783,-0.0034351812138958696,0.010234219889859824,30,0.24,multiplied by true event sign; positive is event-congruent
event_aligned,baseline,object_event,sign_normalized_previsual_object,0.38218955411070105,0.35636416486150035,0.39973174564684133,30,0.24,multiplied by true event sign; positive is event-congruent
event_aligned,baseline,object_event,sign_normalized_posterior_object,0.38542018718925736,0.3588603366878818,0.4042458607535937,30,0.24,multiplied by true event sign; positive is event-congruent
event_aligned,baseline,object_event,cumulative_sign_normalized_correction,0.35812547464891853,0.3242107627348487,0.3933982672480671,30,0.24,multiplied by true event sign; positive is event-congruent
event_aligned,baseline,object_event,sign_normalized_subsequent_predicted_object,0.38542018718925736,0.3594757531551972,0.40430890758487975,30,0.24,multiplied by true event sign; positive is event-congruent
event_aligned,baseline,object_event,sign_normalized_innovation,-0.0004331778068038512,-0.02230639437607512,0.02236291338737808,30,0.25,multiplied by true event sign; positive is event-congruent
event_aligned,baseline,object_event,object_gain,0.2760768164167181,0.2760562195301733,0.2760963573840617,30,0.25,multiplied by true event sign; positive is event-congruent
event_aligned,baseline,object_event,sign_normalized_correction,-0.00012017593725958137,-0.006223765921851438,0.006019631603146619,30,0.25,multiplied by true event sign; positive is event-congruent
event_aligned,baseline,object_event,sign_normalized_previsual_object,0.38448063589494025,0.35816555638774683,0.4030225416054744,30,0.25,multiplied by true event sign; positive is event-congruent
event_aligned,baseline,object_event,sign_normalized_posterior_object,0.38436045995768064,0.3568819063590301,0.4048949044015888,30,0.25,multiplied by true event sign; positive is event-congruent
event_aligned,baseline,object_event,cumulative_sign_normalized_correction,0.358005298711659,0.3210466578312056,0.39642909349096256,30,0.25,multiplied by true event sign; positive is event-congruent
event_aligned,baseline,object_event,sign_normalized_subsequent_predicted_object,0.38436045995768064,0.35517387897956715,0.40505173224311763,30,0.25,multiplied by true event sign; positive is event-congruent
event_aligned,baseline,object_event,sign_normalized_innovation,0.010058747977154506,-0.013373563101684735,0.03300249290212244,30,0.26,multiplied by true event sign; positive is event-congruent
event_aligned,baseline,object_event,object_gain,0.2760714504969151,0.27604904803914737,0.27609148576543247,30,0.26,multiplied by true event sign; positive is event-congruent
event_aligned,baseline,object_event,sign_normalized_correction,0.0027775214214151274,-0.0038091985655083005,0.00915845370564195,30,0.26,multiplied by true event sign; positive is event-congruent
event_aligned,baseline,object_event,sign_normalized_previsual_object,0.3842263769728383,0.3548021637269393,0.4044122180385483,30,0.26,multiplied by true event sign; positive is event-congruent
event_aligned,baseline,object_event,sign_normalized_posterior_object,0.3870038983942534,0.35803227223037065,0.4087212402076352,30,0.26,multiplied by true event sign; positive is event-congruent
event_aligned,baseline,object_event,cumulative_sign_normalized_correction,0.360782820133074,0.3202666595215597,0.4022663618064382,30,0.26,multiplied by true event sign; positive is event-congruent
event_aligned,baseline,object_event,sign_normalized_subsequent_predicted_object,0.3870038983942534,0.3586925102393434,0.40867254683586784,30,0.26,multiplied by true event sign; positive is event-congruent
event_aligned,baseline,object_event,sign_normalized_innovation,0.003826699525513114,-0.012912885764395884,0.020274007622074857,30,0.27,multiplied by true event sign; positive is event-congruent
event_aligned,baseline,object_event,object_gain,0.2760723036926305,0.27604833182121824,0.2760951213750744,30,0.27,multiplied by true event sign; positive is event-congruent
event_aligned,baseline,object_event,sign_normalized_correction,0.0010564487950584995,-0.003557384027431606,0.005651150128101774,30,0.27,multiplied by true event sign; positive is event-congruent
event_aligned,baseline,object_event,sign_normalized_previsual_object,0.386159747762662,0.357083569856308,0.40727241521333496,30,0.27,multiplied by true event sign; positive is event-congruent
event_aligned,baseline,object_event,sign_normalized_posterior_object,0.38721619655772055,0.3580198596621049,0.40864676738691663,30,0.27,multiplied by true event sign; positive is event-congruent
event_aligned,baseline,object_event,cumulative_sign_normalized_correction,0.3618392689281326,0.3213636280771819,0.40299730319904126,30,0.27,multiplied by true event sign; positive is event-congruent
event_aligned,baseline,object_event,sign_normalized_subsequent_predicted_object,0.38721619655772055,0.3576885118027056,0.4084283100573396,30,0.27,multiplied by true event sign; positive is event-congruent
event_aligned,baseline,object_event,sign_normalized_innovation,0.026011133233945816,0.012198095841296618,0.039263121828623126,30,0.28,multiplied by true event sign; positive is event-congruent
event_aligned,baseline,object_event,object_gain,0.27607356118192844,0.27605484859277496,0.27609228865448515,30,0.28,multiplied by true event sign; positive is event-congruent
event_aligned,baseline,object_event,sign_normalized_correction,0.0071808102231888,0.003410697475548785,0.010856268327887515,30,0.28,multiplied by true event sign; positive is event-congruent
event_aligned,baseline,object_event,sign_normalized_previsual_object,0.38655719659109855,0.3578113657924546,0.4073619781759028,30,0.28,multiplied by true event sign; positive is event-congruent
event_aligned,baseline,object_event,sign_normalized_posterior_object,0.3937380068142872,0.3640139409753147,0.4150194994777301,30,0.28,multiplied by true event sign; positive is event-congruent
event_aligned,baseline,object_event,cumulative_sign_normalized_correction,0.36902007915132135,0.3282000845853477,0.41068113277359786,30,0.28,multiplied by true event sign; positive is event-congruent
event_aligned,baseline,object_event,sign_normalized_subsequent_predicted_object,0.3937380068142872,0.3637117499237877,0.4144653323147745,30,0.28,multiplied by true event sign; positive is event-congruent
event_aligned,baseline,object_event,sign_normalized_innovation,-0.00012864417319622423,-0.017068328151743375,0.01768530251600097,30,0.29,multiplied by true event sign; positive is event-congruent
event_aligned,baseline,object_event,object_gain,0.27608977113118205,0.2760727632265903,0.2761068478491391,30,0.29,multiplied by true event sign; positive is event-congruent
event_aligned,baseline,object_event,sign_normalized_correction,-3.7095067589577926e-05,-0.0049365402337669465,0.00473013732103916,30,0.29,multiplied by true event sign; positive is event-congruent
event_aligned,baseline,object_event,sign_normalized_previsual_object,0.3930830709722753,0.3633951648742401,0.4139304256150924,30,0.29,multiplied by true event sign; positive is event-congruent
event_aligned,baseline,object_event,sign_normalized_posterior_object,0.39304597590468576,0.36176432202878184,0.41464988306737766,30,0.29,multiplied by true event sign; positive is event-congruent
event_aligned,baseline,object_event,cumulative_sign_normalized_correction,0.36898298408373176,0.32750987697368816,0.41212145098329994,30,0.29,multiplied by true event sign; positive is event-congruent
event_aligned,baseline,object_event,sign_normalized_subsequent_predicted_object,0.39304597590468576,0.3616554582043305,0.41472519712720296,30,0.29,multiplied by true event sign; positive is event-congruent
event_aligned,baseline,object_event,sign_normalized_innovation,-0.0165633384252271,-0.07910155713740032,0.024171591042854292,30,0.3,multiplied by true event sign; positive is event-congruent
event_aligned,baseline,object_event,object_gain,0.2760819264582307,0.2760676601705333,0.2760957608809595,30,0.3,multiplied by true event sign; positive is event-congruent
event_aligned,baseline,object_event,sign_normalized_correction,-0.004570908209204003,-0.021539077244945377,0.006572490605999727,30,0.3,multiplied by true event sign; positive is event-congruent
event_aligned,baseline,object_event,sign_normalized_previsual_object,0.3923766236362772,0.36284718180691794,0.4141345933890115,30,0.3,multiplied by true event sign; positive is event-congruent
event_aligned,baseline,object_event,sign_normalized_posterior_object,0.3878057154270731,0.35896924351303455,0.4087481348465275,30,0.3,multiplied by true event sign; positive is event-congruent
event_aligned,baseline,object_event,cumulative_sign_normalized_correction,0.36441207587452784,0.32671570563705454,0.40363019871341854,30,0.3,multiplied by true event sign; positive is event-congruent
event_aligned,baseline,object_event,sign_normalized_subsequent_predicted_object,0.3878057154270731,0.3589265058551109,0.4088654905482898,30,0.3,multiplied by true event sign; positive is event-congruent
event_aligned,baseline,object_event,sign_normalized_innovation,-0.012908565313257101,-0.05677983849903389,0.020406529166946925,30,0.31,multiplied by true event sign; positive is event-congruent
event_aligned,baseline,object_event,object_gain,0.2760755159932952,0.27604796119251274,0.27609751263372406,30,0.31,multiplied by true event sign; positive is event-congruent
event_aligned,baseline,object_event,sign_normalized_correction,-0.003559471696471868,-0.01589864765428689,0.005614753752084041,30,0.31,multiplied by true event sign; positive is event-congruent
event_aligned,baseline,object_event,sign_normalized_previsual_object,0.38721866022994267,0.35765180643446143,0.4083723571937404,30,0.31,multiplied by true event sign; positive is event-congruent
event_aligned,baseline,object_event,sign_normalized_posterior_object,0.3836591885334709,0.35093908863520307,0.4084501777465462,30,0.31,multiplied by true event sign; positive is event-congruent
event_aligned,baseline,object_event,cumulative_sign_normalized_correction,0.3608526041780559,0.32122150600217825,0.4024504492660619,30,0.31,multiplied by true event sign; positive is event-congruent
event_aligned,baseline,object_event,sign_normalized_subsequent_predicted_object,0.3836591885334709,0.35141311307593764,0.4083908385449702,30,0.31,multiplied by true event sign; positive is event-congruent
event_aligned,baseline,object_event,sign_normalized_innovation,-0.0174910579236693,-0.05018163325573787,0.010093259713519653,30,0.32,multiplied by true event sign; positive is event-congruent
event_aligned,baseline,object_event,object_gain,0.27607210892941647,0.27604755864843755,0.27609436227766243,30,0.32,multiplied by true event sign; positive is event-congruent
event_aligned,baseline,object_event,sign_normalized_correction,-0.004826548676380129,-0.013724574326447254,0.0027200156899964195,30,0.32,multiplied by true event sign; positive is event-congruent
event_aligned,baseline,object_event,sign_normalized_previsual_object,0.38453808969651526,0.35147381038143066,0.4094147751835056,30,0.32,multiplied by true event sign; positive is event-congruent
event_aligned,baseline,object_event,sign_normalized_posterior_object,0.37971154102013516,0.3417672864672152,0.40935625612444576,30,0.32,multiplied by true event sign; positive is event-congruent
event_aligned,baseline,object_event,cumulative_sign_normalized_correction,0.3560260555016758,0.3136652649443105,0.4004251444148978,30,0.32,multiplied by true event sign; positive is event-congruent
event_aligned,baseline,object_event,sign_normalized_subsequent_predicted_object,0.37971154102013516,0.3423067064753896,0.41013062513429366,30,0.32,multiplied by true event sign; positive is event-congruent
event_aligned,baseline,object_event,sign_normalized_innovation,-0.0012427294866078442,-0.035666007532312645,0.02927531342280352,30,0.33,multiplied by true event sign; positive is event-congruent
event_aligned,baseline,object_event,object_gain,0.2760738923771775,0.27605427955890094,0.2760925109175821,30,0.33,multiplied by true event sign; positive is event-congruent
event_aligned,baseline,object_event,sign_normalized_correction,-0.0003414114744878527,-0.009691298563779047,0.007964333379574614,30,0.33,multiplied by true event sign; positive is event-congruent
event_aligned,baseline,object_event,sign_normalized_previsual_object,0.37837706268956334,0.33905508487738056,0.40792009357712017,30,0.33,multiplied by true event sign; positive is event-congruent
event_aligned,baseline,object_event,sign_normalized_posterior_object,0.3780356512150754,0.33453957250613814,0.41057162337017555,30,0.33,multiplied by true event sign; positive is event-congruent
event_aligned,baseline,object_event,cumulative_sign_normalized_correction,0.35568464402718797,0.3103330084037028,0.40121819891542476,30,0.33,multiplied by true event sign; positive is event-congruent
event_aligned,baseline,object_event,sign_normalized_subsequent_predicted_object,0.3780356512150754,0.33456642105869233,0.41010632893995896,30,0.33,multiplied by true event sign; positive is event-congruent
event_aligned,baseline,object_event,sign_normalized_innovation,0.007987696142576774,-0.0163950229208573,0.03261830286474213,30,0.34,multiplied by true event sign; positive is event-congruent
event_aligned,baseline,object_event,object_gain,0.2760727072562493,0.2760393801961949,0.2760990010824308,30,0.34,multiplied by true event sign; positive is event-congruent
event_aligned,baseline,object_event,sign_normalized_correction,0.002204123181775729,-0.004514765621467832,0.009165787512613733,30,0.34,multiplied by true event sign; positive is event-congruent
event_aligned,baseline,object_event,sign_normalized_previsual_object,0.3756107407834993,0.330001272937155,0.40873865070076054,30,0.34,multiplied by true event sign; positive is event-congruent
event_aligned,baseline,object_event,sign_normalized_posterior_object,0.3778148639652749,0.32733591875481716,0.41325064994085503,30,0.34,multiplied by true event sign; positive is event-congruent
event_aligned,baseline,object_event,cumulative_sign_normalized_correction,0.3578887672089637,0.30826899504405947,0.40985461101500376,30,0.34,multiplied by true event sign; positive is event-congruent
event_aligned,baseline,object_event,sign_normalized_subsequent_predicted_object,0.3778148639652749,0.32799640886369663,0.4137159178993619,30,0.34,multiplied by true event sign; positive is event-congruent
event_aligned,baseline,object_event,sign_normalized_innovation,-0.014562481420515118,-0.03986619302337797,0.009734788121739741,30,0.35000000000000003,multiplied by true event sign; positive is event-congruent
event_aligned,baseline,object_event,object_gain,0.27607209750660594,0.2760421696497026,0.27610009042114075,30,0.35000000000000003,multiplied by true event sign; positive is event-congruent
event_aligned,baseline,object_event,sign_normalized_correction,-0.004021616437490281,-0.01090357545254456,0.0025365414959519416,30,0.35000000000000003,multiplied by true event sign; positive is event-congruent
event_aligned,baseline,object_event,sign_normalized_previsual_object,0.3771137813737976,0.3263846968020507,0.4142755042529743,30,0.35000000000000003,multiplied by true event sign; positive is event-congruent
event_aligned,baseline,object_event,sign_normalized_posterior_object,0.3730921649363073,0.3191271727471723,0.41308001797753263,30,0.35000000000000003,multiplied by true event sign; positive is event-congruent
event_aligned,baseline,object_event,cumulative_sign_normalized_correction,0.3538671507714734,0.30020985831650504,0.4070725938636632,30,0.35000000000000003,multiplied by true event sign; positive is event-congruent
event_aligned,baseline,object_event,sign_normalized_subsequent_predicted_object,0.3730921649363073,0.3206644886072412,0.4123048818975151,30,0.35000000000000003,multiplied by true event sign; positive is event-congruent
event_aligned,baseline,object_event,sign_normalized_innovation,0.0009029733312765045,-0.01969808881639963,0.021586089231211,30,0.36,multiplied by true event sign; positive is event-congruent
event_aligned,baseline,object_event,object_gain,0.2760639692413479,0.2760364795353925,0.27608891216732323,30,0.36,multiplied by true event sign; positive is event-congruent
event_aligned,baseline,object_event,sign_normalized_correction,0.00024783694864118327,-0.0054493420175802275,0.005957732323487595,30,0.36,multiplied by true event sign; positive is event-congruent
event_aligned,baseline,object_event,sign_normalized_previsual_object,0.37167289307004514,0.3182609006242206,0.41134668278649605,30,0.36,multiplied by true event sign; positive is event-congruent
event_aligned,baseline,object_event,sign_normalized_posterior_object,0.3719207300186864,0.3184817605955166,0.41145591885725646,30,0.36,multiplied by true event sign; positive is event-congruent
event_aligned,baseline,object_event,cumulative_sign_normalized_correction,0.3541149877201146,0.30011151049368634,0.4066872639267753,30,0.36,multiplied by true event sign; positive is event-congruent
event_aligned,baseline,object_event,sign_normalized_subsequent_predicted_object,0.3719207300186864,0.31663624643907234,0.4112193797497018,30,0.36,multiplied by true event sign; positive is event-congruent
event_aligned,baseline,object_event,sign_normalized_innovation,-0.006604754637520207,-0.026454976052023113,0.011269001877723043,30,0.37,multiplied by true event sign; positive is event-congruent
event_aligned,baseline,object_event,object_gain,0.2760767093389685,0.2760581405352103,0.2760938199538918,30,0.37,multiplied by true event sign; positive is event-congruent
event_aligned,baseline,object_event,sign_normalized_correction,-0.0018238522946965269,-0.0072585235514043955,0.0032382068275527004,30,0.37,multiplied by true event sign; positive is event-congruent
event_aligned,baseline,object_event,sign_normalized_previsual_object,0.36897162728243,0.31285036021352597,0.407634644614093,30,0.37,multiplied by true event sign; positive is event-congruent
event_aligned,baseline,object_event,sign_normalized_posterior_object,0.3671477749877335,0.3141375802519992,0.4042341602106965,30,0.37,multiplied by true event sign; positive is event-congruent
event_aligned,baseline,object_event,cumulative_sign_normalized_correction,0.352291135425418,0.30143663247343183,0.4034470275786653,30,0.37,multiplied by true event sign; positive is event-congruent
event_aligned,baseline,object_event,sign_normalized_subsequent_predicted_object,0.3671477749877335,0.3142489415176395,0.40382373858146026,30,0.37,multiplied by true event sign; positive is event-congruent
event_aligned,baseline,object_event,sign_normalized_innovation,0.013554018799516529,-0.0028259183402419897,0.03056964048401518,30,0.38,multiplied by true event sign; positive is event-congruent
event_aligned,baseline,object_event,object_gain,0.27607111362608344,0.27605508120968864,0.27608655978380603,30,0.38,multiplied by true event sign; positive is event-congruent
event_aligned,baseline,object_event,sign_normalized_correction,0.0037419905492263807,-0.0009017744056886646,0.008462556447547674,30,0.38,multiplied by true event sign; positive is event-congruent
event_aligned,baseline,object_event,sign_normalized_previsual_object,0.36387223426411236,0.30902258785682074,0.4013967176291239,30,0.38,multiplied by true event sign; positive is event-congruent
event_aligned,baseline,object_event,sign_normalized_posterior_object,0.36761422481333866,0.31401980053894785,0.4055299721356579,30,0.38,multiplied by true event sign; positive is event-congruent
event_aligned,baseline,object_event,cumulative_sign_normalized_correction,0.35603312597464437,0.30499590122092346,0.4082435314990794,30,0.38,multiplied by true event sign; positive is event-congruent
event_aligned,baseline,object_event,sign_normalized_subsequent_predicted_object,0.36761422481333866,0.31266331343651055,0.405668800954285,30,0.38,multiplied by true event sign; positive is event-congruent
event_aligned,baseline,object_event,sign_normalized_innovation,-0.0017282583764750433,-0.023638486511949067,0.019689237290219437,30,0.39,multiplied by true event sign; positive is event-congruent
event_aligned,baseline,object_event,object_gain,0.2760763709769051,0.2760562784387911,0.2760942849821203,30,0.39,multiplied by true event sign; positive is event-congruent
event_aligned,baseline,object_event,sign_normalized_correction,-0.0004794125726511177,-0.006443820305523757,0.005398351888751626,30,0.39,multiplied by true event sign; positive is event-congruent
event_aligned,baseline,object_event,sign_normalized_previsual_object,0.36786329284462155,0.31254853569217866,0.4059391738760214,30,0.39,multiplied by true event sign; positive is event-congruent
event_aligned,baseline,object_event,sign_normalized_posterior_object,0.3673838802719704,0.31153363274550133,0.40545133856761095,30,0.39,multiplied by true event sign; positive is event-congruent
event_aligned,baseline,object_event,cumulative_sign_normalized_correction,0.35555371340199343,0.3021280489681956,0.40814049145489617,30,0.39,multiplied by true event sign; positive is event-congruent
event_aligned,baseline,object_event,sign_normalized_subsequent_predicted_object,0.3673838802719704,0.3115715372349952,0.40489637957340274,30,0.39,multiplied by true event sign; positive is event-congruent
event_aligned,baseline,object_event,sign_normalized_innovation,-0.0003411441934679932,-0.020711885104017627,0.019587111879466945,30,0.4,multiplied by true event sign; positive is event-congruent
event_aligned,baseline,object_event,object_gain,0.27607698530480296,0.2760619759169307,0.27609141706711277,30,0.4,multiplied by true event sign; positive is event-congruent
event_aligned,baseline,object_event,sign_normalized_correction,-9.402717968538822e-05,-0.005854158347873415,0.005422878874837554,30,0.4,multiplied by true event sign; positive is event-congruent
event_aligned,baseline,object_event,sign_normalized_previsual_object,0.36668410950449654,0.3091405998229954,0.405057460375508,30,0.4,multiplied by true event sign; positive is event-congruent
event_aligned,baseline,object_event,sign_normalized_posterior_object,0.3665900823248113,0.3070787977277329,0.40650724021113294,30,0.4,multiplied by true event sign; positive is event-congruent
event_aligned,baseline,object_event,cumulative_sign_normalized_correction,0.35545968622230795,0.2992059346239918,0.4094256010557442,30,0.4,multiplied by true event sign; positive is event-congruent
event_aligned,baseline,object_event,sign_normalized_subsequent_predicted_object,0.3665900823248113,0.3071378330634394,0.40649229824361616,30,0.4,multiplied by true event sign; positive is event-congruent
event_aligned,baseline,object_event,sign_normalized_innovation,0.005706486763557414,-0.014666554822944593,0.026854585709209358,30,0.41000000000000003,multiplied by true event sign; positive is event-congruent
event_aligned,baseline,object_event,object_gain,0.27606901238352777,0.27602869054926604,0.2760966076049076,30,0.41000000000000003,multiplied by true event sign; positive is event-congruent
event_aligned,baseline,object_event,sign_normalized_correction,0.0015771795822441556,-0.004150756424283399,0.007597675110117155,30,0.41000000000000003,multiplied by true event sign; positive is event-congruent
event_aligned,baseline,object_event,sign_normalized_previsual_object,0.36548534926965914,0.30492183284607144,0.40616271865105263,30,0.41000000000000003,multiplied by true event sign; positive is event-congruent
event_aligned,baseline,object_event,sign_normalized_posterior_object,0.3670625288519033,0.3073060660318263,0.40620358429338765,30,0.41000000000000003,multiplied by true event sign; positive is event-congruent
event_aligned,baseline,object_event,cumulative_sign_normalized_correction,0.35703686580455213,0.30326345079328465,0.4097940900065527,30,0.41000000000000003,multiplied by true event sign; positive is event-congruent
event_aligned,baseline,object_event,sign_normalized_subsequent_predicted_object,0.3670625288519033,0.3093982414115076,0.40609792469053957,30,0.41000000000000003,multiplied by true event sign; positive is event-congruent
event_aligned,baseline,object_event,sign_normalized_innovation,-0.00808706192582589,-0.030229808526241034,0.012157439661579431,30,0.42,multiplied by true event sign; positive is event-congruent
event_aligned,baseline,object_event,object_gain,0.2760743217589777,0.2760399234955002,0.2761013940359837,30,0.42,multiplied by true event sign; positive is event-congruent
event_aligned,baseline,object_event,sign_normalized_correction,-0.0022359283865888255,-0.008166179529789626,0.00328019767799848,30,0.42,multiplied by true event sign; positive is event-congruent
event_aligned,baseline,object_event,sign_normalized_previsual_object,0.3670105160606563,0.3079819488730398,0.40615959310158894,30,0.42,multiplied by true event sign; positive is event-congruent
event_aligned,baseline,object_event,sign_normalized_posterior_object,0.3647745876740674,0.3004148871078655,0.406232313391293,30,0.42,multiplied by true event sign; positive is event-congruent
event_aligned,baseline,object_event,cumulative_sign_normalized_correction,0.3548009374179633,0.29817464042072644,0.4103640732435873,30,0.42,multiplied by true event sign; positive is event-congruent
event_aligned,baseline,object_event,sign_normalized_subsequent_predicted_object,0.3647745876740674,0.30195512154523635,0.4065926942854476,30,0.42,multiplied by true event sign; positive is event-congruent
event_aligned,baseline,object_event,sign_normalized_innovation,-0.005620157774013258,-0.024451858114405554,0.01452377856636036,30,0.43,multiplied by true event sign; positive is event-congruent
event_aligned,baseline,object_event,object_gain,0.2760664931359796,0.2760369600505522,0.27609250256245915,30,0.43,multiplied by true event sign; positive is event-congruent
event_aligned,baseline,object_event,sign_normalized_correction,-0.0015517748480548038,-0.006642026903919775,0.003964300376784035,30,0.43,multiplied by true event sign; positive is event-congruent
event_aligned,baseline,object_event,sign_normalized_previsual_object,0.36505799602331285,0.30078619934153367,0.40698173207325655,30,0.43,multiplied by true event sign; positive is event-congruent
event_aligned,baseline,object_event,sign_normalized_posterior_object,0.36350622117525805,0.2994708736414436,0.405745337415312,30,0.43,multiplied by true event sign; positive is event-congruent
event_aligned,baseline,object_event,cumulative_sign_normalized_correction,0.35324916256990846,0.29462617126946966,0.40980657170412016,30,0.43,multiplied by true event sign; positive is event-congruent
event_aligned,baseline,object_event,sign_normalized_subsequent_predicted_object,0.36350622117525805,0.3007379290539949,0.4051750278177187,30,0.43,multiplied by true event sign; positive is event-congruent
event_aligned,baseline,object_event,sign_normalized_innovation,-0.001641871894708287,-0.02452965868016362,0.02100800081060777,30,0.44,multiplied by true event sign; positive is event-congruent
event_aligned,baseline,object_event,object_gain,0.27606795206358553,0.2760438900770703,0.27609230673815455,30,0.44,multiplied by true event sign; positive is event-congruent
event_aligned,baseline,object_event,sign_normalized_correction,-0.0004539405772382597,-0.006782245002623442,0.005978134788853948,30,0.44,multiplied by true event sign; positive is event-congruent
event_aligned,baseline,object_event,sign_normalized_previsual_object,0.36386849507213787,0.2993600715445782,0.4052853827013053,30,0.44,multiplied by true event sign; positive is event-congruent
event_aligned,baseline,object_event,sign_normalized_posterior_object,0.36341455449489957,0.29648871192862075,0.40696861267970796,30,0.44,multiplied by true event sign; positive is event-congruent
event_aligned,baseline,object_event,cumulative_sign_normalized_correction,0.3527952219926701,0.2911621325689227,0.41099548968391336,30,0.44,multiplied by true event sign; positive is event-congruent
event_aligned,baseline,object_event,sign_normalized_subsequent_predicted_object,0.36341455449489957,0.2986224370706654,0.4072552971179055,30,0.44,multiplied by true event sign; positive is event-congruent
event_aligned,baseline,object_event,sign_normalized_innovation,-0.00580898026002004,-0.026532626747297516,0.014303302039558808,30,0.45,multiplied by true event sign; positive is event-congruent
event_aligned,baseline,object_event,object_gain,0.2760687565147074,0.2760335347220387,0.27609860808450337,30,0.45,multiplied by true event sign; positive is event-congruent
event_aligned,baseline,object_event,sign_normalized_correction,-0.001604555541919285,-0.007263429728070897,0.003941795802976106,30,0.45,multiplied by true event sign; positive is event-congruent
event_aligned,baseline,object_event,sign_normalized_previsual_object,0.36167810070303563,0.29448964898808283,0.4057891567845594,30,0.45,multiplied by true event sign; positive is event-congruent
event_aligned,baseline,object_event,sign_normalized_posterior_object,0.3600735451611162,0.2936902943662992,0.4042390763351806,30,0.45,multiplied by true event sign; positive is event-congruent
event_aligned,baseline,object_event,cumulative_sign_normalized_correction,0.351190666450751,0.29131698709472736,0.41173238894826125,30,0.45,multiplied by true event sign; positive is event-congruent
event_aligned,baseline,object_event,sign_normalized_subsequent_predicted_object,0.3600735451611162,0.29304632963956173,0.4041034357977843,30,0.45,multiplied by true event sign; positive is event-congruent
event_aligned,baseline,object_event,sign_normalized_innovation,0.014394828370107755,-0.009484645955717179,0.03732197521882556,30,0.46,multiplied by true event sign; positive is event-congruent
event_aligned,baseline,object_event,object_gain,0.2760785784576347,0.27605670546760874,0.2761002250399556,30,0.46,multiplied by true event sign; positive is event-congruent
event_aligned,baseline,object_event,sign_normalized_correction,0.003971562621591596,-0.0026587076628002896,0.01032393970141721,30,0.46,multiplied by true event sign; positive is event-congruent
event_aligned,baseline,object_event,sign_normalized_previsual_object,0.3606529296630602,0.29257898434894003,0.40487462102360683,30,0.46,multiplied by true event sign; positive is event-congruent
event_aligned,baseline,object_event,sign_normalized_posterior_object,0.3646244922846519,0.3010922647382121,0.40636892634010363,30,0.46,multiplied by true event sign; positive is event-congruent
event_aligned,baseline,object_event,cumulative_sign_normalized_correction,0.3551622290723425,0.29350191977905615,0.4162539227461576,30,0.46,multiplied by true event sign; positive is event-congruent
event_aligned,baseline,object_event,sign_normalized_subsequent_predicted_object,0.3646244922846519,0.30272150068244097,0.4063715822099865,30,0.46,multiplied by true event sign; positive is event-congruent
event_aligned,baseline,object_event,sign_normalized_innovation,-0.0025368270132070437,-0.022231023389721157,0.01614202967692743,30,0.47000000000000003,multiplied by true event sign; positive is event-congruent
event_aligned,baseline,object_event,object_gain,0.2760121237879879,0.2758900202201121,0.2760915900014732,30,0.47000000000000003,multiplied by true event sign; positive is event-congruent
event_aligned,baseline,object_event,sign_normalized_correction,-0.0006923026992298555,-0.006049291255499567,0.004467158410387152,30,0.47000000000000003,multiplied by true event sign; positive is event-congruent
event_aligned,baseline,object_event,sign_normalized_previsual_object,0.3647439785369044,0.2993924211482095,0.40653365988112733,30,0.47000000000000003,multiplied by true event sign; positive is event-congruent
event_aligned,baseline,object_event,sign_normalized_posterior_object,0.3640516758376745,0.30192744218467005,0.4068363809462698,30,0.47000000000000003,multiplied by true event sign; positive is event-congruent
event_aligned,baseline,object_event,cumulative_sign_normalized_correction,0.35446992637311264,0.2941331274610299,0.41826530394440403,30,0.47000000000000003,multiplied by true event sign; positive is event-congruent
event_aligned,baseline,object_event,sign_normalized_subsequent_predicted_object,0.3640516758376745,0.300577682423295,0.40688962323619987,30,0.47000000000000003,multiplied by true event sign; positive is event-congruent
event_aligned,baseline,object_event,sign_normalized_innovation,0.0031053026154104777,-0.01873604140456253,0.02449021853579022,30,0.48,multiplied by true event sign; positive is event-congruent
event_aligned,baseline,object_event,object_gain,0.27602291952783264,0.2759044353360826,0.2760947180354546,30,0.48,multiplied by true event sign; positive is event-congruent
event_aligned,baseline,object_event,sign_normalized_correction,0.0008494626966019088,-0.005368517685860329,0.006867682226718263,30,0.48,multiplied by true event sign; positive is event-congruent
event_aligned,baseline,object_event,sign_normalized_previsual_object,0.36487565886040046,0.3035808903722936,0.4065789784131869,30,0.48,multiplied by true event sign; positive is event-congruent
event_aligned,baseline,object_event,sign_normalized_posterior_object,0.36572512155700243,0.3035757831903174,0.4081917390817671,30,0.48,multiplied by true event sign; positive is event-congruent
event_aligned,baseline,object_event,cumulative_sign_normalized_correction,0.35531938906971455,0.29425130715862213,0.4187391552792857,30,0.48,multiplied by true event sign; positive is event-congruent
event_aligned,baseline,object_event,sign_normalized_subsequent_predicted_object,0.36572512155700243,0.30410981699175876,0.4079100147892715,30,0.48,multiplied by true event sign; positive is event-congruent
event_aligned,baseline,object_event,sign_normalized_innovation,-0.03071262191096167,-0.06375830643036716,-0.0030612783349437274,30,0.49,multiplied by true event sign; positive is event-congruent
event_aligned,baseline,object_event,object_gain,0.27605109018766044,0.275993092322351,0.27609480985098234,30,0.49,multiplied by true event sign; positive is event-congruent
event_aligned,baseline,object_event,sign_normalized_correction,-0.008477560969070158,-0.017483364573865644,-0.0007883391954374629,30,0.49,multiplied by true event sign; positive is event-congruent
event_aligned,baseline,object_event,sign_normalized_previsual_object,0.3644389073157574,0.3021337951079034,0.407500537697209,30,0.49,multiplied by true event sign; positive is event-congruent
event_aligned,baseline,object_event,sign_normalized_posterior_object,0.35596134634668725,0.29493087757080605,0.399860870034624,30,0.49,multiplied by true event sign; positive is event-congruent
event_aligned,baseline,object_event,cumulative_sign_normalized_correction,0.34684182810064434,0.2825940978782656,0.41131142465853326,30,0.49,multiplied by true event sign; positive is event-congruent
event_aligned,baseline,object_event,sign_normalized_subsequent_predicted_object,0.35596134634668725,0.29296099113862994,0.39977080545840094,30,0.49,multiplied by true event sign; positive is event-congruent
event_aligned,baseline,object_event,sign_normalized_innovation,0.004836853346390276,-0.03160549609139182,0.035082773267706584,30,0.5,multiplied by true event sign; positive is event-congruent
event_aligned,baseline,object_event,object_gain,0.27606448507738135,0.2760363436390336,0.2760871815964226,30,0.5,multiplied by true event sign; positive is event-congruent
event_aligned,baseline,object_event,sign_normalized_correction,0.001335364164840225,-0.008147918347429695,0.009441743480643054,30,0.5,multiplied by true event sign; positive is event-congruent
event_aligned,baseline,object_event,sign_normalized_previsual_object,0.35427409776822455,0.2909608315909472,0.39853458571861244,30,0.5,multiplied by true event sign; positive is event-congruent
event_aligned,baseline,object_event,sign_normalized_posterior_object,0.3556094619330648,0.2951352286556366,0.39835352745601554,30,0.5,multiplied by true event sign; positive is event-congruent
event_aligned,baseline,object_event,cumulative_sign_normalized_correction,0.34817719226548455,0.2829152911397275,0.4122921762597739,30,0.5,multiplied by true event sign; positive is event-congruent
event_aligned,baseline,object_event,sign_normalized_subsequent_predicted_object,0.3556094619330648,0.2930594929732266,0.3994136242418951,30,0.5,multiplied by true event sign; positive is event-congruent
event_aligned,baseline,object_event,sign_normalized_innovation,-0.023636093926715316,-0.06477632450629268,0.012976403334304188,30,0.51,multiplied by true event sign; positive is event-congruent
event_aligned,baseline,object_event,object_gain,0.27608053172845604,0.2760552983076646,0.27610375366517514,30,0.51,multiplied by true event sign; positive is event-congruent
event_aligned,baseline,object_event,sign_normalized_correction,-0.006521003744105321,-0.017873942049752553,0.003690411094673579,30,0.51,multiplied by true event sign; positive is event-congruent
event_aligned,baseline,object_event,sign_normalized_previsual_object,0.3543844462927644,0.29302659328046393,0.3979925108551431,30,0.51,multiplied by true event sign; positive is event-congruent
event_aligned,baseline,object_event,sign_normalized_posterior_object,0.34786344254865914,0.2826680701576592,0.39595417331464816,30,0.51,multiplied by true event sign; positive is event-congruent
event_aligned,baseline,object_event,cumulative_sign_normalized_correction,0.34165618852137936,0.27276545114818385,0.41080873582960703,30,0.51,multiplied by true event sign; positive is event-congruent
event_aligned,baseline,object_event,sign_normalized_subsequent_predicted_object,0.34786344254865914,0.2843971812151002,0.39525028123711536,30,0.51,multiplied by true event sign; positive is event-congruent
event_aligned,baseline,object_event,sign_normalized_innovation,-0.004333588112455002,-0.027889715892216924,0.017111259361518597,30,0.52,multiplied by true event sign; positive is event-congruent
event_aligned,baseline,object_event,object_gain,0.2760881325587307,0.2760639762431321,0.2761124773683891,30,0.52,multiplied by true event sign; positive is event-congruent
event_aligned,baseline,object_event,sign_normalized_correction,-0.0011942270639006987,-0.007673038960692782,0.004754026877423425,30,0.52,multiplied by true event sign; positive is event-congruent
event_aligned,baseline,object_event,sign_normalized_previsual_object,0.3510716658489731,0.2867606422795931,0.3991445273752442,30,0.52,multiplied by true event sign; positive is event-congruent
event_aligned,baseline,object_event,sign_normalized_posterior_object,0.34987743878507244,0.2842652705940995,0.3996687849524217,30,0.52,multiplied by true event sign; positive is event-congruent
event_aligned,baseline,object_event,cumulative_sign_normalized_correction,0.3404619614574786,0.27012112956665857,0.4113942230051891,30,0.52,multiplied by true event sign; positive is event-congruent
event_aligned,baseline,object_event,sign_normalized_subsequent_predicted_object,0.34987743878507244,0.2847410600293442,0.39889232792945284,30,0.52,multiplied by true event sign; positive is event-congruent
event_aligned,baseline,object_event,sign_normalized_innovation,-0.0003442689192975433,-0.02270343763083967,0.02227272696068231,30,0.53,multiplied by true event sign; positive is event-congruent
event_aligned,baseline,object_event,object_gain,0.27608574883681036,0.27606412658459295,0.276108592164174,30,0.53,multiplied by true event sign; positive is event-congruent
event_aligned,baseline,object_event,sign_normalized_correction,-9.429185442527682e-05,-0.006256590202210123,0.006207376814277058,30,0.53,multiplied by true event sign; positive is event-congruent
event_aligned,baseline,object_event,sign_normalized_previsual_object,0.349867980580722,0.28554190148740266,0.39968017385755655,30,0.53,multiplied by true event sign; positive is event-congruent
event_aligned,baseline,object_event,sign_normalized_posterior_object,0.3497736887262969,0.28829598044264004,0.39825039362482456,30,0.53,multiplied by true event sign; positive is event-congruent
event_aligned,baseline,object_event,cumulative_sign_normalized_correction,0.34036766960305337,0.27160921610543637,0.41107322093762316,30,0.53,multiplied by true event sign; positive is event-congruent
event_aligned,baseline,object_event,sign_normalized_subsequent_predicted_object,0.3497736887262969,0.28689768617573397,0.3976770880773481,30,0.53,multiplied by true event sign; positive is event-congruent
event_aligned,baseline,object_event,sign_normalized_innovation,-0.00919757794904933,-0.03121220841709902,0.013202614163383253,30,0.54,multiplied by true event sign; positive is event-congruent
event_aligned,baseline,object_event,object_gain,0.2760763372355527,0.2760479464584328,0.2761035930127049,30,0.54,multiplied by true event sign; positive is event-congruent
event_aligned,baseline,object_event,sign_normalized_correction,-0.002538932520957914,-0.008606992938957433,0.003634743366787702,30,0.54,multiplied by true event sign; positive is event-congruent
event_aligned,baseline,object_event,sign_normalized_previsual_object,0.34745194210829383,0.28333993650886,0.39547956862029143,30,0.54,multiplied by true event sign; positive is event-congruent
event_aligned,baseline,object_event,sign_normalized_posterior_object,0.3449130095873359,0.2797695447187167,0.39479113658794696,30,0.54,multiplied by true event sign; positive is event-congruent
event_aligned,baseline,object_event,cumulative_sign_normalized_correction,0.3378287370820955,0.2668339954097011,0.410180579054355,30,0.54,multiplied by true event sign; positive is event-congruent
event_aligned,baseline,object_event,sign_normalized_subsequent_predicted_object,0.3449130095873359,0.2800135062786581,0.3956135245685464,30,0.54,multiplied by true event sign; positive is event-congruent
event_aligned,baseline,object_event,sign_normalized_innovation,-0.008132580640979232,-0.03636407598091461,0.01937244650049839,30,0.55,multiplied by true event sign; positive is event-congruent
event_aligned,baseline,object_event,object_gain,0.27607514490458274,0.2760361796338631,0.27610627344665273,30,0.55,multiplied by true event sign; positive is event-congruent
event_aligned,baseline,object_event,sign_normalized_correction,-0.002245094475383657,-0.009973022761159713,0.00536202715770994,30,0.55,multiplied by true event sign; positive is event-congruent
event_aligned,baseline,object_event,sign_normalized_previsual_object,0.34569022247322845,0.2792449442935228,0.3969565229868648,30,0.55,multiplied by true event sign; positive is event-congruent
event_aligned,baseline,object_event,sign_normalized_posterior_object,0.34344512799784466,0.27407653953513317,0.39536596140900343,30,0.55,multiplied by true event sign; positive is event-congruent
event_aligned,baseline,object_event,cumulative_sign_normalized_correction,0.3355836426067117,0.26196392069863306,0.4098022823489311,30,0.55,multiplied by true event sign; positive is event-congruent
event_aligned,baseline,object_event,sign_normalized_subsequent_predicted_object,0.34344512799784466,0.27354623628434843,0.39591170597219427,30,0.55,multiplied by true event sign; positive is event-congruent
event_aligned,baseline,object_event,sign_normalized_innovation,0.007364778863080043,-0.015813390461259895,0.02996491491067758,30,0.56,multiplied by true event sign; positive is event-congruent
event_aligned,baseline,object_event,object_gain,0.2760830159752786,0.27605531409087947,0.27610624454921673,30,0.56,multiplied by true event sign; positive is event-congruent
event_aligned,baseline,object_event,sign_normalized_correction,0.002032676447324623,-0.004358597468701809,0.00828683637676143,30,0.56,multiplied by true event sign; positive is event-congruent
event_aligned,baseline,object_event,sign_normalized_previsual_object,0.3444198348575747,0.27514299788793717,0.3974869884904678,30,0.56,multiplied by true event sign; positive is event-congruent
event_aligned,baseline,object_event,sign_normalized_posterior_object,0.34645251130489935,0.27679925640635356,0.39906630159380174,30,0.56,multiplied by true event sign; positive is event-congruent
event_aligned,baseline,object_event,cumulative_sign_normalized_correction,0.33761631905403633,0.26520569486507245,0.4115726777276245,30,0.56,multiplied by true event sign; positive is event-congruent
event_aligned,baseline,object_event,sign_normalized_subsequent_predicted_object,0.34645251130489935,0.2781346225776624,0.39937517671616257,30,0.56,multiplied by true event sign; positive is event-congruent
event_aligned,baseline,object_event,sign_normalized_innovation,-0.003916818847264975,-0.02762484931123407,0.018581703744725026,30,0.5700000000000001,multiplied by true event sign; positive is event-congruent
event_aligned,baseline,object_event,object_gain,0.2760850846148798,0.27605566635028894,0.2761102881714295,30,0.5700000000000001,multiplied by true event sign; positive is event-congruent
event_aligned,baseline,object_event,sign_normalized_correction,-0.0010825004903816124,-0.00736171608283647,0.005081060869299878,30,0.5700000000000001,multiplied by true event sign; positive is event-congruent
event_aligned,baseline,object_event,sign_normalized_previsual_object,0.34487328909380316,0.27428050082313005,0.3977141320659507,30,0.5700000000000001,multiplied by true event sign; positive is event-congruent
event_aligned,baseline,object_event,sign_normalized_posterior_object,0.3437907886034216,0.2750829028234813,0.39628864208125153,30,0.5700000000000001,multiplied by true event sign; positive is event-congruent
event_aligned,baseline,object_event,cumulative_sign_normalized_correction,0.33653381856365466,0.26153569088348666,0.4116874549091177,30,0.5700000000000001,multiplied by true event sign; positive is event-congruent
event_aligned,baseline,object_event,sign_normalized_subsequent_predicted_object,0.3437907886034216,0.2756822224663363,0.3977536154253861,30,0.5700000000000001,multiplied by true event sign; positive is event-congruent
event_aligned,baseline,object_event,sign_normalized_innovation,0.0021559787111049746,-0.020039467581138184,0.024859523104946976,30,0.58,multiplied by true event sign; positive is event-congruent
event_aligned,baseline,object_event,object_gain,0.27609006481466936,0.2760646582573084,0.2761127397560245,30,0.58,multiplied by true event sign; positive is event-congruent
event_aligned,baseline,object_event,sign_normalized_correction,0.0005946665854873478,-0.005668008552306315,0.007090438909702984,30,0.58,multiplied by true event sign; positive is event-congruent
event_aligned,baseline,object_event,sign_normalized_previsual_object,0.3431015641431466,0.2721852022758775,0.39626746647431016,30,0.58,multiplied by true event sign; positive is event-congruent
event_aligned,baseline,object_event,sign_normalized_posterior_object,0.3436962307286339,0.2737924536831287,0.39764791060956994,30,0.58,multiplied by true event sign; positive is event-congruent
event_aligned,baseline,object_event,cumulative_sign_normalized_correction,0.3371284851491421,0.2607155690104062,0.41690653612159656,30,0.58,multiplied by true event sign; positive is event-congruent
event_aligned,baseline,object_event,sign_normalized_subsequent_predicted_object,0.3436962307286339,0.27550948242029866,0.3971968652107357,30,0.58,multiplied by true event sign; positive is event-congruent
event_aligned,baseline,object_event,sign_normalized_innovation,0.007749495849249031,-0.011943873920686113,0.02740876180549754,30,0.59,multiplied by true event sign; positive is event-congruent
event_aligned,baseline,object_event,object_gain,0.27609033960038226,0.2760665868294645,0.2761144305449958,30,0.59,multiplied by true event sign; positive is event-congruent
event_aligned,baseline,object_event,sign_normalized_correction,0.002139465234813807,-0.0032308761017199347,0.0075235616571693,30,0.59,multiplied by true event sign; positive is event-congruent
event_aligned,baseline,object_event,sign_normalized_previsual_object,0.3429905153372395,0.2748845225015715,0.39652151355960585,30,0.59,multiplied by true event sign; positive is event-congruent
event_aligned,baseline,object_event,sign_normalized_posterior_object,0.3451299805720533,0.27648504171635857,0.39943505312806643,30,0.59,multiplied by true event sign; positive is event-congruent
event_aligned,baseline,object_event,cumulative_sign_normalized_correction,0.33926795038395585,0.2620962629219725,0.41747179036795284,30,0.59,multiplied by true event sign; positive is event-congruent
event_aligned,baseline,object_event,sign_normalized_subsequent_predicted_object,0.3451299805720533,0.27693503518659773,0.40033399841448486,30,0.59,multiplied by true event sign; positive is event-congruent
event_aligned,baseline,object_event,sign_normalized_innovation,-0.01504226430874222,-0.03305352227757298,0.004501918767092761,30,0.6,multiplied by true event sign; positive is event-congruent
event_aligned,baseline,object_event,object_gain,0.27610155695432453,0.2760830787452219,0.2761200024461302,30,0.6,multiplied by true event sign; positive is event-congruent
event_aligned,baseline,object_event,sign_normalized_correction,-0.004154626666124868,-0.009281145125205241,0.0011184284256363518,30,0.6,multiplied by true event sign; positive is event-congruent
event_aligned,baseline,object_event,sign_normalized_previsual_object,0.3436430998941015,0.2719804016047302,0.39766488869595273,30,0.6,multiplied by true event sign; positive is event-congruent
event_aligned,baseline,object_event,sign_normalized_posterior_object,0.3394884732279767,0.2685022813336276,0.3940464496708988,30,0.6,multiplied by true event sign; positive is event-congruent
event_aligned,baseline,object_event,cumulative_sign_normalized_correction,0.33511332371783104,0.2553640169826402,0.41642633705093113,30,0.6,multiplied by true event sign; positive is event-congruent
event_aligned,baseline,object_event,sign_normalized_subsequent_predicted_object,0.3394884732279767,0.27003096551364225,0.39404381622808704,30,0.6,multiplied by true event sign; positive is event-congruent
event_aligned,baseline,object_event,sign_normalized_innovation,0.001411528662445246,-0.01733913492818433,0.019498312126605393,30,0.61,multiplied by true event sign; positive is event-congruent
event_aligned,baseline,object_event,object_gain,0.27608287591054004,0.27605568031501615,0.27610237184735725,30,0.61,multiplied by true event sign; positive is event-congruent
event_aligned,baseline,object_event,sign_normalized_correction,0.0003894161163659052,-0.004775865209301108,0.005513322664205701,30,0.61,multiplied by true event sign; positive is event-congruent
event_aligned,baseline,object_event,sign_normalized_previsual_object,0.3372872931870157,0.26602209488224887,0.3922360836808965,30,0.61,multiplied by true event sign; positive is event-congruent
event_aligned,baseline,object_event,sign_normalized_posterior_object,0.3376767093033815,0.26667746078767685,0.39216126980353855,30,0.61,multiplied by true event sign; positive is event-congruent
event_aligned,baseline,object_event,cumulative_sign_normalized_correction,0.33550273983419693,0.25486917370750894,0.4175407606279799,30,0.61,multiplied by true event sign; positive is event-congruent
event_aligned,baseline,object_event,sign_normalized_subsequent_predicted_object,0.3376767093033815,0.26647896973038004,0.39252081600121225,30,0.61,multiplied by true event sign; positive is event-congruent
event_aligned,baseline,object_event,sign_normalized_innovation,-0.007294200361506928,-0.028539607139474434,0.014224080018836993,30,0.62,multiplied by true event sign; positive is event-congruent
event_aligned,baseline,object_event,object_gain,0.2760558124447236,0.27600704210455285,0.27609199694384134,30,0.62,multiplied by true event sign; positive is event-congruent
event_aligned,baseline,object_event,sign_normalized_correction,-0.0020146123288580587,-0.007640908395827764,0.003926875526673169,30,0.62,multiplied by true event sign; positive is event-congruent
event_aligned,baseline,object_event,sign_normalized_previsual_object,0.33783684723929036,0.26568607845196085,0.39298595454693336,30,0.62,multiplied by true event sign; positive is event-congruent
event_aligned,baseline,object_event,sign_normalized_posterior_object,0.3358222349104324,0.2620962296554166,0.3923523717857138,30,0.62,multiplied by true event sign; positive is event-congruent
event_aligned,baseline,object_event,cumulative_sign_normalized_correction,0.33348812750533885,0.25399868345616494,0.41549004786013716,30,0.62,multiplied by true event sign; positive is event-congruent
event_aligned,baseline,object_event,sign_normalized_subsequent_predicted_object,0.3358222349104324,0.2619090121257687,0.3924743658202487,30,0.62,multiplied by true event sign; positive is event-congruent
event_aligned,baseline,object_event,sign_normalized_innovation,0.0027185220539920557,-0.017749174851461314,0.023371320265480132,30,0.63,multiplied by true event sign; positive is event-congruent
event_aligned,baseline,object_event,object_gain,0.2760631441831348,0.2760173087693106,0.27609922745130455,30,0.63,multiplied by true event sign; positive is event-congruent
event_aligned,baseline,object_event,sign_normalized_correction,0.0007492801093868499,-0.004869444046742137,0.006427641871278535,30,0.63,multiplied by true event sign; positive is event-congruent
event_aligned,baseline,object_event,sign_normalized_previsual_object,0.33616740939847717,0.26375233237695367,0.3923482085045837,30,0.63,multiplied by true event sign; positive is event-congruent
event_aligned,baseline,object_event,sign_normalized_posterior_object,0.3369166895078641,0.2614999993305258,0.3951299982927758,30,0.63,multiplied by true event sign; positive is event-congruent
event_aligned,baseline,object_event,cumulative_sign_normalized_correction,0.3342374076147257,0.25086344758289736,0.41887057183805637,30,0.63,multiplied by true event sign; positive is event-congruent
event_aligned,baseline,object_event,sign_normalized_subsequent_predicted_object,0.3369166895078641,0.26312105809310266,0.39495562299917725,30,0.63,multiplied by true event sign; positive is event-congruent
event_aligned,baseline,object_event,sign_normalized_innovation,-0.012045312770251497,-0.03301965479417406,0.010440390366427325,30,0.64,multiplied by true event sign; positive is event-congruent
event_aligned,baseline,object_event,object_gain,0.27608718364010837,0.2760586439679862,0.27611122942657956,30,0.64,multiplied by true event sign; positive is event-congruent
event_aligned,baseline,object_event,sign_normalized_correction,-0.003325389247554674,-0.009116556956330358,0.0029873997743420705,30,0.64,multiplied by true event sign; positive is event-congruent
event_aligned,baseline,object_event,sign_normalized_previsual_object,0.33673849007969753,0.263556431633273,0.3947314234097598,30,0.64,multiplied by true event sign; positive is event-congruent
event_aligned,baseline,object_event,sign_normalized_posterior_object,0.3334131008321429,0.26093607831612475,0.39153595508295674,30,0.64,multiplied by true event sign; positive is event-congruent
event_aligned,baseline,object_event,cumulative_sign_normalized_correction,0.33091201836717093,0.24833693937912318,0.4174784886020919,30,0.64,multiplied by true event sign; positive is event-congruent
event_aligned,baseline,object_event,sign_normalized_subsequent_predicted_object,0.3334131008321429,0.26150046705495095,0.392075565291277,30,0.64,multiplied by true event sign; positive is event-congruent
event_aligned,baseline,object_event,sign_normalized_innovation,0.012429516122626782,-0.006194615770032266,0.03086217307873562,30,0.65,multiplied by true event sign; positive is event-congruent
event_aligned,baseline,object_event,object_gain,0.2760836102635163,0.27606808399270105,0.27609850585579043,30,0.65,multiplied by true event sign; positive is event-congruent
event_aligned,baseline,object_event,sign_normalized_correction,0.0034305495712508177,-0.001591973914638555,0.008461471290496469,30,0.65,multiplied by true event sign; positive is event-congruent
event_aligned,baseline,object_event,sign_normalized_previsual_object,0.33189208875775705,0.25921223578636665,0.39019540384948753,30,0.65,multiplied by true event sign; positive is event-congruent
event_aligned,baseline,object_event,sign_normalized_posterior_object,0.3353226383290079,0.26081514347567913,0.3952961282212389,30,0.65,multiplied by true event sign; positive is event-congruent
event_aligned,baseline,object_event,cumulative_sign_normalized_correction,0.3343425679384219,0.24918568721722506,0.4213199816278494,30,0.65,multiplied by true event sign; positive is event-congruent
event_aligned,baseline,object_event,sign_normalized_subsequent_predicted_object,0.3353226383290079,0.2623217336289663,0.3944590368008203,30,0.65,multiplied by true event sign; positive is event-congruent
event_aligned,baseline,object_event,sign_normalized_innovation,0.008188058547710974,-0.010562480020245284,0.02656041508937886,30,0.66,multiplied by true event sign; positive is event-congruent
event_aligned,baseline,object_event,object_gain,0.2761025306891989,0.27608555422357856,0.27611811453273066,30,0.66,multiplied by true event sign; positive is event-congruent
event_aligned,baseline,object_event,sign_normalized_correction,0.0022604791269897895,-0.002685857114900844,0.007354027232234741,30,0.66,multiplied by true event sign; positive is event-congruent
event_aligned,baseline,object_event,sign_normalized_previsual_object,0.3342161339698876,0.2592367603090196,0.3935485445603038,30,0.66,multiplied by true event sign; positive is event-congruent
event_aligned,baseline,object_event,sign_normalized_posterior_object,0.33647661309687743,0.2597664495589976,0.39634982550465014,30,0.66,multiplied by true event sign; positive is event-congruent
event_aligned,baseline,object_event,cumulative_sign_normalized_correction,0.33660304706541166,0.24984255628434812,0.42625642462114194,30,0.66,multiplied by true event sign; positive is event-congruent
event_aligned,baseline,object_event,sign_normalized_subsequent_predicted_object,0.33647661309687743,0.26067881777843704,0.39535186271710704,30,0.66,multiplied by true event sign; positive is event-congruent
event_aligned,baseline,object_event,sign_normalized_innovation,-0.011995328679986584,-0.034611116114345766,0.012320704584808289,30,0.67,multiplied by true event sign; positive is event-congruent
event_aligned,baseline,object_event,object_gain,0.27610789646184214,0.27609279499884515,0.27612203826838344,30,0.67,multiplied by true event sign; positive is event-congruent
event_aligned,baseline,object_event,sign_normalized_correction,-0.003314119048239048,-0.009686387339323966,0.003385775969941158,30,0.67,multiplied by true event sign; positive is event-congruent
event_aligned,baseline,object_event,sign_normalized_previsual_object,0.33554658444255075,0.2613053686484663,0.39395139847964006,30,0.67,multiplied by true event sign; positive is event-congruent
event_aligned,baseline,object_event,sign_normalized_posterior_object,0.3322324653943118,0.25948312911716087,0.39219611434469787,30,0.67,multiplied by true event sign; positive is event-congruent
event_aligned,baseline,object_event,cumulative_sign_normalized_correction,0.3332889280171727,0.24493819827410448,0.4232213780097147,30,0.67,multiplied by true event sign; positive is event-congruent
event_aligned,baseline,object_event,sign_normalized_subsequent_predicted_object,0.3322324653943118,0.25724027818018896,0.390745553574953,30,0.67,multiplied by true event sign; positive is event-congruent
event_aligned,baseline,object_event,sign_normalized_innovation,-0.001956640112544522,-0.01924066805247048,0.015764466021156203,30,0.68,multiplied by true event sign; positive is event-congruent
event_aligned,baseline,object_event,object_gain,0.27609456972016794,0.2760808239523469,0.2761089876956762,30,0.68,multiplied by true event sign; positive is event-congruent
event_aligned,baseline,object_event,sign_normalized_correction,-0.0005405785111958724,-0.005291113579638531,0.004305722162307086,30,0.68,multiplied by true event sign; positive is event-congruent
event_aligned,baseline,object_event,sign_normalized_previsual_object,0.33166933105179014,0.2564091655082649,0.3892882091505478,30,0.68,multiplied by true event sign; positive is event-congruent
event_aligned,baseline,object_event,sign_normalized_posterior_object,0.33112875254059426,0.25564414066331625,0.38971979261239853,30,0.68,multiplied by true event sign; positive is event-congruent
event_aligned,baseline,object_event,cumulative_sign_normalized_correction,0.3327483495059767,0.24461720053034647,0.4213306635520799,30,0.68,multiplied by true event sign; positive is event-congruent
event_aligned,baseline,object_event,sign_normalized_subsequent_predicted_object,0.33112875254059426,0.25720221504874147,0.3897521285000467,30,0.68,multiplied by true event sign; positive is event-congruent
event_aligned,baseline,object_event,sign_normalized_innovation,0.008061161524504467,-0.011428318077551812,0.028084303473852237,30,0.6900000000000001,multiplied by true event sign; positive is event-congruent
event_aligned,baseline,object_event,object_gain,0.27609697534410976,0.2760806442718029,0.2761141009418053,30,0.6900000000000001,multiplied by true event sign; positive is event-congruent
event_aligned,baseline,object_event,sign_normalized_correction,0.0022253169808138656,-0.0030419939920035516,0.007798895767774995,30,0.6900000000000001,multiplied by true event sign; positive is event-congruent
event_aligned,baseline,object_event,sign_normalized_previsual_object,0.331466789858343,0.25899616969068917,0.3895861299442303,30,0.6900000000000001,multiplied by true event sign; positive is event-congruent
event_aligned,baseline,object_event,sign_normalized_posterior_object,0.3336921068391569,0.2623809788703905,0.38943945112076406,30,0.6900000000000001,multiplied by true event sign; positive is event-congruent
event_aligned,baseline,object_event,cumulative_sign_normalized_correction,0.3349736664867906,0.25099780950359124,0.4221552943156369,30,0.6900000000000001,multiplied by true event sign; positive is event-congruent
event_aligned,baseline,object_event,sign_normalized_subsequent_predicted_object,0.3336921068391569,0.25988959887434737,0.3887572235639485,30,0.6900000000000001,multiplied by true event sign; positive is event-congruent
event_aligned,baseline,object_event,sign_normalized_innovation,0.030640039935876835,0.011607116029632375,0.05262092921213324,30,0.7000000000000001,multiplied by true event sign; positive is event-congruent
event_aligned,baseline,object_event,object_gain,0.2760897244584569,0.2760682283147587,0.2761111993163688,30,0.7000000000000001,multiplied by true event sign; positive is event-congruent
event_aligned,baseline,object_event,sign_normalized_correction,0.008458436725501976,0.003216175255860819,0.014403544439331457,30,0.7000000000000001,multiplied by true event sign; positive is event-congruent
event_aligned,baseline,object_event,sign_normalized_previsual_object,0.3341483928094578,0.2626234001330186,0.39057567124305786,30,0.7000000000000001,multiplied by true event sign; positive is event-congruent
event_aligned,baseline,object_event,sign_normalized_posterior_object,0.34260682953495974,0.27339890608753603,0.397479335002565,30,0.7000000000000001,multiplied by true event sign; positive is event-congruent
event_aligned,baseline,object_event,cumulative_sign_normalized_correction,0.3434321032122926,0.2585902985988313,0.4313043645413276,30,0.7000000000000001,multiplied by true event sign; positive is event-congruent
event_aligned,baseline,object_event,sign_normalized_subsequent_predicted_object,0.34260682953495974,0.2739552177587956,0.3972497506916306,30,0.7000000000000001,multiplied by true event sign; positive is event-congruent
event_aligned,baseline,object_event,sign_normalized_innovation,-0.01385394578503638,-0.03705774464181716,0.00748924579004788,30,0.71,multiplied by true event sign; positive is event-congruent
event_aligned,baseline,object_event,object_gain,0.27610232056515555,0.2760810203284052,0.27612231371683693,30,0.71,multiplied by true event sign; positive is event-congruent
event_aligned,baseline,object_event,sign_normalized_correction,-0.003824678092812326,-0.01016079930969001,0.0020177263841551357,30,0.71,multiplied by true event sign; positive is event-congruent
event_aligned,baseline,object_event,sign_normalized_previsual_object,0.3438364901476527,0.2753269705273825,0.39943497091070157,30,0.71,multiplied by true event sign; positive is event-congruent
event_aligned,baseline,object_event,sign_normalized_posterior_object,0.34001181205484043,0.26740078044471705,0.39686666051591624,30,0.71,multiplied by true event sign; positive is event-congruent
event_aligned,baseline,object_event,cumulative_sign_normalized_correction,0.3396074251194803,0.2534870845022168,0.4260204785707684,30,0.71,multiplied by true event sign; positive is event-congruent
event_aligned,baseline,object_event,sign_normalized_subsequent_predicted_object,0.34001181205484043,0.2693729882242713,0.39640342862642824,30,0.71,multiplied by true event sign; positive is event-congruent
event_aligned,baseline,object_event,sign_normalized_innovation,-0.003722147188205317,-0.02791773964350891,0.020910947240040084,30,0.72,multiplied by true event sign; positive is event-congruent
event_aligned,baseline,object_event,object_gain,0.27610079124664216,0.27608023635514056,0.27612027693808555,30,0.72,multiplied by true event sign; positive is event-congruent
event_aligned,baseline,object_event,sign_normalized_correction,-0.0010293955580742307,-0.008043746758184646,0.005682526084994917,30,0.72,multiplied by true event sign; positive is event-congruent
event_aligned,baseline,object_event,sign_normalized_previsual_object,0.3395846159717865,0.26710856180567416,0.39696260696268476,30,0.72,multiplied by true event sign; positive is event-congruent
event_aligned,baseline,object_event,sign_normalized_posterior_object,0.3385552204137124,0.2649645877159983,0.39629176641097263,30,0.72,multiplied by true event sign; positive is event-congruent
event_aligned,baseline,object_event,cumulative_sign_normalized_correction,0.33857802956140604,0.25412395993233844,0.4281415586242852,30,0.72,multiplied by true event sign; positive is event-congruent
event_aligned,baseline,object_event,sign_normalized_subsequent_predicted_object,0.3385552204137124,0.2647249657277686,0.39618044482423465,30,0.72,multiplied by true event sign; positive is event-congruent
event_aligned,baseline,object_event,sign_normalized_innovation,-0.0035899360813761087,-0.026081262956087835,0.01971690664109179,30,0.73,multiplied by true event sign; positive is event-congruent
event_aligned,baseline,object_event,object_gain,0.2760529239729496,0.27595932235269727,0.27610892972035006,30,0.73,multiplied by true event sign; positive is event-congruent
event_aligned,baseline,object_event,sign_normalized_correction,-0.0010014896642066738,-0.007307328070656579,0.005227214280492621,30,0.73,multiplied by true event sign; positive is event-congruent
event_aligned,baseline,object_event,sign_normalized_previsual_object,0.33938495540273206,0.2650690502987093,0.3963995981647671,30,0.73,multiplied by true event sign; positive is event-congruent
event_aligned,baseline,object_event,sign_normalized_posterior_object,0.3383834657385254,0.2677044788376894,0.3932171133717643,30,0.73,multiplied by true event sign; positive is event-congruent
event_aligned,baseline,object_event,cumulative_sign_normalized_correction,0.3375765398971994,0.25197525323939757,0.4247408661008426,30,0.73,multiplied by true event sign; positive is event-congruent
event_aligned,baseline,object_event,sign_normalized_subsequent_predicted_object,0.3383834657385254,0.2667386718481681,0.39423374739776307,30,0.73,multiplied by true event sign; positive is event-congruent
event_aligned,baseline,object_event,sign_normalized_innovation,0.0007176687758116385,-0.024918939966655843,0.02496089651868113,30,0.74,multiplied by true event sign; positive is event-congruent
event_aligned,baseline,object_event,object_gain,0.2760208598197391,0.27588930148450647,0.2760948773184714,30,0.74,multiplied by true event sign; positive is event-congruent
event_aligned,baseline,object_event,sign_normalized_correction,0.00020002393487609366,-0.006901446653378363,0.006784986901873005,30,0.74,multiplied by true event sign; positive is event-congruent
event_aligned,baseline,object_event,sign_normalized_previsual_object,0.3392199926171489,0.26795738621161713,0.394506627686389,30,0.74,multiplied by true event sign; positive is event-congruent
event_aligned,baseline,object_event,sign_normalized_posterior_object,0.3394200165520251,0.2653725693362242,0.39716867217551133,30,0.74,multiplied by true event sign; positive is event-congruent
event_aligned,baseline,object_event,cumulative_sign_normalized_correction,0.3377765638320755,0.24790012398792055,0.42974114661707535,30,0.74,multiplied by true event sign; positive is event-congruent
event_aligned,baseline,object_event,sign_normalized_subsequent_predicted_object,0.3394200165520251,0.2635283766768364,0.39751805994729134,30,0.74,multiplied by true event sign; positive is event-congruent
event_aligned,baseline,object_event,sign_normalized_innovation,-0.005143212397035703,-0.03883999834686046,0.022689408828255268,30,0.75,multiplied by true event sign; positive is event-congruent
event_aligned,baseline,object_event,object_gain,0.27599874058020074,0.2757998704054424,0.276106032617417,30,0.75,multiplied by true event sign; positive is event-congruent
event_aligned,baseline,object_event,sign_normalized_correction,-0.001408163426081285,-0.010640487802030082,0.006376868276102285,30,0.75,multiplied by true event sign; positive is event-congruent
event_aligned,baseline,object_event,sign_normalized_previsual_object,0.339391693269185,0.26437064425722173,0.3965076301276797,30,0.75,multiplied by true event sign; positive is event-congruent
event_aligned,baseline,object_event,sign_normalized_posterior_object,0.3379835298431038,0.26475972525189545,0.3939703999294901,30,0.75,multiplied by true event sign; positive is event-congruent
event_aligned,baseline,object_event,cumulative_sign_normalized_correction,0.33636840040599414,0.2467622929616526,0.42684591729647203,30,0.75,multiplied by true event sign; positive is event-congruent
event_aligned,baseline,object_event,sign_normalized_subsequent_predicted_object,0.3379835298431038,0.26790542041694404,0.39480073393273957,30,0.75,multiplied by true event sign; positive is event-congruent
event_aligned,baseline,object_event,sign_normalized_innovation,-0.016476792105452522,-0.03641816592221484,0.0031280009409107887,30,0.76,multiplied by true event sign; positive is event-congruent
event_aligned,baseline,object_event,object_gain,0.2760180072753726,0.275871842414709,0.2760986541302136,30,0.76,multiplied by true event sign; positive is event-congruent
event_aligned,baseline,object_event,sign_normalized_correction,-0.004543768201672441,-0.010086492871142444,0.0007551381983194158,30,0.76,multiplied by true event sign; positive is event-congruent
event_aligned,baseline,object_event,sign_normalized_previsual_object,0.3366605453475529,0.2626522887329553,0.39256475709420424,30,0.76,multiplied by true event sign; positive is event-congruent
event_aligned,baseline,object_event,sign_normalized_posterior_object,0.33211677714588045,0.26095301699181817,0.3885724709128597,30,0.76,multiplied by true event sign; positive is event-congruent
event_aligned,baseline,object_event,cumulative_sign_normalized_correction,0.33182463220432173,0.24048975197062855,0.4240974096596112,30,0.76,multiplied by true event sign; positive is event-congruent
event_aligned,baseline,object_event,sign_normalized_subsequent_predicted_object,0.33211677714588045,0.26050575692326927,0.3880698507114598,30,0.76,multiplied by true event sign; positive is event-congruent
event_aligned,baseline,object_event,sign_normalized_innovation,-0.013647546022140872,-0.040432877816723514,0.009995401730139741,30,0.77,multiplied by true event sign; positive is event-congruent
event_aligned,baseline,object_event,object_gain,0.27605166038285084,0.2759866390060372,0.2760925205889954,30,0.77,multiplied by true event sign; positive is event-congruent
event_aligned,baseline,object_event,sign_normalized_correction,-0.003768886720424533,-0.010873632466455199,0.002818725413411862,30,0.77,multiplied by true event sign; positive is event-congruent
event_aligned,baseline,object_event,sign_normalized_previsual_object,0.3321541125836215,0.2607287097847433,0.3897965430897544,30,0.77,multiplied by true event sign; positive is event-congruent
event_aligned,baseline,object_event,sign_normalized_posterior_object,0.3283852258631969,0.257565478867938,0.3854134255160316,30,0.77,multiplied by true event sign; positive is event-congruent
event_aligned,baseline,object_event,cumulative_sign_normalized_correction,0.32805574548389715,0.2344449289633758,0.42456993645502605,30,0.77,multiplied by true event sign; positive is event-congruent
event_aligned,baseline,object_event,sign_normalized_subsequent_predicted_object,0.3283852258631969,0.25590238107943647,0.3864396045230375,30,0.77,multiplied by true event sign; positive is event-congruent
event_aligned,baseline,object_event,sign_normalized_innovation,0.00963177655804188,-0.01511492163565672,0.033080517548359806,30,0.78,multiplied by true event sign; positive is event-congruent
event_aligned,baseline,object_event,object_gain,0.27606736221095923,0.27603727917137644,0.2760925535757759,30,0.78,multiplied by true event sign; positive is event-congruent
event_aligned,baseline,object_event,sign_normalized_correction,0.002657487619058493,-0.004479236553052739,0.008922861262860127,30,0.78,multiplied by true event sign; positive is event-congruent
event_aligned,baseline,object_event,sign_normalized_previsual_object,0.3272553710631095,0.25347314022169626,0.3836219880100451,30,0.78,multiplied by true event sign; positive is event-congruent
event_aligned,baseline,object_event,sign_normalized_posterior_object,0.3299128586821681,0.2575585464380183,0.38937189641378955,30,0.78,multiplied by true event sign; positive is event-congruent
event_aligned,baseline,object_event,cumulative_sign_normalized_correction,0.3307132331029557,0.23441761809404021,0.42705761570704703,30,0.78,multiplied by true event sign; positive is event-congruent
event_aligned,baseline,object_event,sign_normalized_subsequent_predicted_object,0.3299128586821681,0.2566375690020847,0.38737645713799906,30,0.78,multiplied by true event sign; positive is event-congruent
event_aligned,baseline,object_event,sign_normalized_innovation,0.0039402521089775735,-0.013115223997282184,0.021899967417936615,30,0.79,multiplied by true event sign; positive is event-congruent
event_aligned,baseline,object_event,object_gain,0.2760973844183045,0.2760711665665498,0.27612464432896955,30,0.79,multiplied by true event sign; positive is event-congruent
event_aligned,baseline,object_event,sign_normalized_correction,0.0010878645297086773,-0.003640793180870328,0.006096777194233895,30,0.79,multiplied by true event sign; positive is event-congruent
event_aligned,baseline,object_event,sign_normalized_previsual_object,0.33170705270408224,0.25649686075302947,0.3892914428889261,30,0.79,multiplied by true event sign; positive is event-congruent
event_aligned,baseline,object_event,sign_normalized_posterior_object,0.3327949172337909,0.25861187844018135,0.3891846291949424,30,0.79,multiplied by true event sign; positive is event-congruent
event_aligned,baseline,object_event,cumulative_sign_normalized_correction,0.33180109763266435,0.23687059910984468,0.42763213704072844,30,0.79,multiplied by true event sign; positive is event-congruent
event_aligned,baseline,object_event,sign_normalized_subsequent_predicted_object,0.3327949172337909,0.25809007632710473,0.3904041812794303,30,0.79,multiplied by true event sign; positive is event-congruent
event_aligned,baseline,object_event,sign_normalized_innovation,-0.30613054847192445,-0.35470461852165924,-0.2527249697220648,30,0.8,multiplied by true event sign; positive is event-congruent
event_aligned,baseline,object_event,object_gain,0.2761079037326457,0.27608020728270916,0.27614127429196117,30,0.8,multiplied by true event sign; positive is event-congruent
event_aligned,baseline,object_event,sign_normalized_correction,-0.0845312363839462,-0.09797488677762292,-0.0697978449123342,30,0.8,multiplied by true event sign; positive is event-congruent
event_aligned,baseline,object_event,sign_normalized_previsual_object,0.3334404280532865,0.2598528929858814,0.39181294632492486,30,0.8,multiplied by true event sign; positive is event-congruent
event_aligned,baseline,object_event,sign_normalized_posterior_object,0.24890919166934022,0.17950912396522498,0.30420398466291726,30,0.8,multiplied by true event sign; positive is event-congruent
event_aligned,baseline,object_event,cumulative_sign_normalized_correction,0.2472698612487182,0.1506587412341973,0.34595158705664947,30,0.8,multiplied by true event sign; positive is event-congruent
event_aligned,baseline,object_event,sign_normalized_subsequent_predicted_object,,,,0,0.8,multiplied by true event sign; positive is event-congruent
event_aligned,reduced_reliability,object_event,sign_normalized_innovation,0.009457647877589466,-0.012339086546189213,0.030278001401561814,30,-0.2,multiplied by true event sign; positive is event-congruent
event_aligned,reduced_reliability,object_event,object_gain,0.26296003881752594,0.26287202097484513,0.26302977267219957,30,-0.2,multiplied by true event sign; positive is event-congruent
event_aligned,reduced_reliability,object_event,sign_normalized_correction,0.002486238386222935,-0.0032228095815112845,0.007951366410085528,30,-0.2,multiplied by true event sign; positive is event-congruent
event_aligned,reduced_reliability,object_event,sign_normalized_previsual_object,-0.010261441555248076,-0.04027473376167471,0.021292775814327033,30,-0.2,multiplied by true event sign; positive is event-congruent
event_aligned,reduced_reliability,object_event,sign_normalized_posterior_object,-0.007775203169025144,-0.03799287634752376,0.021902456478820664,30,-0.2,multiplied by true event sign; positive is event-congruent
event_aligned,reduced_reliability,object_event,cumulative_sign_normalized_correction,0.0,0.0,0.0,30,-0.2,multiplied by true event sign; positive is event-congruent
event_aligned,reduced_reliability,object_event,sign_normalized_subsequent_predicted_object,-0.007775203169025144,-0.03728406777793688,0.0227119297643731,30,-0.2,multiplied by true event sign; positive is event-congruent
event_aligned,reduced_reliability,object_event,sign_normalized_innovation,-0.011615633393676888,-0.028895219417016695,0.0068980658511007134,30,-0.19,multiplied by true event sign; positive is event-congruent
event_aligned,reduced_reliability,object_event,object_gain,0.2629645486089628,0.2628832127740463,0.2630281445150727,30,-0.19,multiplied by true event sign; positive is event-congruent
event_aligned,reduced_reliability,object_event,sign_normalized_correction,-0.0030550728445386762,-0.0076229328396206514,0.0015648515937554271,30,-0.19,multiplied by true event sign; positive is event-congruent
event_aligned,reduced_reliability,object_event,sign_normalized_previsual_object,-0.006836414699522638,-0.03635481815564377,0.022547552207390055,30,-0.19,multiplied by true event sign; positive is event-congruent
event_aligned,reduced_reliability,object_event,sign_normalized_posterior_object,-0.009891487544061316,-0.04054725444159728,0.021541196821405633,30,-0.19,multiplied by true event sign; positive is event-congruent
event_aligned,reduced_reliability,object_event,cumulative_sign_normalized_correction,0.0,0.0,0.0,30,-0.19,multiplied by true event sign; positive is event-congruent
event_aligned,reduced_reliability,object_event,sign_normalized_subsequent_predicted_object,-0.009891487544061316,-0.039757689238359935,0.02139024974090866,30,-0.19,multiplied by true event sign; positive is event-congruent
event_aligned,reduced_reliability,object_event,sign_normalized_innovation,-0.01448757099860076,-0.04246286956223378,0.013693417990217456,30,-0.18,multiplied by true event sign; positive is event-congruent
event_aligned,reduced_reliability,object_event,object_gain,0.26295640697275746,0.2628815214781197,0.26301779805189707,30,-0.18,multiplied by true event sign; positive is event-congruent
event_aligned,reduced_reliability,object_event,sign_normalized_correction,-0.003814467834573665,-0.01107691325659033,0.003636981252210436,30,-0.18,multiplied by true event sign; positive is event-congruent
event_aligned,reduced_reliability,object_event,sign_normalized_previsual_object,-0.009960623404917608,-0.040737552374940776,0.020706639644531073,30,-0.18,multiplied by true event sign; positive is event-congruent
event_aligned,reduced_reliability,object_event,sign_normalized_posterior_object,-0.013775091239491275,-0.045096897855742966,0.017601943063698045,30,-0.18,multiplied by true event sign; positive is event-congruent
event_aligned,reduced_reliability,object_event,cumulative_sign_normalized_correction,0.0,0.0,0.0,30,-0.18,multiplied by true event sign; positive is event-congruent
event_aligned,reduced_reliability,object_event,sign_normalized_subsequent_predicted_object,-0.013775091239491275,-0.04555119694497031,0.016943915491208623,30,-0.18,multiplied by true event sign; positive is event-congruent
event_aligned,reduced_reliability,object_event,sign_normalized_innovation,-0.025184621871028698,-0.05570621852924625,0.0018609911864844483,30,-0.17,multiplied by true event sign; positive is event-congruent
event_aligned,reduced_reliability,object_event,object_gain,0.26297987187591126,0.2629045604676635,0.26303861337734963,30,-0.17,multiplied by true event sign; positive is event-congruent
event_aligned,reduced_reliability,object_event,sign_normalized_correction,-0.006623553637915299,-0.014572489975566734,0.000379979443455188,30,-0.17,multiplied by true event sign; positive is event-congruent
event_aligned,reduced_reliability,object_event,sign_normalized_previsual_object,-0.015641325476898123,-0.04729792082510448,0.015240924071089937,30,-0.17,multiplied by true event sign; positive is event-congruent
event_aligned,reduced_reliability,object_event,sign_normalized_posterior_object,-0.02226487911481342,-0.05156598581486422,0.00637404167388267,30,-0.17,multiplied by true event sign; positive is event-congruent
event_aligned,reduced_reliability,object_event,cumulative_sign_normalized_correction,0.0,0.0,0.0,30,-0.17,multiplied by true event sign; positive is event-congruent
event_aligned,reduced_reliability,object_event,sign_normalized_subsequent_predicted_object,-0.02226487911481342,-0.05287857634366526,0.007045673293445956,30,-0.17,multiplied by true event sign; positive is event-congruent
event_aligned,reduced_reliability,object_event,sign_normalized_innovation,-0.0035580352556094045,-0.028627519420467706,0.018685375994851382,30,-0.16,multiplied by true event sign; positive is event-congruent
event_aligned,reduced_reliability,object_event,object_gain,0.26297856388004887,0.26290811442956363,0.26303122778207877,30,-0.16,multiplied by true event sign; positive is event-congruent
event_aligned,reduced_reliability,object_event,sign_normalized_correction,-0.0009328355526122248,-0.007441703956397532,0.004936943716947482,30,-0.16,multiplied by true event sign; positive is event-congruent
event_aligned,reduced_reliability,object_event,sign_normalized_previsual_object,-0.024943065984140905,-0.056324802250709585,0.0038448494570536757,30,-0.16,multiplied by true event sign; positive is event-congruent
event_aligned,reduced_reliability,object_event,sign_normalized_posterior_object,-0.025875901536753128,-0.05551796687817077,0.0030138475180893115,30,-0.16,multiplied by true event sign; positive is event-congruent
event_aligned,reduced_reliability,object_event,cumulative_sign_normalized_correction,0.0,0.0,0.0,30,-0.16,multiplied by true event sign; positive is event-congruent
event_aligned,reduced_reliability,object_event,sign_normalized_subsequent_predicted_object,-0.025875901536753128,-0.05508803674907972,0.003247703024606586,30,-0.16,multiplied by true event sign; positive is event-congruent
event_aligned,reduced_reliability,object_event,sign_normalized_innovation,0.002104836675987704,-0.021140921505554765,0.02521663154173432,30,-0.15,multiplied by true event sign; positive is event-congruent
event_aligned,reduced_reliability,object_event,object_gain,0.2629689554490729,0.2629038531064731,0.2630215825159102,30,-0.15,multiplied by true event sign; positive is event-congruent
event_aligned,reduced_reliability,object_event,sign_normalized_correction,0.0005562542367863165,-0.00571611297668795,0.006565158285222826,30,-0.15,multiplied by true event sign; positive is event-congruent
event_aligned,reduced_reliability,object_event,sign_normalized_previsual_object,-0.02646608605197024,-0.05589161863503688,0.0015161725665132967,30,-0.15,multiplied by true event sign; positive is event-congruent
event_aligned,reduced_reliability,object_event,sign_normalized_posterior_object,-0.025909831815183925,-0.05697514794847179,0.0033481790372664366,30,-0.15,multiplied by true event sign; positive is event-congruent
event_aligned,reduced_reliability,object_event,cumulative_sign_normalized_correction,0.0,0.0,0.0,30,-0.15,multiplied by true event sign; positive is event-congruent
event_aligned,reduced_reliability,object_event,sign_normalized_subsequent_predicted_object,-0.025909831815183925,-0.056212275005727286,0.0031060183694449606,30,-0.15,multiplied by true event sign; positive is event-congruent
event_aligned,reduced_reliability,object_event,sign_normalized_innovation,0.009280100185767592,-0.012450513993536515,0.031576633895707445,30,-0.14,multiplied by true event sign; positive is event-congruent
event_aligned,reduced_reliability,object_event,object_gain,0.2629809177593545,0.2629182170171781,0.2630309250860272,30,-0.14,multiplied by true event sign; positive is event-congruent
event_aligned,reduced_reliability,object_event,sign_normalized_correction,0.0024393238699003633,-0.0033280903741658404,0.008141943503935005,30,-0.14,multiplied by true event sign; positive is event-congruent
event_aligned,reduced_reliability,object_event,sign_normalized_previsual_object,-0.02678995403778751,-0.05616160214764068,0.0025809003570602825,30,-0.14,multiplied by true event sign; positive is event-congruent
event_aligned,reduced_reliability,object_event,sign_normalized_posterior_object,-0.024350630167887136,-0.05384688061490237,0.0036684111230744347,30,-0.14,multiplied by true event sign; positive is event-congruent
event_aligned,reduced_reliability,object_event,cumulative_sign_normalized_correction,0.0,0.0,0.0,30,-0.14,multiplied by true event sign; positive is event-congruent
event_aligned,reduced_reliability,object_event,sign_normalized_subsequent_predicted_object,-0.024350630167887136,-0.05327972874356226,0.0034584758037009126,30,-0.14,multiplied by true event sign; positive is event-congruent
event_aligned,reduced_reliability,object_event,sign_normalized_innovation,-0.0006618828894122228,-0.030494954968346165,0.028607687978563483,30,-0.13,multiplied by true event sign; positive is event-congruent
event_aligned,reduced_reliability,object_event,object_gain,0.26297551733324753,0.2629124577270971,0.2630262001024139,30,-0.13,multiplied by true event sign; positive is event-congruent
event_aligned,reduced_reliability,object_event,sign_normalized_correction,-0.00017373391444354313,-0.007854454956267166,0.007665698789352751,30,-0.13,multiplied by true event sign; positive is event-congruent
event_aligned,reduced_reliability,object_event,sign_normalized_previsual_object,-0.024992038353589673,-0.054269290777344735,0.0031007751919027507,30,-0.13,multiplied by true event sign; positive is event-congruent
event_aligned,reduced_reliability,object_event,sign_normalized_posterior_object,-0.025165772268033206,-0.05251382532738621,0.0024067208947883235,30,-0.13,multiplied by true event sign; positive is event-congruent
event_aligned,reduced_reliability,object_event,cumulative_sign_normalized_correction,0.0,0.0,0.0,30,-0.13,multiplied by true event sign; positive is event-congruent
event_aligned,reduced_reliability,object_event,sign_normalized_subsequent_predicted_object,-0.025165772268033206,-0.05367620929783509,0.0019225136294214655,30,-0.13,multiplied by true event sign; positive is event-congruent
event_aligned,reduced_reliability,object_event,sign_normalized_innovation,0.0032413206545725596,-0.021878114638581476,0.02702401983972229,30,-0.12,multiplied by true event sign; positive is event-congruent
event_aligned,reduced_reliability,object_event,object_gain,0.26296474799610003,0.26290647545771656,0.2630110725833781,30,-0.12,multiplied by true event sign; positive is event-congruent
event_aligned,reduced_reliability,object_event,sign_normalized_correction,0.0008528065634709552,-0.005583167524933315,0.007144303472553068,30,-0.12,multiplied by true event sign; positive is event-congruent
event_aligned,reduced_reliability,object_event,sign_normalized_previsual_object,-0.025290956629788745,-0.052330001974498115,0.0011383831928896138,30,-0.12,multiplied by true event sign; positive is event-congruent
event_aligned,reduced_reliability,object_event,sign_normalized_posterior_object,-0.024438150066317787,-0.051143533617950196,0.0015478185430380098,30,-0.12,multiplied by true event sign; positive is event-congruent
event_aligned,reduced_reliability,object_event,cumulative_sign_normalized_correction,0.0,0.0,0.0,30,-0.12,multiplied by true event sign; positive is event-congruent
event_aligned,reduced_reliability,object_event,sign_normalized_subsequent_predicted_object,-0.024438150066317787,-0.05146435144211198,0.002010994966101506,30,-0.12,multiplied by true event sign; positive is event-congruent
event_aligned,reduced_reliability,object_event,sign_normalized_innovation,0.015959032445683485,-0.006044550442054687,0.03803803975956221,30,-0.11,multiplied by true event sign; positive is event-congruent
event_aligned,reduced_reliability,object_event,object_gain,0.26296431360874994,0.2629120387020548,0.26300889107959297,30,-0.11,multiplied by true event sign; positive is event-congruent
event_aligned,reduced_reliability,object_event,sign_normalized_correction,0.004194030348762344,-0.0015606861132053255,0.010031732798264586,30,-0.11,multiplied by true event sign; positive is event-congruent
event_aligned,reduced_reliability,object_event,sign_normalized_previsual_object,-0.022128790784170665,-0.049389687596033564,0.003823103205442377,30,-0.11,multiplied by true event sign; positive is event-congruent
event_aligned,reduced_reliability,object_event,sign_normalized_posterior_object,-0.017934760435408315,-0.04331902814629162,0.006988780555727724,30,-0.11,multiplied by true event sign; positive is event-congruent
event_aligned,reduced_reliability,object_event,cumulative_sign_normalized_correction,0.0,0.0,0.0,30,-0.11,multiplied by true event sign; positive is event-congruent
event_aligned,reduced_reliability,object_event,sign_normalized_subsequent_predicted_object,-0.017934760435408315,-0.04261036201755639,0.006851863848815562,30,-0.11,multiplied by true event sign; positive is event-congruent
event_aligned,reduced_reliability,object_event,sign_normalized_innovation,-0.010080163038382299,-0.03323197018230473,0.011972464575694411,30,-0.1,multiplied by true event sign; positive is event-congruent
event_aligned,reduced_reliability,object_event,object_gain,0.2629858554678217,0.26292698991145586,0.2630377356228631,30,-0.1,multiplied by true event sign; positive is event-congruent
event_aligned,reduced_reliability,object_event,sign_normalized_correction,-0.00264725688476737,-0.008780378786010842,0.0031765612407798445,30,-0.1,multiplied by true event sign; positive is event-congruent
event_aligned,reduced_reliability,object_event,sign_normalized_previsual_object,-0.018032329537359525,-0.042718164721574865,0.006268207183392348,30,-0.1,multiplied by true event sign; positive is event-congruent
event_aligned,reduced_reliability,object_event,sign_normalized_posterior_object,-0.0206795864221269,-0.04638785683428556,0.0037697918948308693,30,-0.1,multiplied by true event sign; positive is event-congruent
event_aligned,reduced_reliability,object_event,cumulative_sign_normalized_correction,0.0,0.0,0.0,30,-0.1,multiplied by true event sign; positive is event-congruent
event_aligned,reduced_reliability,object_event,sign_normalized_subsequent_predicted_object,-0.0206795864221269,-0.046979088489913376,0.0050184564918484866,30,-0.1,multiplied by true event sign; positive is event-congruent
event_aligned,reduced_reliability,object_event,sign_normalized_innovation,-0.0012462422634319486,-0.02427991988206996,0.022658036336289933,30,-0.09,multiplied by true event sign; positive is event-congruent
event_aligned,reduced_reliability,object_event,object_gain,0.26301177686667254,0.26296716020116734,0.2630503689088838,30,-0.09,multiplied by true event sign; positive is event-congruent
event_aligned,reduced_reliability,object_event,sign_normalized_correction,-0.00033067717080606464,-0.006370272190082923,0.006067233783461294,30,-0.09,multiplied by true event sign; positive is event-congruent
event_aligned,reduced_reliability,object_event,sign_normalized_previsual_object,-0.019879341133586945,-0.04611464173088933,0.005348508744744768,30,-0.09,multiplied by true event sign; positive is event-congruent
event_aligned,reduced_reliability,object_event,sign_normalized_posterior_object,-0.020210018304393014,-0.04887354150688002,0.006882820795590447,30,-0.09,multiplied by true event sign; positive is event-congruent
event_aligned,reduced_reliability,object_event,cumulative_sign_normalized_correction,0.0,0.0,0.0,30,-0.09,multiplied by true event sign; positive is event-congruent
event_aligned,reduced_reliability,object_event,sign_normalized_subsequent_predicted_object,-0.020210018304393014,-0.04800037467780152,0.007487276612239229,30,-0.09,multiplied by true event sign; positive is event-congruent
event_aligned,reduced_reliability,object_event,sign_normalized_innovation,0.0011643064290424042,-0.018336023781289325,0.020034963765206092,30,-0.08,multiplied by true event sign; positive is event-congruent
event_aligned,reduced_reliability,object_event,object_gain,0.26301084900669414,0.2629626024846369,0.26305256932878623,30,-0.08,multiplied by true event sign; positive is event-congruent
event_aligned,reduced_reliability,object_event,sign_normalized_correction,0.00030549068692137363,-0.005016386884753137,0.005407241699444797,30,-0.08,multiplied by true event sign; positive is event-congruent
event_aligned,reduced_reliability,object_event,sign_normalized_previsual_object,-0.020850335926917294,-0.048889713573700894,0.005991027125366276,30,-0.08,multiplied by true event sign; positive is event-congruent
event_aligned,reduced_reliability,object_event,sign_normalized_posterior_object,-0.02054484523999593,-0.05107370872128704,0.009700254516600677,30,-0.08,multiplied by true event sign; positive is event-congruent
event_aligned,reduced_reliability,object_event,cumulative_sign_normalized_correction,0.0,0.0,0.0,30,-0.08,multiplied by true event sign; positive is event-congruent
event_aligned,reduced_reliability,object_event,sign_normalized_subsequent_predicted_object,-0.02054484523999593,-0.051370874653592774,0.009281098708047024,30,-0.08,multiplied by true event sign; positive is event-congruent
event_aligned,reduced_reliability,object_event,sign_normalized_innovation,0.007744364618073124,-0.02233314604414101,0.03741174827480032,30,-0.07,multiplied by true event sign; positive is event-congruent
event_aligned,reduced_reliability,object_event,object_gain,0.2630235052858431,0.26297950966624556,0.26305927559295933,30,-0.07,multiplied by true event sign; positive is event-congruent
event_aligned,reduced_reliability,object_event,sign_normalized_correction,0.002039751714005236,-0.0060109187832187985,0.009543614770506286,30,-0.07,multiplied by true event sign; positive is event-congruent
event_aligned,reduced_reliability,object_event,sign_normalized_previsual_object,-0.018783071862824186,-0.04888127373766286,0.01068949018784724,30,-0.07,multiplied by true event sign; positive is event-congruent
event_aligned,reduced_reliability,object_event,sign_normalized_posterior_object,-0.016743320148818946,-0.047931400588829755,0.0151587889842087,30,-0.07,multiplied by true event sign; positive is event-congruent
event_aligned,reduced_reliability,object_event,cumulative_sign_normalized_correction,0.0,0.0,0.0,30,-0.07,multiplied by true event sign; positive is event-congruent
event_aligned,reduced_reliability,object_event,sign_normalized_subsequent_predicted_object,-0.016743320148818946,-0.048932372171090525,0.014697209687061091,30,-0.07,multiplied by true event sign; positive is event-congruent
event_aligned,reduced_reliability,object_event,sign_normalized_innovation,-0.0004078541050593659,-0.028229239825722216,0.02518545610522911,30,-0.06,multiplied by true event sign; positive is event-congruent
event_aligned,reduced_reliability,object_event,object_gain,0.26300540432473835,0.26296022165345767,0.2630486868477252,30,-0.06,multiplied by true event sign; positive is event-congruent
event_aligned,reduced_reliability,object_event,sign_normalized_correction,-0.00010686491904539766,-0.0073677236264699485,0.006757137307688596,30,-0.06,multiplied by true event sign; positive is event-congruent
event_aligned,reduced_reliability,object_event,sign_normalized_previsual_object,-0.012387506351053061,-0.04304850165338018,0.017820118484828645,30,-0.06,multiplied by true event sign; positive is event-congruent
event_aligned,reduced_reliability,object_event,sign_normalized_posterior_object,-0.012494371270098458,-0.04300995080566213,0.01776124240916218,30,-0.06,multiplied by true event sign; positive is event-congruent
event_aligned,reduced_reliability,object_event,cumulative_sign_normalized_correction,0.0,0.0,0.0,30,-0.06,multiplied by true event sign; positive is event-congruent
event_aligned,reduced_reliability,object_event,sign_normalized_subsequent_predicted_object,-0.012494371270098458,-0.04312294797775771,0.01801309337654487,30,-0.06,multiplied by true event sign; positive is event-congruent
event_aligned,reduced_reliability,object_event,sign_normalized_innovation,0.002380400982608198,-0.02456254188920947,0.03505576710474421,30,-0.05,multiplied by true event sign; positive is event-congruent
event_aligned,reduced_reliability,object_event,object_gain,0.2630123600550011,0.26296982073510594,0.2630519449215202,30,-0.05,multiplied by true event sign; positive is event-congruent
event_aligned,reduced_reliability,object_event,sign_normalized_correction,0.0006243198108313219,-0.0063786840581487704,0.009266767922025363,30,-0.05,multiplied by true event sign; positive is event-congruent
event_aligned,reduced_reliability,object_event,sign_normalized_previsual_object,-0.013628847036742333,-0.04321424515104823,0.015893978100302974,30,-0.05,multiplied by true event sign; positive is event-congruent
event_aligned,reduced_reliability,object_event,sign_normalized_posterior_object,-0.013004527225911009,-0.041124487247193794,0.015870019051937547,30,-0.05,multiplied by true event sign; positive is event-congruent
event_aligned,reduced_reliability,object_event,cumulative_sign_normalized_correction,0.0,0.0,0.0,30,-0.05,multiplied by true event sign; positive is event-congruent
event_aligned,reduced_reliability,object_event,sign_normalized_subsequent_predicted_object,-0.013004527225911009,-0.04164524125791344,0.01610607043184252,30,-0.05,multiplied by true event sign; positive is event-congruent
event_aligned,reduced_reliability,object_event,sign_normalized_innovation,-0.001980726830318739,-0.021123786169060455,0.01981189576986787,30,-0.04,multiplied by true event sign; positive is event-congruent
event_aligned,reduced_reliability,object_event,object_gain,0.26300137324605793,0.2629333429883362,0.2630527549476502,30,-0.04,multiplied by true event sign; positive is event-congruent
event_aligned,reduced_reliability,object_event,sign_normalized_correction,-0.0005304273122511948,-0.005764336125934523,0.0053555900689672845,30,-0.04,multiplied by true event sign; positive is event-congruent
event_aligned,reduced_reliability,object_event,sign_normalized_previsual_object,-0.012323361288381025,-0.03832020692499616,0.015710968609968037,30,-0.04,multiplied by true event sign; positive is event-congruent
event_aligned,reduced_reliability,object_event,sign_normalized_posterior_object,-0.012853788600632219,-0.036923379131671936,0.012264445067998222,30,-0.04,multiplied by true event sign; positive is event-congruent
event_aligned,reduced_reliability,object_event,cumulative_sign_normalized_correction,0.0,0.0,0.0,30,-0.04,multiplied by true event sign; positive is event-congruent
event_aligned,reduced_reliability,object_event,sign_normalized_subsequent_predicted_object,-0.012853788600632219,-0.03712552008178133,0.012715619707590772,30,-0.04,multiplied by true event sign; positive is event-congruent
event_aligned,reduced_reliability,object_event,sign_normalized_innovation,0.007020595746776594,-0.01578502786245526,0.02917801508035641,30,-0.03,multiplied by true event sign; positive is event-congruent
event_aligned,reduced_reliability,object_event,object_gain,0.26298387198376794,0.26290133255396997,0.26304519687855665,30,-0.03,multiplied by true event sign; positive is event-congruent
event_aligned,reduced_reliability,object_event,sign_normalized_correction,0.001838591571662252,-0.00422891756803746,0.007856222251757153,30,-0.03,multiplied by true event sign; positive is event-congruent
event_aligned,reduced_reliability,object_event,sign_normalized_previsual_object,-0.01393865918952309,-0.03724566835029338,0.010387191209947811,30,-0.03,multiplied by true event sign; positive is event-congruent
event_aligned,reduced_reliability,object_event,sign_normalized_posterior_object,-0.01210006761786084,-0.03641558030789102,0.013358993437186427,30,-0.03,multiplied by true event sign; positive is event-congruent
event_aligned,reduced_reliability,object_event,cumulative_sign_normalized_correction,0.0,0.0,0.0,30,-0.03,multiplied by true event sign; positive is event-congruent
event_aligned,reduced_reliability,object_event,sign_normalized_subsequent_predicted_object,-0.01210006761786084,-0.036678155280560294,0.013616464231320038,30,-0.03,multiplied by true event sign; positive is event-congruent
event_aligned,reduced_reliability,object_event,sign_normalized_innovation,0.030829171233481875,0.0037061974373634302,0.05945183606525025,30,-0.02,multiplied by true event sign; positive is event-congruent
event_aligned,reduced_reliability,object_event,object_gain,0.2629925800699689,0.26292462393502725,0.26304517823979173,30,-0.02,multiplied by true event sign; positive is event-congruent
event_aligned,reduced_reliability,object_event,sign_normalized_correction,0.008108577242018232,0.0007208259789663167,0.0157325219072301,30,-0.02,multiplied by true event sign; positive is event-congruent
event_aligned,reduced_reliability,object_event,sign_normalized_previsual_object,-0.011247072197485384,-0.035831676918019084,0.014025591902444484,30,-0.02,multiplied by true event sign; positive is event-congruent
event_aligned,reduced_reliability,object_event,sign_normalized_posterior_object,-0.0031384949554671537,-0.02599803667231838,0.01972939809952962,30,-0.02,multiplied by true event sign; positive is event-congruent
event_aligned,reduced_reliability,object_event,cumulative_sign_normalized_correction,0.0,0.0,0.0,30,-0.02,multiplied by true event sign; positive is event-congruent
event_aligned,reduced_reliability,object_event,sign_normalized_subsequent_predicted_object,-0.0031384949554671537,-0.02535465451084831,0.019826851400364536,30,-0.02,multiplied by true event sign; positive is event-congruent
event_aligned,reduced_reliability,object_event,sign_normalized_innovation,-0.016959760290349686,-0.03848078973887561,0.003819686576719573,30,-0.01,multiplied by true event sign; positive is event-congruent
event_aligned,reduced_reliability,object_event,object_gain,0.26297562468236635,0.26291862942143723,0.2630288259556692,30,-0.01,multiplied by true event sign; positive is event-congruent
event_aligned,reduced_reliability,object_event,sign_normalized_correction,-0.0044613021846697486,-0.010188182004713527,0.0010925911782338916,30,-0.01,multiplied by true event sign; positive is event-congruent
event_aligned,reduced_reliability,object_event,sign_normalized_previsual_object,-0.003551150745485647,-0.02535576045425967,0.01822101075399384,30,-0.01,multiplied by true event sign; positive is event-congruent
event_aligned,reduced_reliability,object_event,sign_normalized_posterior_object,-0.008012452930155395,-0.028010562965903825,0.012695445378533888,30,-0.01,multiplied by true event sign; positive is event-congruent
event_aligned,reduced_reliability,object_event,cumulative_sign_normalized_correction,0.0,0.0,0.0,30,-0.01,multiplied by true event sign; positive is event-congruent
event_aligned,reduced_reliability,object_event,sign_normalized_subsequent_predicted_object,-0.008012452930155395,-0.028098195648409957,0.01244535462011087,30,-0.01,multiplied by true event sign; positive is event-congruent
event_aligned,reduced_reliability,object_event,sign_normalized_innovation,0.4094236113101327,0.3846970572896761,0.4338935372125511,30,0.0,multiplied by true event sign; positive is event-congruent
event_aligned,reduced_reliability,object_event,object_gain,0.26298909990792046,0.26293236873512155,0.26304473652988997,30,0.0,multiplied by true event sign; positive is event-congruent
event_aligned,reduced_reliability,object_event,sign_normalized_correction,0.10767356154727895,0.10123615278006294,0.11415928615289679,30,0.0,multiplied by true event sign; positive is event-congruent
event_aligned,reduced_reliability,object_event,sign_normalized_previsual_object,-0.007568757339254092,-0.027246524847855204,0.011975578060853394,30,0.0,multiplied by true event sign; positive is event-congruent
event_aligned,reduced_reliability,object_event,sign_normalized_posterior_object,0.10010480420802484,0.0780130499403154,0.12099876857032325,30,0.0,multiplied by true event sign; positive is event-congruent
event_aligned,reduced_reliability,object_event,cumulative_sign_normalized_correction,0.10767356154727895,0.10114684901315964,0.11434592449997494,30,0.0,multiplied by true event sign; positive is event-congruent
event_aligned,reduced_reliability,object_event,sign_normalized_subsequent_predicted_object,0.10010480420802484,0.07811474868200598,0.12092568220920473,30,0.0,multiplied by true event sign; positive is event-congruent
event_aligned,reduced_reliability,object_event,sign_normalized_innovation,0.27389799087337313,0.2556645544416902,0.29227515985448865,30,0.01,multiplied by true event sign; positive is event-congruent
event_aligned,reduced_reliability,object_event,object_gain,0.2631277569890981,0.2630156120390853,0.2632322866535664,30,0.01,multiplied by true event sign; positive is event-congruent
event_aligned,reduced_reliability,object_event,sign_normalized_correction,0.07207474896425276,0.06729315567662741,0.07684795233871526,30,0.01,multiplied by true event sign; positive is event-congruent
event_aligned,reduced_reliability,object_event,sign_normalized_previsual_object,0.10171272692305323,0.08180391886569882,0.1215729964293144,30,0.01,multiplied by true event sign; positive is event-congruent
event_aligned,reduced_reliability,object_event,sign_normalized_posterior_object,0.17378747588730595,0.15312035858924855,0.19466667608025107,30,0.01,multiplied by true event sign; positive is event-congruent
event_aligned,reduced_reliability,object_event,cumulative_sign_normalized_correction,0.1797483105115317,0.17056736491313326,0.1891788115495455,30,0.01,multiplied by true event sign; positive is event-congruent
event_aligned,reduced_reliability,object_event,sign_normalized_subsequent_predicted_object,0.17378747588730595,0.15285150682460527,0.19529199922317098,30,0.01,multiplied by true event sign; positive is event-congruent
event_aligned,reduced_reliability,object_event,sign_normalized_innovation,0.1431020549913824,0.09856415293038276,0.17598632332244335,30,0.02,multiplied by true event sign; positive is event-congruent
event_aligned,reduced_reliability,object_event,object_gain,0.26323999970788964,0.2631057806495228,0.26335979058189835,30,0.02,multiplied by true event sign; positive is event-congruent
event_aligned,reduced_reliability,object_event,sign_normalized_correction,0.03766078509253778,0.026091776336857813,0.046307279733893696,30,0.02,multiplied by true event sign; positive is event-congruent
event_aligned,reduced_reliability,object_event,sign_normalized_previsual_object,0.17441342431795273,0.15347771454656,0.19523287731500824,30,0.02,multiplied by true event sign; positive is event-congruent
event_aligned,reduced_reliability,object_event,sign_normalized_posterior_object,0.21207420941049052,0.18811527298737968,0.23536114604862213,30,0.02,multiplied by true event sign; positive is event-congruent
event_aligned,reduced_reliability,object_event,cumulative_sign_normalized_correction,0.21740909560406946,0.2052993640517539,0.22830043516634752,30,0.02,multiplied by true event sign; positive is event-congruent
event_aligned,reduced_reliability,object_event,sign_normalized_subsequent_predicted_object,0.21207420941049052,0.18803297203742655,0.23543225641125803,30,0.02,multiplied by true event sign; positive is event-congruent
event_aligned,reduced_reliability,object_event,sign_normalized_innovation,0.11305283604591519,0.08228446120878632,0.13994763988200587,30,0.03,multiplied by true event sign; positive is event-congruent
event_aligned,reduced_reliability,object_event,object_gain,0.26325498442335743,0.2631256806890482,0.2633742765699757,30,0.03,multiplied by true event sign; positive is event-congruent
event_aligned,reduced_reliability,object_event,sign_normalized_correction,0.029770192557631563,0.021387994834676186,0.03691874986515285,30,0.03,multiplied by true event sign; positive is event-congruent
event_aligned,reduced_reliability,object_event,sign_normalized_previsual_object,0.21515930195501096,0.19083183262224193,0.23831736318715602,30,0.03,multiplied by true event sign; positive is event-congruent
event_aligned,reduced_reliability,object_event,sign_normalized_posterior_object,0.2449294945126425,0.21579833186349204,0.2716709603591066,30,0.03,multiplied by true event sign; positive is event-congruent
event_aligned,reduced_reliability,object_event,cumulative_sign_normalized_correction,0.24717928816170107,0.22923234277794424,0.2619841289105759,30,0.03,multiplied by true event sign; positive is event-congruent
event_aligned,reduced_reliability,object_event,sign_normalized_subsequent_predicted_object,0.2449294945126425,0.2147985829482361,0.27186121762754734,30,0.03,multiplied by true event sign; positive is event-congruent
event_aligned,reduced_reliability,object_event,sign_normalized_innovation,0.08709465648883101,0.06944309877277464,0.10395189565794427,30,0.04,multiplied by true event sign; positive is event-congruent
event_aligned,reduced_reliability,object_event,object_gain,0.2632767559612,0.2631462448247661,0.26340882220143425,30,0.04,multiplied by true event sign; positive is event-congruent
event_aligned,reduced_reliability,object_event,sign_normalized_correction,0.022928900136277432,0.018075331647665924,0.027499698582634947,30,0.04,multiplied by true event sign; positive is event-congruent
event_aligned,reduced_reliability,object_event,sign_normalized_previsual_object,0.24991677934349024,0.22010356603092215,0.27696858250775847,30,0.04,multiplied by true event sign; positive is event-congruent
event_aligned,reduced_reliability,object_event,sign_normalized_posterior_object,0.27284567947976773,0.24116422996206777,0.3005715589785896,30,0.04,multiplied by true event sign; positive is event-congruent
event_aligned,reduced_reliability,object_event,cumulative_sign_normalized_correction,0.27010818829797845,0.2486389527695328,0.2869689354560536,30,0.04,multiplied by true event sign; positive is event-congruent
event_aligned,reduced_reliability,object_event,sign_normalized_subsequent_predicted_object,0.27284567947976773,0.241094325105488,0.30070131157175994,30,0.04,multiplied by true event sign; positive is event-congruent
event_aligned,reduced_reliability,object_event,sign_normalized_innovation,0.052321291932224456,0.03174089556414148,0.07289223111088904,30,0.05,multiplied by true event sign; positive is event-congruent
event_aligned,reduced_reliability,object_event,object_gain,0.2632544295278075,0.26313193752883396,0.26337404410891596,30,0.05,multiplied by true event sign; positive is event-congruent
event_aligned,reduced_reliability,object_event,sign_normalized_correction,0.013766819752303856,0.008287710578800907,0.019259466153109035,30,0.05,multiplied by true event sign; positive is event-congruent
event_aligned,reduced_reliability,object_event,sign_normalized_previsual_object,0.2768878694255585,0.2438852184003055,0.30460182454475654,30,0.05,multiplied by true event sign; positive is event-congruent
event_aligned,reduced_reliability,object_event,sign_normalized_posterior_object,0.29065468917786236,0.25794362703553264,0.31942018196767386,30,0.05,multiplied by true event sign; positive is event-congruent
event_aligned,reduced_reliability,object_event,cumulative_sign_normalized_correction,0.2838750080502823,0.26143597740017926,0.3030610703031938,30,0.05,multiplied by true event sign; positive is event-congruent
event_aligned,reduced_reliability,object_event,sign_normalized_subsequent_predicted_object,0.29065468917786236,0.257799133174322,0.3197235432798729,30,0.05,multiplied by true event sign; positive is event-congruent
event_aligned,reduced_reliability,object_event,sign_normalized_innovation,0.008712473862943822,-0.01484239752427835,0.0302065975864982,30,0.06,multiplied by true event sign; positive is event-congruent
event_aligned,reduced_reliability,object_event,object_gain,0.26319017565253583,0.2630960265824375,0.2632815627499901,30,0.06,multiplied by true event sign; positive is event-congruent
event_aligned,reduced_reliability,object_event,sign_normalized_correction,0.0022884746318644522,-0.004260002765837224,0.008040654378932617,30,0.06,multiplied by true event sign; positive is event-congruent
event_aligned,reduced_reliability,object_event,sign_normalized_previsual_object,0.29229776966662085,0.2594756221415804,0.32002339061154134,30,0.06,multiplied by true event sign; positive is event-congruent
event_aligned,reduced_reliability,object_event,sign_normalized_posterior_object,0.2945862442984854,0.2607733681017223,0.3229198381119775,30,0.06,multiplied by true event sign; positive is event-congruent
event_aligned,reduced_reliability,object_event,cumulative_sign_normalized_correction,0.28616348268214675,0.26265333000421476,0.30580540509468446,30,0.06,multiplied by true event sign; positive is event-congruent
event_aligned,reduced_reliability,object_event,sign_normalized_subsequent_predicted_object,0.2945862442984854,0.26027944397169744,0.32240385357891277,30,0.06,multiplied by true event sign; positive is event-congruent
event_aligned,reduced_reliability,object_event,sign_normalized_innovation,0.03665349008590544,0.013630292864802888,0.06026191732220968,30,0.07,multiplied by true event sign; positive is event-congruent
event_aligned,reduced_reliability,object_event,object_gain,0.26310804229869017,0.26303755179388605,0.26317188913740025,30,0.07,multiplied by true event sign; positive is event-congruent
event_aligned,reduced_reliability,object_event,sign_normalized_correction,0.009646441486951292,0.0034992899862318827,0.01578926587625276,30,0.07,multiplied by true event sign; positive is event-congruent
event_aligned,reduced_reliability,object_event,sign_normalized_previsual_object,0.2955122673210153,0.2614178078746428,0.32371351729177783,30,0.07,multiplied by true event sign; positive is event-congruent
event_aligned,reduced_reliability,object_event,sign_normalized_posterior_object,0.3051587088079666,0.2719828420826302,0.33381024878725274,30,0.07,multiplied by true event sign; positive is event-congruent
event_aligned,reduced_reliability,object_event,cumulative_sign_normalized_correction,0.295809924169098,0.27286148497127943,0.3153233876862008,30,0.07,multiplied by true event sign; positive is event-congruent
event_aligned,reduced_reliability,object_event,sign_normalized_subsequent_predicted_object,0.3051587088079666,0.27211672310185187,0.33374897735729847,30,0.07,multiplied by true event sign; positive is event-congruent
event_aligned,reduced_reliability,object_event,sign_normalized_innovation,0.020096927992667653,-0.002530797997628148,0.04346074197691364,30,0.08,multiplied by true event sign; positive is event-congruent
event_aligned,reduced_reliability,object_event,object_gain,0.2631038080777176,0.2630307765771521,0.26317485436156357,30,0.08,multiplied by true event sign; positive is event-congruent
event_aligned,reduced_reliability,object_event,sign_normalized_correction,0.00529180614299055,-0.000729018021600853,0.011433071609867604,30,0.08,multiplied by true event sign; positive is event-congruent
event_aligned,reduced_reliability,object_event,sign_normalized_previsual_object,0.3082843307530578,0.2740312443784618,0.3362535268529057,30,0.08,multiplied by true event sign; positive is event-congruent
event_aligned,reduced_reliability,object_event,sign_normalized_posterior_object,0.31357613689604835,0.2798659877864755,0.3422779756008193,30,0.08,multiplied by true event sign; positive is event-congruent
event_aligned,reduced_reliability,object_event,cumulative_sign_normalized_correction,0.30110173031208853,0.27702483767118047,0.3223297630928768,30,0.08,multiplied by true event sign; positive is event-congruent
event_aligned,reduced_reliability,object_event,sign_normalized_subsequent_predicted_object,0.31357613689604835,0.27896911965512255,0.3418477702624059,30,0.08,multiplied by true event sign; positive is event-congruent
event_aligned,reduced_reliability,object_event,sign_normalized_innovation,0.01733453404084773,-0.0002742303368159879,0.03508567712406872,30,0.09,multiplied by true event sign; positive is event-congruent
event_aligned,reduced_reliability,object_event,object_gain,0.2631012723459127,0.26303475184405434,0.26316781999953026,30,0.09,multiplied by true event sign; positive is event-congruent
event_aligned,reduced_reliability,object_event,sign_normalized_correction,0.004556266161921083,-3.4458505446947156e-05,0.009302111255851913,30,0.09,multiplied by true event sign; positive is event-congruent
event_aligned,reduced_reliability,object_event,sign_normalized_previsual_object,0.3186605612835418,0.28478746113603914,0.3470624064251807,30,0.09,multiplied by true event sign; positive is event-congruent
event_aligned,reduced_reliability,object_event,sign_normalized_posterior_object,0.3232168274454629,0.28817253479865373,0.352060153729032,30,0.09,multiplied by true event sign; positive is event-congruent
event_aligned,reduced_reliability,object_event,cumulative_sign_normalized_correction,0.3056579964740097,0.2804834674534566,0.32889931081945817,30,0.09,multiplied by true event sign; positive is event-congruent
event_aligned,reduced_reliability,object_event,sign_normalized_subsequent_predicted_object,0.3232168274454629,0.2884237255933994,0.35279128096664286,30,0.09,multiplied by true event sign; positive is event-congruent
event_aligned,reduced_reliability,object_event,sign_normalized_innovation,0.029231221420605726,0.006272287879164433,0.053130809147594604,30,0.1,multiplied by true event sign; positive is event-congruent
event_aligned,reduced_reliability,object_event,object_gain,0.2630614900191944,0.26300549431694714,0.2631152650426253,30,0.1,multiplied by true event sign; positive is event-congruent
event_aligned,reduced_reliability,object_event,sign_normalized_correction,0.007685347854367138,0.0014970153999415473,0.013970525160967202,30,0.1,multiplied by true event sign; positive is event-congruent
event_aligned,reduced_reliability,object_event,sign_normalized_previsual_object,0.32364497281167465,0.2882192378600239,0.35276508313404603,30,0.1,multiplied by true event sign; positive is event-congruent
event_aligned,reduced_reliability,object_event,sign_normalized_posterior_object,0.3313303206660417,0.29501755256100676,0.3623819583213949,30,0.1,multiplied by true event sign; positive is event-congruent
event_aligned,reduced_reliability,object_event,cumulative_sign_normalized_correction,0.3133433443283768,0.28618686609598776,0.33838326154654996,30,0.1,multiplied by true event sign; positive is event-congruent
event_aligned,reduced_reliability,object_event,sign_normalized_subsequent_predicted_object,0.3313303206660417,0.2940974176846869,0.3620538797205721,30,0.1,multiplied by true event sign; positive is event-congruent
event_aligned,reduced_reliability,object_event,sign_normalized_innovation,-0.0012089836533906346,-0.030539174940591957,0.025703096504808755,30,0.11,multiplied by true event sign; positive is event-congruent
event_aligned,reduced_reliability,object_event,object_gain,0.2630506039304078,0.2629867559986124,0.2631185287264245,30,0.11,multiplied by true event sign; positive is event-congruent
event_aligned,reduced_reliability,object_event,sign_normalized_correction,-0.0003137817394000151,-0.008079875397079226,0.006862726832635792,30,0.11,multiplied by true event sign; positive is event-congruent
event_aligned,reduced_reliability,object_event,sign_normalized_previsual_object,0.3324934403029152,0.29666434949689885,0.36116064574538526,30,0.11,multiplied by true event sign; positive is event-congruent
event_aligned,reduced_reliability,object_event,sign_normalized_posterior_object,0.33217965856351517,0.29764088064297345,0.36119421730305673,30,0.11,multiplied by true event sign; positive is event-congruent
event_aligned,reduced_reliability,object_event,cumulative_sign_normalized_correction,0.3130295625889768,0.2833946070411981,0.3385736269561058,30,0.11,multiplied by true event sign; positive is event-congruent
event_aligned,reduced_reliability,object_event,sign_normalized_subsequent_predicted_object,0.33217965856351517,0.2980168713423167,0.3606451169929183,30,0.11,multiplied by true event sign; positive is event-congruent
event_aligned,reduced_reliability,object_event,sign_normalized_innovation,-0.0043076977994797065,-0.020906567763157784,0.012263665653926637,30,0.12,multiplied by true event sign; positive is event-congruent
event_aligned,reduced_reliability,object_event,object_gain,0.2630534804903194,0.26299247781408125,0.26312064973220844,30,0.12,multiplied by true event sign; positive is event-congruent
event_aligned,reduced_reliability,object_event,sign_normalized_correction,-0.0011338368475332144,-0.005430850242486819,0.0032606512186717537,30,0.12,multiplied by true event sign; positive is event-congruent
event_aligned,reduced_reliability,object_event,sign_normalized_previsual_object,0.33499076559512947,0.2999530836881816,0.3628358763630766,30,0.12,multiplied by true event sign; positive is event-congruent
event_aligned,reduced_reliability,object_event,sign_normalized_posterior_object,0.33385692874759615,0.30037417406023487,0.3619011612092335,30,0.12,multiplied by true event sign; positive is event-congruent
event_aligned,reduced_reliability,object_event,cumulative_sign_normalized_correction,0.31189572574144364,0.2835926676538018,0.3380745453780224,30,0.12,multiplied by true event sign; positive is event-congruent
event_aligned,reduced_reliability,object_event,sign_normalized_subsequent_predicted_object,0.33385692874759615,0.2987600321676507,0.36237209167741985,30,0.12,multiplied by true event sign; positive is event-congruent
event_aligned,reduced_reliability,object_event,sign_normalized_innovation,0.019390514099661957,-0.0023014167199181274,0.04229690001463995,30,0.13,multiplied by true event sign; positive is event-congruent
event_aligned,reduced_reliability,object_event,object_gain,0.2630299513941357,0.2629820451989726,0.2630811045258643,30,0.13,multiplied by true event sign; positive is event-congruent
event_aligned,reduced_reliability,object_event,sign_normalized_correction,0.005099206650441142,-0.0008145863666183261,0.011048795776765066,30,0.13,multiplied by true event sign; positive is event-congruent
event_aligned,reduced_reliability,object_event,sign_normalized_previsual_object,0.3352583052605999,0.2995204108033903,0.3633951189831973,30,0.13,multiplied by true event sign; positive is event-congruent
event_aligned,reduced_reliability,object_event,sign_normalized_posterior_object,0.3403575119110412,0.3037410866612242,0.37004710921943773,30,0.13,multiplied by true event sign; positive is event-congruent
event_aligned,reduced_reliability,object_event,cumulative_sign_normalized_correction,0.31699493239188475,0.28558779817334284,0.34613462156771374,30,0.13,multiplied by true event sign; positive is event-congruent
event_aligned,reduced_reliability,object_event,sign_normalized_subsequent_predicted_object,0.3403575119110412,0.30372383760875016,0.3708010286191577,30,0.13,multiplied by true event sign; positive is event-congruent
event_aligned,reduced_reliability,object_event,sign_normalized_innovation,0.00207745421671341,-0.018269409596721624,0.02294586559451186,30,0.14,multiplied by true event sign; positive is event-congruent
event_aligned,reduced_reliability,object_event,object_gain,0.26302916662944775,0.2629774452603924,0.26308011343891813,30,0.14,multiplied by true event sign; positive is event-congruent
event_aligned,reduced_reliability,object_event,sign_normalized_correction,0.0005432295501295024,-0.0048996710107351155,0.0060793350925999945,30,0.14,multiplied by true event sign; positive is event-congruent
event_aligned,reduced_reliability,object_event,sign_normalized_previsual_object,0.34521673749561604,0.3092709259489314,0.3750440490846544,30,0.14,multiplied by true event sign; positive is event-congruent
event_aligned,reduced_reliability,object_event,sign_normalized_posterior_object,0.34575996704574535,0.31133996298250394,0.3745177878490725,30,0.14,multiplied by true event sign; positive is event-congruent
event_aligned,reduced_reliability,object_event,cumulative_sign_normalized_correction,0.3175381619420143,0.2854982121943772,0.3473963410611606,30,0.14,multiplied by true event sign; positive is event-congruent
event_aligned,reduced_reliability,object_event,sign_normalized_subsequent_predicted_object,0.34575996704574535,0.3104621962940569,0.37493305654946685,30,0.14,multiplied by true event sign; positive is event-congruent
event_aligned,reduced_reliability,object_event,sign_normalized_innovation,-0.014287323129964365,-0.039091330781605614,0.009264543298394505,30,0.15,multiplied by true event sign; positive is event-congruent
event_aligned,reduced_reliability,object_event,object_gain,0.26301517740760855,0.2629550048457252,0.2630757966082743,30,0.15,multiplied by true event sign; positive is event-congruent
event_aligned,reduced_reliability,object_event,sign_normalized_correction,-0.003758859647792241,-0.010317034522311728,0.002486464988131174,30,0.15,multiplied by true event sign; positive is event-congruent
event_aligned,reduced_reliability,object_event,sign_normalized_previsual_object,0.3466382644338143,0.31247760218074083,0.37541826580393367,30,0.15,multiplied by true event sign; positive is event-congruent
event_aligned,reduced_reliability,object_event,sign_normalized_posterior_object,0.3428794047860222,0.30646284978346017,0.37381748221831956,30,0.15,multiplied by true event sign; positive is event-congruent
event_aligned,reduced_reliability,object_event,cumulative_sign_normalized_correction,0.313779302294222,0.2811726261481027,0.3447723140460561,30,0.15,multiplied by true event sign; positive is event-congruent
event_aligned,reduced_reliability,object_event,sign_normalized_subsequent_predicted_object,0.3428794047860222,0.3071441561040575,0.3737353524651507,30,0.15,multiplied by true event sign; positive is event-congruent
event_aligned,reduced_reliability,object_event,sign_normalized_innovation,-0.0020865131480315925,-0.025666728785441257,0.021306138907270473,30,0.16,multiplied by true event sign; positive is event-congruent
event_aligned,reduced_reliability,object_event,object_gain,0.2629942229148018,0.2629376090066024,0.2630503789036752,30,0.16,multiplied by true event sign; positive is event-congruent
event_aligned,reduced_reliability,object_event,sign_normalized_correction,-0.0005499137023360917,-0.006764204846969637,0.005619984481434898,30,0.16,multiplied by true event sign; positive is event-congruent
event_aligned,reduced_reliability,object_event,sign_normalized_previsual_object,0.3429708104894277,0.3072348355257476,0.3737381233395447,30,0.16,multiplied by true event sign; positive is event-congruent
event_aligned,reduced_reliability,object_event,sign_normalized_posterior_object,0.34242089678709164,0.3063637768799597,0.37240688029541535,30,0.16,multiplied by true event sign; positive is event-congruent
event_aligned,reduced_reliability,object_event,cumulative_sign_normalized_correction,0.3132293885918859,0.28054959754349157,0.34477249003481253,30,0.16,multiplied by true event sign; positive is event-congruent
event_aligned,reduced_reliability,object_event,sign_normalized_subsequent_predicted_object,0.34242089678709164,0.30729519194945826,0.3719619685208295,30,0.16,multiplied by true event sign; positive is event-congruent
event_aligned,reduced_reliability,object_event,sign_normalized_innovation,0.015307929205241488,-0.010894071736048594,0.04109234858515713,30,0.17,multiplied by true event sign; positive is event-congruent
event_aligned,reduced_reliability,object_event,object_gain,0.2629750830444764,0.2629218119688504,0.2630334493918177,30,0.17,multiplied by true event sign; positive is event-congruent
event_aligned,reduced_reliability,object_event,sign_normalized_correction,0.004026053826999596,-0.0028902499421343897,0.011123924333545226,30,0.17,multiplied by true event sign; positive is event-congruent
event_aligned,reduced_reliability,object_event,sign_normalized_previsual_object,0.3434612706766052,0.30889445514339725,0.3721505910135466,30,0.17,multiplied by true event sign; positive is event-congruent
event_aligned,reduced_reliability,object_event,sign_normalized_posterior_object,0.34748732450360476,0.31018712213464195,0.37915972065557496,30,0.17,multiplied by true event sign; positive is event-congruent
event_aligned,reduced_reliability,object_event,cumulative_sign_normalized_correction,0.3172554424188855,0.28043059117549385,0.3523948984006553,30,0.17,multiplied by true event sign; positive is event-congruent
event_aligned,reduced_reliability,object_event,sign_normalized_subsequent_predicted_object,0.34748732450360476,0.3097561100999807,0.37934003375735964,30,0.17,multiplied by true event sign; positive is event-congruent
event_aligned,reduced_reliability,object_event,sign_normalized_innovation,0.007916192454552795,-0.01352689030332508,0.0273661627096113,30,0.18,multiplied by true event sign; positive is event-congruent
event_aligned,reduced_reliability,object_event,object_gain,0.26301920222355013,0.26295883019349525,0.26308254516748386,30,0.18,multiplied by true event sign; positive is event-congruent
event_aligned,reduced_reliability,object_event,sign_normalized_correction,0.00208024327071799,-0.0034297231717399347,0.007239382099504345,30,0.18,multiplied by true event sign; positive is event-congruent
event_aligned,reduced_reliability,object_event,sign_normalized_previsual_object,0.34690300431558385,0.3087730829935645,0.37734668134847144,30,0.18,multiplied by true event sign; positive is event-congruent
event_aligned,reduced_reliability,object_event,sign_normalized_posterior_object,0.34898324758630195,0.31118413757636104,0.380282338288681,30,0.18,multiplied by true event sign; positive is event-congruent
event_aligned,reduced_reliability,object_event,cumulative_sign_normalized_correction,0.3193356856896035,0.2826854848655919,0.3556268217443607,30,0.18,multiplied by true event sign; positive is event-congruent
event_aligned,reduced_reliability,object_event,sign_normalized_subsequent_predicted_object,0.34898324758630195,0.3118221637222942,0.38063642178652274,30,0.18,multiplied by true event sign; positive is event-congruent
event_aligned,reduced_reliability,object_event,sign_normalized_innovation,-0.015035999900646994,-0.03654973400301518,0.007018113309103831,30,0.19,multiplied by true event sign; positive is event-congruent
event_aligned,reduced_reliability,object_event,object_gain,0.2629972380782842,0.2629420317149143,0.2630523161103342,30,0.19,multiplied by true event sign; positive is event-congruent
event_aligned,reduced_reliability,object_event,sign_normalized_correction,-0.00395398223185338,-0.009607961339248048,0.0019012478040953324,30,0.19,multiplied by true event sign; positive is event-congruent
event_aligned,reduced_reliability,object_event,sign_normalized_previsual_object,0.34866600930281044,0.3114146686433139,0.3792055421098897,30,0.19,multiplied by true event sign; positive is event-congruent
event_aligned,reduced_reliability,object_event,sign_normalized_posterior_object,0.3447120270709572,0.3079072059278521,0.3746806471109098,30,0.19,multiplied by true event sign; positive is event-congruent
event_aligned,reduced_reliability,object_event,cumulative_sign_normalized_correction,0.31538170345775013,0.2776214523599338,0.35247720299534824,30,0.19,multiplied by true event sign; positive is event-congruent
event_aligned,reduced_reliability,object_event,sign_normalized_subsequent_predicted_object,0.3447120270709572,0.30864295263924596,0.37532596411470265,30,0.19,multiplied by true event sign; positive is event-congruent
event_aligned,reduced_reliability,object_event,sign_normalized_innovation,0.015821096019014477,-0.003431912571040806,0.03510171012770893,30,0.2,multiplied by true event sign; positive is event-congruent
event_aligned,reduced_reliability,object_event,object_gain,0.26297672171880554,0.2629255191279118,0.2630270893315622,30,0.2,multiplied by true event sign; positive is event-congruent
event_aligned,reduced_reliability,object_event,sign_normalized_correction,0.004159962672406799,-0.0008254398742340673,0.009122320965424955,30,0.2,multiplied by true event sign; positive is event-congruent
event_aligned,reduced_reliability,object_event,sign_normalized_previsual_object,0.34568532517225414,0.3093697432594383,0.37513023584220256,30,0.2,multiplied by true event sign; positive is event-congruent
event_aligned,reduced_reliability,object_event,sign_normalized_posterior_object,0.3498452878446609,0.3137799724376276,0.37804975276652575,30,0.2,multiplied by true event sign; positive is event-congruent
event_aligned,reduced_reliability,object_event,cumulative_sign_normalized_correction,0.31954166613015683,0.28326264213172675,0.35529828042665124,30,0.2,multiplied by true event sign; positive is event-congruent
event_aligned,reduced_reliability,object_event,sign_normalized_subsequent_predicted_object,0.3498452878446609,0.31430210801900943,0.37774648153105284,30,0.2,multiplied by true event sign; positive is event-congruent
event_aligned,reduced_reliability,object_event,sign_normalized_innovation,0.0020126454597294142,-0.016142471123981664,0.021360328642250376,30,0.21,multiplied by true event sign; positive is event-congruent
event_aligned,reduced_reliability,object_event,object_gain,0.2630117596217601,0.2629616919212383,0.26306231390293977,30,0.21,multiplied by true event sign; positive is event-congruent
event_aligned,reduced_reliability,object_event,sign_normalized_correction,0.0005264634154095466,-0.004243207837480447,0.005614116879532701,30,0.21,multiplied by true event sign; positive is event-congruent
event_aligned,reduced_reliability,object_event,sign_normalized_previsual_object,0.3514098488238881,0.3161240362195704,0.379230506980325,30,0.21,multiplied by true event sign; positive is event-congruent
event_aligned,reduced_reliability,object_event,sign_normalized_posterior_object,0.35193631223929756,0.31654092770117204,0.3809193113858579,30,0.21,multiplied by true event sign; positive is event-congruent
event_aligned,reduced_reliability,object_event,cumulative_sign_normalized_correction,0.32006812954556646,0.28214907004446466,0.357321122087311,30,0.21,multiplied by true event sign; positive is event-congruent
event_aligned,reduced_reliability,object_event,sign_normalized_subsequent_predicted_object,0.35193631223929756,0.3146569752828928,0.38117011403227935,30,0.21,multiplied by true event sign; positive is event-congruent
event_aligned,reduced_reliability,object_event,sign_normalized_innovation,-0.008117673541665746,-0.02916782871579266,0.01408157264860923,30,0.22,multiplied by true event sign; positive is event-congruent
event_aligned,reduced_reliability,object_event,object_gain,0.2630061985886138,0.26296785060018785,0.26304330847990065,30,0.22,multiplied by true event sign; positive is event-congruent
event_aligned,reduced_reliability,object_event,sign_normalized_correction,-0.0021386620589473283,-0.007807312718636607,0.003642841234238531,30,0.22,multiplied by true event sign; positive is event-congruent
event_aligned,reduced_reliability,object_event,sign_normalized_previsual_object,0.353591949249612,0.3168582493852679,0.3827543323241188,30,0.22,multiplied by true event sign; positive is event-congruent
event_aligned,reduced_reliability,object_event,sign_normalized_posterior_object,0.35145328719066465,0.3130115182322103,0.3820700985932119,30,0.22,multiplied by true event sign; positive is event-congruent
event_aligned,reduced_reliability,object_event,cumulative_sign_normalized_correction,0.3179294674866192,0.2763377154563184,0.3580156935132713,30,0.22,multiplied by true event sign; positive is event-congruent
event_aligned,reduced_reliability,object_event,sign_normalized_subsequent_predicted_object,0.35145328719066465,0.31314167569116125,0.38246911820018925,30,0.22,multiplied by true event sign; positive is event-congruent
event_aligned,reduced_reliability,object_event,sign_normalized_innovation,0.0038674215736343807,-0.018240580242526727,0.0241314806843079,30,0.23,multiplied by true event sign; positive is event-congruent
event_aligned,reduced_reliability,object_event,object_gain,0.26297979492090556,0.2629404932257916,0.2630210522669635,30,0.23,multiplied by true event sign; positive is event-congruent
event_aligned,reduced_reliability,object_event,sign_normalized_correction,0.0010172878182099305,-0.0047465462732332545,0.006372551198183668,30,0.23,multiplied by true event sign; positive is event-congruent
event_aligned,reduced_reliability,object_event,sign_normalized_previsual_object,0.3539605441042783,0.3157977978930844,0.3843290694873774,30,0.23,multiplied by true event sign; positive is event-congruent
event_aligned,reduced_reliability,object_event,sign_normalized_posterior_object,0.3549778319224883,0.3170651055479328,0.385834267925426,30,0.23,multiplied by true event sign; positive is event-congruent
event_aligned,reduced_reliability,object_event,cumulative_sign_normalized_correction,0.318946755304829,0.27923328352679333,0.35823300410570313,30,0.23,multiplied by true event sign; positive is event-congruent
event_aligned,reduced_reliability,object_event,sign_normalized_subsequent_predicted_object,0.3549778319224883,0.3174005198113085,0.3852541077400998,30,0.23,multiplied by true event sign; positive is event-congruent
event_aligned,reduced_reliability,object_event,sign_normalized_innovation,-0.023648604674288205,-0.06009321261302478,0.009704419347913797,30,0.24,multiplied by true event sign; positive is event-congruent
event_aligned,reduced_reliability,object_event,object_gain,0.26302307934770064,0.2629891921492894,0.263057197413018,30,0.24,multiplied by true event sign; positive is event-congruent
event_aligned,reduced_reliability,object_event,sign_normalized_correction,-0.006222288933235928,-0.015726027137530216,0.002421104668838029,30,0.24,multiplied by true event sign; positive is event-congruent
event_aligned,reduced_reliability,object_event,sign_normalized_previsual_object,0.35370209758994964,0.3171677269202466,0.3842374926205078,30,0.24,multiplied by true event sign; positive is event-congruent
event_aligned,reduced_reliability,object_event,sign_normalized_posterior_object,0.34747980865671385,0.31065098438658856,0.37568540140321216,30,0.24,multiplied by true event sign; positive is event-congruent
event_aligned,reduced_reliability,object_event,cumulative_sign_normalized_correction,0.31272446637159307,0.2713997332665039,0.35402959273898366,30,0.24,multiplied by true event sign; positive is event-congruent
event_aligned,reduced_reliability,object_event,sign_normalized_subsequent_predicted_object,0.34747980865671385,0.31312399462500573,0.37655605747127496,30,0.24,multiplied by true event sign; positive is event-congruent
event_aligned,reduced_reliability,object_event,sign_normalized_innovation,-0.010001099959448524,-0.03383559688257337,0.01160716001022863,30,0.25,multiplied by true event sign; positive is event-congruent
event_aligned,reduced_reliability,object_event,object_gain,0.26296563030939335,0.26290255419928366,0.26302749505613837,30,0.25,multiplied by true event sign; positive is event-congruent
event_aligned,reduced_reliability,object_event,sign_normalized_correction,-0.0026188565994314256,-0.009039792346273903,0.0031390478160491795,30,0.25,multiplied by true event sign; positive is event-congruent
event_aligned,reduced_reliability,object_event,sign_normalized_previsual_object,0.34850713939492073,0.3143165141846282,0.37709518136405545,30,0.25,multiplied by true event sign; positive is event-congruent
event_aligned,reduced_reliability,object_event,sign_normalized_posterior_object,0.34588828279548905,0.310676049025778,0.37586960286800347,30,0.25,multiplied by true event sign; positive is event-congruent
event_aligned,reduced_reliability,object_event,cumulative_sign_normalized_correction,0.3101056097721617,0.26976892312886075,0.35221723301590996,30,0.25,multiplied by true event sign; positive is event-congruent
event_aligned,reduced_reliability,object_event,sign_normalized_subsequent_predicted_object,0.34588828279548905,0.310659631438686,0.37558545060134213,30,0.25,multiplied by true event sign; positive is event-congruent
event_aligned,reduced_reliability,object_event,sign_normalized_innovation,0.014183607649734802,-0.008929211308746481,0.03623986411060009,30,0.26,multiplied by true event sign; positive is event-congruent
event_aligned,reduced_reliability,object_event,object_gain,0.2629548907926797,0.26288430892642706,0.26301569559358784,30,0.26,multiplied by true event sign; positive is event-congruent
event_aligned,reduced_reliability,object_event,sign_normalized_correction,0.0037321328855735095,-0.002289474910988539,0.009564607877165364,30,0.26,multiplied by true event sign; positive is event-congruent
event_aligned,reduced_reliability,object_event,sign_normalized_previsual_object,0.3449745395191298,0.3085106473109315,0.37524310834286484,30,0.26,multiplied by true event sign; positive is event-congruent
event_aligned,reduced_reliability,object_event,sign_normalized_posterior_object,0.3487066724047033,0.312768537185048,0.3801879220242674,30,0.26,multiplied by true event sign; positive is event-congruent
event_aligned,reduced_reliability,object_event,cumulative_sign_normalized_correction,0.3138377426577352,0.2709272399567009,0.35747929617955193,30,0.26,multiplied by true event sign; positive is event-congruent
event_aligned,reduced_reliability,object_event,sign_normalized_subsequent_predicted_object,0.3487066724047033,0.3125312110724541,0.37993827775314637,30,0.26,multiplied by true event sign; positive is event-congruent
event_aligned,reduced_reliability,object_event,sign_normalized_innovation,-0.0050923481978683285,-0.02905725875700698,0.021072252260992012,30,0.27,multiplied by true event sign; positive is event-congruent
event_aligned,reduced_reliability,object_event,object_gain,0.26298240312537663,0.2629183858242666,0.263037104616733,30,0.27,multiplied by true event sign; positive is event-congruent
event_aligned,reduced_reliability,object_event,sign_normalized_correction,-0.001334175650736523,-0.007881187665397343,0.005685771093712603,30,0.27,multiplied by true event sign; positive is event-congruent
event_aligned,reduced_reliability,object_event,sign_normalized_previsual_object,0.34736670587768054,0.31137052256178727,0.3783855338432367,30,0.27,multiplied by true event sign; positive is event-congruent
event_aligned,reduced_reliability,object_event,sign_normalized_posterior_object,0.3460325302269441,0.30913199314192064,0.37735425591505933,30,0.27,multiplied by true event sign; positive is event-congruent
event_aligned,reduced_reliability,object_event,cumulative_sign_normalized_correction,0.3125035670069987,0.2672730482718761,0.3589279385717223,30,0.27,multiplied by true event sign; positive is event-congruent
event_aligned,reduced_reliability,object_event,sign_normalized_subsequent_predicted_object,0.3460325302269441,0.30880266493079567,0.3779365878446423,30,0.27,multiplied by true event sign; positive is event-congruent
event_aligned,reduced_reliability,object_event,sign_normalized_innovation,-0.014794968937890871,-0.03799933735198744,0.007891141902148196,30,0.28,multiplied by true event sign; positive is event-congruent
event_aligned,reduced_reliability,object_event,object_gain,0.2629991705962414,0.2629237706758087,0.26307902858988985,30,0.28,multiplied by true event sign; positive is event-congruent
event_aligned,reduced_reliability,object_event,sign_normalized_correction,-0.0038948411053923784,-0.010071398802881493,0.00223764358477775,30,0.28,multiplied by true event sign; positive is event-congruent
event_aligned,reduced_reliability,object_event,sign_normalized_previsual_object,0.3453614310857157,0.30841485302994853,0.3771787626515531,30,0.28,multiplied by true event sign; positive is event-congruent
event_aligned,reduced_reliability,object_event,sign_normalized_posterior_object,0.34146658998032337,0.30333078870113434,0.3745280845938424,30,0.28,multiplied by true event sign; positive is event-congruent
event_aligned,reduced_reliability,object_event,cumulative_sign_normalized_correction,0.30860872590160626,0.262200272535055,0.35487510887061247,30,0.28,multiplied by true event sign; positive is event-congruent
event_aligned,reduced_reliability,object_event,sign_normalized_subsequent_predicted_object,0.34146658998032337,0.3029758047508031,0.3745117119658533,30,0.28,multiplied by true event sign; positive is event-congruent
event_aligned,reduced_reliability,object_event,sign_normalized_innovation,0.006447562626875422,-0.014468398856898974,0.026129753542933145,30,0.29,multiplied by true event sign; positive is event-congruent
event_aligned,reduced_reliability,object_event,object_gain,0.2629623545296798,0.2629069477458016,0.2630137527163646,30,0.29,multiplied by true event sign; positive is event-congruent
event_aligned,reduced_reliability,object_event,sign_normalized_correction,0.0016982527569206777,-0.0036961393890440307,0.007020435391506741,30,0.29,multiplied by true event sign; positive is event-congruent
event_aligned,reduced_reliability,object_event,sign_normalized_previsual_object,0.34454095946472446,0.30594129425125827,0.3769637566001454,30,0.29,multiplied by true event sign; positive is event-congruent
event_aligned,reduced_reliability,object_event,sign_normalized_posterior_object,0.346239212221645,0.3059350377850332,0.37972565123032814,30,0.29,multiplied by true event sign; positive is event-congruent
event_aligned,reduced_reliability,object_event,cumulative_sign_normalized_correction,0.310306978658527,0.26328165989461316,0.35743230473276694,30,0.29,multiplied by true event sign; positive is event-congruent
event_aligned,reduced_reliability,object_event,sign_normalized_subsequent_predicted_object,0.346239212221645,0.30578675089690355,0.3790777889117757,30,0.29,multiplied by true event sign; positive is event-congruent
event_aligned,reduced_reliability,object_event,sign_normalized_innovation,0.004748655453194641,-0.01326596528355585,0.021667826785927404,30,0.3,multiplied by true event sign; positive is event-congruent
event_aligned,reduced_reliability,object_event,object_gain,0.26298960772721064,0.26293650268064517,0.26303907725756026,30,0.3,multiplied by true event sign; positive is event-congruent
event_aligned,reduced_reliability,object_event,sign_normalized_correction,0.0012462419403911865,-0.003502299834138752,0.005670468536959144,30,0.3,multiplied by true event sign; positive is event-congruent
event_aligned,reduced_reliability,object_event,sign_normalized_previsual_object,0.3486796144515187,0.3084897888937589,0.38113986173149556,30,0.3,multiplied by true event sign; positive is event-congruent
event_aligned,reduced_reliability,object_event,sign_normalized_posterior_object,0.3499258563919099,0.30834194099749457,0.3839173185385386,30,0.3,multiplied by true event sign; positive is event-congruent
event_aligned,reduced_reliability,object_event,cumulative_sign_normalized_correction,0.31155322059891816,0.26490221763525246,0.35976854589521695,30,0.3,multiplied by true event sign; positive is event-congruent
event_aligned,reduced_reliability,object_event,sign_normalized_subsequent_predicted_object,0.3499258563919099,0.30950218010894276,0.38421578999656,30,0.3,multiplied by true event sign; positive is event-congruent
event_aligned,reduced_reliability,object_event,sign_normalized_innovation,-0.0064240565106245835,-0.02411127231144118,0.011749430105729907,30,0.31,multiplied by true event sign; positive is event-congruent
event_aligned,reduced_reliability,object_event,object_gain,0.2630120017779219,0.26297405627086406,0.26304933231311267,30,0.31,multiplied by true event sign; positive is event-congruent
event_aligned,reduced_reliability,object_event,sign_normalized_correction,-0.0016893946683905702,-0.006405115878953053,0.0030884636028024547,30,0.31,multiplied by true event sign; positive is event-congruent
event_aligned,reduced_reliability,object_event,sign_normalized_previsual_object,0.35310869052589866,0.31179243501807274,0.3865852934161819,30,0.31,multiplied by true event sign; positive is event-congruent
event_aligned,reduced_reliability,object_event,sign_normalized_posterior_object,0.35141929585750814,0.3107359866230115,0.38565818430993604,30,0.31,multiplied by true event sign; positive is event-congruent
event_aligned,reduced_reliability,object_event,cumulative_sign_normalized_correction,0.3098638259305275,0.26151638758312823,0.35972116307406626,30,0.31,multiplied by true event sign; positive is event-congruent
event_aligned,reduced_reliability,object_event,sign_normalized_subsequent_predicted_object,0.35141929585750814,0.30935609609533615,0.3851819859041647,30,0.31,multiplied by true event sign; positive is event-congruent
event_aligned,reduced_reliability,object_event,sign_normalized_innovation,0.01127123672628882,-0.012512856593910727,0.03414115968815879,30,0.32,multiplied by true event sign; positive is event-congruent
event_aligned,reduced_reliability,object_event,object_gain,0.26299828477143444,0.2629577135666617,0.2630380945623646,30,0.32,multiplied by true event sign; positive is event-congruent
event_aligned,reduced_reliability,object_event,sign_normalized_correction,0.002960626810815528,-0.0034012946044150454,0.008906461821285733,30,0.32,multiplied by true event sign; positive is event-congruent
event_aligned,reduced_reliability,object_event,sign_normalized_previsual_object,0.3515002796830109,0.31033992821346323,0.3851895910879619,30,0.32,multiplied by true event sign; positive is event-congruent
event_aligned,reduced_reliability,object_event,sign_normalized_posterior_object,0.3544609064938264,0.31328828026597816,0.3876189689511717,30,0.32,multiplied by true event sign; positive is event-congruent
event_aligned,reduced_reliability,object_event,cumulative_sign_normalized_correction,0.3128244527413432,0.2623117950815309,0.36393141700561665,30,0.32,multiplied by true event sign; positive is event-congruent
event_aligned,reduced_reliability,object_event,sign_normalized_subsequent_predicted_object,0.3544609064938264,0.3134150270673441,0.387436963578231,30,0.32,multiplied by true event sign; positive is event-congruent
event_aligned,reduced_reliability,object_event,sign_normalized_innovation,-0.008298449719461127,-0.030594563319241055,0.01289904615496873,30,0.33,multiplied by true event sign; positive is event-congruent
event_aligned,reduced_reliability,object_event,object_gain,0.26299159781258635,0.2629434738407753,0.2630403455323557,30,0.33,multiplied by true event sign; positive is event-congruent
event_aligned,reduced_reliability,object_event,sign_normalized_correction,-0.0021840397535926952,-0.007872041597211459,0.003525039851427862,30,0.33,multiplied by true event sign; positive is event-congruent
event_aligned,reduced_reliability,object_event,sign_normalized_previsual_object,0.35288587319894194,0.3125884303495323,0.3852906378299751,30,0.33,multiplied by true event sign; positive is event-congruent
event_aligned,reduced_reliability,object_event,sign_normalized_posterior_object,0.3507018334453492,0.3096386201538604,0.3862503682858232,30,0.33,multiplied by true event sign; positive is event-congruent
event_aligned,reduced_reliability,object_event,cumulative_sign_normalized_correction,0.3106404129877505,0.25800528618174795,0.364020478952125,30,0.33,multiplied by true event sign; positive is event-congruent
event_aligned,reduced_reliability,object_event,sign_normalized_subsequent_predicted_object,0.3507018334453492,0.3097086112045987,0.385879787714018,30,0.33,multiplied by true event sign; positive is event-congruent
event_aligned,reduced_reliability,object_event,sign_normalized_innovation,-0.004495234704994203,-0.04917626383885863,0.03162663717809275,30,0.34,multiplied by true event sign; positive is event-congruent
event_aligned,reduced_reliability,object_event,object_gain,0.26297903868593364,0.2629252078740944,0.26303158600055665,30,0.34,multiplied by true event sign; positive is event-congruent
event_aligned,reduced_reliability,object_event,sign_normalized_correction,-0.001182737169718913,-0.012801347816620052,0.008350534001256658,30,0.34,multiplied by true event sign; positive is event-congruent
event_aligned,reduced_reliability,object_event,sign_normalized_previsual_object,0.3508745516217609,0.3091829037752746,0.3847523582770143,30,0.34,multiplied by true event sign; positive is event-congruent
event_aligned,reduced_reliability,object_event,sign_normalized_posterior_object,0.349691814452042,0.3055578021380372,0.38688892548822423,30,0.34,multiplied by true event sign; positive is event-congruent
event_aligned,reduced_reliability,object_event,cumulative_sign_normalized_correction,0.3094576758180316,0.2564172410174707,0.36478978258227723,30,0.34,multiplied by true event sign; positive is event-congruent
event_aligned,reduced_reliability,object_event,sign_normalized_subsequent_predicted_object,0.349691814452042,0.3051084298844657,0.38634537941172875,30,0.34,multiplied by true event sign; positive is event-congruent
event_aligned,reduced_reliability,object_event,sign_normalized_innovation,-0.02409146838570947,-0.05165201065862586,0.0030574719072263396,30,0.35000000000000003,multiplied by true event sign; positive is event-congruent
event_aligned,reduced_reliability,object_event,object_gain,0.26299109591688796,0.26292060971577214,0.26306172401319206,30,0.35000000000000003,multiplied by true event sign; positive is event-congruent
event_aligned,reduced_reliability,object_event,sign_normalized_correction,-0.006328810733683481,-0.01356922546907189,0.0007543463844977441,30,0.35000000000000003,multiplied by true event sign; positive is event-congruent
event_aligned,reduced_reliability,object_event,sign_normalized_previsual_object,0.3496344801461429,0.30439361752990185,0.3861938457148,30,0.35000000000000003,multiplied by true event sign; positive is event-congruent
event_aligned,reduced_reliability,object_event,sign_normalized_posterior_object,0.3433056694124594,0.2994458414367898,0.38084712258875186,30,0.35000000000000003,multiplied by true event sign; positive is event-congruent
event_aligned,reduced_reliability,object_event,cumulative_sign_normalized_correction,0.30312886508434805,0.24912143624910302,0.3582747016056144,30,0.35000000000000003,multiplied by true event sign; positive is event-congruent
event_aligned,reduced_reliability,object_event,sign_normalized_subsequent_predicted_object,0.3433056694124594,0.29858082855452533,0.3807138330238025,30,0.35000000000000003,multiplied by true event sign; positive is event-congruent
event_aligned,reduced_reliability,object_event,sign_normalized_innovation,-0.009580824882256997,-0.03447334479623662,0.017559153332507266,30,0.36,multiplied by true event sign; positive is event-congruent
event_aligned,reduced_reliability,object_event,object_gain,0.2629538459896517,0.26289370855188204,0.26301222245375805,30,0.36,multiplied by true event sign; positive is event-congruent
event_aligned,reduced_reliability,object_event,sign_normalized_correction,-0.002521213345989729,-0.00896475612622891,0.004454257953692595,30,0.36,multiplied by true event sign; positive is event-congruent
event_aligned,reduced_reliability,object_event,sign_normalized_previsual_object,0.3434669735055757,0.29955085061475634,0.3811236413248679,30,0.36,multiplied by true event sign; positive is event-congruent
event_aligned,reduced_reliability,object_event,sign_normalized_posterior_object,0.34094576015958594,0.2963744713957106,0.37870542279839203,30,0.36,multiplied by true event sign; positive is event-congruent
event_aligned,reduced_reliability,object_event,cumulative_sign_normalized_correction,0.3006076517383583,0.24421724433921135,0.3577742693509152,30,0.36,multiplied by true event sign; positive is event-congruent
event_aligned,reduced_reliability,object_event,sign_normalized_subsequent_predicted_object,0.34094576015958594,0.2961618516503047,0.37870987121782423,30,0.36,multiplied by true event sign; positive is event-congruent
event_aligned,reduced_reliability,object_event,sign_normalized_innovation,0.009677783077342777,-0.012809014829320446,0.03265470472848911,30,0.37,multiplied by true event sign; positive is event-congruent
event_aligned,reduced_reliability,object_event,object_gain,0.2629569561106481,0.26291033491921884,0.26300221668817875,30,0.37,multiplied by true event sign; positive is event-congruent
event_aligned,reduced_reliability,object_event,sign_normalized_correction,0.0025477507252358133,-0.003441487716641321,0.00847139270178553,30,0.37,multiplied by true event sign; positive is event-congruent
event_aligned,reduced_reliability,object_event,sign_normalized_previsual_object,0.34035458512617967,0.2953943639850555,0.3789606350339072,30,0.37,multiplied by true event sign; positive is event-congruent
event_aligned,reduced_reliability,object_event,sign_normalized_posterior_object,0.3429023358514155,0.2996039711670597,0.3814378087435929,30,0.37,multiplied by true event sign; positive is event-congruent
event_aligned,reduced_reliability,object_event,cumulative_sign_normalized_correction,0.3031554024635941,0.24760783753289617,0.36036122405693677,30,0.37,multiplied by true event sign; positive is event-congruent
event_aligned,reduced_reliability,object_event,sign_normalized_subsequent_predicted_object,0.3429023358514155,0.29878750647230523,0.3813282982606609,30,0.37,multiplied by true event sign; positive is event-congruent
event_aligned,reduced_reliability,object_event,sign_normalized_innovation,-0.028164369669466408,-0.09029445733865434,0.017641596110122948,30,0.38,multiplied by true event sign; positive is event-congruent
event_aligned,reduced_reliability,object_event,object_gain,0.262973952006816,0.26292581286300115,0.2630188814141905,30,0.38,multiplied by true event sign; positive is event-congruent
event_aligned,reduced_reliability,object_event,sign_normalized_correction,-0.007407717906710438,-0.02433604560504768,0.004449800647364946,30,0.38,multiplied by true event sign; positive is event-congruent
event_aligned,reduced_reliability,object_event,sign_normalized_previsual_object,0.3402120494432195,0.29515186069412086,0.37838769661513616,30,0.38,multiplied by true event sign; positive is event-congruent
event_aligned,reduced_reliability,object_event,sign_normalized_posterior_object,0.33280433153650907,0.28653550683330936,0.374838535041309,30,0.38,multiplied by true event sign; positive is event-congruent
event_aligned,reduced_reliability,object_event,cumulative_sign_normalized_correction,0.29574768455688366,0.23260617451259347,0.35771258241684434,30,0.38,multiplied by true event sign; positive is event-congruent
event_aligned,reduced_reliability,object_event,sign_normalized_subsequent_predicted_object,0.33280433153650907,0.28629790891752666,0.3738651792540317,30,0.38,multiplied by true event sign; positive is event-congruent
event_aligned,reduced_reliability,object_event,sign_normalized_innovation,-0.026621159832739615,-0.07081867447161677,0.0051879773686717996,30,0.39,multiplied by true event sign; positive is event-congruent
event_aligned,reduced_reliability,object_event,object_gain,0.2629773545326147,0.2629147766257877,0.26303785107159816,30,0.39,multiplied by true event sign; positive is event-congruent
event_aligned,reduced_reliability,object_event,sign_normalized_correction,-0.006989428370586056,-0.01851384843209823,0.001309087723432864,30,0.39,multiplied by true event sign; positive is event-congruent
event_aligned,reduced_reliability,object_event,sign_normalized_previsual_object,0.3321173633849805,0.286623304643178,0.3727482234291488,30,0.39,multiplied by true event sign; positive is event-congruent
event_aligned,reduced_reliability,object_event,sign_normalized_posterior_object,0.32512793501439446,0.2770076924161436,0.36801804438990976,30,0.39,multiplied by true event sign; positive is event-congruent
event_aligned,reduced_reliability,object_event,cumulative_sign_normalized_correction,0.28875825618629763,0.22046099115596154,0.35257500304848916,30,0.39,multiplied by true event sign; positive is event-congruent
event_aligned,reduced_reliability,object_event,sign_normalized_subsequent_predicted_object,0.32512793501439446,0.27778258155789004,0.36880550312328386,30,0.39,multiplied by true event sign; positive is event-congruent
event_aligned,reduced_reliability,object_event,sign_normalized_innovation,-0.018665452570608313,-0.05145924747844677,0.006976229076484579,30,0.4,multiplied by true event sign; positive is event-congruent
event_aligned,reduced_reliability,object_event,object_gain,0.2629832328868122,0.26292313162065467,0.2630396186424437,30,0.4,multiplied by true event sign; positive is event-congruent
event_aligned,reduced_reliability,object_event,sign_normalized_correction,-0.004904766643232263,-0.013263983532630039,0.001858484147995905,30,0.4,multiplied by true event sign; positive is event-congruent
event_aligned,reduced_reliability,object_event,sign_normalized_previsual_object,0.32417297000665163,0.2755582043392186,0.36660558549687916,30,0.4,multiplied by true event sign; positive is event-congruent
event_aligned,reduced_reliability,object_event,sign_normalized_posterior_object,0.31926820336341943,0.267396288803276,0.3652987272302303,30,0.4,multiplied by true event sign; positive is event-congruent
event_aligned,reduced_reliability,object_event,cumulative_sign_normalized_correction,0.2838534895430653,0.2115964081589013,0.3535752757062332,30,0.4,multiplied by true event sign; positive is event-congruent
event_aligned,reduced_reliability,object_event,sign_normalized_subsequent_predicted_object,0.31926820336341943,0.26695671677853006,0.36564662449153823,30,0.4,multiplied by true event sign; positive is event-congruent
event_aligned,reduced_reliability,object_event,sign_normalized_innovation,-0.006572718086743787,-0.04410218825791957,0.022884311563633568,30,0.41000000000000003,multiplied by true event sign; positive is event-congruent
event_aligned,reduced_reliability,object_event,object_gain,0.262981514078843,0.2629246112422168,0.2630336682351347,30,0.41000000000000003,multiplied by true event sign; positive is event-congruent
event_aligned,reduced_reliability,object_event,sign_normalized_correction,-0.001725788684535129,-0.011719008091032736,0.0059416153077923185,30,0.41000000000000003,multiplied by true event sign; positive is event-congruent
event_aligned,reduced_reliability,object_event,sign_normalized_previsual_object,0.31906662427033,0.2669258369360364,0.3666354369059245,30,0.41000000000000003,multiplied by true event sign; positive is event-congruent
event_aligned,reduced_reliability,object_event,sign_normalized_posterior_object,0.3173408355857948,0.2591812421059365,0.3671256092133479,30,0.41000000000000003,multiplied by true event sign; positive is event-congruent
event_aligned,reduced_reliability,object_event,cumulative_sign_normalized_correction,0.28212770085853023,0.20518412104400832,0.35600482347252954,30,0.41000000000000003,multiplied by true event sign; positive is event-congruent
event_aligned,reduced_reliability,object_event,sign_normalized_subsequent_predicted_object,0.3173408355857948,0.2594695928459526,0.36818263944678215,30,0.41000000000000003,multiplied by true event sign; positive is event-congruent
event_aligned,reduced_reliability,object_event,sign_normalized_innovation,-0.005441799487697086,-0.03207111245862274,0.017787575832670006,30,0.42,multiplied by true event sign; positive is event-congruent
event_aligned,reduced_reliability,object_event,object_gain,0.26298698730152625,0.2629424970054247,0.2630294864150155,30,0.42,multiplied by true event sign; positive is event-congruent
event_aligned,reduced_reliability,object_event,sign_normalized_correction,-0.0014328847019317791,-0.008351040480489945,0.00462653267232561,30,0.42,multiplied by true event sign; positive is event-congruent
event_aligned,reduced_reliability,object_event,sign_normalized_previsual_object,0.3151953537795905,0.2568127140344672,0.36610157468748006,30,0.42,multiplied by true event sign; positive is event-congruent
event_aligned,reduced_reliability,object_event,sign_normalized_posterior_object,0.3137624690776588,0.2536496097256082,0.3647499354830942,30,0.42,multiplied by true event sign; positive is event-congruent
event_aligned,reduced_reliability,object_event,cumulative_sign_normalized_correction,0.2806948161565985,0.2005160592315715,0.3544592615754792,30,0.42,multiplied by true event sign; positive is event-congruent
event_aligned,reduced_reliability,object_event,sign_normalized_subsequent_predicted_object,0.3137624690776588,0.2510520969907081,0.3651937276731612,30,0.42,multiplied by true event sign; positive is event-congruent
event_aligned,reduced_reliability,object_event,sign_normalized_innovation,0.0024297237123947395,-0.019386810406982223,0.023161893667949192,30,0.43,multiplied by true event sign; positive is event-congruent
event_aligned,reduced_reliability,object_event,object_gain,0.2630072992186616,0.26296721811658563,0.26305040168190064,30,0.43,multiplied by true event sign; positive is event-congruent
event_aligned,reduced_reliability,object_event,sign_normalized_correction,0.0006394342491871654,-0.005173231716586611,0.006202327094226924,30,0.43,multiplied by true event sign; positive is event-congruent
event_aligned,reduced_reliability,object_event,sign_normalized_previsual_object,0.3161430515121367,0.25636852918610553,0.36558252888570697,30,0.43,multiplied by true event sign; positive is event-congruent
event_aligned,reduced_reliability,object_event,sign_normalized_posterior_object,0.3167824857613239,0.2521059887469045,0.3709313762118212,30,0.43,multiplied by true event sign; positive is event-congruent
event_aligned,reduced_reliability,object_event,cumulative_sign_normalized_correction,0.2813342504057856,0.19634055161848235,0.3587146024064904,30,0.43,multiplied by true event sign; positive is event-congruent
event_aligned,reduced_reliability,object_event,sign_normalized_subsequent_predicted_object,0.3167824857613239,0.25529405592332116,0.37064611752796023,30,0.43,multiplied by true event sign; positive is event-congruent
event_aligned,reduced_reliability,object_event,sign_normalized_innovation,-0.007392683266689447,-0.02497453837664299,0.00961089320546862,30,0.44,multiplied by true event sign; positive is event-congruent
event_aligned,reduced_reliability,object_event,object_gain,0.2630347024718743,0.2629832929367723,0.26308355853729454,30,0.44,multiplied by true event sign; positive is event-congruent
event_aligned,reduced_reliability,object_event,sign_normalized_correction,-0.0019471245538977184,-0.006614940027141531,0.002452532357948318,30,0.44,multiplied by true event sign; positive is event-congruent
event_aligned,reduced_reliability,object_event,sign_normalized_previsual_object,0.31552008249163177,0.25180372848169513,0.3688821362674525,30,0.44,multiplied by true event sign; positive is event-congruent
event_aligned,reduced_reliability,object_event,sign_normalized_posterior_object,0.3135729579377341,0.25033094245243426,0.3668286904099023,30,0.44,multiplied by true event sign; positive is event-congruent
event_aligned,reduced_reliability,object_event,cumulative_sign_normalized_correction,0.27938712585188796,0.19724906175090523,0.3564927593363776,30,0.44,multiplied by true event sign; positive is event-congruent
event_aligned,reduced_reliability,object_event,sign_normalized_subsequent_predicted_object,0.3135729579377341,0.25137086638375034,0.3664119056958179,30,0.44,multiplied by true event sign; positive is event-congruent
event_aligned,reduced_reliability,object_event,sign_normalized_innovation,0.014105545670086012,-0.007711978286768208,0.0356271980452519,30,0.45,multiplied by true event sign; positive is event-congruent
event_aligned,reduced_reliability,object_event,object_gain,0.2630018066895166,0.2629601924432238,0.263043633961195,30,0.45,multiplied by true event sign; positive is event-congruent
event_aligned,reduced_reliability,object_event,sign_normalized_correction,0.0037074092738231448,-0.0020293165322011458,0.009224743503763202,30,0.45,multiplied by true event sign; positive is event-congruent
event_aligned,reduced_reliability,object_event,sign_normalized_previsual_object,0.31478477512936537,0.25196200894088633,0.36639964700235567,30,0.45,multiplied by true event sign; positive is event-congruent
event_aligned,reduced_reliability,object_event,sign_normalized_posterior_object,0.31849218440318844,0.2557845581556586,0.37007250672906755,30,0.45,multiplied by true event sign; positive is event-congruent
event_aligned,reduced_reliability,object_event,cumulative_sign_normalized_correction,0.2830945351257111,0.19750784711154915,0.358605812100047,30,0.45,multiplied by true event sign; positive is event-congruent
event_aligned,reduced_reliability,object_event,sign_normalized_subsequent_predicted_object,0.31849218440318844,0.25409989884720663,0.37147689258322936,30,0.45,multiplied by true event sign; positive is event-congruent
event_aligned,reduced_reliability,object_event,sign_normalized_innovation,-0.002055354443323762,-0.024795084686123486,0.020629841438733938,30,0.46,multiplied by true event sign; positive is event-congruent
event_aligned,reduced_reliability,object_event,object_gain,0.26300619957292903,0.2629588180660839,0.2630526295826943,30,0.46,multiplied by true event sign; positive is event-congruent
event_aligned,reduced_reliability,object_event,sign_normalized_correction,-0.0005410093929563739,-0.006320915787473178,0.0055722222003932705,30,0.46,multiplied by true event sign; positive is event-congruent
event_aligned,reduced_reliability,object_event,sign_normalized_previsual_object,0.3174736486680146,0.25243462079731166,0.3694156467219911,30,0.46,multiplied by true event sign; positive is event-congruent
event_aligned,reduced_reliability,object_event,sign_normalized_posterior_object,0.3169326392750582,0.25540608722899205,0.36942035603946477,30,0.46,multiplied by true event sign; positive is event-congruent
event_aligned,reduced_reliability,object_event,cumulative_sign_normalized_correction,0.28255352573275466,0.19809031256933804,0.36194000820600747,30,0.46,multiplied by true event sign; positive is event-congruent
event_aligned,reduced_reliability,object_event,sign_normalized_subsequent_predicted_object,0.3169326392750582,0.2533998560020365,0.368663056396738,30,0.46,multiplied by true event sign; positive is event-congruent
event_aligned,reduced_reliability,object_event,sign_normalized_innovation,-0.014776425691101942,-0.03711161661413429,0.0076731575378863786,30,0.47000000000000003,multiplied by true event sign; positive is event-congruent
event_aligned,reduced_reliability,object_event,object_gain,0.26299878019980805,0.2629521865559169,0.263050986743157,30,0.47000000000000003,multiplied by true event sign; positive is event-congruent
event_aligned,reduced_reliability,object_event,sign_normalized_correction,-0.0038863170035864586,-0.009903370928009837,0.0018441664738754297,30,0.47000000000000003,multiplied by true event sign; positive is event-congruent
event_aligned,reduced_reliability,object_event,sign_normalized_previsual_object,0.31592987686749036,0.2511859402171782,0.3685731073873949,30,0.47000000000000003,multiplied by true event sign; positive is event-congruent
event_aligned,reduced_reliability,object_event,sign_normalized_posterior_object,0.312043559863904,0.24486502375962907,0.3664677214212783,30,0.47000000000000003,multiplied by true event sign; positive is event-congruent
event_aligned,reduced_reliability,object_event,cumulative_sign_normalized_correction,0.2786672087291683,0.18989065034661667,0.35992136708159744,30,0.47000000000000003,multiplied by true event sign; positive is event-congruent
event_aligned,reduced_reliability,object_event,sign_normalized_subsequent_predicted_object,0.312043559863904,0.24443026392899472,0.36726856738685937,30,0.47000000000000003,multiplied by true event sign; positive is event-congruent
event_aligned,reduced_reliability,object_event,sign_normalized_innovation,0.0033300327970417196,-0.021072593553406547,0.025588199329806854,30,0.48,multiplied by true event sign; positive is event-congruent
event_aligned,reduced_reliability,object_event,object_gain,0.26299426141782506,0.26294750593442745,0.2630419535978286,30,0.48,multiplied by true event sign; positive is event-congruent
event_aligned,reduced_reliability,object_event,sign_normalized_correction,0.0008758404137070589,-0.0055744161343467,0.006686834382254494,30,0.48,multiplied by true event sign; positive is event-congruent
event_aligned,reduced_reliability,object_event,sign_normalized_previsual_object,0.31313038959464223,0.2472504650971833,0.36891188945894876,30,0.48,multiplied by true event sign; positive is event-congruent
event_aligned,reduced_reliability,object_event,sign_normalized_posterior_object,0.31400623000834926,0.2464637067329336,0.369110197687758,30,0.48,multiplied by true event sign; positive is event-congruent
event_aligned,reduced_reliability,object_event,cumulative_sign_normalized_correction,0.27954304914287526,0.18816826590296004,0.3619675620125897,30,0.48,multiplied by true event sign; positive is event-congruent
event_aligned,reduced_reliability,object_event,sign_normalized_subsequent_predicted_object,0.31400623000834926,0.246723349995722,0.36917871888328785,30,0.48,multiplied by true event sign; positive is event-congruent
event_aligned,reduced_reliability,object_event,sign_normalized_innovation,-0.002568696575210842,-0.022982900985974046,0.01698404508461769,30,0.49,multiplied by true event sign; positive is event-congruent
event_aligned,reduced_reliability,object_event,object_gain,0.2629898120559359,0.2629318899663237,0.2630449093877239,30,0.49,multiplied by true event sign; positive is event-congruent
event_aligned,reduced_reliability,object_event,sign_normalized_correction,-0.0006791797408080975,-0.005981721150339428,0.004436747587423542,30,0.49,multiplied by true event sign; positive is event-congruent
event_aligned,reduced_reliability,object_event,sign_normalized_previsual_object,0.3173021829432698,0.2511917620292825,0.37282868195019997,30,0.49,multiplied by true event sign; positive is event-congruent
event_aligned,reduced_reliability,object_event,sign_normalized_posterior_object,0.31662300320246156,0.2507068008700576,0.3710607792998864,30,0.49,multiplied by true event sign; positive is event-congruent
event_aligned,reduced_reliability,object_event,cumulative_sign_normalized_correction,0.27886386940206714,0.18835274263348242,0.3638490501189079,30,0.49,multiplied by true event sign; positive is event-congruent
event_aligned,reduced_reliability,object_event,sign_normalized_subsequent_predicted_object,0.31662300320246156,0.25175514675975835,0.37249711607038205,30,0.49,multiplied by true event sign; positive is event-congruent
event_aligned,reduced_reliability,object_event,sign_normalized_innovation,0.006326101452191862,-0.01387341338729355,0.02674204378637031,30,0.5,multiplied by true event sign; positive is event-congruent
event_aligned,reduced_reliability,object_event,object_gain,0.26296564612864154,0.2629135080385004,0.2630193769202656,30,0.5,multiplied by true event sign; positive is event-congruent
event_aligned,reduced_reliability,object_event,sign_normalized_correction,0.0016619451262791074,-0.003594963416901285,0.007025612931456164,30,0.5,multiplied by true event sign; positive is event-congruent
event_aligned,reduced_reliability,object_event,sign_normalized_previsual_object,0.3177754804720899,0.24872508653179057,0.37369659585603515,30,0.5,multiplied by true event sign; positive is event-congruent
event_aligned,reduced_reliability,object_event,sign_normalized_posterior_object,0.31943742559836896,0.25217541443831415,0.37421790585989023,30,0.5,multiplied by true event sign; positive is event-congruent
event_aligned,reduced_reliability,object_event,cumulative_sign_normalized_correction,0.2805258145283463,0.18787446847431935,0.3632295647349193,30,0.5,multiplied by true event sign; positive is event-congruent
event_aligned,reduced_reliability,object_event,sign_normalized_subsequent_predicted_object,0.31943742559836896,0.2520054863664569,0.37492011446487167,30,0.5,multiplied by true event sign; positive is event-congruent
event_aligned,reduced_reliability,object_event,sign_normalized_innovation,0.004527133685756985,-0.01461777285436466,0.023249463461022912,30,0.51,multiplied by true event sign; positive is event-congruent
event_aligned,reduced_reliability,object_event,object_gain,0.2629998934250319,0.2629616857897392,0.26303836200527597,30,0.51,multiplied by true event sign; positive is event-congruent
event_aligned,reduced_reliability,object_event,sign_normalized_correction,0.0011906765920001855,-0.0037402297180953964,0.006132970086061005,30,0.51,multiplied by true event sign; positive is event-congruent
event_aligned,reduced_reliability,object_event,sign_normalized_previsual_object,0.31761200965033964,0.2468698104269821,0.3724915758334078,30,0.51,multiplied by true event sign; positive is event-congruent
event_aligned,reduced_reliability,object_event,sign_normalized_posterior_object,0.31880268624233987,0.2512769366764984,0.3739497430809449,30,0.51,multiplied by true event sign; positive is event-congruent
event_aligned,reduced_reliability,object_event,cumulative_sign_normalized_correction,0.28171649112034647,0.1889957539764801,0.3684599784827055,30,0.51,multiplied by true event sign; positive is event-congruent
event_aligned,reduced_reliability,object_event,sign_normalized_subsequent_predicted_object,0.31880268624233987,0.25113763963381475,0.37348431371259794,30,0.51,multiplied by true event sign; positive is event-congruent
event_aligned,reduced_reliability,object_event,sign_normalized_innovation,0.011565607672481095,-0.010308433866049346,0.03548471035797378,30,0.52,multiplied by true event sign; positive is event-congruent
event_aligned,reduced_reliability,object_event,object_gain,0.2629823531274926,0.2629450708176294,0.26302036650658367,30,0.52,multiplied by true event sign; positive is event-congruent
event_aligned,reduced_reliability,object_event,sign_normalized_correction,0.0030419500865866444,-0.002770221829815255,0.009499736812938055,30,0.52,multiplied by true event sign; positive is event-congruent
event_aligned,reduced_reliability,object_event,sign_normalized_previsual_object,0.3157441897630994,0.24722599494423342,0.37061669900027466,30,0.52,multiplied by true event sign; positive is event-congruent
event_aligned,reduced_reliability,object_event,sign_normalized_posterior_object,0.31878613984968607,0.24843403473004416,0.374488122616506,30,0.52,multiplied by true event sign; positive is event-congruent
event_aligned,reduced_reliability,object_event,cumulative_sign_normalized_correction,0.2847584412069331,0.19145367178719916,0.36835802382895705,30,0.52,multiplied by true event sign; positive is event-congruent
event_aligned,reduced_reliability,object_event,sign_normalized_subsequent_predicted_object,0.31878613984968607,0.25021928676178673,0.37429601865244894,30,0.52,multiplied by true event sign; positive is event-congruent
event_aligned,reduced_reliability,object_event,sign_normalized_innovation,-0.002761533456737464,-0.038082784547004166,0.027482858579316413,30,0.53,multiplied by true event sign; positive is event-congruent
event_aligned,reduced_reliability,object_event,object_gain,0.26300282699912836,0.26296110329063893,0.2630487633664978,30,0.53,multiplied by true event sign; positive is event-congruent
event_aligned,reduced_reliability,object_event,sign_normalized_correction,-0.0007256210802770999,-0.009963329435654636,0.007113022527419926,30,0.53,multiplied by true event sign; positive is event-congruent
event_aligned,reduced_reliability,object_event,sign_normalized_previsual_object,0.3193453731959197,0.24917173637894272,0.3749023732327283,30,0.53,multiplied by true event sign; positive is event-congruent
event_aligned,reduced_reliability,object_event,sign_normalized_posterior_object,0.3186197521156426,0.24995735559552928,0.37684075767638053,30,0.53,multiplied by true event sign; positive is event-congruent
event_aligned,reduced_reliability,object_event,cumulative_sign_normalized_correction,0.28403282012665604,0.19315272809575654,0.3694893076026588,30,0.53,multiplied by true event sign; positive is event-congruent
event_aligned,reduced_reliability,object_event,sign_normalized_subsequent_predicted_object,0.3186197521156426,0.25002920692534203,0.37495253169130105,30,0.53,multiplied by true event sign; positive is event-congruent
event_aligned,reduced_reliability,object_event,sign_normalized_innovation,0.00631531842879833,-0.026674473145027553,0.03599457072461258,30,0.54,multiplied by true event sign; positive is event-congruent
event_aligned,reduced_reliability,object_event,object_gain,0.2630420121485673,0.2629969771287876,0.26308976171731335,30,0.54,multiplied by true event sign; positive is event-congruent
event_aligned,reduced_reliability,object_event,sign_normalized_correction,0.0016557217518481414,-0.006973937165224944,0.00915571952712154,30,0.54,multiplied by true event sign; positive is event-congruent
event_aligned,reduced_reliability,object_event,sign_normalized_previsual_object,0.32148232689766554,0.24799283822363075,0.3801225854733725,30,0.54,multiplied by true event sign; positive is event-congruent
event_aligned,reduced_reliability,object_event,sign_normalized_posterior_object,0.32313804864951373,0.24865000572903764,0.38467437665726895,30,0.54,multiplied by true event sign; positive is event-congruent
event_aligned,reduced_reliability,object_event,cumulative_sign_normalized_correction,0.2856885418785042,0.19003861954055884,0.3733269744588214,30,0.54,multiplied by true event sign; positive is event-congruent
event_aligned,reduced_reliability,object_event,sign_normalized_subsequent_predicted_object,0.32313804864951373,0.24902614593169914,0.3843755416218564,30,0.54,multiplied by true event sign; positive is event-congruent
event_aligned,reduced_reliability,object_event,sign_normalized_innovation,-0.007069914366274381,-0.031709699411416874,0.017086336456963357,30,0.55,multiplied by true event sign; positive is event-congruent
event_aligned,reduced_reliability,object_event,object_gain,0.26306820948127785,0.2630092928838402,0.2631312449760515,30,0.55,multiplied by true event sign; positive is event-congruent
event_aligned,reduced_reliability,object_event,sign_normalized_correction,-0.0018675672957055235,-0.008302555604230617,0.004475166520527362,30,0.55,multiplied by true event sign; positive is event-congruent
event_aligned,reduced_reliability,object_event,sign_normalized_previsual_object,0.3188057309337274,0.2447012700065844,0.37967203406049366,30,0.55,multiplied by true event sign; positive is event-congruent
event_aligned,reduced_reliability,object_event,sign_normalized_posterior_object,0.31693816363802185,0.24385833636301643,0.37638987139962743,30,0.55,multiplied by true event sign; positive is event-congruent
event_aligned,reduced_reliability,object_event,cumulative_sign_normalized_correction,0.28382097458279865,0.18765428599510678,0.3713467990437414,30,0.55,multiplied by true event sign; positive is event-congruent
event_aligned,reduced_reliability,object_event,sign_normalized_subsequent_predicted_object,0.31693816363802185,0.24368372536033447,0.37585060215207133,30,0.55,multiplied by true event sign; positive is event-congruent
event_aligned,reduced_reliability,object_event,sign_normalized_innovation,-0.015450304865798712,-0.035001809454026506,0.005630896863162448,30,0.56,multiplied by true event sign; positive is event-congruent
event_aligned,reduced_reliability,object_event,object_gain,0.2630481507565689,0.26299222575782094,0.2631147116404565,30,0.56,multiplied by true event sign; positive is event-congruent
event_aligned,reduced_reliability,object_event,sign_normalized_correction,-0.004075962158628904,-0.009265506093344839,0.0014645845097239828,30,0.56,multiplied by true event sign; positive is event-congruent
event_aligned,reduced_reliability,object_event,sign_normalized_previsual_object,0.31621712948372777,0.24214700307549794,0.37656797994030217,30,0.56,multiplied by true event sign; positive is event-congruent
event_aligned,reduced_reliability,object_event,sign_normalized_posterior_object,0.3121411673250989,0.23796464469387366,0.37419548433804106,30,0.56,multiplied by true event sign; positive is event-congruent
event_aligned,reduced_reliability,object_event,cumulative_sign_normalized_correction,0.27974501242416977,0.18345363136341172,0.37041933917541103,30,0.56,multiplied by true event sign; positive is event-congruent
event_aligned,reduced_reliability,object_event,sign_normalized_subsequent_predicted_object,0.3121411673250989,0.23699473584484287,0.37319967100420576,30,0.56,multiplied by true event sign; positive is event-congruent
event_aligned,reduced_reliability,object_event,sign_normalized_innovation,-0.022864142708950413,-0.0515919951663998,0.0030348405334893903,30,0.5700000000000001,multiplied by true event sign; positive is event-congruent
event_aligned,reduced_reliability,object_event,object_gain,0.2630027068291506,0.26294728464294376,0.26307008138833093,30,0.5700000000000001,multiplied by true event sign; positive is event-congruent
event_aligned,reduced_reliability,object_event,sign_normalized_correction,-0.00601648742812704,-0.013642359192140342,0.000913555033693552,30,0.5700000000000001,multiplied by true event sign; positive is event-congruent
event_aligned,reduced_reliability,object_event,sign_normalized_previsual_object,0.31174982635551,0.23668185588238538,0.36977308097944417,30,0.5700000000000001,multiplied by true event sign; positive is event-congruent
event_aligned,reduced_reliability,object_event,sign_normalized_posterior_object,0.30573333892738297,0.23429846152010744,0.36515269365983505,30,0.5700000000000001,multiplied by true event sign; positive is event-congruent
event_aligned,reduced_reliability,object_event,cumulative_sign_normalized_correction,0.27372852499604267,0.17695749159179566,0.36528068255351664,30,0.5700000000000001,multiplied by true event sign; positive is event-congruent
event_aligned,reduced_reliability,object_event,sign_normalized_subsequent_predicted_object,0.30573333892738297,0.23400802528242298,0.36689420950135976,30,0.5700000000000001,multiplied by true event sign; positive is event-congruent
event_aligned,reduced_reliability,object_event,sign_normalized_innovation,0.025944664435837483,-0.00040075429189907063,0.053240637925838816,30,0.58,multiplied by true event sign; positive is event-congruent
event_aligned,reduced_reliability,object_event,object_gain,0.2629977494468219,0.2629412768531113,0.2630626646346092,30,0.58,multiplied by true event sign; positive is event-congruent
event_aligned,reduced_reliability,object_event,sign_normalized_correction,0.006820928732685646,2.3505194237577976e-05,0.014208073009705934,30,0.58,multiplied by true event sign; positive is event-congruent
event_aligned,reduced_reliability,object_event,sign_normalized_previsual_object,0.30935757969885114,0.23475101374256221,0.37142137736852393,30,0.58,multiplied by true event sign; positive is event-congruent
event_aligned,reduced_reliability,object_event,sign_normalized_posterior_object,0.3161785084315367,0.24453096406874084,0.37621878012323173,30,0.58,multiplied by true event sign; positive is event-congruent
event_aligned,reduced_reliability,object_event,cumulative_sign_normalized_correction,0.28054945372872836,0.1837688842237287,0.37328504032413795,30,0.58,multiplied by true event sign; positive is event-congruent
event_aligned,reduced_reliability,object_event,sign_normalized_subsequent_predicted_object,0.3161785084315367,0.24622559879295838,0.3774166037412083,30,0.58,multiplied by true event sign; positive is event-congruent
event_aligned,reduced_reliability,object_event,sign_normalized_innovation,-0.009988257624086736,-0.03140084224337468,0.011018442388084715,30,0.59,multiplied by true event sign; positive is event-congruent
event_aligned,reduced_reliability,object_event,object_gain,0.2630188612105847,0.2629612514521471,0.2630858175292368,30,0.59,multiplied by true event sign; positive is event-congruent
event_aligned,reduced_reliability,object_event,sign_normalized_correction,-0.002633290580634279,-0.008242246761324358,0.003049303429863432,30,0.59,multiplied by true event sign; positive is event-congruent
event_aligned,reduced_reliability,object_event,sign_normalized_previsual_object,0.3162386338782913,0.24353364134506011,0.37645941784141723,30,0.59,multiplied by true event sign; positive is event-congruent
event_aligned,reduced_reliability,object_event,sign_normalized_posterior_object,0.31360534329765716,0.23946359162800795,0.37568534824395544,30,0.59,multiplied by true event sign; positive is event-congruent
event_aligned,reduced_reliability,object_event,cumulative_sign_normalized_correction,0.2779161631480941,0.17962709403637075,0.368719215129844,30,0.59,multiplied by true event sign; positive is event-congruent
event_aligned,reduced_reliability,object_event,sign_normalized_subsequent_predicted_object,0.31360534329765716,0.24118817883046692,0.3767492071600904,30,0.59,multiplied by true event sign; positive is event-congruent
event_aligned,reduced_reliability,object_event,sign_normalized_innovation,-0.025730408187730487,-0.04532102887700318,-0.005837310647676945,30,0.6,multiplied by true event sign; positive is event-congruent
event_aligned,reduced_reliability,object_event,object_gain,0.26301966708996244,0.26296997715682713,0.2630745114183829,30,0.6,multiplied by true event sign; positive is event-congruent
event_aligned,reduced_reliability,object_event,sign_normalized_correction,-0.006768696033685947,-0.011990271351263558,-0.0015753686355604872,30,0.6,multiplied by true event sign; positive is event-congruent
event_aligned,reduced_reliability,object_event,sign_normalized_previsual_object,0.3123254812867635,0.2367448448216561,0.3761841774815529,30,0.6,multiplied by true event sign; positive is event-congruent
event_aligned,reduced_reliability,object_event,sign_normalized_posterior_object,0.30555678525307756,0.2287193846388754,0.3698305405321289,30,0.6,multiplied by true event sign; positive is event-congruent
event_aligned,reduced_reliability,object_event,cumulative_sign_normalized_correction,0.2711474671144081,0.17250065874606826,0.36323913778926586,30,0.6,multiplied by true event sign; positive is event-congruent
event_aligned,reduced_reliability,object_event,sign_normalized_subsequent_predicted_object,0.30555678525307756,0.22706725780366774,0.36955272621379176,30,0.6,multiplied by true event sign; positive is event-congruent
event_aligned,reduced_reliability,object_event,sign_normalized_innovation,0.006609135466327341,-0.014050039857163526,0.02733172917643089,30,0.61,multiplied by true event sign; positive is event-congruent
event_aligned,reduced_reliability,object_event,object_gain,0.26302181400462793,0.2629732495753717,0.26307578817578986,30,0.61,multiplied by true event sign; positive is event-congruent
event_aligned,reduced_reliability,object_event,sign_normalized_correction,0.0017373230293746878,-0.0037645541339214154,0.007181152878650774,30,0.61,multiplied by true event sign; positive is event-congruent
event_aligned,reduced_reliability,object_event,sign_normalized_previsual_object,0.30211986405200025,0.22200575715587628,0.3664915517244163,30,0.61,multiplied by true event sign; positive is event-congruent
event_aligned,reduced_reliability,object_event,sign_normalized_posterior_object,0.303857187081375,0.22530709084051415,0.3680889240111773,30,0.61,multiplied by true event sign; positive is event-congruent
event_aligned,reduced_reliability,object_event,cumulative_sign_normalized_correction,0.2728847901437828,0.17300892432710618,0.3683001124177951,30,0.61,multiplied by true event sign; positive is event-congruent
event_aligned,reduced_reliability,object_event,sign_normalized_subsequent_predicted_object,0.303857187081375,0.2284081096312424,0.36806818307035116,30,0.61,multiplied by true event sign; positive is event-congruent
event_aligned,reduced_reliability,object_event,sign_normalized_innovation,-0.009581980569032707,-0.027450632534108597,0.009104507979633622,30,0.62,multiplied by true event sign; positive is event-congruent
event_aligned,reduced_reliability,object_event,object_gain,0.2630075952477808,0.26295331619533785,0.26306387889823046,30,0.62,multiplied by true event sign; positive is event-congruent
event_aligned,reduced_reliability,object_event,sign_normalized_correction,-0.0025228975850174495,-0.007139635708873295,0.0024522845117010686,30,0.62,multiplied by true event sign; positive is event-congruent
event_aligned,reduced_reliability,object_event,sign_normalized_previsual_object,0.305234096954019,0.22965264135611424,0.3687236848822637,30,0.62,multiplied by true event sign; positive is event-congruent
event_aligned,reduced_reliability,object_event,sign_normalized_posterior_object,0.30271119936900154,0.22508200226503375,0.3669245382002588,30,0.62,multiplied by true event sign; positive is event-congruent
event_aligned,reduced_reliability,object_event,cumulative_sign_normalized_correction,0.27036189255876536,0.16719520237844004,0.3663017698726883,30,0.62,multiplied by true event sign; positive is event-congruent
event_aligned,reduced_reliability,object_event,sign_normalized_subsequent_predicted_object,0.30271119936900154,0.2268297208282837,0.36813435232930986,30,0.62,multiplied by true event sign; positive is event-congruent
event_aligned,reduced_reliability,object_event,sign_normalized_innovation,0.0035773093899567686,-0.020478661190458623,0.026984711396849763,30,0.63,multiplied by true event sign; positive is event-congruent
event_aligned,reduced_reliability,object_event,object_gain,0.2629892572337559,0.26294093601417146,0.2630370015681556,30,0.63,multiplied by true event sign; positive is event-congruent
event_aligned,reduced_reliability,object_event,sign_normalized_correction,0.0009401101726557077,-0.005187477815991108,0.007175131316441641,30,0.63,multiplied by true event sign; positive is event-congruent
event_aligned,reduced_reliability,object_event,sign_normalized_previsual_object,0.3055206809764003,0.22685676667724602,0.37029302276793236,30,0.63,multiplied by true event sign; positive is event-congruent
event_aligned,reduced_reliability,object_event,sign_normalized_posterior_object,0.30646079114905594,0.22825649678487958,0.37217883526313905,30,0.63,multiplied by true event sign; positive is event-congruent
event_aligned,reduced_reliability,object_event,cumulative_sign_normalized_correction,0.2713020027314211,0.1724392782819969,0.36634468093637557,30,0.63,multiplied by true event sign; positive is event-congruent
event_aligned,reduced_reliability,object_event,sign_normalized_subsequent_predicted_object,0.30646079114905594,0.22869942976744434,0.37129328872200157,30,0.63,multiplied by true event sign; positive is event-congruent
event_aligned,reduced_reliability,object_event,sign_normalized_innovation,-0.007676458747477253,-0.028083748080418205,0.012771413670264008,30,0.64,multiplied by true event sign; positive is event-congruent
event_aligned,reduced_reliability,object_event,object_gain,0.26300510867011295,0.26295666164503595,0.2630556859224022,30,0.64,multiplied by true event sign; positive is event-congruent
event_aligned,reduced_reliability,object_event,sign_normalized_correction,-0.0020176478108051687,-0.007310236258854713,0.0032581283003387702,30,0.64,multiplied by true event sign; positive is event-congruent
event_aligned,reduced_reliability,object_event,sign_normalized_previsual_object,0.30798519801973995,0.2311699691242575,0.37228257242633245,30,0.64,multiplied by true event sign; positive is event-congruent
event_aligned,reduced_reliability,object_event,sign_normalized_posterior_object,0.30596755020893485,0.22759931061066133,0.3703657043815504,30,0.64,multiplied by true event sign; positive is event-congruent
event_aligned,reduced_reliability,object_event,cumulative_sign_normalized_correction,0.2692843549206159,0.16990988634810403,0.36755064581988844,30,0.64,multiplied by true event sign; positive is event-congruent
event_aligned,reduced_reliability,object_event,sign_normalized_subsequent_predicted_object,0.30596755020893485,0.22978911271891134,0.3710561427508593,30,0.64,multiplied by true event sign; positive is event-congruent
event_aligned,reduced_reliability,object_event,sign_normalized_innovation,0.004357176402822238,-0.020637846171204288,0.030654272261868253,30,0.65,multiplied by true event sign; positive is event-congruent
event_aligned,reduced_reliability,object_event,object_gain,0.2630094154752343,0.2629582330935799,0.26306182517985016,30,0.65,multiplied by true event sign; positive is event-congruent
event_aligned,reduced_reliability,object_event,sign_normalized_correction,0.001151581544032155,-0.0051922924892660845,0.008009617452724944,30,0.65,multiplied by true event sign; positive is event-congruent
event_aligned,reduced_reliability,object_event,sign_normalized_previsual_object,0.30671050759690566,0.22991009478530608,0.36925078629478364,30,0.65,multiplied by true event sign; positive is event-congruent
event_aligned,reduced_reliability,object_event,sign_normalized_posterior_object,0.3078620891409379,0.2328969166840423,0.36942336553669874,30,0.65,multiplied by true event sign; positive is event-congruent
event_aligned,reduced_reliability,object_event,cumulative_sign_normalized_correction,0.2704359364646481,0.1692920154907142,0.36949364240722044,30,0.65,multiplied by true event sign; positive is event-congruent
event_aligned,reduced_reliability,object_event,sign_normalized_subsequent_predicted_object,0.3078620891409379,0.23299067307698312,0.3720240247419409,30,0.65,multiplied by true event sign; positive is event-congruent
event_aligned,reduced_reliability,object_event,sign_normalized_innovation,0.01409406650089028,-0.00786434202326274,0.037433074244663245,30,0.66,multiplied by true event sign; positive is event-congruent
event_aligned,reduced_reliability,object_event,object_gain,0.2630279799139024,0.2629641138952631,0.26310254663091354,30,0.66,multiplied by true event sign; positive is event-congruent
event_aligned,reduced_reliability,object_event,sign_normalized_correction,0.003706221185253377,-0.0022120898940537087,0.00978911267437612,30,0.66,multiplied by true event sign; positive is event-congruent
event_aligned,reduced_reliability,object_event,sign_normalized_previsual_object,0.307633122820228,0.2330622141309851,0.37061343645715733,30,0.66,multiplied by true event sign; positive is event-congruent
event_aligned,reduced_reliability,object_event,sign_normalized_posterior_object,0.3113393440054814,0.23525549542898835,0.37379347868881524,30,0.66,multiplied by true event sign; positive is event-congruent
event_aligned,reduced_reliability,object_event,cumulative_sign_normalized_correction,0.2741421576499014,0.17132765218561272,0.3727302136446828,30,0.66,multiplied by true event sign; positive is event-congruent
event_aligned,reduced_reliability,object_event,sign_normalized_subsequent_predicted_object,0.3113393440054814,0.23737051719065613,0.37245940177205616,30,0.66,multiplied by true event sign; positive is event-congruent
event_aligned,reduced_reliability,object_event,sign_normalized_innovation,-0.007013808759716408,-0.029030579841913217,0.01565905456902402,30,0.67,multiplied by true event sign; positive is event-congruent
event_aligned,reduced_reliability,object_event,object_gain,0.2630434003093518,0.26298077122326546,0.26311952301644126,30,0.67,multiplied by true event sign; positive is event-congruent
event_aligned,reduced_reliability,object_event,sign_normalized_correction,-0.001844974083770816,-0.007672278377113884,0.00405028866938378,30,0.67,multiplied by true event sign; positive is event-congruent
event_aligned,reduced_reliability,object_event,sign_normalized_previsual_object,0.3111318143757625,0.23512909251726496,0.3726139656153242,30,0.67,multiplied by true event sign; positive is event-congruent
event_aligned,reduced_reliability,object_event,sign_normalized_posterior_object,0.3092868402919917,0.23280959856994962,0.3726624675273925,30,0.67,multiplied by true event sign; positive is event-congruent
event_aligned,reduced_reliability,object_event,cumulative_sign_normalized_correction,0.2722971835661306,0.1681638796747569,0.3718794231485459,30,0.67,multiplied by true event sign; positive is event-congruent
event_aligned,reduced_reliability,object_event,sign_normalized_subsequent_predicted_object,0.3092868402919917,0.22981620206767325,0.3736329620442279,30,0.67,multiplied by true event sign; positive is event-congruent
event_aligned,reduced_reliability,object_event,sign_normalized_innovation,0.010894490064166778,-0.010822734170852256,0.03161737283248906,30,0.68,multiplied by true event sign; positive is event-congruent
event_aligned,reduced_reliability,object_event,object_gain,0.26303394242348016,0.2629881257380431,0.26307940824015635,30,0.68,multiplied by true event sign; positive is event-congruent
event_aligned,reduced_reliability,object_event,sign_normalized_correction,0.0028617230171402307,-0.00284182714226171,0.008343466973332379,30,0.68,multiplied by true event sign; positive is event-congruent
event_aligned,reduced_reliability,object_event,sign_normalized_previsual_object,0.31003010165833716,0.2329999979207993,0.3722136661344549,30,0.68,multiplied by true event sign; positive is event-congruent
event_aligned,reduced_reliability,object_event,sign_normalized_posterior_object,0.3128918246754773,0.23730271719149626,0.3757091643531235,30,0.68,multiplied by true event sign; positive is event-congruent
event_aligned,reduced_reliability,object_event,cumulative_sign_normalized_correction,0.27515890658327086,0.17188711648611338,0.37565005562843007,30,0.68,multiplied by true event sign; positive is event-congruent
event_aligned,reduced_reliability,object_event,sign_normalized_subsequent_predicted_object,0.3128918246754773,0.23546371300973576,0.3759090830037161,30,0.68,multiplied by true event sign; positive is event-congruent
event_aligned,reduced_reliability,object_event,sign_normalized_innovation,0.00716829486622613,-0.01582606356795695,0.030190512288572433,30,0.6900000000000001,multiplied by true event sign; positive is event-congruent
event_aligned,reduced_reliability,object_event,object_gain,0.26303129587950824,0.2629927572807667,0.26307176357778456,30,0.6900000000000001,multiplied by true event sign; positive is event-congruent
event_aligned,reduced_reliability,object_event,sign_normalized_correction,0.0018828330072845913,-0.004006514567181398,0.007796558556356151,30,0.6900000000000001,multiplied by true event sign; positive is event-congruent
event_aligned,reduced_reliability,object_event,sign_normalized_previsual_object,0.31056141260362075,0.23467144299118364,0.3746848431917237,30,0.6900000000000001,multiplied by true event sign; positive is event-congruent
event_aligned,reduced_reliability,object_event,sign_normalized_posterior_object,0.31244424561090534,0.23405362843324598,0.3774163912670992,30,0.6900000000000001,multiplied by true event sign; positive is event-congruent
event_aligned,reduced_reliability,object_event,cumulative_sign_normalized_correction,0.27704173959055545,0.17359724092297668,0.3793001692615091,30,0.6900000000000001,multiplied by true event sign; positive is event-congruent
event_aligned,reduced_reliability,object_event,sign_normalized_subsequent_predicted_object,0.31244424561090534,0.2347206380930953,0.37563956919870545,30,0.6900000000000001,multiplied by true event sign; positive is event-congruent
event_aligned,reduced_reliability,object_event,sign_normalized_innovation,-0.010842230759920966,-0.035447407057192654,0.015538916646013567,30,0.7000000000000001,multiplied by true event sign; positive is event-congruent
event_aligned,reduced_reliability,object_event,object_gain,0.26301541551239815,0.2629690697009636,0.26306558388598816,30,0.7000000000000001,multiplied by true event sign; positive is event-congruent
event_aligned,reduced_reliability,object_event,sign_normalized_correction,-0.002850433997379884,-0.009224722515864276,0.003914169259695185,30,0.7000000000000001,multiplied by true event sign; positive is event-congruent
event_aligned,reduced_reliability,object_event,sign_normalized_previsual_object,0.3112220355791061,0.23380482462075017,0.3755526753692226,30,0.7000000000000001,multiplied by true event sign; positive is event-congruent
event_aligned,reduced_reliability,object_event,sign_normalized_posterior_object,0.30837160158172633,0.23490033939799113,0.37083940463284615,30,0.7000000000000001,multiplied by true event sign; positive is event-congruent
event_aligned,reduced_reliability,object_event,cumulative_sign_normalized_correction,0.27419130559317556,0.17211967670500727,0.37549380748760913,30,0.7000000000000001,multiplied by true event sign; positive is event-congruent
event_aligned,reduced_reliability,object_event,sign_normalized_subsequent_predicted_object,0.30837160158172633,0.2341591503730426,0.3700686310934429,30,0.7000000000000001,multiplied by true event sign; positive is event-congruent
event_aligned,reduced_reliability,object_event,sign_normalized_innovation,-0.0007067631766735266,-0.023122264260214197,0.02253121768794186,30,0.71,multiplied by true event sign; positive is event-congruent
event_aligned,reduced_reliability,object_event,object_gain,0.26297968180573406,0.2629343220104459,0.26302674438542084,30,0.71,multiplied by true event sign; positive is event-congruent
event_aligned,reduced_reliability,object_event,sign_normalized_correction,-0.00018661938316852505,-0.006001780370139491,0.005874267920051531,30,0.71,multiplied by true event sign; positive is event-congruent
event_aligned,reduced_reliability,object_event,sign_normalized_previsual_object,0.31048165842181524,0.2356266065100601,0.3724175901427816,30,0.71,multiplied by true event sign; positive is event-congruent
event_aligned,reduced_reliability,object_event,sign_normalized_posterior_object,0.31029503903864675,0.23387126597576946,0.37363553354467766,30,0.71,multiplied by true event sign; positive is event-congruent
event_aligned,reduced_reliability,object_event,cumulative_sign_normalized_correction,0.27400468621000695,0.16904121746500714,0.37595450596466656,30,0.71,multiplied by true event sign; positive is event-congruent
event_aligned,reduced_reliability,object_event,sign_normalized_subsequent_predicted_object,0.31029503903864675,0.23425558234371746,0.372975772568096,30,0.71,multiplied by true event sign; positive is event-congruent
event_aligned,reduced_reliability,object_event,sign_normalized_innovation,-0.0005729030797746222,-0.027335818020784674,0.024719799947999818,30,0.72,multiplied by true event sign; positive is event-congruent
event_aligned,reduced_reliability,object_event,object_gain,0.26298790343777156,0.2629380152739289,0.26303726622425905,30,0.72,multiplied by true event sign; positive is event-congruent
event_aligned,reduced_reliability,object_event,sign_normalized_correction,-0.0001563656340952264,-0.00712718949388185,0.0065325507989864575,30,0.72,multiplied by true event sign; positive is event-congruent
event_aligned,reduced_reliability,object_event,sign_normalized_previsual_object,0.3101952292765161,0.23458893263724934,0.37534633277763607,30,0.72,multiplied by true event sign; positive is event-congruent
event_aligned,reduced_reliability,object_event,sign_normalized_posterior_object,0.3100388636424209,0.23562867671393486,0.37313752654788795,30,0.72,multiplied by true event sign; positive is event-congruent
event_aligned,reduced_reliability,object_event,cumulative_sign_normalized_correction,0.27384832057591174,0.17010132774995304,0.3750425078176809,30,0.72,multiplied by true event sign; positive is event-congruent
event_aligned,reduced_reliability,object_event,sign_normalized_subsequent_predicted_object,0.3100388636424209,0.2348025206877664,0.3712040558497412,30,0.72,multiplied by true event sign; positive is event-congruent
event_aligned,reduced_reliability,object_event,sign_normalized_innovation,-0.015998605472294744,-0.03455420381507595,0.0019369413305967498,30,0.73,multiplied by true event sign; positive is event-congruent
event_aligned,reduced_reliability,object_event,object_gain,0.2629802552311427,0.2629396043771269,0.2630202425828799,30,0.73,multiplied by true event sign; positive is event-congruent
event_aligned,reduced_reliability,object_event,sign_normalized_correction,-0.004208922851420485,-0.008964713038397628,0.0005997753578887863,30,0.73,multiplied by true event sign; positive is event-congruent
event_aligned,reduced_reliability,object_event,sign_normalized_previsual_object,0.310640152091162,0.2368162427657117,0.37227423722855196,30,0.73,multiplied by true event sign; positive is event-congruent
event_aligned,reduced_reliability,object_event,sign_normalized_posterior_object,0.30643122923974153,0.23070196697211998,0.3693309755358157,30,0.73,multiplied by true event sign; positive is event-congruent
event_aligned,reduced_reliability,object_event,cumulative_sign_normalized_correction,0.2696393977244913,0.16698112756398775,0.3701593897220195,30,0.73,multiplied by true event sign; positive is event-congruent
event_aligned,reduced_reliability,object_event,sign_normalized_subsequent_predicted_object,0.30643122923974153,0.23154760768023364,0.3685745481636509,30,0.73,multiplied by true event sign; positive is event-congruent
event_aligned,reduced_reliability,object_event,sign_normalized_innovation,0.01195657552176956,-0.007999813229893937,0.03364497099047396,30,0.74,multiplied by true event sign; positive is event-congruent
event_aligned,reduced_reliability,object_event,object_gain,0.26296035799454176,0.26292233138965054,0.2629999285336375,30,0.74,multiplied by true event sign; positive is event-congruent
event_aligned,reduced_reliability,object_event,sign_normalized_correction,0.003144989193303524,-0.002066397657676087,0.008903676404147975,30,0.74,multiplied by true event sign; positive is event-congruent
event_aligned,reduced_reliability,object_event,sign_normalized_previsual_object,0.3048697097011661,0.23169831793469947,0.3668221816608199,30,0.74,multiplied by true event sign; positive is event-congruent
event_aligned,reduced_reliability,object_event,sign_normalized_posterior_object,0.30801469889446953,0.22849286437819968,0.37212440731997104,30,0.74,multiplied by true event sign; positive is event-congruent
event_aligned,reduced_reliability,object_event,cumulative_sign_normalized_correction,0.2727843869177949,0.16481011547907348,0.37703076697131094,30,0.74,multiplied by true event sign; positive is event-congruent
event_aligned,reduced_reliability,object_event,sign_normalized_subsequent_predicted_object,0.30801469889446953,0.23144068012413413,0.3713025875589651,30,0.74,multiplied by true event sign; positive is event-congruent
event_aligned,reduced_reliability,object_event,sign_normalized_innovation,-0.005984065737032057,-0.043037537813025065,0.02492824390087046,30,0.75,multiplied by true event sign; positive is event-congruent
event_aligned,reduced_reliability,object_event,object_gain,0.26298703744517904,0.26293508323959164,0.2630361622161173,30,0.75,multiplied by true event sign; positive is event-congruent
event_aligned,reduced_reliability,object_event,sign_normalized_correction,-0.001577639329782604,-0.011340526810571136,0.006569305222754238,30,0.75,multiplied by true event sign; positive is event-congruent
event_aligned,reduced_reliability,object_event,sign_normalized_previsual_object,0.3090400972099054,0.23266088005998578,0.3722403163601146,30,0.75,multiplied by true event sign; positive is event-congruent
event_aligned,reduced_reliability,object_event,sign_normalized_posterior_object,0.3074624578801228,0.23438548454495445,0.3694070720067045,30,0.75,multiplied by true event sign; positive is event-congruent
event_aligned,reduced_reliability,object_event,cumulative_sign_normalized_correction,0.2712067475880122,0.16379776521529957,0.3790675339030415,30,0.75,multiplied by true event sign; positive is event-congruent
event_aligned,reduced_reliability,object_event,sign_normalized_subsequent_predicted_object,0.3074624578801228,0.2339844058090331,0.3692424730833248,30,0.75,multiplied by true event sign; positive is event-congruent
event_aligned,reduced_reliability,object_event,sign_normalized_innovation,-0.01682172385396481,-0.09534510442979527,0.03487871739930782,30,0.76,multiplied by true event sign; positive is event-congruent
event_aligned,reduced_reliability,object_event,object_gain,0.2629537996886141,0.262882557789435,0.26301286332404084,30,0.76,multiplied by true event sign; positive is event-congruent
event_aligned,reduced_reliability,object_event,sign_normalized_correction,-0.004409245329727212,-0.02534596496837054,0.009118890310008659,30,0.76,multiplied by true event sign; positive is event-congruent
event_aligned,reduced_reliability,object_event,sign_normalized_previsual_object,0.30694742777490164,0.2352116889695143,0.3672899609072228,30,0.76,multiplied by true event sign; positive is event-congruent
event_aligned,reduced_reliability,object_event,sign_normalized_posterior_object,0.30253818244517444,0.22687048967736814,0.3671982030123493,30,0.76,multiplied by true event sign; positive is event-congruent
event_aligned,reduced_reliability,object_event,cumulative_sign_normalized_correction,0.2667975022582851,0.15800486624194643,0.37747577857500614,30,0.76,multiplied by true event sign; positive is event-congruent
event_aligned,reduced_reliability,object_event,sign_normalized_subsequent_predicted_object,0.30253818244517444,0.22593143979990638,0.3681568519461527,30,0.76,multiplied by true event sign; positive is event-congruent
event_aligned,reduced_reliability,object_event,sign_normalized_innovation,-0.030949353978242507,-0.08353125262724939,0.006142416102697707,30,0.77,multiplied by true event sign; positive is event-congruent
event_aligned,reduced_reliability,object_event,object_gain,0.2630283513313182,0.26292503661712924,0.2631239133373802,30,0.77,multiplied by true event sign; positive is event-congruent
event_aligned,reduced_reliability,object_event,sign_normalized_correction,-0.008149527230723558,-0.021715791079622324,0.0017927532229581626,30,0.77,multiplied by true event sign; positive is event-congruent
event_aligned,reduced_reliability,object_event,sign_normalized_previsual_object,0.3043568712086456,0.2311290151502159,0.3688745120715452,30,0.77,multiplied by true event sign; positive is event-congruent
event_aligned,reduced_reliability,object_event,sign_normalized_posterior_object,0.296207343977922,0.21662049538296996,0.36394917291124146,30,0.77,multiplied by true event sign; positive is event-congruent
event_aligned,reduced_reliability,object_event,cumulative_sign_normalized_correction,0.2586479750275615,0.14844466169183612,0.3696875507114062,30,0.77,multiplied by true event sign; positive is event-congruent
event_aligned,reduced_reliability,object_event,sign_normalized_subsequent_predicted_object,0.296207343977922,0.21725974590148905,0.36293795622283764,30,0.77,multiplied by true event sign; positive is event-congruent
event_aligned,reduced_reliability,object_event,sign_normalized_innovation,-0.04002846837951028,-0.0688859384761323,-0.014530112101685203,30,0.78,multiplied by true event sign; positive is event-congruent
event_aligned,reduced_reliability,object_event,object_gain,0.2630308044543361,0.26292313135766465,0.2631611767468492,30,0.78,multiplied by true event sign; positive is event-congruent
event_aligned,reduced_reliability,object_event,sign_normalized_correction,-0.010535968767775395,-0.018154786810913096,-0.003806429309972987,30,0.78,multiplied by true event sign; positive is event-congruent
event_aligned,reduced_reliability,object_event,sign_normalized_previsual_object,0.2931793419543819,0.21386796319575882,0.36050367268453,30,0.78,multiplied by true event sign; positive is event-congruent
event_aligned,reduced_reliability,object_event,sign_normalized_posterior_object,0.2826433731866065,0.2042375189198536,0.35156037396997597,30,0.78,multiplied by true event sign; positive is event-congruent
event_aligned,reduced_reliability,object_event,cumulative_sign_normalized_correction,0.24811200625978605,0.13823014039011833,0.3592452574288759,30,0.78,multiplied by true event sign; positive is event-congruent
event_aligned,reduced_reliability,object_event,sign_normalized_subsequent_predicted_object,0.2826433731866065,0.2034635802048531,0.35148357063744945,30,0.78,multiplied by true event sign; positive is event-congruent
event_aligned,reduced_reliability,object_event,sign_normalized_innovation,-0.011733353898432419,-0.04389231930278139,0.01594398014800646,30,0.79,multiplied by true event sign; positive is event-congruent
event_aligned,reduced_reliability,object_event,object_gain,0.2630155445603722,0.2629128937909859,0.26314195982604316,30,0.79,multiplied by true event sign; positive is event-congruent
event_aligned,reduced_reliability,object_event,sign_normalized_correction,-0.0030945439314287743,-0.011368074370416776,0.004324910482968935,30,0.79,multiplied by true event sign; positive is event-congruent
event_aligned,reduced_reliability,object_event,sign_normalized_previsual_object,0.2803512583877925,0.20216499211816857,0.3490623096572664,30,0.79,multiplied by true event sign; positive is event-congruent
event_aligned,reduced_reliability,object_event,sign_normalized_posterior_object,0.27725671445636374,0.19350511072055887,0.34781599650419875,30,0.79,multiplied by true event sign; positive is event-congruent
event_aligned,reduced_reliability,object_event,cumulative_sign_normalized_correction,0.24501746232835725,0.12977307704623667,0.3527746474186864,30,0.79,multiplied by true event sign; positive is event-congruent
event_aligned,reduced_reliability,object_event,sign_normalized_subsequent_predicted_object,0.27725671445636374,0.19457091462850878,0.3479751790757534,30,0.79,multiplied by true event sign; positive is event-congruent
event_aligned,reduced_reliability,object_event,sign_normalized_innovation,-0.2994431769365865,-0.37618932906362346,-0.22556330525631496,30,0.8,multiplied by true event sign; positive is event-congruent
event_aligned,reduced_reliability,object_event,object_gain,0.2630544936933838,0.2629600440763669,0.26318447242049037,30,0.8,multiplied by true event sign; positive is event-congruent
event_aligned,reduced_reliability,object_event,sign_normalized_correction,-0.078782131721179,-0.09881335758233074,-0.058840258546481734,30,0.8,multiplied by true event sign; positive is event-congruent
event_aligned,reduced_reliability,object_event,sign_normalized_previsual_object,0.27779048527180417,0.19485368721550886,0.3490571504094712,30,0.8,multiplied by true event sign; positive is event-congruent
event_aligned,reduced_reliability,object_event,sign_normalized_posterior_object,0.1990083535506251,0.12614321732854303,0.2658026413110206,30,0.8,multiplied by true event sign; positive is event-congruent
event_aligned,reduced_reliability,object_event,cumulative_sign_normalized_correction,0.1662353306071783,0.052633354563652056,0.27873927202891424,30,0.8,multiplied by true event sign; positive is event-congruent
event_aligned,reduced_reliability,object_event,sign_normalized_subsequent_predicted_object,,,,0,0.8,multiplied by true event sign; positive is event-congruent
object_free_timecourse,baseline,object_free,signed_visual_innovation,0.02740515381172017,0.0228200196512882,0.032013484836663116,30,0.0,
object_free_timecourse,baseline,object_free,signed_object_correction,0.009908774828214905,0.006789858996743994,0.013290895730831543,30,0.0,
object_free_timecourse,baseline,object_free,cumulative_signed_object_correction,0.052379736459677965,0.022491846185973313,0.08462300451030288,30,0.0,
object_free_timecourse,baseline,object_free,previsual_object_state,0.005888760036164264,-0.006450391927551196,0.017640049821336524,30,0.0,
object_free_timecourse,baseline,object_free,posterior_object_state,0.01579753486437917,0.0015128139572778798,0.02960945153226054,30,0.0,
object_free_timecourse,baseline,object_free,subsequent_predicted_object_state,0.01579753486437917,0.0019453896860167203,0.029483978414085274,30,0.0,
object_free_timecourse,baseline,object_free,signed_visual_innovation,0.03020070564813769,0.025960851363198395,0.034488581384287814,30,0.1,
object_free_timecourse,baseline,object_free,signed_object_correction,0.008375914562689334,0.007245735683866946,0.009543591238650432,30,0.1,
object_free_timecourse,baseline,object_free,cumulative_signed_object_correction,0.14636420094997465,0.11746827141940898,0.17930993766139963,30,0.1,
object_free_timecourse,baseline,object_free,previsual_object_state,0.029062495520682755,0.017992692865768312,0.03992676615078435,30,0.1,
object_free_timecourse,baseline,object_free,posterior_object_state,0.03743841008337209,0.026319290961972656,0.04838995127198289,30,0.1,
object_free_timecourse,baseline,object_free,subsequent_predicted_object_state,0.03743841008337209,0.025968000279360838,0.048804298379548555,30,0.1,
object_free_timecourse,baseline,object_free,signed_visual_innovation,0.02461044383937557,0.019877539883778193,0.02952802527685726,30,0.2,
object_free_timecourse,baseline,object_free,signed_object_correction,0.006795866537303379,0.005485227295871497,0.00812893824883926,30,0.2,
object_free_timecourse,baseline,object_free,cumulative_signed_object_correction,0.22396504740795747,0.19268200919354472,0.2583409061452284,30,0.2,
object_free_timecourse,baseline,object_free,previsual_object_state,0.033827483844022496,0.025387997171441856,0.042288887840238744,30,0.2,
object_free_timecourse,baseline,object_free,posterior_object_state,0.04062335038132588,0.031959823074783573,0.049331689197314475,30,0.2,
object_free_timecourse,baseline,object_free,subsequent_predicted_object_state,0.04062335038132588,0.03192890789782117,0.04929749934935799,30,0.2,
object_free_timecourse,baseline,object_free,signed_visual_innovation,0.025358194927261785,0.019269156376701655,0.03168092626016951,30,0.3,
object_free_timecourse,baseline,object_free,signed_object_correction,0.007000571344299238,0.005311298569939473,0.00873021932247731,30,0.3,
object_free_timecourse,baseline,object_free,cumulative_signed_object_correction,0.29320687569185055,0.2655891878427663,0.32166737642349996,30,0.3,
object_free_timecourse,baseline,object_free,previsual_object_state,0.03509448829111461,0.02540016297012706,0.04518888998385054,30,0.3,
object_free_timecourse,baseline,object_free,posterior_object_state,0.04209505963541384,0.032048802683702124,0.052284333255970775,30,0.3,
object_free_timecourse,baseline,object_free,subsequent_predicted_object_state,0.04209505963541384,0.03212801704587745,0.05251791240667772,30,0.3,
object_free_timecourse,baseline,object_free,signed_visual_innovation,0.015226674768552483,0.009765354546675221,0.0206755181115236,30,0.4,
object_free_timecourse,baseline,object_free,signed_object_correction,0.004203009276208499,0.002672649782418752,0.0056869424142884945,30,0.4,
object_free_timecourse,baseline,object_free,cumulative_signed_object_correction,0.3461212997615836,0.3157598139466639,0.37691064736110674,30,0.4,
object_free_timecourse,baseline,object_free,previsual_object_state,0.03370867082381261,0.025072506097657033,0.04269715765340627,30,0.4,
object_free_timecourse,baseline,object_free,posterior_object_state,0.03791168010002112,0.02894816199889509,0.046958361875225944,30,0.4,
object_free_timecourse,baseline,object_free,subsequent_predicted_object_state,0.03791168010002112,0.028992794084692766,0.04700699740053183,30,0.4,
object_free_timecourse,baseline,object_free,signed_visual_innovation,0.010175833292139856,0.003431027713419491,0.016667490759395828,30,0.5,
object_free_timecourse,baseline,object_free,signed_object_correction,0.002809539982339619,0.0009435831287886379,0.0046460423956714144,30,0.5,
object_free_timecourse,baseline,object_free,cumulative_signed_object_correction,0.37937543594628637,0.3505960490651762,0.41002072691407543,30,0.5,
object_free_timecourse,baseline,object_free,previsual_object_state,0.02461330176591579,0.013650033168088032,0.035654115368897704,30,0.5,
object_free_timecourse,baseline,object_free,posterior_object_state,0.027422841748255402,0.01643970811292327,0.038935179166736986,30,0.5,
object_free_timecourse,baseline,object_free,subsequent_predicted_object_state,0.027422841748255402,0.01619408730206708,0.03886748734150693,30,0.5,
object_free_timecourse,baseline,object_free,signed_visual_innovation,0.004665837773105181,-0.0016060463591120492,0.010964605812368886,27,0.6,
object_free_timecourse,baseline,object_free,signed_object_correction,0.0012884177534910608,-0.0004543120504288177,0.0030572425135950666,27,0.6,
object_free_timecourse,baseline,object_free,cumulative_signed_object_correction,0.39818274801779935,0.36978773552249694,0.43023136347955027,27,0.6,
object_free_timecourse,baseline,object_free,previsual_object_state,0.018967796510619712,0.009124589866934775,0.028354580593703015,27,0.6,
object_free_timecourse,baseline,object_free,posterior_object_state,0.020256214264110773,0.009969267064354779,0.030161812661159908,27,0.6,
object_free_timecourse,baseline,object_free,subsequent_predicted_object_state,0.020256214264110773,0.009777949596026762,0.030116007113357803,27,0.6,
object_free_timecourse,baseline,object_free,signed_visual_innovation,-0.008801533119847958,-0.014466856394109757,-0.0033042760525830977,27,0.7000000000000001,
object_free_timecourse,baseline,object_free,signed_object_correction,-0.0024282944593774086,-0.004043372016879544,-0.0009118717223816485,27,0.7000000000000001,
object_free_timecourse,baseline,object_free,cumulative_signed_object_correction,0.39639738757809784,0.36467007121281747,0.4307773871860243,27,0.7000000000000001,
object_free_timecourse,baseline,object_free,previsual_object_state,0.00832957167507336,-0.0029451885844033973,0.019658986295618106,27,0.7000000000000001,
object_free_timecourse,baseline,object_free,posterior_object_state,0.005901277215695954,-0.00539074589551598,0.01746335547984548,27,0.7000000000000001,
object_free_timecourse,baseline,object_free,subsequent_predicted_object_state,0.005901277215695954,-0.0055113234485270855,0.017368400831495802,27,0.7000000000000001,
object_free_timecourse,baseline,object_free,signed_visual_innovation,-0.01160957915349655,-0.018302252477467106,-0.004951348956518013,27,0.8,
object_free_timecourse,baseline,object_free,signed_object_correction,-0.003204144214336066,-0.005067908442742399,-0.0014175790264641859,27,0.8,
object_free_timecourse,baseline,object_free,cumulative_signed_object_correction,0.3705628187008988,0.3379142565146597,0.40626784087807855,27,0.8,
object_free_timecourse,baseline,object_free,previsual_object_state,-0.009860689255869283,-0.019286848409311757,-0.000514852051648462,27,0.8,
object_free_timecourse,baseline,object_free,posterior_object_state,-0.013064833470205352,-0.02253063414198637,-0.0036813715671449305,27,0.8,
object_free_timecourse,baseline,object_free,subsequent_predicted_object_state,-0.013064833470205352,-0.022556695252044262,-0.0035833544800652466,27,0.8,
object_free_timecourse,baseline,object_free,signed_visual_innovation,-0.01257921430447945,-0.01855551271402153,-0.006240970957814233,26,0.9,
object_free_timecourse,baseline,object_free,signed_object_correction,-0.003471857739463821,-0.00508284023582348,-0.0017413899399103896,26,0.9,
object_free_timecourse,baseline,object_free,cumulative_signed_object_correction,0.33423193103757853,0.30451717490513047,0.3667088761761201,26,0.9,
object_free_timecourse,baseline,object_free,previsual_object_state,-0.02171407907366096,-0.03262928789322181,-0.0106151197577871,26,0.9,
object_free_timecourse,baseline,object_free,posterior_object_state,-0.02518593681312478,-0.03627357455220553,-0.014452860552278794,26,0.9,
object_free_timecourse,baseline,object_free,subsequent_predicted_object_state,-0.02518593681312478,-0.036318847708866515,-0.014364166482291635,26,0.9,
object_free_timecourse,baseline,object_free,signed_visual_innovation,-0.026101361656499594,-0.032021864408765296,-0.020154834706857368,24,1.0,
object_free_timecourse,baseline,object_free,signed_object_correction,-0.007206865329076834,-0.008841931352900519,-0.005510719378068957,24,1.0,
object_free_timecourse,baseline,object_free,cumulative_signed_object_correction,0.27852584853724166,0.24362865555697655,0.3173912619627348,24,1.0,
object_free_timecourse,baseline,object_free,previsual_object_state,-0.02916274401318024,-0.04073775346461821,-0.016520859309551262,24,1.0,
object_free_timecourse,baseline,object_free,posterior_object_state,-0.036369609342257074,-0.047937056947190256,-0.023767662545713,24,1.0,
object_free_timecourse,baseline,object_free,subsequent_predicted_object_state,-0.036369609342257074,-0.04806419730610602,-0.02368869047227053,24,1.0,
object_free_timecourse,baseline,object_free,signed_visual_innovation,-0.0235033621478828,-0.029923386220505256,-0.016816157259673597,24,1.1,
object_free_timecourse,baseline,object_free,signed_object_correction,-0.006489856514457403,-0.008256619418446833,-0.004694546574686575,24,1.1,
object_free_timecourse,baseline,object_free,cumulative_signed_object_correction,0.21520958050476516,0.17999423779068144,0.25465251466670147,24,1.1,
object_free_timecourse,baseline,object_free,previsual_object_state,-0.03206144704215672,-0.041081745993215034,-0.022975413945624624,24,1.1,
object_free_timecourse,baseline,object_free,posterior_object_state,-0.038551303556614125,-0.04740289829789242,-0.029772686931470612,24,1.1,
object_free_timecourse,baseline,object_free,subsequent_predicted_object_state,-0.038551303556614125,-0.047337710079468825,-0.029698677809476708,24,1.1,
object_free_timecourse,baseline,object_free,signed_visual_innovation,-0.028432267158010383,-0.03413225616777255,-0.02275588426107909,22,1.2,
object_free_timecourse,baseline,object_free,signed_object_correction,-0.007851376634587239,-0.009310534013342206,-0.006288203151712922,22,1.2,
object_free_timecourse,baseline,object_free,cumulative_signed_object_correction,0.13744596182782584,0.10453063412565577,0.17591951422844246,22,1.2,
object_free_timecourse,baseline,object_free,previsual_object_state,-0.03651454446331242,-0.045900436213786,-0.027346875600334778,22,1.2,
object_free_timecourse,baseline,object_free,posterior_object_state,-0.044365921097899656,-0.0538934213852241,-0.03494076675477035,22,1.2,
object_free_timecourse,baseline,object_free,subsequent_predicted_object_state,-0.044365921097899656,-0.053748322328022985,-0.03475576039876475,22,1.2,
object_free_timecourse,baseline,object_free,signed_visual_innovation,-0.03853440359085107,-0.05408515688951802,-0.028185955161407723,21,1.3,
object_free_timecourse,baseline,object_free,signed_object_correction,-0.010642262030526253,-0.014922877807564298,-0.007811565984803783,21,1.3,
object_free_timecourse,baseline,object_free,cumulative_signed_object_correction,0.04909631339663522,0.015093675346226824,0.08664376193933315,21,1.3,
object_free_timecourse,baseline,object_free,previsual_object_state,-0.04017606050419983,-0.05773008228516629,-0.018048379726009794,21,1.3,
object_free_timecourse,baseline,object_free,posterior_object_state,-0.05081832253472607,-0.06656485942934925,-0.03247570832428023,21,1.3,
object_free_timecourse,baseline,object_free,subsequent_predicted_object_state,-0.05081832253472607,-0.0663087020316324,-0.03188488916072189,21,1.3,
object_free_timecourse,baseline,object_free,signed_visual_innovation,-0.04025210714091627,-0.05382463172645716,-0.030187755073607464,21,1.4000000000000001,
object_free_timecourse,baseline,object_free,signed_object_correction,-0.01111783858368067,-0.014801111217650821,-0.008326360212626603,21,1.4000000000000001,
object_free_timecourse,baseline,object_free,cumulative_signed_object_correction,-0.04098871101493241,-0.08078871694904284,0.0027330218633591376,21,1.4000000000000001,
object_free_timecourse,baseline,object_free,previsual_object_state,-0.04389032853305317,-0.0590202181964451,-0.026584834884665166,21,1.4000000000000001,
object_free_timecourse,baseline,object_free,posterior_object_state,-0.055008167116733835,-0.06844934250488613,-0.04078182030790269,21,1.4000000000000001,
object_free_timecourse,baseline,object_free,subsequent_predicted_object_state,-0.055008167116733835,-0.06823273411787437,-0.040919608478704496,21,1.4000000000000001,
object_free_timecourse,baseline,object_free,signed_visual_innovation,-0.027144429167743993,-0.03407578044023931,-0.02005153621536203,20,1.5,
object_free_timecourse,baseline,object_free,signed_object_correction,-0.0074973181780604,-0.009433904136730002,-0.005617123522304002,20,1.5,
object_free_timecourse,baseline,object_free,cumulative_signed_object_correction,-0.12716836718631946,-0.1688690331443674,-0.08341477346796923,20,1.5,
object_free_timecourse,baseline,object_free,previsual_object_state,-0.05337339827553408,-0.06435673014048818,-0.042017266435337694,20,1.5,
object_free_timecourse,baseline,object_free,posterior_object_state,-0.06087071645359449,-0.07164578119192844,-0.04937821317654123,20,1.5,
object_free_timecourse,baseline,object_free,subsequent_predicted_object_state,-0.06087071645359449,-0.07147762947152975,-0.0495478698174432,20,1.5,
object_free_timecourse,baseline,object_free,signed_visual_innovation,-0.0271914496092739,-0.037512980001297346,-0.0167642625166564,18,1.6,
object_free_timecourse,baseline,object_free,signed_object_correction,-0.007509976819179844,-0.010320026421915455,-0.004578288934356244,18,1.6,
object_free_timecourse,baseline,object_free,cumulative_signed_object_correction,-0.20199645022621682,-0.24723141320137018,-0.1525026626457747,18,1.6,
object_free_timecourse,baseline,object_free,previsual_object_state,-0.04270217603899216,-0.05493419554974996,-0.03114671625589755,18,1.6,
object_free_timecourse,baseline,object_free,posterior_object_state,-0.05021215285817201,-0.06211491689074349,-0.039256973561957835,18,1.6,
object_free_timecourse,baseline,object_free,subsequent_predicted_object_state,-0.05021215285817201,-0.062366477237949206,-0.03886323700845598,18,1.6,
object_free_timecourse,baseline,object_free,signed_visual_innovation,-0.07160036282549728,-0.13654195753670556,-0.026401499421231548,19,1.7,
object_free_timecourse,baseline,object_free,signed_object_correction,-0.01977342944773724,-0.0372873297387309,-0.007144544978106065,19,1.7,
object_free_timecourse,baseline,object_free,cumulative_signed_object_correction,-0.20493807509300385,-0.27484192676647423,-0.12591165538683993,19,1.7,
object_free_timecourse,baseline,object_free,previsual_object_state,0.008533334371390323,-0.030480877229091593,0.05656275526749748,19,1.7,
object_free_timecourse,baseline,object_free,posterior_object_state,-0.01124009507634692,-0.03953173632363783,0.020798764820783397,19,1.7,
object_free_timecourse,baseline,object_free,subsequent_predicted_object_state,-0.01124009507634692,-0.039435094912329396,0.02100530851277319,19,1.7,
object_free_timecourse,baseline,object_free,signed_visual_innovation,-0.025832578919967653,-0.035315206611020986,-0.018223459585799507,18,1.8,
object_free_timecourse,baseline,object_free,signed_object_correction,-0.007134620974093755,-0.009830066076667095,-0.004954674964254275,18,1.8,
object_free_timecourse,baseline,object_free,cumulative_signed_object_correction,-0.2831436088608654,-0.3416657208552754,-0.21905421315531004,18,1.8,
object_free_timecourse,baseline,object_free,previsual_object_state,-0.026106982600373325,-0.04023745807000341,-0.011964886022668136,18,1.8,
object_free_timecourse,baseline,object_free,posterior_object_state,-0.03324160357446709,-0.047071728593801085,-0.018979950962479904,18,1.8,
object_free_timecourse,baseline,object_free,subsequent_predicted_object_state,-0.03324160357446709,-0.04678193101177228,-0.01901367901135272,18,1.8,
object_free_timecourse,baseline,object_free,signed_visual_innovation,-0.013963158662068445,-0.06412060201759706,0.033080228160370706,21,1.9000000000000001,
object_free_timecourse,baseline,object_free,signed_object_correction,-0.003863123950866767,-0.017646495297038548,0.009190203189701136,21,1.9000000000000001,
object_free_timecourse,baseline,object_free,cumulative_signed_object_correction,-0.2343160705278037,-0.34863963049677466,-0.09754703596671678,21,1.9000000000000001,
object_free_timecourse,baseline,object_free,previsual_object_state,-0.023372654039864032,-0.07283378446661305,0.02828014039978204,21,1.9000000000000001,
object_free_timecourse,baseline,object_free,posterior_object_state,-0.02723577799073079,-0.06395344242178161,0.011539860853485791,21,1.9000000000000001,
object_free_timecourse,baseline,object_free,subsequent_predicted_object_state,-0.02723577799073079,-0.06546057549789273,0.01158900562510264,21,1.9000000000000001,
object_free_timecourse,baseline,object_free,signed_visual_innovation,-0.015911719089496772,-0.027392556422181403,-0.0049759478450152154,21,2.0,
object_free_timecourse,baseline,object_free,signed_object_correction,-0.004394468616319706,-0.007459272570321929,-0.0013202106987458702,21,2.0,
object_free_timecourse,baseline,object_free,cumulative_signed_object_correction,-0.27422653942182357,-0.3958268515680589,-0.1254164114977665,21,2.0,
object_free_timecourse,baseline,object_free,previsual_object_state,-0.02324852705886989,-0.03957648513846536,-0.0053189560103919144,21,2.0,
object_free_timecourse,baseline,object_free,posterior_object_state,-0.027642995675189602,-0.042094778383461595,-0.012298682257397414,21,2.0,
object_free_timecourse,baseline,object_free,subsequent_predicted_object_state,-0.027642995675189602,-0.04185516989143609,-0.01200496212320414,21,2.0,
object_free_timecourse,baseline,object_free,signed_visual_innovation,-0.02204842574582355,-0.05462482181086786,-4.044238066581176e-05,22,2.1,
object_free_timecourse,baseline,object_free,signed_object_correction,-0.006087353737264752,-0.014909142315941653,3.074962067533681e-05,22,2.1,
object_free_timecourse,baseline,object_free,cumulative_signed_object_correction,-0.2958899944064356,-0.4120824061223548,-0.14997950093703905,22,2.1,
object_free_timecourse,baseline,object_free,previsual_object_state,-0.002230585514492242,-0.027823117590970184,0.03250272475315104,22,2.1,
object_free_timecourse,baseline,object_free,posterior_object_state,-0.008317939251756992,-0.029413444427660817,0.01706678990394581,22,2.1,
object_free_timecourse,baseline,object_free,subsequent_predicted_object_state,-0.008317939251756992,-0.029602752503467767,0.017503326396178822,22,2.1,
object_free_timecourse,baseline,object_free,signed_visual_innovation,-0.006274202728311498,-0.012209020653709598,-0.0004014989451957177,21,2.2,
object_free_timecourse,baseline,object_free,signed_object_correction,-0.0017331419770245994,-0.003387076857487316,-9.022513495858154e-05,21,2.2,
object_free_timecourse,baseline,object_free,cumulative_signed_object_correction,-0.29869356858959795,-0.4198605953192511,-0.14816197531158887,21,2.2,
object_free_timecourse,baseline,object_free,previsual_object_state,-0.002688865745219662,-0.01247550856758395,0.0061610947432157925,21,2.2,
object_free_timecourse,baseline,object_free,posterior_object_state,-0.004422007722244262,-0.013741972846980897,0.004368335336609643,21,2.2,
object_free_timecourse,baseline,object_free,subsequent_predicted_object_state,-0.004422007722244262,-0.013615379442183946,0.004247672358094469,21,2.2,
object_free_timecourse,baseline,object_free,signed_visual_innovation,0.0007245389440199711,-0.02909559339646627,0.025034525027805433,21,2.3000000000000003,
object_free_timecourse,baseline,object_free,signed_object_correction,0.00019982092733539743,-0.007935757920680903,0.006943481865477079,21,2.3000000000000003,
object_free_timecourse,baseline,object_free,cumulative_signed_object_correction,-0.2625030042088541,-0.38351567371057954,-0.11533263795752638,21,2.3000000000000003,
object_free_timecourse,baseline,object_free,previsual_object_state,0.009406149257930665,-0.022343544449839072,0.04480845361166702,21,2.3000000000000003,
object_free_timecourse,baseline,object_free,posterior_object_state,0.009605970185266065,-0.01681043886333655,0.03779024572986506,21,2.3000000000000003,
object_free_timecourse,baseline,object_free,subsequent_predicted_object_state,0.009605970185266065,-0.017386051301757407,0.03753099647380849,21,2.3000000000000003,
object_free_timecourse,baseline,object_free,signed_visual_innovation,0.0040560420118914125,-0.014622893738983848,0.018588704113879216,21,2.4,
object_free_timecourse,baseline,object_free,signed_object_correction,0.001120046439678414,-0.004102830129565274,0.0051175109248120495,21,2.4,
object_free_timecourse,baseline,object_free,cumulative_signed_object_correction,-0.2564219908238574,-0.38510333848389744,-0.10181326581893789,21,2.4,
object_free_timecourse,baseline,object_free,previsual_object_state,0.025416324539377054,0.004402477460439763,0.05248219779451944,21,2.4,
object_free_timecourse,baseline,object_free,posterior_object_state,0.02653637097905547,0.008267546529332233,0.04906424401897618,21,2.4,
object_free_timecourse,baseline,object_free,subsequent_predicted_object_state,0.02653637097905547,0.007842838642392448,0.04859498616347134,21,2.4,
object_free_timecourse,baseline,object_free,signed_visual_innovation,0.031977591478975526,0.010356435458057945,0.060212405054538364,22,2.5,
object_free_timecourse,baseline,object_free,signed_object_correction,0.008829337827389082,0.0027941923254362565,0.016684575793818806,22,2.5,
object_free_timecourse,baseline,object_free,cumulative_signed_object_correction,-0.235487465346037,-0.34861838539495604,-0.1085458286180572,22,2.5,
object_free_timecourse,baseline,object_free,previsual_object_state,0.0038244866256264857,-0.02559071613338361,0.028852860783716856,22,2.5,
object_free_timecourse,baseline,object_free,posterior_object_state,0.012653824453015572,-0.010411757923973872,0.03298589015423956,22,2.5,
object_free_timecourse,baseline,object_free,subsequent_predicted_object_state,0.012653824453015572,-0.011025069198838562,0.033488258550064744,22,2.5,
object_free_timecourse,baseline,object_free,signed_visual_innovation,0.02082556503945609,0.01427632528984539,0.027722507031706513,20,2.6,
object_free_timecourse,baseline,object_free,signed_object_correction,0.00575128938145854,0.0039560310965095005,0.007656228376776225,20,2.6,
object_free_timecourse,baseline,object_free,cumulative_signed_object_correction,-0.17865861355265145,-0.3025690439852484,-0.030835405649069312,20,2.6,
object_free_timecourse,baseline,object_free,previsual_object_state,0.03137100603057215,0.019636709088121675,0.04286228038174545,20,2.6,
object_free_timecourse,baseline,object_free,posterior_object_state,0.03712229541203069,0.02631453723468003,0.04785707311869668,20,2.6,
object_free_timecourse,baseline,object_free,subsequent_predicted_object_state,0.03712229541203069,0.026306984720481527,0.04776502961503208,20,2.6,
object_free_timecourse,baseline,object_free,signed_visual_innovation,0.030552691876598398,0.02155184965641179,0.040701976067456375,19,2.7,
object_free_timecourse,baseline,object_free,signed_object_correction,0.008436509765960623,0.005933217166038512,0.01127180848223877,19,2.7,
object_free_timecourse,baseline,object_free,cumulative_signed_object_correction,-0.10018169868723051,-0.23272114863746612,0.053420567875777474,19,2.7,
object_free_timecourse,baseline,object_free,previsual_object_state,0.04783914135634789,0.03673549395754509,0.05888389752041811,19,2.7,
object_free_timecourse,baseline,object_free,posterior_object_state,0.056275651122308507,0.04423777710020121,0.06781996231040884,19,2.7,
object_free_timecourse,baseline,object_free,subsequent_predicted_object_state,0.056275651122308507,0.04448602398510836,0.067678946287857,19,2.7,
object_free_timecourse,baseline,object_free,signed_visual_innovation,0.039152647610266746,0.015594384758161595,0.07130228479950805,20,2.8000000000000003,
object_free_timecourse,baseline,object_free,signed_object_correction,0.010810594141738268,0.0043233663916650115,0.019686092027888492,20,2.8000000000000003,
object_free_timecourse,baseline,object_free,cumulative_signed_object_correction,-0.026256245106735333,-0.14989702283182402,0.11554766634337194,20,2.8000000000000003,
object_free_timecourse,baseline,object_free,previsual_object_state,0.024769290816872055,-0.013002160001512539,0.051867418412205386,20,2.8000000000000003,
object_free_timecourse,baseline,object_free,posterior_object_state,0.03557988495861032,0.0060391035416512,0.05738105468333016,20,2.8000000000000003,
object_free_timecourse,baseline,object_free,subsequent_predicted_object_state,0.03557988495861032,0.0062970914110920175,0.057529286237896826,20,2.8000000000000003,
object_free_timecourse,baseline,object_free,signed_visual_innovation,0.02848795669807369,0.021958452155559628,0.03657925855542692,20,2.9,
object_free_timecourse,baseline,object_free,signed_object_correction,0.007866024593307017,0.006031891128896754,0.010119682836282557,20,2.9,
object_free_timecourse,baseline,object_free,cumulative_signed_object_correction,0.04536904938115084,-0.08152426964251674,0.19413372660312173,20,2.9,
object_free_timecourse,baseline,object_free,previsual_object_state,0.036155536432027985,0.019755957880474462,0.052833731867325436,20,2.9,
object_free_timecourse,baseline,object_free,posterior_object_state,0.04402156102533499,0.029072879596394045,0.05934019262194495,20,2.9,
object_free_timecourse,baseline,object_free,subsequent_predicted_object_state,0.04402156102533499,0.02919707213074416,0.059276103715595906,20,2.9,
object_free_timecourse,baseline,object_free,signed_visual_innovation,0.035431849546537365,0.017069520520528993,0.06566027377051084,20,3.0,
object_free_timecourse,baseline,object_free,signed_object_correction,0.009783111911269472,0.004714465984906332,0.018011563695841313,20,3.0,
object_free_timecourse,baseline,object_free,cumulative_signed_object_correction,0.09515292108628988,-0.029830902630437747,0.24146814384642923,20,3.0,
object_free_timecourse,baseline,object_free,previsual_object_state,0.027902448795083728,-0.006473161991722354,0.049565826190535345,20,3.0,
object_free_timecourse,baseline,object_free,posterior_object_state,0.03768556070635321,0.010537077472733447,0.05677555649626837,20,3.0,
object_free_timecourse,baseline,object_free,subsequent_predicted_object_state,0.03768556070635321,0.011039456531455974,0.056154318188563604,20,3.0,
object_free_timecourse,baseline,object_free,signed_visual_innovation,0.029084836969256917,0.007475447505370135,0.060762289971987835,21,3.1,
object_free_timecourse,baseline,object_free,signed_object_correction,0.008030948073638576,0.0020235785557338975,0.016573782581950202,21,3.1,
object_free_timecourse,baseline,object_free,cumulative_signed_object_correction,0.11080334119848345,-0.04001862842483877,0.2645128584736459,21,3.1,
object_free_timecourse,baseline,object_free,previsual_object_state,0.01914295744680044,-0.016523568265196405,0.05016579123638176,21,3.1,
object_free_timecourse,baseline,object_free,posterior_object_state,0.02717390552043901,-0.0012340256326072961,0.05414360897679634,21,3.1,
object_free_timecourse,baseline,object_free,subsequent_predicted_object_state,0.02717390552043901,-0.0010015785355581605,0.053942726119724664,21,3.1,
object_free_timecourse,baseline,object_free,signed_visual_innovation,0.002860781726227323,-0.02507085383816834,0.02074233690630016,22,3.2,
object_free_timecourse,baseline,object_free,signed_object_correction,0.000791254766363013,-0.00671556170798899,0.005679851767392368,22,3.2,
object_free_timecourse,baseline,object_free,cumulative_signed_object_correction,0.19121750991265365,0.038034150854443345,0.3471923599920498,22,3.2,
object_free_timecourse,baseline,object_free,previsual_object_state,0.037307944007733,0.01572313659468758,0.06592062418388442,22,3.2,
object_free_timecourse,baseline,object_free,posterior_object_state,0.03809919877409601,0.019629179981324317,0.060442046295874685,22,3.2,
object_free_timecourse,baseline,object_free,subsequent_predicted_object_state,0.03809919877409601,0.019366210927686676,0.06018856154065588,22,3.2,
object_free_timecourse,baseline,object_free,signed_visual_innovation,0.021551776338414996,-0.0002992337274432655,0.045474295578320445,23,3.3000000000000003,
object_free_timecourse,baseline,object_free,signed_object_correction,0.005949008229181352,-0.00027353906829989227,0.012457482004464764,23,3.3000000000000003,
object_free_timecourse,baseline,object_free,cumulative_signed_object_correction,0.18682759040455602,0.02370067878613219,0.3407963512619671,23,3.3000000000000003,
object_free_timecourse,baseline,object_free,previsual_object_state,0.012596322144872878,-0.01698096775467811,0.042634529433669556,23,3.3000000000000003,
object_free_timecourse,baseline,object_free,posterior_object_state,0.018545330374054234,-0.006093204130708301,0.043446190813500776,23,3.3000000000000003,
object_free_timecourse,baseline,object_free,subsequent_predicted_object_state,0.018545330374054234,-0.005320509050731698,0.0429418908440807,23,3.3000000000000003,
object_free_timecourse,baseline,object_free,signed_visual_innovation,0.0013766241143212245,-0.023265356733932617,0.022690947213386558,23,3.4,
object_free_timecourse,baseline,object_free,signed_object_correction,0.0003743384674711867,-0.00648257455568802,0.006316572395108328,23,3.4,
object_free_timecourse,baseline,object_free,cumulative_signed_object_correction,0.16707450908098845,-0.016387918129696817,0.34758069332111863,23,3.4,
object_free_timecourse,baseline,object_free,previsual_object_state,0.01142284237068501,-0.016600895798604805,0.04067578112301192,23,3.4,
object_free_timecourse,baseline,object_free,posterior_object_state,0.011797180838156198,-0.011359414864782648,0.03548449323872105,23,3.4,
object_free_timecourse,baseline,object_free,subsequent_predicted_object_state,0.011797180838156198,-0.011931916557095162,0.03585567995626797,23,3.4,
object_free_timecourse,baseline,object_free,signed_visual_innovation,-0.006883193546366243,-0.02474316233048306,0.005758880888896751,23,3.5,
object_free_timecourse,baseline,object_free,signed_object_correction,-0.0018996273351999575,-0.006871243550156064,0.0015480239222671857,23,3.5,
object_free_timecourse,baseline,object_free,cumulative_signed_object_correction,0.13886371034388909,-0.059458620599558566,0.3388597889406687,23,3.5,
object_free_timecourse,baseline,object_free,previsual_object_state,0.008068325378764393,-0.009003220014995374,0.027284456774621404,23,3.5,
object_free_timecourse,baseline,object_free,posterior_object_state,0.0061686980435644335,-0.009455927156114072,0.022745998904572032,23,3.5,
object_free_timecourse,baseline,object_free,subsequent_predicted_object_state,0.0061686980435644335,-0.009524630796179365,0.02238987657682299,23,3.5,
object_free_timecourse,baseline,object_free,signed_visual_innovation,0.0025543535775600502,-0.00431611121480088,0.009326666121622284,22,3.6,
object_free_timecourse,baseline,object_free,signed_object_correction,0.0007057697604442576,-0.001164953892046596,0.00261579739995805,22,3.6,
object_free_timecourse,baseline,object_free,cumulative_signed_object_correction,0.14442343490212983,-0.06649113388114573,0.35043768594035163,22,3.6,
object_free_timecourse,baseline,object_free,previsual_object_state,0.0035194798960338195,-0.009139273046841269,0.01561292929995324,22,3.6,
object_free_timecourse,baseline,object_free,posterior_object_state,0.004225249656478075,-0.007257394749133625,0.015249118797042112,22,3.6,
object_free_timecourse,baseline,object_free,subsequent_predicted_object_state,0.004225249656478075,-0.007521406911578178,0.01534609436671403,22,3.6,
object_free_timecourse,baseline,object_free,signed_visual_innovation,0.0045230094102164334,-0.012737246947497841,0.03374178514092283,23,3.7,
object_free_timecourse,baseline,object_free,signed_object_correction,0.0012492442902016184,-0.003579206385098788,0.009229823421459588,23,3.7,
object_free_timecourse,baseline,object_free,cumulative_signed_object_correction,0.10798402501475354,-0.08632920316388706,0.3009503090887221,23,3.7,
object_free_timecourse,baseline,object_free,previsual_object_state,-0.01978516153911036,-0.0515123471017936,0.0027128860356249347,23,3.7,
object_free_timecourse,baseline,object_free,posterior_object_state,-0.018535917248908747,-0.04210061987926616,0.0007872399509027232,23,3.7,
object_free_timecourse,baseline,object_free,subsequent_predicted_object_state,-0.018535917248908747,-0.04313154396622452,0.000338864582443167,23,3.7,
object_free_timecourse,baseline,object_free,signed_visual_innovation,2.151098281821263e-05,-0.017048644141520457,0.02233482667677564,23,3.8000000000000003,
object_free_timecourse,baseline,object_free,signed_object_correction,8.589430390956237e-06,-0.004646595279512278,0.006073189988466286,23,3.8000000000000003,
object_free_timecourse,baseline,object_free,cumulative_signed_object_correction,0.0886401064888768,-0.12044514718626222,0.28789247685061176,23,3.8000000000000003,
object_free_timecourse,baseline,object_free,previsual_object_state,-0.03169405912002048,-0.056548630421849426,-0.010952094141053085,23,3.8000000000000003,
object_free_timecourse,baseline,object_free,posterior_object_state,-0.03168546968962953,-0.05089897233125414,-0.014651705033496894,23,3.8000000000000003,
object_free_timecourse,baseline,object_free,subsequent_predicted_object_state,-0.03168546968962953,-0.05093976276414079,-0.014543806119314572,23,3.8000000000000003,
object_free_timecourse,baseline,object_free,signed_visual_innovation,-0.013333472869060762,-0.018704837381179958,-0.00794638506245396,23,3.9,
object_free_timecourse,baseline,object_free,signed_object_correction,-0.003681235666820673,-0.005258092464012413,-0.002193927096153288,23,3.9,
object_free_timecourse,baseline,object_free,cumulative_signed_object_correction,0.06582745898193984,-0.135520687622549,0.26278748408011676,23,3.9,
object_free_timecourse,baseline,object_free,previsual_object_state,-0.01668243806224696,-0.026680017907331165,-0.007463124342506757,23,3.9,
object_free_timecourse,baseline,object_free,posterior_object_state,-0.020363673729067635,-0.030438157770710073,-0.011069350918978465,23,3.9,
object_free_timecourse,baseline,object_free,subsequent_predicted_object_state,-0.020363673729067635,-0.030520105904032355,-0.010870489569256089,23,3.9,
object_free_timecourse,baseline,object_free,signed_visual_innovation,-0.008670169560430414,-0.0317166195280193,0.03142597999113957,24,4.0,
object_free_timecourse,baseline,object_free,signed_object_correction,-0.0023950823717970695,-0.008693687592004437,0.008406673971851747,24,4.0,
object_free_timecourse,baseline,object_free,cumulative_signed_object_correction,0.014098051721456598,-0.190951859576142,0.2085959070985347,24,4.0,
object_free_timecourse,baseline,object_free,previsual_object_state,-0.04601069475315084,-0.08287944332817172,-0.021715076704834756,24,4.0,
object_free_timecourse,baseline,object_free,posterior_object_state,-0.0484057771249479,-0.07501892451544369,-0.029501510696727174,24,4.0,
object_free_timecourse,baseline,object_free,subsequent_predicted_object_state,-0.0484057771249479,-0.07536459658810668,-0.029678292209184554,24,4.0,
object_free_timecourse,baseline,object_free,signed_visual_innovation,-0.018357170956487194,-0.026102244519028765,-0.009738707570176216,21,4.1,
object_free_timecourse,baseline,object_free,signed_object_correction,-0.005067613834948627,-0.007188146777409332,-0.0026738800793306137,21,4.1,
object_free_timecourse,baseline,object_free,cumulative_signed_object_correction,-0.0317858676535536,-0.23159534641462956,0.16402085359556814,21,4.1,
object_free_timecourse,baseline,object_free,previsual_object_state,-0.04620741843944548,-0.05840474078964393,-0.03517603971310094,21,4.1,
object_free_timecourse,baseline,object_free,posterior_object_state,-0.0512750322743941,-0.06200350405731405,-0.04077357642608923,21,4.1,
object_free_timecourse,baseline,object_free,subsequent_predicted_object_state,-0.0512750322743941,-0.06222423528479826,-0.041079166069713846,21,4.1,
object_free_timecourse,baseline,object_free,signed_visual_innovation,-0.014567764731307048,-0.027486160329829167,0.003640165172341005,22,4.2,
object_free_timecourse,baseline,object_free,signed_object_correction,-0.004023049112042691,-0.00757498331026198,0.0010184576353938464,22,4.2,
object_free_timecourse,baseline,object_free,cumulative_signed_object_correction,-0.05795881047295767,-0.26675959526936516,0.14199559457347513,22,4.2,
object_free_timecourse,baseline,object_free,previsual_object_state,-0.050617358212208315,-0.07397816594921454,-0.03431531375258523,22,4.2,
object_free_timecourse,baseline,object_free,posterior_object_state,-0.05464040732425102,-0.0734630365682695,-0.03977811013023594,22,4.2,
object_free_timecourse,baseline,object_free,subsequent_predicted_object_state,-0.05464040732425102,-0.07309453363329237,-0.03970326985409207,22,4.2,
object_free_timecourse,baseline,object_free,signed_visual_innovation,-0.006554435858229877,-0.022261905982749585,0.02108009982301269,23,4.3,
object_free_timecourse,baseline,object_free,signed_object_correction,-0.0018106416807914542,-0.006161781208018287,0.005941438391161458,23,4.3,
object_free_timecourse,baseline,object_free,cumulative_signed_object_correction,-0.10412075151218077,-0.3056585381954548,0.09328909250900619,23,4.3,
object_free_timecourse,baseline,object_free,previsual_object_state,-0.061109488887163325,-0.09390420775311176,-0.039623511545185564,23,4.3,
object_free_timecourse,baseline,object_free,posterior_object_state,-0.06292013056795479,-0.08736998778139687,-0.045098730044381787,23,4.3,
object_free_timecourse,baseline,object_free,subsequent_predicted_object_state,-0.06292013056795479,-0.0864576137745581,-0.045540985981249886,23,4.3,
object_free_timecourse,baseline,object_free,signed_visual_innovation,-0.02013633348384076,-0.02649445888120716,-0.01236531279264918,20,4.4,
object_free_timecourse,baseline,object_free,signed_object_correction,-0.005560293016648163,-0.0073124359727552825,-0.0033473249488705317,20,4.4,
object_free_timecourse,baseline,object_free,cumulative_signed_object_correction,-0.15691410840389164,-0.3933086371643626,0.0725450897098543,20,4.4,
object_free_timecourse,baseline,object_free,previsual_object_state,-0.04745131287565084,-0.057443001358890966,-0.03771417614310132,20,4.4,
object_free_timecourse,baseline,object_free,posterior_object_state,-0.05301160589229901,-0.06292328817128733,-0.043093990569915655,20,4.4,
object_free_timecourse,baseline,object_free,subsequent_predicted_object_state,-0.05301160589229901,-0.06293267098986743,-0.04288820544367005,20,4.4,
object_free_timecourse,baseline,object_free,signed_visual_innovation,-0.0018710943308680172,-0.02027842143871099,0.027854223455826024,21,4.5,
object_free_timecourse,baseline,object_free,signed_object_correction,-0.0005187393124667585,-0.005541786154589169,0.00767798711266646,21,4.5,
object_free_timecourse,baseline,object_free,cumulative_signed_object_correction,-0.17814285678597255,-0.4045343633953906,0.044680345358971106,21,4.5,
object_free_timecourse,baseline,object_free,previsual_object_state,-0.06202936976366148,-0.09806954536036917,-0.03826990309009537,21,4.5,
object_free_timecourse,baseline,object_free,posterior_object_state,-0.06254810907612825,-0.09052307956668806,-0.04200860681990591,21,4.5,
object_free_timecourse,baseline,object_free,subsequent_predicted_object_state,-0.06254810907612825,-0.09155687751595999,-0.04191218316627679,21,4.5,
object_free_timecourse,baseline,object_free,signed_visual_innovation,-0.021860073306634413,-0.04764208535127503,-0.00399650164935353,20,4.6000000000000005,
object_free_timecourse,baseline,object_free,signed_object_correction,-0.006035997727118979,-0.013114916059596216,-0.0011229978813435389,20,4.6000000000000005,
object_free_timecourse,baseline,object_free,cumulative_signed_object_correction,-0.2286506161600536,-0.47128826728625833,0.015492629515908466,20,4.6000000000000005,
object_free_timecourse,baseline,object_free,previsual_object_state,-0.04745182653649695,-0.06086967131790819,-0.035657984750617294,20,4.6000000000000005,
object_free_timecourse,baseline,object_free,posterior_object_state,-0.053487824263615924,-0.06588498412115451,-0.04147029006728604,20,4.6000000000000005,
object_free_timecourse,baseline,object_free,subsequent_predicted_object_state,-0.053487824263615924,-0.0658328276315923,-0.04168386067882977,20,4.6000000000000005,
object_free_timecourse,baseline,object_free,signed_visual_innovation,-0.00829314102506189,-0.014249055249958913,-0.0019628582101968665,17,4.7,
object_free_timecourse,baseline,object_free,signed_object_correction,-0.002289963938150873,-0.003918929815774872,-0.0005587927033578781,17,4.7,
object_free_timecourse,baseline,object_free,cumulative_signed_object_correction,-0.17752521741920813,-0.4379847665249489,0.07426110026836423,17,4.7,
object_free_timecourse,baseline,object_free,previsual_object_state,-0.024003967493284695,-0.03665943636778046,-0.01172147860428205,17,4.7,
object_free_timecourse,baseline,object_free,posterior_object_state,-0.02629393143143557,-0.03897998767654839,-0.014682403550867106,17,4.7,
object_free_timecourse,baseline,object_free,subsequent_predicted_object_state,-0.02629393143143557,-0.03887166096476009,-0.014670683120163322,17,4.7,
object_free_timecourse,baseline,object_free,signed_visual_innovation,0.018186102456878045,-0.03252189422631746,0.08590705489071733,18,4.8,
object_free_timecourse,baseline,object_free,signed_object_correction,0.005019258873022654,-0.008755485959481226,0.023433102445959048,18,4.8,
object_free_timecourse,baseline,object_free,cumulative_signed_object_correction,-0.16326007468586934,-0.4057845248440005,0.07221567695227439,18,4.8,
object_free_timecourse,baseline,object_free,previsual_object_state,-0.040616492035038664,-0.10394044668046061,0.01631727751077944,18,4.8,
object_free_timecourse,baseline,object_free,posterior_object_state,-0.03559723316201601,-0.08237873840622337,0.00765987699319375,18,4.8,
object_free_timecourse,baseline,object_free,subsequent_predicted_object_state,-0.03559723316201601,-0.08201823157906694,0.007812195779469582,18,4.8,
object_free_timecourse,baseline,object_free,signed_visual_innovation,0.0021954055722547892,-0.01710025490658179,0.020809850403624777,20,4.9,
object_free_timecourse,baseline,object_free,signed_object_correction,0.0006053688471267494,-0.004587063445823251,0.005744662354328849,20,4.9,
object_free_timecourse,baseline,object_free,cumulative_signed_object_correction,-0.16899606547538643,-0.43362967218224996,0.09682504394019638,20,4.9,
object_free_timecourse,baseline,object_free,previsual_object_state,-0.023007276337712462,-0.04901361897312414,0.001768302559973033,20,4.9,
object_free_timecourse,baseline,object_free,posterior_object_state,-0.02240190749058571,-0.044267903181492804,-0.0017557956319098934,20,4.9,
object_free_timecourse,baseline,object_free,subsequent_predicted_object_state,-0.02240190749058571,-0.044332497715151256,-0.001547475077690747,20,4.9,
object_free_timecourse,baseline,object_free,signed_visual_innovation,0.00899706249230733,0.002080588598288105,0.016229960865737865,20,5.0,
object_free_timecourse,baseline,object_free,signed_object_correction,0.002483960376645241,0.000575161744988094,0.004491652515651649,20,5.0,
object_free_timecourse,baseline,object_free,cumulative_signed_object_correction,-0.16044295094512973,-0.4347694794648196,0.10727330850006463,20,5.0,
object_free_timecourse,baseline,object_free,previsual_object_state,-0.012888548597097194,-0.02264337203251324,-0.003177105530360978,20,5.0,
object_free_timecourse,baseline,object_free,posterior_object_state,-0.010404588220451951,-0.019832289072903596,-0.000560699389951085,20,5.0,
object_free_timecourse,baseline,object_free,subsequent_predicted_object_state,-0.010404588220451951,-0.02018328751454833,-0.0007094689939335192,20,5.0,
object_free_timecourse,baseline,object_free,signed_visual_innovation,-0.005818221230346986,-0.03679228191972271,0.013339268167209187,19,5.1000000000000005,
object_free_timecourse,baseline,object_free,signed_object_correction,-0.0016055554637193089,-0.010010304601093846,0.0036007661072026877,19,5.1000000000000005,
object_free_timecourse,baseline,object_free,cumulative_signed_object_correction,-0.011374788327937854,-0.2592622828762874,0.22241464151028273,19,5.1000000000000005,
object_free_timecourse,baseline,object_free,previsual_object_state,0.011885798723359946,-0.012672564214482695,0.04930240239041375,19,5.1000000000000005,
object_free_timecourse,baseline,object_free,posterior_object_state,0.010280243259640642,-0.010017925815097584,0.0384047073769927,19,5.1000000000000005,
object_free_timecourse,baseline,object_free,subsequent_predicted_object_state,0.010280243259640642,-0.010300571072123992,0.03901839341083083,19,5.1000000000000005,
object_free_timecourse,baseline,object_free,signed_visual_innovation,0.02385103988654022,0.008805012469936101,0.048022486775919214,20,5.2,
object_free_timecourse,baseline,object_free,signed_object_correction,0.006584516581694895,0.002375043184942368,0.01311892631846167,20,5.2,
object_free_timecourse,baseline,object_free,cumulative_signed_object_correction,0.04185550622620744,-0.19308814723205728,0.2698376342713352,20,5.2,
object_free_timecourse,baseline,object_free,previsual_object_state,-0.008018873878714878,-0.03744931685717384,0.013813366039997813,20,5.2,
object_free_timecourse,baseline,object_free,posterior_object_state,-0.0014343572970199826,-0.02393078673389659,0.016596780866587682,20,5.2,
object_free_timecourse,baseline,object_free,subsequent_predicted_object_state,-0.0014343572970199826,-0.02452222378811822,0.01675993534359318,20,5.2,
object_free_timecourse,baseline,object_free,signed_visual_innovation,0.024744672171908726,0.01791454513851808,0.03169704030230817,18,5.3,
object_free_timecourse,baseline,object_free,signed_object_correction,0.006832647533104435,0.004946451568966209,0.00871030719144645,18,5.3,
object_free_timecourse,baseline,object_free,cumulative_signed_object_correction,0.08210338749801344,-0.18572867258317355,0.3462285477843072,18,5.3,
object_free_timecourse,baseline,object_free,previsual_object_state,0.011629191052129182,-0.00012124256203896511,0.02269910213098688,18,5.3,
object_free_timecourse,baseline,object_free,posterior_object_state,0.01846183858523362,0.007119673192120921,0.0295377937458319,18,5.3,
object_free_timecourse,baseline,object_free,subsequent_predicted_object_state,0.01846183858523362,0.007230626377393804,0.029469751247997136,18,5.3,
object_free_timecourse,baseline,object_free,signed_visual_innovation,0.03806885819506172,0.004884105927312039,0.07260570959310762,22,5.4,
object_free_timecourse,baseline,object_free,signed_object_correction,0.010511274237958326,0.0014246502358401443,0.020082961951415946,22,5.4,
object_free_timecourse,baseline,object_free,cumulative_signed_object_correction,0.053886093944053685,-0.18704284984120223,0.2964122681239233,22,5.4,
object_free_timecourse,baseline,object_free,previsual_object_state,0.013199748188391026,-0.02431990802238565,0.04965923672663843,22,5.4,
object_free_timecourse,baseline,object_free,posterior_object_state,0.02371102242634935,-0.004423633462651608,0.05249675326588201,22,5.4,
object_free_timecourse,baseline,object_free,subsequent_predicted_object_state,0.02371102242634935,-0.0048410339222414835,0.05191612610318678,22,5.4,
object_free_timecourse,baseline,object_free,signed_visual_innovation,0.03229994365010445,0.01797121187848902,0.05135296183887972,21,5.5,
object_free_timecourse,baseline,object_free,signed_object_correction,0.008917734297852462,0.004939648531606829,0.014276025387462057,21,5.5,
object_free_timecourse,baseline,object_free,cumulative_signed_object_correction,0.18583065489640593,-0.07578266178360978,0.43748315568387663,21,5.5,
object_free_timecourse,baseline,object_free,previsual_object_state,0.023940684934218998,0.0024887880961882197,0.04273666890716236,21,5.5,
object_free_timecourse,baseline,object_free,posterior_object_state,0.03285841923207146,0.01497873587161524,0.04993659293628923,21,5.5,
object_free_timecourse,baseline,object_free,subsequent_predicted_object_state,0.03285841923207146,0.015166012795555826,0.0498391385628837,21,5.5,
object_free_timecourse,baseline,object_free,signed_visual_innovation,0.026348146824982065,0.020403228232970173,0.032422985536736254,20,5.6000000000000005,
object_free_timecourse,baseline,object_free,signed_object_correction,0.007275562424723677,0.005634752231529038,0.00891779476052798,20,5.6000000000000005,
object_free_timecourse,baseline,object_free,cumulative_signed_object_correction,0.23850245700825307,-0.025160286954091133,0.49985736104953654,20,5.6000000000000005,
object_free_timecourse,baseline,object_free,previsual_object_state,0.040095000221873386,0.02731033411339619,0.05147474196654239,20,5.6000000000000005,
object_free_timecourse,baseline,object_free,posterior_object_state,0.04737056264659706,0.03455585923041691,0.05875891364672891,20,5.6000000000000005,
object_free_timecourse,baseline,object_free,subsequent_predicted_object_state,0.04737056264659706,0.034816658063366465,0.058698454334266396,20,5.6000000000000005,
object_free_timecourse,baseline,object_free,signed_visual_innovation,0.012811651387811563,-0.00918924530636527,0.027870107098671264,20,5.7,
object_free_timecourse,baseline,object_free,signed_object_correction,0.0035375646283913103,-0.0023790606945966954,0.0076526560127120995,20,5.7,
object_free_timecourse,baseline,object_free,cumulative_signed_object_correction,0.2784743262922857,0.008487696676970807,0.5501718871166923,20,5.7,
object_free_timecourse,baseline,object_free,previsual_object_state,0.04544691555307415,0.02806439347565994,0.06698673580070952,20,5.7,
object_free_timecourse,baseline,object_free,posterior_object_state,0.04898448018146546,0.034142715635845505,0.06667586734917512,20,5.7,
object_free_timecourse,baseline,object_free,subsequent_predicted_object_state,0.04898448018146546,0.03400773755441824,0.06630702487730501,20,5.7,
object_free_timecourse,baseline,object_free,signed_visual_innovation,0.03169171479526664,-0.009747824035914033,0.0701203267373095,23,5.8,
object_free_timecourse,baseline,object_free,signed_object_correction,0.008742200497375736,-0.002749588963854795,0.019536037261866913,23,5.8,
object_free_timecourse,baseline,object_free,cumulative_signed_object_correction,0.20954714474191488,-0.08333826786126337,0.49634333048264145,23,5.8,
object_free_timecourse,baseline,object_free,previsual_object_state,0.03060876705187556,-0.010305748261587632,0.07318935998788059,23,5.8,
object_free_timecourse,baseline,object_free,posterior_object_state,0.03935096754925129,0.007949104363700379,0.07149210336109685,23,5.8,
object_free_timecourse,baseline,object_free,subsequent_predicted_object_state,0.03935096754925129,0.00790794528007166,0.07145508850535982,23,5.8,
object_free_timecourse,baseline,object_free,signed_visual_innovation,0.024385278690818326,0.01669622016021178,0.03194081554365111,22,5.9,
object_free_timecourse,baseline,object_free,signed_object_correction,0.006730908224525729,0.004650828699875705,0.008842666466844186,22,5.9,
object_free_timecourse,baseline,object_free,cumulative_signed_object_correction,0.30302070586160396,-0.01157542740010629,0.6056253691717485,22,5.9,
object_free_timecourse,baseline,object_free,previsual_object_state,0.049147689835771266,0.03294153075410616,0.06805536396440243,22,5.9,
object_free_timecourse,baseline,object_free,posterior_object_state,0.05587859806029702,0.03998800151950968,0.07341095469692738,22,5.9,
object_free_timecourse,baseline,object_free,subsequent_predicted_object_state,0.05587859806029702,0.04031015249913155,0.07333695200310149,22,5.9,
object_free_timecourse,baseline,object_free,signed_visual_innovation,0.011036418181636637,-0.0059079840660725014,0.028559451215217878,23,6.0,
object_free_timecourse,baseline,object_free,signed_object_correction,0.003047357324955111,-0.0016970270030654561,0.007936376067907213,23,6.0,
object_free_timecourse,baseline,object_free,cumulative_signed_object_correction,0.4166636967298508,0.15644051495256556,0.6737999187277429,23,6.0,
object_free_timecourse,baseline,object_free,previsual_object_state,0.041818652791230475,0.018139186754749473,0.06749631492924091,23,6.0,
object_free_timecourse,baseline,object_free,posterior_object_state,0.04486601011618559,0.025494506883852523,0.0665566779218145,23,6.0,
object_free_timecourse,baseline,object_free,subsequent_predicted_object_state,0.04486601011618559,0.025955339139617683,0.06659793373008185,23,6.0,
object_free_timecourse,baseline,object_free,signed_visual_innovation,0.009889865249713099,-0.003768037665912074,0.020277066528344902,21,6.1000000000000005,
object_free_timecourse,baseline,object_free,signed_object_correction,0.0027308186249030463,-0.0009677186142599514,0.005562231478095397,21,6.1000000000000005,
object_free_timecourse,baseline,object_free,cumulative_signed_object_correction,0.41663358433049347,0.12540734343297222,0.704620479818201,21,6.1000000000000005,
object_free_timecourse,baseline,object_free,previsual_object_state,0.031007412673493738,0.01781229609483129,0.04616416980385357,21,6.1000000000000005,
object_free_timecourse,baseline,object_free,posterior_object_state,0.03373823129839678,0.021897379807534166,0.045950821898600086,21,6.1000000000000005,
object_free_timecourse,baseline,object_free,subsequent_predicted_object_state,0.03373823129839678,0.02199075437124239,0.04637519705980056,21,6.1000000000000005,
object_free_timecourse,baseline,object_free,signed_visual_innovation,-0.005106604893336393,-0.027194570416495825,0.0080088011239959,21,6.2,
object_free_timecourse,baseline,object_free,signed_object_correction,-0.001408598474019205,-0.007386549207721111,0.002241011292950909,21,6.2,
object_free_timecourse,baseline,object_free,cumulative_signed_object_correction,0.3997789965221193,0.10152874354214704,0.7019005867000228,21,6.2,
object_free_timecourse,baseline,object_free,previsual_object_state,0.030115758847887548,0.013211603956786586,0.05524052135010712,21,6.2,
object_free_timecourse,baseline,object_free,posterior_object_state,0.02870716037386834,0.014289087637405848,0.04844630195472739,21,6.2,
object_free_timecourse,baseline,object_free,subsequent_predicted_object_state,0.02870716037386834,0.014148421067368286,0.04876050803086062,21,6.2,
object_free_timecourse,baseline,object_free,signed_visual_innovation,-0.013238051452859195,-0.03504271237708559,0.0007527641017175408,22,6.3,
object_free_timecourse,baseline,object_free,signed_object_correction,-0.0036535109110682616,-0.009654690399187385,0.00016843227862726052,22,6.3,
object_free_timecourse,baseline,object_free,cumulative_signed_object_correction,0.4033610626405524,0.10888868675750375,0.6910474498194638,22,6.3,
object_free_timecourse,baseline,object_free,previsual_object_state,0.022416166136177827,0.003812473243576696,0.050136038948996986,22,6.3,
object_free_timecourse,baseline,object_free,posterior_object_state,0.018762655225109563,0.002710627162742995,0.04118955838454474,22,6.3,
object_free_timecourse,baseline,object_free,subsequent_predicted_object_state,0.018762655225109563,0.002899444595484782,0.040567120804060566,22,6.3,
object_free_timecourse,baseline,object_free,signed_visual_innovation,-0.0015280081631179438,-0.008611407118146308,0.0053388266501093185,21,6.4,
object_free_timecourse,baseline,object_free,signed_object_correction,-0.0004207140860499376,-0.002362265220073038,0.0014861548692201069,21,6.4,
object_free_timecourse,baseline,object_free,cumulative_signed_object_correction,0.4147471381360284,0.11061394225796596,0.7151680515183284,21,6.4,
object_free_timecourse,baseline,object_free,previsual_object_state,0.00435626232110524,-0.0054977433872273,0.014571310325118084,21,6.4,
object_free_timecourse,baseline,object_free,posterior_object_state,0.003935548235055301,-0.004927953307053672,0.013227330390106162,21,6.4,
object_free_timecourse,baseline,object_free,subsequent_predicted_object_state,0.003935548235055301,-0.0052135215668534796,0.013104347562855171,21,6.4,
object_free_timecourse,baseline,object_free,signed_visual_innovation,-0.015128071829994986,-0.02143731315589713,-0.008723503584040247,20,6.5,
object_free_timecourse,baseline,object_free,signed_object_correction,-0.004176909599331924,-0.005960728528602376,-0.0023412429557828364,20,6.5,
object_free_timecourse,baseline,object_free,cumulative_signed_object_correction,0.3386382514519868,0.046071876545008,0.6407156584292478,20,6.5,
object_free_timecourse,baseline,object_free,previsual_object_state,-0.007842775746049363,-0.0218877032660713,0.006610241481808975,20,6.5,
object_free_timecourse,baseline,object_free,posterior_object_state,-0.012019685345381288,-0.02619903572914117,0.0020550272417010755,20,6.5,
object_free_timecourse,baseline,object_free,subsequent_predicted_object_state,-0.012019685345381288,-0.0257494077377964,0.001785252141539442,20,6.5,
object_free_timecourse,baseline,object_free,signed_visual_innovation,-0.02130284188061539,-0.02875852761618891,-0.01405428818915594,18,6.6000000000000005,
object_free_timecourse,baseline,object_free,signed_object_correction,-0.005881696501499418,-0.007879330406943474,-0.0038970654838290483,18,6.6000000000000005,
object_free_timecourse,baseline,object_free,cumulative_signed_object_correction,0.30287473284993066,-0.021643544393839347,0.6275473132672079,18,6.6000000000000005,
object_free_timecourse,baseline,object_free,previsual_object_state,-0.022325300235034925,-0.03533611037091498,-0.009800821103771677,18,6.6000000000000005,
object_free_timecourse,baseline,object_free,posterior_object_state,-0.028206996736534342,-0.03997494219317611,-0.016306902169151836,18,6.6000000000000005,
object_free_timecourse,baseline,object_free,subsequent_predicted_object_state,-0.028206996736534342,-0.040328354833050015,-0.016364835957054347,18,6.6000000000000005,
object_free_timecourse,baseline,object_free,signed_visual_innovation,-0.042915902359370255,-0.07847975846621999,-0.017081156718916142,19,6.7,
object_free_timecourse,baseline,object_free,signed_object_correction,-0.011847720518814372,-0.0217837463290838,-0.004688257264659252,19,6.7,
object_free_timecourse,baseline,object_free,cumulative_signed_object_correction,0.16005118570862728,-0.21844647172169224,0.5122028247858056,19,6.7,
object_free_timecourse,baseline,object_free,previsual_object_state,-0.010557388723109762,-0.04068373261788856,0.029871353164254877,19,6.7,
object_free_timecourse,baseline,object_free,posterior_object_state,-0.022405109241924133,-0.04619096920138884,0.0077015194115057205,19,6.7,
object_free_timecourse,baseline,object_free,subsequent_predicted_object_state,-0.022405109241924133,-0.046368982828597465,0.008147340268654057,19,6.7,
object_free_timecourse,baseline,object_free,signed_visual_innovation,-0.048700876350148914,-0.08301522290181507,-0.023407519605948116,20,6.8,
object_free_timecourse,baseline,object_free,signed_object_correction,-0.013445872649442265,-0.02298594379388627,-0.006490239524752787,20,6.8,
object_free_timecourse,baseline,object_free,cumulative_signed_object_correction,0.08334728121777948,-0.28248424041986564,0.4339030496591777,20,6.8,
object_free_timecourse,baseline,object_free,previsual_object_state,-0.011615720591348248,-0.039038811863990386,0.024712893743449676,20,6.8,
object_free_timecourse,baseline,object_free,posterior_object_state,-0.025061593240790513,-0.046060286070854835,0.0012240612666964325,20,6.8,
object_free_timecourse,baseline,object_free,subsequent_predicted_object_state,-0.025061593240790513,-0.04668498439443947,0.0023266554416486703,20,6.8,
object_free_timecourse,baseline,object_free,signed_visual_innovation,-0.01915554926803358,-0.05199296222250989,0.030543037963793932,21,6.9,
object_free_timecourse,baseline,object_free,signed_object_correction,-0.005289710542807742,-0.014394957376214988,0.008335448188075934,21,6.9,
object_free_timecourse,baseline,object_free,cumulative_signed_object_correction,-0.01009541177673253,-0.3670300067720691,0.3310301392810432,21,6.9,
object_free_timecourse,baseline,object_free,previsual_object_state,-0.04783832352242583,-0.08917077055391363,-0.017722982167382204,21,6.9,
object_free_timecourse,baseline,object_free,posterior_object_state,-0.053128034065233566,-0.08132923636957835,-0.031080619297781727,21,6.9,
object_free_timecourse,baseline,object_free,subsequent_predicted_object_state,-0.053128034065233566,-0.08072295635713782,-0.030717999151570845,21,6.9,
object_free_timecourse,baseline,object_free,signed_visual_innovation,-0.018082657053644823,-0.030423659658903018,-0.0019023946167494755,21,7.0,
object_free_timecourse,baseline,object_free,signed_object_correction,-0.004996188573411642,-0.008293211447970215,-0.0006162134965708275,21,7.0,
object_free_timecourse,baseline,object_free,cumulative_signed_object_correction,-0.04518817532414985,-0.4128693253665168,0.2949071886297957,21,7.0,
object_free_timecourse,baseline,object_free,previsual_object_state,-0.047757373210688424,-0.06471258508396775,-0.03443487805974166,21,7.0,
object_free_timecourse,baseline,object_free,posterior_object_state,-0.05275356178410005,-0.06594626408395682,-0.04221257371910545,21,7.0,
object_free_timecourse,baseline,object_free,subsequent_predicted_object_state,-0.05275356178410005,-0.0660111862946297,-0.042298269645718346,21,7.0,
object_free_timecourse,baseline,object_free,signed_visual_innovation,-0.04324941220331212,-0.058451896110821695,-0.03356317605755458,22,7.1000000000000005,
object_free_timecourse,baseline,object_free,signed_object_correction,-0.011942117888575599,-0.016155218460847505,-0.009263362079223307,22,7.1000000000000005,
object_free_timecourse,baseline,object_free,cumulative_signed_object_correction,-0.14226147862329458,-0.4919538997194437,0.18342106294965857,22,7.1000000000000005,
object_free_timecourse,baseline,object_free,previsual_object_state,-0.030764980848293367,-0.04552717826159708,-0.010956341341952664,22,7.1000000000000005,
object_free_timecourse,baseline,object_free,posterior_object_state,-0.042707098736868974,-0.056148406676619744,-0.025997449179668897,22,7.1000000000000005,
object_free_timecourse,baseline,object_free,subsequent_predicted_object_state,-0.042707098736868974,-0.05592724030099098,-0.026092158735278974,22,7.1000000000000005,
object_free_timecourse,baseline,object_free,signed_visual_innovation,-0.0384919781439617,-0.05544191143438438,-0.027273278184309625,23,7.2,
object_free_timecourse,baseline,object_free,signed_object_correction,-0.01062724287595104,-0.015288393298732725,-0.007548396262647588,23,7.2,
object_free_timecourse,baseline,object_free,cumulative_signed_object_correction,-0.17947577066904105,-0.5354866133684004,0.14523631187395553,23,7.2,
object_free_timecourse,baseline,object_free,previsual_object_state,-0.03558180583710647,-0.05270458999215972,-0.014339343339727521,23,7.2,
object_free_timecourse,baseline,object_free,posterior_object_state,-0.04620904871305751,-0.061928984596328944,-0.027742005104308617,23,7.2,
object_free_timecourse,baseline,object_free,subsequent_predicted_object_state,-0.04620904871305751,-0.06185852349859544,-0.028117806302535808,23,7.2,
object_free_timecourse,baseline,object_free,signed_visual_innovation,-0.02984579087062698,-0.057306262124899525,-0.0018525351155550122,25,7.3,
object_free_timecourse,baseline,object_free,signed_object_correction,-0.008240223471400316,-0.01565899906668831,-0.0004049340658744093,25,7.3,
object_free_timecourse,baseline,object_free,cumulative_signed_object_correction,-0.23273608167365814,-0.565962096745698,0.08330551006160933,25,7.3,
object_free_timecourse,baseline,object_free,previsual_object_state,-0.04800574471936907,-0.07398636135490155,-0.021999083844478743,25,7.3,
object_free_timecourse,baseline,object_free,posterior_object_state,-0.05624596819076937,-0.07625056709349928,-0.037202023743021256,25,7.3,
object_free_timecourse,baseline,object_free,subsequent_predicted_object_state,-0.05624596819076937,-0.07545193126883262,-0.036546570490198646,25,7.3,
object_free_timecourse,baseline,object_free,signed_visual_innovation,-0.023720672624795498,-0.03457498399823378,-0.006823020691249206,26,7.4,
object_free_timecourse,baseline,object_free,signed_object_correction,-0.006549860763431206,-0.009598636506802469,-0.0020577125434467014,26,7.4,
object_free_timecourse,baseline,object_free,cumulative_signed_object_correction,-0.3218724859027374,-0.6348938617893548,-0.01480307225917354,26,7.4,
object_free_timecourse,baseline,object_free,previsual_object_state,-0.05399240309844597,-0.074622745350108,-0.03840941786599017,26,7.4,
object_free_timecourse,baseline,object_free,posterior_object_state,-0.06054226386187717,-0.07763025801987368,-0.046601248039385944,26,7.4,
object_free_timecourse,baseline,object_free,subsequent_predicted_object_state,-0.06054226386187717,-0.07711928907944512,-0.04659865302101055,26,7.4,
object_free_timecourse,baseline,object_free,signed_visual_innovation,-0.018831472838309694,-0.03406405300061916,-0.003074407919995564,28,7.5,
object_free_timecourse,baseline,object_free,signed_object_correction,-0.0051983769895035436,-0.009463672355446573,-0.0009324192270195932,28,7.5,
object_free_timecourse,baseline,object_free,cumulative_signed_object_correction,-0.3396255322481276,-0.6435345640395566,-0.05397149195133095,28,7.5,
object_free_timecourse,baseline,object_free,previsual_object_state,-0.037128061142400366,-0.05924580602202907,-0.015535062180499822,28,7.5,
object_free_timecourse,baseline,object_free,posterior_object_state,-0.04232643813190391,-0.06069973535705813,-0.02351782313162094,28,7.5,
object_free_timecourse,baseline,object_free,subsequent_predicted_object_state,-0.04232643813190391,-0.06058774332542361,-0.024342000201105902,28,7.5,
object_free_timecourse,baseline,object_free,signed_visual_innovation,-0.03832590318593804,-0.08125750126057547,-0.014108151393468405,29,7.6000000000000005,
object_free_timecourse,baseline,object_free,signed_object_correction,-0.010584018343077905,-0.022511396722946705,-0.0039255395234638665,29,7.6000000000000005,
object_free_timecourse,baseline,object_free,cumulative_signed_object_correction,-0.3818614737215293,-0.6773772078738323,-0.10055283325204241,29,7.6000000000000005,
object_free_timecourse,baseline,object_free,previsual_object_state,-0.016879796234412436,-0.04075118856431673,0.02000044274430759,29,7.6000000000000005,
object_free_timecourse,baseline,object_free,posterior_object_state,-0.02746381457749034,-0.04545455283541331,-0.002276476078192374,29,7.6000000000000005,
object_free_timecourse,baseline,object_free,subsequent_predicted_object_state,-0.02746381457749034,-0.04556604636567674,-0.0010201382224359473,29,7.6000000000000005,
object_free_timecourse,baseline,object_free,signed_visual_innovation,-0.002973332761371315,-0.01953814889634446,0.020666167273459962,30,7.7,
object_free_timecourse,baseline,object_free,signed_object_correction,-0.0008210601817090844,-0.005311355344615292,0.005671767490791285,30,7.7,
object_free_timecourse,baseline,object_free,cumulative_signed_object_correction,-0.4189184237822603,-0.7047538813809335,-0.14796677187748536,30,7.7,
object_free_timecourse,baseline,object_free,previsual_object_state,-0.025979767970808285,-0.04632031954131434,-0.010226341900172372,30,7.7,
object_free_timecourse,baseline,object_free,posterior_object_state,-0.02680082815251737,-0.04208756717143478,-0.014465037472673605,30,7.7,
object_free_timecourse,baseline,object_free,subsequent_predicted_object_state,-0.02680082815251737,-0.04146004320518717,-0.014689993085926199,30,7.7,
object_free_timecourse,baseline,object_free,signed_visual_innovation,-0.003722168569534571,-0.009152923417119733,0.0013918655969063086,30,7.8,
object_free_timecourse,baseline,object_free,signed_object_correction,-0.0010280811321898788,-0.0024745303235382773,0.00037770081305858754,30,7.8,
object_free_timecourse,baseline,object_free,cumulative_signed_object_correction,-0.4399684350551635,-0.726650827119914,-0.1682148616920983,30,7.8,
object_free_timecourse,baseline,object_free,previsual_object_state,-0.016310402806127652,-0.026581287640045102,-0.0055503007361229085,30,7.8,
object_free_timecourse,baseline,object_free,posterior_object_state,-0.017338483938317533,-0.02834348399436104,-0.006401057668182164,30,7.8,
object_free_timecourse,baseline,object_free,subsequent_predicted_object_state,-0.017338483938317533,-0.028189379146408833,-0.00627211716705021,30,7.8,
object_free_timecourse,baseline,object_free,signed_visual_innovation,0.002815530488867054,-0.002776122333709554,0.008450758964445543,30,7.9,
object_free_timecourse,baseline,object_free,signed_object_correction,0.0007758612403603129,-0.0007310331381338657,0.002338042628256875,30,7.9,
object_free_timecourse,baseline,object_free,cumulative_signed_object_correction,-0.440843963936946,-0.7199126679875338,-0.16690970606123426,30,7.9,
object_free_timecourse,baseline,object_free,previsual_object_state,-0.0002241252319553896,-0.010005070042051662,0.009052411092613033,30,7.9,
object_free_timecourse,baseline,object_free,posterior_object_state,0.0005517360084049231,-0.00847680172978762,0.009457555803761408,30,7.9,
object_free_timecourse,baseline,object_free,subsequent_predicted_object_state,0.0005517360084049231,-0.008485793588124577,0.009605097003558886,30,7.9,
object_free_timecourse,baseline,object_free,signed_visual_innovation,0.007830452393442452,0.002209002545649005,0.013200411181762184,30,8.0,
object_free_timecourse,baseline,object_free,signed_object_correction,0.002161165062360675,0.0006342701555115852,0.0036406927215992015,30,8.0,
object_free_timecourse,baseline,object_free,cumulative_signed_object_correction,-0.4249554275099269,-0.7238187487737235,-0.14721265271279974,30,8.0,
object_free_timecourse,baseline,object_free,previsual_object_state,0.011778039469031174,0.0024171230347910066,0.021134468811866484,30,8.0,
object_free_timecourse,baseline,object_free,posterior_object_state,0.013939204531391847,0.004436709175432802,0.02342355577884568,30,8.0,
object_free_timecourse,baseline,object_free,subsequent_predicted_object_state,0.013939204531391847,0.004473780174498794,0.023555351417767677,30,8.0,
object_free_timecourse,baseline,object_free,signed_visual_innovation,0.009112462284160499,0.00327826701982465,0.01494037684242786,30,8.1,
object_free_timecourse,baseline,object_free,signed_object_correction,0.002515600064954104,0.0008741788050451827,0.004107268749576546,30,8.1,
object_free_timecourse,baseline,object_free,cumulative_signed_object_correction,-0.40235136354658707,-0.693655486929598,-0.12944430819065939,30,8.1,
object_free_timecourse,baseline,object_free,previsual_object_state,0.012889674206526652,0.004635060933941915,0.021440602388667795,30,8.1,
object_free_timecourse,baseline,object_free,posterior_object_state,0.015405274271480756,0.007285361122772496,0.023711484024199342,30,8.1,
object_free_timecourse,baseline,object_free,subsequent_predicted_object_state,0.015405274271480756,0.007105008923026548,0.023898649014483398,30,8.1,
object_free_timecourse,baseline,object_free,signed_visual_innovation,0.020558555346829554,0.01502473159879007,0.025779658198361866,30,8.2,
object_free_timecourse,baseline,object_free,signed_object_correction,0.0056753891494621955,0.004142204296928233,0.007178483943812424,30,8.2,
object_free_timecourse,baseline,object_free,cumulative_signed_object_correction,-0.3602348267979371,-0.6471717887774694,-0.08423261392297388,30,8.2,
object_free_timecourse,baseline,object_free,previsual_object_state,0.015807160610230304,0.004835783644370719,0.02612330806544915,30,8.2,
object_free_timecourse,baseline,object_free,posterior_object_state,0.02148254975969249,0.010178205993113231,0.031638985341280144,30,8.2,
object_free_timecourse,baseline,object_free,subsequent_predicted_object_state,0.02148254975969249,0.010401337107555282,0.031820336824251096,30,8.2,
object_free_timecourse,baseline,object_free,signed_visual_innovation,0.016552821839488172,0.004254114761338802,0.028816645532640132,30,8.3,
object_free_timecourse,baseline,object_free,signed_object_correction,0.0045692844068956386,0.0012039667913804613,0.00787080895658622,30,8.3,
object_free_timecourse,baseline,object_free,cumulative_signed_object_correction,-0.3231991063938982,-0.6094749680857965,-0.045429115593024996,30,8.3,
object_free_timecourse,baseline,object_free,previsual_object_state,0.024374469316265315,0.011211602654430643,0.03742838662667516,30,8.3,
object_free_timecourse,baseline,object_free,posterior_object_state,0.028943753723160957,0.015737611251536634,0.04174360344692184,30,8.3,
object_free_timecourse,baseline,object_free,subsequent_predicted_object_state,0.028943753723160957,0.015999430876820785,0.042160061340846884,30,8.3,
object_free_timecourse,reduced_reliability,object_free,signed_visual_innovation,0.01955903351198261,0.01369361523121654,0.025376526516780407,30,0.0,
object_free_timecourse,reduced_reliability,object_free,signed_object_correction,0.005203657472937522,0.003602293668949098,0.006750418935419366,30,0.0,
object_free_timecourse,reduced_reliability,object_free,cumulative_signed_object_correction,0.03054447016212832,0.016633911962125873,0.044467609922919565,30,0.0,
object_free_timecourse,reduced_reliability,object_free,previsual_object_state,0.01766602497963658,-0.011122830181121568,0.046694014425359615,30,0.0,
object_free_timecourse,reduced_reliability,object_free,posterior_object_state,0.0228696824525741,-0.006404579761237065,0.05268316025014219,30,0.0,
object_free_timecourse,reduced_reliability,object_free,subsequent_predicted_object_state,0.0228696824525741,-0.006638386828855081,0.052736652215651623,30,0.0,
object_free_timecourse,reduced_reliability,object_free,signed_visual_innovation,0.02595309390625291,0.020539320127438754,0.031451130316523364,30,0.1,
object_free_timecourse,reduced_reliability,object_free,signed_object_correction,0.006767352506695551,0.005320690373520186,0.008253529314716868,30,0.1,
object_free_timecourse,reduced_reliability,object_free,cumulative_signed_object_correction,0.09720939956886106,0.08200860332792297,0.11278381222423899,30,0.1,
object_free_timecourse,reduced_reliability,object_free,previsual_object_state,0.020257112976610637,-0.00860584416072641,0.049652516323129045,30,0.1,
object_free_timecourse,reduced_reliability,object_free,posterior_object_state,0.027024465483306195,-0.0017174261469699594,0.05585924789738545,30,0.1,
object_free_timecourse,reduced_reliability,object_free,subsequent_predicted_object_state,0.027024465483306195,-0.0019548019242636703,0.05663997767319636,30,0.1,
object_free_timecourse,reduced_reliability,object_free,signed_visual_innovation,0.02838781985353582,0.022673135368824135,0.03424696292527702,30,0.2,
object_free_timecourse,reduced_reliability,object_free,signed_object_correction,0.007423725543096931,0.005897586130946402,0.009001492473589019,30,0.2,
object_free_timecourse,reduced_reliability,object_free,cumulative_signed_object_correction,0.16468951497284268,0.15060770224258202,0.17969530510873202,30,0.2,
object_free_timecourse,reduced_reliability,object_free,previsual_object_state,0.027426508814803567,0.006958732557390607,0.04856704423435949,30,0.2,
object_free_timecourse,reduced_reliability,object_free,posterior_object_state,0.034850234357900495,0.015263602224939485,0.05602705878733109,30,0.2,
object_free_timecourse,reduced_reliability,object_free,subsequent_predicted_object_state,0.034850234357900495,0.015230237236160682,0.05568887523102516,30,0.2,
object_free_timecourse,reduced_reliability,object_free,signed_visual_innovation,0.02701377681632387,0.022696291878290586,0.03130623231110346,30,0.3,
object_free_timecourse,reduced_reliability,object_free,signed_object_correction,0.007083286771588206,0.005975984246898951,0.008209315377221174,30,0.3,
object_free_timecourse,reduced_reliability,object_free,cumulative_signed_object_correction,0.23206626420622975,0.21603366353764758,0.2488652654105794,30,0.3,
object_free_timecourse,reduced_reliability,object_free,previsual_object_state,0.02803379165051668,0.008673030058792797,0.04869790151444266,30,0.3,
object_free_timecourse,reduced_reliability,object_free,posterior_object_state,0.03511707842210489,0.015508554103272662,0.05573079860176709,30,0.3,
object_free_timecourse,reduced_reliability,object_free,subsequent_predicted_object_state,0.03511707842210489,0.015498990646735825,0.05499539956106508,30,0.3,
object_free_timecourse,reduced_reliability,object_free,signed_visual_innovation,0.028736343951585697,0.022973599822811643,0.03444095126984574,30,0.4,
object_free_timecourse,reduced_reliability,object_free,signed_object_correction,0.007545629775221749,0.006033361124335872,0.009045669906422193,30,0.4,
object_free_timecourse,reduced_reliability,object_free,cumulative_signed_object_correction,0.30312870060061753,0.2879082859083057,0.3182330511638409,30,0.4,
object_free_timecourse,reduced_reliability,object_free,previsual_object_state,0.03825449930893594,0.01918264255731175,0.057115619306196595,30,0.4,
object_free_timecourse,reduced_reliability,object_free,posterior_object_state,0.04580012908415769,0.02728586382900279,0.06485587682902694,30,0.4,
object_free_timecourse,reduced_reliability,object_free,subsequent_predicted_object_state,0.04580012908415769,0.027213916374356908,0.06442051861286764,30,0.4,
object_free_timecourse,reduced_reliability,object_free,signed_visual_innovation,0.01880462927827521,0.01363744618635563,0.02408122744856542,29,0.5,
object_free_timecourse,reduced_reliability,object_free,signed_object_correction,0.004941076315768002,0.0035467693569989646,0.006329871135573419,29,0.5,
object_free_timecourse,reduced_reliability,object_free,cumulative_signed_object_correction,0.3655021680693259,0.3500482788465972,0.3809885834044662,29,0.5,
object_free_timecourse,reduced_reliability,object_free,previsual_object_state,0.033156475444544406,0.012061106765394156,0.05353682609419632,29,0.5,
object_free_timecourse,reduced_reliability,object_free,posterior_object_state,0.038097551760312404,0.017436540319697408,0.05853505503609185,29,0.5,
object_free_timecourse,reduced_reliability,object_free,subsequent_predicted_object_state,0.038097551760312404,0.017832498061669602,0.05850237761252969,29,0.5,
object_free_timecourse,reduced_reliability,object_free,signed_visual_innovation,0.021404748471859157,0.016039587596446764,0.026244928967989967,28,0.6,
object_free_timecourse,reduced_reliability,object_free,signed_object_correction,0.005627518061461939,0.00427834464434401,0.006907263500588149,28,0.6,
object_free_timecourse,reduced_reliability,object_free,cumulative_signed_object_correction,0.4240860213105764,0.4087055675849583,0.4397845874689835,28,0.6,
object_free_timecourse,reduced_reliability,object_free,previsual_object_state,0.0330968915894432,0.009603581302226539,0.05761255116088474,28,0.6,
object_free_timecourse,reduced_reliability,object_free,posterior_object_state,0.03872440965090513,0.014220689669534351,0.06343303885576466,28,0.6,
object_free_timecourse,reduced_reliability,object_free,subsequent_predicted_object_state,0.03872440965090513,0.014859288911262697,0.06317239407801849,28,0.6,
object_free_timecourse,reduced_reliability,object_free,signed_visual_innovation,0.02241821877780502,0.017976377519451026,0.027227629769713546,27,0.7000000000000001,
object_free_timecourse,reduced_reliability,object_free,signed_object_correction,0.005894765410381224,0.004691202313857422,0.007174877694602672,27,0.7000000000000001,
object_free_timecourse,reduced_reliability,object_free,cumulative_signed_object_correction,0.4848492891759185,0.46783535308048313,0.502013921269879,27,0.7000000000000001,
object_free_timecourse,reduced_reliability,object_free,previsual_object_state,0.044744237128347436,0.022305104767111582,0.0667297950697586,27,0.7000000000000001,
object_free_timecourse,reduced_reliability,object_free,posterior_object_state,0.05063900253872866,0.02768628087843991,0.0722204944025587,27,0.7000000000000001,
object_free_timecourse,reduced_reliability,object_free,subsequent_predicted_object_state,0.05063900253872866,0.028260760144275542,0.07222130131717071,27,0.7000000000000001,
object_free_timecourse,reduced_reliability,object_free,signed_visual_innovation,0.010286028599561483,0.003913802343227508,0.016278512557407265,25,0.8,
object_free_timecourse,reduced_reliability,object_free,signed_object_correction,0.0027044631879881583,0.00099808645139722,0.004267564706856531,25,0.8,
object_free_timecourse,reduced_reliability,object_free,cumulative_signed_object_correction,0.5194594785773627,0.5063104693027612,0.5339415419076324,25,0.8,
object_free_timecourse,reduced_reliability,object_free,previsual_object_state,0.05442426242209618,0.03545862245734941,0.07313367437100379,25,0.8,
object_free_timecourse,reduced_reliability,object_free,posterior_object_state,0.057128725610084335,0.03872099203806322,0.07606015081033113,25,0.8,
object_free_timecourse,reduced_reliability,object_free,subsequent_predicted_object_state,0.057128725610084335,0.03796511813900942,0.07559698526190982,25,0.8,
object_free_timecourse,reduced_reliability,object_free,signed_visual_innovation,0.005650267135369961,0.0005434610440453043,0.011116623490562857,24,0.9,
object_free_timecourse,reduced_reliability,object_free,signed_object_correction,0.001484603981462508,0.00012576173500649873,0.002936702543501082,24,0.9,
object_free_timecourse,reduced_reliability,object_free,cumulative_signed_object_correction,0.54008431077787,0.5250581352687255,0.5550301260317059,24,0.9,
object_free_timecourse,reduced_reliability,object_free,previsual_object_state,0.046463435043931356,0.0264203225900574,0.06572967631451658,24,0.9,
object_free_timecourse,reduced_reliability,object_free,posterior_object_state,0.04794803902539387,0.02759611530232673,0.06695738741642879,24,0.9,
object_free_timecourse,reduced_reliability,object_free,subsequent_predicted_object_state,0.04794803902539387,0.027863653436780027,0.06761940823216096,24,0.9,
object_free_timecourse,reduced_reliability,object_free,signed_visual_innovation,0.007565588942476833,-0.001825799602950439,0.016198182038124315,23,1.0,
object_free_timecourse,reduced_reliability,object_free,signed_object_correction,0.0019893669114903123,-0.00044528299201471616,0.00431419437710749,23,1.0,
object_free_timecourse,reduced_reliability,object_free,cumulative_signed_object_correction,0.5654998065171465,0.5470224635938771,0.5835570201665828,23,1.0,
object_free_timecourse,reduced_reliability,object_free,previsual_object_state,0.04510382988290806,0.021479040324021773,0.06817346350482925,23,1.0,
object_free_timecourse,reduced_reliability,object_free,posterior_object_state,0.04709319679439836,0.023440731774119643,0.07045264314173008,23,1.0,
object_free_timecourse,reduced_reliability,object_free,subsequent_predicted_object_state,0.04709319679439836,0.023704822330510873,0.07110182232810718,23,1.0,
object_free_timecourse,reduced_reliability,object_free,signed_visual_innovation,0.0006815437426973535,-0.0048439584374461555,0.006580984540803396,21,1.1,
object_free_timecourse,reduced_reliability,object_free,signed_object_correction,0.00017862158181038888,-0.0012519867140193936,0.0017178582671521806,21,1.1,
object_free_timecourse,reduced_reliability,object_free,cumulative_signed_object_correction,0.5743142742152252,0.5560944931222684,0.5920652742705884,21,1.1,
object_free_timecourse,reduced_reliability,object_free,previsual_object_state,0.05169846212047094,0.029871035928147296,0.07381684354689523,21,1.1,
object_free_timecourse,reduced_reliability,object_free,posterior_object_state,0.051877083702281335,0.030627183066965158,0.07367395674440295,21,1.1,
object_free_timecourse,reduced_reliability,object_free,subsequent_predicted_object_state,0.051877083702281335,0.02984067032278482,0.07357902372059746,21,1.1,
object_free_timecourse,reduced_reliability,object_free,signed_visual_innovation,-0.008282539662610862,-0.015242213515103535,-0.0009698613114514379,20,1.2,
object_free_timecourse,reduced_reliability,object_free,signed_object_correction,-0.002179031178375249,-0.004022119888158204,-0.00024961639577275135,20,1.2,
object_free_timecourse,reduced_reliability,object_free,cumulative_signed_object_correction,0.5641894487316741,0.5466870742594477,0.5805702405202969,20,1.2,
object_free_timecourse,reduced_reliability,object_free,previsual_object_state,0.06644091521633376,0.046352577311021194,0.08659107572129862,20,1.2,
object_free_timecourse,reduced_reliability,object_free,posterior_object_state,0.06426188403795853,0.043851753415076515,0.08472777755480389,20,1.2,
object_free_timecourse,reduced_reliability,object_free,subsequent_predicted_object_state,0.06426188403795853,0.04425327857282463,0.08449594089954772,20,1.2,
object_free_timecourse,reduced_reliability,object_free,signed_visual_innovation,-0.01260943399396244,-0.021556557638889518,-0.0048910063776468945,19,1.3,
object_free_timecourse,reduced_reliability,object_free,signed_object_correction,-0.003315715787696885,-0.00571107993969104,-0.0012429503981458653,19,1.3,
object_free_timecourse,reduced_reliability,object_free,cumulative_signed_object_correction,0.5228964969650024,0.4901712913218072,0.5493398429114136,19,1.3,
object_free_timecourse,reduced_reliability,object_free,previsual_object_state,0.04109668344163979,0.022212506841595564,0.06162960287127298,19,1.3,
object_free_timecourse,reduced_reliability,object_free,posterior_object_state,0.037780967653942905,0.018800518562255508,0.057633899973400834,19,1.3,
object_free_timecourse,reduced_reliability,object_free,subsequent_predicted_object_state,0.037780967653942905,0.01883814353700553,0.05728061581791196,19,1.3,
object_free_timecourse,reduced_reliability,object_free,signed_visual_innovation,-0.019372454978442956,-0.04531759005297678,-0.000797186560810537,20,1.4000000000000001,
object_free_timecourse,reduced_reliability,object_free,signed_object_correction,-0.0050938257363911605,-0.012074388353429161,-0.00012372540256151533,20,1.4000000000000001,
object_free_timecourse,reduced_reliability,object_free,cumulative_signed_object_correction,0.47871250103288626,0.41998705706085415,0.5244211043747442,20,1.4000000000000001,
object_free_timecourse,reduced_reliability,object_free,previsual_object_state,0.038508389677289964,0.020274446798572633,0.0579202105406564,20,1.4000000000000001,
object_free_timecourse,reduced_reliability,object_free,posterior_object_state,0.0334145639408988,0.01654428310554886,0.049748365603152274,20,1.4000000000000001,
object_free_timecourse,reduced_reliability,object_free,subsequent_predicted_object_state,0.0334145639408988,0.016382905058850414,0.04932441001719766,20,1.4000000000000001,
object_free_timecourse,reduced_reliability,object_free,signed_visual_innovation,-0.02843845844604042,-0.06703041753562534,-0.006817999159888341,20,1.5,
object_free_timecourse,reduced_reliability,object_free,signed_object_correction,-0.007474835567320278,-0.017685997417951876,-0.0017649572742962228,20,1.5,
object_free_timecourse,reduced_reliability,object_free,cumulative_signed_object_correction,0.4330464631211555,0.3691491186728863,0.48185217253020374,20,1.5,
object_free_timecourse,reduced_reliability,object_free,previsual_object_state,0.03784934270299046,0.013095170054040931,0.07286572884452822,20,1.5,
object_free_timecourse,reduced_reliability,object_free,posterior_object_state,0.030374507135670182,0.010716940495586002,0.055192767078838904,20,1.5,
object_free_timecourse,reduced_reliability,object_free,subsequent_predicted_object_state,0.030374507135670182,0.010045939308855854,0.0558803702077481,20,1.5,
object_free_timecourse,reduced_reliability,object_free,signed_visual_innovation,-0.018207697098154767,-0.058859416015147645,0.015656416728734558,22,1.6,
object_free_timecourse,reduced_reliability,object_free,signed_object_correction,-0.004787592321684571,-0.0158571605196146,0.0036785423318266538,22,1.6,
object_free_timecourse,reduced_reliability,object_free,cumulative_signed_object_correction,0.4002870071931895,0.3361604066363582,0.45778413792167383,22,1.6,
object_free_timecourse,reduced_reliability,object_free,previsual_object_state,0.030731001972345014,-0.01112025630011313,0.075200767114606,22,1.6,
object_free_timecourse,reduced_reliability,object_free,posterior_object_state,0.025943409650660443,-0.008634285858088411,0.0625071349436113,22,1.6,
object_free_timecourse,reduced_reliability,object_free,subsequent_predicted_object_state,0.025943409650660443,-0.008402514913360803,0.06187508076234651,22,1.6,
object_free_timecourse,reduced_reliability,object_free,signed_visual_innovation,-0.0211301661229782,-0.030755842237126522,-0.011713224946655002,20,1.7,
object_free_timecourse,reduced_reliability,object_free,signed_object_correction,-0.005556718449171577,-0.008118461366508622,-0.003047861864609733,20,1.7,
object_free_timecourse,reduced_reliability,object_free,cumulative_signed_object_correction,0.35422616274018964,0.27603473606767,0.43018010711538845,20,1.7,
object_free_timecourse,reduced_reliability,object_free,previsual_object_state,0.028573906345586736,0.005408014651477456,0.05121893100150787,20,1.7,
object_free_timecourse,reduced_reliability,object_free,posterior_object_state,0.023017187896415162,0.0016608099762068127,0.04424518361946427,20,1.7,
object_free_timecourse,reduced_reliability,object_free,subsequent_predicted_object_state,0.023017187896415162,0.0012193908997041858,0.04385576486726453,20,1.7,
object_free_timecourse,reduced_reliability,object_free,signed_visual_innovation,-0.0030411665666136363,-0.018004331926162236,0.015885158454639118,21,1.8,
object_free_timecourse,reduced_reliability,object_free,signed_object_correction,-0.0008030455196044668,-0.004692579158773674,0.004177192077428635,21,1.8,
object_free_timecourse,reduced_reliability,object_free,cumulative_signed_object_correction,0.3453402706456566,0.24965624267647846,0.4388055539811503,21,1.8,
object_free_timecourse,reduced_reliability,object_free,previsual_object_state,-0.00834110648842277,-0.04302333409966668,0.019697550333453353,21,1.8,
object_free_timecourse,reduced_reliability,object_free,posterior_object_state,-0.009144152008027236,-0.03973599278819467,0.016322469386617158,21,1.8,
object_free_timecourse,reduced_reliability,object_free,subsequent_predicted_object_state,-0.009144152008027236,-0.03891002830006888,0.015634295891604245,21,1.8,
object_free_timecourse,reduced_reliability,object_free,signed_visual_innovation,0.01587073220133316,-0.0100412850724749,0.05281680133348146,22,1.9000000000000001,
object_free_timecourse,reduced_reliability,object_free,signed_object_correction,0.004173276810425123,-0.0025889590516019923,0.01404279977670295,22,1.9000000000000001,
object_free_timecourse,reduced_reliability,object_free,cumulative_signed_object_correction,0.360438889818161,0.25824913014114154,0.46271580475422247,22,1.9000000000000001,
object_free_timecourse,reduced_reliability,object_free,previsual_object_state,-0.015667938462091243,-0.05987841777569272,0.017728868501282705,22,1.9000000000000001,
object_free_timecourse,reduced_reliability,object_free,posterior_object_state,-0.011494661651666117,-0.04843395338441111,0.01856767750038015,22,1.9000000000000001,
object_free_timecourse,reduced_reliability,object_free,subsequent_predicted_object_state,-0.011494661651666117,-0.04792055270783425,0.01783456952496176,22,1.9000000000000001,
object_free_timecourse,reduced_reliability,object_free,signed_visual_innovation,-0.012241436515610032,-0.05259924038106133,0.02253807600384559,23,2.0,
object_free_timecourse,reduced_reliability,object_free,signed_object_correction,-0.0032218651182525527,-0.013650479113408037,0.005833198226564788,23,2.0,
object_free_timecourse,reduced_reliability,object_free,cumulative_signed_object_correction,0.3581537838154228,0.2544915088867363,0.4598613465842067,23,2.0,
object_free_timecourse,reduced_reliability,object_free,previsual_object_state,0.033888258677438006,-0.012942225575901715,0.08738196804789325,23,2.0,
object_free_timecourse,reduced_reliability,object_free,posterior_object_state,0.03066639355918546,-0.00830031046992944,0.07602228814079288,23,2.0,
object_free_timecourse,reduced_reliability,object_free,subsequent_predicted_object_state,0.03066639355918546,-0.008652110264632216,0.07570506755990773,23,2.0,
object_free_timecourse,reduced_reliability,object_free,signed_visual_innovation,0.009764835090775952,-0.0006533064688245943,0.0233235934950466,20,2.1,
object_free_timecourse,reduced_reliability,object_free,signed_object_correction,0.0025676955181535266,-0.000174582960192518,0.006187716614759746,20,2.1,
object_free_timecourse,reduced_reliability,object_free,cumulative_signed_object_correction,0.39127533776186463,0.26317807959897455,0.5189392667877928,20,2.1,
object_free_timecourse,reduced_reliability,object_free,previsual_object_state,0.01680747925841628,-0.00821471067200173,0.041618237015680806,20,2.1,
object_free_timecourse,reduced_reliability,object_free,posterior_object_state,0.019375174776569817,-0.0038182934531891303,0.04274236744502388,20,2.1,
object_free_timecourse,reduced_reliability,object_free,subsequent_predicted_object_state,0.019375174776569817,-0.0038936953090013848,0.04335298675838085,20,2.1,
object_free_timecourse,reduced_reliability,object_free,signed_visual_innovation,-0.0039259296150078275,-0.02734767939705681,0.012781459324543783,20,2.2,
object_free_timecourse,reduced_reliability,object_free,signed_object_correction,-0.0010296327000910532,-0.007166925308387131,0.0033665641150385436,20,2.2,
object_free_timecourse,reduced_reliability,object_free,cumulative_signed_object_correction,0.3810330479752481,0.25839356145043757,0.508700623205615,20,2.2,
object_free_timecourse,reduced_reliability,object_free,previsual_object_state,0.04935666746510019,0.02324942324335511,0.08121723500457836,20,2.2,
object_free_timecourse,reduced_reliability,object_free,posterior_object_state,0.048327034765009116,0.023986219232220076,0.07604918747655806,20,2.2,
object_free_timecourse,reduced_reliability,object_free,subsequent_predicted_object_state,0.048327034765009116,0.023808887823858094,0.07618971778062752,20,2.2,
object_free_timecourse,reduced_reliability,object_free,signed_visual_innovation,0.004829540686806943,-0.002975427053068291,0.012321226724529198,19,2.3000000000000003,
object_free_timecourse,reduced_reliability,object_free,signed_object_correction,0.0012717861471433954,-0.0008404448821117975,0.0032841736850447423,19,2.3000000000000003,
object_free_timecourse,reduced_reliability,object_free,cumulative_signed_object_correction,0.3942341489783555,0.26488531422873757,0.5201122492944411,19,2.3000000000000003,
object_free_timecourse,reduced_reliability,object_free,previsual_object_state,0.05239714247870761,0.02827113118113859,0.0767497038534733,19,2.3000000000000003,
object_free_timecourse,reduced_reliability,object_free,posterior_object_state,0.053668928625851,0.02894235395481391,0.07898102489879022,19,2.3000000000000003,
object_free_timecourse,reduced_reliability,object_free,subsequent_predicted_object_state,0.053668928625851,0.028457268548849397,0.0788202377502912,19,2.3000000000000003,
object_free_timecourse,reduced_reliability,object_free,signed_visual_innovation,0.011109830830953713,-0.024154219558401187,0.045608024566293245,21,2.4,
object_free_timecourse,reduced_reliability,object_free,signed_object_correction,0.0029149140618267614,-0.00617848657470582,0.01169997834872723,21,2.4,
object_free_timecourse,reduced_reliability,object_free,cumulative_signed_object_correction,0.43079320864326576,0.3072807834084422,0.5530027063483923,21,2.4,
object_free_timecourse,reduced_reliability,object_free,previsual_object_state,0.06124396416216526,0.027699384033950683,0.09478779611885679,21,2.4,
object_free_timecourse,reduced_reliability,object_free,posterior_object_state,0.06415887822399202,0.037076188221182166,0.09183450435832204,21,2.4,
object_free_timecourse,reduced_reliability,object_free,subsequent_predicted_object_state,0.06415887822399202,0.03673919726268343,0.09141050115843524,21,2.4,
object_free_timecourse,reduced_reliability,object_free,signed_visual_innovation,0.01683687039442139,0.010385857443029238,0.023174929754304192,20,2.5,
object_free_timecourse,reduced_reliability,object_free,signed_object_correction,0.004430994780568782,0.002740254136803522,0.006126587690797376,20,2.5,
object_free_timecourse,reduced_reliability,object_free,cumulative_signed_object_correction,0.4701746422874513,0.3417964802758968,0.599433776618591,20,2.5,
object_free_timecourse,reduced_reliability,object_free,previsual_object_state,0.06367778156659216,0.04491836642455184,0.08399475865083382,20,2.5,
object_free_timecourse,reduced_reliability,object_free,posterior_object_state,0.06810877634716093,0.04867527350569291,0.0882366127487109,20,2.5,
object_free_timecourse,reduced_reliability,object_free,subsequent_predicted_object_state,0.06810877634716093,0.04876204817674033,0.08869663621339835,20,2.5,
object_free_timecourse,reduced_reliability,object_free,signed_visual_innovation,-0.0005264990845276354,-0.03937101711877999,0.021469167081428885,19,2.6,
object_free_timecourse,reduced_reliability,object_free,signed_object_correction,-0.00013654645447201246,-0.01038939411811327,0.005635055565648316,19,2.6,
object_free_timecourse,reduced_reliability,object_free,cumulative_signed_object_correction,0.5096713073091772,0.3679964811223846,0.6497267127638326,19,2.6,
object_free_timecourse,reduced_reliability,object_free,previsual_object_state,0.09132276564164304,0.05663235615530485,0.13909503710173124,19,2.6,
object_free_timecourse,reduced_reliability,object_free,posterior_object_state,0.09118621918717104,0.06088005755336629,0.12986179646844104,19,2.6,
object_free_timecourse,reduced_reliability,object_free,subsequent_predicted_object_state,0.09118621918717104,0.06106429988937387,0.1300317445793006,19,2.6,
object_free_timecourse,reduced_reliability,object_free,signed_visual_innovation,0.03567807287946429,0.018168866085685874,0.06283124311666208,19,2.7,
object_free_timecourse,reduced_reliability,object_free,signed_object_correction,0.00937523863766028,0.004860330623554334,0.01648080179744052,19,2.7,
object_free_timecourse,reduced_reliability,object_free,cumulative_signed_object_correction,0.5620936286116811,0.4211746536865479,0.7031229852104977,19,2.7,
object_free_timecourse,reduced_reliability,object_free,previsual_object_state,0.06720083218954274,0.016503128141108533,0.10561183540751957,19,2.7,
object_free_timecourse,reduced_reliability,object_free,posterior_object_state,0.07657607082720304,0.032025588192918605,0.11190347653907627,19,2.7,
object_free_timecourse,reduced_reliability,object_free,subsequent_predicted_object_state,0.07657607082720304,0.03206115255728441,0.11153094290021806,19,2.7,
object_free_timecourse,reduced_reliability,object_free,signed_visual_innovation,0.028815699589474175,-0.019201529630061713,0.07607572426871138,21,2.8000000000000003,
object_free_timecourse,reduced_reliability,object_free,signed_object_correction,0.007557715715331607,-0.005155774355004895,0.019842861271503774,21,2.8000000000000003,
object_free_timecourse,reduced_reliability,object_free,cumulative_signed_object_correction,0.5954998473805776,0.4537931486053005,0.7406099296347584,21,2.8000000000000003,
object_free_timecourse,reduced_reliability,object_free,previsual_object_state,0.06303870716614819,0.0051866543815239355,0.12009829392907773,21,2.8000000000000003,
object_free_timecourse,reduced_reliability,object_free,posterior_object_state,0.07059642288147983,0.0234963988663994,0.11616348069405162,21,2.8000000000000003,
object_free_timecourse,reduced_reliability,object_free,subsequent_predicted_object_state,0.07059642288147983,0.025157866052809463,0.11650684091345725,21,2.8000000000000003,
object_free_timecourse,reduced_reliability,object_free,signed_visual_innovation,0.04969026672829149,0.02603674068538718,0.0880505719092878,22,2.9,
object_free_timecourse,reduced_reliability,object_free,signed_object_correction,0.013069598173297529,0.006840410731056301,0.023179685742485398,22,2.9,
object_free_timecourse,reduced_reliability,object_free,cumulative_signed_object_correction,0.6713233263776984,0.5256210933321087,0.8127487192405988,22,2.9,
object_free_timecourse,reduced_reliability,object_free,previsual_object_state,0.04254258230664044,-0.004200473790953677,0.0786692198347609,22,2.9,
object_free_timecourse,reduced_reliability,object_free,posterior_object_state,0.05561218047993796,0.017284562472703987,0.08766716017498477,22,2.9,
object_free_timecourse,reduced_reliability,object_free,subsequent_predicted_object_state,0.05561218047993796,0.01722348736008634,0.0876798810025667,22,2.9,
object_free_timecourse,reduced_reliability,object_free,signed_visual_innovation,0.039381249123398944,0.02159469474207197,0.06626064751402737,21,3.0,
object_free_timecourse,reduced_reliability,object_free,signed_object_correction,0.010340917916551973,0.005647301055381351,0.017039330654025634,21,3.0,
object_free_timecourse,reduced_reliability,object_free,cumulative_signed_object_correction,0.7594981262983387,0.5993147831667655,0.9160605255949162,21,3.0,
object_free_timecourse,reduced_reliability,object_free,previsual_object_state,0.0544742375449408,0.02270485957892093,0.08100498605823453,21,3.0,
object_free_timecourse,reduced_reliability,object_free,posterior_object_state,0.06481515546149279,0.03903847974425724,0.08686113757101975,21,3.0,
object_free_timecourse,reduced_reliability,object_free,subsequent_predicted_object_state,0.06481515546149279,0.03912308307214788,0.08800388479358276,21,3.0,
object_free_timecourse,reduced_reliability,object_free,signed_visual_innovation,0.025722251212840126,0.019240426123419065,0.03239247650686103,20,3.1,
object_free_timecourse,reduced_reliability,object_free,signed_object_correction,0.0067641391215623545,0.005072840469185204,0.008506233168730622,20,3.1,
object_free_timecourse,reduced_reliability,object_free,cumulative_signed_object_correction,0.8449337300142942,0.6746064823425091,1.0107928463738725,20,3.1,
object_free_timecourse,reduced_reliability,object_free,previsual_object_state,0.06924888061098874,0.05180225667790962,0.08849947420438908,20,3.1,
object_free_timecourse,reduced_reliability,object_free,posterior_object_state,0.07601301973255112,0.058258428648706076,0.09604280000073923,20,3.1,
object_free_timecourse,reduced_reliability,object_free,subsequent_predicted_object_state,0.07601301973255112,0.05808831535904844,0.09565166623155366,20,3.1,
object_free_timecourse,reduced_reliability,object_free,signed_visual_innovation,0.015897065651014404,-0.0006873609599543745,0.027591855046661,21,3.2,
object_free_timecourse,reduced_reliability,object_free,signed_object_correction,0.004182302320864476,-5.626192387168615e-05,0.007250251656763867,21,3.2,
object_free_timecourse,reduced_reliability,object_free,cumulative_signed_object_correction,0.8671131335634835,0.6942785409445354,1.0312069188321047,21,3.2,
object_free_timecourse,reduced_reliability,object_free,previsual_object_state,0.06201684101922546,0.03499025564840935,0.09613730353757971,21,3.2,
object_free_timecourse,reduced_reliability,object_free,posterior_object_state,0.06619914334008994,0.04114935554005298,0.0966440494318262,21,3.2,
object_free_timecourse,reduced_reliability,object_free,subsequent_predicted_object_state,0.06619914334008994,0.04158149847114349,0.09642788291771465,21,3.2,
object_free_timecourse,reduced_reliability,object_free,signed_visual_innovation,0.023402093810741775,0.016418821962712264,0.030625883029978308,19,3.3000000000000003,
object_free_timecourse,reduced_reliability,object_free,signed_object_correction,0.006154742885646248,0.004404796289157977,0.007998469851968743,19,3.3000000000000003,
object_free_timecourse,reduced_reliability,object_free,cumulative_signed_object_correction,0.9161730156418537,0.7184201531852376,1.1126531342447141,19,3.3000000000000003,
object_free_timecourse,reduced_reliability,object_free,previsual_object_state,0.031458889102161325,0.010831066900777191,0.05220976872032738,19,3.3000000000000003,
object_free_timecourse,reduced_reliability,object_free,posterior_object_state,0.03761363198780757,0.017798425402217308,0.05768804730662731,19,3.3000000000000003,
object_free_timecourse,reduced_reliability,object_free,subsequent_predicted_object_state,0.03761363198780757,0.01770263533469959,0.05771352050164977,19,3.3000000000000003,
object_free_timecourse,reduced_reliability,object_free,signed_visual_innovation,0.02015430246111361,0.010966201145640965,0.032647782581849256,20,3.4,
object_free_timecourse,reduced_reliability,object_free,signed_object_correction,0.005296754927091625,0.0029440625957403385,0.008575895333512334,20,3.4,
object_free_timecourse,reduced_reliability,object_free,cumulative_signed_object_correction,0.9609728710660276,0.7707555436900484,1.14421751789433,20,3.4,
object_free_timecourse,reduced_reliability,object_free,previsual_object_state,0.03059000350611592,0.012039630897004707,0.04866480882292446,20,3.4,
object_free_timecourse,reduced_reliability,object_free,posterior_object_state,0.03588675843320754,0.01798761992942157,0.05338710301373148,20,3.4,
object_free_timecourse,reduced_reliability,object_free,subsequent_predicted_object_state,0.03588675843320754,0.01791591865549017,0.05312962407417416,20,3.4,
object_free_timecourse,reduced_reliability,object_free,signed_visual_innovation,0.0029666664308631453,-0.02592665145564518,0.021453644786603887,20,3.5,
object_free_timecourse,reduced_reliability,object_free,signed_object_correction,0.0007814983089209353,-0.0069260901850598374,0.005599847124943021,20,3.5,
object_free_timecourse,reduced_reliability,object_free,cumulative_signed_object_correction,1.0066239117276385,0.8166700390211205,1.1867759397312347,20,3.5,
object_free_timecourse,reduced_reliability,object_free,previsual_object_state,0.03497957125304228,0.007054647920071672,0.06925530910419293,20,3.5,
object_free_timecourse,reduced_reliability,object_free,posterior_object_state,0.03576106956196321,0.010366783225803342,0.06386661505926695,20,3.5,
object_free_timecourse,reduced_reliability,object_free,subsequent_predicted_object_state,0.03576106956196321,0.010172983142053903,0.06446132020784033,20,3.5,
object_free_timecourse,reduced_reliability,object_free,signed_visual_innovation,-0.009543472034793265,-0.05154274496987377,0.019635338132958917,22,3.6,
object_free_timecourse,reduced_reliability,object_free,signed_object_correction,-0.0025084884200809016,-0.013216637948868801,0.005220897868681886,22,3.6,
object_free_timecourse,reduced_reliability,object_free,cumulative_signed_object_correction,0.9570645662938798,0.7580456193393357,1.1484175638446,22,3.6,
object_free_timecourse,reduced_reliability,object_free,previsual_object_state,0.02510878752564085,-0.012470275902747336,0.06796852952733144,22,3.6,
object_free_timecourse,reduced_reliability,object_free,posterior_object_state,0.022600299105559954,-0.009176184832544463,0.057312635878799756,22,3.6,
object_free_timecourse,reduced_reliability,object_free,subsequent_predicted_object_state,0.022600299105559954,-0.009026573141068252,0.057399288468545376,22,3.6,
object_free_timecourse,reduced_reliability,object_free,signed_visual_innovation,-0.004103748753572851,-0.029002988662006103,0.019239615365009784,22,3.7,
object_free_timecourse,reduced_reliability,object_free,signed_object_correction,-0.0010832617401062292,-0.007757643514518034,0.004959992474435661,22,3.7,
object_free_timecourse,reduced_reliability,object_free,cumulative_signed_object_correction,0.8702269021998926,0.6834183414383165,1.0604599590932504,22,3.7,
object_free_timecourse,reduced_reliability,object_free,previsual_object_state,0.005831665907825436,-0.02387659023402155,0.033497130061820035,22,3.7,
object_free_timecourse,reduced_reliability,object_free,posterior_object_state,0.004748404167719208,-0.02091436761734478,0.02931398752443424,22,3.7,
object_free_timecourse,reduced_reliability,object_free,subsequent_predicted_object_state,0.004748404167719208,-0.020350019200400655,0.02926812552878241,22,3.7,
object_free_timecourse,reduced_reliability,object_free,signed_visual_innovation,-0.015593850738962835,-0.04067406271091012,0.0023788368723778354,22,3.8000000000000003,
object_free_timecourse,reduced_reliability,object_free,signed_object_correction,-0.004099863646228774,-0.010787948731475764,0.0005696704463892895,22,3.8000000000000003,
object_free_timecourse,reduced_reliability,object_free,cumulative_signed_object_correction,0.8160598012887785,0.6149824835319931,1.0127952124980677,22,3.8000000000000003,
object_free_timecourse,reduced_reliability,object_free,previsual_object_state,-0.00026506564666657075,-0.022044928985431044,0.022262407181107904,22,3.8000000000000003,
object_free_timecourse,reduced_reliability,object_free,posterior_object_state,-0.004364929292895342,-0.023652573223155084,0.013723542846064056,22,3.8000000000000003,
object_free_timecourse,reduced_reliability,object_free,subsequent_predicted_object_state,-0.004364929292895342,-0.023105258832883675,0.013715628631471948,22,3.8000000000000003,
object_free_timecourse,reduced_reliability,object_free,signed_visual_innovation,-0.00794122895342186,-0.019884522424183586,0.009072665199482542,20,3.9,
object_free_timecourse,reduced_reliability,object_free,signed_object_correction,-0.0020898244233539523,-0.0052601560452190275,0.0025125781131890164,20,3.9,
object_free_timecourse,reduced_reliability,object_free,cumulative_signed_object_correction,0.6991028892946344,0.5084325542117547,0.8897191223014607,20,3.9,
object_free_timecourse,reduced_reliability,object_free,previsual_object_state,-0.051983396485103986,-0.07493939352982318,-0.031045594600410103,20,3.9,
object_free_timecourse,reduced_reliability,object_free,posterior_object_state,-0.05407322090845793,-0.07624090906902942,-0.034352410695101435,20,3.9,
object_free_timecourse,reduced_reliability,object_free,subsequent_predicted_object_state,-0.05407322090845793,-0.07607494670588326,-0.033599366002930606,20,3.9,
object_free_timecourse,reduced_reliability,object_free,signed_visual_innovation,-0.001288489585040524,-0.024051944041037585,0.03641835497719261,20,4.0,
object_free_timecourse,reduced_reliability,object_free,signed_object_correction,-0.00033318715199740835,-0.0063277455950972485,0.009621867247394285,20,4.0,
object_free_timecourse,reduced_reliability,object_free,cumulative_signed_object_correction,0.6395419263708112,0.45414581665847115,0.8262969901572274,20,4.0,
object_free_timecourse,reduced_reliability,object_free,previsual_object_state,-0.07641751120868395,-0.11905300964977097,-0.0456532802211346,20,4.0,
object_free_timecourse,reduced_reliability,object_free,posterior_object_state,-0.07675069836068135,-0.11038829792044731,-0.051310404893660747,20,4.0,
object_free_timecourse,reduced_reliability,object_free,subsequent_predicted_object_state,-0.07675069836068135,-0.11051493996726997,-0.05088554392406041,20,4.0,
object_free_timecourse,reduced_reliability,object_free,signed_visual_innovation,-0.03248398241390299,-0.04086542067251258,-0.022988675492989972,20,4.1,
object_free_timecourse,reduced_reliability,object_free,signed_object_correction,-0.008544323667886582,-0.01073083055557883,-0.006096045872696709,20,4.1,
object_free_timecourse,reduced_reliability,object_free,cumulative_signed_object_correction,0.5803412652365159,0.3894472403856529,0.7698406953748426,20,4.1,
object_free_timecourse,reduced_reliability,object_free,previsual_object_state,-0.08315694517435013,-0.1058646408968745,-0.06247370786993729,20,4.1,
object_free_timecourse,reduced_reliability,object_free,posterior_object_state,-0.0917012688422367,-0.11284051968479332,-0.07163344644941493,20,4.1,
object_free_timecourse,reduced_reliability,object_free,subsequent_predicted_object_state,-0.0917012688422367,-0.11276550094044449,-0.07173182217617627,20,4.1,
object_free_timecourse,reduced_reliability,object_free,signed_visual_innovation,-0.040479679337941124,-0.07495123766214767,-0.020078232283910206,21,4.2,
object_free_timecourse,reduced_reliability,object_free,signed_object_correction,-0.010647181669985607,-0.019568609681773687,-0.0052565477694417615,21,4.2,
object_free_timecourse,reduced_reliability,object_free,cumulative_signed_object_correction,0.4955219855787003,0.30880685094542953,0.6801093088596804,21,4.2,
object_free_timecourse,reduced_reliability,object_free,previsual_object_state,-0.09126758946514656,-0.12376529060828605,-0.04394924054760884,21,4.2,
object_free_timecourse,reduced_reliability,object_free,posterior_object_state,-0.10191477113513214,-0.12975549835696623,-0.06315985334273193,21,4.2,
object_free_timecourse,reduced_reliability,object_free,subsequent_predicted_object_state,-0.10191477113513214,-0.13036284606819507,-0.06272895287547854,21,4.2,
object_free_timecourse,reduced_reliability,object_free,signed_visual_innovation,-0.03777470584660126,-0.05015225258115162,-0.02736553260732586,20,4.3,
object_free_timecourse,reduced_reliability,object_free,signed_object_correction,-0.009937984260900392,-0.013172718592805105,-0.0071963072846278646,20,4.3,
object_free_timecourse,reduced_reliability,object_free,cumulative_signed_object_correction,0.40010698477883133,0.2128990287048164,0.590374319264412,20,4.3,
object_free_timecourse,reduced_reliability,object_free,previsual_object_state,-0.10467233441168378,-0.12895427279905938,-0.07901175161362897,20,4.3,
object_free_timecourse,reduced_reliability,object_free,posterior_object_state,-0.11461031867258416,-0.13892874972720637,-0.08896160992704791,20,4.3,
object_free_timecourse,reduced_reliability,object_free,subsequent_predicted_object_state,-0.11461031867258416,-0.1383143607792123,-0.08888737129318935,20,4.3,
object_free_timecourse,reduced_reliability,object_free,signed_visual_innovation,-0.02351377471554736,-0.06270925409588816,0.01665446634930258,20,4.4,
object_free_timecourse,reduced_reliability,object_free,signed_object_correction,-0.006191272895020328,-0.016566752227645073,0.004469627067311647,20,4.4,
object_free_timecourse,reduced_reliability,object_free,cumulative_signed_object_correction,0.4041186000341236,0.1695871338406976,0.6498914250529831,20,4.4,
object_free_timecourse,reduced_reliability,object_free,previsual_object_state,-0.11607040608388694,-0.16841761917990578,-0.06871427963578386,20,4.4,
object_free_timecourse,reduced_reliability,object_free,posterior_object_state,-0.1222616789789072,-0.16523547952403803,-0.08209755916628785,20,4.4,
object_free_timecourse,reduced_reliability,object_free,subsequent_predicted_object_state,-0.1222616789789072,-0.16599071738667712,-0.08399072934544635,20,4.4,
object_free_timecourse,reduced_reliability,object_free,signed_visual_innovation,-0.03970355013580508,-0.05117972447683498,-0.028847096951521177,19,4.5,
object_free_timecourse,reduced_reliability,object_free,signed_object_correction,-0.010447521665560545,-0.013521824895892582,-0.007574868569896333,19,4.5,
object_free_timecourse,reduced_reliability,object_free,cumulative_signed_object_correction,0.33272923089046536,0.08315896490178581,0.59337503866555,19,4.5,
object_free_timecourse,reduced_reliability,object_free,previsual_object_state,-0.13009469214627,-0.15750958618055422,-0.10424282787546765,19,4.5,
object_free_timecourse,reduced_reliability,object_free,posterior_object_state,-0.1405422138118305,-0.16639591133077294,-0.11512449213416327,19,4.5,
object_free_timecourse,reduced_reliability,object_free,subsequent_predicted_object_state,-0.1405422138118305,-0.16707475616437054,-0.11533569516091184,19,4.5,
object_free_timecourse,reduced_reliability,object_free,signed_visual_innovation,-0.019240533044936087,-0.03391025919713823,-0.001004036576623901,20,4.6000000000000005,
object_free_timecourse,reduced_reliability,object_free,signed_object_correction,-0.005063692213637306,-0.00892572010330703,-0.00036129237199085954,20,4.6000000000000005,
object_free_timecourse,reduced_reliability,object_free,cumulative_signed_object_correction,0.41847924116533025,0.14407221385829053,0.7061004275271666,20,4.6000000000000005,
object_free_timecourse,reduced_reliability,object_free,previsual_object_state,-0.13310367503143683,-0.16456911450587175,-0.10607115401627551,20,4.6000000000000005,
object_free_timecourse,reduced_reliability,object_free,posterior_object_state,-0.13816736724507414,-0.1662832762029027,-0.11361522014266502,20,4.6000000000000005,
object_free_timecourse,reduced_reliability,object_free,subsequent_predicted_object_state,-0.13816736724507414,-0.166160393677547,-0.1129087939097818,20,4.6000000000000005,
object_free_timecourse,reduced_reliability,object_free,signed_visual_innovation,-0.045084599628665394,-0.07518400129692479,-0.021589985477738067,22,4.7,
object_free_timecourse,reduced_reliability,object_free,signed_object_correction,-0.011861139091483312,-0.019761279877718668,-0.00557158252477368,22,4.7,
object_free_timecourse,reduced_reliability,object_free,cumulative_signed_object_correction,0.403990135026034,0.1367930898115103,0.6771055948354425,22,4.7,
object_free_timecourse,reduced_reliability,object_free,previsual_object_state,-0.11368511931118158,-0.13971822831703876,-0.08874949322525798,22,4.7,
object_free_timecourse,reduced_reliability,object_free,posterior_object_state,-0.12554625840266492,-0.14860605461684095,-0.10314266134365646,22,4.7,
object_free_timecourse,reduced_reliability,object_free,subsequent_predicted_object_state,-0.12554625840266492,-0.14873429167693197,-0.10291680001988801,22,4.7,
object_free_timecourse,reduced_reliability,object_free,signed_visual_innovation,-0.02429619578114812,-0.03558039835799212,-0.007521418236444408,20,4.8,
object_free_timecourse,reduced_reliability,object_free,signed_object_correction,-0.006390761116242827,-0.009409751559975083,-0.0018105078204068983,20,4.8,
object_free_timecourse,reduced_reliability,object_free,cumulative_signed_object_correction,0.356275060369364,0.04979980411049086,0.6640850587677747,20,4.8,
object_free_timecourse,reduced_reliability,object_free,previsual_object_state,-0.12828018841257036,-0.15529557122412538,-0.10224699380835911,20,4.8,
object_free_timecourse,reduced_reliability,object_free,posterior_object_state,-0.1346709495288132,-0.15918432399463853,-0.11058514826258793,20,4.8,
object_free_timecourse,reduced_reliability,object_free,subsequent_predicted_object_state,-0.1346709495288132,-0.15915037794942982,-0.11072993916979189,20,4.8,
object_free_timecourse,reduced_reliability,object_free,signed_visual_innovation,-0.025948626131195883,-0.033904741281054085,-0.0181406287741418,20,4.9,
object_free_timecourse,reduced_reliability,object_free,signed_object_correction,-0.00682475909660586,-0.008953509073454158,-0.004817279132246607,20,4.9,
object_free_timecourse,reduced_reliability,object_free,cumulative_signed_object_correction,0.2860972681459989,-0.022947869303884837,0.6006292317041447,20,4.9,
object_free_timecourse,reduced_reliability,object_free,previsual_object_state,-0.12669384507921572,-0.15105339698075096,-0.10129544922295751,20,4.9,
object_free_timecourse,reduced_reliability,object_free,posterior_object_state,-0.13351860417582156,-0.15799921643093098,-0.10835178971648836,20,4.9,
object_free_timecourse,reduced_reliability,object_free,subsequent_predicted_object_state,-0.13351860417582156,-0.15836721092804149,-0.10872170947300822,20,4.9,
object_free_timecourse,reduced_reliability,object_free,signed_visual_innovation,-0.031043235026579814,-0.059245335625199555,-0.0122797987890601,21,5.0,
object_free_timecourse,reduced_reliability,object_free,signed_object_correction,-0.008158883733023923,-0.015419934191213373,-0.003213014240029269,21,5.0,
object_free_timecourse,reduced_reliability,object_free,cumulative_signed_object_correction,0.24343857717473436,-0.05206954581044546,0.5522270917423573,21,5.0,
object_free_timecourse,reduced_reliability,object_free,previsual_object_state,-0.1081915636522816,-0.14022488032148314,-0.06690524064455242,21,5.0,
object_free_timecourse,reduced_reliability,object_free,posterior_object_state,-0.1163504473853055,-0.14571755188457441,-0.0811655488138915,21,5.0,
object_free_timecourse,reduced_reliability,object_free,subsequent_predicted_object_state,-0.1163504473853055,-0.14575965088087983,-0.08159069558659039,21,5.0,
object_free_timecourse,reduced_reliability,object_free,signed_visual_innovation,-0.020908316254780304,-0.050253327832838646,0.00418100271183223,22,5.1000000000000005,
object_free_timecourse,reduced_reliability,object_free,signed_object_correction,-0.005492992390198911,-0.013176407951637848,0.0010484096599987446,22,5.1000000000000005,
object_free_timecourse,reduced_reliability,object_free,cumulative_signed_object_correction,0.29567546389040034,0.015589839974449097,0.5734912946836763,22,5.1000000000000005,
object_free_timecourse,reduced_reliability,object_free,previsual_object_state,-0.10602412990994371,-0.14079484685844096,-0.06955991769504297,22,5.1000000000000005,
object_free_timecourse,reduced_reliability,object_free,posterior_object_state,-0.11151712230014259,-0.1416250520225949,-0.08135406733133214,22,5.1000000000000005,
object_free_timecourse,reduced_reliability,object_free,subsequent_predicted_object_state,-0.11151712230014259,-0.14098442067882935,-0.08139167260867357,22,5.1000000000000005,
object_free_timecourse,reduced_reliability,object_free,signed_visual_innovation,0.0015221171756379952,-0.0207356849973646,0.03013739655812702,22,5.2,
object_free_timecourse,reduced_reliability,object_free,signed_object_correction,0.0004012170942647778,-0.00535195862261382,0.0077620686182511035,22,5.2,
object_free_timecourse,reduced_reliability,object_free,cumulative_signed_object_correction,0.2520885878598071,-0.023160812582313398,0.5331015840164108,22,5.2,
object_free_timecourse,reduced_reliability,object_free,previsual_object_state,-0.08423167690784245,-0.11921557846405385,-0.04854174372126608,22,5.2,
object_free_timecourse,reduced_reliability,object_free,posterior_object_state,-0.08383045981357767,-0.11408601743273786,-0.050603130305417514,22,5.2,
object_free_timecourse,reduced_reliability,object_free,subsequent_predicted_object_state,-0.08383045981357767,-0.11514821684000306,-0.051428941330672336,22,5.2,
object_free_timecourse,reduced_reliability,object_free,signed_visual_innovation,0.007777560274053742,-0.0027875301507311826,0.02326574394664441,23,5.3,
object_free_timecourse,reduced_reliability,object_free,signed_object_correction,0.0020436801108898337,-0.0007272757939389953,0.006011740586538153,23,5.3,
object_free_timecourse,reduced_reliability,object_free,cumulative_signed_object_correction,0.22518230973478645,-0.03732716897534454,0.49345057289828065,23,5.3,
object_free_timecourse,reduced_reliability,object_free,previsual_object_state,-0.06812152949989964,-0.09204541655351667,-0.04465435109595331,23,5.3,
object_free_timecourse,reduced_reliability,object_free,posterior_object_state,-0.0660778493890098,-0.0877790935533267,-0.04395226360435716,23,5.3,
object_free_timecourse,reduced_reliability,object_free,subsequent_predicted_object_state,-0.0660778493890098,-0.0875831337107867,-0.04420888262940748,23,5.3,
object_free_timecourse,reduced_reliability,object_free,signed_visual_innovation,0.00011995300782263567,-0.014133932675144477,0.010475186730316426,24,5.4,
object_free_timecourse,reduced_reliability,object_free,signed_object_correction,3.237857930383827e-05,-0.003701034029968535,0.002754531185895033,24,5.4,
object_free_timecourse,reduced_reliability,object_free,cumulative_signed_object_correction,0.2866980983983903,0.022821455605081163,0.5620759287371583,24,5.4,
object_free_timecourse,reduced_reliability,object_free,previsual_object_state,-0.03691562443410113,-0.061341252517797464,-0.009561163658369863,24,5.4,
object_free_timecourse,reduced_reliability,object_free,posterior_object_state,-0.0368832458547973,-0.06015294543945618,-0.01289075414660587,24,5.4,
object_free_timecourse,reduced_reliability,object_free,subsequent_predicted_object_state,-0.0368832458547973,-0.05996262468284161,-0.011884925828412395,24,5.4,
object_free_timecourse,reduced_reliability,object_free,signed_visual_innovation,0.003648624721372141,-0.015034802342725811,0.01546636908841306,24,5.5,
object_free_timecourse,reduced_reliability,object_free,signed_object_correction,0.0009556468477655662,-0.004018093206004821,0.004101363906734363,24,5.5,
object_free_timecourse,reduced_reliability,object_free,cumulative_signed_object_correction,0.33910750783297056,0.08733111483254552,0.597485106268226,24,5.5,
object_free_timecourse,reduced_reliability,object_free,previsual_object_state,-0.017563267485408884,-0.041821108307217976,0.009266838754400042,24,5.5,
object_free_timecourse,reduced_reliability,object_free,posterior_object_state,-0.01660762063764332,-0.03973355149096222,0.007277670291452059,24,5.5,
object_free_timecourse,reduced_reliability,object_free,subsequent_predicted_object_state,-0.01660762063764332,-0.03931205208377478,0.0071185557501900225,24,5.5,
object_free_timecourse,reduced_reliability,object_free,signed_visual_innovation,0.015926755024407716,0.009762787970882649,0.021652757613220903,23,5.6000000000000005,
object_free_timecourse,reduced_reliability,object_free,signed_object_correction,0.004187041342094557,0.0025061842509096757,0.005654492337812129,23,5.6000000000000005,
object_free_timecourse,reduced_reliability,object_free,cumulative_signed_object_correction,0.40758862888308195,0.14485336405656188,0.6675856960753498,23,5.6000000000000005,
object_free_timecourse,reduced_reliability,object_free,previsual_object_state,-0.017318811071258395,-0.03554893585611396,0.0013575358240357886,23,5.6000000000000005,
object_free_timecourse,reduced_reliability,object_free,posterior_object_state,-0.013131769729163837,-0.03087091294485496,0.005506356291684195,23,5.6000000000000005,
object_free_timecourse,reduced_reliability,object_free,subsequent_predicted_object_state,-0.013131769729163837,-0.031271968322558095,0.005732769532838825,23,5.6000000000000005,
object_free_timecourse,reduced_reliability,object_free,signed_visual_innovation,0.03186893171088173,0.01826406617177424,0.05564395135521389,23,5.7,
object_free_timecourse,reduced_reliability,object_free,signed_object_correction,0.00838062339901014,0.004792398507158333,0.014653025266753886,23,5.7,
object_free_timecourse,reduced_reliability,object_free,cumulative_signed_object_correction,0.5160753190330961,0.262022696575642,0.7641458699054116,23,5.7,
object_free_timecourse,reduced_reliability,object_free,previsual_object_state,-0.028169113288547164,-0.058938578209040915,-0.001760249783885866,23,5.7,
object_free_timecourse,reduced_reliability,object_free,posterior_object_state,-0.019788489889537023,-0.04642935001548322,0.0038726679562249245,23,5.7,
object_free_timecourse,reduced_reliability,object_free,subsequent_predicted_object_state,-0.019788489889537023,-0.04668322787000601,0.00414430315476968,23,5.7,
object_free_timecourse,reduced_reliability,object_free,signed_visual_innovation,0.03064949288573764,0.0201733356244413,0.04732284563790071,24,5.8,
object_free_timecourse,reduced_reliability,object_free,signed_object_correction,0.008061587031032142,0.0053263845197474395,0.012399784876452376,24,5.8,
object_free_timecourse,reduced_reliability,object_free,cumulative_signed_object_correction,0.5316439900701667,0.2771772932796088,0.7918970908496671,24,5.8,
object_free_timecourse,reduced_reliability,object_free,previsual_object_state,-0.028853568563782312,-0.05694012226132085,-0.003977333033682591,24,5.8,
object_free_timecourse,reduced_reliability,object_free,posterior_object_state,-0.02079198153275017,-0.04440229409351619,0.0031865837587116627,24,5.8,
object_free_timecourse,reduced_reliability,object_free,subsequent_predicted_object_state,-0.02079198153275017,-0.045094324202316675,0.00329697976405889,24,5.8,
object_free_timecourse,reduced_reliability,object_free,signed_visual_innovation,0.03866292462941725,0.0173751010299292,0.07670517372226962,23,5.9,
object_free_timecourse,reduced_reliability,object_free,signed_object_correction,0.010170801340092857,0.004536060124403498,0.02030006618398256,23,5.9,
object_free_timecourse,reduced_reliability,object_free,cumulative_signed_object_correction,0.6718339876806338,0.4129970776877002,0.9208857806266827,23,5.9,
object_free_timecourse,reduced_reliability,object_free,previsual_object_state,-0.015516720278558894,-0.051674925320393084,0.017241520241580585,23,5.9,
object_free_timecourse,reduced_reliability,object_free,posterior_object_state,-0.005345918938466036,-0.034107316185240814,0.022740551242946293,23,5.9,
object_free_timecourse,reduced_reliability,object_free,subsequent_predicted_object_state,-0.005345918938466036,-0.03365031554660357,0.02226127769269599,23,5.9,
object_free_timecourse,reduced_reliability,object_free,signed_visual_innovation,0.031129582155706076,0.023957607188025143,0.03989753933649524,23,6.0,
object_free_timecourse,reduced_reliability,object_free,signed_object_correction,0.008190353967610729,0.0062560564089186145,0.010495730454354932,23,6.0,
object_free_timecourse,reduced_reliability,object_free,cumulative_signed_object_correction,0.7398609524914477,0.49137024634307935,0.9909752882655982,23,6.0,
object_free_timecourse,reduced_reliability,object_free,previsual_object_state,-0.005775105266300842,-0.026096995469521034,0.014826382584748702,23,6.0,
object_free_timecourse,reduced_reliability,object_free,posterior_object_state,0.002415248701309891,-0.016857964056524035,0.022927059571201898,23,6.0,
object_free_timecourse,reduced_reliability,object_free,subsequent_predicted_object_state,0.002415248701309891,-0.016828124512489162,0.022888619842504326,23,6.0,
object_free_timecourse,reduced_reliability,object_free,signed_visual_innovation,0.022827844158391595,0.016505043713403125,0.02945915451372797,22,6.1000000000000005,
object_free_timecourse,reduced_reliability,object_free,signed_object_correction,0.006004240081171023,0.0043545544615650935,0.007699919761593329,22,6.1000000000000005,
object_free_timecourse,reduced_reliability,object_free,cumulative_signed_object_correction,0.7961982645400215,0.5281983098527195,1.0646640655996136,22,6.1000000000000005,
object_free_timecourse,reduced_reliability,object_free,previsual_object_state,0.0058450562583813315,-0.013304989644940722,0.026183547499463028,22,6.1000000000000005,
object_free_timecourse,reduced_reliability,object_free,posterior_object_state,0.011849296339552355,-0.007372048096886795,0.032015478052548854,22,6.1000000000000005,
object_free_timecourse,reduced_reliability,object_free,subsequent_predicted_object_state,0.011849296339552355,-0.007545412035589303,0.03248667390098457,22,6.1000000000000005,
object_free_timecourse,reduced_reliability,object_free,signed_visual_innovation,0.01643725107565574,0.004645401120595552,0.025197397946875918,22,6.2,
object_free_timecourse,reduced_reliability,object_free,signed_object_correction,0.004325136311047627,0.0012218394974897314,0.006636719237313934,22,6.2,
object_free_timecourse,reduced_reliability,object_free,cumulative_signed_object_correction,0.7753446905158263,0.46662901784489696,1.0766922108483088,22,6.2,
object_free_timecourse,reduced_reliability,object_free,previsual_object_state,0.024317577156557822,0.0006016555950242494,0.05139324972964089,22,6.2,
object_free_timecourse,reduced_reliability,object_free,posterior_object_state,0.028642713467605444,0.0061491802700507445,0.054183822575714316,22,6.2,
object_free_timecourse,reduced_reliability,object_free,subsequent_predicted_object_state,0.028642713467605444,0.006026906689312892,0.05462351768581559,22,6.2,
object_free_timecourse,reduced_reliability,object_free,signed_visual_innovation,0.03247490497236693,0.016226026302806503,0.054220018827409254,23,6.3,
object_free_timecourse,reduced_reliability,object_free,signed_object_correction,0.008542709258163283,0.004327386760084274,0.014303298842538566,23,6.3,
object_free_timecourse,reduced_reliability,object_free,cumulative_signed_object_correction,0.7651561355670431,0.4489237439447527,1.0649969682515503,23,6.3,
object_free_timecourse,reduced_reliability,object_free,previsual_object_state,0.016325153420556907,-0.01931983542782703,0.04731600627162924,23,6.3,
object_free_timecourse,reduced_reliability,object_free,posterior_object_state,0.024867862678720196,-0.005315681327683082,0.053402794086114404,23,6.3,
object_free_timecourse,reduced_reliability,object_free,subsequent_predicted_object_state,0.024867862678720196,-0.00488588825491008,0.0536561716522822,23,6.3,
object_free_timecourse,reduced_reliability,object_free,signed_visual_innovation,0.003695362810962697,-0.026323776116747338,0.021671079988003602,24,6.4,
object_free_timecourse,reduced_reliability,object_free,signed_object_correction,0.000965865539067451,-0.0068279231988247315,0.005723868723951796,24,6.4,
object_free_timecourse,reduced_reliability,object_free,cumulative_signed_object_correction,0.7539486360932832,0.42670557444217244,1.068821582243997,24,6.4,
object_free_timecourse,reduced_reliability,object_free,previsual_object_state,0.04496247770570111,0.01590225176210835,0.08156269082208388,24,6.4,
object_free_timecourse,reduced_reliability,object_free,posterior_object_state,0.045928343244768556,0.019313379197211947,0.0760857053595673,24,6.4,
object_free_timecourse,reduced_reliability,object_free,subsequent_predicted_object_state,0.045928343244768556,0.018427825959539065,0.07662582576365261,24,6.4,
object_free_timecourse,reduced_reliability,object_free,signed_visual_innovation,0.005210189341975538,-0.005596222301051286,0.01422782617831968,23,6.5,
object_free_timecourse,reduced_reliability,object_free,signed_object_correction,0.001370485221831752,-0.0014807831229087238,0.003714471539774437,23,6.5,
object_free_timecourse,reduced_reliability,object_free,cumulative_signed_object_correction,0.7841760765830389,0.4516690028339898,1.1107122498558353,23,6.5,
object_free_timecourse,reduced_reliability,object_free,previsual_object_state,0.051045396570470886,0.03242759724255543,0.06973510971708581,23,6.5,
object_free_timecourse,reduced_reliability,object_free,posterior_object_state,0.05241588179230265,0.03419314487660376,0.07063667163399279,23,6.5,
object_free_timecourse,reduced_reliability,object_free,subsequent_predicted_object_state,0.05241588179230265,0.034213329730537735,0.07083587863820869,23,6.5,
object_free_timecourse,reduced_reliability,object_free,signed_visual_innovation,-8.76699981606927e-05,-0.02192262639206034,0.013710266661593863,24,6.6000000000000005,
object_free_timecourse,reduced_reliability,object_free,signed_object_correction,-1.879684509740615e-05,-0.005775527114745425,0.0036388459385466067,24,6.6000000000000005,
object_free_timecourse,reduced_reliability,object_free,cumulative_signed_object_correction,0.7709483639680749,0.4385601438264642,1.1100490362830664,24,6.6000000000000005,
object_free_timecourse,reduced_reliability,object_free,previsual_object_state,0.04985940451291323,0.029691572700803633,0.07362622593749539,24,6.6000000000000005,
object_free_timecourse,reduced_reliability,object_free,posterior_object_state,0.04984060766781581,0.03171919157004779,0.06921375304478411,24,6.6000000000000005,
object_free_timecourse,reduced_reliability,object_free,subsequent_predicted_object_state,0.04984060766781581,0.0316290365879659,0.06929081008631383,24,6.6000000000000005,
object_free_timecourse,reduced_reliability,object_free,signed_visual_innovation,-0.0005109349062449977,-0.006003234823617069,0.005175915432601082,23,6.7,
object_free_timecourse,reduced_reliability,object_free,signed_object_correction,-0.0001370349233194413,-0.0015592094610213483,0.0013530722480890173,23,6.7,
object_free_timecourse,reduced_reliability,object_free,cumulative_signed_object_correction,0.7381838169181105,0.3949224068748177,1.0703116586440722,23,6.7,
object_free_timecourse,reduced_reliability,object_free,previsual_object_state,0.029646552000107983,0.018623199608474177,0.04113608893526867,23,6.7,
object_free_timecourse,reduced_reliability,object_free,posterior_object_state,0.02950951707678854,0.018252951048680632,0.040659063136286276,23,6.7,
object_free_timecourse,reduced_reliability,object_free,subsequent_predicted_object_state,0.02950951707678854,0.01855113896404667,0.04079877592466688,23,6.7,
object_free_timecourse,reduced_reliability,object_free,signed_visual_innovation,-0.0038320416168444384,-0.04320043658906271,0.026268026796299738,24,6.8,
object_free_timecourse,reduced_reliability,object_free,signed_object_correction,-0.001007039772422495,-0.011151499813359762,0.006937653889743316,24,6.8,
object_free_timecourse,reduced_reliability,object_free,cumulative_signed_object_correction,0.752265118974497,0.4125220247328287,1.067201934302424,24,6.8,
object_free_timecourse,reduced_reliability,object_free,previsual_object_state,0.03188336933136929,-0.004092489658815866,0.06983838086477087,24,6.8,
object_free_timecourse,reduced_reliability,object_free,posterior_object_state,0.030876329558946786,0.0024320703302002813,0.061501742979205944,24,6.8,
object_free_timecourse,reduced_reliability,object_free,subsequent_predicted_object_state,0.030876329558946786,0.0029489578908199567,0.060431305096296746,24,6.8,
object_free_timecourse,reduced_reliability,object_free,signed_visual_innovation,-0.0020567956522990604,-0.014401809811034704,0.01351708022273624,25,6.9,
object_free_timecourse,reduced_reliability,object_free,signed_object_correction,-0.0005408472659355977,-0.0036691981293692777,0.003564545513759813,25,6.9,
object_free_timecourse,reduced_reliability,object_free,cumulative_signed_object_correction,0.7030815268495633,0.3806237252833429,1.0192937670634552,25,6.9,
object_free_timecourse,reduced_reliability,object_free,previsual_object_state,0.024989692908257095,-0.00017841666084983314,0.04910865763605601,25,6.9,
object_free_timecourse,reduced_reliability,object_free,posterior_object_state,0.024448845642321505,0.001752281108832398,0.046137484338305584,25,6.9,
object_free_timecourse,reduced_reliability,object_free,subsequent_predicted_object_state,0.024448845642321505,0.0018346188430617431,0.04696027363776492,25,6.9,
object_free_timecourse,reduced_reliability,object_free,signed_visual_innovation,-0.026537847198012127,-0.0449835157023939,-0.013058275414045178,27,7.0,
object_free_timecourse,reduced_reliability,object_free,signed_object_correction,-0.006973330430568133,-0.011737696465850237,-0.0034303759337159317,27,7.0,
object_free_timecourse,reduced_reliability,object_free,cumulative_signed_object_correction,0.6711789555899251,0.3764117193257223,0.9652820856922963,27,7.0,
object_free_timecourse,reduced_reliability,object_free,previsual_object_state,0.04896541800750123,0.024794629773848508,0.07723423116165727,27,7.0,
object_free_timecourse,reduced_reliability,object_free,posterior_object_state,0.041992087576933096,0.019184817340743482,0.0660894986014899,27,7.0,
object_free_timecourse,reduced_reliability,object_free,subsequent_predicted_object_state,0.041992087576933096,0.019256808908112166,0.06589114506864174,27,7.0,
object_free_timecourse,reduced_reliability,object_free,signed_visual_innovation,-0.016606188462963748,-0.02211695498162681,-0.010949868843430449,27,7.1000000000000005,
object_free_timecourse,reduced_reliability,object_free,signed_object_correction,-0.004368546969223942,-0.005828891378346729,-0.0028933304012048753,27,7.1000000000000005,
object_free_timecourse,reduced_reliability,object_free,cumulative_signed_object_correction,0.6295795340648163,0.329148835521562,0.921278983881978,27,7.1000000000000005,
object_free_timecourse,reduced_reliability,object_free,previsual_object_state,0.04489756433365765,0.025399885226925916,0.06460451287643874,27,7.1000000000000005,
object_free_timecourse,reduced_reliability,object_free,posterior_object_state,0.04052901736443371,0.020375017639824543,0.06085288872847715,27,7.1000000000000005,
object_free_timecourse,reduced_reliability,object_free,subsequent_predicted_object_state,0.04052901736443371,0.02065494689090311,0.0607314469919462,27,7.1000000000000005,
object_free_timecourse,reduced_reliability,object_free,signed_visual_innovation,-0.012311368210617485,-0.026700603437841936,0.010656843994693644,28,7.2,
object_free_timecourse,reduced_reliability,object_free,signed_object_correction,-0.003237834122671735,-0.007022221807655882,0.002767359259250276,28,7.2,
object_free_timecourse,reduced_reliability,object_free,cumulative_signed_object_correction,0.5891769292304696,0.3053118423493483,0.866648776650432,28,7.2,
object_free_timecourse,reduced_reliability,object_free,previsual_object_state,0.02751990247088432,-0.015399856021304614,0.05918653532811505,28,7.2,
object_free_timecourse,reduced_reliability,object_free,posterior_object_state,0.024282068348212584,-0.012596675164759027,0.05353779577904467,28,7.2,
object_free_timecourse,reduced_reliability,object_free,subsequent_predicted_object_state,0.024282068348212584,-0.01264137153464478,0.05280835866776521,28,7.2,
object_free_timecourse,reduced_reliability,object_free,signed_visual_innovation,-0.014977376239725268,-0.02099489435351927,-0.008881502711268096,28,7.3,
object_free_timecourse,reduced_reliability,object_free,signed_object_correction,-0.003940803198237812,-0.005536704135247328,-0.0023083921909421734,28,7.3,
object_free_timecourse,reduced_reliability,object_free,cumulative_signed_object_correction,0.5413448273405351,0.25682567369621695,0.8211153015191954,28,7.3,
object_free_timecourse,reduced_reliability,object_free,previsual_object_state,0.021876307457338255,-0.004215918090729245,0.04588382437880595,28,7.3,
object_free_timecourse,reduced_reliability,object_free,posterior_object_state,0.017935504259100447,-0.00798817100695517,0.04141414495636412,28,7.3,
object_free_timecourse,reduced_reliability,object_free,subsequent_predicted_object_state,0.017935504259100447,-0.007994292965726837,0.04147009056226172,28,7.3,
object_free_timecourse,reduced_reliability,object_free,signed_visual_innovation,-0.014630722620406652,-0.018706606088742365,-0.01056379048874972,28,7.4,
object_free_timecourse,reduced_reliability,object_free,signed_object_correction,-0.0038493285437648252,-0.0049140265099360285,-0.002785557800138283,28,7.4,
object_free_timecourse,reduced_reliability,object_free,cumulative_signed_object_correction,0.5022305263461345,0.2128503837780482,0.7792054007913835,28,7.4,
object_free_timecourse,reduced_reliability,object_free,previsual_object_state,0.03857496211749562,0.017319741650053528,0.05959591008383454,28,7.4,
object_free_timecourse,reduced_reliability,object_free,posterior_object_state,0.03472563357373079,0.012822403217131809,0.05549796885575586,28,7.4,
object_free_timecourse,reduced_reliability,object_free,subsequent_predicted_object_state,0.03472563357373079,0.013300365969385218,0.055262132470094816,28,7.4,
object_free_timecourse,reduced_reliability,object_free,signed_visual_innovation,-0.026298878838971813,-0.05007830180730619,-0.012731824948519547,29,7.5,
object_free_timecourse,reduced_reliability,object_free,signed_object_correction,-0.006915269275701217,-0.01315204462832897,-0.0033691531141540588,29,7.5,
object_free_timecourse,reduced_reliability,object_free,cumulative_signed_object_correction,0.44182803582660857,0.15931049532289746,0.7176285154368317,29,7.5,
object_free_timecourse,reduced_reliability,object_free,previsual_object_state,0.05086771799266862,0.030127323807657588,0.07422055215655773,29,7.5,
object_free_timecourse,reduced_reliability,object_free,posterior_object_state,0.04395244871696739,0.0253489726775331,0.062241408280195636,29,7.5,
object_free_timecourse,reduced_reliability,object_free,subsequent_predicted_object_state,0.04395244871696739,0.025695306610964037,0.06221970660116841,29,7.5,
object_free_timecourse,reduced_reliability,object_free,signed_visual_innovation,-0.015456489637379825,-0.024321657206758673,-0.0029586088957224916,30,7.6000000000000005,
object_free_timecourse,reduced_reliability,object_free,signed_object_correction,-0.00406620747472105,-0.006391369666704179,-0.0007866187155958773,30,7.6000000000000005,
object_free_timecourse,reduced_reliability,object_free,cumulative_signed_object_correction,0.44041043352790565,0.15267664922038313,0.7163203862498965,30,7.6000000000000005,
object_free_timecourse,reduced_reliability,object_free,previsual_object_state,0.036583820573629876,0.014096747391906729,0.0571575366325449,30,7.6000000000000005,
object_free_timecourse,reduced_reliability,object_free,posterior_object_state,0.03251761309890881,0.011337314053582164,0.05217484732743182,30,7.6000000000000005,
object_free_timecourse,reduced_reliability,object_free,subsequent_predicted_object_state,0.03251761309890881,0.011457546889498824,0.052331469462885416,30,7.6000000000000005,
object_free_timecourse,reduced_reliability,object_free,signed_visual_innovation,-0.012760433891929329,-0.017651756548183913,-0.007750432834917575,30,7.7,
object_free_timecourse,reduced_reliability,object_free,signed_object_correction,-0.003356358472762983,-0.004665675333338264,-0.0020512342617402717,30,7.7,
object_free_timecourse,reduced_reliability,object_free,cumulative_signed_object_correction,0.40133718118251654,0.11165217213800631,0.6844164740756388,30,7.7,
object_free_timecourse,reduced_reliability,object_free,previsual_object_state,0.030772092706131054,0.012426957633804907,0.04894070127505837,30,7.7,
object_free_timecourse,reduced_reliability,object_free,posterior_object_state,0.02741573423336807,0.008170278289546832,0.045994797755655716,30,7.7,
object_free_timecourse,reduced_reliability,object_free,subsequent_predicted_object_state,0.02741573423336807,0.008351279486322152,0.04585765437091569,30,7.7,
object_free_timecourse,reduced_reliability,object_free,signed_visual_innovation,-0.00522452923550261,-0.010993372571440037,0.0004527053990227541,30,7.8,
object_free_timecourse,reduced_reliability,object_free,signed_object_correction,-0.0013741922911440544,-0.002841725708020996,0.0001279522147255655,30,7.8,
object_free_timecourse,reduced_reliability,object_free,cumulative_signed_object_correction,0.38054403153268274,0.08628131691254724,0.672837694617458,30,7.8,
object_free_timecourse,reduced_reliability,object_free,previsual_object_state,0.04509100301099642,0.028604810933603408,0.061223501772550246,30,7.8,
object_free_timecourse,reduced_reliability,object_free,posterior_object_state,0.04371681071985236,0.026984048534646088,0.06016287126873317,30,7.8,
object_free_timecourse,reduced_reliability,object_free,subsequent_predicted_object_state,0.04371681071985236,0.026838466431417927,0.05996123889443465,30,7.8,
object_free_timecourse,reduced_reliability,object_free,signed_visual_innovation,-0.005876580143994622,-0.0115994045557035,3.45587326374048e-05,30,7.9,
object_free_timecourse,reduced_reliability,object_free,signed_object_correction,-0.0015457028244148302,-0.0031130969934058416,1.5184886622762634e-05,30,7.9,
object_free_timecourse,reduced_reliability,object_free,cumulative_signed_object_correction,0.35807950324028087,0.06526447388015633,0.6518444416739947,30,7.9,
object_free_timecourse,reduced_reliability,object_free,previsual_object_state,0.043798153003314556,0.028890888754151432,0.05870003917847947,30,7.9,
object_free_timecourse,reduced_reliability,object_free,posterior_object_state,0.04225245017889971,0.02734835784578632,0.05659903111808805,30,7.9,
object_free_timecourse,reduced_reliability,object_free,subsequent_predicted_object_state,0.04225245017889971,0.027824248636092817,0.05683162925462619,30,7.9,
object_free_timecourse,reduced_reliability,object_free,signed_visual_innovation,-0.0017641079667868324,-0.007689491858359534,0.0038358174501267072,30,8.0,
object_free_timecourse,reduced_reliability,object_free,signed_object_correction,-0.0004638346333306103,-0.0020215907657121363,0.0010094026799040254,30,8.0,
object_free_timecourse,reduced_reliability,object_free,cumulative_signed_object_correction,0.35638307325114593,0.06598180154486705,0.6494078860398286,30,8.0,
object_free_timecourse,reduced_reliability,object_free,previsual_object_state,0.04990640301126155,0.03635147670370182,0.06291233782615195,30,8.0,
object_free_timecourse,reduced_reliability,object_free,posterior_object_state,0.049442568377930936,0.03569206037806008,0.06260284301088276,30,8.0,
object_free_timecourse,reduced_reliability,object_free,subsequent_predicted_object_state,0.049442568377930936,0.03559963016289471,0.06225316985105713,30,8.0,
object_free_timecourse,reduced_reliability,object_free,signed_visual_innovation,0.009377119261971338,0.0037997704018941643,0.014965188869357148,30,8.1,
object_free_timecourse,reduced_reliability,object_free,signed_object_correction,0.002466529000142563,0.0009919652877848296,0.003943085517715606,30,8.1,
object_free_timecourse,reduced_reliability,object_free,cumulative_signed_object_correction,0.37080360464031353,0.08130774336031377,0.6546945949531444,30,8.1,
object_free_timecourse,reduced_reliability,object_free,previsual_object_state,0.06249703435389972,0.04776529863839154,0.07732919956595603,30,8.1,
object_free_timecourse,reduced_reliability,object_free,posterior_object_state,0.06496356335404228,0.04984674013220558,0.07949623397121361,30,8.1,
object_free_timecourse,reduced_reliability,object_free,subsequent_predicted_object_state,0.06496356335404228,0.04994237020084795,0.0793473730730135,30,8.1,
object_free_timecourse,reduced_reliability,object_free,signed_visual_innovation,0.010428189376626908,0.0042410519877139445,0.01616279868541525,30,8.2,
object_free_timecourse,reduced_reliability,object_free,signed_object_correction,0.0027434130536036763,0.001112797099653787,0.004262866658168158,30,8.2,
object_free_timecourse,reduced_reliability,object_free,cumulative_signed_object_correction,0.3963328502863722,0.1104149990021781,0.6857833291820252,30,8.2,
object_free_timecourse,reduced_reliability,object_free,previsual_object_state,0.0683242027980265,0.05160389763297765,0.08430665868908668,30,8.2,
object_free_timecourse,reduced_reliability,object_free,posterior_object_state,0.0710676158516302,0.05370678757270812,0.08750558938137683,30,8.2,
object_free_timecourse,reduced_reliability,object_free,subsequent_predicted_object_state,0.0710676158516302,0.053508408193461296,0.08782220555546703,30,8.2,
object_free_timecourse,reduced_reliability,object_free,signed_visual_innovation,0.01753406476301694,0.0014255243340592447,0.03328765881328093,30,8.3,
object_free_timecourse,reduced_reliability,object_free,signed_object_correction,0.004611947173589919,0.0003314289681542138,0.008735937425172573,30,8.3,
object_free_timecourse,reduced_reliability,object_free,cumulative_signed_object_correction,0.4149665112875959,0.1270605852002038,0.6997847582255925,30,8.3,
object_free_timecourse,reduced_reliability,object_free,previsual_object_state,0.06122921550711034,0.03993011270331418,0.08121194961876006,30,8.3,
object_free_timecourse,reduced_reliability,object_free,posterior_object_state,0.06584116268070027,0.04537421877902538,0.08545410012279454,30,8.3,
object_free_timecourse,reduced_reliability,object_free,subsequent_predicted_object_state,0.06584116268070027,0.04573580387210516,0.08572826897486448,30,8.3,
matched_product_decomposition_summary,reduced_reliability_minus_baseline,all_samples,mean_observed_change,0.0010230387170370489,0.0009719124632251224,0.0010723876755038347,30,,
matched_product_decomposition_summary,reduced_reliability_minus_baseline,all_samples,mean_innovation_term,0.0010724714634934688,0.0010026672588425711,0.0011409911469743715,30,,
matched_product_decomposition_summary,reduced_reliability_minus_baseline,all_samples,mean_gain_term,2.325455467196312e-06,-2.632448814403734e-05,2.955245713279735e-05,30,,
matched_product_decomposition_summary,reduced_reliability_minus_baseline,all_samples,mean_interaction_term,-5.1758201923616026e-05,-9.375377493537807e-05,-8.085570146135224e-06,30,,
