model_id,model_definition,realization_id,rng_seed,epoch,angular_rmse,object_rmse,false_positive_rms,mean_context_belief,median_context_belief,mean_assumed_sigma_oto,mean_signed_innovation,mean_abs_innovation,mean_object_gain,mean_signed_object_correction,mean_abs_object_correction,metric_homology,object_present_samples,object_free_samples
A_full_canonical,"Canonical three-state observer, two-rate adaptation, inferred context, and online eye plant.",0,100,baseline,0.05227903361128479,0.07643590785038243,0.05092163240002351,0.0005075623925149135,0.0003353501304664781,0.06061511918243401,-0.002479319917555846,0.07517482504751595,0.27756397751359296,-0.0007190485425042194,0.02083231466410161,recurrent latent object-motion state,205,628
A_full_canonical,"Canonical three-state observer, two-rate adaptation, inferred context, and online eye plant.",0,100,reduced_reliability,0.05582726771342003,0.10741935014438038,0.08539560977309452,0.9978842179763185,0.9996646498695336,0.39917294037915657,0.0015252138565866244,0.07506650065787893,0.2630132519851433,0.0003985222829660658,0.01974194484375684,recurrent latent object-motion state,176,657
A_full_canonical,"Canonical three-state observer, two-rate adaptation, inferred context, and online eye plant.",0,100,recovery,0.052467662836576855,0.05651998265127677,0.06188071733231652,0.01154629046182021,0.0003353501304664781,0.06522908693444994,-0.001318501604601333,0.0771743717555875,0.27595630185169584,-0.0003621414266884299,0.021301204520902766,recurrent latent object-motion state,181,653
A_full_canonical,"Canonical three-state observer, two-rate adaptation, inferred context, and online eye plant.",1,101,baseline,0.048683555599097254,0.07984218432276635,0.05885431523510717,0.00046275495723937306,0.0003353501304664781,0.06057690524035517,-0.0022989786735530893,0.07903962412753432,0.2775678476376435,-0.00048676267914273046,0.021988949995338278,recurrent latent object-motion state,240,593
A_full_canonical,"Canonical three-state observer, two-rate adaptation, inferred context, and online eye plant.",1,101,reduced_reliability,0.0494291789218098,0.08863022369467108,0.07338451959459094,0.9978300399685053,0.9996646498695336,0.39916251165476296,0.0012047323382751547,0.07641895512326302,0.2630106248752602,0.00031150883636554106,0.020100190340144392,recurrent latent object-motion state,207,626
A_full_canonical,"Canonical three-state observer, two-rate adaptation, inferred context, and online eye plant.",1,101,recovery,0.05694135638120094,0.07651534508826435,0.06763985208762034,0.006930102487196627,0.0003353501304664781,0.063453383089342,-0.0009912873323213575,0.07655336373688208,0.2760351955478157,-0.00027345163927513746,0.02113023108918281,recurrent latent object-motion state,240,594
A_full_canonical,"Canonical three-state observer, two-rate adaptation, inferred context, and online eye plant.",2,102,baseline,0.05234248019736282,0.07903576463981214,0.060202935547240384,0.0004375881044527609,0.0003353501304664781,0.06055531220684678,-0.0023696405644966947,0.07584764193801195,0.27756596884675055,-0.0005905908920982782,0.021054567565608463,recurrent latent object-motion state,225,608
A_full_canonical,"Canonical three-state observer, two-rate adaptation, inferred context, and online eye plant.",2,102,reduced_reliability,0.056314391434914686,0.0808119000103707,0.08841325329628952,0.9989933433823598,0.9996646498695336,0.3993960454111171,0.0012176647906657595,0.07235692040605739,0.2630001038343653,0.0003169040195481113,0.019029693430278962,recurrent latent object-motion state,184,649
A_full_canonical,"Canonical three-state observer, two-rate adaptation, inferred context, and online eye plant.",2,102,recovery,0.04862034168998482,0.06977179633367205,0.05188929141233688,0.008047657630647843,0.0003353501304664781,0.06385235794744594,-0.0005497668943527447,0.0766810926322232,0.27601850671346895,-0.0001518015936994144,0.0211660118664013,recurrent latent object-motion state,240,594
A_full_canonical,"Canonical three-state observer, two-rate adaptation, inferred context, and online eye plant.",3,103,baseline,0.05032722908195535,0.0810950685709957,0.05527311227670311,0.0004026454282045614,0.0003353501304664781,0.06051636179457189,-0.002457451889805905,0.07545993086648055,0.27757445679546094,-0.0005856977062826694,0.021022504281529776,recurrent latent object-motion state,240,593
A_full_canonical,"Canonical three-state observer, two-rate adaptation, inferred context, and online eye plant.",3,103,reduced_reliability,0.054200494582447585,0.09594562355138886,0.07403792650651653,0.996365210124978,0.9996646498695336,0.3987083833670142,0.0014841006925574456,0.07812175476682566,0.2630196568285964,0.00039054074264895496,0.02054626119379067,recurrent latent object-motion state,240,593
A_full_canonical,"Canonical three-state observer, two-rate adaptation, inferred context, and online eye plant.",3,103,recovery,0.05811717686221516,0.08646744137798139,0.06376234393548308,0.0048153042790808325,0.0003353501304664781,0.06281280388427722,-0.0008703038708748499,0.07661516618929888,0.2760586844601953,-0.0002390603114657961,0.021152573896963022,recurrent latent object-motion state,210,624
A_full_canonical,"Canonical three-state observer, two-rate adaptation, inferred context, and online eye plant.",4,104,baseline,0.05119621887821709,0.06326255002179447,0.06528116355477227,0.0004922008568262634,0.0003353501304664781,0.060615258522560916,-0.0025643479056967214,0.07613555187005684,0.27756256246097416,-0.0006856782951136192,0.02114596689099095,recurrent latent object-motion state,240,593
A_full_canonical,"Canonical three-state observer, two-rate adaptation, inferred context, and online eye plant.",4,104,reduced_reliability,0.054262700304995505,0.1312963316583081,0.08083986092684163,0.9962809513371514,0.9996646498695336,0.39880205308941924,0.0016418778162156258,0.07440359743721148,0.2630013045481782,0.00043206350577603065,0.019567994470673884,recurrent latent object-motion state,240,593
A_full_canonical,"Canonical three-state observer, two-rate adaptation, inferred context, and online eye plant.",4,104,recovery,0.05233158628980748,0.06311261868602265,0.05212097350163003,0.011597143743862282,0.0003353501304664781,0.0650144521163874,-0.0009699333442907431,0.0807745154817423,0.2759804311750428,-0.00027186328236373744,0.022295180989780075,recurrent latent object-motion state,240,594
A_full_canonical,"Canonical three-state observer, two-rate adaptation, inferred context, and online eye plant.",5,105,baseline,0.05243502133258905,0.07131443862880558,0.05999929294987376,0.0004764632052700766,0.0003353501304664781,0.06060766137016732,-0.0024753548113528455,0.07662505576091957,0.2775598334877168,-0.0006986937538668441,0.021214040543254795,recurrent latent object-motion state,240,593
A_full_canonical,"Canonical three-state observer, two-rate adaptation, inferred context, and online eye plant.",5,105,reduced_reliability,0.05442078559916811,0.11540325656724328,0.08846159485534237,0.9975145787229889,0.9996646498695336,0.39893396400785275,0.0008071957218847694,0.07686584831122148,0.2629932693340563,0.0002029630451826058,0.020215247316290194,recurrent latent object-motion state,213,620
A_full_canonical,"Canonical three-state observer, two-rate adaptation, inferred context, and online eye plant.",5,105,recovery,0.04971679207214367,0.0607810420009841,0.04868172222436849,0.008399897087013367,0.0003353501304664781,0.06391365538553802,-0.0005903546385218614,0.07673304262613165,0.27602637536639396,-0.00016855471117516188,0.02117677570656526,recurrent latent object-motion state,193,641
A_full_canonical,"Canonical three-state observer, two-rate adaptation, inferred context, and online eye plant.",6,106,baseline,0.05274316164064624,0.09472747098725408,0.053718430130723985,0.00039515465800574293,0.0003353501304664781,0.06050766204629092,-0.002604166348626037,0.07900365301474789,0.2775773499003787,-0.0006227333713428528,0.02193992194079761,recurrent latent object-motion state,235,598
A_full_canonical,"Canonical three-state observer, two-rate adaptation, inferred context, and online eye plant.",6,106,reduced_reliability,0.055201362297272294,0.07405200601923972,0.0744502912947197,0.9978193924331934,0.9996646498695336,0.3991526974358995,0.0014637988736830767,0.07363090493277323,0.26299740546364,0.00038265072960622505,0.019363981393390357,recurrent latent object-motion state,186,647
A_full_canonical,"Canonical three-state observer, two-rate adaptation, inferred context, and online eye plant.",6,106,recovery,0.05392645410843158,0.09819319279520071,0.05856725188427746,0.006776242063707184,0.0003353501304664781,0.0635373225240533,-0.0011194551988858129,0.07570187159914114,0.27602587240983983,-0.000304100781244135,0.020900260887827024,recurrent latent object-motion state,181,653
A_full_canonical,"Canonical three-state observer, two-rate adaptation, inferred context, and online eye plant.",7,107,baseline,0.05190239552492012,0.06378659349272257,0.054375773230939735,0.002116977883321104,0.0003353501304664781,0.061448219440322076,-0.0024670111282388617,0.07645675145395539,0.27752767229201786,-0.0006576447049540363,0.021147142807594513,recurrent latent object-motion state,240,593
A_full_canonical,"Canonical three-state observer, two-rate adaptation, inferred context, and online eye plant.",7,107,reduced_reliability,0.05148917889309668,0.12111102126191156,0.08842799257988165,0.9950230750393838,0.9996646498695336,0.398279596455691,0.0017402258035794553,0.07527589487464621,0.2630371633208008,0.0004552340677467727,0.019801573738980633,recurrent latent object-motion state,156,677
A_full_canonical,"Canonical three-state observer, two-rate adaptation, inferred context, and online eye plant.",7,107,recovery,0.05095615161434435,0.06735728747182962,0.05704026203189351,0.008209503766517964,0.0003353501304664781,0.0639736458758172,-0.0011238041728344607,0.07658304533508577,0.2760092320731048,-0.00030969438873204374,0.02113550745008745,recurrent latent object-motion state,240,594
A_full_canonical,"Canonical three-state observer, two-rate adaptation, inferred context, and online eye plant.",8,108,baseline,0.05124726672090241,0.06039476522035152,0.05618698468293863,0.0005934932898904358,0.0003353501304664781,0.060678326321812796,-0.0023844927847328445,0.07474125645331496,0.27756226016410795,-0.0007015209843306722,0.020749218695790172,recurrent latent object-motion state,226,607
A_full_canonical,"Canonical three-state observer, two-rate adaptation, inferred context, and online eye plant.",8,108,reduced_reliability,0.05633013860467138,0.11340182780519259,0.10795149981723465,0.9967088090893047,0.9996646498695336,0.3987698409768767,0.0014165926233283685,0.07683098696515678,0.26302898831530547,0.00037703967025711545,0.020209931163068934,recurrent latent object-motion state,184,649
A_full_canonical,"Canonical three-state observer, two-rate adaptation, inferred context, and online eye plant.",8,108,recovery,0.050122327531798,0.05815609357692133,0.05682409894150116,0.005038950828373001,0.0003353501304664781,0.06273516557097861,-0.000871696429316809,0.07681909596545734,0.27607170820924526,-0.00024303274883854273,0.021206694314518312,recurrent latent object-motion state,240,594
A_full_canonical,"Canonical three-state observer, two-rate adaptation, inferred context, and online eye plant.",9,109,baseline,0.0497259163568056,0.09373135449462155,0.051028094045126815,0.0005789827231026595,0.0003353501304664781,0.060688059608510085,-0.0022546484486390553,0.07915402334146747,0.2775548138616272,-0.0006854849646487537,0.021971080485273773,recurrent latent object-motion state,167,666
A_full_canonical,"Canonical three-state observer, two-rate adaptation, inferred context, and online eye plant.",9,109,reduced_reliability,0.05456980541985687,0.12771172829082458,0.06808374690232526,0.9956980379556412,0.9996646498695336,0.3984045908321892,0.0012827643465449048,0.07397152290190762,0.26298595128427177,0.0003384835106870721,0.01945195140467639,recurrent latent object-motion state,163,670
A_full_canonical,"Canonical three-state observer, two-rate adaptation, inferred context, and online eye plant.",9,109,recovery,0.050976537303222394,0.08297775843446305,0.05132841575769993,0.006592502276292745,0.0003353501304664781,0.0632409110881874,-0.000891437556482885,0.07596814371387597,0.2760574426330405,-0.0002479256259322003,0.02096523736732771,recurrent latent object-motion state,161,673
A_full_canonical,"Canonical three-state observer, two-rate adaptation, inferred context, and online eye plant.",10,110,baseline,0.050221344434371235,0.06713786743534526,0.0549733624712438,0.0004270650234538892,0.0003353501304664781,0.06054726100077127,-0.002929608204152106,0.07516807513398242,0.27757476935878533,-0.000805361442644667,0.02079104980662663,recurrent latent object-motion state,185,648
A_full_canonical,"Canonical three-state observer, two-rate adaptation, inferred context, and online eye plant.",10,110,reduced_reliability,0.050472802848362516,0.10847707009727019,0.08280441049995518,0.9976256781976959,0.9996646498695336,0.3989546834795683,0.0016827309296947577,0.07588430408042227,0.2629808148052241,0.00043899761254483636,0.019956152282519898,recurrent latent object-motion state,161,672
A_full_canonical,"Canonical three-state observer, two-rate adaptation, inferred context, and online eye plant.",10,110,recovery,0.050429725486457216,0.0712095557632452,0.05890281171743435,0.010684907476782005,0.0003353501304664781,0.06471317803627707,-0.0009699916793329712,0.07371901824008581,0.2759933513669819,-0.0002666282811361103,0.020350445815805255,recurrent latent object-motion state,201,633
A_full_canonical,"Canonical three-state observer, two-rate adaptation, inferred context, and online eye plant.",11,111,baseline,0.05492426932575183,0.08006748030211115,0.05897219896197289,0.0003964549058825577,0.0003353501304664781,0.06050844332402865,-0.002552170361532469,0.07475539527364561,0.2775803515361118,-0.0006823948825868531,0.020827635919414136,recurrent latent object-motion state,240,593
A_full_canonical,"Canonical three-state observer, two-rate adaptation, inferred context, and online eye plant.",11,111,reduced_reliability,0.05498662087018938,0.1483402135851159,0.07860369648530734,0.9933175680156869,0.9996646498695336,0.3978731509872126,0.0013744780427681496,0.07342007310388572,0.2630252224101722,0.00036213941842821995,0.0193093111318112,recurrent latent object-motion state,167,666
A_full_canonical,"Canonical three-state observer, two-rate adaptation, inferred context, and online eye plant.",11,111,recovery,0.05335893192703148,0.08628385558596553,0.05893308239467755,0.010679488168375141,0.0003353501304664781,0.06480646771600322,-0.0007222610767055459,0.07734022664060748,0.27598166178530453,-0.00020317291963967637,0.0213463052055047,recurrent latent object-motion state,236,598
A_full_canonical,"Canonical three-state observer, two-rate adaptation, inferred context, and online eye plant.",12,112,baseline,0.052176347681895975,0.05529345601473317,0.05586234669898512,0.0004303551936211136,0.0003353501304664781,0.060549163092003734,-0.0025295416028123974,0.07457475930458228,0.27757729437582196,-0.0007205614905548366,0.020758032478083534,recurrent latent object-motion state,210,623
A_full_canonical,"Canonical three-state observer, two-rate adaptation, inferred context, and online eye plant.",12,112,reduced_reliability,0.05195947725298893,0.11598164509649729,0.09161890346024777,0.9966198880755724,0.9996646498695336,0.39858766395923967,0.0013239226551901814,0.07915387468551845,0.2630440649734578,0.00034499749459299036,0.020819683988406057,recurrent latent object-motion state,173,660
A_full_canonical,"Canonical three-state observer, two-rate adaptation, inferred context, and online eye plant.",12,112,recovery,0.05208628587721257,0.0681783818385983,0.06040732171586903,0.012119999651809234,0.0003353501304664781,0.06518286741568323,-0.0008977614100187176,0.07646266865901723,0.2759726243116251,-0.00025086828209232564,0.02110546926150781,recurrent latent object-motion state,240,594
A_full_canonical,"Canonical three-state observer, two-rate adaptation, inferred context, and online eye plant.",13,113,baseline,0.05206255485385231,0.0725712680876223,0.05731753697710737,0.0004038643026192273,0.0003353501304664781,0.06051774807271718,-0.002264325992042778,0.07802621721148426,0.2775739182203249,-0.0005914111648174955,0.02160995549918847,recurrent latent object-motion state,240,593
A_full_canonical,"Canonical three-state observer, two-rate adaptation, inferred context, and online eye plant.",13,113,reduced_reliability,0.05712869144356561,0.07675856035674918,0.08876352235652092,0.9966683744852024,0.9996646498695336,0.39876502072274067,0.0010591899448219465,0.08102132741938815,0.2630207540546929,0.00027342006361972697,0.021310916909104076,recurrent latent object-motion state,240,593
A_full_canonical,"Canonical three-state observer, two-rate adaptation, inferred context, and online eye plant.",13,113,recovery,0.052967839738290945,0.05453863848297994,0.06899249161874707,0.006310643656039875,0.0003353501304664781,0.06319143901351285,-0.0007597842499567023,0.08117445070400614,0.2760462883608897,-0.0002103041868708224,0.02240807916041175,recurrent latent object-motion state,240,594
A_full_canonical,"Canonical three-state observer, two-rate adaptation, inferred context, and online eye plant.",14,114,baseline,0.05326431118241393,0.0707148747809747,0.06321700550586887,0.0003901519036115007,0.0003353501304664781,0.060501270831588856,-0.002584480072897108,0.08183278478835126,0.2775751250882037,-0.0007757531054512504,0.022725238603670678,recurrent latent object-motion state,240,593
A_full_canonical,"Canonical three-state observer, two-rate adaptation, inferred context, and online eye plant.",14,114,reduced_reliability,0.05097754808647106,0.09036319365250345,0.08393786514699901,0.9967602740450123,0.9996646498695336,0.39877611023879844,0.0014851710457999805,0.07786125552679371,0.26303246759143734,0.000389862496815706,0.02048051963168817,recurrent latent object-motion state,240,593
A_full_canonical,"Canonical three-state observer, two-rate adaptation, inferred context, and online eye plant.",14,114,recovery,0.05314062670197902,0.06133999143152494,0.06825418501884095,0.012903083107170851,0.0003353501304664781,0.06553722808528963,-0.0008857965366257415,0.07868428796737029,0.27594951834241455,-0.00024516733695630847,0.021716967708382176,recurrent latent object-motion state,240,594
A_full_canonical,"Canonical three-state observer, two-rate adaptation, inferred context, and online eye plant.",15,115,baseline,0.04712875648091697,0.08877222467639247,0.05642154265515883,0.0004333187581671295,0.0003353501304664781,0.060553207004661345,-0.002239799074527057,0.07532955371533984,0.27757354036739196,-0.0003888820188021296,0.021050760162428253,recurrent latent object-motion state,209,624
A_full_canonical,"Canonical three-state observer, two-rate adaptation, inferred context, and online eye plant.",15,115,reduced_reliability,0.0567260081677048,0.10191648971708762,0.08209374807211185,0.9969865917206782,0.9996646498695336,0.3988160111093665,0.0011782504962615087,0.07296710229433387,0.26298727150148327,0.0003074395899361426,0.019188770669667284,recurrent latent object-motion state,118,715
A_full_canonical,"Canonical three-state observer, two-rate adaptation, inferred context, and online eye plant.",15,115,recovery,0.051970220713454446,0.0772595759466441,0.06325742468042994,0.006854240262917623,0.0003353501304664781,0.06343896392567198,-0.0005828457360521779,0.07610752997182028,0.27603265483767053,-0.00016113591187588466,0.021010157467277003,recurrent latent object-motion state,240,594
A_full_canonical,"Canonical three-state observer, two-rate adaptation, inferred context, and online eye plant.",16,116,baseline,0.0517451306473083,0.0630805911659902,0.05153984433904071,0.0004185822136359243,0.0003353501304664781,0.06053492569197563,-0.0026728430298745076,0.07370378475128342,0.2775831303838065,-0.0007872635100960653,0.02042912934135411,recurrent latent object-motion state,201,632
A_full_canonical,"Canonical three-state observer, two-rate adaptation, inferred context, and online eye plant.",16,116,reduced_reliability,0.05481572524170674,0.13197598569762728,0.08544219534426276,0.9967785768278203,0.9996646498695336,0.3988316239162499,0.0014369232423977797,0.07566828031707197,0.26300722481884453,0.00037900902426533933,0.01990424708345321,recurrent latent object-motion state,240,593
A_full_canonical,"Canonical three-state observer, two-rate adaptation, inferred context, and online eye plant.",16,116,recovery,0.05609800729487668,0.07076160632047214,0.0677653959952614,0.006864174183735999,0.0003353501304664781,0.06334945395602844,-0.000885233960219464,0.0782103149634448,0.27604662766326804,-0.0002475064771617739,0.02158830680720359,recurrent latent object-motion state,240,594
A_full_canonical,"Canonical three-state observer, two-rate adaptation, inferred context, and online eye plant.",17,117,baseline,0.049726389075452786,0.07940649677572749,0.0566956585574074,0.00039697127936611334,0.0003353501304664781,0.06051016105632841,-0.002439368819113176,0.0781161805618817,0.27757724846022525,-0.0006072767738854139,0.021713211325679906,recurrent latent object-motion state,240,593
A_full_canonical,"Canonical three-state observer, two-rate adaptation, inferred context, and online eye plant.",17,117,reduced_reliability,0.05548026883733793,0.11122247460298454,0.07474895576715143,0.994638561213522,0.9996646498695336,0.3980209051896053,0.0010921463956701564,0.0747008795005988,0.2629840691168962,0.00028376746894530667,0.019647025175306296,recurrent latent object-motion state,238,595
A_full_canonical,"Canonical three-state observer, two-rate adaptation, inferred context, and online eye plant.",17,117,recovery,0.05365607593863001,0.08617328511834253,0.05115530812237848,0.0068562782527491,0.0003353501304664781,0.0633728679568589,-0.0008378758209626873,0.07349476833264693,0.2760522941766989,-0.00022904063165369229,0.0202870406114702,recurrent latent object-motion state,168,666
A_full_canonical,"Canonical three-state observer, two-rate adaptation, inferred context, and online eye plant.",18,118,baseline,0.05308937317680226,0.07631113866207387,0.05909712507191428,0.00042701526191046623,0.0003353501304664781,0.060545263137290195,-0.0022042019919228466,0.07521595292772426,0.2775729516223698,-0.000706172395059063,0.02092792159759926,recurrent latent object-motion state,240,593
A_full_canonical,"Canonical three-state observer, two-rate adaptation, inferred context, and online eye plant.",18,118,reduced_reliability,0.053678584908746246,0.1357740924044229,0.09024901947406606,0.9973474004067711,0.9996646498695336,0.3990625494148086,0.0014680377830084315,0.07547870758547762,0.26298956607452967,0.0003857213486778811,0.019849067117416328,recurrent latent object-motion state,240,593
A_full_canonical,"Canonical three-state observer, two-rate adaptation, inferred context, and online eye plant.",18,118,recovery,0.04818033766174415,0.06488806398095642,0.05823448327467461,0.013885099173935805,0.0003353501304664781,0.06597519765554473,-0.0010942514141721847,0.0804060662971042,0.2759292183296152,-0.0003030177266626544,0.0221864674540813,recurrent latent object-motion state,240,594
A_full_canonical,"Canonical three-state observer, two-rate adaptation, inferred context, and online eye plant.",19,119,baseline,0.05148500620835039,0.0747683360866008,0.06241277800938054,0.00044745265290411563,0.0003353501304664781,0.06056584643310795,-0.002367694338919946,0.07338548036258839,0.27757430612415923,-0.0005949020507564111,0.020385675487386287,recurrent latent object-motion state,240,593
A_full_canonical,"Canonical three-state observer, two-rate adaptation, inferred context, and online eye plant.",19,119,reduced_reliability,0.05397181379762506,0.11289822220950155,0.09872617350322085,0.9982963538251038,0.9996646498695336,0.39925550969721385,0.0008920703721480875,0.07368025880411402,0.2629981501540344,0.00022894283458881558,0.01937786995828032,recurrent latent object-motion state,194,639
A_full_canonical,"Canonical three-state observer, two-rate adaptation, inferred context, and online eye plant.",19,119,recovery,0.050343940202487385,0.058380156214847066,0.06042070417402154,0.00825654991299402,0.0003353501304664781,0.06393403057758847,-0.0006613167590842097,0.07544498326784413,0.2760252613249335,-0.00018714134489842136,0.020824772177698785,recurrent latent object-motion state,207,627
A_full_canonical,"Canonical three-state observer, two-rate adaptation, inferred context, and online eye plant.",20,120,baseline,0.04979896356208757,0.10111176228921491,0.058002275582574196,0.00044416088052364074,0.0003353501304664781,0.06056763819132241,-0.002791964948132958,0.07737408192068132,0.2775668545920085,-0.0007491038197446191,0.021485643065530562,recurrent latent object-motion state,210,623
A_full_canonical,"Canonical three-state observer, two-rate adaptation, inferred context, and online eye plant.",20,120,reduced_reliability,0.05399013702601002,0.1358799786448936,0.09357624898598832,0.9986616596339168,0.9996646498695336,0.39932987195302083,0.001994610739379854,0.07584710384091228,0.26297800001378796,0.000525705856755366,0.019945427541810154,recurrent latent object-motion state,192,641
A_full_canonical,"Canonical three-state observer, two-rate adaptation, inferred context, and online eye plant.",20,120,recovery,0.05156310355269673,0.10110292502238052,0.05564207862824901,0.011558576038746216,0.0003353501304664781,0.06512645419559947,-0.001195378244907595,0.07822043425751231,0.27596614122521734,-0.00032544835935586597,0.0215871809791392,recurrent latent object-motion state,201,633
A_full_canonical,"Canonical three-state observer, two-rate adaptation, inferred context, and online eye plant.",21,121,baseline,0.05056171466806138,0.056244146267292426,0.05804824549063236,0.0004510366634586466,0.0003353501304664781,0.060573014664361845,-0.0024615163693946927,0.07411595578354453,0.2775759880056164,-0.0007276593557882881,0.020609549027029772,recurrent latent object-motion state,231,602
A_full_canonical,"Canonical three-state observer, two-rate adaptation, inferred context, and online eye plant.",21,121,reduced_reliability,0.05559545752070769,0.12937939390856212,0.08409444254403468,0.9963448938826543,0.9996646498695336,0.39868739286223753,0.0014371978858562298,0.07518041590730216,0.26298188946920076,0.0003809311598415094,0.019772218827614887,recurrent latent object-motion state,240,593
A_full_canonical,"Canonical three-state observer, two-rate adaptation, inferred context, and online eye plant.",21,121,recovery,0.05400984888919548,0.06269473370039305,0.05691282218257646,0.007450576111255739,0.0003353501304664781,0.06373871064521164,-0.0011838759504186303,0.07187855193743549,0.2760345060061362,-0.0003282869706858201,0.019836423156236505,recurrent latent object-motion state,140,694
A_full_canonical,"Canonical three-state observer, two-rate adaptation, inferred context, and online eye plant.",22,122,baseline,0.05097609946294546,0.07288938815293293,0.05720565898617815,0.0004226098388880861,0.0003353501304664781,0.060538952245456315,-0.0025365470890853993,0.07682557572158727,0.27757279808766117,-0.0008063471964895481,0.02144322337105068,recurrent latent object-motion state,184,649
A_full_canonical,"Canonical three-state observer, two-rate adaptation, inferred context, and online eye plant.",22,122,reduced_reliability,0.05074052806188473,0.08349886926259846,0.09436816092140372,0.9971517505272517,0.9996646498695336,0.3988603493950536,0.001599953465069023,0.07490235710109056,0.2630138942639499,0.00042150628898944,0.019702247866461686,recurrent latent object-motion state,162,671
A_full_canonical,"Canonical three-state observer, two-rate adaptation, inferred context, and online eye plant.",22,122,recovery,0.051663435069634785,0.054352336777259966,0.06793230710706145,0.011649527508242302,0.0003353501304664781,0.06502506930284711,-0.0009382455269827695,0.07814129163957921,0.2759804511309558,-0.0002566659714157801,0.021565769257765485,recurrent latent object-motion state,240,594
A_full_canonical,"Canonical three-state observer, two-rate adaptation, inferred context, and online eye plant.",23,123,baseline,0.05128720292880176,0.06971469856860425,0.060030450812770884,0.00039163183444531924,0.0003353501304664781,0.06050327532646708,-0.002792310700990623,0.07418681890108507,0.277579936281198,-0.0007492705515149672,0.02056999031141881,recurrent latent object-motion state,218,615
A_full_canonical,"Canonical three-state observer, two-rate adaptation, inferred context, and online eye plant.",23,123,reduced_reliability,0.05500621961176081,0.06601050046417738,0.07896276859993896,0.9979033273946026,0.9996646498695336,0.39901775508216736,0.001695644848801786,0.07701759708291286,0.26300671598464376,0.0004426278088418556,0.02025632450240096,recurrent latent object-motion state,170,663
A_full_canonical,"Canonical three-state observer, two-rate adaptation, inferred context, and online eye plant.",23,123,recovery,0.054156956022441624,0.06044281068433207,0.05370866204245921,0.007328755043651543,0.0003353501304664781,0.06350488672203887,-0.0010441427004722827,0.07491501526946029,0.27604772560668883,-0.0002871212584137154,0.020675391882291096,recurrent latent object-motion state,129,705
A_full_canonical,"Canonical three-state observer, two-rate adaptation, inferred context, and online eye plant.",24,124,baseline,0.056034995899460364,0.11060674530993181,0.05622159341084604,0.0004028650858497338,0.0003353501304664781,0.06051666564966886,-0.002165292767617582,0.07573934630930064,0.2775786587329494,-0.00047435852119413773,0.021042020160801218,recurrent latent object-motion state,140,693
A_full_canonical,"Canonical three-state observer, two-rate adaptation, inferred context, and online eye plant.",24,124,reduced_reliability,0.05298117111610924,0.12435534716584559,0.08381425882203894,0.9962176820475793,0.9996646498695336,0.398681986348983,0.0014359341358482624,0.07795680023568823,0.2629677221848793,0.000383620233963711,0.02049998601377745,recurrent latent object-motion state,235,598
A_full_canonical,"Canonical three-state observer, two-rate adaptation, inferred context, and online eye plant.",24,124,recovery,0.05063944938983315,0.06734334551389536,0.06051705235858605,0.00777271700648314,0.0003353501304664781,0.06381519518553033,-0.0006989338394704733,0.07213693408452095,0.2760226825963144,-0.00019318015031565783,0.0199165113242772,recurrent latent object-motion state,230,604
A_full_canonical,"Canonical three-state observer, two-rate adaptation, inferred context, and online eye plant.",25,125,baseline,0.05388495183881424,0.07869637386536456,0.06577278147769818,0.00041459048753798676,0.0003353501304664781,0.0605311249538087,-0.002225220901092002,0.07833411034403688,0.277569569904818,-0.0004987015673223272,0.021821113771952297,recurrent latent object-motion state,240,593
A_full_canonical,"Canonical three-state observer, two-rate adaptation, inferred context, and online eye plant.",25,125,reduced_reliability,0.050751798721368556,0.060985315943189435,0.08917881466039308,0.9960282071477368,0.9996646498695336,0.3985668844825454,0.0015615747073666247,0.0742677822631574,0.26300406915439417,0.0004059356144823463,0.019532148004344232,recurrent latent object-motion state,240,593
A_full_canonical,"Canonical three-state observer, two-rate adaptation, inferred context, and online eye plant.",25,125,recovery,0.05483732380973028,0.07399214202370127,0.06201552325960111,0.006063900516840042,0.0003353501304664781,0.06312152564882961,-0.0008699883705258533,0.07684585061552006,0.276058400088426,-0.00023859679206748014,0.02121485786623115,recurrent latent object-motion state,176,658
A_full_canonical,"Canonical three-state observer, two-rate adaptation, inferred context, and online eye plant.",26,126,baseline,0.05290724449819469,0.057410350517166225,0.05994369666894594,0.00039493874254651647,0.0003353501304664781,0.06050717323415246,-0.0023995888654387296,0.07866312973307048,0.2775764664552822,-0.0004938624493256116,0.0219924568201736,recurrent latent object-motion state,216,617
A_full_canonical,"Canonical three-state observer, two-rate adaptation, inferred context, and online eye plant.",26,126,reduced_reliability,0.05382056349169913,0.0854022478199327,0.0800042150824927,0.9939852423183878,0.9996646498695336,0.3980514773590668,0.0017480137743350699,0.07444871144812507,0.2630221501205649,0.00045844746724768765,0.01958029147031336,recurrent latent object-motion state,131,702
A_full_canonical,"Canonical three-state observer, two-rate adaptation, inferred context, and online eye plant.",26,126,recovery,0.053974583209039646,0.0676968736542351,0.05972555201503771,0.008606047980340408,0.0003353501304664781,0.06409010371502884,-0.0011974101118971065,0.0782617035767279,0.27600835889134645,-0.00032797358175849767,0.021598619726677926,recurrent latent object-motion state,163,671
A_full_canonical,"Canonical three-state observer, two-rate adaptation, inferred context, and online eye plant.",27,127,baseline,0.04818328112980055,0.07560824879684892,0.054355724444286616,0.00046989180547761696,0.0003353501304664781,0.06057930634919802,-0.002258401655796544,0.07540426457047786,0.2775681467379383,-0.0005618100958491034,0.020882638733958788,recurrent latent object-motion state,224,609
A_full_canonical,"Canonical three-state observer, two-rate adaptation, inferred context, and online eye plant.",27,127,reduced_reliability,0.05082500533464182,0.11700966398923017,0.08278330338452547,0.9974052204480822,0.9996646498695336,0.3990741202999856,0.001709988094088834,0.07822914965810004,0.26297777918227994,0.0004469475458124981,0.02057163253153049,recurrent latent object-motion state,209,624
A_full_canonical,"Canonical three-state observer, two-rate adaptation, inferred context, and online eye plant.",27,127,recovery,0.051401648911117905,0.09882627474278335,0.05224732858882269,0.007384411447690264,0.0003353501304664781,0.06365710587433063,-0.001179935677505201,0.07488126460890086,0.27602868393185326,-0.0003209146813632488,0.020669461167310436,recurrent latent object-motion state,208,626
A_full_canonical,"Canonical three-state observer, two-rate adaptation, inferred context, and online eye plant.",28,128,baseline,0.05190722155131241,0.05778358004097755,0.056706823752402366,0.00039664462299667094,0.0003353501304664781,0.06050941948392914,-0.00259041160771416,0.07133606871731354,0.27758092295608744,-0.0007173540509508495,0.019737365639499828,recurrent latent object-motion state,131,702
A_full_canonical,"Canonical three-state observer, two-rate adaptation, inferred context, and online eye plant.",28,128,reduced_reliability,0.05239511785503714,0.11633321541294865,0.07808412196109257,0.9987343932810161,0.9996646498695336,0.39934436286384545,0.001200894094218612,0.07775357352803462,0.2629481596274479,0.0003113439788603324,0.020443049584120725,recurrent latent object-motion state,240,593
A_full_canonical,"Canonical three-state observer, two-rate adaptation, inferred context, and online eye plant.",28,128,recovery,0.05186988913835317,0.06978012853561633,0.0558323507706992,0.006217574532578558,0.0003353501304664781,0.06313329642663779,-0.0006713158699339551,0.07520097902088203,0.27606107721184203,-0.0001877068186115131,0.020763368789717553,recurrent latent object-motion state,187,647
A_full_canonical,"Canonical three-state observer, two-rate adaptation, inferred context, and online eye plant.",29,129,baseline,0.05361311017271911,0.061405073158389105,0.06477260569312294,0.0004028911934845437,0.0003353501304664781,0.06051644991485146,-0.002625765653152883,0.07552456292584701,0.2775843107428524,-0.0007066822124766687,0.02100517443684143,recurrent latent object-motion state,240,593
A_full_canonical,"Canonical three-state observer, two-rate adaptation, inferred context, and online eye plant.",29,129,reduced_reliability,0.05498471706348487,0.10932957300620386,0.10156312461912612,0.9976970194137876,0.9996646498695336,0.39913408843507936,0.0012847594631344719,0.07429627714445107,0.26299385944020115,0.00033490324352228686,0.01954027344903469,recurrent latent object-motion state,240,593
A_full_canonical,"Canonical three-state observer, two-rate adaptation, inferred context, and online eye plant.",29,129,recovery,0.05467534998437254,0.10019026942177725,0.0551648464152732,0.008141275352970993,0.0003353501304664781,0.06383425070987668,-0.00080488754256802,0.07164039944515226,0.27603338992710513,-0.00022781508494669082,0.01977680354935327,recurrent latent object-motion state,178,656
B_fixed_context,"Generative otolith noise changes, but p=0 and assumed otolith variance remains at the baseline hypothesis.",0,100,baseline,0.05227704943633685,0.07637179367171358,0.05097518289878183,0.0,0.0,0.06000000000000002,-0.002465976032690339,0.0751865998632238,0.27763543698037757,-0.0007166490412996272,0.02084113665537465,recurrent latent object-motion state,205,628
B_fixed_context,"Generative otolith noise changes, but p=0 and assumed otolith variance remains at the baseline hypothesis.",0,100,reduced_reliability,0.05562054171253936,0.09687104336501694,0.13396228011392708,0.0,0.0,0.06000000000000002,0.0010865214303575755,0.082235565736577,0.2761766197226603,0.0002995601232410242,0.022711505944276848,recurrent latent object-motion state,176,657
B_fixed_context,"Generative otolith noise changes, but p=0 and assumed otolith variance remains at the baseline hypothesis.",0,100,recovery,0.0524988948836767,0.05647546577592992,0.0589826948919784,0.0,0.0,0.06000000000000002,-0.0013585753117002837,0.07723825913303155,0.2761545061031343,-0.000375407441591372,0.021329609790946575,recurrent latent object-motion state,181,653
B_fixed_context,"Generative otolith noise changes, but p=0 and assumed otolith variance remains at the baseline hypothesis.",1,101,baseline,0.04868142277356308,0.0798297816363304,0.058767377853751655,0.0,0.0,0.06000000000000002,-0.0022858212145314876,0.0790412009829355,0.27763397779504884,-0.000483196166098361,0.021994631792229696,recurrent latent object-motion state,240,593
B_fixed_context,"Generative otolith noise changes, but p=0 and assumed otolith variance remains at the baseline hypothesis.",1,101,reduced_reliability,0.049127255792569054,0.11705045068742902,0.10362737679035583,0.0,0.0,0.06000000000000002,0.0005695314775261837,0.08441880546794167,0.2761702325480737,0.0001572776686278963,0.023313847149795678,recurrent latent object-motion state,207,626
B_fixed_context,"Generative otolith noise changes, but p=0 and assumed otolith variance remains at the baseline hypothesis.",1,101,recovery,0.05690908138117,0.07643088787471107,0.06821203150701528,0.0,0.0,0.06000000000000002,-0.0008000192891982243,0.07661457287533717,0.2761534734687526,-0.0002209376799252109,0.021157331028521603,recurrent latent object-motion state,240,594
B_fixed_context,"Generative otolith noise changes, but p=0 and assumed otolith variance remains at the baseline hypothesis.",2,102,baseline,0.05234336616513241,0.07909156224821311,0.06020723103819224,0.0,0.0,0.06000000000000002,-0.002372476431590693,0.07584520447466159,0.2776337778289924,-0.0005922165827197426,0.02105926734482779,recurrent latent object-motion state,225,608
B_fixed_context,"Generative otolith noise changes, but p=0 and assumed otolith variance remains at the baseline hypothesis.",2,102,reduced_reliability,0.05641473789183977,0.10064846152746255,0.12977567113196,0.0,0.0,0.06000000000000002,0.0006882377663364738,0.07970692043752141,0.27617105348716964,0.00019012026688211802,0.02201270663230337,recurrent latent object-motion state,184,649
B_fixed_context,"Generative otolith noise changes, but p=0 and assumed otolith variance remains at the baseline hypothesis.",2,102,recovery,0.04862290377304313,0.06980207738561951,0.05241329606986599,0.0,0.0,0.06000000000000002,-0.0006246911884004287,0.07669545935391284,0.27615322872733905,-0.00017247999923043777,0.02117952790217139,recurrent latent object-motion state,240,594
B_fixed_context,"Generative otolith noise changes, but p=0 and assumed otolith variance remains at the baseline hypothesis.",3,103,baseline,0.050326881261296905,0.08109915234133058,0.0552646904597421,0.0,0.0,0.06000000000000002,-0.002454740513653018,0.07546365725265765,0.27763645896443345,-0.0005857269507164394,0.02102824456261937,recurrent latent object-motion state,240,593
B_fixed_context,"Generative otolith noise changes, but p=0 and assumed otolith variance remains at the baseline hypothesis.",3,103,reduced_reliability,0.05422968243518284,0.11711718194339897,0.1215688194791682,0.0,0.0,0.06000000000000002,0.0009479659031803852,0.08344799992950494,0.2761825850731909,0.0002614311080627482,0.023046853846031667,recurrent latent object-motion state,240,593
B_fixed_context,"Generative otolith noise changes, but p=0 and assumed otolith variance remains at the baseline hypothesis.",3,103,recovery,0.058129040826314655,0.08627920190317201,0.0629148258833279,0.0,0.0,0.06000000000000002,-0.0008976089958867737,0.07664062411188519,0.27615912268249093,-0.0002476930121973701,0.021165128552525496,recurrent latent object-motion state,210,624
B_fixed_context,"Generative otolith noise changes, but p=0 and assumed otolith variance remains at the baseline hypothesis.",4,104,baseline,0.0511931075494655,0.06327057361577634,0.06539034531208131,0.0,0.0,0.06000000000000002,-0.0025455683413054815,0.07613904723204439,0.27763493810517165,-0.0006817708512314593,0.021152891957924733,recurrent latent object-motion state,240,593
B_fixed_context,"Generative otolith noise changes, but p=0 and assumed otolith variance remains at the baseline hypothesis.",4,104,reduced_reliability,0.05429139550639721,0.14839175592622922,0.11339818555112371,0.0,0.0,0.06000000000000002,0.0009160982561612318,0.08148621720871271,0.27617618364141383,0.0002528648241621241,0.022504556810181906,recurrent latent object-motion state,240,593
B_fixed_context,"Generative otolith noise changes, but p=0 and assumed otolith variance remains at the baseline hypothesis.",4,104,recovery,0.052323841214260466,0.06317865482661397,0.05075178731719523,0.0,0.0,0.06000000000000002,-0.0010113667581394053,0.08070697243708969,0.27615423198162675,-0.00027904417932848115,0.0222877173887704,recurrent latent object-motion state,240,594
B_fixed_context,"Generative otolith noise changes, but p=0 and assumed otolith variance remains at the baseline hypothesis.",5,105,baseline,0.052435948429990664,0.07129514472965086,0.059990425663565855,0.0,0.0,0.06000000000000002,-0.00247706547556422,0.07662613445780693,0.2776344221817287,-0.0006990030765081165,0.021219729519953538,recurrent latent object-motion state,240,593
B_fixed_context,"Generative otolith noise changes, but p=0 and assumed otolith variance remains at the baseline hypothesis.",5,105,reduced_reliability,0.05441930543915218,0.11941104911370962,0.12541580316515374,0.0,0.0,0.06000000000000002,0.00025185426642206424,0.0843952373043655,0.2761698779588998,6.857917765181514e-05,0.023306811037743753,recurrent latent object-motion state,213,620
B_fixed_context,"Generative otolith noise changes, but p=0 and assumed otolith variance remains at the baseline hypothesis.",5,105,recovery,0.04972135553308015,0.060537088527475254,0.04890516632041343,0.0,0.0,0.06000000000000002,-0.0005862903740634884,0.07673351630880103,0.27615436375611707,-0.0001616544442241489,0.02119025447375418,recurrent latent object-motion state,193,641
B_fixed_context,"Generative otolith noise changes, but p=0 and assumed otolith variance remains at the baseline hypothesis.",6,106,baseline,0.05274277192328356,0.09470967610920732,0.053717457974187505,0.0,0.0,0.06000000000000002,-0.0025954361443296247,0.07900250124814397,0.27763937072214784,-0.0006203882425915869,0.021944114721988137,recurrent latent object-motion state,235,598
B_fixed_context,"Generative otolith noise changes, but p=0 and assumed otolith variance remains at the baseline hypothesis.",6,106,reduced_reliability,0.0551930971960346,0.11237530077469854,0.10720794212487954,0.0,0.0,0.06000000000000002,0.000785419044125842,0.08136269865176977,0.2761772062030473,0.00021699941059263856,0.0224705861315499,recurrent latent object-motion state,186,647
B_fixed_context,"Generative otolith noise changes, but p=0 and assumed otolith variance remains at the baseline hypothesis.",6,106,recovery,0.05391989000802338,0.09810066731075226,0.05833748198177448,0.0,0.0,0.06000000000000002,-0.0010396501245032892,0.07570262053291592,0.2761586504589956,-0.0002867157962216701,0.02090550207998152,recurrent latent object-motion state,181,653
B_fixed_context,"Generative otolith noise changes, but p=0 and assumed otolith variance remains at the baseline hypothesis.",7,107,baseline,0.05189993096098367,0.06367157826005883,0.054310905210853265,0.0,0.0,0.06000000000000002,-0.0024483424659691344,0.07647909906189601,0.2776389413089262,-0.0006519748136854418,0.021162572245699195,recurrent latent object-motion state,240,593
B_fixed_context,"Generative otolith noise changes, but p=0 and assumed otolith variance remains at the baseline hypothesis.",7,107,reduced_reliability,0.0515536182808711,0.13983650381640106,0.10084695890999494,0.0,0.0,0.06000000000000002,0.0008170232440060228,0.0820491873247912,0.2761735872119744,0.00022466588098640365,0.0226598171123993,recurrent latent object-motion state,156,677
B_fixed_context,"Generative otolith noise changes, but p=0 and assumed otolith variance remains at the baseline hypothesis.",7,107,recovery,0.05093475039016917,0.06747924831431336,0.055129757889895284,0.0,0.0,0.06000000000000002,-0.0009019735604763387,0.07666130294185027,0.2761507507592755,-0.0002483677099329659,0.021170072935131675,recurrent latent object-motion state,240,594
B_fixed_context,"Generative otolith noise changes, but p=0 and assumed otolith variance remains at the baseline hypothesis.",8,108,baseline,0.05124683931703364,0.060378105117172814,0.05620461957493823,0.0,0.0,0.06000000000000002,-0.0023795076716612434,0.0747432130263562,0.2776374005949004,-0.0006997511243484196,0.02075575214640796,recurrent latent object-motion state,226,607
B_fixed_context,"Generative otolith noise changes, but p=0 and assumed otolith variance remains at the baseline hypothesis.",8,108,reduced_reliability,0.056512415206396584,0.12085184037316243,0.12071565014257697,0.0,0.0,0.06000000000000002,0.0005538184642412035,0.08238708503740948,0.2761742907648344,0.00015356689481339444,0.02275318977625502,recurrent latent object-motion state,184,649
B_fixed_context,"Generative otolith noise changes, but p=0 and assumed otolith variance remains at the baseline hypothesis.",8,108,recovery,0.05011508002500987,0.05814662776324304,0.05647757060714666,0.0,0.0,0.06000000000000002,-0.0007637254024859423,0.07681530802366544,0.27615389456080686,-0.0002110330325058554,0.02121306398879696,recurrent latent object-motion state,240,594
B_fixed_context,"Generative otolith noise changes, but p=0 and assumed otolith variance remains at the baseline hypothesis.",9,109,baseline,0.049727802719176706,0.0936503213672458,0.05093964443864466,0.0,0.0,0.06000000000000002,-0.0022649198784813022,0.07916321821614435,0.2776335715299236,-0.0006884654634329925,0.02197954474449813,recurrent latent object-motion state,167,666
B_fixed_context,"Generative otolith noise changes, but p=0 and assumed otolith variance remains at the baseline hypothesis.",9,109,reduced_reliability,0.05469631329757473,0.12322953374140204,0.10265415225527418,0.0,0.0,0.06000000000000002,0.0005002904614453684,0.08202915041422655,0.2761612238643925,0.00013801141059173347,0.02265351245686302,recurrent latent object-motion state,163,670
B_fixed_context,"Generative otolith noise changes, but p=0 and assumed otolith variance remains at the baseline hypothesis.",9,109,recovery,0.050955594840401484,0.0832385029995764,0.05132364407150343,0.0,0.0,0.06000000000000002,-0.0008096902688575469,0.07592707364245459,0.27615083751161573,-0.00022365260114350438,0.02096736451026564,recurrent latent object-motion state,161,673
B_fixed_context,"Generative otolith noise changes, but p=0 and assumed otolith variance remains at the baseline hypothesis.",10,110,baseline,0.05022112599944868,0.06714491570879667,0.054950094868814164,0.0,0.0,0.06000000000000002,-0.002922733198339186,0.0751740841042134,0.2776422130944256,-0.0008037318935438608,0.020797789690872207,recurrent latent object-motion state,185,648
B_fixed_context,"Generative otolith noise changes, but p=0 and assumed otolith variance remains at the baseline hypothesis.",10,110,reduced_reliability,0.0504885531420595,0.10869145352795694,0.11898245827094825,0.0,0.0,0.06000000000000002,0.001247071218797771,0.08378182158517859,0.27617421110281065,0.00034367567994862924,0.02313841806358398,recurrent latent object-motion state,161,672
B_fixed_context,"Generative otolith noise changes, but p=0 and assumed otolith variance remains at the baseline hypothesis.",10,110,recovery,0.05045520923332087,0.07127719568004623,0.05853611241923039,0.0,0.0,0.06000000000000002,-0.0010775766266909444,0.07387151608247156,0.2761574229639785,-0.0002976838830258741,0.020400099917887504,recurrent latent object-motion state,201,633
B_fixed_context,"Generative otolith noise changes, but p=0 and assumed otolith variance remains at the baseline hypothesis.",11,111,baseline,0.0549242485954355,0.08004587257410731,0.058956364350031445,0.0,0.0,0.06000000000000002,-0.0025449557617991964,0.07475699496277705,0.2776408897279897,-0.0006811147316609348,0.02083275899715471,recurrent latent object-motion state,240,593
B_fixed_context,"Generative otolith noise changes, but p=0 and assumed otolith variance remains at the baseline hypothesis.",11,111,reduced_reliability,0.05508428324463763,0.15808280375477887,0.1106616831204107,0.0,0.0,0.06000000000000002,0.0006558205449683764,0.08052192461800667,0.2761715692325762,0.00018131886155936395,0.022237516230679405,recurrent latent object-motion state,167,666
B_fixed_context,"Generative otolith noise changes, but p=0 and assumed otolith variance remains at the baseline hypothesis.",11,111,recovery,0.05337467098075343,0.08625005890113992,0.05726914751340721,0.0,0.0,0.06000000000000002,-0.00079889614514254,0.07740609083651664,0.2761479776926723,-0.00022078804587655635,0.021375522049687568,recurrent latent object-motion state,236,598
B_fixed_context,"Generative otolith noise changes, but p=0 and assumed otolith variance remains at the baseline hypothesis.",12,112,baseline,0.05217821033680288,0.055291670831073954,0.05592997252341236,0.0,0.0,0.06000000000000002,-0.0025339960766380064,0.07457561562347416,0.2776428372150889,-0.0007212100200909369,0.020763653101053586,recurrent latent object-motion state,210,623
B_fixed_context,"Generative otolith noise changes, but p=0 and assumed otolith variance remains at the baseline hypothesis.",12,112,reduced_reliability,0.05198441863937007,0.14300117058318995,0.12202807785515041,0.0,0.0,0.06000000000000002,0.0008077156661299116,0.08364803297008966,0.27617723226072005,0.0002228745289939499,0.023101565095107305,recurrent latent object-motion state,173,660
B_fixed_context,"Generative otolith noise changes, but p=0 and assumed otolith variance remains at the baseline hypothesis.",12,112,recovery,0.052090682605155696,0.06839129059659005,0.0589259240385857,0.0,0.0,0.06000000000000002,-0.0009873578099277686,0.07639253173995689,0.2761540526540058,-0.00027236478405232993,0.02109625038118468,recurrent latent object-motion state,240,594
B_fixed_context,"Generative otolith noise changes, but p=0 and assumed otolith variance remains at the baseline hypothesis.",13,113,baseline,0.052061105247908954,0.07257804167077161,0.0573094117657547,0.0,0.0,0.06000000000000002,-0.0022547924692376616,0.07803306974682543,0.27763654864767123,-0.0005892030908325517,0.021617013903103166,recurrent latent object-motion state,240,593
B_fixed_context,"Generative otolith noise changes, but p=0 and assumed otolith variance remains at the baseline hypothesis.",13,113,reduced_reliability,0.05691742036311991,0.11652327881113483,0.11712329010545774,0.0,0.0,0.06000000000000002,0.00033218961369811055,0.08735717334149311,0.2761745311413167,9.147885187248817e-05,0.024126211778846315,recurrent latent object-motion state,240,593
B_fixed_context,"Generative otolith noise changes, but p=0 and assumed otolith variance remains at the baseline hypothesis.",13,113,recovery,0.052961141749361645,0.054332591111860354,0.06965408205850658,0.0,0.0,0.06000000000000002,-0.0005705901535379113,0.08119310124375868,0.27615058611316595,-0.0001576473285602664,0.02242160836174164,recurrent latent object-motion state,240,594
B_fixed_context,"Generative otolith noise changes, but p=0 and assumed otolith variance remains at the baseline hypothesis.",14,114,baseline,0.05326500330972969,0.07070136847809343,0.06319171814740643,0.0,0.0,0.06000000000000002,-0.0025863265505000348,0.08183485990709864,0.27763576503028703,-0.0007765726515350519,0.022731002901668382,recurrent latent object-motion state,240,593
B_fixed_context,"Generative otolith noise changes, but p=0 and assumed otolith variance remains at the baseline hypothesis.",14,114,reduced_reliability,0.05087554107321524,0.1436133149648828,0.11100057527730585,0.0,0.0,0.06000000000000002,0.0011068974204872092,0.08547090020794199,0.27616887913405597,0.0003060137313551513,0.02360457019189017,recurrent latent object-motion state,240,593
B_fixed_context,"Generative otolith noise changes, but p=0 and assumed otolith variance remains at the baseline hypothesis.",14,114,recovery,0.05318899342331506,0.06135502976101255,0.06664084850614169,0.0,0.0,0.06000000000000002,-0.001075848239347806,0.07870472212483953,0.27615032391778943,-0.00029716684430045216,0.021734138785125773,recurrent latent object-motion state,240,594
B_fixed_context,"Generative otolith noise changes, but p=0 and assumed otolith variance remains at the baseline hypothesis.",15,115,baseline,0.04712779859624551,0.08877544310289436,0.05628500800130564,0.0,0.0,0.06000000000000002,-0.002232284364857642,0.07533400791308735,0.27763891541369834,-0.0003861603015560484,0.021056930001064265,recurrent latent object-motion state,209,624
B_fixed_context,"Generative otolith noise changes, but p=0 and assumed otolith variance remains at the baseline hypothesis.",15,115,reduced_reliability,0.056906382601131775,0.13060461564898415,0.10997147282007504,0.0,0.0,0.06000000000000002,0.0004714168098590775,0.07959885667671147,0.276170952882378,0.000129359108389215,0.021982930296188825,recurrent latent object-motion state,118,715
B_fixed_context,"Generative otolith noise changes, but p=0 and assumed otolith variance remains at the baseline hypothesis.",15,115,recovery,0.05196005142288791,0.07738969733681757,0.06358618631145853,0.0,0.0,0.06000000000000002,-0.0005285828240065468,0.07609546262937164,0.2761518249628407,-0.00014533305727487756,0.02101377068897824,recurrent latent object-motion state,240,594
B_fixed_context,"Generative otolith noise changes, but p=0 and assumed otolith variance remains at the baseline hypothesis.",16,116,baseline,0.05174641690274557,0.06310851813244876,0.051555984014590966,0.0,0.0,0.06000000000000002,-0.0026758627726336326,0.07370142104477061,0.27764668203845594,-0.0007882827993193885,0.020433460895390297,recurrent latent object-motion state,201,632
B_fixed_context,"Generative otolith noise changes, but p=0 and assumed otolith variance remains at the baseline hypothesis.",16,116,reduced_reliability,0.05473246583570574,0.1358572990640578,0.11678886195334506,0.0,0.0,0.06000000000000002,0.0007035073818667364,0.08320388018107426,0.276181012219271,0.0001945406025187775,0.02297887365442299,recurrent latent object-motion state,240,593
B_fixed_context,"Generative otolith noise changes, but p=0 and assumed otolith variance remains at the baseline hypothesis.",16,116,recovery,0.05608573408424437,0.07066733626775229,0.06767122230109401,0.0,0.0,0.06000000000000002,-0.0008550037333492203,0.07818943490341981,0.27615630433743016,-0.00023624166508952137,0.021592409531024676,recurrent latent object-motion state,240,594
B_fixed_context,"Generative otolith noise changes, but p=0 and assumed otolith variance remains at the baseline hypothesis.",17,117,baseline,0.049725743042951284,0.07936799010375427,0.05670891399109426,0.0,0.0,0.06000000000000002,-0.0024326436738397743,0.07811883412063912,0.2776399658505777,-0.0006059812237715531,0.02171925621382258,recurrent latent object-motion state,240,593
B_fixed_context,"Generative otolith noise changes, but p=0 and assumed otolith variance remains at the baseline hypothesis.",17,117,reduced_reliability,0.05537491726140546,0.1191656772787019,0.10948129960201515,0.0,0.0,0.06000000000000002,0.0004912564757260867,0.08019121542161696,0.27615933134795795,0.0001352505796189624,0.022145387019582886,recurrent latent object-motion state,238,595
B_fixed_context,"Generative otolith noise changes, but p=0 and assumed otolith variance remains at the baseline hypothesis.",17,117,recovery,0.05365463186000479,0.08628212903495337,0.05085832981061244,0.0,0.0,0.06000000000000002,-0.000832518568160322,0.07348496499429238,0.27614972933984977,-0.00022958094162366235,0.0202926182632277,recurrent latent object-motion state,168,666
B_fixed_context,"Generative otolith noise changes, but p=0 and assumed otolith variance remains at the baseline hypothesis.",18,118,baseline,0.053090579744054435,0.07626891551478193,0.05903930802819413,0.0,0.0,0.06000000000000002,-0.0022081420429542467,0.07521124347524694,0.2776392354934837,-0.0007076541105399636,0.020931316989715787,recurrent latent object-motion state,240,593
B_fixed_context,"Generative otolith noise changes, but p=0 and assumed otolith variance remains at the baseline hypothesis.",18,118,reduced_reliability,0.05375614913518421,0.1507626642334223,0.12449761982180782,0.0,0.0,0.06000000000000002,0.0007782569187321561,0.08360379457575183,0.2761709615236175,0.00021475602975417653,0.02308876892130793,recurrent latent object-motion state,240,593
B_fixed_context,"Generative otolith noise changes, but p=0 and assumed otolith variance remains at the baseline hypothesis.",18,118,recovery,0.04816649077791716,0.06462811941716431,0.05610365290410591,0.0,0.0,0.06000000000000002,-0.0011149903963319878,0.08035917019248381,0.27615006483473864,-0.000308013723301412,0.02219104480585075,recurrent latent object-motion state,240,594
B_fixed_context,"Generative otolith noise changes, but p=0 and assumed otolith variance remains at the baseline hypothesis.",19,119,baseline,0.05148586185771326,0.0748803172674257,0.06244911429027037,0.0,0.0,0.06000000000000002,-0.002370878508174396,0.07339717020478932,0.27764274533361577,-0.0005958201595641009,0.020394110387578154,recurrent latent object-motion state,240,593
B_fixed_context,"Generative otolith noise changes, but p=0 and assumed otolith variance remains at the baseline hypothesis.",19,119,reduced_reliability,0.054020314455541736,0.12534837815912908,0.11684840515104418,0.0,0.0,0.06000000000000002,0.0002895039922060954,0.08375721435238956,0.27617151154409303,7.977394225990123e-05,0.023131131424055092,recurrent latent object-motion state,194,639
B_fixed_context,"Generative otolith noise changes, but p=0 and assumed otolith variance remains at the baseline hypothesis.",19,119,recovery,0.05033284528300833,0.0583335932362332,0.06017091571808165,0.0,0.0,0.06000000000000002,-0.0005889059047549018,0.07544803496730053,0.2761567378221521,-0.00016264774559154472,0.020835494919899306,recurrent latent object-motion state,207,627
B_fixed_context,"Generative otolith noise changes, but p=0 and assumed otolith variance remains at the baseline hypothesis.",20,120,baseline,0.04979945269281329,0.10113172407708193,0.057984519117843594,0.0,0.0,0.06000000000000002,-0.00279251494227233,0.07738705874647413,0.2776367541718677,-0.0007501213915718194,0.021494742572722162,recurrent latent object-motion state,210,623
B_fixed_context,"Generative otolith noise changes, but p=0 and assumed otolith variance remains at the baseline hypothesis.",20,120,reduced_reliability,0.05399866743021574,0.1347599955121296,0.11724963882761767,0.0,0.0,0.06000000000000002,0.0012044698763840787,0.08339932275778929,0.2761756445537658,0.0003325729591529677,0.023032648263294576,recurrent latent object-motion state,192,641
B_fixed_context,"Generative otolith noise changes, but p=0 and assumed otolith variance remains at the baseline hypothesis.",20,120,recovery,0.05156450061526481,0.10114160880167963,0.054095496121727996,0.0,0.0,0.06000000000000002,-0.0012536206815936845,0.07826643948580018,0.27615004786045316,-0.00034570914484910074,0.021612877662777235,recurrent latent object-motion state,201,633
B_fixed_context,"Generative otolith noise changes, but p=0 and assumed otolith variance remains at the baseline hypothesis.",21,121,baseline,0.05056243111336965,0.056305599005460824,0.05799861932511946,0.0,0.0,0.06000000000000002,-0.0024640124522938393,0.07411373169853194,0.2776422229613649,-0.0007285590836553996,0.020614315178492108,recurrent latent object-motion state,231,602
B_fixed_context,"Generative otolith noise changes, but p=0 and assumed otolith variance remains at the baseline hypothesis.",21,121,reduced_reliability,0.055381029867732905,0.12929166453395818,0.11838881010292164,0.0,0.0,0.06000000000000002,0.0008817969166602664,0.08293641791887073,0.27617542088009855,0.00024440849127390507,0.02290517988128599,recurrent latent object-motion state,240,593
B_fixed_context,"Generative otolith noise changes, but p=0 and assumed otolith variance remains at the baseline hypothesis.",21,121,recovery,0.05400738359404727,0.06308880157512893,0.05692033061984453,0.0,0.0,0.06000000000000002,-0.001111795280524558,0.07184339336415985,0.27616471296579426,-0.0003069481560417051,0.019840578570749393,recurrent latent object-motion state,140,694
B_fixed_context,"Generative otolith noise changes, but p=0 and assumed otolith variance remains at the baseline hypothesis.",22,122,baseline,0.05097588986037651,0.07286808870252212,0.05720566062236666,0.0,0.0,0.06000000000000002,-0.002531822252465814,0.07682713483851453,0.2776354401504366,-0.0008053286059791372,0.02144890466698317,recurrent latent object-motion state,184,649
B_fixed_context,"Generative otolith noise changes, but p=0 and assumed otolith variance remains at the baseline hypothesis.",22,122,reduced_reliability,0.05073056493511979,0.09414323705230965,0.10545444553702828,0.0,0.0,0.06000000000000002,0.0007172287947313437,0.08229102768281707,0.2761721601372236,0.00019883187460478032,0.022726782985681978,recurrent latent object-motion state,162,671
B_fixed_context,"Generative otolith noise changes, but p=0 and assumed otolith variance remains at the baseline hypothesis.",22,122,recovery,0.05166998226231911,0.05428798618657793,0.06741476700917935,0.0,0.0,0.06000000000000002,-0.0008521968211347338,0.07810081708655561,0.27615598062851554,-0.0002353227132091062,0.02156820503795908,recurrent latent object-motion state,240,594
B_fixed_context,"Generative otolith noise changes, but p=0 and assumed otolith variance remains at the baseline hypothesis.",23,123,baseline,0.05128754484035393,0.06971297431024683,0.06003317420950852,0.0,0.0,0.06000000000000002,-0.0027915709376826587,0.07419073441517761,0.2776416650759248,-0.0007495902586624585,0.020575801364224346,recurrent latent object-motion state,218,615
B_fixed_context,"Generative otolith noise changes, but p=0 and assumed otolith variance remains at the baseline hypothesis.",23,123,reduced_reliability,0.05503740453789284,0.12241978363139568,0.1096724943760061,0.0,0.0,0.06000000000000002,0.0010911548022511945,0.08634523937156394,0.2761733211979953,0.0003010076817344017,0.0238465102303726,recurrent latent object-motion state,170,663
B_fixed_context,"Generative otolith noise changes, but p=0 and assumed otolith variance remains at the baseline hypothesis.",23,123,recovery,0.054147209452314944,0.060249420021811,0.05312287171351871,0.0,0.0,0.06000000000000002,-0.001000845576728932,0.07493627979511433,0.27615852438870125,-0.0002765608134473848,0.02069431324522154,recurrent latent object-motion state,129,705
B_fixed_context,"Generative otolith noise changes, but p=0 and assumed otolith variance remains at the baseline hypothesis.",24,124,baseline,0.056034492461198224,0.11055938602934462,0.056177804249152134,0.0,0.0,0.06000000000000002,-0.002154084060339521,0.07574415879278418,0.2776401492748189,-0.00047140259439075016,0.021047656183113765,recurrent latent object-motion state,140,693
B_fixed_context,"Generative otolith noise changes, but p=0 and assumed otolith variance remains at the baseline hypothesis.",24,124,reduced_reliability,0.0530713584781062,0.14803079933759594,0.12878091986431817,0.0,0.0,0.06000000000000002,0.0006740405309541213,0.08437267908854834,0.2761623163014103,0.00018651407334139335,0.023299820604166042,recurrent latent object-motion state,235,598
B_fixed_context,"Generative otolith noise changes, but p=0 and assumed otolith variance remains at the baseline hypothesis.",24,124,recovery,0.05064005282265649,0.06722960198734136,0.06047551068705386,0.0,0.0,0.06000000000000002,-0.0007191362149783008,0.07210005413719102,0.2761499587371145,-0.00019862472487311612,0.019910356730124174,recurrent latent object-motion state,230,604
B_fixed_context,"Generative otolith noise changes, but p=0 and assumed otolith variance remains at the baseline hypothesis.",25,125,baseline,0.05388454863495832,0.07865135795556971,0.06575485006668802,0.0,0.0,0.06000000000000002,-0.0022188889920098697,0.07833710633857895,0.27763416324052104,-0.0004978369235229605,0.021827018275222047,recurrent latent object-motion state,240,593
B_fixed_context,"Generative otolith noise changes, but p=0 and assumed otolith variance remains at the baseline hypothesis.",25,125,reduced_reliability,0.05072236341011631,0.09956591671400451,0.12309295622759717,0.0,0.0,0.06000000000000002,0.0007526857002264821,0.08163089895609223,0.2761679803381224,0.0002070153894342731,0.022543939030745353,recurrent latent object-motion state,240,593
B_fixed_context,"Generative otolith noise changes, but p=0 and assumed otolith variance remains at the baseline hypothesis.",25,125,recovery,0.05483464432591537,0.07414072218106263,0.06145294090791237,0.0,0.0,0.06000000000000002,-0.0008191346026608437,0.07686860130118568,0.2761577643105924,-0.0002258374242016888,0.021227714107388104,recurrent latent object-motion state,176,658
B_fixed_context,"Generative otolith noise changes, but p=0 and assumed otolith variance remains at the baseline hypothesis.",26,126,baseline,0.052905798673900516,0.05737648932480561,0.05987355400827688,0.0,0.0,0.06000000000000002,-0.002390636751070451,0.07866814912944702,0.27763784431570426,-0.0004920997387821813,0.021998931733047674,recurrent latent object-motion state,216,617
B_fixed_context,"Generative otolith noise changes, but p=0 and assumed otolith variance remains at the baseline hypothesis.",26,126,reduced_reliability,0.05380366739336995,0.1029067666454994,0.1153676060281154,0.0,0.0,0.06000000000000002,0.001092041801168993,0.08126258627914483,0.2761688750800657,0.0003014792194175513,0.022442370638713332,recurrent latent object-motion state,131,702
B_fixed_context,"Generative otolith noise changes, but p=0 and assumed otolith variance remains at the baseline hypothesis.",26,126,recovery,0.053982290483684525,0.06784378927828327,0.059725750056413965,0.0,0.0,0.06000000000000002,-0.0012319093792893378,0.07818943339538091,0.2761536810176078,-0.0003401265976344133,0.02159228396880329,recurrent latent object-motion state,163,671
B_fixed_context,"Generative otolith noise changes, but p=0 and assumed otolith variance remains at the baseline hypothesis.",27,127,baseline,0.048182253143798745,0.07555217319943519,0.05437447728209387,0.0,0.0,0.06000000000000002,-0.002255020414512985,0.07540851890949737,0.2776362341881287,-0.0005608694529548769,0.020889297793584515,recurrent latent object-motion state,224,609
B_fixed_context,"Generative otolith noise changes, but p=0 and assumed otolith variance remains at the baseline hypothesis.",27,127,reduced_reliability,0.05082958694033631,0.1036406712162659,0.10286280679439437,0.0,0.0,0.06000000000000002,0.0008418399607267632,0.08233468581639643,0.2761693925212841,0.00023230912936038345,0.02273783417627257,recurrent latent object-motion state,209,624
B_fixed_context,"Generative otolith noise changes, but p=0 and assumed otolith variance remains at the baseline hypothesis.",27,127,recovery,0.05141242064911801,0.09892686853245923,0.051761497156956715,0.0,0.0,0.06000000000000002,-0.0011697795212116707,0.07482037049567922,0.2761519966905836,-0.00032197922836166813,0.020661530329540493,recurrent latent object-motion state,208,626
B_fixed_context,"Generative otolith noise changes, but p=0 and assumed otolith variance remains at the baseline hypothesis.",28,128,baseline,0.051907064162004045,0.05776828925282186,0.05670512337827779,0.0,0.0,0.06000000000000002,-0.002585972117036276,0.07133929626205741,0.27764339138824984,-0.0007168508764044912,0.019742882740355308,recurrent latent object-motion state,131,702
B_fixed_context,"Generative otolith noise changes, but p=0 and assumed otolith variance remains at the baseline hypothesis.",28,128,reduced_reliability,0.052265270469597926,0.1413314968448311,0.11724440607815238,0.0,0.0,0.06000000000000002,0.0006523585368843673,0.08463613069532472,0.2761635848391215,0.00017924956355697678,0.023373590017071115,recurrent latent object-motion state,240,593
B_fixed_context,"Generative otolith noise changes, but p=0 and assumed otolith variance remains at the baseline hypothesis.",28,128,recovery,0.0518667124988786,0.06969366205260391,0.05581082407732573,0.0,0.0,0.06000000000000002,-0.0006207445998084574,0.0752115364460249,0.27615238772156236,-0.0001714076234153113,0.0207697951835152,recurrent latent object-motion state,187,647
B_fixed_context,"Generative otolith noise changes, but p=0 and assumed otolith variance remains at the baseline hypothesis.",29,129,baseline,0.05361350696381777,0.06145662153335895,0.06477924967158487,0.0,0.0,0.06000000000000002,-0.002625505782876827,0.07552824832352309,0.27764605290698047,-0.0007076875128423846,0.021010808008743335,recurrent latent object-motion state,240,593
B_fixed_context,"Generative otolith noise changes, but p=0 and assumed otolith variance remains at the baseline hypothesis.",29,129,reduced_reliability,0.055156022221561296,0.12095942042982943,0.11619044624809775,0.0,0.0,0.06000000000000002,0.0003759404700824027,0.08303663220428338,0.2761882532540189,0.00010384700390558585,0.02293375248008612,recurrent latent object-motion state,240,593
B_fixed_context,"Generative otolith noise changes, but p=0 and assumed otolith variance remains at the baseline hypothesis.",29,129,recovery,0.05466634903972992,0.10009095775202036,0.05458386225147744,0.0,0.0,0.06000000000000002,-0.0006638884692896792,0.07169401813673605,0.2761679489703676,-0.0001832102559379606,0.019799178630135042,recurrent latent object-motion state,178,656
C_no_adaptation,Canonical observer with both forward-model adaptive processes frozen at their initial values.,0,100,baseline,0.05226918292167042,0.07701935655101771,0.05126757405050114,0.0005077021003327184,0.0003353501304664781,0.06061521270322743,-0.002477047285035406,0.07516590795971403,0.2775905290723142,-0.0007185269731758407,0.0208315915745552,recurrent latent object-motion state,205,628
C_no_adaptation,Canonical observer with both forward-model adaptive processes frozen at their initial values.,0,100,reduced_reliability,0.055822018455696835,0.10837987934124936,0.085807925969465,0.9978860641235693,0.9996646498695336,0.39917331516356036,0.0015094705309172199,0.07506810188153971,0.26298911719100265,0.00039584130961509893,0.01974041926590889,recurrent latent object-motion state,176,657
C_no_adaptation,Canonical observer with both forward-model adaptive processes frozen at their initial values.,0,100,recovery,0.05245610776354176,0.057047517090403205,0.06234289238088758,0.011530417221861251,0.0003353501304664781,0.06522392369372952,-0.0013281244606526458,0.07715832470674937,0.2759946265978125,-0.0003645365635106069,0.021299824227293724,recurrent latent object-motion state,181,653
C_no_adaptation,Canonical observer with both forward-model adaptive processes frozen at their initial values.,1,101,baseline,0.04867672079895445,0.0802945461007954,0.05921906845978186,0.0004627866314642018,0.0003353501304664781,0.0605769526999296,-0.0023136486298902114,0.07902164363358051,0.2775957586610249,-0.0004907223869667542,0.021986406337309024,recurrent latent object-motion state,240,593
C_no_adaptation,Canonical observer with both forward-model adaptive processes frozen at their initial values.,1,101,reduced_reliability,0.0494234181630971,0.0905703164811994,0.07377732678374213,0.9978303008186225,0.9996646498695336,0.39916256256600513,0.001203315156040112,0.07639837951242429,0.2629892108647935,0.0003122100417032779,0.020093315418253516,recurrent latent object-motion state,207,626
C_no_adaptation,Canonical observer with both forward-model adaptive processes frozen at their initial values.,1,101,recovery,0.05693481952281671,0.0768428012941974,0.06816446976976591,0.006927252000314389,0.0003353501304664781,0.06345235485843022,-0.0009901678675587656,0.07655786660997287,0.27607387815432977,-0.0002731720408227511,0.021134507597372263,recurrent latent object-motion state,240,594
C_no_adaptation,Canonical observer with both forward-model adaptive processes frozen at their initial values.,2,102,baseline,0.05233358037904884,0.07891048787652916,0.060988486473114605,0.00043762784834812623,0.0003353501304664781,0.06055535399777205,-0.0023741049514508796,0.07584347469086022,0.27759431216060987,-0.0005918780181087149,0.02105556225616266,recurrent latent object-motion state,225,608
C_no_adaptation,Canonical observer with both forward-model adaptive processes frozen at their initial values.,2,102,reduced_reliability,0.05630487096880776,0.081291746945433,0.0890331896001358,0.9989934981468319,0.9996646498695336,0.399396078532537,0.0012099250374503203,0.07233634554982736,0.262986426846248,0.00031456495681610284,0.019023360007039584,recurrent latent object-motion state,184,649
C_no_adaptation,Canonical observer with both forward-model adaptive processes frozen at their initial values.,2,102,recovery,0.04861023098793459,0.06931166173246782,0.052084261795079384,0.008041901185344855,0.0003353501304664781,0.06385004685157503,-0.0005477124797365105,0.076688585894814,0.27605980786601175,-0.00015129017946301815,0.02117135997054496,recurrent latent object-motion state,240,594
C_no_adaptation,Canonical observer with both forward-model adaptive processes frozen at their initial values.,3,103,baseline,0.050318879633826724,0.08101443296928224,0.05532746999690051,0.0004026911190478995,0.0003353501304664781,0.060516416477956095,-0.002452984313670399,0.07548857287191059,0.27760008604365694,-0.0005839041964214883,0.0210323012405631,recurrent latent object-motion state,240,593
C_no_adaptation,Canonical observer with both forward-model adaptive processes frozen at their initial values.,3,103,reduced_reliability,0.05419514027271864,0.09695577977936043,0.07452619283409695,0.9963679806047773,0.9996646498695336,0.3987089517241105,0.0014713869486585411,0.07812561035698781,0.2630054916489971,0.0003883035918869528,0.020546955613359546,recurrent latent object-motion state,240,593
C_no_adaptation,Canonical observer with both forward-model adaptive processes frozen at their initial values.,3,103,recovery,0.05810855780212462,0.08705679638603453,0.06429243062633777,0.00480706054429047,0.0003353501304664781,0.06280978285142164,-0.0008662643762092973,0.07660761305955699,0.27609694633158394,-0.0002381589312000722,0.021153275664328026,recurrent latent object-motion state,210,624
C_no_adaptation,Canonical observer with both forward-model adaptive processes frozen at their initial values.,4,104,baseline,0.05118881505353339,0.06454797182750753,0.06582512415102759,0.0004922034380400363,0.0003353501304664781,0.06061527239853459,-0.002566622997300954,0.07611031141252537,0.2775894052513301,-0.0006863897099623661,0.021141126582568295,recurrent latent object-motion state,240,593
C_no_adaptation,Canonical observer with both forward-model adaptive processes frozen at their initial values.,4,104,reduced_reliability,0.05425720164900071,0.13148849102098292,0.08060955415644466,0.9962779572030004,0.9996646498695336,0.3988013304129016,0.0016362553904627312,0.07439094299987813,0.2629953653673849,0.00043190186708440764,0.019564283329044835,recurrent latent object-motion state,240,593
C_no_adaptation,Canonical observer with both forward-model adaptive processes frozen at their initial values.,4,104,recovery,0.052319463328360315,0.06331158760644891,0.05249419282139922,0.011581783850269027,0.0003353501304664781,0.0650093593155228,-0.000968930040801226,0.0807847498150586,0.276017980654513,-0.000271909630183162,0.022300896041190947,recurrent latent object-motion state,240,594
C_no_adaptation,Canonical observer with both forward-model adaptive processes frozen at their initial values.,5,105,baseline,0.05242331533345314,0.07230624099028701,0.06045918858158642,0.0004765864214525168,0.0003353501304664781,0.06060781247845829,-0.002468996641368731,0.07662999924305264,0.2775873795212303,-0.0006970828521365533,0.02121768183255549,recurrent latent object-motion state,240,593
C_no_adaptation,Canonical observer with both forward-model adaptive processes frozen at their initial values.,5,105,reduced_reliability,0.05442345548281457,0.11502034634788313,0.08870521929682779,0.9975154931076831,0.9996646498695336,0.3989341459154218,0.0007887260484789574,0.07688464230329015,0.2630025078645826,0.00020375290789235263,0.020222124315291138,recurrent latent object-motion state,213,620
C_no_adaptation,Canonical observer with both forward-model adaptive processes frozen at their initial values.,5,105,recovery,0.049710532202229187,0.061535312965462476,0.04903719733621369,0.008401616579261886,0.0003353501304664781,0.06391432337097591,-0.0005906545870214582,0.07672346767313461,0.27605930663460765,-0.00016896466800100284,0.02117670293244158,recurrent latent object-motion state,193,641
C_no_adaptation,Canonical observer with both forward-model adaptive processes frozen at their initial values.,6,106,baseline,0.0527354272961832,0.09493674692681198,0.05387128281918407,0.0003951554619353728,0.0003353501304664781,0.060507662824738954,-0.00261574121550846,0.07900566814522281,0.27759999033360694,-0.0006254913543254296,0.021942790211223598,recurrent latent object-motion state,235,598
C_no_adaptation,Canonical observer with both forward-model adaptive processes frozen at their initial values.,6,106,reduced_reliability,0.05519537007386731,0.0739877734381262,0.07456275171899088,0.9978184595402745,0.9996646498695336,0.399152509509524,0.0014739417278427053,0.07361017231975042,0.2629894624350622,0.0003850527373986663,0.019358050422014234,recurrent latent object-motion state,186,647
C_no_adaptation,Canonical observer with both forward-model adaptive processes frozen at their initial values.,6,106,recovery,0.05392649004529634,0.09878498704751108,0.058874870490293656,0.006772658992484074,0.0003353501304664781,0.06353616630476429,-0.0011199857080314477,0.07570989823388023,0.2760639995933111,-0.0003046628299484428,0.020905779449007275,recurrent latent object-motion state,181,653
C_no_adaptation,Canonical observer with both forward-model adaptive processes frozen at their initial values.,7,107,baseline,0.05188826074905464,0.06476109344448783,0.05493568439371949,0.0021173327933800613,0.0003353501304664781,0.06144831013883406,-0.0024749192309915895,0.07647198295926888,0.277551020305273,-0.0006594228744167858,0.021153294078794908,recurrent latent object-motion state,240,593
C_no_adaptation,Canonical observer with both forward-model adaptive processes frozen at their initial values.,7,107,reduced_reliability,0.05148113815001689,0.12104435926712818,0.0888316897695728,0.9950254772824236,0.9996646498695336,0.3982802660947568,0.001721979184027159,0.07529070005344331,0.26301012871784074,0.00045466901527761163,0.019802317193714107,recurrent latent object-motion state,156,677
C_no_adaptation,Canonical observer with both forward-model adaptive processes frozen at their initial values.,7,107,recovery,0.05094781696369861,0.06755678840601151,0.0573152540976488,0.0081982597369744,0.0003353501304664781,0.06396980733967889,-0.0011207277783592282,0.07659193626278993,0.27605094920702244,-0.0003095457125199209,0.021141164778282442,recurrent latent object-motion state,240,594
C_no_adaptation,Canonical observer with both forward-model adaptive processes frozen at their initial values.,8,108,baseline,0.05123331215115619,0.05954564732502995,0.05637196980280959,0.0005935909757858684,0.0003353501304664781,0.06067838978623642,-0.002389582374137561,0.07475289109572268,0.277586948626191,-0.0007023816827111916,0.020754332813428863,recurrent latent object-motion state,226,607
C_no_adaptation,Canonical observer with both forward-model adaptive processes frozen at their initial values.,8,108,reduced_reliability,0.05632928934416394,0.11327117950868348,0.10837587829800106,0.9966991428069009,0.9996646498695336,0.3987678511178201,0.001426634094867498,0.07683198258787136,0.26300488859287796,0.0003768425934057225,0.020209298626373176,recurrent latent object-motion state,184,649
C_no_adaptation,Canonical observer with both forward-model adaptive processes frozen at their initial values.,8,108,recovery,0.05011279824400135,0.05802101409157671,0.056972888527837044,0.005030696138563268,0.0003353501304664781,0.06273215168375078,-0.0008758852649475508,0.0768162017533406,0.276108461637707,-0.00024408091704872776,0.02120846565659353,recurrent latent object-motion state,240,594
C_no_adaptation,Canonical observer with both forward-model adaptive processes frozen at their initial values.,9,109,baseline,0.049718759235725954,0.09414700497925177,0.05147031238179561,0.0005790684901025846,0.0003353501304664781,0.0606881517842472,-0.002262800982822279,0.07915776916692378,0.2775831173899523,-0.0006877426581824532,0.02197452365829288,recurrent latent object-motion state,167,666
C_no_adaptation,Canonical observer with both forward-model adaptive processes frozen at their initial values.,9,109,reduced_reliability,0.05456433424082319,0.12776062801691032,0.06811767480134613,0.9957008547076025,0.9996646498695336,0.3984051807271113,0.00128190810963911,0.07395649195389475,0.26301745979474367,0.0003382665316510493,0.01945114221124472,recurrent latent object-motion state,163,670
C_no_adaptation,Canonical observer with both forward-model adaptive processes frozen at their initial values.,9,109,recovery,0.05096880259473128,0.08261746600220563,0.05164459566376423,0.006591797389272265,0.0003353501304664781,0.06324066201099329,-0.0008909166042678971,0.07596516988917189,0.2760900590493792,-0.00024784850538937597,0.020966871867112245,recurrent latent object-motion state,161,673
C_no_adaptation,Canonical observer with both forward-model adaptive processes frozen at their initial values.,10,110,baseline,0.05021083455083623,0.06773208682192026,0.05542726571778406,0.0004271049747826109,0.0003353501304664781,0.0605473090049366,-0.002937267706410178,0.07514930880352075,0.27759451165890403,-0.0008072618199701456,0.020787290747324782,recurrent latent object-motion state,185,648
C_no_adaptation,Canonical observer with both forward-model adaptive processes frozen at their initial values.,10,110,reduced_reliability,0.05046555750484283,0.10804456091530674,0.08280936636123391,0.997626448774267,0.9996646498695336,0.39895483516109487,0.0016801967733370538,0.07586700881308407,0.2630027149966456,0.00044010939124599155,0.019954767170445566,recurrent latent object-motion state,161,672
C_no_adaptation,Canonical observer with both forward-model adaptive processes frozen at their initial values.,10,110,recovery,0.05042794036656582,0.07109762300507706,0.05922142194199208,0.01067650454723895,0.0003353501304664781,0.06471015706726121,-0.0009681314326901249,0.07369608235361073,0.27602637875598185,-0.0002660630067518604,0.02034662017616909,recurrent latent object-motion state,201,633
C_no_adaptation,Canonical observer with both forward-model adaptive processes frozen at their initial values.,11,111,baseline,0.05492237193825447,0.08042938806613341,0.05910348134768448,0.00039646406603096305,0.0003353501304664781,0.06050845533809024,-0.0025725103774226683,0.07474246747071348,0.27760149307344534,-0.00068790002896904,0.02082558506340117,recurrent latent object-motion state,240,593
C_no_adaptation,Canonical observer with both forward-model adaptive processes frozen at their initial values.,11,111,reduced_reliability,0.05498406345766757,0.14737035744978366,0.07886530033562439,0.9933213404422582,0.9996646498695336,0.39787453933959094,0.0013827655691161867,0.0734099112865518,0.26302892004131145,0.0003625707391194841,0.01930793350217044,recurrent latent object-motion state,167,666
C_no_adaptation,Canonical observer with both forward-model adaptive processes frozen at their initial values.,11,111,recovery,0.05335685086485443,0.08627310804114623,0.0592697275049253,0.010666838001046782,0.0003353501304664781,0.06480188382733572,-0.000743602408332213,0.07733650249199155,0.2760189173502137,-0.00020890411220875777,0.021348134318486332,recurrent latent object-motion state,236,598
C_no_adaptation,Canonical observer with both forward-model adaptive processes frozen at their initial values.,12,112,baseline,0.052158426995976524,0.056407278806128794,0.056181248948341776,0.00043037131621776294,0.0003353501304664781,0.0605491815610234,-0.002538146710748549,0.07457277507581656,0.2775963540205784,-0.000722677396834475,0.020758304534189392,recurrent latent object-motion state,210,623
C_no_adaptation,Canonical observer with both forward-model adaptive processes frozen at their initial values.,12,112,reduced_reliability,0.051957311723512194,0.1172403344783332,0.09192375359161936,0.996619830197926,0.9996646498695336,0.3985876552617623,0.0013163317783460192,0.07913528029464914,0.26301735337003623,0.00034345556793239284,0.020813070569727702,recurrent latent object-motion state,173,660
C_no_adaptation,Canonical observer with both forward-model adaptive processes frozen at their initial values.,12,112,recovery,0.052080579097066475,0.06790880456540978,0.060747958355187065,0.012111640175516358,0.0003353501304664781,0.0651797094496957,-0.000888856998814792,0.07647842587803541,0.2760108490769247,-0.00024879142160665594,0.021112561451639728,recurrent latent object-motion state,240,594
C_no_adaptation,Canonical observer with both forward-model adaptive processes frozen at their initial values.,13,113,baseline,0.052053706229915515,0.07267145216653179,0.05736754634607051,0.0004038537003831043,0.0003353501304664781,0.06051773756446343,-0.0022534765575822043,0.07802685059954703,0.2775994146757671,-0.0005882822583323481,0.02161216263937167,recurrent latent object-motion state,240,593
C_no_adaptation,Canonical observer with both forward-model adaptive processes frozen at their initial values.,13,113,reduced_reliability,0.05711703796645257,0.07650653585248843,0.08900462866780538,0.9966680546193896,0.9996646498695336,0.39876495898219894,0.0010575537141333132,0.08101294686029233,0.2630047793663653,0.00027297097396870705,0.021307117766860964,recurrent latent object-motion state,240,593
C_no_adaptation,Canonical observer with both forward-model adaptive processes frozen at their initial values.,13,113,recovery,0.05296056455029414,0.05491517280339313,0.06941311826519235,0.006307165216211079,0.0003353501304664781,0.06319022299826459,-0.0007503329392727884,0.0811629045977914,0.276087502104637,-0.00020766932947041908,0.022408208489773825,recurrent latent object-motion state,240,594
C_no_adaptation,Canonical observer with both forward-model adaptive processes frozen at their initial values.,14,114,baseline,0.05325273140754289,0.0718403519639968,0.06359593769736083,0.00039015762227650986,0.0003353501304664781,0.06050127800659023,-0.002581625578089915,0.08182192103068964,0.27760134257718394,-0.0007749627864097806,0.022724075275945853,recurrent latent object-motion state,240,593
C_no_adaptation,Canonical observer with both forward-model adaptive processes frozen at their initial values.,14,114,reduced_reliability,0.05096281547624966,0.09175749970740782,0.08432276293667072,0.9967715946656995,0.9996646498695336,0.3987786515576385,0.0014788100825309518,0.07789345981485385,0.2630047546521575,0.00038795841330955915,0.02048650676127773,recurrent latent object-motion state,240,593
C_no_adaptation,Canonical observer with both forward-model adaptive processes frozen at their initial values.,14,114,recovery,0.05313370522675861,0.0614142933087198,0.06876384223491493,0.012884615931674738,0.0003353501304664781,0.06553101996925514,-0.0008953258145795091,0.07869003009522992,0.2759910340903307,-0.00024781158233901486,0.021721947955660872,recurrent latent object-motion state,240,594
C_no_adaptation,Canonical observer with both forward-model adaptive processes frozen at their initial values.,15,115,baseline,0.047119703396629756,0.08800797876478324,0.056781466901906275,0.00043333268966829776,0.0003353501304664781,0.060553232385266824,-0.002259160553383485,0.07533821839823149,0.2775966426333192,-0.000394330137088987,0.02105531596205498,recurrent latent object-motion state,209,624
C_no_adaptation,Canonical observer with both forward-model adaptive processes frozen at their initial values.,15,115,reduced_reliability,0.05671987230689656,0.10131023999591321,0.08225642402236943,0.9969845635394259,0.9996646498695336,0.3988155424833484,0.0011815144757053567,0.07296844195937321,0.26300335079622417,0.00030900625599215766,0.01919073777192822,recurrent latent object-motion state,118,715
C_no_adaptation,Canonical observer with both forward-model adaptive processes frozen at their initial values.,15,115,recovery,0.05196760753479045,0.07810666032305075,0.0636026704510687,0.006855069989717763,0.0003353501304664781,0.06343930707840541,-0.0005751474182970699,0.07611538891408462,0.2760722284319587,-0.00015963923413782243,0.02101547011198615,recurrent latent object-motion state,240,594
C_no_adaptation,Canonical observer with both forward-model adaptive processes frozen at their initial values.,16,116,baseline,0.05173538557052763,0.06367592458763228,0.051941039459181035,0.00041857857620836164,0.0003353501304664781,0.060534921048592254,-0.002692864121734272,0.07369721394822633,0.27759843645350435,-0.0007923293464096636,0.020428193652084935,recurrent latent object-motion state,201,632
C_no_adaptation,Canonical observer with both forward-model adaptive processes frozen at their initial values.,16,116,reduced_reliability,0.05481481329745027,0.13189192829167892,0.08623337037816813,0.9967777840083811,0.9996646498695336,0.3988314706532552,0.0014298529171938368,0.07566608627844248,0.2629940091485093,0.00037810920402071537,0.019903240536908808,recurrent latent object-motion state,240,593
C_no_adaptation,Canonical observer with both forward-model adaptive processes frozen at their initial values.,16,116,recovery,0.05609381808075783,0.07130609326798013,0.0681279736370083,0.006863445995008468,0.0003353501304664781,0.06334926938927284,-0.0008830300606377389,0.07821100373679189,0.2760839923844894,-0.0002468105914679261,0.02159151351167528,recurrent latent object-motion state,240,594
C_no_adaptation,Canonical observer with both forward-model adaptive processes frozen at their initial values.,17,117,baseline,0.04972161341730485,0.07976513045904778,0.05695503870322522,0.0003969828387069278,0.0003353501304664781,0.06051017648441371,-0.0024480365413576187,0.0780989317129425,0.2775993057296219,-0.0006096409329386012,0.021709954772559138,recurrent latent object-motion state,240,593
C_no_adaptation,Canonical observer with both forward-model adaptive processes frozen at their initial values.,17,117,reduced_reliability,0.05547414857488912,0.11036615050601908,0.0751921448674035,0.9946395271049412,0.9996646498695336,0.39802110691155373,0.0010888563634347866,0.07470491889068315,0.26303554873391805,0.00028387549826875693,0.019652790213973304,recurrent latent object-motion state,238,595
C_no_adaptation,Canonical observer with both forward-model adaptive processes frozen at their initial values.,17,117,recovery,0.05364946819156626,0.08611803854124339,0.051506113308150914,0.006853418326160751,0.0003353501304664781,0.06337183581322481,-0.0008451215233979163,0.07348780951365784,0.2760828125099901,-0.00023137795828653682,0.02028758778898203,recurrent latent object-motion state,168,666
C_no_adaptation,Canonical observer with both forward-model adaptive processes frozen at their initial values.,18,118,baseline,0.053087848624520664,0.07627946121414779,0.05951532510766874,0.0004269989109431322,0.0003353501304664781,0.06054524102581074,-0.0022013968927855876,0.07521583155491915,0.27759581270800493,-0.0007055447091103643,0.020929345714933996,recurrent latent object-motion state,240,593
C_no_adaptation,Canonical observer with both forward-model adaptive processes frozen at their initial values.,18,118,reduced_reliability,0.05367247759762495,0.13499320991897315,0.09052839861294244,0.997346312062015,0.9996646498695336,0.399062305958488,0.001471593495815426,0.07547810170051975,0.262990445593788,0.00038657354646176627,0.01984906159322395,recurrent latent object-motion state,240,593
C_no_adaptation,Canonical observer with both forward-model adaptive processes frozen at their initial values.,18,118,recovery,0.04816848300064493,0.06566553846711026,0.05861866224931582,0.013863365424251558,0.0003353501304664781,0.06596816325733537,-0.0010884858907202989,0.08040685163257211,0.27597249644509897,-0.00030132202182660386,0.022190326035334912,recurrent latent object-motion state,240,594
C_no_adaptation,Canonical observer with both forward-model adaptive processes frozen at their initial values.,19,119,baseline,0.05148127923742538,0.0751134330160268,0.06274902711576263,0.000447546027729121,0.0003353501304664781,0.06056595230178669,-0.002387192790401183,0.07339878587416396,0.27759353211493615,-0.0005997541691888728,0.02039097389183008,recurrent latent object-motion state,240,593
C_no_adaptation,Canonical observer with both forward-model adaptive processes frozen at their initial values.,19,119,reduced_reliability,0.05397088501288956,0.11355172399223698,0.09912559931401557,0.9982961013399845,0.9996646498695336,0.3992554482668223,0.0008971235668263435,0.07367448657060886,0.26298826596532177,0.0002322492547811338,0.019376454289904848,recurrent latent object-motion state,194,639
C_no_adaptation,Canonical observer with both forward-model adaptive processes frozen at their initial values.,19,119,recovery,0.05033833204465734,0.05921136851127536,0.06068947728205838,0.008253701744113098,0.0003353501304664781,0.06393295904898923,-0.0006749637102832553,0.0754373803922786,0.2760565863149161,-0.0001909511483892738,0.020825012712750317,recurrent latent object-motion state,207,627
C_no_adaptation,Canonical observer with both forward-model adaptive processes frozen at their initial values.,20,120,baseline,0.049789097873678474,0.10101194549972255,0.05849040904275844,0.0004441636989007308,0.0003353501304664781,0.06056764147207687,-0.0027880509173867124,0.07735986467183914,0.27759214420450146,-0.0007481131587707388,0.02148415461822653,recurrent latent object-motion state,210,623
C_no_adaptation,Canonical observer with both forward-model adaptive processes frozen at their initial values.,20,120,reduced_reliability,0.053982667694553586,0.13569232209254728,0.09372528532536363,0.9986619824544956,0.9996646498695336,0.39932993697058017,0.0020103898457994123,0.07583558179610067,0.2629873488733179,0.0005297764162780803,0.019943849508106445,recurrent latent object-motion state,192,641
C_no_adaptation,Canonical observer with both forward-model adaptive processes frozen at their initial values.,20,120,recovery,0.05155899806708469,0.1008587691602667,0.055817183514388836,0.011542658333552365,0.0003353501304664781,0.06512178176457377,-0.0011971119462149563,0.07824125609496152,0.2760072288092504,-0.00032648303204685256,0.021596566342457497,recurrent latent object-motion state,201,633
C_no_adaptation,Canonical observer with both forward-model adaptive processes frozen at their initial values.,21,121,baseline,0.05054942442134476,0.05642690077389829,0.05830077951576003,0.0004510882368862598,0.0003353501304664781,0.060573075998700196,-0.0024583060540687776,0.07411625577038079,0.277595846588815,-0.0007266472837938592,0.02061109170448839,recurrent latent object-motion state,231,602
C_no_adaptation,Canonical observer with both forward-model adaptive processes frozen at their initial values.,21,121,reduced_reliability,0.055590949857749636,0.12969581622850232,0.08438996497430645,0.9963475584042857,0.9996646498695336,0.3986880291437697,0.0014430930666794993,0.07518813426472441,0.2630056239130332,0.00038025116526201687,0.019775577293758565,recurrent latent object-motion state,240,593
C_no_adaptation,Canonical observer with both forward-model adaptive processes frozen at their initial values.,21,121,recovery,0.05400035947488754,0.06386669857204841,0.05733551485172723,0.0074491888055096475,0.0003353501304664781,0.06373813042768228,-0.0011897768188705552,0.07187484004652332,0.27605913497051154,-0.0003301469173329346,0.019837278757169674,recurrent latent object-motion state,140,694
C_no_adaptation,Canonical observer with both forward-model adaptive processes frozen at their initial values.,22,122,baseline,0.05096656822492119,0.07315224543662416,0.05757990800091341,0.0004226201685274228,0.0003353501304664781,0.06053896329321486,-0.0025382973061975054,0.07679093447149503,0.2775994155532957,-0.000806762355240907,0.02143531218635988,recurrent latent object-motion state,184,649
C_no_adaptation,Canonical observer with both forward-model adaptive processes frozen at their initial values.,22,122,reduced_reliability,0.05073400445646751,0.08327077670249104,0.09451103249990998,0.997153880247326,0.9996646498695336,0.3988607751744481,0.001596591881747984,0.07488134618160161,0.2630040198201953,0.00041899622386192974,0.01969588980173226,recurrent latent object-motion state,162,671
C_no_adaptation,Canonical observer with both forward-model adaptive processes frozen at their initial values.,22,122,recovery,0.05165344708346744,0.05472290049677377,0.06844278543678922,0.011641286395798344,0.0003353501304664781,0.06502228384535008,-0.0009429212788407927,0.07814484951509072,0.27601608069866557,-0.0002580129805480218,0.021569327320752552,recurrent latent object-motion state,240,594
C_no_adaptation,Canonical observer with both forward-model adaptive processes frozen at their initial values.,23,123,baseline,0.05127735362295758,0.06917061583515857,0.0603893866705656,0.0003916470169069428,0.0003353501304664781,0.06050329363604131,-0.0027963131804386436,0.07418443716563844,0.2776002960356958,-0.0007499749311497052,0.020570953082056764,recurrent latent object-motion state,218,615
C_no_adaptation,Canonical observer with both forward-model adaptive processes frozen at their initial values.,23,123,reduced_reliability,0.054999863552042866,0.06832775801915462,0.07946131630936275,0.9979041688921652,0.9996646498695336,0.39901792872095904,0.0017026619778116943,0.07701432245479714,0.262999070167984,0.0004465572330163964,0.020255652061279807,recurrent latent object-motion state,170,663
C_no_adaptation,Canonical observer with both forward-model adaptive processes frozen at their initial values.,23,123,recovery,0.054150551428490984,0.06173747216097498,0.05412267078493203,0.007324325958009577,0.0003353501304664781,0.06350336146281486,-0.001043590329442752,0.07489141549418654,0.27608015432253413,-0.00028683777370206755,0.020671344307648436,recurrent latent object-motion state,129,705
C_no_adaptation,Canonical observer with both forward-model adaptive processes frozen at their initial values.,24,124,baseline,0.05603064776358275,0.11137858090829558,0.05668026831398212,0.00040290506904711596,0.0003353501304664781,0.060516716295896285,-0.0021695287084426166,0.07572317138051803,0.2776004213311787,-0.0004759274025484532,0.021039557956386592,recurrent latent object-motion state,140,693
C_no_adaptation,Canonical observer with both forward-model adaptive processes frozen at their initial values.,24,124,reduced_reliability,0.052975212605331654,0.123479912163239,0.08419631333401872,0.9962183055892662,0.9996646498695336,0.39868232538282355,0.0014237891885791477,0.07794780388202951,0.26299337825801034,0.0003779596922291285,0.020501802239808378,recurrent latent object-motion state,235,598
C_no_adaptation,Canonical observer with both forward-model adaptive processes frozen at their initial values.,24,124,recovery,0.05063218115645954,0.06823985114584788,0.060857983337716776,0.0077688238513824864,0.0003353501304664781,0.0638135416631287,-0.0006865278464354913,0.07214544956404176,0.27605252591068163,-0.00018976740527342262,0.01992106960006758,recurrent latent object-motion state,230,604
C_no_adaptation,Canonical observer with both forward-model adaptive processes frozen at their initial values.,25,125,baseline,0.05387891054614004,0.07899524209173144,0.06635052138639856,0.0004146106479090221,0.0003353501304664781,0.060531150748691656,-0.002225845161136248,0.07832942684030056,0.277597459409218,-0.000498525091916705,0.021821828967984992,recurrent latent object-motion state,240,593
C_no_adaptation,Canonical observer with both forward-model adaptive processes frozen at their initial values.,25,125,reduced_reliability,0.05074864284795349,0.061465630999240746,0.08943075218746252,0.9960299664173117,0.9996646498695336,0.3985671457485996,0.0015528530759729136,0.07426390211688422,0.26300205316722824,0.00040629693526953516,0.019531590357094803,recurrent latent object-motion state,240,593
C_no_adaptation,Canonical observer with both forward-model adaptive processes frozen at their initial values.,25,125,recovery,0.054830387381562186,0.07410290526568324,0.062281367386536696,0.006057878313638226,0.0003353501304664781,0.06311930914480479,-0.0008725979435651589,0.07683758924317842,0.2760899157718541,-0.00023971312719408958,0.0212151216861284,recurrent latent object-motion state,176,658
C_no_adaptation,Canonical observer with both forward-model adaptive processes frozen at their initial values.,26,126,baseline,0.05290261775842559,0.05903200248758375,0.06043276038084302,0.00039493335748036956,0.0003353501304664781,0.06050716636674899,-0.0024129729134426373,0.07864578191733917,0.2776003689016767,-0.000497584872966889,0.02198945466190719,recurrent latent object-motion state,216,617
C_no_adaptation,Canonical observer with both forward-model adaptive processes frozen at their initial values.,26,126,reduced_reliability,0.05381714629052221,0.08482351048320191,0.08045906799254397,0.9939802140098215,0.9996646498695336,0.39805041967142946,0.001748203639590325,0.07442332564857498,0.26302392795777135,0.00045888741804692005,0.01957386852785362,recurrent latent object-motion state,131,702
C_no_adaptation,Canonical observer with both forward-model adaptive processes frozen at their initial values.,26,126,recovery,0.05396568854557059,0.06750168888792756,0.060152583880581936,0.0086008512427945,0.0003353501304664781,0.06408833105571056,-0.0012040220123040114,0.07824707591884611,0.27604253859526334,-0.0003299205145613757,0.021597277878690896,recurrent latent object-motion state,163,671
C_no_adaptation,Canonical observer with both forward-model adaptive processes frozen at their initial values.,27,127,baseline,0.04817126296374274,0.07558743100360725,0.05469529434814516,0.0004697406195607858,0.0003353501304664781,0.06057918079631824,-0.002257497895217079,0.07540072518908834,0.27759389714339117,-0.0005615137418586977,0.020883480854780024,recurrent latent object-motion state,224,609
C_no_adaptation,Canonical observer with both forward-model adaptive processes frozen at their initial values.,27,127,reduced_reliability,0.050817264590067156,0.1164544347175039,0.08310089102817174,0.9974047795156086,0.9996646498695336,0.3990740311701626,0.0017018459315473508,0.07825473307238076,0.26299033321707477,0.00044792617673842014,0.020581053474131913,recurrent latent object-motion state,209,624
C_no_adaptation,Canonical observer with both forward-model adaptive processes frozen at their initial values.,27,127,recovery,0.051393906337810914,0.09826677005410102,0.05264370771324781,0.00737947395614602,0.0003353501304664781,0.06365496787909801,-0.0011902373914872907,0.07489034628738507,0.2760657751526614,-0.00032488532991968566,0.02067502580150535,recurrent latent object-motion state,208,626
C_no_adaptation,Canonical observer with both forward-model adaptive processes frozen at their initial values.,28,128,baseline,0.05190105254227074,0.059478714481958475,0.05717860296674056,0.000396666733471825,0.0003353501304664781,0.0605094465572874,-0.0025929028677637266,0.0713138531188996,0.2775994743936428,-0.0007180981757971286,0.019732330685571228,recurrent latent object-motion state,131,702
C_no_adaptation,Canonical observer with both forward-model adaptive processes frozen at their initial values.,28,128,reduced_reliability,0.052387410505677516,0.11488576836761544,0.07822614134953011,0.9987342200543149,0.9996646498695336,0.39934432768026235,0.001199984194680514,0.07774742604998833,0.26298719777009943,0.00031383876751736963,0.020444363401411376,recurrent latent object-motion state,240,593
C_no_adaptation,Canonical observer with both forward-model adaptive processes frozen at their initial values.,28,128,recovery,0.05186574526029437,0.07043696595520804,0.05618024325015988,0.006216813604756561,0.0003353501304664781,0.06313310170680082,-0.0006735720950540215,0.07519776423777957,0.2760921102730894,-0.0001883825112468562,0.020764875747002316,recurrent latent object-motion state,187,647
C_no_adaptation,Canonical observer with both forward-model adaptive processes frozen at their initial values.,29,129,baseline,0.053604177883490846,0.0616384581877608,0.06519072650696282,0.0004029711428471659,0.0003353501304664781,0.06051654437223059,-0.0026258016631242344,0.07552017023471642,0.27760021456744505,-0.0007063261179952161,0.02100498217933134,recurrent latent object-motion state,240,593
C_no_adaptation,Canonical observer with both forward-model adaptive processes frozen at their initial values.,29,129,reduced_reliability,0.05497854712840797,0.10938990795652298,0.10183859060243007,0.9976970914346176,0.9996646498695336,0.39913408255423766,0.0012766752108697022,0.07430388984631793,0.262989624211862,0.0003335133618923199,0.019542289358024947,recurrent latent object-motion state,240,593
C_no_adaptation,Canonical observer with both forward-model adaptive processes frozen at their initial values.,29,129,recovery,0.054678374567586195,0.10055022023010922,0.05554070043151737,0.008141005022885534,0.0003353501304664781,0.06383409106008853,-0.0007906772417690035,0.07164715114426487,0.27606154720571874,-0.00022411670738224214,0.019781075527605965,recurrent latent object-motion state,178,656
D_single_timescale,One adaptive deviation state preserving the canonical aggregate instantaneous learning rate and its learning-rate-weighted one-step retention.,0,100,baseline,0.05227842322584556,0.07640925394205329,0.050926011603766516,0.0005075598734799255,0.0003353501304664781,0.060615117662499635,-0.0024792012507602857,0.07517526021619084,0.27757168246286806,-0.0007190881366445153,0.020833022566154418,recurrent latent object-motion state,205,628
D_single_timescale,One adaptive deviation state preserving the canonical aggregate instantaneous learning rate and its learning-rate-weighted one-step retention.,0,100,reduced_reliability,0.05582768251307033,0.10731338995520424,0.08542546640511181,0.9978842081322742,0.9996646498695336,0.3991729379210818,0.0015268837117659378,0.07506684641804307,0.2630052197876461,0.00039888930552889774,0.019741421294418377,recurrent latent object-motion state,176,657
D_single_timescale,One adaptive deviation state preserving the canonical aggregate instantaneous learning rate and its learning-rate-weighted one-step retention.,0,100,recovery,0.052465532329580754,0.056542378728259894,0.06194712990712013,0.01153934501578158,0.0003353501304664781,0.06522681252295234,-0.001321739799730667,0.07717309117904418,0.2759781442928339,-0.0003630455465364432,0.021302518249045593,recurrent latent object-motion state,181,653
D_single_timescale,One adaptive deviation state preserving the canonical aggregate instantaneous learning rate and its learning-rate-weighted one-step retention.,1,101,baseline,0.048683149727669836,0.07989204006811967,0.05884183420197983,0.0004627989870047253,0.0003353501304664781,0.06057694461184661,-0.0022982881168467084,0.07903914732490042,0.27757538887176225,-0.0004866112349681748,0.021989424842417688,recurrent latent object-motion state,240,593
D_single_timescale,One adaptive deviation state preserving the canonical aggregate instantaneous learning rate and its learning-rate-weighted one-step retention.,1,101,reduced_reliability,0.04942867443134085,0.08871443754846349,0.07340975679458618,0.9978303531026178,0.9996646498695336,0.3991625743074526,0.0012050696865565675,0.07641888345004492,0.2630066784306832,0.0003114747192260484,0.020099936364230603,recurrent latent object-motion state,207,626
D_single_timescale,One adaptive deviation state preserving the canonical aggregate instantaneous learning rate and its learning-rate-weighted one-step retention.,1,101,recovery,0.05693914151766394,0.07662300739728412,0.06765615517849471,0.00692967643859254,0.0003353501304664781,0.06345323461280696,-0.000993953073441531,0.07655353618609327,0.2760553591349143,-0.00027420600218428485,0.02113182808344848,recurrent latent object-motion state,240,594
D_single_timescale,One adaptive deviation state preserving the canonical aggregate instantaneous learning rate and its learning-rate-weighted one-step retention.,2,102,baseline,0.052342024417717674,0.07904509900233787,0.060178711259433394,0.00043760372874067035,0.0003353501304664781,0.060555328414231356,-0.002368722307184697,0.07584775094544323,0.2775743837416859,-0.0005903764335474225,0.02105523016918106,recurrent latent object-motion state,225,608
D_single_timescale,One adaptive deviation state preserving the canonical aggregate instantaneous learning rate and its learning-rate-weighted one-step retention.,2,102,reduced_reliability,0.056313127576090236,0.08086098392328234,0.08840729844913787,0.9989933525968371,0.9996646498695336,0.39939604720823363,0.0012190207760166374,0.07235642159089918,0.2629983479897096,0.0003172155373285441,0.01902944824748652,recurrent latent object-motion state,184,649
D_single_timescale,One adaptive deviation state preserving the canonical aggregate instantaneous learning rate and its learning-rate-weighted one-step retention.,2,102,recovery,0.04861943420536212,0.06966694596453567,0.051874488131271296,0.008047237895238467,0.0003353501304664781,0.0638522063004465,-0.0005517158703084464,0.07668157967999215,0.2760402537388239,-0.00015240058987904773,0.02116779486605634,recurrent latent object-motion state,240,594
D_single_timescale,One adaptive deviation state preserving the canonical aggregate instantaneous learning rate and its learning-rate-weighted one-step retention.,3,103,baseline,0.05032681346452544,0.08107741759326324,0.05526226422235925,0.00040264392502071275,0.0003353501304664781,0.060516359998890996,-0.0024566484200599465,0.07546026865633716,0.2775822644876551,-0.000585527082541919,0.021023180024677474,recurrent latent object-motion state,240,593
D_single_timescale,One adaptive deviation state preserving the canonical aggregate instantaneous learning rate and its learning-rate-weighted one-step retention.,3,103,reduced_reliability,0.05419982973967149,0.09590678141564778,0.07406975204263966,0.9963652412988947,0.9996646498695336,0.3987083911321867,0.0014865737819197838,0.0781213960640004,0.26301635355096703,0.000391203720815223,0.020545934909344043,recurrent latent object-motion state,240,593
D_single_timescale,One adaptive deviation state preserving the canonical aggregate instantaneous learning rate and its learning-rate-weighted one-step retention.,3,103,recovery,0.05811575943296714,0.0865948232463036,0.06381596063449663,0.004814637411442002,0.0003353501304664781,0.06281260068811363,-0.0008725107885981483,0.07661633014217645,0.2760783872259846,-0.00023968263956240189,0.021154378623886354,recurrent latent object-motion state,210,624
D_single_timescale,One adaptive deviation state preserving the canonical aggregate instantaneous learning rate and its learning-rate-weighted one-step retention.,4,104,baseline,0.05119470589834795,0.0633264718837773,0.06523485231147794,0.0004921998548049621,0.0003353501304664781,0.06061525793054721,-0.0025634568538128177,0.07613535490053645,0.27756950069036324,-0.0006855225347847232,0.02114644146521813,recurrent latent object-motion state,240,593
D_single_timescale,One adaptive deviation state preserving the canonical aggregate instantaneous learning rate and its learning-rate-weighted one-step retention.,4,104,reduced_reliability,0.05426303735568517,0.13129204384946813,0.08081229256516231,0.9962796503193726,0.9996646498695336,0.3988017209208871,0.0016397921775799325,0.07440156334539648,0.2629962388796787,0.0004315285936976912,0.019567065671146456,recurrent latent object-motion state,240,593
D_single_timescale,One adaptive deviation state preserving the canonical aggregate instantaneous learning rate and its learning-rate-weighted one-step retention.,4,104,recovery,0.052329364511812616,0.06300239275708168,0.05218959754902226,0.011596912503290702,0.0003353501304664781,0.06501432055871141,-0.0009668732330843544,0.08077483202166573,0.27599962147572626,-0.0002710701076573666,0.02229684849299734,recurrent latent object-motion state,240,594
D_single_timescale,One adaptive deviation state preserving the canonical aggregate instantaneous learning rate and its learning-rate-weighted one-step retention.,5,105,baseline,0.05243337621769732,0.07130378895224136,0.0599883070474795,0.0004764695167158251,0.0003353501304664781,0.060607668690673334,-0.002475072946849447,0.07662597800066795,0.27756634685301473,-0.0006986278856473449,0.021214795906301438,recurrent latent object-motion state,240,593
D_single_timescale,One adaptive deviation state preserving the canonical aggregate instantaneous learning rate and its learning-rate-weighted one-step retention.,5,105,reduced_reliability,0.054420758814421044,0.11538937561710698,0.08843703023117802,0.997514596408539,0.9996646498695336,0.398933967609676,0.0008063066849737035,0.07686535302803163,0.2629993276364109,0.00020253263936111392,0.020215607530171972,recurrent latent object-motion state,213,620
D_single_timescale,One adaptive deviation state preserving the canonical aggregate instantaneous learning rate and its learning-rate-weighted one-step retention.,5,105,recovery,0.049715204718719416,0.06083361307232118,0.04870097352328917,0.008399987693228507,0.0003353501304664781,0.0639137015325813,-0.0005900924891030785,0.07673066673382997,0.2760440708105865,-0.0001684985370126169,0.021177469516876265,recurrent latent object-motion state,193,641
D_single_timescale,One adaptive deviation state preserving the canonical aggregate instantaneous learning rate and its learning-rate-weighted one-step retention.,6,106,baseline,0.05274381401160369,0.0947064776116703,0.05370164557215826,0.00039515468036175987,0.0003353501304664781,0.06050766209069902,-0.0026057840197072045,0.07900398791350705,0.2775819640671584,-0.0006232267112325254,0.02194037435059887,recurrent latent object-motion state,235,598
D_single_timescale,One adaptive deviation state preserving the canonical aggregate instantaneous learning rate and its learning-rate-weighted one-step retention.,6,106,reduced_reliability,0.05520069617907618,0.07404747844697991,0.07445274221763024,0.997819266550448,0.9996646498695336,0.3991526713378855,0.0014651713268202281,0.07363014271341034,0.262995732262128,0.0003829945021052136,0.019363635832516525,recurrent latent object-motion state,186,647
D_single_timescale,One adaptive deviation state preserving the canonical aggregate instantaneous learning rate and its learning-rate-weighted one-step retention.,6,106,recovery,0.05392652337710087,0.0982640806401427,0.05855467151113298,0.006776695974413697,0.0003353501304664781,0.0635375312478181,-0.0011195103749125647,0.07570334639594596,0.2760455156851502,-0.0003041726082414464,0.020902111047387432,recurrent latent object-motion state,181,653
D_single_timescale,One adaptive deviation state preserving the canonical aggregate instantaneous learning rate and its learning-rate-weighted one-step retention.,7,107,baseline,0.05190037491887891,0.0637515585229186,0.05434198986268635,0.0021169594863886714,0.0003353501304664781,0.06144821496315145,-0.0024674366215584405,0.07645757520333205,0.2775326914607974,-0.0006578375063800317,0.021147761230857008,recurrent latent object-motion state,240,593
D_single_timescale,One adaptive deviation state preserving the canonical aggregate instantaneous learning rate and its learning-rate-weighted one-step retention.,7,107,reduced_reliability,0.05148885302767696,0.12116427966945309,0.08849224635431908,0.995022825417567,0.9996646498695336,0.3982795286936606,0.0017420434118254641,0.07527490139379381,0.2630289230011501,0.00045560965740066466,0.01980077845399054,recurrent latent object-motion state,156,677
D_single_timescale,One adaptive deviation state preserving the canonical aggregate instantaneous learning rate and its learning-rate-weighted one-step retention.,7,107,recovery,0.05095525796699341,0.06728862181153437,0.05707460642101778,0.008209591651128669,0.0003353501304664781,0.06397378973241143,-0.0011274634175744338,0.07658290342028616,0.2760302570545849,-0.00031070350828850705,0.02113707622223738,recurrent latent object-motion state,240,594
D_single_timescale,One adaptive deviation state preserving the canonical aggregate instantaneous learning rate and its learning-rate-weighted one-step retention.,8,108,baseline,0.05124690415656975,0.06031031097319713,0.05618431610608236,0.0005934981808698046,0.0003353501304664781,0.06067832979910753,-0.002384653788031425,0.07474153512352555,0.27756910795661843,-0.0007016798310572493,0.02074982966248492,recurrent latent object-motion state,226,607
D_single_timescale,One adaptive deviation state preserving the canonical aggregate instantaneous learning rate and its learning-rate-weighted one-step retention.,8,108,reduced_reliability,0.05633089309157766,0.11328273797681795,0.10801298149806149,0.9967099495061617,0.9996646498695336,0.3987700757278714,0.0014181094756215201,0.07683136966667366,0.26301855679404457,0.0003774241708808563,0.020209192273747886,recurrent latent object-motion state,184,649
D_single_timescale,One adaptive deviation state preserving the canonical aggregate instantaneous learning rate and its learning-rate-weighted one-step retention.,8,108,recovery,0.05012165121328516,0.0580315628520576,0.056879315643573986,0.005038817305682254,0.0003353501304664781,0.062735144203692,-0.0008738075772044048,0.07681954447160752,0.27609358764081726,-0.00024362212798913517,0.021208478666467974,recurrent latent object-motion state,240,594
D_single_timescale,One adaptive deviation state preserving the canonical aggregate instantaneous learning rate and its learning-rate-weighted one-step retention.,9,109,baseline,0.04972567880076493,0.0936850427603914,0.051027122268352425,0.00057896355307976,0.0003353501304664781,0.06068804744193564,-0.0022549531809640394,0.07915445845412541,0.27756266325635226,-0.000685620645532161,0.021971782698218582,recurrent latent object-motion state,167,666
D_single_timescale,One adaptive deviation state preserving the canonical aggregate instantaneous learning rate and its learning-rate-weighted one-step retention.,9,109,reduced_reliability,0.05456959861188477,0.12767246887360392,0.0680104867404448,0.9956980215475983,0.9996646498695336,0.3984045870934332,0.0012822894442915055,0.07397125908591803,0.2629981877628877,0.0003383691532767428,0.019452782687660822,recurrent latent object-motion state,163,670
D_single_timescale,One adaptive deviation state preserving the canonical aggregate instantaneous learning rate and its learning-rate-weighted one-step retention.,9,109,recovery,0.050975022643852175,0.08283352393906078,0.05132687217153993,0.006592545515115774,0.0003353501304664781,0.06324092034681733,-0.0008903823882086938,0.07596903345069898,0.2760749988375113,-0.0002476801087026885,0.02096681302235273,recurrent latent object-motion state,161,673
D_single_timescale,One adaptive deviation state preserving the canonical aggregate instantaneous learning rate and its learning-rate-weighted one-step retention.,10,110,baseline,0.050221032299074875,0.06711805281802792,0.05495665254368405,0.00042707134275059825,0.0003353501304664781,0.06054726869541468,-0.002928621005076306,0.07516816229517473,0.27757884945854433,-0.0008051091307867072,0.020791386403016317,recurrent latent object-motion state,185,648
D_single_timescale,One adaptive deviation state preserving the canonical aggregate instantaneous learning rate and its learning-rate-weighted one-step retention.,10,110,reduced_reliability,0.05047287755149946,0.10843187604651884,0.08272719611397644,0.9976256860577456,0.9996646498695336,0.39895468506238696,0.00168287580977774,0.0758842757783788,0.26299149471030203,0.0004389124450894281,0.019956951696996978,recurrent latent object-motion state,161,672
D_single_timescale,One adaptive deviation state preserving the canonical aggregate instantaneous learning rate and its learning-rate-weighted one-step retention.,10,110,recovery,0.050429432863431455,0.07119676248894777,0.0589145345038299,0.01068461798237395,0.0003353501304664781,0.064713039756021,-0.0009700648527872732,0.07371835053845023,0.2760104204857236,-0.00026672113018368413,0.020351552697154107,recurrent latent object-motion state,201,633
D_single_timescale,One adaptive deviation state preserving the canonical aggregate instantaneous learning rate and its learning-rate-weighted one-step retention.,11,111,baseline,0.05492438477970787,0.0800584385226016,0.05895994432940667,0.0003964543119918895,0.0003353501304664781,0.060508442609426644,-0.002552017749235255,0.07475515635179139,0.27758558351568946,-0.0006823725082702741,0.0208279565546963,recurrent latent object-motion state,240,593
D_single_timescale,One adaptive deviation state preserving the canonical aggregate instantaneous learning rate and its learning-rate-weighted one-step retention.,11,111,reduced_reliability,0.054987544169258,0.14814237018490276,0.0786268798602011,0.9933183480081038,0.9996646498695336,0.3978733608990122,0.0013756211456911014,0.07341949575461734,0.2630230201229248,0.0003623866250586219,0.019308993434365547,recurrent latent object-motion state,167,666
D_single_timescale,One adaptive deviation state preserving the canonical aggregate instantaneous learning rate and its learning-rate-weighted one-step retention.,11,111,recovery,0.05335828469093362,0.08625790762964122,0.058998306328236556,0.010679671585258559,0.0003353501304664781,0.06480658784829703,-0.0007224409127194781,0.07733913319294114,0.2759999631859246,-0.00020323676147497759,0.021347386288412425,recurrent latent object-motion state,236,598
D_single_timescale,One adaptive deviation state preserving the canonical aggregate instantaneous learning rate and its learning-rate-weighted one-step retention.,12,112,baseline,0.05217488435651421,0.055305583977490955,0.05589507914640447,0.00043035496901417763,0.0003353501304664781,0.06054916274403386,-0.002528829528098922,0.07457413245508751,0.27758139639138124,-0.0007204162213604952,0.020758163272178297,recurrent latent object-motion state,210,623
D_single_timescale,One adaptive deviation state preserving the canonical aggregate instantaneous learning rate and its learning-rate-weighted one-step retention.,12,112,reduced_reliability,0.0519593790633137,0.11597944769840651,0.09162285323107618,0.996619938832679,0.9996646498695336,0.3985876729946106,0.0013222323584460769,0.07915277790086574,0.26303539055826247,0.00034450711077824446,0.020818725604429586,recurrent latent object-motion state,173,660
D_single_timescale,One adaptive deviation state preserving the canonical aggregate instantaneous learning rate and its learning-rate-weighted one-step retention.,12,112,recovery,0.052084581676274305,0.06809113719824364,0.060439713243862714,0.01211940494557787,0.0003353501304664781,0.06518261277544513,-0.0008974074342895926,0.07646479334298806,0.2759903277758554,-0.0002508250987538432,0.021107408037288784,recurrent latent object-motion state,240,594
D_single_timescale,One adaptive deviation state preserving the canonical aggregate instantaneous learning rate and its learning-rate-weighted one-step retention.,13,113,baseline,0.052062415292363086,0.07253820717921187,0.05732104935570732,0.0004038662127356244,0.0003353501304664781,0.060517750358930825,-0.0022639485403272426,0.07802678725150977,0.27758155314422595,-0.0005913767999675182,0.02161070786663345,recurrent latent object-motion state,240,593
D_single_timescale,One adaptive deviation state preserving the canonical aggregate instantaneous learning rate and its learning-rate-weighted one-step retention.,13,113,reduced_reliability,0.057127735777097934,0.0767207774074027,0.08876393539873417,0.9966679753991559,0.9996646498695336,0.3987649394359052,0.0010614192668266203,0.08102112712412739,0.263015989489241,0.0002739364214919782,0.021310510856291116,recurrent latent object-motion state,240,593
D_single_timescale,One adaptive deviation state preserving the canonical aggregate instantaneous learning rate and its learning-rate-weighted one-step retention.,13,113,recovery,0.05296617444003002,0.05453911616138875,0.06905343150860732,0.006310403130898451,0.0003353501304664781,0.06319136145459266,-0.0007613707197796603,0.0811741149653324,0.2760679628420877,-0.00021076409171804733,0.022409787912983155,recurrent latent object-motion state,240,594
D_single_timescale,One adaptive deviation state preserving the canonical aggregate instantaneous learning rate and its learning-rate-weighted one-step retention.,14,114,baseline,0.0532632282662923,0.07074436832096524,0.06320130146633297,0.0003901492204109921,0.0003353501304664781,0.06050126741120988,-0.002584707638217006,0.08183393412854206,0.27758142427508237,-0.0007758934234478757,0.022726078573249573,recurrent latent object-motion state,240,593
D_single_timescale,One adaptive deviation state preserving the canonical aggregate instantaneous learning rate and its learning-rate-weighted one-step retention.,14,114,reduced_reliability,0.050975839891096844,0.0904400580632662,0.08401738181894833,0.9967608209271894,0.9996646498695336,0.3987762337853896,0.001486226452611508,0.07786345057523596,0.2630255104119523,0.0003901050972814806,0.020480582769306928,recurrent latent object-motion state,240,593
D_single_timescale,One adaptive deviation state preserving the canonical aggregate instantaneous learning rate and its learning-rate-weighted one-step retention.,14,114,recovery,0.053139067426992294,0.06130341349228928,0.06833310610305694,0.012898955232004412,0.0003353501304664781,0.06553587232301743,-0.0008879588963695624,0.07868509013249747,0.275971855279672,-0.00024587926765527924,0.021718867520939218,recurrent latent object-motion state,240,594
D_single_timescale,One adaptive deviation state preserving the canonical aggregate instantaneous learning rate and its learning-rate-weighted one-step retention.,15,115,baseline,0.047128381419699196,0.08871538641546056,0.05641928956743311,0.0004333372225774182,0.0003353501304664781,0.06055322814432963,-0.0022395293686107575,0.0753306234538575,0.277579460970451,-0.00038884020509767116,0.021051482711190866,recurrent latent object-motion state,209,624
D_single_timescale,One adaptive deviation state preserving the canonical aggregate instantaneous learning rate and its learning-rate-weighted one-step retention.,15,115,reduced_reliability,0.05672546810406215,0.10192779012220311,0.08206634523514936,0.9969865508855428,0.9996646498695336,0.39881599968771886,0.0011805097162211414,0.07296747432540815,0.26299589284403135,0.0003079693097353432,0.019189440140507177,recurrent latent object-motion state,118,715
D_single_timescale,One adaptive deviation state preserving the canonical aggregate instantaneous learning rate and its learning-rate-weighted one-step retention.,15,115,recovery,0.05196995058515747,0.07729742659964531,0.06329454172192328,0.006854455609187326,0.0003353501304664781,0.06343906418059218,-0.0005843201932110403,0.0761073486210484,0.2760523074365724,-0.00016156048241334505,0.021011606290192844,recurrent latent object-motion state,240,594
D_single_timescale,One adaptive deviation state preserving the canonical aggregate instantaneous learning rate and its learning-rate-weighted one-step retention.,16,116,baseline,0.05174447014975817,0.06311460422711078,0.05153386027776168,0.0004185842142892232,0.0003353501304664781,0.060534928190463785,-0.002671689464296334,0.07370327805435375,0.2775861359947664,-0.0007869730989274493,0.020429206202186807,recurrent latent object-motion state,201,632
D_single_timescale,One adaptive deviation state preserving the canonical aggregate instantaneous learning rate and its learning-rate-weighted one-step retention.,16,116,reduced_reliability,0.054815610660371925,0.13191836771213106,0.08545825397237915,0.9967787217883137,0.9996646498695336,0.398831642521966,0.001436053567618857,0.07566776574913794,0.26300362730093646,0.0003788294968778916,0.019903917878090177,recurrent latent object-motion state,240,593
D_single_timescale,One adaptive deviation state preserving the canonical aggregate instantaneous learning rate and its learning-rate-weighted one-step retention.,16,116,recovery,0.05609622257847455,0.07092006829976485,0.06779038936801064,0.006864081998868069,0.0003353501304664781,0.06334943627295526,-0.0008843217468247964,0.0782111287551664,0.2760627565018755,-0.0002472997375944307,0.02158981352921535,recurrent latent object-motion state,240,594
D_single_timescale,One adaptive deviation state preserving the canonical aggregate instantaneous learning rate and its learning-rate-weighted one-step retention.,17,117,baseline,0.04972576938629869,0.07937480444601026,0.056659981350693674,0.00039697143511801386,0.0003353501304664781,0.06051016126439915,-0.0024391033075346915,0.0781169103045485,0.27758299512436796,-0.000607224271486831,0.021713853784801534,recurrent latent object-motion state,240,593
D_single_timescale,One adaptive deviation state preserving the canonical aggregate instantaneous learning rate and its learning-rate-weighted one-step retention.,17,117,reduced_reliability,0.055480070807462395,0.11121422054333009,0.07471550115836836,0.9946386205328288,0.9996646498695336,0.3980209168343724,0.0010939883357224238,0.07470094576172698,0.2630018200555149,0.0002841522068822348,0.01964835632184324,recurrent latent object-motion state,238,595
D_single_timescale,One adaptive deviation state preserving the canonical aggregate instantaneous learning rate and its learning-rate-weighted one-step retention.,17,117,recovery,0.0536554509148722,0.08607088032255095,0.051182522069850606,0.006856263670893189,0.0003353501304664781,0.06337291030732252,-0.0008397305253985461,0.07349647391455416,0.276068282825417,-0.00022954040408113476,0.020288683806156328,recurrent latent object-motion state,168,666
D_single_timescale,One adaptive deviation state preserving the canonical aggregate instantaneous learning rate and its learning-rate-weighted one-step retention.,18,118,baseline,0.053089419622590665,0.07624693446679631,0.05910108066047754,0.0004270145770346274,0.0003353501304664781,0.06054526227019707,-0.0022051497427082786,0.0752162903664459,0.277578096935076,-0.0007064873219176123,0.02092839599685904,recurrent latent object-motion state,240,593
D_single_timescale,One adaptive deviation state preserving the canonical aggregate instantaneous learning rate and its learning-rate-weighted one-step retention.,18,118,reduced_reliability,0.053677895320519795,0.13571116970403097,0.09024933345294152,0.9973473201717192,0.9996646498695336,0.399062531981863,0.001469449571408748,0.07547964318991067,0.2629930029397135,0.0003860317945606384,0.019849622774326024,recurrent latent object-motion state,240,593
D_single_timescale,One adaptive deviation state preserving the canonical aggregate instantaneous learning rate and its learning-rate-weighted one-step retention.,18,118,recovery,0.0481786363336049,0.06488626728248811,0.058246568397515554,0.01388686050814436,0.0003353501304664781,0.0659757890780782,-0.0010947230962273624,0.08040647844483488,0.27595111707091635,-0.0003031764502136155,0.02218832238617618,recurrent latent object-motion state,240,594
D_single_timescale,One adaptive deviation state preserving the canonical aggregate instantaneous learning rate and its learning-rate-weighted one-step retention.,19,119,baseline,0.051485662625585626,0.074780937417765,0.06243171803378787,0.0004474675735249582,0.0003353501304664781,0.0605658616687928,-0.0023674228290093925,0.07338580934658501,0.2775779536818558,-0.0005948589027933153,0.020386031977591635,recurrent latent object-motion state,240,593
D_single_timescale,One adaptive deviation state preserving the canonical aggregate instantaneous learning rate and its learning-rate-weighted one-step retention.,19,119,reduced_reliability,0.05397162990021806,0.11281360143769603,0.09877389090512277,0.9982962270668619,0.9996646498695336,0.3992554831058586,0.0008925675011082591,0.07367921222428629,0.2629959324147766,0.00022899240218585089,0.019377443825847412,recurrent latent object-motion state,194,639
D_single_timescale,One adaptive deviation state preserving the canonical aggregate instantaneous learning rate and its learning-rate-weighted one-step retention.,19,119,recovery,0.050343552215514384,0.05843692468838462,0.060424593695786094,0.00825648856444703,0.0003353501304664781,0.06393408623893891,-0.0006637672129883805,0.0754432220833792,0.2760411691465585,-0.00018782238597178226,0.020825483485488232,recurrent latent object-motion state,207,627
D_single_timescale,One adaptive deviation state preserving the canonical aggregate instantaneous learning rate and its learning-rate-weighted one-step retention.,20,120,baseline,0.049798871390199693,0.10108630258784139,0.05801535450071857,0.00044416138876705863,0.0003353501304664781,0.060567638827938974,-0.00279208069672492,0.07737428978076161,0.2775730398574992,-0.0007492007741267222,0.02148618593222309,recurrent latent object-motion state,210,623
D_single_timescale,One adaptive deviation state preserving the canonical aggregate instantaneous learning rate and its learning-rate-weighted one-step retention.,20,120,reduced_reliability,0.05398997604059775,0.13579070717830063,0.09353372505744041,0.9986616050006624,0.9996646498695336,0.39932986107736357,0.0019953046639409186,0.07584812630704764,0.2629761825034784,0.0005258850353006615,0.01994554345042091,recurrent latent object-motion state,192,641
D_single_timescale,One adaptive deviation state preserving the canonical aggregate instantaneous learning rate and its learning-rate-weighted one-step retention.,20,120,recovery,0.051562293038349194,0.10100541710692358,0.05567976855321954,0.011558764408778337,0.0003353501304664781,0.06512649685475039,-0.0011940087581717254,0.07822244989793425,0.2759868778811149,-0.00032513319571685214,0.02158935334914068,recurrent latent object-motion state,201,633
D_single_timescale,One adaptive deviation state preserving the canonical aggregate instantaneous learning rate and its learning-rate-weighted one-step retention.,21,121,baseline,0.05056165856009674,0.05613106816043058,0.05802553935612083,0.0004510370424189888,0.0003353501304664781,0.06057301543626262,-0.0024615170083345027,0.0741160326715624,0.2775809091034459,-0.0007276822011493431,0.020609930238454505,recurrent latent object-motion state,231,602
D_single_timescale,One adaptive deviation state preserving the canonical aggregate instantaneous learning rate and its learning-rate-weighted one-step retention.,21,121,reduced_reliability,0.05559548355948191,0.12936136831203232,0.08409550064535135,0.9963448453982052,0.9996646498695336,0.3986873810847094,0.0014376400449549282,0.07518104106197977,0.26298855556605916,0.00038108502024088116,0.01977293613402037,recurrent latent object-motion state,240,593
D_single_timescale,One adaptive deviation state preserving the canonical aggregate instantaneous learning rate and its learning-rate-weighted one-step retention.,21,121,recovery,0.054008183680748965,0.06276031429588345,0.05692704324620316,0.0074505209945493625,0.0003353501304664781,0.06373868322407734,-0.0011824954607551283,0.07187782419545773,0.2760485501206882,-0.0003279205257681278,0.01983723942793653,recurrent latent object-motion state,140,694
D_single_timescale,One adaptive deviation state preserving the canonical aggregate instantaneous learning rate and its learning-rate-weighted one-step retention.,22,122,baseline,0.050975559812913525,0.07287653674630558,0.057188926114212314,0.00042261091149872705,0.0003353501304664781,0.06053895346797981,-0.0025365194591635254,0.07682540924912784,0.2775799992170247,-0.0008064087109109685,0.02144373991279815,recurrent latent object-motion state,184,649
D_single_timescale,One adaptive deviation state preserving the canonical aggregate instantaneous learning rate and its learning-rate-weighted one-step retention.,22,122,reduced_reliability,0.0507399435755177,0.08348466330340433,0.09439612733452807,0.997151973535321,0.9996646498695336,0.3988603942211303,0.0016009445835243902,0.07490200040628119,0.26300992545171,0.00042175480148933924,0.01970185053678866,recurrent latent object-motion state,162,671
D_single_timescale,One adaptive deviation state preserving the canonical aggregate instantaneous learning rate and its learning-rate-weighted one-step retention.,22,122,recovery,0.05166113839264548,0.05437997711084858,0.06799277058145957,0.011649251409620809,0.0003353501304664781,0.06502496161705501,-0.000938341783086536,0.07814239118439571,0.2759997347171624,-0.0002567294153394004,0.021567581123483368,recurrent latent object-motion state,240,594
D_single_timescale,One adaptive deviation state preserving the canonical aggregate instantaneous learning rate and its learning-rate-weighted one-step retention.,23,123,baseline,0.05128714652424209,0.06966056125815226,0.060022130383425513,0.00039163253955098396,0.0003353501304664781,0.060503276175678834,-0.0027919622894939013,0.07418663730763307,0.2775854426305808,-0.0007492548184058208,0.020570353818380228,recurrent latent object-motion state,218,615
D_single_timescale,One adaptive deviation state preserving the canonical aggregate instantaneous learning rate and its learning-rate-weighted one-step retention.,23,123,reduced_reliability,0.055005891633046235,0.06602263789223672,0.07900263071531369,0.9979033986666457,0.9996646498695336,0.39901776923114723,0.001697008467932852,0.07701559978575356,0.2630050772147603,0.00044289933269656877,0.020255688410047077,recurrent latent object-motion state,170,663
D_single_timescale,One adaptive deviation state preserving the canonical aggregate instantaneous learning rate and its learning-rate-weighted one-step retention.,23,123,recovery,0.05415601354835805,0.06060208021391599,0.053748870179169295,0.0073278966762881335,0.0003353501304664781,0.06350459744767632,-0.0010482412684759451,0.0749136876030979,0.2760641698698533,-0.0002882621788834036,0.020676282891051584,recurrent latent object-motion state,129,705
D_single_timescale,One adaptive deviation state preserving the canonical aggregate instantaneous learning rate and its learning-rate-weighted one-step retention.,24,124,baseline,0.056035705055891456,0.11066772761745565,0.05620470745523128,0.00040287297501481815,0.0003353501304664781,0.060516675585573054,-0.0021651336823380637,0.07573948174502745,0.2775833219897989,-0.00047434792188398095,0.021042413051228042,recurrent latent object-motion state,140,693
D_single_timescale,One adaptive deviation state preserving the canonical aggregate instantaneous learning rate and its learning-rate-weighted one-step retention.,24,124,reduced_reliability,0.052981749250479486,0.1243019843111912,0.08383306048085963,0.9962177730642344,0.9996646498695336,0.39868200959269423,0.0014354209955190554,0.07795656892518738,0.2629736530524081,0.00038350073756777465,0.02050039924948581,recurrent latent object-motion state,235,598
D_single_timescale,One adaptive deviation state preserving the canonical aggregate instantaneous learning rate and its learning-rate-weighted one-step retention.,24,124,recovery,0.0506390031663971,0.06726465569795781,0.06060652781105588,0.007772609146103804,0.0003353501304664781,0.06381513510394804,-0.0006971209617979758,0.07213743157948424,0.2760375933552086,-0.00019271370030400406,0.01991772180676813,recurrent latent object-motion state,230,604
D_single_timescale,One adaptive deviation state preserving the canonical aggregate instantaneous learning rate and its learning-rate-weighted one-step retention.,25,125,baseline,0.05388407403160186,0.07865266182327095,0.06576297346736497,0.00041459000759216664,0.0003353501304664781,0.06053112434384703,-0.0022254627063262073,0.078334085119408,0.27757746268780376,-0.0004988385936791716,0.02182172778555494,recurrent latent object-motion state,240,593
D_single_timescale,One adaptive deviation state preserving the canonical aggregate instantaneous learning rate and its learning-rate-weighted one-step retention.,25,125,reduced_reliability,0.050751782161427755,0.06099211493654641,0.08916928967667119,0.996027721194166,0.9996646498695336,0.398566791017715,0.0015638056313954202,0.0742665211757486,0.2630032817541653,0.0004064444535709269,0.019531735308155173,recurrent latent object-motion state,240,593
D_single_timescale,One adaptive deviation state preserving the canonical aggregate instantaneous learning rate and its learning-rate-weighted one-step retention.,25,125,recovery,0.054836523261687975,0.07391330872386495,0.062055231393562636,0.006063254198657834,0.0003353501304664781,0.06312131865233123,-0.0008730813630039246,0.07684601773550437,0.27607760747527,-0.00023941282263267754,0.02121636707664398,recurrent latent object-motion state,176,658
D_single_timescale,One adaptive deviation state preserving the canonical aggregate instantaneous learning rate and its learning-rate-weighted one-step retention.,26,126,baseline,0.05290646976745252,0.05747745962010508,0.059895620666411825,0.0003949357613722569,0.0003353501304664781,0.060507169574726044,-0.0024001492603274006,0.07866002678356529,0.27758155146402036,-0.0004940519719822695,0.021991980436551054,recurrent latent object-motion state,216,617
D_single_timescale,One adaptive deviation state preserving the canonical aggregate instantaneous learning rate and its learning-rate-weighted one-step retention.,26,126,reduced_reliability,0.05382069754331966,0.08537176923099937,0.08002110971571755,0.9939842446568605,0.9996646498695336,0.3980512612690191,0.001747263475289107,0.07444700144363472,0.2630241556147008,0.00045821817966898274,0.019579921228857357,recurrent latent object-motion state,131,702
D_single_timescale,One adaptive deviation state preserving the canonical aggregate instantaneous learning rate and its learning-rate-weighted one-step retention.,26,126,recovery,0.05397211509765326,0.067586666058551,0.059752052037198106,0.00860550183510026,0.0003353501304664781,0.06408992638207038,-0.0011974801203061475,0.07826095943398258,0.2760262938606763,-0.0003280319325149707,0.021599817008715674,recurrent latent object-motion state,163,671
D_single_timescale,One adaptive deviation state preserving the canonical aggregate instantaneous learning rate and its learning-rate-weighted one-step retention.,27,127,baseline,0.048182794871077475,0.07558435070133523,0.05431573915357839,0.00046990675136684344,0.0003353501304664781,0.06057931823596721,-0.002257715189693983,0.07540387050682087,0.2775759679403416,-0.0005616582814906522,0.020883120405138067,recurrent latent object-motion state,224,609
D_single_timescale,One adaptive deviation state preserving the canonical aggregate instantaneous learning rate and its learning-rate-weighted one-step retention.,27,127,reduced_reliability,0.05082461278954204,0.11705380844118592,0.08276660182422872,0.9974051100312197,0.9996646498695336,0.3990740950535939,0.0017106213228253258,0.07822944010880807,0.2629823812145892,0.0004469791707704874,0.02057205238657924,recurrent latent object-motion state,209,624
D_single_timescale,One adaptive deviation state preserving the canonical aggregate instantaneous learning rate and its learning-rate-weighted one-step retention.,27,127,recovery,0.051401191495218615,0.09876213706804571,0.0522436712430316,0.007383949916162383,0.0003353501304664781,0.06365685409321503,-0.0011797667023154246,0.07488216902088543,0.27604783897167084,-0.00032087771586854983,0.020671142384622965,recurrent latent object-motion state,208,626
D_single_timescale,One adaptive deviation state preserving the canonical aggregate instantaneous learning rate and its learning-rate-weighted one-step retention.,28,128,baseline,0.051906831435599265,0.05791303987293081,0.056663664213130745,0.00039664821019153517,0.0003353501304664781,0.06050942398483694,-0.0025898527850216975,0.07133577048341318,0.277584728992338,-0.0007172474914156759,0.019737550608146033,recurrent latent object-motion state,131,702
D_single_timescale,One adaptive deviation state preserving the canonical aggregate instantaneous learning rate and its learning-rate-weighted one-step retention.,28,128,reduced_reliability,0.05239492116511115,0.11626517376813694,0.07810567650023478,0.9987343572808136,0.9996646498695336,0.39934435577970634,0.0012014132728525155,0.07775315658708322,0.2629654255545543,0.0003112996462364621,0.020444215531429045,recurrent latent object-motion state,240,593
D_single_timescale,One adaptive deviation state preserving the canonical aggregate instantaneous learning rate and its learning-rate-weighted one-step retention.,28,128,recovery,0.05186920362627298,0.06979977976152951,0.05586081763242426,0.00621760055260195,0.0003353501304664781,0.06313333479348064,-0.0006715456929031312,0.07520101222664081,0.27607631650401104,-0.0001878115969975343,0.020764545194848393,recurrent latent object-motion state,187,647
D_single_timescale,One adaptive deviation state preserving the canonical aggregate instantaneous learning rate and its learning-rate-weighted one-step retention.,29,129,baseline,0.05361270151522235,0.061375495024063025,0.06474850201461499,0.00040290118493446325,0.0003353501304664781,0.0605164618383398,-0.0026251204432481104,0.07552398890855933,0.2775873160754802,-0.0007065250479483435,0.021005228531849336,recurrent latent object-motion state,240,593
D_single_timescale,One adaptive deviation state preserving the canonical aggregate instantaneous learning rate and its learning-rate-weighted one-step retention.,29,129,reduced_reliability,0.05498476681459646,0.10924595686490024,0.1015623150720006,0.997697613041434,0.9996646498695336,0.3991342122469664,0.001283679892148126,0.07429667002825943,0.2629902428405818,0.0003345699907911349,0.01954011430566096,recurrent latent object-motion state,240,593
D_single_timescale,One adaptive deviation state preserving the canonical aggregate instantaneous learning rate and its learning-rate-weighted one-step retention.,29,129,recovery,0.054676658507077563,0.10025587113649212,0.055190873276597996,0.008141602061163312,0.0003353501304664781,0.06383432698091018,-0.0008026509893755995,0.07164185290249135,0.2760459589394982,-0.00022726088501095706,0.01977810025076794,recurrent latent object-motion state,178,656
E_residual_only,Two-state self-motion observer with instantaneous visual residual used as an external-motion proxy; no recurrent object-motion state.,0,100,baseline,0.05672802573529692,0.34370610957550213,0.10135885218884454,0.23033501764938413,0.0003353501304664781,0.13987133124356302,0.009958023232022419,0.08446333961068125,,,,instantaneous residual proxy; no recurrent object state,205,628
E_residual_only,Two-state self-motion observer with instantaneous visual residual used as an external-motion proxy; no recurrent object-motion state.,0,100,reduced_reliability,0.0522461102617632,0.33916766211858074,0.0935290818276849,0.9985659297658853,0.9996646498695336,0.3993106637489534,-0.0022425904958426747,0.07992725675110515,,,,instantaneous residual proxy; no recurrent object state,176,657
E_residual_only,Two-state self-motion observer with instantaneous visual residual used as an external-motion proxy; no recurrent object-motion state.,0,100,recovery,0.04419826454949128,0.35078417730308753,0.1056137845678326,0.2191473911363925,0.0003353501304664781,0.13660563748952845,-0.0011589873781460182,0.09029332761866567,,,,instantaneous residual proxy; no recurrent object state,181,653
E_residual_only,Two-state self-motion observer with instantaneous visual residual used as an external-motion proxy; no recurrent object-motion state.,1,101,baseline,0.04671596366649289,0.3173141090874135,0.10258210801197257,0.2795323915571391,0.0003353501304664781,0.1571004549367631,-0.010887002420525406,0.09554579517607106,,,,instantaneous residual proxy; no recurrent object state,240,593
E_residual_only,Two-state self-motion observer with instantaneous visual residual used as an external-motion proxy; no recurrent object-motion state.,1,101,reduced_reliability,0.04626610733063571,0.33491358640873947,0.09761282606282601,0.9981185464366528,0.9996646498695336,0.39921720259879195,0.0034399625399602475,0.08117740436665012,,,,instantaneous residual proxy; no recurrent object state,207,626
E_residual_only,Two-state self-motion observer with instantaneous visual residual used as an external-motion proxy; no recurrent object-motion state.,1,101,recovery,0.05382872811981242,0.33728386653658743,0.10561176952198728,0.278446278588894,0.0003353501304664781,0.15680667323329847,-0.010227495987782787,0.09630120128215303,,,,instantaneous residual proxy; no recurrent object state,240,594
E_residual_only,Two-state self-motion observer with instantaneous visual residual used as an external-motion proxy; no recurrent object-motion state.,2,102,baseline,0.05426045061417035,0.34861501876310297,0.09663869495608378,0.27728088081525887,0.0003353501304664781,0.15581903527042176,0.012960840017810725,0.08698885595016272,,,,instantaneous residual proxy; no recurrent object state,225,608
E_residual_only,Two-state self-motion observer with instantaneous visual residual used as an external-motion proxy; no recurrent object-motion state.,2,102,reduced_reliability,0.05196690816875695,0.35601712552584797,0.0956184407053882,0.9991547132351447,0.9996646498695336,0.3994285470584718,-0.0016472302131504525,0.07786574744314907,,,,instantaneous residual proxy; no recurrent object state,184,649
E_residual_only,Two-state self-motion observer with instantaneous visual residual used as an external-motion proxy; no recurrent object-motion state.,2,102,recovery,0.06938611966489647,0.309511266006257,0.10661385532933723,0.17120818639331908,0.0003353501304664781,0.12103163455536575,0.03744252084727062,0.1017959053679951,,,,instantaneous residual proxy; no recurrent object state,240,594
E_residual_only,Two-state self-motion observer with instantaneous visual residual used as an external-motion proxy; no recurrent object-motion state.,3,103,baseline,0.06044765573473683,0.34577297707561583,0.10397458247467835,0.26404756052053885,0.0003353501304664781,0.15222643820602808,-0.014119109860229533,0.08948923276980306,,,,instantaneous residual proxy; no recurrent object state,240,593
E_residual_only,Two-state self-motion observer with instantaneous visual residual used as an external-motion proxy; no recurrent object-motion state.,3,103,reduced_reliability,0.05248927689272391,0.35583103200236166,0.10020005344767437,0.9972474403261706,0.9996646498695336,0.39888920189218197,0.0008213708802550653,0.08317970720301793,,,,instantaneous residual proxy; no recurrent object state,240,593
E_residual_only,Two-state self-motion observer with instantaneous visual residual used as an external-motion proxy; no recurrent object-motion state.,3,103,recovery,0.04856801305020484,0.34907427678377284,0.10030030350646954,0.2547039866730865,0.0003353501304664781,0.1480164483714678,-0.004961856762031002,0.08804187733190864,,,,instantaneous residual proxy; no recurrent object state,210,624
E_residual_only,Two-state self-motion observer with instantaneous visual residual used as an external-motion proxy; no recurrent object-motion state.,4,104,baseline,0.04294818264207942,0.30788929800532494,0.10601604759851728,0.2550886760237942,0.0003353501304664781,0.14856952415442903,0.014471820434488383,0.09782669396649275,,,,instantaneous residual proxy; no recurrent object state,240,593
E_residual_only,Two-state self-motion observer with instantaneous visual residual used as an external-motion proxy; no recurrent object-motion state.,4,104,reduced_reliability,0.05674622602027637,0.38295408243291573,0.09904941220513742,0.9983995031334337,0.9996646498695336,0.3992741782078989,0.005984515416763519,0.07616155712316484,,,,instantaneous residual proxy; no recurrent object state,240,593
E_residual_only,Two-state self-motion observer with instantaneous visual residual used as an external-motion proxy; no recurrent object-motion state.,4,104,recovery,0.05724722164833036,0.333103339260032,0.10859930866121598,0.2658814890717805,0.0003353501304664781,0.15311315884105747,0.00798905460367639,0.09849877494515319,,,,instantaneous residual proxy; no recurrent object state,240,594
E_residual_only,Two-state self-motion observer with instantaneous visual residual used as an external-motion proxy; no recurrent object-motion state.,5,105,baseline,0.04453858664609861,0.30808538280731235,0.10349717650304917,0.2558523669960268,0.0003353501304664781,0.14917179309266063,-0.019498112022232797,0.09968078083332498,,,,instantaneous residual proxy; no recurrent object state,240,593
E_residual_only,Two-state self-motion observer with instantaneous visual residual used as an external-motion proxy; no recurrent object-motion state.,5,105,reduced_reliability,0.05358170686601008,0.35349175574284397,0.09504182423237477,0.9977833902047621,0.9996646498695336,0.3989877137176276,-0.0025756498021181702,0.08263585146958745,,,,instantaneous residual proxy; no recurrent object state,213,620
E_residual_only,Two-state self-motion observer with instantaneous visual residual used as an external-motion proxy; no recurrent object-motion state.,5,105,recovery,0.045880155787917286,0.33815519863018556,0.09815298546623677,0.24469558418777085,0.0003353501304664781,0.14526105495076055,-0.009531147165493232,0.0863401308428642,,,,instantaneous residual proxy; no recurrent object state,193,641
E_residual_only,Two-state self-motion observer with instantaneous visual residual used as an external-motion proxy; no recurrent object-motion state.,6,106,baseline,0.06186418170423101,0.34461270933854976,0.10141293558574756,0.2451215354498107,0.0003353501304664781,0.1444575711470779,-0.006523884259284415,0.09229552973825844,,,,instantaneous residual proxy; no recurrent object state,235,598
E_residual_only,Two-state self-motion observer with instantaneous visual residual used as an external-motion proxy; no recurrent object-motion state.,6,106,reduced_reliability,0.05683475657854923,0.36543622976070994,0.09858936077691569,0.9988959826525098,0.9996646498695336,0.39937588428330373,0.006867904082266941,0.07704844579826725,,,,instantaneous residual proxy; no recurrent object state,186,647
E_residual_only,Two-state self-motion observer with instantaneous visual residual used as an external-motion proxy; no recurrent object-motion state.,6,106,recovery,0.05880740427122661,0.2901545989188109,0.09631061171872773,0.19349581099643862,0.0003353501304664781,0.1283229649241798,0.017030354778614497,0.0935587833171989,,,,instantaneous residual proxy; no recurrent object state,181,653
E_residual_only,Two-state self-motion observer with instantaneous visual residual used as an external-motion proxy; no recurrent object-motion state.,7,107,baseline,0.04702104165020749,0.32386657419160003,0.10258920368661235,0.23982129783890013,0.0003353501304664781,0.14403530436694856,-0.01823721251489697,0.10281775631382195,,,,instantaneous residual proxy; no recurrent object state,240,593
E_residual_only,Two-state self-motion observer with instantaneous visual residual used as an external-motion proxy; no recurrent object-motion state.,7,107,reduced_reliability,0.048423756490373095,0.33876507175167797,0.0901291451445208,0.9954608139869787,0.9996646498695336,0.39839492203008414,0.004944617310314744,0.08037064936771807,,,,instantaneous residual proxy; no recurrent object state,156,677
E_residual_only,Two-state self-motion observer with instantaneous visual residual used as an external-motion proxy; no recurrent object-motion state.,7,107,recovery,0.05437370407517993,0.35595760397312437,0.10535943613781079,0.28041469871709707,0.0003353501304664781,0.1579790138492937,0.015264482717482796,0.09135974205036003,,,,instantaneous residual proxy; no recurrent object state,240,594
E_residual_only,Two-state self-motion observer with instantaneous visual residual used as an external-motion proxy; no recurrent object-motion state.,8,108,baseline,0.05246846348361883,0.3603678931856217,0.09973189638869615,0.23048937136788256,0.0003353501304664781,0.13994140137107478,0.01508699531022863,0.09120930517801067,,,,instantaneous residual proxy; no recurrent object state,226,607
E_residual_only,Two-state self-motion observer with instantaneous visual residual used as an external-motion proxy; no recurrent object-motion state.,8,108,reduced_reliability,0.05664043804282954,0.3487911285758752,0.09652549907969808,0.9977616543013746,0.9996646498695336,0.39898446359619655,0.004597929986952798,0.08314532037462785,,,,instantaneous residual proxy; no recurrent object state,184,649
E_residual_only,Two-state self-motion observer with instantaneous visual residual used as an external-motion proxy; no recurrent object-motion state.,8,108,recovery,0.06964173854086171,0.29760149085624127,0.10247334516608482,0.16794490665641792,0.0003353501304664781,0.119457887196579,-0.031735842532436775,0.10095381904138287,,,,instantaneous residual proxy; no recurrent object state,240,594
E_residual_only,Two-state self-motion observer with instantaneous visual residual used as an external-motion proxy; no recurrent object-motion state.,9,109,baseline,0.061730252807809555,0.2716007204086061,0.09713907237672313,0.09869959919474629,0.0003353501304664781,0.09463423051427623,0.018878222405733266,0.09569560051636987,,,,instantaneous residual proxy; no recurrent object state,167,666
E_residual_only,Two-state self-motion observer with instantaneous visual residual used as an external-motion proxy; no recurrent object-motion state.,9,109,reduced_reliability,0.05593147306020172,0.3914867274442738,0.09261639375789449,0.9962114376061114,0.9996646498695336,0.3985069460059267,0.0030281172413357143,0.07448656483052589,,,,instantaneous residual proxy; no recurrent object state,163,670
E_residual_only,Two-state self-motion observer with instantaneous visual residual used as an external-motion proxy; no recurrent object-motion state.,9,109,recovery,0.07272764858230364,0.2595441095553447,0.09632956311618214,0.05551309114684704,0.0003353501304664781,0.08061575310273363,0.006378651390909367,0.09652132955204218,,,,instantaneous residual proxy; no recurrent object state,161,673
E_residual_only,Two-state self-motion observer with instantaneous visual residual used as an external-motion proxy; no recurrent object-motion state.,10,110,baseline,0.04381565674178383,0.3251729598182099,0.09733097283340503,0.2135599630552793,0.0003353501304664781,0.13417290927784084,-0.01619375003254638,0.08892365430628871,,,,instantaneous residual proxy; no recurrent object state,185,648
E_residual_only,Two-state self-motion observer with instantaneous visual residual used as an external-motion proxy; no recurrent object-motion state.,10,110,reduced_reliability,0.04887587344902133,0.37201065257559396,0.10048119893148551,0.9972056565572152,0.9996646498695336,0.3988707293336225,0.002577042959931056,0.07897249842358439,,,,instantaneous residual proxy; no recurrent object state,161,672
E_residual_only,Two-state self-motion observer with instantaneous visual residual used as an external-motion proxy; no recurrent object-motion state.,10,110,recovery,0.053738854779972416,0.33632835830965285,0.09757050535341971,0.22945230859488927,0.0003353501304664781,0.14020668913874695,-0.0049618947674798805,0.08505440682482156,,,,instantaneous residual proxy; no recurrent object state,201,633
E_residual_only,Two-state self-motion observer with instantaneous visual residual used as an external-motion proxy; no recurrent object-motion state.,11,111,baseline,0.06573902721146165,0.3377956193615827,0.09999355144949343,0.26881658588613944,0.0003353501304664781,0.15396334098270023,-0.012133053337227568,0.08808500480362273,,,,instantaneous residual proxy; no recurrent object state,240,593
E_residual_only,Two-state self-motion observer with instantaneous visual residual used as an external-motion proxy; no recurrent object-motion state.,11,111,reduced_reliability,0.05461838039461634,0.37090711990361597,0.09015567578514752,0.9935518040144949,0.9996646498695336,0.397841481886131,0.004735103120950207,0.07659400289248434,,,,instantaneous residual proxy; no recurrent object state,167,666
E_residual_only,Two-state self-motion observer with instantaneous visual residual used as an external-motion proxy; no recurrent object-motion state.,11,111,recovery,0.060456207754339235,0.2855346584708994,0.09727056940942187,0.1801472098022905,0.0003353501304664781,0.12322842853285465,0.012795002708820046,0.10208829570397404,,,,instantaneous residual proxy; no recurrent object state,236,598
E_residual_only,Two-state self-motion observer with instantaneous visual residual used as an external-motion proxy; no recurrent object-motion state.,12,112,baseline,0.043070945002378735,0.31043574444748834,0.09697507018939562,0.22247030861917333,0.0003353501304664781,0.13722144374020584,-0.011509768695575566,0.09440321761131217,,,,instantaneous residual proxy; no recurrent object state,210,623
E_residual_only,Two-state self-motion observer with instantaneous visual residual used as an external-motion proxy; no recurrent object-motion state.,12,112,reduced_reliability,0.051730463911905895,0.34301434888831184,0.09482567072873745,0.9965592970062556,0.9996646498695336,0.3985765601442595,0.0015413751241288723,0.08267673959308448,,,,instantaneous residual proxy; no recurrent object state,173,660
E_residual_only,Two-state self-motion observer with instantaneous visual residual used as an external-motion proxy; no recurrent object-motion state.,12,112,recovery,0.05169411319979061,0.3465290474137064,0.10713682063842443,0.2795122214002033,0.0003353501304664781,0.15740236346020106,0.005930211163465883,0.09178645569282824,,,,instantaneous residual proxy; no recurrent object state,240,594
E_residual_only,Two-state self-motion observer with instantaneous visual residual used as an external-motion proxy; no recurrent object-motion state.,13,113,baseline,0.06243264742600864,0.3321654505884796,0.10240898742294705,0.25258024904698106,0.0003353501304664781,0.14755997796097364,-0.011558696686462786,0.09481714819393837,,,,instantaneous residual proxy; no recurrent object state,240,593
E_residual_only,Two-state self-motion observer with instantaneous visual residual used as an external-motion proxy; no recurrent object-motion state.,13,113,reduced_reliability,0.052927794901277386,0.35912148549905587,0.10796040031784539,0.9976452641515016,0.9996646498695336,0.39895822016786897,0.00785725117506082,0.08802636932950396,,,,instantaneous residual proxy; no recurrent object state,240,593
E_residual_only,Two-state self-motion observer with instantaneous visual residual used as an external-motion proxy; no recurrent object-motion state.,13,113,recovery,0.0470171268523517,0.33596967807692124,0.10868210807347185,0.2993475700731025,0.0003353501304664781,0.1641299911297038,0.0038131844042207886,0.09732947396585619,,,,instantaneous residual proxy; no recurrent object state,240,594
E_residual_only,Two-state self-motion observer with instantaneous visual residual used as an external-motion proxy; no recurrent object-motion state.,14,114,baseline,0.04932923303572714,0.3239360838607846,0.10595426576861201,0.27434322737021155,0.0003353501304664781,0.15598608529786093,0.0014117647615774704,0.1007482289894332,,,,instantaneous residual proxy; no recurrent object state,240,593
E_residual_only,Two-state self-motion observer with instantaneous visual residual used as an external-motion proxy; no recurrent object-motion state.,14,114,reduced_reliability,0.046302376830498655,0.33542445449790564,0.1039064676256451,0.9976449656767785,0.9996646498695336,0.3989610362648787,0.0060621927154767274,0.08817375351281888,,,,instantaneous residual proxy; no recurrent object state,240,593
E_residual_only,Two-state self-motion observer with instantaneous visual residual used as an external-motion proxy; no recurrent object-motion state.,14,114,recovery,0.05007163421149353,0.30905593163540523,0.10867873001133006,0.25385958948316173,0.0003353501304664781,0.1490386975775381,0.01762821260544792,0.10142442540182217,,,,instantaneous residual proxy; no recurrent object state,240,594
E_residual_only,Two-state self-motion observer with instantaneous visual residual used as an external-motion proxy; no recurrent object-motion state.,15,115,baseline,0.0678231653739935,0.28737782566703224,0.09763030797622219,0.09929253760056625,0.0003353501304664781,0.09483866599975882,-0.015988934716978837,0.10018442874422996,,,,instantaneous residual proxy; no recurrent object state,209,624
E_residual_only,Two-state self-motion observer with instantaneous visual residual used as an external-motion proxy; no recurrent object-motion state.,15,115,reduced_reliability,0.056939946469652884,0.3629212890023334,0.0898402555631665,0.9968900777585566,0.9996646498695336,0.39879749352145755,0.002925639669323347,0.07669817080626365,,,,instantaneous residual proxy; no recurrent object state,118,715
E_residual_only,Two-state self-motion observer with instantaneous visual residual used as an external-motion proxy; no recurrent object-motion state.,15,115,recovery,0.053909936965138835,0.330308934392546,0.09955823839023151,0.3066817008161546,0.0003353501304664781,0.16695036573621222,0.012473734767935774,0.08882329223507539,,,,instantaneous residual proxy; no recurrent object state,240,594
E_residual_only,Two-state self-motion observer with instantaneous visual residual used as an external-motion proxy; no recurrent object-motion state.,16,116,baseline,0.04739443497210216,0.3362850682941375,0.09466427215903156,0.24638505118419274,0.0003353501304664781,0.1449916143470474,-0.016734846850421797,0.08590520136342315,,,,instantaneous residual proxy; no recurrent object state,201,632
E_residual_only,Two-state self-motion observer with instantaneous visual residual used as an external-motion proxy; no recurrent object-motion state.,16,116,reduced_reliability,0.054912981908511134,0.3630456223069553,0.0966085249626345,0.996780534663155,0.9996646498695336,0.3988308327705886,0.003621782959151716,0.08134506448424537,,,,instantaneous residual proxy; no recurrent object state,240,593
E_residual_only,Two-state self-motion observer with instantaneous visual residual used as an external-motion proxy; no recurrent object-motion state.,16,116,recovery,0.050496008363457905,0.3472440097509953,0.10717871578196103,0.33527391901742,0.0003353501304664781,0.17645389425822564,-6.53357714968814e-05,0.09159846485194208,,,,instantaneous residual proxy; no recurrent object state,240,594
E_residual_only,Two-state self-motion observer with instantaneous visual residual used as an external-motion proxy; no recurrent object-motion state.,17,117,baseline,0.05683853136130097,0.3476297444229461,0.10348525246423884,0.27768851172407955,0.0003353501304664781,0.1557184007113799,-0.012908150494651868,0.089136486594245,,,,instantaneous residual proxy; no recurrent object state,240,593
E_residual_only,Two-state self-motion observer with instantaneous visual residual used as an external-motion proxy; no recurrent object-motion state.,17,117,reduced_reliability,0.05448584236053327,0.3971894892268982,0.0925867641748802,0.9952251418264738,0.9996646498695336,0.39813880540586455,0.005336017416443351,0.07718969884317771,,,,instantaneous residual proxy; no recurrent object state,238,595
E_residual_only,Two-state self-motion observer with instantaneous visual residual used as an external-motion proxy; no recurrent object-motion state.,17,117,recovery,0.07177182100202713,0.31876431968079144,0.09633114384300585,0.13511791089967756,0.0003353501304664781,0.10845917002143572,-0.008847487349073615,0.0857960525684178,,,,instantaneous residual proxy; no recurrent object state,168,666
E_residual_only,Two-state self-motion observer with instantaneous visual residual used as an external-motion proxy; no recurrent object-motion state.,18,118,baseline,0.06887594278784127,0.28901769407360833,0.09962258262512284,0.14508006984428087,0.0003353501304664781,0.11123101854789605,0.013462036430702259,0.10111600993175368,,,,instantaneous residual proxy; no recurrent object state,240,593
E_residual_only,Two-state self-motion observer with instantaneous visual residual used as an external-motion proxy; no recurrent object-motion state.,18,118,reduced_reliability,0.05284381726416393,0.3923504331622845,0.10424286245880625,0.9983462689910149,0.9996646498695336,0.39926228501562033,0.0012728274861868475,0.08105480464422828,,,,instantaneous residual proxy; no recurrent object state,240,593
E_residual_only,Two-state self-motion observer with instantaneous visual residual used as an external-motion proxy; no recurrent object-motion state.,18,118,recovery,0.042892823539771675,0.34063833945145466,0.10899053726210686,0.2994831718008452,0.0003353501304664781,0.16434487766373257,0.0107737549818922,0.09523169569318998,,,,instantaneous residual proxy; no recurrent object state,240,594
E_residual_only,Two-state self-motion observer with instantaneous visual residual used as an external-motion proxy; no recurrent object-motion state.,19,119,baseline,0.05639675058809866,0.31472909400352717,0.09708294459878275,0.2836819944495555,0.0003353501304664781,0.15843246316820822,-0.010043902214921904,0.0887671371938624,,,,instantaneous residual proxy; no recurrent object state,240,593
E_residual_only,Two-state self-motion observer with instantaneous visual residual used as an external-motion proxy; no recurrent object-motion state.,19,119,reduced_reliability,0.05155233176858513,0.3357883630612095,0.08981847110054533,0.9989544441570904,0.9996646498695336,0.39938767214453197,0.005313703112252205,0.08002905410482586,,,,instantaneous residual proxy; no recurrent object state,194,639
E_residual_only,Two-state self-motion observer with instantaneous visual residual used as an external-motion proxy; no recurrent object-motion state.,19,119,recovery,0.07249294234790475,0.21088840005769466,0.09513638901590706,0.06620889848963989,0.0003353501304664781,0.08425205682464468,0.017059548435839924,0.11023576919475776,,,,instantaneous residual proxy; no recurrent object state,207,627
E_residual_only,Two-state self-motion observer with instantaneous visual residual used as an external-motion proxy; no recurrent object-motion state.,20,120,baseline,0.0487207443384711,0.3522442621688184,0.10146271270294525,0.25938358791893473,0.0003353501304664781,0.15036571468401203,-0.0014457483686836543,0.0888425467706242,,,,instantaneous residual proxy; no recurrent object state,210,623
E_residual_only,Two-state self-motion observer with instantaneous visual residual used as an external-motion proxy; no recurrent object-motion state.,20,120,reduced_reliability,0.055596640267012554,0.4070559506524272,0.09750747069416768,0.9989481563115886,0.9996646498695336,0.39938607147391625,0.005151980951051117,0.07689864665542669,,,,instantaneous residual proxy; no recurrent object state,192,641
E_residual_only,Two-state self-motion observer with instantaneous visual residual used as an external-motion proxy; no recurrent object-motion state.,20,120,recovery,0.05297638681522007,0.3708060537489065,0.10171783358203555,0.24475166188930697,0.0003353501304664781,0.1451248887673834,0.0036606837395910495,0.08913180167181624,,,,instantaneous residual proxy; no recurrent object state,201,633
E_residual_only,Two-state self-motion observer with instantaneous visual residual used as an external-motion proxy; no recurrent object-motion state.,21,121,baseline,0.06375967319983811,0.32778399288607335,0.10412225255754318,0.21621157950676473,0.0003353501304664781,0.13618031038037748,-0.03059720422165837,0.09153847433644102,,,,instantaneous residual proxy; no recurrent object state,231,602
E_residual_only,Two-state self-motion observer with instantaneous visual residual used as an external-motion proxy; no recurrent object-motion state.,21,121,reduced_reliability,0.05662699954232424,0.3800518562257133,0.0984669216825673,0.9974821423213568,0.9996646498695336,0.3989268440006574,0.004805808677612052,0.07882112428252874,,,,instantaneous residual proxy; no recurrent object state,240,593
E_residual_only,Two-state self-motion observer with instantaneous visual residual used as an external-motion proxy; no recurrent object-motion state.,21,121,recovery,0.0457584371124779,0.3145871331280051,0.09217489465788997,0.16811774925059997,0.0003353501304664781,0.1190054673665269,-0.008459652375833923,0.08134580844888797,,,,instantaneous residual proxy; no recurrent object state,140,694
E_residual_only,Two-state self-motion observer with instantaneous visual residual used as an external-motion proxy; no recurrent object-motion state.,22,122,baseline,0.051803115272320635,0.3575313028668092,0.10189264811025206,0.21755265527244114,0.0003353501304664781,0.13569476121599794,0.005672113719396798,0.08565242861972397,,,,instantaneous residual proxy; no recurrent object state,184,649
E_residual_only,Two-state self-motion observer with instantaneous visual residual used as an external-motion proxy; no recurrent object-motion state.,22,122,reduced_reliability,0.0492399648025628,0.35402495530789513,0.09338464304505434,0.9974559458855424,0.9996646498695336,0.39892080779033573,0.008275574761678426,0.07827641048607485,,,,instantaneous residual proxy; no recurrent object state,162,671
E_residual_only,Two-state self-motion observer with instantaneous visual residual used as an external-motion proxy; no recurrent object-motion state.,22,122,recovery,0.04644632104498714,0.3146178899442612,0.10536825855026709,0.27574789628739466,0.0003353501304664781,0.15692625317152972,-0.011306109185288939,0.1015868086110863,,,,instantaneous residual proxy; no recurrent object state,240,594
E_residual_only,Two-state self-motion observer with instantaneous visual residual used as an external-motion proxy; no recurrent object-motion state.,23,123,baseline,0.06760476214109788,0.2658052288689959,0.09980653828203158,0.12110644070706746,0.0003353501304664781,0.10294933772094668,0.035153542554951796,0.10267500381101605,,,,instantaneous residual proxy; no recurrent object state,218,615
E_residual_only,Two-state self-motion observer with instantaneous visual residual used as an external-motion proxy; no recurrent object-motion state.,23,123,reduced_reliability,0.05057972811105902,0.34719379391209537,0.10180407327837666,0.9967955481974835,0.9996646498695336,0.3987904496470857,0.002628858331799154,0.0813935487530362,,,,instantaneous residual proxy; no recurrent object state,170,663
E_residual_only,Two-state self-motion observer with instantaneous visual residual used as an external-motion proxy; no recurrent object-motion state.,23,123,recovery,0.04669098449694125,0.3355530504032298,0.09555053235205752,0.15835388601538017,0.0003353501304664781,0.11556967027066509,0.005821691032073105,0.08214933340764348,,,,instantaneous residual proxy; no recurrent object state,129,705
E_residual_only,Two-state self-motion observer with instantaneous visual residual used as an external-motion proxy; no recurrent object-motion state.,24,124,baseline,0.04960870259468734,0.3199302020903876,0.0930143089441274,0.1661454881078296,0.0003353501304664781,0.1172999311335302,-0.005740562854069293,0.08497174690070972,,,,instantaneous residual proxy; no recurrent object state,140,693
E_residual_only,Two-state self-motion observer with instantaneous visual residual used as an external-motion proxy; no recurrent object-motion state.,24,124,reduced_reliability,0.054303878331298766,0.38108683770661206,0.09781620123033266,0.9971109718954569,0.9996646498695336,0.3989274790763477,0.0006384468274005952,0.08115479648856344,,,,instantaneous residual proxy; no recurrent object state,235,598
E_residual_only,Two-state self-motion observer with instantaneous visual residual used as an external-motion proxy; no recurrent object-motion state.,24,124,recovery,0.06127636470166564,0.29649434440097827,0.09771348513932834,0.21155808008390903,0.0003353501304664781,0.13414884689142323,-0.009179724638509534,0.09261238790005512,,,,instantaneous residual proxy; no recurrent object state,230,604
E_residual_only,Two-state self-motion observer with instantaneous visual residual used as an external-motion proxy; no recurrent object-motion state.,25,125,baseline,0.05601897559521669,0.34644089432929787,0.10767665931595366,0.2882577960396226,0.0003353501304664781,0.1601059021687453,-0.002586615073798735,0.0934890608488468,,,,instantaneous residual proxy; no recurrent object state,240,593
E_residual_only,Two-state self-motion observer with instantaneous visual residual used as an external-motion proxy; no recurrent object-motion state.,25,125,reduced_reliability,0.047268414198580265,0.35799649051622157,0.09514640880527052,0.9951391668397855,0.9996646498695336,0.3983588521980958,-0.003447541219427255,0.07788097549823594,,,,instantaneous residual proxy; no recurrent object state,240,593
E_residual_only,Two-state self-motion observer with instantaneous visual residual used as an external-motion proxy; no recurrent object-motion state.,25,125,recovery,0.06268806218409928,0.32136228016380475,0.10100157356522098,0.15872692520307938,0.0003353501304664781,0.11658700599744788,-0.024378514564829687,0.09114503465389158,,,,instantaneous residual proxy; no recurrent object state,176,658
E_residual_only,Two-state self-motion observer with instantaneous visual residual used as an external-motion proxy; no recurrent object-motion state.,26,126,baseline,0.049982192469764174,0.28680793749294736,0.10095172027544638,0.21610225322096321,0.0003353501304664781,0.135156216784892,-0.016365932949302806,0.09747569065809725,,,,instantaneous residual proxy; no recurrent object state,216,617
E_residual_only,Two-state self-motion observer with instantaneous visual residual used as an external-motion proxy; no recurrent object-motion state.,26,126,reduced_reliability,0.05137672654252225,0.36978261866944095,0.0950234776286977,0.9956135922752093,0.9996646498695336,0.39838413808023015,0.0014990208445296751,0.07603356106080632,,,,instantaneous residual proxy; no recurrent object state,131,702
E_residual_only,Two-state self-motion observer with instantaneous visual residual used as an external-motion proxy; no recurrent object-motion state.,26,126,recovery,0.06427906707838398,0.30825729004148045,0.0996020999422012,0.10477560838917224,0.0003353501304664781,0.09761360689909553,0.012351624913081503,0.09510043058656273,,,,instantaneous residual proxy; no recurrent object state,163,671
E_residual_only,Two-state self-motion observer with instantaneous visual residual used as an external-motion proxy; no recurrent object-motion state.,27,127,baseline,0.05667936221856809,0.327349529212162,0.10184578421180944,0.21149768474338052,0.0003353501304664781,0.13381863263386756,0.0055634157159732914,0.0885348852981902,,,,instantaneous residual proxy; no recurrent object state,224,609
E_residual_only,Two-state self-motion observer with instantaneous visual residual used as an external-motion proxy; no recurrent object-motion state.,27,127,reduced_reliability,0.049420461468676936,0.3748601432765264,0.09869292786084426,0.9983642252369589,0.9996646498695336,0.3992691655251513,0.0015236749843543442,0.08383769870726229,,,,instantaneous residual proxy; no recurrent object state,209,624
E_residual_only,Two-state self-motion observer with instantaneous visual residual used as an external-motion proxy; no recurrent object-motion state.,27,127,recovery,0.07219210555351288,0.29249995262194206,0.09555992709352484,0.11850281693905838,0.0003353501304664781,0.10216530902946482,0.029224818312413102,0.09463750475379748,,,,instantaneous residual proxy; no recurrent object state,208,626
E_residual_only,Two-state self-motion observer with instantaneous visual residual used as an external-motion proxy; no recurrent object-motion state.,28,128,baseline,0.04855757976978871,0.2974668865001535,0.09436597396896472,0.13154513940359525,0.0003353501304664781,0.10576037113001403,0.008594326061035143,0.08471292328032136,,,,instantaneous residual proxy; no recurrent object state,131,702
E_residual_only,Two-state self-motion observer with instantaneous visual residual used as an external-motion proxy; no recurrent object-motion state.,28,128,reduced_reliability,0.05066086808738329,0.3862327789430231,0.1045053783910125,0.998362857821213,0.9996646498695336,0.3992690911044039,-0.001606408730017096,0.08280643731620184,,,,instantaneous residual proxy; no recurrent object state,240,593
E_residual_only,Two-state self-motion observer with instantaneous visual residual used as an external-motion proxy; no recurrent object-motion state.,28,128,recovery,0.0599356663784509,0.2455557455799284,0.09554467346401799,0.08461841013432528,0.0003353501304664781,0.09081856004502753,-0.017407289223597838,0.10310835540758974,,,,instantaneous residual proxy; no recurrent object state,187,647
E_residual_only,Two-state self-motion observer with instantaneous visual residual used as an external-motion proxy; no recurrent object-motion state.,29,129,baseline,0.0589733882167489,0.29150354175959714,0.1042953718801915,0.22282332869643687,0.0003353501304664781,0.13810887144379755,-0.0356892113625619,0.10326607538590972,,,,instantaneous residual proxy; no recurrent object state,240,593
E_residual_only,Two-state self-motion observer with instantaneous visual residual used as an external-motion proxy; no recurrent object-motion state.,29,129,reduced_reliability,0.05808721467168623,0.3812846397242518,0.10010774422727865,0.9988451444927283,0.9996646498695336,0.3993655812831908,0.0031841251710030723,0.07912612112494406,,,,instantaneous residual proxy; no recurrent object state,240,593
E_residual_only,Two-state self-motion observer with instantaneous visual residual used as an external-motion proxy; no recurrent object-motion state.,29,129,recovery,0.05012474776071824,0.3169172083418001,0.09033876377093183,0.21382599589811913,0.0003353501304664781,0.13457834793788603,-0.000646041442336936,0.08321829812913842,,,,instantaneous residual proxy; no recurrent object state,178,656
F_oracle_self_motion,"Diagnostic observer supplied true self-motion at the visual stage, with near-zero self-state covariance, while retaining recurrent object inference.",0,100,baseline,1.0549875578118476e-11,0.051565080394478754,0.0421361498543582,0.00046464692851362746,0.0003353501304664781,0.060585384571436085,-2.4665817159352134e-06,0.07270794007094568,0.2978265770274657,-1.0588871372219194e-06,0.021574393104338143,recurrent latent object-motion state,205,628
F_oracle_self_motion,"Diagnostic observer supplied true self-motion at the visual stage, with near-zero self-state covariance, while retaining recurrent object inference.",0,100,reduced_reliability,1.0454971056675537e-11,0.057407628511221255,0.03856886431861001,0.9986057185866136,0.9996646498695336,0.39931796083227517,0.00014850871025675518,0.0730793550113132,0.29649865015477755,4.3890260679481996e-05,0.021667905159881005,recurrent latent object-motion state,176,657
F_oracle_self_motion,"Diagnostic observer supplied true self-motion at the visual stage, with near-zero self-state covariance, while retaining recurrent object inference.",0,100,recovery,1.0621055086011154e-11,0.05015190257736435,0.04027317423732523,0.005027822061768166,0.0003353501304664781,0.06279683695316336,-0.000372520721835632,0.07421850238915279,0.2964824438921,-0.00011050223001015232,0.022004433644584508,recurrent latent object-motion state,181,653
F_oracle_self_motion,"Diagnostic observer supplied true self-motion at the visual stage, with near-zero self-state covariance, while retaining recurrent object inference.",1,101,baseline,1.1094012189324412e-11,0.0603758038542142,0.043453093761630285,0.0004046808899963172,0.0003353501304664781,0.06051742167353991,-1.1056262701967973e-05,0.0764336919015992,0.2978231810603908,4.206194805130256e-06,0.022695403633545132,recurrent latent object-motion state,240,593
F_oracle_self_motion,"Diagnostic observer supplied true self-motion at the visual stage, with near-zero self-state covariance, while retaining recurrent object inference.",1,101,reduced_reliability,1.0524083926629505e-11,0.05761562814533982,0.04066036007119328,0.9980977170250517,0.9996646498695336,0.39921441985654843,7.412562030801682e-05,0.07413812144833504,0.2964984033326644,2.188979768717705e-05,0.021981830974512746,recurrent latent object-motion state,207,626
F_oracle_self_motion,"Diagnostic observer supplied true self-motion at the visual stage, with near-zero self-state covariance, while retaining recurrent object inference.",1,101,recovery,1.0828655804812691e-11,0.053905543623980895,0.045030531217924816,0.00613162371951536,0.0003353501304664781,0.06313866760619666,-0.00011838249500600229,0.073703645598111,0.29647742502445695,-3.513942336546591e-05,0.021851481634486553,recurrent latent object-motion state,240,594
F_oracle_self_motion,"Diagnostic observer supplied true self-motion at the visual stage, with near-zero self-state covariance, while retaining recurrent object inference.",2,102,baseline,1.0915839288780119e-11,0.07248480816275368,0.040592456097668726,0.00041286084465480695,0.0003353501304664781,0.06052885127357344,1.6090562011147788e-05,0.07376932108811289,0.29782426510413257,1.9046374085551137e-05,0.021934018168057824,recurrent latent object-motion state,225,608
F_oracle_self_motion,"Diagnostic observer supplied true self-motion at the visual stage, with near-zero self-state covariance, while retaining recurrent object inference.",2,102,reduced_reliability,9.914055882969624e-12,0.051672858671778725,0.041151280433987816,0.9990587429081236,0.9996646498695336,0.3994086158910287,-0.00011367187635037062,0.06966737881286114,0.2965019926757806,-3.3768392942596754e-05,0.020656472095439585,recurrent latent object-motion state,184,649
F_oracle_self_motion,"Diagnostic observer supplied true self-motion at the visual stage, with near-zero self-state covariance, while retaining recurrent object inference.",2,102,recovery,1.092407005867114e-11,0.06431726735839463,0.04288877600499915,0.007381004032188116,0.0003353501304664781,0.0636148063885594,0.00033421155363980794,0.07430348254974231,0.29647902864029174,9.942663845464975e-05,0.022029364159465666,recurrent latent object-motion state,240,594
F_oracle_self_motion,"Diagnostic observer supplied true self-motion at the visual stage, with near-zero self-state covariance, while retaining recurrent object inference.",3,103,baseline,1.0834153107957316e-11,0.05546775591567036,0.04224107826260588,0.00039554839960686926,0.0003353501304664781,0.06050763537918351,-5.15185759815478e-05,0.07352790558327711,0.29782311582727905,-2.01337301303023e-05,0.021889045271975677,recurrent latent object-motion state,240,593
F_oracle_self_motion,"Diagnostic observer supplied true self-motion at the visual stage, with near-zero self-state covariance, while retaining recurrent object inference.",3,103,reduced_reliability,1.0891485600661102e-11,0.05915888599381012,0.04455961085936463,0.9965896833072184,0.9996646498695336,0.39874908912747664,7.176129415968833e-05,0.07720633469622469,0.2964960874447425,2.1032013652389404e-05,0.022891374892088152,recurrent latent object-motion state,240,593
F_oracle_self_motion,"Diagnostic observer supplied true self-motion at the visual stage, with near-zero self-state covariance, while retaining recurrent object inference.",3,103,recovery,1.0998547633861423e-11,0.07571300295768912,0.03655550542662965,0.004892585201286834,0.0003353501304664781,0.06265172268534146,6.981454056579008e-05,0.07436406331440813,0.2964791257206953,2.060756703369833e-05,0.022047291091064087,recurrent latent object-motion state,210,624
F_oracle_self_motion,"Diagnostic observer supplied true self-motion at the visual stage, with near-zero self-state covariance, while retaining recurrent object inference.",4,104,baseline,1.0679211762445898e-11,0.05846691127031291,0.045366251718415594,0.00046690757830181574,0.0003353501304664781,0.06059456710245169,-0.00020022840444400993,0.07400991392715041,0.29782586949216117,-5.462701611808616e-05,0.022055875658400285,recurrent latent object-motion state,240,593
F_oracle_self_motion,"Diagnostic observer supplied true self-motion at the visual stage, with near-zero self-state covariance, while retaining recurrent object inference.",4,104,reduced_reliability,1.0732418956111589e-11,0.05203964031362497,0.041198800244616605,0.9985084188277771,0.9996646498695336,0.3992983127276369,0.00014662864389345902,0.07365208030537444,0.2964955143422521,4.347536504533222e-05,0.02183774459480972,recurrent latent object-motion state,240,593
F_oracle_self_motion,"Diagnostic observer supplied true self-motion at the visual stage, with near-zero self-state covariance, while retaining recurrent object inference.",4,104,recovery,1.1085467654215417e-11,0.05417886929450386,0.043718280815086254,0.006437138807220864,0.0003353501304664781,0.06328710071559208,-6.702690255049944e-05,0.07770308225769235,0.2964778784086753,-1.9658730026367896e-05,0.023037219149203723,recurrent latent object-motion state,240,594
F_oracle_self_motion,"Diagnostic observer supplied true self-motion at the visual stage, with near-zero self-state covariance, while retaining recurrent object inference.",5,105,baseline,1.0828254818031908e-11,0.06122987839080023,0.04084256494339919,0.00047363703841075646,0.0003353501304664781,0.06060244089253255,1.983337002429443e-05,0.07450975618944332,0.2978243878703342,2.2205488301988245e-05,0.022121421449270727,recurrent latent object-motion state,240,593
F_oracle_self_motion,"Diagnostic observer supplied true self-motion at the visual stage, with near-zero self-state covariance, while retaining recurrent object inference.",5,105,reduced_reliability,1.1221408348360644e-11,0.08001859876443583,0.039100173820594754,0.997699662441675,0.9996646498695336,0.3989705112993543,-0.00042437376533061976,0.0749315120707525,0.2964923646680497,-0.00012580725820778295,0.02221627435422835,recurrent latent object-motion state,213,620
F_oracle_self_motion,"Diagnostic observer supplied true self-motion at the visual stage, with near-zero self-state covariance, while retaining recurrent object inference.",5,105,recovery,1.0458740884165222e-11,0.04989425244833536,0.04015459133116464,0.009578193231844197,0.0003353501304664781,0.06426525896082315,0.00026015847806186204,0.07408130757731515,0.29648259207310407,7.701426148546867e-05,0.021963788238354025,recurrent latent object-motion state,193,641
F_oracle_self_motion,"Diagnostic observer supplied true self-motion at the visual stage, with near-zero self-state covariance, while retaining recurrent object inference.",6,106,baseline,1.1475253495586111e-11,0.07233992929374784,0.04184018077031582,0.00040192211303574914,0.0003353501304664781,0.060515706998887475,-0.00020101829050178294,0.07723261604564184,0.29782100093760266,1.3897238726509492e-05,0.023000385397236905,recurrent latent object-motion state,235,598
F_oracle_self_motion,"Diagnostic observer supplied true self-motion at the visual stage, with near-zero self-state covariance, while retaining recurrent object inference.",6,106,reduced_reliability,1.0404952443125341e-11,0.0564927059277031,0.03824900287272847,0.997690454976826,0.9996646498695336,0.3990899769641759,0.00013599446537098934,0.0722733317865409,0.29649833543230203,4.057109401534881e-05,0.021428904017926926,recurrent latent object-motion state,186,647
F_oracle_self_motion,"Diagnostic observer supplied true self-motion at the visual stage, with near-zero self-state covariance, while retaining recurrent object inference.",6,106,recovery,1.1214122755945026e-11,0.07893261977607141,0.03863058024859012,0.006045216227948281,0.0003353501304664781,0.0632174262429979,-0.00025553621952103037,0.07375027610766274,0.2964767031287855,-7.568508143160826e-05,0.02186489185759251,recurrent latent object-motion state,181,653
F_oracle_self_motion,"Diagnostic observer supplied true self-motion at the visual stage, with near-zero self-state covariance, while retaining recurrent object inference.",7,107,baseline,1.057558527872382e-11,0.048138650951574,0.04246870880002776,0.0024075698555664667,0.0003353501304664781,0.06150979511545275,1.8134929682168366e-05,0.07356017828849458,0.29782760030492816,-2.0412588891716184e-05,0.021844304644646713,recurrent latent object-motion state,240,593
F_oracle_self_motion,"Diagnostic observer supplied true self-motion at the visual stage, with near-zero self-state covariance, while retaining recurrent object inference.",7,107,reduced_reliability,1.1025861293483823e-11,0.07326492376840171,0.037716072924874694,0.9963709798198382,0.9996646498695336,0.39862135953357375,0.00023627086146077813,0.07362450900049632,0.296494187527641,7.013241484484814e-05,0.02182919476449698,recurrent latent object-motion state,156,677
F_oracle_self_motion,"Diagnostic observer supplied true self-motion at the visual stage, with near-zero self-state covariance, while retaining recurrent object inference.",7,107,recovery,1.0788977842619872e-11,0.05502356677897532,0.04339366669573768,0.005145991473826717,0.0003353501304664781,0.06275190522166922,-0.00017285720241804714,0.07378437349813616,0.2964798888547918,-5.090692068481646e-05,0.021875466758958004,recurrent latent object-motion state,240,594
F_oracle_self_motion,"Diagnostic observer supplied true self-motion at the visual stage, with near-zero self-state covariance, while retaining recurrent object inference.",8,108,baseline,1.0195478593652969e-11,0.05818094545770727,0.041428560037199406,0.00065337030685886,0.0003353501304664781,0.06070720132481126,1.1327712330004657e-05,0.07138423035439051,0.29782846777567973,-1.1401067471098556e-05,0.021224051574773115,recurrent latent object-motion state,226,607
F_oracle_self_motion,"Diagnostic observer supplied true self-motion at the visual stage, with near-zero self-state covariance, while retaining recurrent object inference.",8,108,reduced_reliability,1.1445374781527579e-11,0.07205600208400971,0.043677500566505295,0.9974767455783878,0.9996646498695336,0.39892834879154576,-6.862805595417328e-05,0.07512309694870817,0.2964933617585975,-1.998339689498899e-05,0.022273281030090953,recurrent latent object-motion state,184,649
F_oracle_self_motion,"Diagnostic observer supplied true self-motion at the visual stage, with near-zero self-state covariance, while retaining recurrent object inference.",8,108,recovery,1.0655940659831201e-11,0.05513373978463373,0.04276740273638263,0.002507420462311805,0.0003353501304664781,0.06182690295739133,2.445307828586735e-05,0.07434559758684385,0.29648172102414555,7.203245581024398e-06,0.022042229956179774,recurrent latent object-motion state,240,594
F_oracle_self_motion,"Diagnostic observer supplied true self-motion at the visual stage, with near-zero self-state covariance, while retaining recurrent object inference.",9,109,baseline,1.1542371196813532e-11,0.0807915627421283,0.03941815282112181,0.0007089749300988998,0.0003353501304664781,0.06076166160451896,0.00021252153575050586,0.0779649403020662,0.29781896179281664,4.9146659588039426e-05,0.02315605835941455,recurrent latent object-motion state,167,666
F_oracle_self_motion,"Diagnostic observer supplied true self-motion at the visual stage, with near-zero self-state covariance, while retaining recurrent object inference.",9,109,reduced_reliability,1.0948296167775889e-11,0.07932998400822909,0.03379515387175824,0.9960608976395738,0.9996646498695336,0.3984812468706848,-0.00010882816579499104,0.07214765288120216,0.29649405611990615,-3.2507533368423476e-05,0.021391337973498847,recurrent latent object-motion state,163,670
F_oracle_self_motion,"Diagnostic observer supplied true self-motion at the visual stage, with near-zero self-state covariance, while retaining recurrent object inference.",9,109,recovery,1.0607728245361672e-11,0.07148698618226686,0.03679387569659791,0.005720440669056268,0.0003353501304664781,0.06293508377617762,4.46469372011671e-06,0.07375589109966517,0.2964810759046586,1.3967590456367275e-06,0.02186716497212527,recurrent latent object-motion state,161,673
F_oracle_self_motion,"Diagnostic observer supplied true self-motion at the visual stage, with near-zero self-state covariance, while retaining recurrent object inference.",10,110,baseline,1.0363627107472107e-11,0.055422195485653865,0.042639728160537564,0.0004375244204135563,0.0003353501304664781,0.060558818725466985,-0.00048342280453402285,0.07243325936985326,0.2978295945248295,-0.00011110048012153714,0.021550073909598778,recurrent latent object-motion state,185,648
F_oracle_self_motion,"Diagnostic observer supplied true self-motion at the visual stage, with near-zero self-state covariance, while retaining recurrent object inference.",10,110,reduced_reliability,1.0499023371621786e-11,0.054039973148530644,0.042865686729601865,0.9965405197069901,0.9996646498695336,0.39872840062374215,0.0004063353529568965,0.07331057069144993,0.2964990839365002,0.00012043946246767463,0.02173653251330412,recurrent latent object-motion state,161,672
F_oracle_self_motion,"Diagnostic observer supplied true self-motion at the visual stage, with near-zero self-state covariance, while retaining recurrent object inference.",10,110,recovery,1.0308322181870465e-11,0.05198199345190178,0.040429079041163114,0.006155869834252874,0.0003353501304664781,0.06319869658375879,-2.7908969630945097e-05,0.07167143318422627,0.29648320196308886,-8.223580690345485e-06,0.021249263972254552,recurrent latent object-motion state,201,633
F_oracle_self_motion,"Diagnostic observer supplied true self-motion at the visual stage, with near-zero self-state covariance, while retaining recurrent object inference.",11,111,baseline,1.0609141829915153e-11,0.0547988094680382,0.041290469584097274,0.0003983547809422537,0.0003353501304664781,0.06051040731961952,-0.00014813477200628107,0.07357473705559033,0.29782534683700074,2.600213749978809e-05,0.02204885396376269,recurrent latent object-motion state,240,593
F_oracle_self_motion,"Diagnostic observer supplied true self-motion at the visual stage, with near-zero self-state covariance, while retaining recurrent object inference.",11,111,reduced_reliability,1.0652659793769062e-11,0.07872327274049878,0.03735715551612664,0.9957452609969204,0.9996646498695336,0.39840905387255277,-5.431540657321833e-05,0.0725970652139574,0.29649917609264853,-1.6171737732733573e-05,0.021524788866481136,recurrent latent object-motion state,167,666
F_oracle_self_motion,"Diagnostic observer supplied true self-motion at the visual stage, with near-zero self-state covariance, while retaining recurrent object inference.",11,111,recovery,1.1247098185743437e-11,0.06604169740035434,0.03726965029764105,0.00699150294024568,0.0003353501304664781,0.06344780225032039,0.00015829355860728046,0.07494356800921957,0.2964753513152892,4.700086646384626e-05,0.022218974515390493,recurrent latent object-motion state,236,598
F_oracle_self_motion,"Diagnostic observer supplied true self-motion at the visual stage, with near-zero self-state covariance, while retaining recurrent object inference.",12,112,baseline,1.0480248562378107e-11,0.05639869448683048,0.03875160423787788,0.00043644036501180855,0.0003353501304664781,0.060554409287960846,1.3592354493173224e-05,0.0717171392045468,0.29782671244844355,-5.7791021519824914e-06,0.021388961632495075,recurrent latent object-motion state,210,623
F_oracle_self_motion,"Diagnostic observer supplied true self-motion at the visual stage, with near-zero self-state covariance, while retaining recurrent object inference.",12,112,reduced_reliability,1.1545671536019134e-11,0.07941665728281362,0.041154698820792625,0.996510083584133,0.9996646498695336,0.39856573431288556,-9.050101082168969e-05,0.07788073897473165,0.29648981009818287,-2.6898964562495925e-05,0.023090739385216576,recurrent latent object-motion state,173,660
F_oracle_self_motion,"Diagnostic observer supplied true self-motion at the visual stage, with near-zero self-state covariance, while retaining recurrent object inference.",12,112,recovery,1.0780083651567572e-11,0.05477424032346056,0.043266042840316155,0.005885027094304861,0.0003353501304664781,0.06300841844086538,0.00010702207762017539,0.07409056301074465,0.29648021493939036,3.1804871312103335e-05,0.02196650792030517,recurrent latent object-motion state,240,594
F_oracle_self_motion,"Diagnostic observer supplied true self-motion at the visual stage, with near-zero self-state covariance, while retaining recurrent object inference.",13,113,baseline,1.0741679824350782e-11,0.05809346588715872,0.04227675820725136,0.00042441561745993245,0.0003353501304664781,0.060542737710928454,0.0001970616902512001,0.07573038796590845,0.2978246410015246,4.976491070228879e-05,0.022482784911489515,recurrent latent object-motion state,240,593
F_oracle_self_motion,"Diagnostic observer supplied true self-motion at the visual stage, with near-zero self-state covariance, while retaining recurrent object inference.",13,113,reduced_reliability,1.1258876015554794e-11,0.058393884894178676,0.045977889079606,0.9976350395010846,0.9996646498695336,0.3989563341673892,-0.0001967619011413175,0.07834830997072742,0.29649268586204097,-5.8114718695943496e-05,0.023229711534428796,recurrent latent object-motion state,240,593
F_oracle_self_motion,"Diagnostic observer supplied true self-motion at the visual stage, with near-zero self-state covariance, while retaining recurrent object inference.",13,113,recovery,1.0966073595448268e-11,0.05022787121560756,0.04406644866896089,0.004649294460095776,0.0003353501304664781,0.06256681725119362,0.00018558927885818657,0.07901571410832567,0.29647807330232895,5.515932951290606e-05,0.0234262897388695,recurrent latent object-motion state,240,594
F_oracle_self_motion,"Diagnostic observer supplied true self-motion at the visual stage, with near-zero self-state covariance, while retaining recurrent object inference.",14,114,baseline,1.1383744071341879e-11,0.05514882154367958,0.045077306484216734,0.00039256618692210747,0.0003353501304664781,0.060504169193089735,-5.854905147089215e-05,0.07911890329098474,0.29782103147876743,-3.705868886322324e-05,0.023520974400629398,recurrent latent object-motion state,240,593
F_oracle_self_motion,"Diagnostic observer supplied true self-motion at the visual stage, with near-zero self-state covariance, while retaining recurrent object inference.",14,114,reduced_reliability,1.1049071204959471e-11,0.05870064691379822,0.0437340024428083,0.9972011234879476,0.9996646498695336,0.3988720911817249,9.047665265273198e-05,0.07507521848067383,0.2964945231581101,2.7035394178268925e-05,0.022259353600911577,recurrent latent object-motion state,240,593
F_oracle_self_motion,"Diagnostic observer supplied true self-motion at the visual stage, with near-zero self-state covariance, while retaining recurrent object inference.",14,114,recovery,1.0946671045969512e-11,0.054520296545004496,0.04675674986367959,0.0027390811664180148,0.0003353501304664781,0.061937399338175006,4.601526314119086e-05,0.07580799956267115,0.296477723650827,1.4074499095905352e-05,0.022475227649734055,recurrent latent object-motion state,240,594
F_oracle_self_motion,"Diagnostic observer supplied true self-motion at the visual stage, with near-zero self-state covariance, while retaining recurrent object inference.",15,115,baseline,1.0979236279207312e-11,0.07251436557074235,0.038800273768266766,0.0004197220664367138,0.0003353501304664781,0.06053801347532829,2.915452660263374e-06,0.07285214987367514,0.297823895312143,-1.0366502484684162e-05,0.02171260119228227,recurrent latent object-motion state,209,624
F_oracle_self_motion,"Diagnostic observer supplied true self-motion at the visual stage, with near-zero self-state covariance, while retaining recurrent object inference.",15,115,reduced_reliability,1.0565256505830482e-11,0.09143047426030049,0.03519220278902942,0.9967327076409717,0.9996646498695336,0.39875877314740593,-0.00014237319303205402,0.07143493368273844,0.29649572576259997,-4.2304311904366884e-05,0.021180092247586345,recurrent latent object-motion state,118,715
F_oracle_self_motion,"Diagnostic observer supplied true self-motion at the visual stage, with near-zero self-state covariance, while retaining recurrent object inference.",15,115,recovery,1.069755449857494e-11,0.056232164078240214,0.04487352773897996,0.007550207756371477,0.0003353501304664781,0.0637723013324672,0.00027334667440739456,0.0741428573138292,0.2964796259063359,8.140157923689581e-05,0.02198178039960429,recurrent latent object-motion state,240,594
F_oracle_self_motion,"Diagnostic observer supplied true self-motion at the visual stage, with near-zero self-state covariance, while retaining recurrent object inference.",16,116,baseline,1.0049141905082216e-11,0.05604522715394829,0.03832772885492759,0.00041780570309965347,0.0003353501304664781,0.06053502033773112,-0.00016415314590207956,0.07131755210567253,0.29782894258826365,-1.775243960715773e-05,0.02129848611752195,recurrent latent object-motion state,201,632
F_oracle_self_motion,"Diagnostic observer supplied true self-motion at the visual stage, with near-zero self-state covariance, while retaining recurrent object inference.",16,116,reduced_reliability,1.1032319359212449e-11,0.06132435291678065,0.04453508755258851,0.9976761229229032,0.9996646498695336,0.39909260900269283,1.2886711704233297e-05,0.07384217772834516,0.29649257799622836,3.870347161788301e-06,0.021893555798579618,recurrent latent object-motion state,240,593
F_oracle_self_motion,"Diagnostic observer supplied true self-motion at the visual stage, with near-zero self-state covariance, while retaining recurrent object inference.",16,116,recovery,1.1041294022601892e-11,0.05461771474843068,0.044423412145378184,0.006253415985091144,0.0003353501304664781,0.06314581780905326,1.5395863986869774e-05,0.07640547504352986,0.2964812122384218,4.611385041371494e-06,0.022652706684053843,recurrent latent object-motion state,240,594
F_oracle_self_motion,"Diagnostic observer supplied true self-motion at the visual stage, with near-zero self-state covariance, while retaining recurrent object inference.",17,117,baseline,1.1035327883276215e-11,0.05500154887857812,0.04522550491321057,0.00038702259433579124,0.0003353501304664781,0.060497730755367685,-3.4549653036144736e-05,0.07726488464660351,0.29782273755338284,3.131745457793508e-05,0.023039139479172743,recurrent latent object-motion state,240,593
F_oracle_self_motion,"Diagnostic observer supplied true self-motion at the visual stage, with near-zero self-state covariance, while retaining recurrent object inference.",17,117,reduced_reliability,1.0395835276213624e-11,0.050864290911716584,0.0409537846737971,0.9952453202659228,0.9996646498695336,0.3981429153424676,-0.00021198040721684045,0.07282814667271999,0.296497808767252,-6.291847666734723e-05,0.021593153387676606,recurrent latent object-motion state,238,595
F_oracle_self_motion,"Diagnostic observer supplied true self-motion at the visual stage, with near-zero self-state covariance, while retaining recurrent object inference.",17,117,recovery,9.981484989415252e-12,0.056305895730667015,0.03823493705884431,0.004651180733780626,0.0003353501304664781,0.06256904350398752,6.31442671044644e-05,0.071240900650438,0.29648556693188693,1.8753742191958297e-05,0.021121796093754575,recurrent latent object-motion state,168,666
F_oracle_self_motion,"Diagnostic observer supplied true self-motion at the visual stage, with near-zero self-state covariance, while retaining recurrent object inference.",18,118,baseline,1.0673110525303416e-11,0.06076278766991211,0.041985041273836135,0.0004447209779202774,0.0003353501304664781,0.060559326465612996,0.00029396872402292487,0.07404618655425117,0.2978260607424177,1.0908764422325325e-05,0.02206064274047643,recurrent latent object-motion state,240,593
F_oracle_self_motion,"Diagnostic observer supplied true self-motion at the visual stage, with near-zero self-state covariance, while retaining recurrent object inference.",18,118,reduced_reliability,1.0827579998824497e-11,0.049228658696215316,0.04461955279232696,0.9984871606959392,0.9996646498695336,0.39929486434301276,-2.222762846448445e-05,0.07321755947505783,0.2964965423525785,-6.665057774092636e-06,0.021708589254789752,recurrent latent object-motion state,240,593
F_oracle_self_motion,"Diagnostic observer supplied true self-motion at the visual stage, with near-zero self-state covariance, while retaining recurrent object inference.",18,118,recovery,1.1107443750479982e-11,0.05021447563472081,0.043401724426632406,0.004628900980208723,0.0003353501304664781,0.06256726220067187,-0.0001899255819045816,0.07754671153632026,0.2964779563364007,-5.6434606106087204e-05,0.022990798126023455,recurrent latent object-motion state,240,594
F_oracle_self_motion,"Diagnostic observer supplied true self-motion at the visual stage, with near-zero self-state covariance, while retaining recurrent object inference.",19,119,baseline,1.0479066922472418e-11,0.05176460712915348,0.04268266593412478,0.00041360491322391677,0.0003353501304664781,0.06052855859169492,5.477100296787812e-05,0.07196618412312407,0.2978266376506515,1.8034055713750146e-05,0.02144453494690807,recurrent latent object-motion state,240,593
F_oracle_self_motion,"Diagnostic observer supplied true self-motion at the visual stage, with near-zero self-state covariance, while retaining recurrent object inference.",19,119,reduced_reliability,1.0920220923708023e-11,0.07390764084524583,0.04104042477105745,0.9988608661570386,0.9996646498695336,0.39936942824919114,-0.0003390720602377974,0.07249114287678926,0.29649417353776836,-0.00010068230776951465,0.02149298026089325,recurrent latent object-motion state,194,639
F_oracle_self_motion,"Diagnostic observer supplied true self-motion at the visual stage, with near-zero self-state covariance, while retaining recurrent object inference.",19,119,recovery,1.037517423598261e-11,0.04495641362140675,0.03906439876870184,0.008146617001944521,0.0003353501304664781,0.06400082081639315,0.0001641960049767748,0.07289388877496229,0.2964834837530659,4.8658818830333955e-05,0.02161188113373891,recurrent latent object-motion state,207,627
F_oracle_self_motion,"Diagnostic observer supplied true self-motion at the visual stage, with near-zero self-state covariance, while retaining recurrent object inference.",20,120,baseline,1.1148733171005687e-11,0.08418968573519443,0.04146253436809929,0.0004887028121592909,0.0003353501304664781,0.06061357207769887,-0.0003422610289903791,0.0746050479134847,0.2978229556417266,-6.297001551101631e-05,0.022262484328772893,recurrent latent object-motion state,210,623
F_oracle_self_motion,"Diagnostic observer supplied true self-motion at the visual stage, with near-zero self-state covariance, while retaining recurrent object inference.",20,120,reduced_reliability,1.0555801767365315e-11,0.05309392518638974,0.037481779913212505,0.9990584660578363,0.9996646498695336,0.399408209930039,0.00037781428100074874,0.0751583345630967,0.29649857093879783,0.00011211766391461859,0.022284323133699692,recurrent latent object-motion state,192,641
F_oracle_self_motion,"Diagnostic observer supplied true self-motion at the visual stage, with near-zero self-state covariance, while retaining recurrent object inference.",20,120,recovery,1.1400992566968769e-11,0.0803982193193063,0.039484863234309435,0.005623952657040762,0.0003353501304664781,0.06310830001389477,-0.0002730967922900901,0.0757907810452775,0.2964738076576803,-8.073766195189958e-05,0.022469709861800222,recurrent latent object-motion state,201,633
F_oracle_self_motion,"Diagnostic observer supplied true self-motion at the visual stage, with near-zero self-state covariance, while retaining recurrent object inference.",21,121,baseline,1.039315869046221e-11,0.04627026054974991,0.039698190332474896,0.0004301190115486046,0.0003353501304664781,0.06055031348655569,3.800982702964469e-05,0.07186744287078814,0.2978278649830746,-3.335351293100393e-05,0.02141564996862463,recurrent latent object-motion state,231,602
F_oracle_self_motion,"Diagnostic observer supplied true self-motion at the visual stage, with near-zero self-state covariance, while retaining recurrent object inference.",21,121,reduced_reliability,1.0926430758408581e-11,0.04810614900036579,0.043809968609443924,0.9976715987625597,0.9996646498695336,0.39896385465728185,0.00018189153435292467,0.07367036588019722,0.2964952205219768,5.423653778504846e-05,0.021842912577736563,recurrent latent object-motion state,240,593
F_oracle_self_motion,"Diagnostic observer supplied true self-motion at the visual stage, with near-zero self-state covariance, while retaining recurrent object inference.",21,121,recovery,9.645950788241885e-12,0.052493298159813205,0.037457079731485106,0.00680739551119076,0.0003353501304664781,0.06345019968863772,-0.0002524705833928806,0.06936505231374884,0.2964889466465739,-7.4923300732935e-05,0.02056596675466624,recurrent latent object-motion state,140,694
F_oracle_self_motion,"Diagnostic observer supplied true self-motion at the visual stage, with near-zero self-state covariance, while retaining recurrent object inference.",22,122,baseline,1.0500619094621424e-11,0.04809053393104514,0.04004734573595413,0.00041103359321887636,0.0003353501304664781,0.06052605745989773,-2.8411049432255035e-05,0.0747591852172253,0.29782694742559845,-1.0692487384828595e-05,0.022264475210349677,recurrent latent object-motion state,184,649
F_oracle_self_motion,"Diagnostic observer supplied true self-motion at the visual stage, with near-zero self-state covariance, while retaining recurrent object inference.",22,122,reduced_reliability,1.0839212496108703e-11,0.06310058882341436,0.04042307360067227,0.9968107867217953,0.9996646498695336,0.3987746621821413,0.00012763699563662223,0.07321563915882931,0.2964944273226566,3.810694108687963e-05,0.021708006614649045,recurrent latent object-motion state,162,671
F_oracle_self_motion,"Diagnostic observer supplied true self-motion at the visual stage, with near-zero self-state covariance, while retaining recurrent object inference.",22,122,recovery,1.0701547661843103e-11,0.054026149376676984,0.045626533869371044,0.008248230112043892,0.0003353501304664781,0.0639183321114046,-3.325957272097574e-05,0.07522843372429837,0.29648192092291803,-9.888996924178896e-06,0.022303925775755233,recurrent latent object-motion state,240,594
F_oracle_self_motion,"Diagnostic observer supplied true self-motion at the visual stage, with near-zero self-state covariance, while retaining recurrent object inference.",23,123,baseline,1.0247036445919255e-11,0.05005632815306933,0.04019489789634819,0.00038276386469483325,0.0003353501304664781,0.06049206513289677,-0.0003236269157420449,0.07249693248889039,0.29782757079604966,-2.7801383592013144e-05,0.021637599486676196,recurrent latent object-motion state,218,615
F_oracle_self_motion,"Diagnostic observer supplied true self-motion at the visual stage, with near-zero self-state covariance, while retaining recurrent object inference.",23,123,reduced_reliability,1.060698900063786e-11,0.045930014413524324,0.040878515632633665,0.9966771818722954,0.9996646498695336,0.39877124738990916,0.0003858820902883611,0.07435799209291935,0.2964973895204497,0.00011447284581754733,0.022047030221154753,recurrent latent object-motion state,170,663
F_oracle_self_motion,"Diagnostic observer supplied true self-motion at the visual stage, with near-zero self-state covariance, while retaining recurrent object inference.",23,123,recovery,1.0094533968661343e-11,0.0459152872799132,0.037799547102840635,0.005763010469168741,0.0003353501304664781,0.062953153052522,-0.00018957945749267137,0.07220498712223772,0.29648891693478135,-5.623674499549436e-05,0.021407980705930956,recurrent latent object-motion state,129,705
F_oracle_self_motion,"Diagnostic observer supplied true self-motion at the visual stage, with near-zero self-state covariance, while retaining recurrent object inference.",24,124,baseline,1.0853843954296811e-11,0.08853108654198624,0.03413471539645087,0.00039905330585271015,0.0003353501304664781,0.060512554216822716,8.420868678897155e-05,0.07376678201626609,0.2978263163566831,-1.7741989826908326e-05,0.021965301867848692,recurrent latent object-motion state,140,693
F_oracle_self_motion,"Diagnostic observer supplied true self-motion at the visual stage, with near-zero self-state covariance, while retaining recurrent object inference.",24,124,reduced_reliability,1.1264428281710811e-11,0.07023363981506246,0.04018851147830551,0.9984894046921727,0.9996646498695336,0.39929231234339174,-2.699482346774498e-06,0.07640761479298343,0.2964935382799416,-7.562331805985455e-07,0.022654189510411385,recurrent latent object-motion state,235,598
F_oracle_self_motion,"Diagnostic observer supplied true self-motion at the visual stage, with near-zero self-state covariance, while retaining recurrent object inference.",24,124,recovery,1.0035990791832145e-11,0.052362770893386666,0.038973790386446196,0.006094724208379429,0.0003353501304664781,0.06311494854814187,0.00010670771208272031,0.06972613162023451,0.2964842014868131,3.161543310403348e-05,0.02067259726045919,recurrent latent object-motion state,230,604
F_oracle_self_motion,"Diagnostic observer supplied true self-motion at the visual stage, with near-zero self-state covariance, while retaining recurrent object inference.",25,125,baseline,1.0949054103114595e-11,0.05965902267325334,0.044300967954188385,0.0004266019611124846,0.0003353501304664781,0.06054524591275994,0.00012405343614916827,0.07636803120940842,0.29782412999049007,1.8988258894382283e-05,0.022707830394249298,recurrent latent object-motion state,240,593
F_oracle_self_motion,"Diagnostic observer supplied true self-motion at the visual stage, with near-zero self-state covariance, while retaining recurrent object inference.",25,125,reduced_reliability,1.0276782989888339e-11,0.05035880712580773,0.043290011498527264,0.9955539404526058,0.9996646498695336,0.39844928287442377,9.585875674119773e-05,0.0724745421894863,0.29649837318563804,2.8210997498294084e-05,0.02148861403088287,recurrent latent object-motion state,240,593
F_oracle_self_motion,"Diagnostic observer supplied true self-motion at the visual stage, with near-zero self-state covariance, while retaining recurrent object inference.",25,125,recovery,1.03548639599313e-11,0.0579737558180559,0.04308657537568425,0.004592841737776659,0.0003353501304664781,0.06255094702708382,5.3844205374693205e-06,0.07498887656163133,0.2964827348249317,1.4823052999771711e-06,0.022232806757821456,recurrent latent object-motion state,176,658
F_oracle_self_motion,"Diagnostic observer supplied true self-motion at the visual stage, with near-zero self-state covariance, while retaining recurrent object inference.",26,126,baseline,1.0677993244638064e-11,0.049342109905294834,0.04091679269354187,0.0003867952447532424,0.0003353501304664781,0.06049697556204565,-6.256149440967939e-05,0.07709244080664458,0.2978251679700196,9.693802005251129e-06,0.022988119160547826,recurrent latent object-motion state,216,617
F_oracle_self_motion,"Diagnostic observer supplied true self-motion at the visual stage, with near-zero self-state covariance, while retaining recurrent object inference.",26,126,reduced_reliability,9.999085041414524e-12,0.049409552400703514,0.03638877477922675,0.9959956403666039,0.9996646498695336,0.3984681179932652,0.0002918653660923648,0.07187858690135887,0.296501338999194,8.650351867769889e-05,0.021312139892178235,recurrent latent object-motion state,131,702
F_oracle_self_motion,"Diagnostic observer supplied true self-motion at the visual stage, with near-zero self-state covariance, while retaining recurrent object inference.",26,126,recovery,1.0692988852548273e-11,0.056194779968496575,0.03830524480597901,0.007874169314949187,0.0003353501304664781,0.06378217400977228,-0.00027305159984374066,0.07554697907391837,0.2964824138326887,-8.092715178191865e-05,0.022398192893048417,recurrent latent object-motion state,163,671
F_oracle_self_motion,"Diagnostic observer supplied true self-motion at the visual stage, with near-zero self-state covariance, while retaining recurrent object inference.",27,127,baseline,1.0633830423706333e-11,0.053564836960421545,0.04275660529918122,0.00047025439220012305,0.0003353501304664781,0.06058335185088972,0.00013704512322803566,0.0730556416727128,0.29782545966800333,4.641306959917135e-05,0.021676436883116604,recurrent latent object-motion state,224,609
F_oracle_self_motion,"Diagnostic observer supplied true self-motion at the visual stage, with near-zero self-state covariance, while retaining recurrent object inference.",27,127,reduced_reliability,1.1266311650190906e-11,0.07777740412023146,0.04028384882531403,0.997153324122575,0.9996646498695336,0.39901198454337117,0.0001237426064445168,0.0761642589884232,0.29649141110785465,3.668377370575585e-05,0.022581947141033454,recurrent latent object-motion state,209,624
F_oracle_self_motion,"Diagnostic observer supplied true self-motion at the visual stage, with near-zero self-state covariance, while retaining recurrent object inference.",27,127,recovery,1.1137085477619631e-11,0.07411308979455801,0.03465018858673789,0.005540785754634701,0.0003353501304664781,0.06285721320645779,-0.0003164056464467037,0.07248753161929726,0.29647821792799467,-9.355871329954831e-05,0.021490916043044924,recurrent latent object-motion state,208,626
F_oracle_self_motion,"Diagnostic observer supplied true self-motion at the visual stage, with near-zero self-state covariance, while retaining recurrent object inference.",28,128,baseline,9.720262563623688e-12,0.04026102306667644,0.03720633871594647,0.00044761700706573844,0.0003353501304664781,0.0605613425791817,-0.00010351461132657099,0.06836866003300215,0.2978326457613939,-2.2025253694509824e-05,0.020336060813790604,recurrent latent object-motion state,131,702
F_oracle_self_motion,"Diagnostic observer supplied true self-motion at the visual stage, with near-zero self-state covariance, while retaining recurrent object inference.",28,128,reduced_reliability,1.0949277783188665e-11,0.05356731228714173,0.04484809883101673,0.9986107599295262,0.9996646498695336,0.3993195246221625,-2.841721273035101e-05,0.0758590647470682,0.29649349496260863,-8.453609083376141e-06,0.022491817485456575,recurrent latent object-motion state,240,593
F_oracle_self_motion,"Diagnostic observer supplied true self-motion at the visual stage, with near-zero self-state covariance, while retaining recurrent object inference.",28,128,recovery,1.0628266144229107e-11,0.05731054106409222,0.04085368050041856,0.00504242068574412,0.0003353501304664781,0.0627185147053741,0.0002272128464147633,0.07391233810499086,0.2964844322262507,6.726966623623181e-05,0.02191374751923942,recurrent latent object-motion state,187,647
F_oracle_self_motion,"Diagnostic observer supplied true self-motion at the visual stage, with near-zero self-state covariance, while retaining recurrent object inference.",29,129,baseline,1.0426426180905687e-11,0.05090019572469874,0.04373335730526319,0.0003858464287507215,0.0003353501304664781,0.06049595245488817,-0.00010155543548604905,0.0728153323978526,0.2978265206273838,5.3407822784796525e-05,0.02180836340104206,recurrent latent object-motion state,240,593
F_oracle_self_motion,"Diagnostic observer supplied true self-motion at the visual stage, with near-zero self-state covariance, while retaining recurrent object inference.",29,129,reduced_reliability,1.0722419520069323e-11,0.0552935656090808,0.045342806303249175,0.9987344211547553,0.9996646498695336,0.39934330205135093,-0.00028745899397618335,0.07291511881695174,0.2964965505542762,-8.523439180729428e-05,0.021619096524027995,recurrent latent object-motion state,240,593
F_oracle_self_motion,"Diagnostic observer supplied true self-motion at the visual stage, with near-zero self-state covariance, while retaining recurrent object inference.",29,129,recovery,1.0381753810609087e-11,0.08019835850161909,0.035509603736265244,0.006438776630296705,0.0003353501304664781,0.06319140376437547,0.00016172567006568042,0.0698870098947115,0.2964856369563809,4.794162004764209e-05,0.020720198427051435,recurrent latent object-motion state,178,656
G_no_eye_feedback,Canonical estimator with the eye plant forced to zero; exact compensation predicts numerical equivalence to Model A.,0,100,baseline,0.05227903361128479,0.07643590785038243,0.05092163240002351,0.0005075623925149135,0.0003353501304664781,0.06061511918243401,-0.0024793199175558453,0.07517482504751595,0.27756397751359296,-0.0007190485425042195,0.020832314664101615,recurrent latent object-motion state,205,628
G_no_eye_feedback,Canonical estimator with the eye plant forced to zero; exact compensation predicts numerical equivalence to Model A.,0,100,reduced_reliability,0.055827267713420024,0.10741935014438037,0.08539560977309453,0.9978842179763185,0.9996646498695336,0.39917294037915657,0.0015252138565866264,0.07506650065787893,0.26301325198514336,0.0003985222829660659,0.01974194484375684,recurrent latent object-motion state,176,657
G_no_eye_feedback,Canonical estimator with the eye plant forced to zero; exact compensation predicts numerical equivalence to Model A.,0,100,recovery,0.05246766283657685,0.05651998265127678,0.06188071733231652,0.01154629046182021,0.0003353501304664781,0.06522908693444994,-0.0013185016046013335,0.0771743717555875,0.27595630185169584,-0.0003621414266884304,0.021301204520902766,recurrent latent object-motion state,181,653
G_no_eye_feedback,Canonical estimator with the eye plant forced to zero; exact compensation predicts numerical equivalence to Model A.,1,101,baseline,0.048683555599097254,0.07984218432276637,0.05885431523510717,0.00046275495723937306,0.0003353501304664781,0.06057690524035517,-0.002298978673553091,0.07903962412753432,0.2775678476376435,-0.0004867626791427302,0.02198894999533828,recurrent latent object-motion state,240,593
G_no_eye_feedback,Canonical estimator with the eye plant forced to zero; exact compensation predicts numerical equivalence to Model A.,1,101,reduced_reliability,0.0494291789218098,0.08863022369467106,0.07338451959459094,0.9978300399685053,0.9996646498695336,0.39916251165476296,0.0012047323382751531,0.07641895512326301,0.2630106248752602,0.00031150883636554014,0.020100190340144392,recurrent latent object-motion state,207,626
G_no_eye_feedback,Canonical estimator with the eye plant forced to zero; exact compensation predicts numerical equivalence to Model A.,1,101,recovery,0.056941356381200924,0.07651534508826434,0.06763985208762034,0.006930102487196627,0.0003353501304664781,0.063453383089342,-0.0009912873323213597,0.07655336373688208,0.2760351955478157,-0.00027345163927513773,0.02113023108918281,recurrent latent object-motion state,240,594
G_no_eye_feedback,Canonical estimator with the eye plant forced to zero; exact compensation predicts numerical equivalence to Model A.,2,102,baseline,0.05234248019736282,0.07903576463981214,0.060202935547240384,0.00043758810445276093,0.0003353501304664781,0.06055531220684678,-0.0023696405644966943,0.07584764193801194,0.27756596884675055,-0.0005905908920982773,0.021054567565608463,recurrent latent object-motion state,225,608
G_no_eye_feedback,Canonical estimator with the eye plant forced to zero; exact compensation predicts numerical equivalence to Model A.,2,102,reduced_reliability,0.056314391434914686,0.08081190001037071,0.08841325329628952,0.9989933433823598,0.9996646498695336,0.3993960454111171,0.001217664790665759,0.07235692040605739,0.2630001038343653,0.0003169040195481114,0.019029693430278962,recurrent latent object-motion state,184,649
G_no_eye_feedback,Canonical estimator with the eye plant forced to zero; exact compensation predicts numerical equivalence to Model A.,2,102,recovery,0.04862034168998482,0.06977179633367206,0.05188929141233688,0.008047657630647848,0.0003353501304664781,0.06385235794744594,-0.0005497668943527458,0.0766810926322232,0.27601850671346895,-0.00015180159369941433,0.0211660118664013,recurrent latent object-motion state,240,594
G_no_eye_feedback,Canonical estimator with the eye plant forced to zero; exact compensation predicts numerical equivalence to Model A.,3,103,baseline,0.05032722908195536,0.08109506857099569,0.05527311227670311,0.0004026454282045614,0.0003353501304664781,0.06051636179457189,-0.002457451889805906,0.07545993086648056,0.27757445679546094,-0.0005856977062826698,0.021022504281529776,recurrent latent object-motion state,240,593
G_no_eye_feedback,Canonical estimator with the eye plant forced to zero; exact compensation predicts numerical equivalence to Model A.,3,103,reduced_reliability,0.054200494582447585,0.09594562355138885,0.07403792650651653,0.996365210124978,0.9996646498695336,0.3987083833670142,0.0014841006925574451,0.07812175476682566,0.2630196568285964,0.00039054074264895463,0.020546261193790678,recurrent latent object-motion state,240,593
G_no_eye_feedback,Canonical estimator with the eye plant forced to zero; exact compensation predicts numerical equivalence to Model A.,3,103,recovery,0.05811717686221516,0.08646744137798139,0.06376234393548308,0.004815304279080835,0.0003353501304664781,0.06281280388427722,-0.0008703038708748497,0.07661516618929888,0.2760586844601953,-0.00023906031146579625,0.021152573896963022,recurrent latent object-motion state,210,624
G_no_eye_feedback,Canonical estimator with the eye plant forced to zero; exact compensation predicts numerical equivalence to Model A.,4,104,baseline,0.05119621887821709,0.06326255002179447,0.06528116355477227,0.0004922008568262634,0.0003353501304664781,0.060615258522560916,-0.0025643479056967206,0.07613555187005686,0.27756256246097416,-0.0006856782951136181,0.02114596689099095,recurrent latent object-motion state,240,593
G_no_eye_feedback,Canonical estimator with the eye plant forced to zero; exact compensation predicts numerical equivalence to Model A.,4,104,reduced_reliability,0.054262700304995505,0.1312963316583081,0.08083986092684164,0.9962809513371514,0.9996646498695336,0.39880205308941924,0.0016418778162156254,0.07440359743721148,0.2630013045481782,0.0004320635057760304,0.019567994470673887,recurrent latent object-motion state,240,593
G_no_eye_feedback,Canonical estimator with the eye plant forced to zero; exact compensation predicts numerical equivalence to Model A.,4,104,recovery,0.05233158628980748,0.06311261868602265,0.05212097350163002,0.011597143743862283,0.0003353501304664781,0.0650144521163874,-0.0009699333442907426,0.08077451548174229,0.2759804311750428,-0.0002718632823637373,0.022295180989780075,recurrent latent object-motion state,240,594
G_no_eye_feedback,Canonical estimator with the eye plant forced to zero; exact compensation predicts numerical equivalence to Model A.,5,105,baseline,0.05243502133258905,0.0713144386288056,0.05999929294987376,0.0004764632052700766,0.0003353501304664781,0.06060766137016732,-0.002475354811352843,0.07662505576091959,0.2775598334877168,-0.0006986937538668434,0.021214040543254795,recurrent latent object-motion state,240,593
G_no_eye_feedback,Canonical estimator with the eye plant forced to zero; exact compensation predicts numerical equivalence to Model A.,5,105,reduced_reliability,0.05442078559916812,0.11540325656724329,0.08846159485534236,0.9975145787229889,0.9996646498695336,0.39893396400785275,0.0008071957218847711,0.0768658483112215,0.2629932693340563,0.00020296304518260653,0.020215247316290194,recurrent latent object-motion state,213,620
G_no_eye_feedback,Canonical estimator with the eye plant forced to zero; exact compensation predicts numerical equivalence to Model A.,5,105,recovery,0.04971679207214367,0.060781042000984095,0.04868172222436849,0.008399897087013365,0.0003353501304664781,0.06391365538553802,-0.0005903546385218646,0.07673304262613163,0.27602637536639396,-0.00016855471117516215,0.02117677570656526,recurrent latent object-motion state,193,641
G_no_eye_feedback,Canonical estimator with the eye plant forced to zero; exact compensation predicts numerical equivalence to Model A.,6,106,baseline,0.05274316164064624,0.09472747098725408,0.053718430130723985,0.00039515465800574293,0.0003353501304664781,0.06050766204629092,-0.0026041663486260384,0.07900365301474789,0.2775773499003787,-0.0006227333713428532,0.021939921940797608,recurrent latent object-motion state,235,598
G_no_eye_feedback,Canonical estimator with the eye plant forced to zero; exact compensation predicts numerical equivalence to Model A.,6,106,reduced_reliability,0.055201362297272294,0.07405200601923971,0.0744502912947197,0.9978193924331934,0.9996646498695336,0.3991526974358995,0.0014637988736830767,0.07363090493277323,0.26299740546364,0.0003826507296062253,0.019363981393390354,recurrent latent object-motion state,186,647
G_no_eye_feedback,Canonical estimator with the eye plant forced to zero; exact compensation predicts numerical equivalence to Model A.,6,106,recovery,0.05392645410843158,0.09819319279520068,0.05856725188427746,0.0067762420637071845,0.0003353501304664781,0.0635373225240533,-0.001119455198885813,0.07570187159914114,0.27602587240983983,-0.00030410078124413467,0.020900260887827024,recurrent latent object-motion state,181,653
G_no_eye_feedback,Canonical estimator with the eye plant forced to zero; exact compensation predicts numerical equivalence to Model A.,7,107,baseline,0.05190239552492012,0.06378659349272257,0.054375773230939735,0.002116977883321104,0.0003353501304664781,0.061448219440322076,-0.0024670111282388617,0.07645675145395539,0.27752767229201786,-0.0006576447049540357,0.021147142807594513,recurrent latent object-motion state,240,593
G_no_eye_feedback,Canonical estimator with the eye plant forced to zero; exact compensation predicts numerical equivalence to Model A.,7,107,reduced_reliability,0.051489178893096677,0.12111102126191158,0.08842799257988165,0.9950230750393838,0.9996646498695336,0.398279596455691,0.0017402258035794582,0.07527589487464621,0.26303716332080074,0.00045523406774677303,0.01980157373898063,recurrent latent object-motion state,156,677
G_no_eye_feedback,Canonical estimator with the eye plant forced to zero; exact compensation predicts numerical equivalence to Model A.,7,107,recovery,0.05095615161434435,0.06735728747182963,0.057040262031893496,0.008209503766517964,0.0003353501304664781,0.0639736458758172,-0.0011238041728344602,0.07658304533508577,0.2760092320731048,-0.00030969438873204336,0.02113550745008745,recurrent latent object-motion state,240,594
G_no_eye_feedback,Canonical estimator with the eye plant forced to zero; exact compensation predicts numerical equivalence to Model A.,8,108,baseline,0.05124726672090241,0.06039476522035152,0.05618698468293863,0.0005934932898904363,0.0003353501304664781,0.060678326321812796,-0.0023844927847328458,0.07474125645331497,0.27756226016410795,-0.0007015209843306721,0.020749218695790172,recurrent latent object-motion state,226,607
G_no_eye_feedback,Canonical estimator with the eye plant forced to zero; exact compensation predicts numerical equivalence to Model A.,8,108,reduced_reliability,0.056330138604671384,0.11340182780519258,0.10795149981723465,0.9967088090893047,0.9996646498695336,0.3987698409768767,0.0014165926233283663,0.07683098696515678,0.26302898831530547,0.00037703967025711475,0.020209931163068937,recurrent latent object-motion state,184,649
G_no_eye_feedback,Canonical estimator with the eye plant forced to zero; exact compensation predicts numerical equivalence to Model A.,8,108,recovery,0.050122327531798,0.05815609357692133,0.05682409894150116,0.005038950828372995,0.0003353501304664781,0.06273516557097861,-0.0008716964293168087,0.07681909596545734,0.27607170820924526,-0.0002430327488385424,0.021206694314518312,recurrent latent object-motion state,240,594
G_no_eye_feedback,Canonical estimator with the eye plant forced to zero; exact compensation predicts numerical equivalence to Model A.,9,109,baseline,0.0497259163568056,0.09373135449462155,0.05102809404512681,0.0005789827231026595,0.0003353501304664781,0.060688059608510085,-0.002254648448639054,0.07915402334146747,0.2775548138616272,-0.0006854849646487528,0.021971080485273773,recurrent latent object-motion state,167,666
G_no_eye_feedback,Canonical estimator with the eye plant forced to zero; exact compensation predicts numerical equivalence to Model A.,9,109,reduced_reliability,0.05456980541985688,0.12771172829082458,0.06808374690232527,0.9956980379556412,0.9996646498695336,0.3984045908321892,0.0012827643465449,0.07397152290190762,0.26298595128427177,0.0003384835106870709,0.019451951404676395,recurrent latent object-motion state,163,670
G_no_eye_feedback,Canonical estimator with the eye plant forced to zero; exact compensation predicts numerical equivalence to Model A.,9,109,recovery,0.050976537303222394,0.08297775843446305,0.05132841575769993,0.006592502276292745,0.0003353501304664781,0.0632409110881874,-0.000891437556482885,0.07596814371387597,0.2760574426330405,-0.0002479256259322003,0.02096523736732771,recurrent latent object-motion state,161,673
G_no_eye_feedback,Canonical estimator with the eye plant forced to zero; exact compensation predicts numerical equivalence to Model A.,10,110,baseline,0.050221344434371235,0.06713786743534529,0.0549733624712438,0.0004270650234538892,0.0003353501304664781,0.06054726100077127,-0.0029296082041521043,0.07516807513398242,0.27757476935878533,-0.0008053614426446668,0.02079104980662663,recurrent latent object-motion state,185,648
G_no_eye_feedback,Canonical estimator with the eye plant forced to zero; exact compensation predicts numerical equivalence to Model A.,10,110,reduced_reliability,0.050472802848362516,0.1084770700972702,0.08280441049995518,0.9976256781976959,0.9996646498695336,0.3989546834795683,0.0016827309296947616,0.07588430408042227,0.2629808148052241,0.00043899761254483695,0.019956152282519898,recurrent latent object-motion state,161,672
G_no_eye_feedback,Canonical estimator with the eye plant forced to zero; exact compensation predicts numerical equivalence to Model A.,10,110,recovery,0.050429725486457216,0.0712095557632452,0.05890281171743434,0.010684907476782005,0.0003353501304664781,0.06471317803627707,-0.0009699916793329739,0.0737190182400858,0.2759933513669819,-0.0002666282811361112,0.020350445815805248,recurrent latent object-motion state,201,633
G_no_eye_feedback,Canonical estimator with the eye plant forced to zero; exact compensation predicts numerical equivalence to Model A.,11,111,baseline,0.054924269325751826,0.08006748030211115,0.05897219896197288,0.0003964549058825578,0.0003353501304664781,0.06050844332402865,-0.002552170361532467,0.07475539527364561,0.2775803515361118,-0.0006823948825868526,0.020827635919414136,recurrent latent object-motion state,240,593
G_no_eye_feedback,Canonical estimator with the eye plant forced to zero; exact compensation predicts numerical equivalence to Model A.,11,111,reduced_reliability,0.05498662087018938,0.1483402135851159,0.07860369648530734,0.9933175680156869,0.9996646498695336,0.3978731509872126,0.0013744780427681481,0.07342007310388572,0.2630252224101722,0.00036213941842821995,0.0193093111318112,recurrent latent object-motion state,167,666
G_no_eye_feedback,Canonical estimator with the eye plant forced to zero; exact compensation predicts numerical equivalence to Model A.,11,111,recovery,0.05335893192703148,0.08628385558596555,0.05893308239467755,0.010679488168375146,0.0003353501304664781,0.06480646771600324,-0.0007222610767055468,0.07734022664060748,0.27598166178530453,-0.0002031729196396761,0.0213463052055047,recurrent latent object-motion state,236,598
G_no_eye_feedback,Canonical estimator with the eye plant forced to zero; exact compensation predicts numerical equivalence to Model A.,12,112,baseline,0.052176347681895975,0.05529345601473317,0.05586234669898512,0.0004303551936211136,0.0003353501304664781,0.060549163092003734,-0.002529541602812398,0.0745747593045823,0.27757729437582196,-0.0007205614905548369,0.02075803247808353,recurrent latent object-motion state,210,623
G_no_eye_feedback,Canonical estimator with the eye plant forced to zero; exact compensation predicts numerical equivalence to Model A.,12,112,reduced_reliability,0.05195947725298893,0.11598164509649729,0.09161890346024776,0.9966198880755724,0.9996646498695336,0.39858766395923967,0.0013239226551901818,0.07915387468551845,0.2630440649734578,0.000344997494592991,0.020819683988406057,recurrent latent object-motion state,173,660
G_no_eye_feedback,Canonical estimator with the eye plant forced to zero; exact compensation predicts numerical equivalence to Model A.,12,112,recovery,0.05208628587721257,0.0681783818385983,0.06040732171586903,0.012119999651809238,0.0003353501304664781,0.06518286741568323,-0.0008977614100187189,0.07646266865901723,0.2759726243116251,-0.0002508682820923258,0.02110546926150781,recurrent latent object-motion state,240,594
G_no_eye_feedback,Canonical estimator with the eye plant forced to zero; exact compensation predicts numerical equivalence to Model A.,13,113,baseline,0.05206255485385231,0.07257126808762229,0.05731753697710737,0.0004038643026192273,0.0003353501304664781,0.06051774807271718,-0.002264325992042774,0.07802621721148427,0.2775739182203249,-0.0005914111648174952,0.021609955499188475,recurrent latent object-motion state,240,593
G_no_eye_feedback,Canonical estimator with the eye plant forced to zero; exact compensation predicts numerical equivalence to Model A.,13,113,reduced_reliability,0.0571286914435656,0.07675856035674916,0.08876352235652092,0.9966683744852024,0.9996646498695336,0.39876502072274067,0.0010591899448219484,0.08102132741938815,0.2630207540546929,0.0002734200636197277,0.021310916909104076,recurrent latent object-motion state,240,593
G_no_eye_feedback,Canonical estimator with the eye plant forced to zero; exact compensation predicts numerical equivalence to Model A.,13,113,recovery,0.052967839738290945,0.05453863848297995,0.06899249161874706,0.006310643656039875,0.0003353501304664781,0.06319143901351285,-0.0007597842499567028,0.08117445070400615,0.2760462883608897,-0.00021030418687082307,0.02240807916041175,recurrent latent object-motion state,240,594
G_no_eye_feedback,Canonical estimator with the eye plant forced to zero; exact compensation predicts numerical equivalence to Model A.,14,114,baseline,0.05326431118241393,0.0707148747809747,0.06321700550586887,0.0003901519036115007,0.0003353501304664781,0.060501270831588856,-0.002584480072897108,0.08183278478835125,0.2775751250882037,-0.0007757531054512505,0.022725238603670678,recurrent latent object-motion state,240,593
G_no_eye_feedback,Canonical estimator with the eye plant forced to zero; exact compensation predicts numerical equivalence to Model A.,14,114,reduced_reliability,0.05097754808647106,0.09036319365250343,0.08393786514699902,0.9967602740450123,0.9996646498695336,0.39877611023879844,0.0014851710457999838,0.07786125552679371,0.26303246759143734,0.00038986249681570656,0.02048051963168817,recurrent latent object-motion state,240,593
G_no_eye_feedback,Canonical estimator with the eye plant forced to zero; exact compensation predicts numerical equivalence to Model A.,14,114,recovery,0.05314062670197902,0.06133999143152493,0.06825418501884095,0.012903083107170851,0.0003353501304664781,0.06553722808528963,-0.0008857965366257446,0.07868428796737029,0.27594951834241455,-0.0002451673369563089,0.021716967708382176,recurrent latent object-motion state,240,594
G_no_eye_feedback,Canonical estimator with the eye plant forced to zero; exact compensation predicts numerical equivalence to Model A.,15,115,baseline,0.04712875648091697,0.08877222467639248,0.05642154265515883,0.0004333187581671295,0.0003353501304664781,0.060553207004661345,-0.002239799074527058,0.07532955371533984,0.27757354036739196,-0.00038888201880213027,0.021050760162428253,recurrent latent object-motion state,209,624
G_no_eye_feedback,Canonical estimator with the eye plant forced to zero; exact compensation predicts numerical equivalence to Model A.,15,115,reduced_reliability,0.056726008167704796,0.10191648971708765,0.08209374807211185,0.9969865917206782,0.9996646498695336,0.3988160111093665,0.0011782504962615076,0.07296710229433387,0.26298727150148327,0.00030743958993614275,0.019188770669667284,recurrent latent object-motion state,118,715
G_no_eye_feedback,Canonical estimator with the eye plant forced to zero; exact compensation predicts numerical equivalence to Model A.,15,115,recovery,0.051970220713454446,0.07725957594664408,0.06325742468042993,0.00685424026291762,0.0003353501304664781,0.06343896392567198,-0.0005828457360521766,0.07610752997182028,0.27603265483767053,-0.00016113591187588453,0.021010157467277003,recurrent latent object-motion state,240,594
G_no_eye_feedback,Canonical estimator with the eye plant forced to zero; exact compensation predicts numerical equivalence to Model A.,16,116,baseline,0.0517451306473083,0.0630805911659902,0.05153984433904071,0.0004185822136359243,0.0003353501304664781,0.06053492569197563,-0.0026728430298745094,0.07370378475128343,0.2775831303838065,-0.0007872635100960654,0.020429129341354112,recurrent latent object-motion state,201,632
G_no_eye_feedback,Canonical estimator with the eye plant forced to zero; exact compensation predicts numerical equivalence to Model A.,16,116,reduced_reliability,0.05481572524170674,0.13197598569762728,0.08544219534426276,0.9967785768278203,0.9996646498695336,0.3988316239162499,0.0014369232423977782,0.07566828031707197,0.26300722481884453,0.0003790090242653387,0.01990424708345321,recurrent latent object-motion state,240,593
G_no_eye_feedback,Canonical estimator with the eye plant forced to zero; exact compensation predicts numerical equivalence to Model A.,16,116,recovery,0.05609800729487668,0.07076160632047214,0.0677653959952614,0.006864174183735999,0.0003353501304664781,0.06334945395602844,-0.0008852339602194627,0.0782103149634448,0.27604662766326804,-0.0002475064771617743,0.02158830680720359,recurrent latent object-motion state,240,594
G_no_eye_feedback,Canonical estimator with the eye plant forced to zero; exact compensation predicts numerical equivalence to Model A.,17,117,baseline,0.049726389075452786,0.0794064967757275,0.0566956585574074,0.0003969712793661134,0.0003353501304664781,0.06051016105632841,-0.0024393688191131743,0.0781161805618817,0.27757724846022525,-0.0006072767738854136,0.021713211325679906,recurrent latent object-motion state,240,593
G_no_eye_feedback,Canonical estimator with the eye plant forced to zero; exact compensation predicts numerical equivalence to Model A.,17,117,reduced_reliability,0.05548026883733793,0.11122247460298454,0.07474895576715143,0.994638561213522,0.9996646498695336,0.3980209051896053,0.0010921463956701553,0.0747008795005988,0.2629840691168962,0.0002837674689453072,0.019647025175306296,recurrent latent object-motion state,238,595
G_no_eye_feedback,Canonical estimator with the eye plant forced to zero; exact compensation predicts numerical equivalence to Model A.,17,117,recovery,0.05365607593863001,0.08617328511834255,0.05115530812237848,0.0068562782527491,0.0003353501304664781,0.0633728679568589,-0.000837875820962685,0.07349476833264694,0.2760522941766989,-0.00022904063165369215,0.0202870406114702,recurrent latent object-motion state,168,666
G_no_eye_feedback,Canonical estimator with the eye plant forced to zero; exact compensation predicts numerical equivalence to Model A.,18,118,baseline,0.05308937317680226,0.07631113866207387,0.05909712507191429,0.00042701526191046623,0.0003353501304664781,0.060545263137290195,-0.0022042019919228458,0.07521595292772427,0.2775729516223698,-0.0007061723950590624,0.02092792159759926,recurrent latent object-motion state,240,593
G_no_eye_feedback,Canonical estimator with the eye plant forced to zero; exact compensation predicts numerical equivalence to Model A.,18,118,reduced_reliability,0.05367858490874624,0.1357740924044229,0.09024901947406606,0.9973474004067711,0.9996646498695336,0.3990625494148086,0.00146803778300843,0.07547870758547762,0.26298956607452967,0.0003857213486778804,0.019849067117416328,recurrent latent object-motion state,240,593
G_no_eye_feedback,Canonical estimator with the eye plant forced to zero; exact compensation predicts numerical equivalence to Model A.,18,118,recovery,0.04818033766174415,0.06488806398095644,0.05823448327467462,0.013885099173935805,0.0003353501304664781,0.06597519765554473,-0.0010942514141721836,0.08040606629710421,0.2759292183296152,-0.00030301772666265425,0.0221864674540813,recurrent latent object-motion state,240,594
G_no_eye_feedback,Canonical estimator with the eye plant forced to zero; exact compensation predicts numerical equivalence to Model A.,19,119,baseline,0.05148500620835039,0.0747683360866008,0.06241277800938054,0.00044745265290411563,0.0003353501304664781,0.06056584643310795,-0.0023676943389199477,0.07338548036258839,0.27757430612415923,-0.0005949020507564109,0.020385675487386287,recurrent latent object-motion state,240,593
G_no_eye_feedback,Canonical estimator with the eye plant forced to zero; exact compensation predicts numerical equivalence to Model A.,19,119,reduced_reliability,0.05397181379762506,0.11289822220950162,0.09872617350322088,0.9982963538251038,0.9996646498695336,0.39925550969721385,0.0008920703721480854,0.07368025880411402,0.2629981501540344,0.00022894283458881518,0.01937786995828032,recurrent latent object-motion state,194,639
G_no_eye_feedback,Canonical estimator with the eye plant forced to zero; exact compensation predicts numerical equivalence to Model A.,19,119,recovery,0.050343940202487385,0.05838015621484708,0.06042070417402154,0.00825654991299402,0.0003353501304664781,0.06393403057758847,-0.0006613167590842071,0.07544498326784413,0.2760252613249335,-0.00018714134489842068,0.020824772177698785,recurrent latent object-motion state,207,627
G_no_eye_feedback,Canonical estimator with the eye plant forced to zero; exact compensation predicts numerical equivalence to Model A.,20,120,baseline,0.04979896356208758,0.10111176228921492,0.05800227558257419,0.00044416088052364074,0.0003353501304664781,0.06056763819132241,-0.0027919649481329585,0.07737408192068132,0.2775668545920085,-0.000749103819744619,0.021485643065530562,recurrent latent object-motion state,210,623
G_no_eye_feedback,Canonical estimator with the eye plant forced to zero; exact compensation predicts numerical equivalence to Model A.,20,120,reduced_reliability,0.05399013702601002,0.13587997864489362,0.09357624898598832,0.9986616596339168,0.9996646498695336,0.39932987195302083,0.001994610739379854,0.07584710384091228,0.26297800001378796,0.0005257058567553662,0.019945427541810154,recurrent latent object-motion state,192,641
G_no_eye_feedback,Canonical estimator with the eye plant forced to zero; exact compensation predicts numerical equivalence to Model A.,20,120,recovery,0.05156310355269672,0.10110292502238051,0.05564207862824901,0.011558576038746216,0.0003353501304664781,0.06512645419559947,-0.0011953782449075964,0.07822043425751232,0.27596614122521734,-0.00032544835935586586,0.0215871809791392,recurrent latent object-motion state,201,633
G_no_eye_feedback,Canonical estimator with the eye plant forced to zero; exact compensation predicts numerical equivalence to Model A.,21,121,baseline,0.05056171466806139,0.05624414626729243,0.05804824549063236,0.0004510366634586466,0.0003353501304664781,0.060573014664361845,-0.0024615163693946967,0.07411595578354453,0.2775759880056164,-0.0007276593557882886,0.020609549027029772,recurrent latent object-motion state,231,602
G_no_eye_feedback,Canonical estimator with the eye plant forced to zero; exact compensation predicts numerical equivalence to Model A.,21,121,reduced_reliability,0.05559545752070769,0.1293793939085621,0.0840944425440347,0.9963448938826543,0.9996646498695336,0.39868739286223753,0.0014371978858562305,0.07518041590730218,0.26298188946920076,0.00038093115984150883,0.019772218827614887,recurrent latent object-motion state,240,593
G_no_eye_feedback,Canonical estimator with the eye plant forced to zero; exact compensation predicts numerical equivalence to Model A.,21,121,recovery,0.05400984888919548,0.06269473370039305,0.05691282218257646,0.007450576111255739,0.0003353501304664781,0.06373871064521162,-0.0011838759504186316,0.07187855193743549,0.2760345060061362,-0.0003282869706858198,0.019836423156236505,recurrent latent object-motion state,140,694
G_no_eye_feedback,Canonical estimator with the eye plant forced to zero; exact compensation predicts numerical equivalence to Model A.,22,122,baseline,0.05097609946294545,0.07288938815293293,0.05720565898617815,0.0004226098388880861,0.0003353501304664781,0.060538952245456315,-0.0025365470890854015,0.07682557572158728,0.27757279808766117,-0.0008063471964895489,0.02144322337105068,recurrent latent object-motion state,184,649
G_no_eye_feedback,Canonical estimator with the eye plant forced to zero; exact compensation predicts numerical equivalence to Model A.,22,122,reduced_reliability,0.050740528061884727,0.08349886926259847,0.09436816092140372,0.9971517505272517,0.9996646498695336,0.3988603493950536,0.0015999534650690253,0.07490235710109054,0.2630138942639499,0.00042150628898944017,0.019702247866461683,recurrent latent object-motion state,162,671
G_no_eye_feedback,Canonical estimator with the eye plant forced to zero; exact compensation predicts numerical equivalence to Model A.,22,122,recovery,0.051663435069634785,0.054352336777259966,0.06793230710706145,0.011649527508242302,0.0003353501304664781,0.06502506930284711,-0.00093824552698277,0.07814129163957921,0.2759804511309558,-0.0002566659714157806,0.021565769257765485,recurrent latent object-motion state,240,594
G_no_eye_feedback,Canonical estimator with the eye plant forced to zero; exact compensation predicts numerical equivalence to Model A.,23,123,baseline,0.05128720292880176,0.06971469856860425,0.06003045081277088,0.00039163183444531924,0.0003353501304664781,0.06050327532646708,-0.0027923107009906233,0.07418681890108507,0.277579936281198,-0.0007492705515149674,0.02056999031141881,recurrent latent object-motion state,218,615
G_no_eye_feedback,Canonical estimator with the eye plant forced to zero; exact compensation predicts numerical equivalence to Model A.,23,123,reduced_reliability,0.05500621961176081,0.06601050046417736,0.07896276859993896,0.9979033273946026,0.9996646498695336,0.39901775508216736,0.0016956448488017872,0.07701759708291289,0.26300671598464376,0.000442627808841855,0.020256324502400964,recurrent latent object-motion state,170,663
G_no_eye_feedback,Canonical estimator with the eye plant forced to zero; exact compensation predicts numerical equivalence to Model A.,23,123,recovery,0.054156956022441624,0.06044281068433208,0.05370866204245921,0.007328755043651543,0.0003353501304664781,0.06350488672203887,-0.0010441427004722825,0.07491501526946029,0.27604772560668883,-0.0002871212584137156,0.020675391882291096,recurrent latent object-motion state,129,705
G_no_eye_feedback,Canonical estimator with the eye plant forced to zero; exact compensation predicts numerical equivalence to Model A.,24,124,baseline,0.056034995899460364,0.11060674530993181,0.05622159341084604,0.0004028650858497338,0.0003353501304664781,0.06051666564966886,-0.00216529276761758,0.07573934630930064,0.2775786587329494,-0.000474358521194137,0.021042020160801218,recurrent latent object-motion state,140,693
G_no_eye_feedback,Canonical estimator with the eye plant forced to zero; exact compensation predicts numerical equivalence to Model A.,24,124,reduced_reliability,0.05298117111610924,0.12435534716584559,0.08381425882203894,0.9962176820475793,0.9996646498695336,0.398681986348983,0.0014359341358482624,0.07795680023568823,0.2629677221848793,0.000383620233963711,0.02049998601377745,recurrent latent object-motion state,235,598
G_no_eye_feedback,Canonical estimator with the eye plant forced to zero; exact compensation predicts numerical equivalence to Model A.,24,124,recovery,0.05063944938983315,0.06734334551389536,0.06051705235858606,0.00777271700648314,0.0003353501304664781,0.06381519518553033,-0.0006989338394704738,0.07213693408452095,0.2760226825963144,-0.00019318015031565756,0.0199165113242772,recurrent latent object-motion state,230,604
G_no_eye_feedback,Canonical estimator with the eye plant forced to zero; exact compensation predicts numerical equivalence to Model A.,25,125,baseline,0.05388495183881423,0.07869637386536456,0.06577278147769818,0.0004145904875379867,0.0003353501304664781,0.0605311249538087,-0.002225220901092002,0.07833411034403688,0.277569569904818,-0.0004987015673223279,0.021821113771952297,recurrent latent object-motion state,240,593
G_no_eye_feedback,Canonical estimator with the eye plant forced to zero; exact compensation predicts numerical equivalence to Model A.,25,125,reduced_reliability,0.050751798721368556,0.06098531594318943,0.08917881466039308,0.9960282071477368,0.9996646498695336,0.3985668844825454,0.001561574707366624,0.0742677822631574,0.26300406915439417,0.00040593561448234604,0.019532148004344236,recurrent latent object-motion state,240,593
G_no_eye_feedback,Canonical estimator with the eye plant forced to zero; exact compensation predicts numerical equivalence to Model A.,25,125,recovery,0.05483732380973028,0.07399214202370127,0.0620155232596011,0.006063900516840042,0.0003353501304664781,0.06312152564882961,-0.0008699883705258547,0.07684585061552006,0.276058400088426,-0.0002385967920674808,0.02121485786623115,recurrent latent object-motion state,176,658
G_no_eye_feedback,Canonical estimator with the eye plant forced to zero; exact compensation predicts numerical equivalence to Model A.,26,126,baseline,0.05290724449819469,0.057410350517166225,0.059943696668945945,0.00039493874254651647,0.0003353501304664781,0.06050717323415246,-0.0023995888654387283,0.07866312973307048,0.2775764664552822,-0.0004938624493256115,0.0219924568201736,recurrent latent object-motion state,216,617
G_no_eye_feedback,Canonical estimator with the eye plant forced to zero; exact compensation predicts numerical equivalence to Model A.,26,126,reduced_reliability,0.053820563491699135,0.0854022478199327,0.0800042150824927,0.9939852423183878,0.9996646498695336,0.3980514773590668,0.0017480137743350682,0.07444871144812505,0.2630221501205649,0.00045844746724768765,0.01958029147031336,recurrent latent object-motion state,131,702
G_no_eye_feedback,Canonical estimator with the eye plant forced to zero; exact compensation predicts numerical equivalence to Model A.,26,126,recovery,0.053974583209039646,0.0676968736542351,0.05972555201503771,0.008606047980340408,0.0003353501304664781,0.06409010371502884,-0.0011974101118971086,0.07826170357672789,0.27600835889134645,-0.00032797358175849767,0.021598619726677926,recurrent latent object-motion state,163,671
G_no_eye_feedback,Canonical estimator with the eye plant forced to zero; exact compensation predicts numerical equivalence to Model A.,27,127,baseline,0.04818328112980055,0.07560824879684891,0.054355724444286616,0.0004698918054776172,0.0003353501304664781,0.06057930634919802,-0.0022584016557965457,0.07540426457047786,0.2775681467379383,-0.0005618100958491043,0.02088263873395879,recurrent latent object-motion state,224,609
G_no_eye_feedback,Canonical estimator with the eye plant forced to zero; exact compensation predicts numerical equivalence to Model A.,27,127,reduced_reliability,0.05082500533464182,0.11700966398923016,0.08278330338452547,0.9974052204480822,0.9996646498695336,0.3990741202999856,0.0017099880940888348,0.07822914965810004,0.26297777918227994,0.0004469475458124976,0.02057163253153049,recurrent latent object-motion state,209,624
G_no_eye_feedback,Canonical estimator with the eye plant forced to zero; exact compensation predicts numerical equivalence to Model A.,27,127,recovery,0.051401648911117905,0.09882627474278335,0.05224732858882269,0.007384411447690264,0.0003353501304664781,0.06365710587433063,-0.0011799356775052002,0.07488126460890086,0.27602868393185326,-0.00032091468136324886,0.020669461167310436,recurrent latent object-motion state,208,626
G_no_eye_feedback,Canonical estimator with the eye plant forced to zero; exact compensation predicts numerical equivalence to Model A.,28,128,baseline,0.05190722155131241,0.05778358004097755,0.056706823752402366,0.00039664462299667094,0.0003353501304664781,0.06050941948392914,-0.0025904116077141593,0.07133606871731354,0.27758092295608744,-0.0007173540509508491,0.019737365639499828,recurrent latent object-motion state,131,702
G_no_eye_feedback,Canonical estimator with the eye plant forced to zero; exact compensation predicts numerical equivalence to Model A.,28,128,reduced_reliability,0.05239511785503714,0.11633321541294865,0.07808412196109257,0.9987343932810161,0.9996646498695336,0.39934436286384545,0.0012008940942186146,0.07775357352803462,0.2629481596274479,0.0003113439788603332,0.020443049584120732,recurrent latent object-motion state,240,593
G_no_eye_feedback,Canonical estimator with the eye plant forced to zero; exact compensation predicts numerical equivalence to Model A.,28,128,recovery,0.05186988913835317,0.06978012853561631,0.0558323507706992,0.006217574532578558,0.0003353501304664781,0.06313329642663779,-0.0006713158699339545,0.07520097902088205,0.27606107721184203,-0.00018770681861151337,0.020763368789717556,recurrent latent object-motion state,187,647
G_no_eye_feedback,Canonical estimator with the eye plant forced to zero; exact compensation predicts numerical equivalence to Model A.,29,129,baseline,0.05361311017271911,0.061405073158389105,0.06477260569312294,0.0004028911934845437,0.0003353501304664781,0.06051644991485146,-0.0026257656531528837,0.07552456292584701,0.2775843107428524,-0.0007066822124766691,0.02100517443684143,recurrent latent object-motion state,240,593
G_no_eye_feedback,Canonical estimator with the eye plant forced to zero; exact compensation predicts numerical equivalence to Model A.,29,129,reduced_reliability,0.05498471706348487,0.10932957300620386,0.1015631246191261,0.9976970194137876,0.9996646498695336,0.39913408843507936,0.0012847594631344693,0.07429627714445107,0.26299385944020115,0.0003349032435222866,0.01954027344903469,recurrent latent object-motion state,240,593
G_no_eye_feedback,Canonical estimator with the eye plant forced to zero; exact compensation predicts numerical equivalence to Model A.,29,129,recovery,0.05467534998437254,0.10019026942177724,0.0551648464152732,0.008141275352970993,0.0003353501304664781,0.06383425070987668,-0.0008048875425680179,0.07164039944515226,0.27603338992710513,-0.00022781508494669036,0.01977680354935327,recurrent latent object-motion state,178,656
