parameter,canonical_value,tested_value,level_index,level_label,realization_id,rng_seed,baseline_angular_rmse,reduced_angular_rmse,paired_change_angular_rmse,percent_change_angular_rmse,baseline_object_rmse,reduced_object_rmse,paired_change_object_rmse,percent_change_object_rmse,baseline_false_positive_rms,reduced_false_positive_rms,paired_change_false_positive_rms,percent_change_false_positive_rms
sigma_oto_base,0.06,0.03,0,level_1,0,100,0.052275978874979236,0.055835166303629176,0.0035591874286499403,6.808456781195671,0.07612619073146719,0.10660468592675752,0.030478495195290334,40.03680586462325,0.04974088836213088,0.07242904943000414,0.02268816106787326,45.61269775219051
sigma_oto_base,0.06,0.03,0,level_1,1,101,0.04867026178150981,0.049353868975155125,0.0006836071936453178,1.4045685571081625,0.07614901360334413,0.08459159428618777,0.008442580682843648,11.086920609136934,0.05654893621868825,0.07405093971560323,0.017502003496914977,30.950190520349572
sigma_oto_base,0.06,0.03,0,level_1,2,102,0.05233678576075576,0.05632093449195451,0.003984148731198747,7.612520855620108,0.07790211977646407,0.08294548352233627,0.005043363745872206,6.473974983407214,0.059766354647270446,0.07885684704776166,0.019090492400491217,31.941871832671808
sigma_oto_base,0.06,0.03,0,level_1,3,103,0.05033074355657249,0.05418280688464909,0.0038520633280766034,7.6534997416575585,0.07930632321760152,0.09503073097319799,0.01572440775559647,19.8274325648053,0.0535541579295055,0.07834941728459113,0.024795259355085635,46.29941037953425
sigma_oto_base,0.06,0.03,0,level_1,4,104,0.05120293662726688,0.05431245203269483,0.0031095154054279484,6.072923957592017,0.06214457557733324,0.12364721130300102,0.06150263572566778,98.9670219070583,0.0628749988601834,0.08232972972784493,0.01945473086766153,30.941918441896863
sigma_oto_base,0.06,0.03,0,level_1,5,105,0.05243900132906954,0.05440654234265654,0.001967541013586996,3.7520566061891993,0.07015920640087207,0.11391372493103631,0.04375451853016424,62.36461438882577,0.058416328193282345,0.0714591564525547,0.013042828259272353,22.327367471843647
sigma_oto_base,0.06,0.03,0,level_1,6,106,0.052747232347698424,0.05519087656770174,0.002443644220003316,4.632743958764203,0.09459437131399784,0.0803602931681124,-0.01423407814588544,-15.047489557953346,0.05398807907308235,0.07034494983370795,0.016356870760625607,30.297189752729874
sigma_oto_base,0.06,0.03,0,level_1,7,107,0.051901082582241,0.051357882928772865,-0.0005431996534681349,-1.0466056321800148,0.06225198725955525,0.0997474915062892,0.03749550424673395,60.231818930372626,0.05167062092478846,0.08413122577585402,0.03246060485106556,62.822169097435626
sigma_oto_base,0.06,0.03,0,level_1,8,108,0.05125138931598,0.05632677152011965,0.005075382204139653,9.902916334322994,0.0597466749251738,0.10974971995024566,0.05000304502507186,83.69176207327894,0.05458605690734232,0.0939250711478248,0.03933901424048249,72.06788046123008
sigma_oto_base,0.06,0.03,0,level_1,9,109,0.049722302518832924,0.054490440420158444,0.00476813790132552,9.58953560028627,0.09221232568795859,0.13761802979637,0.04540570410841141,49.240384915636774,0.050231281482608324,0.06092150516027813,0.010690223677669808,21.28200468341845
sigma_oto_base,0.06,0.03,0,level_1,10,110,0.0502249254881333,0.05039975308860459,0.0001748276004712862,0.34808931774840146,0.06560611920522141,0.09940413678373124,0.03379801757850982,51.51656276571825,0.05410937767276641,0.07456485845332726,0.02045548078056085,37.80394759715786
sigma_oto_base,0.06,0.03,0,level_1,11,111,0.05492653837348127,0.05501749419371949,9.09558202382213e-05,0.1655953987483309,0.08091561389617967,0.12523638967152192,0.044320775775342255,54.77407096263136,0.05877648971377191,0.07207624652394616,0.01329975681017425,22.627681365357187
sigma_oto_base,0.06,0.03,0,level_1,12,112,0.05218235783488506,0.05194469398258302,-0.0002376638523020405,-0.45544866534021766,0.053536066187057786,0.11407491806255987,0.060538851875502085,113.08050102892544,0.054421712558062815,0.08228520071877354,0.027863488160710728,51.19921231986778
sigma_oto_base,0.06,0.03,0,level_1,13,113,0.052050507938989694,0.05713946673962084,0.005088958800631142,9.776962804274834,0.0723334544898869,0.08747027256499706,0.015136818075110164,20.926441550260087,0.05515701889440537,0.08962200912978657,0.0344649902353812,62.48523021405897
sigma_oto_base,0.06,0.03,0,level_1,14,114,0.05326334394099658,0.05097715741741399,-0.0022861865235825896,-4.292232433087854,0.068738816128773,0.07702671723465376,0.008287901105880763,12.05709026229734,0.06097016554545189,0.07925400362797667,0.018283838082524782,29.988171950910303
sigma_oto_base,0.06,0.03,0,level_1,15,115,0.04711109001888041,0.05669242449699691,0.009581334478116495,20.33774738448345,0.08561433130270796,0.09719908287778757,0.011584751575079613,13.531322850749394,0.052587065332460846,0.0824122601712446,0.029825194838783757,56.715838106244945
sigma_oto_base,0.06,0.03,0,level_1,16,116,0.05172644010125197,0.05482348078319692,0.0030970406819449472,5.987345496582873,0.06079629417491501,0.12308016870308602,0.06228387452817102,102.44682734933834,0.05041564408698884,0.07595345333149704,0.0255378092445082,50.65453334374626
sigma_oto_base,0.06,0.03,0,level_1,17,117,0.04971941028161752,0.05547751252588043,0.0057581022442629096,11.581195777762112,0.07941181126833395,0.09725297078876666,0.017841159520432706,22.46663214889672,0.054638934920912,0.06367729763328388,0.009038362712371878,16.54198187694288
sigma_oto_base,0.06,0.03,0,level_1,18,118,0.05306929808981111,0.05367076418729944,0.0006014660974883318,1.133359812806359,0.0747909750769646,0.09847635826900551,0.023685383192040915,31.668771757109965,0.058376491525528956,0.07170148039994878,0.013324988874419824,22.82595018337578
sigma_oto_base,0.06,0.03,0,level_1,19,119,0.05147168380815749,0.05391970901001987,0.0024480252018623805,4.7560620145758765,0.07154299460444706,0.10368249779224116,0.0321395031877941,44.92334066457477,0.06107505075731638,0.09387436623233991,0.03279931547502353,53.70329630236843
sigma_oto_base,0.06,0.03,0,level_1,20,120,0.04980342596676648,0.05402296637805224,0.004219540411285763,8.472389859487652,0.09825128136481434,0.1368559131689249,0.038604631804110556,39.29173367293672,0.05579463678049412,0.06739202411937725,0.01159738733888313,20.785846110100664
sigma_oto_base,0.06,0.03,0,level_1,21,121,0.05056338578596845,0.05557864494045822,0.005015259154489769,9.91875657955153,0.05563945993243285,0.12093074041938877,0.06529128048695593,117.34707807416535,0.05758460571173153,0.08113514321833928,0.023550537506607752,40.8972801246599
sigma_oto_base,0.06,0.03,0,level_1,22,122,0.05098064950892612,0.05071348800846067,-0.00026716150046544873,-0.5240449131952936,0.0698654480394165,0.08427494468377772,0.014409496644361225,20.624639286978756,0.056510357755036385,0.08118766666932563,0.024677308914289244,43.66864747390477
sigma_oto_base,0.06,0.03,0,level_1,23,123,0.05129368804547934,0.05499753442565053,0.00370384638017119,7.220861905829796,0.06942834264959154,0.06309307282032475,-0.006335269829266785,-9.12490430780009,0.05687745330380422,0.07245985535048446,0.015582402046680245,27.39644822606364
sigma_oto_base,0.06,0.03,0,level_1,24,124,0.0560262103619806,0.053035874260559855,-0.002990336101420743,-5.3373877727949735,0.11011135572878741,0.1200447309949604,0.00993337526617298,9.021208757650424,0.05320885018445847,0.07608925689503299,0.022880406710574515,43.00112975802951
sigma_oto_base,0.06,0.03,0,level_1,25,125,0.05387406392746245,0.05072691548577485,-0.0031471484416875986,-5.841676332279309,0.076942628734613,0.06978996833202965,-0.007152660402583347,-9.296095701712995,0.06377350690722797,0.08642340896372488,0.022649902056496918,35.51616204742509
sigma_oto_base,0.06,0.03,0,level_1,26,126,0.052911023004234156,0.05379393277779263,0.0008829097735584754,1.6686688773487168,0.05759311847622165,0.07411102349992994,0.01651790502370829,28.68034491052608,0.05864016744906522,0.06531823702020696,0.00667806957114174,11.388217090175099
sigma_oto_base,0.06,0.03,0,level_1,27,127,0.04817673345950113,0.05085701408660683,0.002680280627105701,5.563433704692388,0.07291830316769532,0.10609231193442387,0.03317400876672855,45.4947623924215,0.05270700837835243,0.06749337301043898,0.014786364632086546,28.05388711486712
sigma_oto_base,0.06,0.03,0,level_1,28,128,0.0519008500705979,0.052386535202277526,0.0004856851316796251,0.9357941748911127,0.05502286647345311,0.10552781150256556,0.05050494502911245,91.78901112590995,0.054915834153498135,0.07042687704481139,0.015511042891313255,28.2451193365424
sigma_oto_base,0.06,0.03,0,level_1,29,129,0.05361536812843217,0.055012008859558134,0.001396640731125963,2.6049261245029594,0.06087084248179749,0.11964261977634631,0.05877177729454882,96.55160812358336,0.06297989432420223,0.07822493002462719,0.015245035700424958,24.206194475252587
sigma_oto_base,0.06,0.045,1,level_2,0,100,0.0522773221410919,0.05583473522030789,0.0035574130792159903,6.80488772859261,0.07617508149369207,0.10152756642515487,0.025352484931462804,33.28186125217628,0.05018997366293825,0.07807203755909285,0.0278820638961546,55.55305544370814
sigma_oto_base,0.06,0.045,1,level_2,1,101,0.04867655144396099,0.04941208875038045,0.0007355373064194606,1.51107111042213,0.07790162249900509,0.08695280218081383,0.009051179681808741,11.618730639306436,0.057582092982282486,0.06916207540217076,0.011579982419888273,20.11038817823335
sigma_oto_base,0.06,0.045,1,level_2,2,102,0.052339478970532954,0.05631506706689466,0.0039755880963617055,7.595773161211549,0.07841899927897032,0.08279981349975603,0.004380814220785706,5.586419440525189,0.059886162890226684,0.08193576554369333,0.02204960265346665,36.81919426676961
sigma_oto_base,0.06,0.045,1,level_2,3,103,0.05032875668864537,0.054197845591049204,0.003869088902403832,7.687630605181896,0.08014296607709855,0.09476868911405416,0.014625723036955612,18.249540481051678,0.05431436416848542,0.07243923644107572,0.018124872272590305,33.370311058721406
sigma_oto_base,0.06,0.045,1,level_2,4,104,0.05119894399328192,0.054272264474254955,0.0030733204809730366,6.0027028709348045,0.06260204906259728,0.12377869456179758,0.061176645499200294,97.72307203239994,0.06398941809721853,0.07743042882583688,0.01344101072861835,21.005052285672527
sigma_oto_base,0.06,0.045,1,level_2,5,105,0.052436899612557,0.05441125068244034,0.0019743510698833414,3.7651941370891917,0.07062641373035171,0.11489740861747354,0.04427099488712183,62.68333977164178,0.059102457638965246,0.08187216932054428,0.022769711681579034,38.5258288592171
sigma_oto_base,0.06,0.045,1,level_2,6,106,0.05274501189725459,0.05519107232025843,0.00244606042300384,4.637519900021407,0.09458837600790534,0.07149009747944363,-0.02309827852846172,-24.419785499363314,0.053704792240527856,0.07260997919860705,0.018905186958079197,35.202048400836304
sigma_oto_base,0.06,0.045,1,level_2,7,107,0.051900521981087605,0.05148706076894974,-0.0004134612121378667,-0.7966417221941057,0.06289508996163719,0.10899396069966942,0.04609887073803223,73.29486413987198,0.05284889120436108,0.08085688624378805,0.02800799503942697,52.99637211142806
sigma_oto_base,0.06,0.045,1,level_2,8,108,0.051248908432548125,0.05633176489893004,0.005082856466381916,9.917979956727818,0.059939480663550905,0.10862483915989274,0.048685358496341834,81.22419139668541,0.05525947233571662,0.1006044695253464,0.045344997189629775,82.05832461473092
sigma_oto_base,0.06,0.045,1,level_2,9,109,0.04972458809082781,0.05456544695011359,0.004840858859285778,9.735342302772583,0.09286466252797722,0.1301306565620641,0.03726599403408688,40.12935924131508,0.050422474034351725,0.06212388096576003,0.011701406931408302,23.206729053866717
sigma_oto_base,0.06,0.045,1,level_2,10,110,0.05022310631292751,0.050447290195937466,0.00022418388300995962,0.4463759800382047,0.0663006644466797,0.10282082118715788,0.03652015674047818,55.08264064208346,0.05436795842832403,0.07530159944846103,0.020933641020137,38.503636379384844
sigma_oto_base,0.06,0.045,1,level_2,11,111,0.05492531201505183,0.0549931680205515,6.785600549966825e-05,0.12354232140014583,0.08042568140783087,0.14245797853320813,0.062032297125377264,77.12996152412744,0.058758905456322945,0.07492574510883789,0.01616683965251494,27.5138543289105
sigma_oto_base,0.06,0.045,1,level_2,12,112,0.05217950513748406,0.05195225857872936,-0.00022724655875470262,-0.43550922561635425,0.05434807134948911,0.1116683288019017,0.057320257452412586,105.46879774962136,0.055005988869127935,0.08556328337875223,0.030557294509624293,55.55266824186584
sigma_oto_base,0.06,0.045,1,level_2,13,113,0.05205626931333237,0.05712430787244543,0.005068038559113058,9.735692983698046,0.07234392660703995,0.07635658377722843,0.004012657170188477,5.546639999214525,0.056074359723757745,0.08460892211469087,0.028534562390933126,50.887005275681325
sigma_oto_base,0.06,0.045,1,level_2,14,114,0.05326352005549149,0.05097925276393646,-0.0022842672915550297,-4.288614964191652,0.06960083212959829,0.08397508988820425,0.014374257758605957,20.652422275412988,0.06196988101464391,0.07872396748106346,0.01675408646641955,27.035853856909046
sigma_oto_base,0.06,0.045,1,level_2,15,115,0.04711958905094656,0.05671416373754414,0.009594574686597579,20.362178193497716,0.08709854876015094,0.0995024246505515,0.012403875890400554,14.24119697396788,0.05439166338226985,0.0789933502956402,0.02460168691337035,45.23062062005224
sigma_oto_base,0.06,0.045,1,level_2,16,116,0.051735619245862514,0.054819372956821585,0.003083753710959071,5.960600754200288,0.06182607260397364,0.12554473344696562,0.06371866084299199,103.06114905784379,0.050832145083389055,0.07831229589827345,0.02748015081488439,54.06057676653973
sigma_oto_base,0.06,0.045,1,level_2,17,117,0.04972259600660192,0.0554854459257783,0.005762849919176381,11.590002095649266,0.07932282767103097,0.10807761197602193,0.02875478430499097,36.25032685955589,0.05554269545621002,0.06760858652814249,0.012065891071932469,21.723632554788853
sigma_oto_base,0.06,0.045,1,level_2,18,118,0.053079128241468994,0.05369058084039871,0.0006114525989297168,1.1519642827366723,0.07543639306282003,0.12318445919439668,0.047748066131576644,63.29579688654282,0.058611057216735304,0.08050060414985061,0.021889546933115303,37.34712863508141
sigma_oto_base,0.06,0.045,1,level_2,19,119,0.051477852685067306,0.05395482519146748,0.0024769725064001727,4.81172461010343,0.07306606050788148,0.10797414266926567,0.03490808216138419,47.77605624107616,0.06162574354069749,0.09142472330803712,0.029798979767339633,48.35475899395917
sigma_oto_base,0.06,0.045,1,level_2,20,120,0.04980099475626516,0.05400202362444343,0.004201028868178268,8.435632438144745,0.09961245718442968,0.1385955225629089,0.03898306537847923,39.1347292099252,0.05678780022519353,0.08251630373604975,0.025728503510856218,45.30639223359446
sigma_oto_base,0.06,0.045,1,level_2,21,121,0.05056209245428217,0.05559946663976486,0.005037374185482689,9.962748654117592,0.0558667555520126,0.12280081842880065,0.06693406287678805,119.81018445660703,0.0576834369195445,0.07859022310814096,0.020906786188596455,36.244002273575944
sigma_oto_base,0.06,0.045,1,level_2,22,122,0.05097794503928298,0.05074447213723656,-0.00023347290204642213,-0.4579880610458322,0.0712690988761382,0.07878262758733443,0.0075135287111962185,10.542477496810111,0.05670821480317504,0.08874244218847453,0.03203422738529949,56.489571213774
sigma_oto_base,0.06,0.045,1,level_2,23,123,0.05129026865150778,0.055005701912409576,0.0037154332609017973,7.243934100143526,0.06951678428796347,0.06268592509985776,-0.006830859188105706,-9.826201338384463,0.058323610305223705,0.07547868808070184,0.01715507777547813,29.413607432223124
sigma_oto_base,0.06,0.045,1,level_2,24,124,0.05603057675650263,0.05299098011418453,-0.0030395966423181,-5.4248890842719,0.11027678303840194,0.12025589323575579,0.009979110197353855,9.049148807577028,0.05454596297224092,0.07435828899755989,0.019812326025318967,36.32225914757741
sigma_oto_base,0.06,0.045,1,level_2,25,125,0.053879347169572545,0.05074507718548983,-0.003134269984082713,-5.817201114590971,0.07765822701981116,0.06456710613505082,-0.013091120884760346,-16.857352256343308,0.0646900465397819,0.08484344984872044,0.02015340330893854,31.1537931829203
sigma_oto_base,0.06,0.045,1,level_2,26,126,0.052908936674751175,0.053826753075854314,0.0009178164011031387,1.7347095949881988,0.057410984659706885,0.07912050754340819,0.0217095228837013,37.81423191464235,0.05918849516807344,0.07469025308036695,0.01550175791229351,26.19049169652692
sigma_oto_base,0.06,0.045,1,level_2,27,127,0.048179536893972225,0.05083888273644277,0.002659345842470545,5.519658373476931,0.07414814539412197,0.11365684366851377,0.039508698274391796,53.28346119028327,0.05342143853663564,0.07682184384643564,0.023400405309800004,43.803397944352156
sigma_oto_base,0.06,0.045,1,level_2,28,128,0.05190380295801675,0.05239749867835831,0.0004936957203415596,0.9511744654643004,0.05628160622730971,0.10923126874754524,0.05294966252023553,94.07987097308994,0.05569710092037274,0.07118647698616415,0.015489376065791406,27.81002208343979
sigma_oto_base,0.06,0.045,1,level_2,29,129,0.053613964071783066,0.054983840713695574,0.0013698766419125083,2.5550743460759544,0.061039845116253294,0.1129528837890528,0.051913038672799505,85.04778898755174,0.06375890528154075,0.09167173677957617,0.027912831498035418,43.77871824301325
sigma_oto_base,0.06,0.06,2,canonical,0,100,0.05227903361128479,0.05582726771342003,0.003548234102135242,6.787107291457911,0.07643590785038243,0.10741935014438038,0.03098344229399795,40.535192379275095,0.05092163240002351,0.08539560977309452,0.03447397737307101,67.70006330954757
sigma_oto_base,0.06,0.06,2,canonical,1,101,0.048683555599097254,0.0494291789218098,0.000745623322712545,1.531571212367182,0.07984218432276635,0.08863022369467108,0.008788039371904727,11.006762210285483,0.05885431523510717,0.07338451959459094,0.014530204359483774,24.688426500995746
sigma_oto_base,0.06,0.06,2,canonical,2,102,0.05234248019736282,0.056314391434914686,0.003971911237551869,7.588313015690812,0.07903576463981214,0.0808119000103707,0.0017761353705585542,2.2472552503956846,0.060202935547240384,0.08841325329628952,0.028210317749049134,46.85870795604792
sigma_oto_base,0.06,0.06,2,canonical,3,103,0.05032722908195535,0.054200494582447585,0.0038732655004922317,7.696162835002925,0.0810950685709957,0.09594562355138886,0.014850554980393157,18.312525338568587,0.05527311227670311,0.07403792650651653,0.018764814229813416,33.949262954245725
sigma_oto_base,0.06,0.06,2,canonical,4,104,0.05119621887821709,0.054262700304995505,0.003066481426778414,5.989663873562227,0.06326255002179447,0.1312963316583081,0.06803378163651362,107.54195272412419,0.06528116355477227,0.08083986092684163,0.015558697372069358,23.833364059167366
sigma_oto_base,0.06,0.06,2,canonical,5,105,0.05243502133258905,0.05442078559916811,0.0019857642665790584,3.7870953727349397,0.07131443862880558,0.11540325656724328,0.04408881793843769,61.82312977028635,0.05999929294987376,0.08846159485534237,0.028462301905468612,47.43772885665063
sigma_oto_base,0.06,0.06,2,canonical,6,106,0.05274316164064624,0.055201362297272294,0.002458200656626053,4.660700231386306,0.09472747098725408,0.07405200601923972,-0.020675464968014354,-21.82626090671872,0.053718430130723985,0.0744502912947197,0.02073186116399571,38.593572287098965
sigma_oto_base,0.06,0.06,2,canonical,7,107,0.05190239552492012,0.05148917889309668,-0.0004132166318234348,-0.7961417341999857,0.06378659349272257,0.12111102126191156,0.05732442776918899,89.8690847563903,0.054375773230939735,0.08842799257988165,0.03405221934894192,62.62388068362448
sigma_oto_base,0.06,0.06,2,canonical,8,108,0.05124726672090241,0.05633013860467138,0.00508287188376897,9.918327764582616,0.06039476522035152,0.11340182780519259,0.05300706258484107,87.76764408544967,0.05618698468293863,0.10795149981723465,0.051764515134296016,92.1290142662069
sigma_oto_base,0.06,0.06,2,canonical,9,109,0.0497259163568056,0.05456980541985687,0.00484388906305127,9.741176066609226,0.09373135449462155,0.12771172829082458,0.03398037379620303,36.25294222986276,0.051028094045126815,0.06808374690232526,0.01705565285719844,33.42404449226584
sigma_oto_base,0.06,0.06,2,canonical,10,110,0.050221344434371235,0.050472802848362516,0.00025145841399128177,0.5007002835614749,0.06713786743534526,0.10847707009727019,0.04133920266192492,61.57360107056598,0.0549733624712438,0.08280441049995518,0.027831048028711385,50.62642483124371
sigma_oto_base,0.06,0.06,2,canonical,11,111,0.05492426932575183,0.05498662087018938,6.235154443754581e-05,0.11352275633881145,0.08006748030211115,0.1483402135851159,0.06827273328300475,85.26899188709025,0.05897219896197289,0.07860369648530734,0.01963149752333445,33.28941072045397
sigma_oto_base,0.06,0.06,2,canonical,12,112,0.052176347681895975,0.05195947725298893,-0.00021687042890704278,-0.41564892627065186,0.05529345601473317,0.11598164509649729,0.06068818908176412,109.75654888635194,0.05586234669898512,0.09161890346024777,0.03575655676126265,64.00833275755001
sigma_oto_base,0.06,0.06,2,canonical,13,113,0.05206255485385231,0.05712869144356561,0.005066136589713298,9.730864349501731,0.0725712680876223,0.07675856035674918,0.004187292269126869,5.769903681538465,0.05731753697710737,0.08876352235652092,0.03144598537941355,54.862764588040626
sigma_oto_base,0.06,0.06,2,canonical,14,114,0.05326431118241393,0.05097754808647106,-0.002286763095942876,-4.293236963323178,0.0707148747809747,0.09036319365250345,0.01964831887152875,27.785269976628708,0.06321700550586887,0.08393786514699901,0.020720859641130143,32.77735077028677
sigma_oto_base,0.06,0.06,2,canonical,15,115,0.04712875648091697,0.0567260081677048,0.009597251686787836,20.363897550901612,0.08877222467639247,0.10191648971708762,0.013144265040695158,14.806731597198175,0.05642154265515883,0.08209374807211185,0.025672205416953024,45.500715168066606
sigma_oto_base,0.06,0.06,2,canonical,16,116,0.0517451306473083,0.05481572524170674,0.003070594594398443,5.934074483891888,0.0630805911659902,0.13197598569762728,0.06889539453163708,109.21805464749977,0.05153984433904071,0.08544219534426276,0.03390235100522205,65.778916176395
sigma_oto_base,0.06,0.06,2,canonical,17,117,0.049726389075452786,0.05548026883733793,0.005753879761885142,11.571078996213538,0.07940649677572749,0.11122247460298454,0.03181597782725705,40.067222606629805,0.0566956585574074,0.07474895576715143,0.01805329720974403,31.842468487184245
sigma_oto_base,0.06,0.06,2,canonical,18,118,0.05308937317680226,0.053678584908746246,0.0005892117319439838,1.1098487261880945,0.07631113866207387,0.1357740924044229,0.05946295374234903,77.9217225491378,0.05909712507191428,0.09024901947406606,0.031151894402151784,52.71304545566908
sigma_oto_base,0.06,0.06,2,canonical,19,119,0.05148500620835039,0.05397181379762506,0.0024868075892746644,4.830158860641891,0.0747683360866008,0.11289822220950155,0.03812988612290075,50.99737150594954,0.06241277800938054,0.09872617350322085,0.036313395493840314,58.18262966660844
sigma_oto_base,0.06,0.06,2,canonical,20,120,0.04979896356208757,0.05399013702601002,0.0041911734639224485,8.41618612945035,0.10111176228921491,0.1358799786448936,0.034768216355678686,34.385926591042356,0.058002275582574196,0.09357624898598832,0.03557397340341412,61.33203059036829
sigma_oto_base,0.06,0.06,2,canonical,21,121,0.05056171466806138,0.05559545752070769,0.0050337428526463154,9.955641112436423,0.056244146267292426,0.12937939390856212,0.07313524764126969,130.03174995972856,0.05804824549063236,0.08409444254403468,0.026046197053402324,44.869912661883255
sigma_oto_base,0.06,0.06,2,canonical,22,122,0.05097609946294546,0.05074052806188473,-0.00023557140106072322,-0.46212127554396376,0.07288938815293293,0.08349886926259846,0.01060948110966553,14.555590845961333,0.05720565898617815,0.09436816092140372,0.03716250193522557,64.96298197387195
sigma_oto_base,0.06,0.06,2,canonical,23,123,0.05128720292880176,0.05500621961176081,0.003719016682959049,7.251354081683661,0.06971469856860425,0.06601050046417738,-0.0037041981044268757,-5.313367454040814,0.060030450812770884,0.07896276859993896,0.018932317787168078,31.537857088923303
sigma_oto_base,0.06,0.06,2,canonical,24,124,0.056034995899460364,0.05298117111610924,-0.0030538247833511237,-5.4498527827688,0.11060674530993181,0.12435534716584559,0.013748601855913783,12.430165825229505,0.05622159341084604,0.08381425882203894,0.0275926654111929,49.078412291797186
sigma_oto_base,0.06,0.06,2,canonical,25,125,0.05388495183881424,0.050751798721368556,-0.0031331531174456848,-5.814523369748699,0.07869637386536456,0.060985315943189435,-0.017711057922175123,-22.505557819570672,0.06577278147769818,0.08917881466039308,0.023406033182694908,35.58619942298058
sigma_oto_base,0.06,0.06,2,canonical,26,126,0.05290724449819469,0.05382056349169913,0.0009133189935044347,1.7262645260907494,0.057410350517166225,0.0854022478199327,0.02799189730276648,48.757579514162074,0.05994369666894594,0.0800042150824927,0.02006051841354676,33.465601102874906
sigma_oto_base,0.06,0.06,2,canonical,27,127,0.04818328112980055,0.05082500533464182,0.002641724204841274,5.482657351052442,0.07560824879684892,0.11700966398923017,0.04140141519238125,54.75780202716017,0.054355724444286616,0.08278330338452547,0.028427578940238854,52.29914462712474
sigma_oto_base,0.06,0.06,2,canonical,28,128,0.05190722155131241,0.05239511785503714,0.0004878963037247344,0.9399391628820452,0.05778358004097755,0.11633321541294865,0.0585496353719711,101.3257318609375,0.056706823752402366,0.07808412196109257,0.021377298208690207,37.697929092324735
sigma_oto_base,0.06,0.06,2,canonical,29,129,0.05361311017271911,0.05498471706348487,0.0013716068907657641,2.558342327738529,0.061405073158389105,0.10932957300620386,0.04792449984781475,78.04648277870727,0.06477260569312294,0.10156312461912612,0.03679051892600317,56.79950425386284
sigma_oto_base,0.06,0.075,3,level_4,0,100,0.05228199856748066,0.055821824504230566,0.0035398259367499033,6.770640055354866,0.07727064480394094,0.11399017105358694,0.036719526249646,47.52066757410214,0.05192474017960709,0.09285735549014665,0.04093261531053956,78.83065985299898
sigma_oto_base,0.06,0.075,3,level_4,1,101,0.04869261563965319,0.04944680596840213,0.0007541903287489396,1.5488802949717886,0.08196897549213854,0.09064449556962435,0.008675520077485815,10.583906929906505,0.060397098143577486,0.0787415622981321,0.018344464154554617,30.37308863903643
sigma_oto_base,0.06,0.075,3,level_4,2,102,0.052345788732829746,0.05631347874803858,0.003967690015208837,7.57976928279699,0.07960462618898909,0.0794438196776539,-0.00016080651133518198,-0.20200649011705898,0.06071346673077188,0.0958655986994255,0.03515213196865362,57.898410124614394
sigma_oto_base,0.06,0.075,3,level_4,3,103,0.05032538453659077,0.05420081911150342,0.0038754345749126493,7.700755017768188,0.0821503374059065,0.09794046234828174,0.015790124942375236,19.22101045593508,0.05637945274347375,0.07793882312885282,0.02155937038537907,38.239765262486856
sigma_oto_base,0.06,0.075,3,level_4,4,104,0.05119936359738188,0.05425006454670872,0.0030507009493268428,5.958474353932874,0.06411192322453184,0.14005585548060742,0.07594393225607558,118.4552395817325,0.06651288641073295,0.08660497709570172,0.02009209068496877,30.20781651377345
sigma_oto_base,0.06,0.075,3,level_4,5,105,0.052433034820468793,0.05442505882073273,0.0019920240002639367,3.799177383274963,0.07206895945941469,0.11638518687521865,0.04431622741580396,61.49142120021928,0.061184792521654055,0.09550861797808005,0.034323825456425996,56.09862196440132
sigma_oto_base,0.06,0.075,3,level_4,6,106,0.052742173560213,0.05520737079950204,0.0024651972392890423,4.67405317771869,0.09503806551881157,0.07650331951427232,-0.01853474600453925,-19.502444524052873,0.054042220099474285,0.07733158729131535,0.02328936719184107,43.09476396227406
sigma_oto_base,0.06,0.075,3,level_4,7,107,0.05190432346251757,0.051500393113049305,-0.0004039303494682636,-0.778221008429018,0.0652987241639771,0.1321442272852209,0.06684550312124381,102.36877362777021,0.056190903609378236,0.09617673565975236,0.03998583205037413,71.16068523891919
sigma_oto_base,0.06,0.075,3,level_4,8,108,0.05124845309973091,0.05633074239987759,0.005082289300146682,9.916961376875914,0.06104189216946128,0.11683022840341975,0.05578833623395847,91.3935237772149,0.05721856734439146,0.11584575461429875,0.05862718726990729,102.46182312995977
sigma_oto_base,0.06,0.075,3,level_4,9,109,0.04970427394221208,0.05459383972059457,0.004889565778382489,9.83731456185693,0.09527472529101508,0.1259106293474468,0.030635904056431712,32.15533181843857,0.056285934596789135,0.07341099154409554,0.017125056947306407,30.42510899034324
sigma_oto_base,0.06,0.075,3,level_4,10,110,0.05021817911557805,0.050497377767682095,0.0002791986521040457,0.5559712777746579,0.06805161480279981,0.11499271226488406,0.04694109746208425,68.97866802736469,0.055852484349053676,0.0920459433977841,0.03619345904873043,64.80187850290972
sigma_oto_base,0.06,0.075,3,level_4,11,111,0.05492308165754899,0.054980485089250464,5.740343170147072e-05,0.1045160431080451,0.07980866400419463,0.15449668537877756,0.07468802137458293,93.58385121026137,0.05945640259423712,0.08396782924959582,0.0245114266553587,41.22588247162888
sigma_oto_base,0.06,0.075,3,level_4,12,112,0.05217023755900597,0.051965978219223594,-0.00020425933978237415,-0.391524649569309,0.05634540110673285,0.12148926769241775,0.0651438665856849,115.61523266519208,0.05693240653918371,0.09865878359033978,0.04172637705115607,73.2910825092874
sigma_oto_base,0.06,0.075,3,level_4,13,113,0.052069178514105946,0.0571363430738585,0.005067164559752556,9.73160073646989,0.07296583841897628,0.08005147929165816,0.007085640872681889,9.710901740065692,0.058753645326552764,0.0947483550329908,0.03599470970643803,61.2637896872261
sigma_oto_base,0.06,0.075,3,level_4,14,114,0.053267140361790984,0.05097842703256126,-0.0022887133292297246,-4.296670167921085,0.07197757004309126,0.09818642795705129,0.026208857913960035,36.41253504149892,0.06472042658265639,0.09006174754148359,0.0253413209588272,39.155058606517436
sigma_oto_base,0.06,0.075,3,level_4,15,115,0.047139689226464575,0.05673520310743172,0.009595513880967146,20.35548820627386,0.09053138734026472,0.10628070085321632,0.0157493135129516,17.396522880796436,0.058683165948804614,0.08662719716428878,0.027944031215484166,47.618479275406905
sigma_oto_base,0.06,0.075,3,level_4,16,116,0.05175486708151121,0.05481478818079421,0.0030599210992829987,5.912334958688586,0.06455006963076898,0.13907635692430861,0.07452628729353963,115.45500681848267,0.05249999937091251,0.09396576485619564,0.04146576548528313,78.98241139457448
sigma_oto_base,0.06,0.075,3,level_4,17,117,0.049731046791514154,0.055479184615622894,0.00574813782410874,11.558449288643512,0.08023283116786734,0.11531413511200267,0.035081303944135334,43.724374964079715,0.05800654303469708,0.08228345964612369,0.024276916611426606,41.85203141118955
sigma_oto_base,0.06,0.075,3,level_4,18,118,0.05310057526944377,0.053671587137140056,0.0005710118676962861,1.075340266652195,0.07742718429927695,0.14753517947105904,0.0701079951717821,90.54700336356774,0.05985900446079841,0.10018286280864443,0.04032385834784602,67.36473269323092
sigma_oto_base,0.06,0.075,3,level_4,19,119,0.051494693254654736,0.053986729653427164,0.002492036398772428,4.839404298319937,0.07653736353397443,0.11705301002302655,0.04051564648905212,52.93577491870032,0.06341076925692032,0.10715450025086168,0.043743730993941354,68.98470323976932
sigma_oto_base,0.06,0.075,3,level_4,20,120,0.04979622565945099,0.05397993491944522,0.004183709259994228,8.401659371949183,0.10256430346744887,0.13513210079303162,0.03256779732558275,31.753540193366486,0.05953925921247705,0.10535670049699737,0.045817441284520324,76.9533277547377
sigma_oto_base,0.06,0.075,3,level_4,21,121,0.05056336631797738,0.05558482993794292,0.005021463619965541,9.931031071758767,0.056262422353819494,0.1369314828901699,0.08066906053635041,143.37999887214954,0.05877975662074067,0.09099979674437769,0.03222004012363702,54.81485799869415
sigma_oto_base,0.06,0.075,3,level_4,22,122,0.05097784798221507,0.05073519167351068,-0.0002426563087043962,-0.4760034373931459,0.0746888677749842,0.08755020237919493,0.012861334604210739,17.219881606664856,0.058067910007674216,0.10034388258528948,0.04227597257761526,72.8043640145273
sigma_oto_base,0.06,0.075,3,level_4,23,123,0.05128394436354637,0.0549936069669527,0.0037096626034063274,7.233575048574516,0.0700282454404622,0.071354378635493,0.0013261331950308042,1.8937118682464757,0.06203857093179568,0.08339021484674615,0.021351643914950473,34.41672429628362
sigma_oto_base,0.06,0.075,3,level_4,24,124,0.05603492656460976,0.052976318952631093,-0.003058607611978667,-5.458394968095499,0.11114209377846405,0.1297990724356581,0.018656978657194054,16.786599948694874,0.058656237929554225,0.09290055739837375,0.03424431946881952,58.38137711788938
sigma_oto_base,0.06,0.075,3,level_4,25,125,0.05389003550303362,0.05078594061598021,-0.0031040948870534046,-5.760053520244325,0.08021960536565066,0.06042530025010227,-0.01979430511554839,-24.675146462418446,0.06704300999075795,0.09481017614999378,0.02776716615923583,41.41694438102287
sigma_oto_base,0.06,0.075,3,level_4,26,126,0.052906321692329464,0.053823161433460776,0.0009168397411313117,1.7329493183500568,0.05755831505257275,0.08494322845049433,0.02738491339792158,47.57768425449682,0.06092442499828197,0.08561670600069811,0.02469228100241614,40.52936240779038
sigma_oto_base,0.06,0.075,3,level_4,27,127,0.048188387107920665,0.050810732799963065,0.0026223456920424007,5.441862343658663,0.07745786421299304,0.12093687119622061,0.04347900698322757,56.13246301714353,0.055454620155061585,0.08905695995686633,0.03360233980180474,60.59430162508779
sigma_oto_base,0.06,0.075,3,level_4,28,128,0.05191233061231656,0.05239341940923801,0.00048108879692145,0.9267331889108219,0.059653849962270036,0.12528543307715978,0.06563158311488974,110.02069968057471,0.05802162829895979,0.08629103485176035,0.028269406552800552,48.72218753865507
sigma_oto_base,0.06,0.075,3,level_4,29,129,0.05361259688099629,0.05497214160269321,0.0013595447216969217,2.535868062341205,0.061873890464829794,0.11273670554921465,0.05086281508438486,82.20400350176166,0.06601364424985459,0.11009232693191444,0.04407868268205985,66.77207898904467
sigma_oto_base,0.06,0.09,4,level_5,0,100,0.05229081334800094,0.055816740512188864,0.0035259271641879253,6.742918953511976,0.07902439505623383,0.12090192185630588,0.04187752680007205,52.993163402607465,0.0540138178283016,0.10116529856885836,0.047151480740556764,87.29521932784174
sigma_oto_base,0.06,0.09,4,level_5,1,101,0.0486986048016081,0.0494648848597015,0.0007662800580933993,1.5735154245488683,0.08441448799699516,0.0931921130545619,0.00877762505756674,10.398244739551332,0.061618844691956116,0.08507227242994597,0.023453427737989856,38.062102357221775
sigma_oto_base,0.06,0.09,4,level_5,2,102,0.05235557832941253,0.05630914575577732,0.003953567426364789,7.5513776230101115,0.08070742846903871,0.0790639923843951,-0.0016434360846436097,-2.036288500102653,0.06143581723738373,0.10517115761477655,0.04373534037739282,71.1886686692919
sigma_oto_base,0.06,0.09,4,level_5,3,103,0.05031882982400401,0.05420119165027701,0.0038823618262729953,7.715524863857147,0.08327958707377074,0.10086672277197145,0.01758713569820071,21.118183118057093,0.05787663560456282,0.08332656869361497,0.025449933089052156,43.97272374803652
sigma_oto_base,0.06,0.09,4,level_5,4,104,0.05120603069480658,0.05423670285247612,0.0030306721576695422,5.9185844255975875,0.06513578448416237,0.14983009427863045,0.08469430979446808,130.02731212220425,0.06807927885942419,0.09391461985766647,0.02583534099824228,37.94890520445914
sigma_oto_base,0.06,0.09,4,level_5,5,105,0.0524442685648025,0.05440484189569172,0.001960573330889219,3.7383938884887797,0.07264567624194272,0.11787323557586532,0.0452275593339226,62.25774426449623,0.06442313332166869,0.10210683809641306,0.03768370477474438,58.49405769599456
sigma_oto_base,0.06,0.09,4,level_5,6,106,0.05273745937392144,0.05521065019287322,0.0024731908189517746,4.689628298959661,0.09556914155182031,0.07914365672226291,-0.0164254848295574,-17.187017234690796,0.0554330263877301,0.08148598235356175,0.026052955965831646,46.99897816078534
sigma_oto_base,0.06,0.09,4,level_5,7,107,0.05190418996235997,0.051510159453475625,-0.00039403050888434793,-0.7591497125185694,0.06567808773523731,0.14377969353424142,0.0781016057990041,118.91577311728183,0.060099608032561466,0.10538197852211201,0.04528237048955054,75.34553380949994
sigma_oto_base,0.06,0.09,4,level_5,8,108,0.051261279550383516,0.05633214006069244,0.0050708605103089235,9.892184812368745,0.06407695794550124,0.12026015070622745,0.05618319276072621,87.68080533490864,0.05816822708211808,0.12425791325867727,0.06608968617655919,113.61818898701884
sigma_oto_base,0.06,0.09,4,level_5,9,109,0.04970181118405025,0.05462848225283109,0.004926671068780836,9.912457818764254,0.09671311196020187,0.12621434126903514,0.02950122930883327,30.503856934076563,0.059783547803634735,0.0798448518974674,0.020061304093832666,33.55656335372752
sigma_oto_base,0.06,0.09,4,level_5,10,110,0.05020884071158561,0.05052209064778931,0.00031324993620369945,0.6238939831395421,0.06891922887558441,0.12225008554121584,0.053330856665631435,77.38167930158696,0.05660488718813068,0.10275344335042023,0.04614855616228956,81.52751194240754
sigma_oto_base,0.06,0.09,4,level_5,11,111,0.05491541603617477,0.05497449048353797,5.907444736319434e-05,0.10757352238628196,0.08008293972952513,0.16136724653053292,0.08128430680100779,101.50015356022169,0.059272291052642756,0.09092054231358515,0.031648251260942395,53.39468189753955
sigma_oto_base,0.06,0.09,4,level_5,12,112,0.052159889500539416,0.051960121370240184,-0.00019976813029923268,-0.3829918587100664,0.057431809087034734,0.1278781120486917,0.07044630296165696,122.66077646082762,0.058723281616650004,0.10680990574080404,0.048086624124154036,81.88681354367613
sigma_oto_base,0.06,0.09,4,level_5,13,113,0.05207628331935424,0.057143033925416774,0.005066750606062535,9.729478148413616,0.07320360849803917,0.08398122061438573,0.010777612116346563,14.722788039383675,0.060172766162478596,0.10188085409003515,0.04170808792755656,69.31389495197266
sigma_oto_base,0.06,0.09,4,level_5,14,114,0.05329810107069456,0.05097535443961104,-0.0023227466310835193,-4.358028868613218,0.07225792585813978,0.10713411161352007,0.03487618575538029,48.266242548742525,0.06626861150219046,0.09699768695419565,0.030729075452005192,46.370483333560514
sigma_oto_base,0.06,0.09,4,level_5,15,115,0.04714193416915985,0.05674404485199943,0.00960211068283958,20.368512349078074,0.0924645331537111,0.1121617237936809,0.019697190639969803,21.302428042572394,0.06187643538992248,0.09218138449995202,0.03030494911002954,48.97655936231447
sigma_oto_base,0.06,0.09,4,level_5,16,116,0.051768875741586104,0.054817340715859295,0.0030484649742731906,5.888605712610345,0.0661935945971268,0.14669036683058845,0.08049677223346165,121.60809927816746,0.05389944067729778,0.10298452268382977,0.049085082006531985,91.0678875137315
sigma_oto_base,0.06,0.09,4,level_5,17,117,0.04973919079537787,0.055480592550506067,0.005741401755128196,11.543013996242435,0.08213202722238311,0.12028626958014173,0.03815424235775862,46.45476758348003,0.05909684302539849,0.09033868686939635,0.031241843843997856,52.86550388245073
sigma_oto_base,0.06,0.09,4,level_5,18,118,0.05311385747205416,0.05366434772790449,0.0005504902558503277,1.0364343356909598,0.07823618623141401,0.15976542882450362,0.08152924259308961,104.20912178916173,0.0607433912389805,0.11049491757183726,0.04975152633285675,81.90442666778537
sigma_oto_base,0.06,0.09,4,level_5,19,119,0.05150862659585713,0.05398956528516644,0.002480938689309313,4.816549873820275,0.07836225120640751,0.1216780709879461,0.04331581978153859,55.27638514039621,0.06473245753040116,0.11534839661848406,0.0506159390880829,78.19251889874792
sigma_oto_base,0.06,0.09,4,level_5,20,120,0.04979194355759089,0.05397032245971333,0.004178378902122443,8.391676652046332,0.10367044307901983,0.13496706769337924,0.031296624614359406,30.188570324238366,0.06234222355517468,0.11775087714083046,0.05540865358565578,88.87821194991146
sigma_oto_base,0.06,0.09,4,level_5,21,121,0.050574702835023716,0.055558342635283635,0.004983639800259919,9.854016970730822,0.05714877772583362,0.14520992176297862,0.08806114403714499,154.09103666155522,0.05911055556975446,0.09812341343717212,0.039012857867417663,65.99981592353645
sigma_oto_base,0.06,0.09,4,level_5,22,122,0.050990286896019185,0.050730197729215554,-0.0002600891668036315,-0.5100759039344347,0.0766777257988488,0.09197432008884747,0.015296594289998675,19.949201845300855,0.05918052386365156,0.10678647174497762,0.047605947881326056,80.44191699114958
sigma_oto_base,0.06,0.09,4,level_5,23,123,0.05127801901862077,0.054986835621518515,0.0037088166028977423,7.2327610814117955,0.07037336359193261,0.07823499663518083,0.007861633043248217,11.171319149720807,0.06485146343355129,0.0888970979808352,0.02404563454728391,37.078013778242294
sigma_oto_base,0.06,0.09,4,level_5,24,124,0.056004486568685626,0.05296937955039245,-0.0030351070182931747,-5.419399773571402,0.11241561285535416,0.13638370389046833,0.023968091035114172,21.320962832764216,0.06334865118334598,0.103803210047252,0.04045455886390602,63.860173986689865
sigma_oto_base,0.06,0.09,4,level_5,25,125,0.053879659120372556,0.050784362946488665,-0.0030952961738838908,-5.744832510852916,0.0831520774639991,0.06337430672171739,-0.01977777074228171,-23.78505906944363,0.06869058279857973,0.1027397172815032,0.034049134482923474,49.56885368517718
sigma_oto_base,0.06,0.09,4,level_5,26,126,0.05290891685702132,0.05383567189167624,0.0009267550346549192,1.7516046249053638,0.05708021803302439,0.08337899473691072,0.026298776703886334,46.0733641358393,0.062226195860502216,0.09096089257596866,0.028734696715466447,46.177813568876154
sigma_oto_base,0.06,0.09,4,level_5,27,127,0.04819343209688778,0.050797278659179476,0.0026038465622916993,5.402907510419558,0.07941130400078635,0.12534814751896395,0.0459368435181776,57.84673113757549,0.056649745563613664,0.09585422118353576,0.039204475619922095,69.20503389710416
sigma_oto_base,0.06,0.09,4,level_5,28,128,0.05191767431650268,0.05238922894922068,0.0004715546327179951,0.9082737987131013,0.061905105485369205,0.13594399348988712,0.07403888800451791,119.60061682152603,0.059689191313505544,0.09576476088673991,0.036075569573234365,60.43903222570842
sigma_oto_base,0.06,0.09,4,level_5,29,129,0.05360796156523151,0.05495963916840706,0.0013516776031755467,2.5214120509521547,0.06287663569513804,0.11657835505094744,0.05370171935580939,85.40806734028534,0.0675677223357351,0.11945059237465906,0.05188287003892396,76.78647177290485
sigma_oto_earth_hyp,0.06,0.03,0,level_1,0,100,0.0522690160144517,0.055852882399855086,0.003583866385403388,6.856579018844541,0.07852012967739794,0.10740497280443943,0.028884843127041496,36.7865453683223,0.05534723498299985,0.08759125422088157,0.03224401923788172,58.25768757515279
sigma_oto_earth_hyp,0.06,0.03,0,level_1,1,101,0.048682080184891924,0.04954430641149846,0.0008622262266065328,1.7711367783213945,0.07937836853689799,0.08854838983662491,0.009170021299726924,11.552292480620034,0.059668709759194784,0.08555252372786079,0.025883813968666007,43.379208421173175
sigma_oto_earth_hyp,0.06,0.03,0,level_1,2,102,0.05235225987278947,0.056306155929385676,0.003953896056596205,7.552484011585671,0.07986443867454325,0.08154505904301597,0.0016806203684727183,2.1043413017919517,0.062246154307800304,0.09143360285096905,0.029187448543168744,46.890364340968056
sigma_oto_earth_hyp,0.06,0.03,0,level_1,3,103,0.05030963158558706,0.05422229248862087,0.003912660903033813,7.777160714002784,0.08208238087225876,0.09595463703630021,0.013872256164041447,16.900406660511265,0.05521148240854057,0.07419400933889343,0.018982526930352864,34.38148389114162
sigma_oto_earth_hyp,0.06,0.03,0,level_1,4,104,0.051176402378629186,0.054237979115360234,0.0030615767367310476,5.982399298176409,0.06377558540678446,0.13136432148007518,0.06758873607329072,105.9790131947587,0.06745773747698669,0.08744982777234003,0.019992090295353343,29.636467280234047
sigma_oto_earth_hyp,0.06,0.03,0,level_1,5,105,0.052426492608921064,0.05436785034106166,0.0019413577321405959,3.7030089855949053,0.07145654271366453,0.11545908356025841,0.044002540846593885,61.579442799125715,0.06359318769893875,0.08928117393079726,0.025687986231858514,40.39424215290154
sigma_oto_earth_hyp,0.06,0.03,0,level_1,6,106,0.052773709611843314,0.05519700421306081,0.002423294601217499,4.591859505502093,0.09360408580094287,0.0745062519155843,-0.019097833885358573,-20.402778064594056,0.05746060484536616,0.07419604633126065,0.016735441485894488,29.125070177962282
sigma_oto_earth_hyp,0.06,0.03,0,level_1,7,107,0.051915383390566776,0.05151107220403726,-0.0004043111865295185,-0.7787887907671378,0.05947747432295489,0.12127081179783195,0.06179333747487706,103.89368105872711,0.06004948136748488,0.0861050344126808,0.026055553045195926,43.39013835230937
sigma_oto_earth_hyp,0.06,0.03,0,level_1,8,108,0.051267197012743695,0.05629941371216921,0.005032216699425517,9.815665752458903,0.06167866687800464,0.11371470001512975,0.052036033137125105,84.3663389159304,0.0624593761595109,0.11302580078405887,0.05056642462454797,80.95890118308209
sigma_oto_earth_hyp,0.06,0.03,0,level_1,9,109,0.049681354486244764,0.05460480524847484,0.0049234507622300736,9.9100574312909,0.09852166290608473,0.12680260843345686,0.028280945527372134,28.70530672460411,0.061031739562550584,0.06663928849932346,0.005607548936772878,9.187922508788692
sigma_oto_earth_hyp,0.06,0.03,0,level_1,10,110,0.05018812354417348,0.05051625560523555,0.0003281320610620739,0.6538042028474442,0.060076005466651386,0.11045915904881955,0.05038315358216816,83.86568512804368,0.05504897009399918,0.08751241862800536,0.032463448534006185,58.9719453035598
sigma_oto_earth_hyp,0.06,0.03,0,level_1,11,111,0.0549515611115321,0.054958855356418486,7.294244886386914e-06,0.013273953894744126,0.07943456716107516,0.14833201608006727,0.0688974489189921,86.73484527118252,0.05925473200481628,0.08417821642083333,0.02492348441601705,42.06159334918813
sigma_oto_earth_hyp,0.06,0.03,0,level_1,12,112,0.05214386893649229,0.05192823082187051,-0.00021563811462178145,-0.4135445240636327,0.055646284063809545,0.11571216034343829,0.06006587627962874,107.94229532155508,0.059799806311849876,0.09374699552582476,0.03394718921397488,56.768058807655265
sigma_oto_earth_hyp,0.06,0.03,0,level_1,13,113,0.05205060083469362,0.05715659661411946,0.005105995779425838,9.809676925040423,0.07081397472131688,0.07705840484327081,0.006244430121953928,8.818076017521141,0.058056906513268954,0.08927058902248418,0.031213682509215225,53.76394366117546
sigma_oto_earth_hyp,0.06,0.03,0,level_1,14,114,0.05328794562055412,0.05096292341976261,-0.0023250222007915114,-4.363129735470058,0.06655716756376305,0.09040080775779041,0.023843640194027363,35.824301223733265,0.06512666055877807,0.08572671727109511,0.020600056712317044,31.63075848749391
sigma_oto_earth_hyp,0.06,0.03,0,level_1,15,115,0.04720250683476893,0.056740394411355435,0.009537887576586503,20.20631575770671,0.09508291017317096,0.10211894193948895,0.007036031766317993,7.39989105666153,0.05992949801170015,0.08234339518576952,0.022413897174069372,37.40044204891131
sigma_oto_earth_hyp,0.06,0.03,0,level_1,16,116,0.05174607554711771,0.05481916356183945,0.0030730880147217393,5.938784694741768,0.0649574764819425,0.1319845309912139,0.0670270545092714,103.18605053554417,0.05240704623445655,0.0851370817579418,0.032730035523485246,62.45350172390735
sigma_oto_earth_hyp,0.06,0.03,0,level_1,17,117,0.04977199434382368,0.055509251521990106,0.005737257178166429,11.527079141200574,0.08083953838926114,0.1110660175449925,0.03022647915573136,37.390712215826674,0.056667707215620845,0.07400227586475355,0.017334568649132708,30.589853553055544
sigma_oto_earth_hyp,0.06,0.03,0,level_1,18,118,0.053132615808743434,0.0536533375934393,0.0005207217846958656,0.9800416877088447,0.07359204664519912,0.13636482824561916,0.06277278160042003,85.29832293299198,0.05969890539435772,0.09465610154656842,0.034957196152210705,58.55584105150878
sigma_oto_earth_hyp,0.06,0.03,0,level_1,19,119,0.05149322361137635,0.05395855695309791,0.002465333341721561,4.787684997792403,0.07758080484346444,0.11304946239547979,0.03546865755201535,45.71834182898826,0.06325092056993607,0.0980763721203181,0.034825451550382025,55.05920109396002
sigma_oto_earth_hyp,0.06,0.03,0,level_1,20,120,0.04979086124622769,0.05395774526236985,0.00416688401614216,8.368772726255775,0.09953652802505603,0.13592914303164133,0.036392615006585305,36.56206995428282,0.06376486251141632,0.10704029165183981,0.043275429140423496,67.86720371689904
sigma_oto_earth_hyp,0.06,0.03,0,level_1,21,121,0.05066218832212521,0.05555887220033474,0.004896683878209525,9.665361960038041,0.06891771206732752,0.1293634105313169,0.06044569846398937,87.70705911557015,0.05683956013629181,0.08621155646759049,0.02937199633129868,51.67527028863264
sigma_oto_earth_hyp,0.06,0.03,0,level_1,22,122,0.0509946528728246,0.05069819035547323,-0.0002964625173513674,-0.5813600066868077,0.07222026949346552,0.08357156262344963,0.011351293129984105,15.717600072111567,0.05851879364977044,0.09798800519385614,0.039469211544085704,67.44706970602518
sigma_oto_earth_hyp,0.06,0.03,0,level_1,23,123,0.05126549173302885,0.054977222588141736,0.0037117308551128866,7.240213113417827,0.07107091769889051,0.06605506869136887,-0.005015849007521639,-7.057526721087973,0.06348810570247461,0.08139025524490985,0.01790214954243524,28.197643234672004
sigma_oto_earth_hyp,0.06,0.03,0,level_1,24,124,0.055929104374277186,0.05296737124885991,-0.002961733125417275,-5.295513236896084,0.11198445188117111,0.12433308664621817,0.012348634765047065,11.027097563642533,0.06414814543886467,0.0871936272456927,0.023045481806828028,35.925406181525766
sigma_oto_earth_hyp,0.06,0.03,0,level_1,25,125,0.05387522336530104,0.050791732431168725,-0.0030834909341323144,-5.723393317972344,0.07941539720762825,0.06058755744908858,-0.018827839758539668,-23.70804707973073,0.06750818630531766,0.08778721834324173,0.02027903203792407,30.03936729422499
sigma_oto_earth_hyp,0.06,0.03,0,level_1,26,126,0.052909485892468286,0.053828730605406244,0.0009192447129379583,1.7373911264346902,0.055698170677950416,0.08318843293197216,0.027490262254021743,49.355772226294114,0.06034478276856361,0.07795383266663285,0.01760904989806924,29.180732931965427
sigma_oto_earth_hyp,0.06,0.03,0,level_1,27,127,0.04822418825755662,0.05077481152907772,0.002550623271521099,5.289095293628757,0.08151812108580384,0.11706260322719848,0.03554448214139465,43.603166594064966,0.054614031878320805,0.09392040193829111,0.03930637005997031,71.9711925820534
sigma_oto_earth_hyp,0.06,0.03,0,level_1,28,128,0.051920152257369685,0.05243373779332748,0.0005135855359577959,0.98918341651222,0.05990020129193838,0.1153466713380211,0.05544647004608271,92.56474744692541,0.05937669832009182,0.08446318514323094,0.025086486823139117,42.24971669509347
sigma_oto_earth_hyp,0.06,0.03,0,level_1,29,129,0.05358816819033962,0.054938865010419835,0.0013506968200802175,2.520513138800868,0.0633624916196823,0.10937522559058005,0.04601273397089775,72.6182522099633,0.06576136774814803,0.10896759149167298,0.04320622374352495,65.70152845511903
sigma_oto_earth_hyp,0.06,0.045,1,level_2,0,100,0.05227402647183669,0.055835903081879384,0.0035618766100426955,6.813855465986924,0.07602540228756716,0.10741131986076353,0.03138591757319638,41.28346135477022,0.051917696600259834,0.08590739643033467,0.033989699830074833,65.4684280232585
sigma_oto_earth_hyp,0.06,0.045,1,level_2,1,101,0.04868419676862934,0.04946961003344283,0.0007854132648134893,1.6132817565957798,0.07961750785912355,0.08859835003639294,0.008980842177269382,11.2799840371294,0.059323615753316794,0.07661991594584536,0.017296300192528563,29.155842867790007
sigma_oto_earth_hyp,0.06,0.045,1,level_2,2,102,0.05233712529787115,0.056316528936216005,0.0039794036383448556,7.60340506991262,0.0787558866504428,0.08074109615415163,0.00198520950370884,2.5207125310139324,0.06025992339609055,0.08820185743845427,0.02794193404236372,46.369016864990726
sigma_oto_earth_hyp,0.06,0.045,1,level_2,3,103,0.050322604022575365,0.05420729339924865,0.0038846893766732865,7.719571457253216,0.08140926888840591,0.09595641278320796,0.01454714389480205,17.8691494143535,0.055106302040667944,0.07386377765863353,0.018757475617965584,34.03871231301774
sigma_oto_earth_hyp,0.06,0.045,1,level_2,4,104,0.051194941504537586,0.05425425550845918,0.0030593140039215927,5.975813066707841,0.06352831112727338,0.1313177343867143,0.06778942325944091,106.70742233904309,0.06507889276561724,0.08300521675589996,0.017926323990282725,27.545527018790395
sigma_oto_earth_hyp,0.06,0.045,1,level_2,5,105,0.052422205349799314,0.054423897281997716,0.0020016919321984017,3.818404660470975,0.07142759769283502,0.11541581312202569,0.043988215429190666,61.58434113709969,0.06025004962191685,0.0882882026486449,0.028038153026728047,46.53631524401061
sigma_oto_earth_hyp,0.06,0.045,1,level_2,6,106,0.05274444468267934,0.055207753540824904,0.002463308858145566,4.670271671197418,0.0943690383293336,0.074332857562505,-0.0200361807668286,-21.231731425412406,0.05390335330520788,0.07487140166237395,0.02096804835716607,38.89933941297162
sigma_oto_earth_hyp,0.06,0.045,1,level_2,7,107,0.05189095231552671,0.051484197583112,-0.00040675473241471444,-0.7838644585696032,0.06399402948541369,0.12116305669256225,0.05716902720714856,89.33493900423825,0.055536615228223854,0.08908667674663882,0.03355006151841497,60.410706307079266
sigma_oto_earth_hyp,0.06,0.045,1,level_2,8,108,0.0512419422745419,0.05631952503111755,0.0050775827565756465,9.909036486890349,0.05948467598295481,0.11358470652214707,0.05410003053919226,90.94784437372492,0.05696224059386164,0.10965941252993483,0.05269717193607319,92.51246332074926
sigma_oto_earth_hyp,0.06,0.045,1,level_2,9,109,0.04969802868806667,0.054578945361152584,0.004880916673085912,9.821147441725193,0.09534869758884966,0.12737251815537462,0.03202382056652496,33.586007335531676,0.05755349512858215,0.0672528680503383,0.009699372921756148,16.852795647052297
sigma_oto_earth_hyp,0.06,0.045,1,level_2,10,110,0.050201099318672594,0.05048825260830257,0.00028715328962997805,0.5720059790068575,0.0671469420744869,0.1091695446546649,0.042022602580177995,62.583047391140795,0.05533330908115047,0.08411598918940988,0.028782680108259406,52.0169145605361
sigma_oto_earth_hyp,0.06,0.045,1,level_2,11,111,0.05492921060958166,0.05497687962429619,4.766901471452839e-05,0.08678263201949815,0.07912330698380149,0.14836743208356035,0.06924412509975886,87.51419491848951,0.05923357710786996,0.08049481448889742,0.021261237381027462,35.89389400256671
sigma_oto_earth_hyp,0.06,0.045,1,level_2,12,112,0.05216062619064704,0.05196763695991955,-0.00019298923072749025,-0.3699902490091181,0.055395039190208065,0.11603926521736771,0.060644226027159645,109.47591501637471,0.05672065638317632,0.09157952019652003,0.034858863813343716,61.457088186453106
sigma_oto_earth_hyp,0.06,0.045,1,level_2,13,113,0.05205591758068775,0.05714272619578544,0.005086808615097693,9.77181625357585,0.07237799910649578,0.07689555118834229,0.00451755208184651,6.241609518936078,0.05778444071589329,0.08889609179460134,0.03111165107870805,53.84087947077934
sigma_oto_earth_hyp,0.06,0.045,1,level_2,14,114,0.05326258762677629,0.05098393220608198,-0.00227865542069431,-4.278153807812332,0.06994157537677148,0.09040184297505192,0.020460267598280443,29.253369670417186,0.06378529373789663,0.08385726439841262,0.020071970660515998,31.46802261818335
sigma_oto_earth_hyp,0.06,0.045,1,level_2,15,115,0.04712523795536666,0.05673023170374215,0.009604993748375486,20.381846681543728,0.08833888247097113,0.10195936128450503,0.013620478813533898,15.418441384528153,0.05709494200476078,0.08213440441964107,0.02503946241488029,43.855832996191516
sigma_oto_earth_hyp,0.06,0.045,1,level_2,16,116,0.051735743178707674,0.05481018810768724,0.0030744449289795625,5.942593534144647,0.06433597009930155,0.13204314810015524,0.0677071780008537,105.24000476925855,0.051745943630067855,0.0867056992650819,0.03495975563501404,67.56037900273228
sigma_oto_earth_hyp,0.06,0.045,1,level_2,17,117,0.04973033504656467,0.05549099101362426,0.005760655967059589,11.583786760466499,0.07925206272883642,0.11115972283660899,0.03190766010777257,40.2609837638494,0.05705771428731271,0.07436856997702693,0.017310855689714216,30.339202868425172
sigma_oto_earth_hyp,0.06,0.045,1,level_2,18,118,0.05310464383057776,0.053669003368924606,0.0005643595383468467,1.0627310488087434,0.07575434964139334,0.1360208539918339,0.06026650435044055,79.5551735784555,0.05939045495317448,0.0916535511938598,0.032263096240685324,54.323706168142145
sigma_oto_earth_hyp,0.06,0.045,1,level_2,19,119,0.051496160758437146,0.05398944479763125,0.0024932840391941047,4.841689171528393,0.07506913018335902,0.11296250709818977,0.037893376914830745,50.47797519736118,0.06241163858833703,0.09991904774233662,0.03750740915399959,60.09681848187954
sigma_oto_earth_hyp,0.06,0.045,1,level_2,20,120,0.0497909048673459,0.05397738019445881,0.004186475327112908,8.408112562458173,0.10009290055605395,0.1358809125494213,0.035788011993367355,35.754795589448804,0.058574982016459075,0.09821512985476208,0.039640147838303004,67.67419549043046
sigma_oto_earth_hyp,0.06,0.045,1,level_2,21,121,0.050554216683611625,0.05559460136636096,0.005040384682749338,9.970255724253564,0.05620563347248304,0.12935951330970044,0.07315387983721741,130.15399937273517,0.05837317202320021,0.08373634344415518,0.02536317142095497,43.45004827024728
sigma_oto_earth_hyp,0.06,0.045,1,level_2,22,122,0.0509734175558968,0.0507246782102288,-0.000248739345667999,-0.4879785535180854,0.07203172083346905,0.08353138303602149,0.011499662202552441,15.964719528412544,0.05796196342669506,0.0956731882085313,0.037711224781836236,65.06202093987018
sigma_oto_earth_hyp,0.06,0.045,1,level_2,23,123,0.05128341750114158,0.054989302903137936,0.003705885401996359,7.226284016492983,0.06981740895930333,0.0660615452426826,-0.003755863716620733,-5.379551851902771,0.06088132755153251,0.0797067859875764,0.018825458436043885,30.92156362738514
sigma_oto_earth_hyp,0.06,0.045,1,level_2,24,124,0.056032265094897754,0.052977905705413254,-0.0030543593894844998,-5.45107249244976,0.11006521101166782,0.12434620511375442,0.014280994102086608,12.975029957988001,0.057160612353497245,0.08441092543299818,0.027250313079500932,47.67323504335006
sigma_oto_earth_hyp,0.06,0.045,1,level_2,25,125,0.053886501421372274,0.05079427303343966,-0.003092228387932612,-5.738410003189005,0.07863099430884447,0.060521843477260986,-0.018109150831583487,-23.030550472826153,0.06607937817813969,0.08792931696424638,0.021849938786106693,33.06619915097062
sigma_oto_earth_hyp,0.06,0.045,1,level_2,26,126,0.05291053390640292,0.05381965486877946,0.0009091209623765389,1.71822299881673,0.05675261943703401,0.08512491755671113,0.02837229811967712,49.99293142963324,0.05968476566730938,0.07959900399188254,0.019914238324573154,33.365697430358864
sigma_oto_earth_hyp,0.06,0.045,1,level_2,27,127,0.04817728273869625,0.0508057489626917,0.00262846622399545,5.455820823793061,0.07654018939991958,0.11702547938203185,0.040485289982112274,52.89415965588768,0.05462258411620982,0.08658678707735055,0.031964202961140734,58.51829143259999
sigma_oto_earth_hyp,0.06,0.045,1,level_2,28,128,0.051909656627746735,0.05241155004015928,0.0005018934124125449,0.9668594342892898,0.058049465133858225,0.11599134397935998,0.057941878845501754,99.81466446226786,0.05755726621360033,0.07956317707282963,0.022005910859229302,38.23307169865111
sigma_oto_earth_hyp,0.06,0.045,1,level_2,29,129,0.0536092174532571,0.05496793798236897,0.0013587205291118731,2.5344905105107487,0.061877440798788895,0.10937297748168644,0.04749553668289754,76.75743545590714,0.06485361386531802,0.10407901063385068,0.039225396768532664,60.48297763327783
sigma_oto_earth_hyp,0.06,0.06,2,canonical,0,100,0.05227903361128479,0.05582726771342003,0.003548234102135242,6.787107291457911,0.07643590785038243,0.10741935014438038,0.03098344229399795,40.535192379275095,0.05092163240002351,0.08539560977309452,0.03447397737307101,67.70006330954757
sigma_oto_earth_hyp,0.06,0.06,2,canonical,1,101,0.048683555599097254,0.0494291789218098,0.000745623322712545,1.531571212367182,0.07984218432276635,0.08863022369467108,0.008788039371904727,11.006762210285483,0.05885431523510717,0.07338451959459094,0.014530204359483774,24.688426500995746
sigma_oto_earth_hyp,0.06,0.06,2,canonical,2,102,0.05234248019736282,0.056314391434914686,0.003971911237551869,7.588313015690812,0.07903576463981214,0.0808119000103707,0.0017761353705585542,2.2472552503956846,0.060202935547240384,0.08841325329628952,0.028210317749049134,46.85870795604792
sigma_oto_earth_hyp,0.06,0.06,2,canonical,3,103,0.05032722908195535,0.054200494582447585,0.0038732655004922317,7.696162835002925,0.0810950685709957,0.09594562355138886,0.014850554980393157,18.312525338568587,0.05527311227670311,0.07403792650651653,0.018764814229813416,33.949262954245725
sigma_oto_earth_hyp,0.06,0.06,2,canonical,4,104,0.05119621887821709,0.054262700304995505,0.003066481426778414,5.989663873562227,0.06326255002179447,0.1312963316583081,0.06803378163651362,107.54195272412419,0.06528116355477227,0.08083986092684163,0.015558697372069358,23.833364059167366
sigma_oto_earth_hyp,0.06,0.06,2,canonical,5,105,0.05243502133258905,0.05442078559916811,0.0019857642665790584,3.7870953727349397,0.07131443862880558,0.11540325656724328,0.04408881793843769,61.82312977028635,0.05999929294987376,0.08846159485534237,0.028462301905468612,47.43772885665063
sigma_oto_earth_hyp,0.06,0.06,2,canonical,6,106,0.05274316164064624,0.055201362297272294,0.002458200656626053,4.660700231386306,0.09472747098725408,0.07405200601923972,-0.020675464968014354,-21.82626090671872,0.053718430130723985,0.0744502912947197,0.02073186116399571,38.593572287098965
sigma_oto_earth_hyp,0.06,0.06,2,canonical,7,107,0.05190239552492012,0.05148917889309668,-0.0004132166318234348,-0.7961417341999857,0.06378659349272257,0.12111102126191156,0.05732442776918899,89.8690847563903,0.054375773230939735,0.08842799257988165,0.03405221934894192,62.62388068362448
sigma_oto_earth_hyp,0.06,0.06,2,canonical,8,108,0.05124726672090241,0.05633013860467138,0.00508287188376897,9.918327764582616,0.06039476522035152,0.11340182780519259,0.05300706258484107,87.76764408544967,0.05618698468293863,0.10795149981723465,0.051764515134296016,92.1290142662069
sigma_oto_earth_hyp,0.06,0.06,2,canonical,9,109,0.0497259163568056,0.05456980541985687,0.00484388906305127,9.741176066609226,0.09373135449462155,0.12771172829082458,0.03398037379620303,36.25294222986276,0.051028094045126815,0.06808374690232526,0.01705565285719844,33.42404449226584
sigma_oto_earth_hyp,0.06,0.06,2,canonical,10,110,0.050221344434371235,0.050472802848362516,0.00025145841399128177,0.5007002835614749,0.06713786743534526,0.10847707009727019,0.04133920266192492,61.57360107056598,0.0549733624712438,0.08280441049995518,0.027831048028711385,50.62642483124371
sigma_oto_earth_hyp,0.06,0.06,2,canonical,11,111,0.05492426932575183,0.05498662087018938,6.235154443754581e-05,0.11352275633881145,0.08006748030211115,0.1483402135851159,0.06827273328300475,85.26899188709025,0.05897219896197289,0.07860369648530734,0.01963149752333445,33.28941072045397
sigma_oto_earth_hyp,0.06,0.06,2,canonical,12,112,0.052176347681895975,0.05195947725298893,-0.00021687042890704278,-0.41564892627065186,0.05529345601473317,0.11598164509649729,0.06068818908176412,109.75654888635194,0.05586234669898512,0.09161890346024777,0.03575655676126265,64.00833275755001
sigma_oto_earth_hyp,0.06,0.06,2,canonical,13,113,0.05206255485385231,0.05712869144356561,0.005066136589713298,9.730864349501731,0.0725712680876223,0.07675856035674918,0.004187292269126869,5.769903681538465,0.05731753697710737,0.08876352235652092,0.03144598537941355,54.862764588040626
sigma_oto_earth_hyp,0.06,0.06,2,canonical,14,114,0.05326431118241393,0.05097754808647106,-0.002286763095942876,-4.293236963323178,0.0707148747809747,0.09036319365250345,0.01964831887152875,27.785269976628708,0.06321700550586887,0.08393786514699901,0.020720859641130143,32.77735077028677
sigma_oto_earth_hyp,0.06,0.06,2,canonical,15,115,0.04712875648091697,0.0567260081677048,0.009597251686787836,20.363897550901612,0.08877222467639247,0.10191648971708762,0.013144265040695158,14.806731597198175,0.05642154265515883,0.08209374807211185,0.025672205416953024,45.500715168066606
sigma_oto_earth_hyp,0.06,0.06,2,canonical,16,116,0.0517451306473083,0.05481572524170674,0.003070594594398443,5.934074483891888,0.0630805911659902,0.13197598569762728,0.06889539453163708,109.21805464749977,0.05153984433904071,0.08544219534426276,0.03390235100522205,65.778916176395
sigma_oto_earth_hyp,0.06,0.06,2,canonical,17,117,0.049726389075452786,0.05548026883733793,0.005753879761885142,11.571078996213538,0.07940649677572749,0.11122247460298454,0.03181597782725705,40.067222606629805,0.0566956585574074,0.07474895576715143,0.01805329720974403,31.842468487184245
sigma_oto_earth_hyp,0.06,0.06,2,canonical,18,118,0.05308937317680226,0.053678584908746246,0.0005892117319439838,1.1098487261880945,0.07631113866207387,0.1357740924044229,0.05946295374234903,77.9217225491378,0.05909712507191428,0.09024901947406606,0.031151894402151784,52.71304545566908
sigma_oto_earth_hyp,0.06,0.06,2,canonical,19,119,0.05148500620835039,0.05397181379762506,0.0024868075892746644,4.830158860641891,0.0747683360866008,0.11289822220950155,0.03812988612290075,50.99737150594954,0.06241277800938054,0.09872617350322085,0.036313395493840314,58.18262966660844
sigma_oto_earth_hyp,0.06,0.06,2,canonical,20,120,0.04979896356208757,0.05399013702601002,0.0041911734639224485,8.41618612945035,0.10111176228921491,0.1358799786448936,0.034768216355678686,34.385926591042356,0.058002275582574196,0.09357624898598832,0.03557397340341412,61.33203059036829
sigma_oto_earth_hyp,0.06,0.06,2,canonical,21,121,0.05056171466806138,0.05559545752070769,0.0050337428526463154,9.955641112436423,0.056244146267292426,0.12937939390856212,0.07313524764126969,130.03174995972856,0.05804824549063236,0.08409444254403468,0.026046197053402324,44.869912661883255
sigma_oto_earth_hyp,0.06,0.06,2,canonical,22,122,0.05097609946294546,0.05074052806188473,-0.00023557140106072322,-0.46212127554396376,0.07288938815293293,0.08349886926259846,0.01060948110966553,14.555590845961333,0.05720565898617815,0.09436816092140372,0.03716250193522557,64.96298197387195
sigma_oto_earth_hyp,0.06,0.06,2,canonical,23,123,0.05128720292880176,0.05500621961176081,0.003719016682959049,7.251354081683661,0.06971469856860425,0.06601050046417738,-0.0037041981044268757,-5.313367454040814,0.060030450812770884,0.07896276859993896,0.018932317787168078,31.537857088923303
sigma_oto_earth_hyp,0.06,0.06,2,canonical,24,124,0.056034995899460364,0.05298117111610924,-0.0030538247833511237,-5.4498527827688,0.11060674530993181,0.12435534716584559,0.013748601855913783,12.430165825229505,0.05622159341084604,0.08381425882203894,0.0275926654111929,49.078412291797186
sigma_oto_earth_hyp,0.06,0.06,2,canonical,25,125,0.05388495183881424,0.050751798721368556,-0.0031331531174456848,-5.814523369748699,0.07869637386536456,0.060985315943189435,-0.017711057922175123,-22.505557819570672,0.06577278147769818,0.08917881466039308,0.023406033182694908,35.58619942298058
sigma_oto_earth_hyp,0.06,0.06,2,canonical,26,126,0.05290724449819469,0.05382056349169913,0.0009133189935044347,1.7262645260907494,0.057410350517166225,0.0854022478199327,0.02799189730276648,48.757579514162074,0.05994369666894594,0.0800042150824927,0.02006051841354676,33.465601102874906
sigma_oto_earth_hyp,0.06,0.06,2,canonical,27,127,0.04818328112980055,0.05082500533464182,0.002641724204841274,5.482657351052442,0.07560824879684892,0.11700966398923017,0.04140141519238125,54.75780202716017,0.054355724444286616,0.08278330338452547,0.028427578940238854,52.29914462712474
sigma_oto_earth_hyp,0.06,0.06,2,canonical,28,128,0.05190722155131241,0.05239511785503714,0.0004878963037247344,0.9399391628820452,0.05778358004097755,0.11633321541294865,0.0585496353719711,101.3257318609375,0.056706823752402366,0.07808412196109257,0.021377298208690207,37.697929092324735
sigma_oto_earth_hyp,0.06,0.06,2,canonical,29,129,0.05361311017271911,0.05498471706348487,0.0013716068907657641,2.558342327738529,0.061405073158389105,0.10932957300620386,0.04792449984781475,78.04648277870727,0.06477260569312294,0.10156312461912612,0.03679051892600317,56.79950425386284
sigma_oto_earth_hyp,0.06,0.075,3,level_4,0,100,0.05228435474559516,0.05582232829615892,0.003537973550563761,6.766792031342469,0.07751196873665624,0.10743561574796687,0.02992364701131063,38.60519542856021,0.05014399451359048,0.08526153374098429,0.03511753922739381,70.03338997629305
sigma_oto_earth_hyp,0.06,0.075,3,level_4,1,101,0.04868691592554063,0.04940542851661044,0.0007185125910698156,1.4757816908523707,0.08023038486758063,0.08861675242672314,0.008386367559142502,10.452857197412314,0.058622012720764734,0.07215449332918852,0.01353248060842379,23.084298850132104
sigma_oto_earth_hyp,0.06,0.075,3,level_4,2,102,0.0523478513424922,0.056312583249909925,0.003964731907417723,7.573819757143386,0.07939372013655657,0.08091409961424652,0.0015203794776899454,1.9149870733792353,0.06026652559509321,0.08871419367308965,0.028447668077996438,47.20309955998624
sigma_oto_earth_hyp,0.06,0.075,3,level_4,3,103,0.050330882220005486,0.05419703315451222,0.0038661509345067346,7.681468641076233,0.08095811506602617,0.09593995956527998,0.014981844499253813,18.505673565936196,0.055598244937236196,0.07429432890648074,0.018696083969244548,33.627111773672354
sigma_oto_earth_hyp,0.06,0.075,3,level_4,4,104,0.05120569125168109,0.05426759286689468,0.0030619016152135872,5.9796119149413185,0.06306279351754807,0.13126991535589197,0.0682071218383439,108.15746977552519,0.06531106913847186,0.07955300094404749,0.014241931805575633,21.806306332820913
sigma_oto_earth_hyp,0.06,0.075,3,level_4,5,105,0.05244519480778822,0.054410834691004425,0.0019656398832162067,3.747988524821544,0.07135000390438546,0.11539418093107891,0.04404417702669344,61.72974718504018,0.06018902628368955,0.08813224516031018,0.02794321887662063,46.42576994835499
sigma_oto_earth_hyp,0.06,0.075,3,level_4,6,106,0.05274259315105623,0.055195848913214246,0.0024532557621580187,4.65137494307841,0.09529963712577598,0.07384805479396427,-0.021451582331811714,-22.50961596369987,0.053788592885539416,0.07415269843083162,0.020364105545292208,37.85952458103234
sigma_oto_earth_hyp,0.06,0.075,3,level_4,7,107,0.05191284043127725,0.05149894254177627,-0.00041389788950098316,-0.7972938603675624,0.06420766215703744,0.12107882944509678,0.05687116728805934,88.57380159546273,0.053725669130830656,0.08727979699064967,0.03355412785981901,62.4545555274692
sigma_oto_earth_hyp,0.06,0.075,3,level_4,8,108,0.051255857818365266,0.056336581499550314,0.005080723681185048,9.912474197953227,0.061316633806042145,0.11320665368040542,0.05189001987436327,84.62633490041658,0.055345650774314484,0.10694557381826486,0.05159992304395038,93.23211909525062
sigma_oto_earth_hyp,0.06,0.075,3,level_4,9,109,0.04972763113633816,0.05458095636898983,0.004853325232651674,9.759815864434243,0.0927787290044437,0.12723238352018254,0.03445365451573884,37.13529478733068,0.05134391290722157,0.06716965776803115,0.01582574486080958,30.823020616692563
sigma_oto_earth_hyp,0.06,0.075,3,level_4,10,110,0.05023501434241006,0.0504635418262131,0.0002285274838030385,0.45491672849012815,0.06726847791433217,0.108054625568213,0.04078614765388083,60.63188720550933,0.05484716054771894,0.08222383607761362,0.02737667552989468,49.914480998658114
sigma_oto_earth_hyp,0.06,0.075,3,level_4,11,111,0.05491872597442893,0.05499234192368256,7.361594925363313e-05,0.13404526042339354,0.0812069286540446,0.1482855141025275,0.0670785854484829,82.60204709163321,0.058926067810148586,0.07739752362842084,0.018471455818272253,31.346832572953378
sigma_oto_earth_hyp,0.06,0.075,3,level_4,12,112,0.05218594430106043,0.05195352209117725,-0.00023242220988318324,-0.44537319961547644,0.05534493895633846,0.11593332940677321,0.06058839045043475,109.47413005231218,0.055221496395476855,0.09172852288131843,0.03650702648584157,66.11017243066205
sigma_oto_earth_hyp,0.06,0.075,3,level_4,13,113,0.052069300659872746,0.05712021714729512,0.005050916487422376,9.700373201506947,0.07289030972796802,0.07673253842021807,0.003842228692250052,5.271247586393214,0.05696035250666436,0.08884681500797453,0.03188646250131017,55.98010036468692
sigma_oto_earth_hyp,0.06,0.075,3,level_4,14,114,0.05326815055926728,0.05097535324286899,-0.0022927973163982887,-4.304255530417325,0.07145222485371167,0.09030519909105279,0.018852974237341127,26.385426452346206,0.06276019334067161,0.08398832338190165,0.021228130041230045,33.82419478219357
sigma_oto_earth_hyp,0.06,0.075,3,level_4,15,115,0.04713383127500425,0.056721215014204754,0.009587383739200504,20.34076899724643,0.08912535990965277,0.10188202900723659,0.012756669097583814,14.31317540878979,0.05605113645599233,0.0821677089338762,0.026116572477883876,46.594189037342524
sigma_oto_earth_hyp,0.06,0.075,3,level_4,16,116,0.051754142135296166,0.05482059098240694,0.0030664488471107768,5.925030771632611,0.06194478505269153,0.1319189628563252,0.06997417780363369,112.9621771132343,0.05148064789059771,0.08444329649608569,0.032962648605487976,64.02920312024314
sigma_oto_earth_hyp,0.06,0.075,3,level_4,17,117,0.04972323073190407,0.055475048112944576,0.005751817381040504,11.567666252526804,0.08032210857351434,0.11123990153346927,0.030917792959954934,38.49225762251697,0.05636523824172415,0.07495731261913871,0.018592074377414558,32.98500096403717
sigma_oto_earth_hyp,0.06,0.075,3,level_4,18,118,0.053077095143451325,0.053684663792112675,0.0006075686486613496,1.1446908445522037,0.07703153469789542,0.13556634441921495,0.058534809721319525,75.9881131161194,0.05904097819849845,0.08946315472789185,0.0304221765293934,51.527223053643624
sigma_oto_earth_hyp,0.06,0.075,3,level_4,19,119,0.05147739464451104,0.05396076997581575,0.0024833753313047158,4.824205553630354,0.07439195018283343,0.1128348516478749,0.03844290146504148,51.676157662973196,0.06262461756858449,0.09825116149458805,0.03562654392600356,56.88904029950602
sigma_oto_earth_hyp,0.06,0.075,3,level_4,20,120,0.04980412135640635,0.05399847352677497,0.00419435217036862,8.421696952252521,0.10186560801535338,0.13589678041063122,0.03403117239527784,33.407911716532034,0.057785034401483144,0.0907921358457846,0.03300710144430146,57.12050150385353
sigma_oto_earth_hyp,0.06,0.075,3,level_4,21,121,0.05056888530582812,0.055587754106892776,0.005018868801064655,9.924815962843114,0.056117731333346806,0.12939812769758058,0.07328039636423378,130.58331943060645,0.05802055878609766,0.08384059719726908,0.02582003841117142,44.50153351049452
sigma_oto_earth_hyp,0.06,0.075,3,level_4,22,122,0.05098124167356166,0.05075000733524635,-0.0002312343383153101,-0.4535674901681059,0.07390274603526047,0.08345979413822789,0.009557048102967425,12.931925558500312,0.05661796086409496,0.09357416069788412,0.03695619983378916,65.27292624066479
sigma_oto_earth_hyp,0.06,0.075,3,level_4,23,123,0.05128903918432705,0.05500572864020226,0.0037166894558752148,7.246556993430605,0.0698406835265899,0.06601088668896408,-0.0038297968376258124,-5.483618779543765,0.059480640165284884,0.07903076830003597,0.019550128134751085,32.86805266457315
sigma_oto_earth_hyp,0.06,0.075,3,level_4,24,124,0.056032015504586294,0.05298237375221077,-0.0030496417523755218,-5.442677235349323,0.11133270550608251,0.12436182507109511,0.013029119565012598,11.702867998928465,0.055950985887851794,0.08384020782975629,0.027889221941904498,49.845809683864516
sigma_oto_earth_hyp,0.06,0.075,3,level_4,25,125,0.05388364102779618,0.05074427598859871,-0.00313936503919747,-5.826193218045549,0.07920937207910045,0.061115403532770805,-0.018093968546329643,-22.84321674493336,0.06568139463191756,0.09050572622532037,0.024824331593402804,37.79507382953701
sigma_oto_earth_hyp,0.06,0.075,3,level_4,26,126,0.05290435580362116,0.05382519737850522,0.0009208415748840557,1.740577993808643,0.058115260716252434,0.08469257312990351,0.026577312413651077,45.732071208309144,0.06043713095553642,0.07952456036840458,0.01908742941286816,31.582289084686657
sigma_oto_earth_hyp,0.06,0.075,3,level_4,27,127,0.0481897380845644,0.050837324520795944,0.0026475864362315443,5.494087624185676,0.0751420599131016,0.11700548864625712,0.04186342873315552,55.712378369143295,0.054191783725912414,0.08056110967812125,0.02636932595220883,48.65926924564404
sigma_oto_earth_hyp,0.06,0.075,3,level_4,28,128,0.05190732243688267,0.0523853988125573,0.0004780763756746312,0.921019141867612,0.05791677986636374,0.11656483715427693,0.05864805728791319,101.26263480676376,0.05618566804314551,0.07754425246418807,0.021358584421042562,38.014292905872544
sigma_oto_earth_hyp,0.06,0.075,3,level_4,29,129,0.053617012599608785,0.05499489782445782,0.0013778852248490375,2.5698657162019716,0.06102509694152558,0.10933664439569248,0.048311547454166895,79.1666869459612,0.06489468212266926,0.1000522596213866,0.03515757749871734,54.17636137312392
sigma_oto_earth_hyp,0.06,0.09,4,level_5,0,100,0.052288760746055346,0.05581928646179329,0.0035305257157379408,6.751978179181237,0.07872595342372399,0.10745290956591824,0.028726956142194254,36.48981675404824,0.04953744491569765,0.08525183135499417,0.035714386439296524,72.09573788085947
sigma_oto_earth_hyp,0.06,0.09,4,level_5,1,101,0.04869095764583568,0.04939039077143893,0.0006994331256032563,1.4364743669466022,0.08076276843993509,0.08860223854466191,0.007839470104726826,9.706787243873642,0.05853824803591268,0.07171000933562954,0.013171761299716866,22.501119766406593
sigma_oto_earth_hyp,0.06,0.09,4,level_5,2,102,0.052352856380400714,0.05631182370040544,0.003958967320004725,7.562084657307905,0.07989478443540612,0.08093744442111969,0.0010426599857135677,1.3050413654430026,0.060415593782378756,0.08881918045104047,0.02840358666866171,47.013667979451526
sigma_oto_earth_hyp,0.06,0.09,4,level_5,3,103,0.05033399620761393,0.05419200006957453,0.003858003861960599,7.664807391901471,0.08100233068843242,0.09594189937647189,0.014939568688039473,18.443381271957556,0.0560655780141516,0.07493688143784273,0.01887130342369113,33.65933981618417
sigma_oto_earth_hyp,0.06,0.09,4,level_5,4,104,0.05121446843566091,0.05427075622366345,0.003056287788002543,5.967625714678771,0.06289659600847383,0.13125590608596865,0.06835931007749482,108.68523006918375,0.06546195514885876,0.07872682663982607,0.013264871490967306,20.263481988589156
sigma_oto_earth_hyp,0.06,0.09,4,level_5,5,105,0.05245372746856339,0.0544037682284827,0.001950040759919315,3.717640011547349,0.07152487861680494,0.11538577687707716,0.043860898260272216,61.32257629580513,0.06055691313771132,0.0879487239710249,0.027391810833313587,45.233168954669786
sigma_oto_earth_hyp,0.06,0.09,4,level_5,6,106,0.05274154537024009,0.05519043183988167,0.00244888646964158,4.643183002035028,0.09600756147644829,0.07384062551558321,-0.02216693596086508,-23.08873969921929,0.054068467407325065,0.07402299119748769,0.019954523790162625,36.90602812880772
sigma_oto_earth_hyp,0.06,0.09,4,level_5,7,107,0.0519238309678693,0.05150202883518249,-0.0004218021326868118,-0.8123478657571027,0.06491543297806297,0.12103297463967135,0.05611754166160837,86.44714991051868,0.05327732519867653,0.08691199074786736,0.03363466554919083,63.13129539398566
sigma_oto_earth_hyp,0.06,0.09,4,level_5,8,108,0.05126385598948476,0.0563406425480848,0.005076786558600041,9.903247542754864,0.0622993302103659,0.11308357369063447,0.050784243480268575,81.51651600231595,0.05460215240250107,0.10628665151144312,0.05168449910894205,94.65652329591063
sigma_oto_earth_hyp,0.06,0.09,4,level_5,9,109,0.04972860133102952,0.05458524721141331,0.004856645880383786,9.766302993431166,0.09190257465878157,0.1269948259794421,0.03509225132066052,38.184187386427425,0.05189578144348981,0.0669112976725977,0.015015516229107885,28.933982322741464
sigma_oto_earth_hyp,0.06,0.09,4,level_5,10,110,0.05024607156407363,0.05045760245561819,0.00021153089154456184,0.4209899101759992,0.06756695206395096,0.10777190354655117,0.04020495148260021,59.5038702419889,0.054938909437126045,0.08194822105023214,0.027009311613106095,49.16244586910934
sigma_oto_earth_hyp,0.06,0.09,4,level_5,11,111,0.054913165623782,0.0549960764178542,8.291079407220237e-05,0.1509852748978927,0.08255141626960838,0.14821601975328905,0.06566460348368067,79.54388483078678,0.05901921753125866,0.07649120886489855,0.017471991333639886,29.603902024600888
sigma_oto_earth_hyp,0.06,0.09,4,level_5,12,112,0.052193874963759504,0.05195001232973289,-0.0002438626340266134,-0.4672246201224529,0.05553799388169021,0.11590594235512128,0.06036794847343107,108.6966673697827,0.054755628225332795,0.09180896719434799,0.03705333896901519,67.670375027991
sigma_oto_earth_hyp,0.06,0.09,4,level_5,13,113,0.05207529594063956,0.057114884902284245,0.005039588961644685,9.677504218870489,0.07331084512822891,0.07685028983764726,0.003539444709418346,4.827996053281693,0.05678819407442178,0.08900087644629406,0.03221268237187228,56.724259147345094
sigma_oto_earth_hyp,0.06,0.09,4,level_5,14,114,0.053272286140855864,0.05097856755483183,-0.002293718586024035,-4.305650746730248,0.07226155306660738,0.09024963095187774,0.017988077885270362,24.893013119562735,0.0623813828985799,0.08391668719233908,0.021535304293759182,34.522005273226206
sigma_oto_earth_hyp,0.06,0.09,4,level_5,15,115,0.04713850691106587,0.056723189182164166,0.009584682271098294,20.333020494648437,0.08959916026536024,0.10190402841386689,0.012304868148506648,13.733240481343895,0.055895440635673733,0.08212922955236973,0.026233788916695998,46.93368299516186
sigma_oto_earth_hyp,0.06,0.09,4,level_5,16,116,0.051761943748354716,0.05482447394410746,0.003062530195752741,5.916567219039346,0.06093971117845112,0.13188390119570298,0.07094419001725186,116.41701059183625,0.051565162544026426,0.08390759494341028,0.03234243239938386,62.72147861799104
sigma_oto_earth_hyp,0.06,0.09,4,level_5,17,117,0.04972015473617874,0.05548160844905924,0.005761453712880504,11.587763037849514,0.08137602432213951,0.11111315640948105,0.029737132087341536,36.542866692064635,0.05620232736497507,0.07439844694529155,0.01819611958031648,32.37609621066366
sigma_oto_earth_hyp,0.06,0.09,4,level_5,18,118,0.05306632466917208,0.05368851142096044,0.0006221867517883645,1.172470028152925,0.07787437710217561,0.13541963789675698,0.057545260794581374,73.89498694683454,0.059150731281216715,0.08901966738869992,0.0298689361074832,50.49630910813112
sigma_oto_earth_hyp,0.06,0.09,4,level_5,19,119,0.05147097067095761,0.05395372166677576,0.002482750995818156,4.823594665991102,0.07415413956078296,0.11280749847759285,0.03865335891680989,52.12569270677917,0.06302075056128711,0.09804325929744687,0.03502250873615975,55.57297941429732
sigma_oto_earth_hyp,0.06,0.09,4,level_5,20,120,0.049808564373810885,0.054004203015417536,0.004195638641606651,8.423528552476608,0.1026003715202895,0.1359168932023232,0.033316521682033695,32.47212577144057,0.05775668213222017,0.08898518085605793,0.03122849872383776,54.06906624647786
sigma_oto_earth_hyp,0.06,0.09,4,level_5,21,121,0.05057496677510917,0.05558240103868612,0.00500743426357695,9.901013451661612,0.056145829038838455,0.12941050167410995,0.07326467263527149,130.48996495285732,0.05816658403039162,0.0838259822132154,0.025659398182823777,44.11364120921546
sigma_oto_earth_hyp,0.06,0.09,4,level_5,22,122,0.05098579937721629,0.05075608088717666,-0.00022971849003963069,-0.4505538656755543,0.0750523537717108,0.08337117846783315,0.008318824696122357,11.084029051808287,0.056172018924963284,0.09303740849436049,0.0368653895693972,65.62945444179849
sigma_oto_earth_hyp,0.06,0.09,4,level_5,23,123,0.05129039966865517,0.05500349470574595,0.0037130950370907745,7.239356801814782,0.07015208934781121,0.06601814695904142,-0.004133942388769796,-5.892828605964787,0.059105026717234686,0.07900324349058627,0.01989821677335158,33.665862073875644
sigma_oto_earth_hyp,0.06,0.09,4,level_5,24,124,0.05602870070710031,0.05298887086827944,-0.0030398298388208678,-5.425486938760373,0.11207942400364561,0.12437255870556223,0.01229313470191662,10.968235080791244,0.05589763935924307,0.08150985322550679,0.025612213866263715,45.81984885204022
sigma_oto_earth_hyp,0.06,0.09,4,level_5,25,125,0.05388249121345697,0.050752314471014956,-0.003130176742442016,-5.809265072844784,0.07988619096634322,0.06103788871721334,-0.01884830224912988,-23.593942859374582,0.0657017979594142,0.08957573314678383,0.023873935187369633,36.3368064936628
sigma_oto_earth_hyp,0.06,0.09,4,level_5,26,126,0.052901461925868,0.05382862624334437,0.0009271643174763727,1.7526251330740705,0.058920849673197016,0.08380553058300728,0.024884680909810268,42.23408360170044,0.061124794149983855,0.07923115894137056,0.018106364791386706,29.62196444696164
sigma_oto_earth_hyp,0.06,0.09,4,level_5,27,127,0.04819599546440039,0.05084556209397455,0.0026495666295741557,5.497482942397649,0.07492367551975662,0.11704797864929285,0.04212430312953623,56.22295334193593,0.054166582456935654,0.07915561952384503,0.02498903706690938,46.13367861407271
sigma_oto_earth_hyp,0.06,0.09,4,level_5,28,128,0.05190769107012661,0.05237925409208559,0.00047156302195897754,0.9084646460616059,0.05816674379675501,0.11673429245512529,0.05856754865837028,100.68906188562963,0.05587089043609023,0.07736866034815677,0.02149776991206654,38.477585992042634
sigma_oto_earth_hyp,0.06,0.09,4,level_5,29,129,0.05362079661605383,0.055001173405873564,0.001380376789819733,2.5743310001598414,0.060764394232094315,0.10945532827336633,0.04869093404127202,80.13069932910584,0.06517193324113624,0.09901411851826383,0.033842185277127595,51.92754548482008
sigma_oto_micro_hyp,0.4,0.2,0,level_1,0,100,0.052277766020535264,0.05573387899304238,0.003456112972507114,6.611057119674004,0.07640798701186179,0.08994451601041104,0.01353652899854925,17.71611781429054,0.05095550332607509,0.09646925207491522,0.04551374874884013,89.32057536079662
sigma_oto_micro_hyp,0.4,0.2,0,level_1,1,101,0.048682141078951045,0.04929859492057306,0.000616453841622018,1.2662833391454047,0.07983359971382732,0.08741047954448929,0.0075768798306619645,9.490840771081547,0.058799784250183555,0.0703559323019651,0.011556148051781547,19.653385125720888
sigma_oto_micro_hyp,0.4,0.2,0,level_1,2,102,0.05234311591834135,0.05628331514538966,0.003940199227048309,7.527635980240983,0.0790612458239677,0.07406983546291714,-0.004991410361050566,-6.31334645568841,0.06020637945294903,0.09918400451376942,0.03897762506082039,64.74002491925495
sigma_oto_micro_hyp,0.4,0.2,0,level_1,3,103,0.05032709499881967,0.05414995073713369,0.003822855738314021,7.596019079590585,0.0810952158647577,0.0923167163012908,0.01122150043653311,13.837438271632672,0.055260757417902526,0.08153762708094887,0.02627686966304635,47.55068676372064
sigma_oto_micro_hyp,0.4,0.2,0,level_1,4,104,0.0511943520418476,0.0542299055283093,0.0030355534864617006,5.929469493002587,0.06326988746101077,0.1238814111890558,0.06061152372804503,95.79837448801545,0.06534934135760927,0.0811183106990553,0.015768969341446032,24.13026514705629
sigma_oto_micro_hyp,0.4,0.2,0,level_1,5,105,0.052435717535025815,0.054364437888893696,0.0019287203538678813,3.6782568152701294,0.07128812672772421,0.10682875710325432,0.03554063037553011,49.85490853374919,0.05998158181024474,0.09123272879501113,0.03125114698476639,52.10123848289168
sigma_oto_micro_hyp,0.4,0.2,0,level_1,6,106,0.05274283194960692,0.0551546179929185,0.0024117860433115826,4.572727618448552,0.09471541343049816,0.08587558212051155,-0.008839831309986612,-9.333044105301033,0.053713612637004686,0.07135859500897429,0.017644982371969604,32.85011285912563
sigma_oto_micro_hyp,0.4,0.2,0,level_1,7,107,0.051903382012905515,0.05146875252888374,-0.00043462948402177293,-0.8373818182285395,0.06373046099570037,0.1233795204995919,0.05964905950389153,93.59583874329076,0.054351595090516444,0.07759458535781091,0.02324299026729447,42.76413641326606
sigma_oto_micro_hyp,0.4,0.2,0,level_1,8,108,0.05124686013328387,0.05635765689596173,0.005110796762677859,9.97289736265909,0.060379524395380205,0.11127552123533242,0.05089599683995222,84.29347092347486,0.056198541621436816,0.09899240440768152,0.0427938627862447,76.14763933646469
sigma_oto_micro_hyp,0.4,0.2,0,level_1,9,109,0.049726537060340255,0.05459591206484701,0.004869375004506758,9.792306668365134,0.09370062882607359,0.10126799006625326,0.0075673612401796625,8.07610507526704,0.05100668202714294,0.07042910968646737,0.019422427659324434,38.0782024774497
sigma_oto_micro_hyp,0.4,0.2,0,level_1,10,110,0.0502212181661545,0.05044137579912401,0.00022015763296950874,0.43837573242673594,0.06714108968542039,0.09049960853505314,0.023358518849632748,34.79019920450446,0.05494890189693206,0.08784209044446865,0.032893188547536596,59.8614119882405
sigma_oto_micro_hyp,0.4,0.2,0,level_1,11,111,0.054924227237579074,0.05498710142354969,6.287418597061833e-05,0.11447441162649606,0.0800477325807894,0.14296954343054194,0.06292181084975254,78.60536310163157,0.05895995275501539,0.07985306840497537,0.02089311564995998,35.436113283151705
sigma_oto_micro_hyp,0.4,0.2,0,level_1,12,112,0.05217721781907892,0.05193497312835031,-0.00024224469072860882,-0.4642729161385653,0.05529168333126761,0.11702217719068286,0.06173049385941525,111.64517001511956,0.055899491840275504,0.09093885471828395,0.03503936287800844,62.68279321416412
sigma_oto_micro_hyp,0.4,0.2,0,level_1,13,113,0.0520614264399232,0.05703394165672181,0.004972515216798604,9.551246588559549,0.07257313480405271,0.08148184475555328,0.008908709951500574,12.275492819145912,0.057304054679876204,0.0882197629537066,0.030915708273830403,53.95029801388077
sigma_oto_micro_hyp,0.4,0.2,0,level_1,14,114,0.05326516129385359,0.050883181472073005,-0.0023819798217805874,-4.471928299699808,0.07070056625264717,0.10599194625336,0.03529138000071283,49.916686486781074,0.06319616105759172,0.08188132351354728,0.018685162455955556,29.566926444989992
sigma_oto_micro_hyp,0.4,0.2,0,level_1,15,115,0.0471281025092451,0.056707975373465044,0.009579872864219942,20.327304419567202,0.08877022597902391,0.1053903119324787,0.016620085953454794,18.722590564748657,0.05633211574616736,0.07572905566721994,0.019396939921052576,34.43318196755689
sigma_oto_micro_hyp,0.4,0.2,0,level_1,16,116,0.05174578894820106,0.05476509903755162,0.003019310089350559,5.834890434027337,0.06310178045093609,0.11807636745395189,0.0549745870030158,87.1205005788395,0.05154874050189885,0.08715090389182907,0.03560216338993022,69.06504997657271
sigma_oto_micro_hyp,0.4,0.2,0,level_1,17,117,0.0497260958503677,0.0553976400996021,0.0056715442492344045,11.405569152866576,0.0794108905239665,0.09911117447918834,0.01970028395522183,24.80803807290917,0.05670449877279944,0.08346139419013537,0.026756895417335932,47.18654779851601
sigma_oto_micro_hyp,0.4,0.2,0,level_1,18,118,0.053090301500770085,0.053649492022242715,0.00055919052147263,1.0532818719526746,0.07627803518846554,0.13127221296692917,0.05499417777846363,72.09700360344316,0.05905845218463238,0.09537149142435432,0.036313039239721935,61.48660843023407
sigma_oto_micro_hyp,0.4,0.2,0,level_1,19,119,0.05148586647449672,0.053941612184132494,0.002455745709635776,4.769747268121083,0.07484011098683897,0.10590863356119609,0.03106852257435712,41.51319682011252,0.06244033820794092,0.09480135278832945,0.03236101458038853,51.827096888262815
sigma_oto_micro_hyp,0.4,0.2,0,level_1,20,120,0.04979931158425865,0.05396068013763502,0.004161368553376371,8.356277267679664,0.1011192187604492,0.1149215981694362,0.013802379408987,13.649610408566101,0.05799243695957066,0.09027930592780192,0.03228686896823126,55.67427523478622
sigma_oto_micro_hyp,0.4,0.2,0,level_1,21,121,0.05056254437185855,0.05548260044955758,0.004920056077699027,9.730633888822588,0.056252380238534586,0.12027470228455149,0.0640223220460169,113.8126453930205,0.058015535963239634,0.08568792764484394,0.027672391681604305,47.69824362070593
sigma_oto_micro_hyp,0.4,0.2,0,level_1,22,122,0.050976197657495934,0.05070791785721137,-0.00026827980028456405,-0.5262844476693018,0.07287125264008219,0.07520332203892444,0.002332069398842243,3.200259792926228,0.05721380724439161,0.0795686240172985,0.02235481677290689,39.07241599465175
sigma_oto_micro_hyp,0.4,0.2,0,level_1,23,123,0.05128747402943158,0.0549519188977582,0.003664444868326615,7.144911964710436,0.06971316978857403,0.08084999418861541,0.011136824400041379,15.975208750107216,0.060035672476864255,0.07813074358014478,0.018095071103280527,30.140532048264745
sigma_oto_micro_hyp,0.4,0.2,0,level_1,24,124,0.05603426657314214,0.05298882277100854,-0.0030454438021335975,-5.434966830802267,0.11057676040133585,0.12607038445460098,0.015493624053265126,14.01164584405563,0.05622341174871224,0.09813259129178453,0.04190917954307229,74.54044185433517
sigma_oto_micro_hyp,0.4,0.2,0,level_1,25,125,0.05388455561874802,0.05069659315320382,-0.003187962465544196,-5.916282372448499,0.07867589093508853,0.07042898360852128,-0.008246907326567257,-10.482127661409464,0.06576089536149515,0.09186485607768566,0.026103960716190505,39.69526353419315
sigma_oto_micro_hyp,0.4,0.2,0,level_1,26,126,0.05290632716918538,0.05379770015906649,0.000891372989881116,1.6848135895554754,0.05738169659406651,0.0759448140980226,0.018563117503956096,32.350241637636756,0.059897575889125663,0.08289508890916653,0.022997513020040862,38.39473080281373
sigma_oto_micro_hyp,0.4,0.2,0,level_1,27,127,0.04818287683904886,0.05076842590590238,0.002585549066853522,5.366116007332536,0.07561161848255221,0.10022433005953112,0.024612711576978905,32.55149416310724,0.05436855064430605,0.07404204804895403,0.019673497404647987,36.18543656489465
sigma_oto_micro_hyp,0.4,0.2,0,level_1,28,128,0.051907220738760425,0.05230492429836868,0.0003977035596082548,0.7661815715578846,0.057780310151969085,0.11662267690499926,0.05884236675303018,101.83809432359875,0.05670905212985833,0.08511564574769924,0.02840659361784091,50.09181524105273
sigma_oto_micro_hyp,0.4,0.2,0,level_1,29,129,0.053613287665479556,0.05496609332430584,0.0013528056588262838,2.5232656263632314,0.061430829259972744,0.10047601210782069,0.03904518284784794,63.55958940845538,0.06477323570578877,0.09329864040670259,0.028525404700913817,44.03887560979836
sigma_oto_micro_hyp,0.4,0.3,1,level_2,0,100,0.05227839098528049,0.055789395411898,0.0035110044266175103,6.715976449248541,0.07642481238018525,0.09832129587800263,0.02189648349781738,28.651013742618627,0.050936609551595825,0.08731612434565333,0.03637951479405751,71.4211548713449
sigma_oto_micro_hyp,0.4,0.3,1,level_2,1,101,0.04868278190648083,0.049379490025355986,0.000696708118875157,1.4311181316908446,0.07983701985637276,0.08522616054796434,0.005389140691591576,6.75017767607893,0.05882584070811315,0.06893737123465687,0.010111530526543726,17.188926507172148
sigma_oto_micro_hyp,0.4,0.3,1,level_2,2,102,0.05234274024044507,0.05629784717593807,0.0039551069354929955,7.556170955751562,0.07904316694154204,0.0742915206733838,-0.00475164626815823,-6.011457349213254,0.060203646222286425,0.0912844036002194,0.031080757377932977,51.62603816914229
sigma_oto_micro_hyp,0.4,0.3,1,level_2,3,103,0.05032716240314157,0.054176090575754836,0.0038489281726132654,7.647814795878505,0.08109531241409769,0.09225143513469185,0.011156122720594158,13.756803431038719,0.05526527531512338,0.07272904190628138,0.017463766591157996,31.599890693712013
sigma_oto_micro_hyp,0.4,0.3,1,level_2,4,104,0.05119533239434478,0.05425089050009978,0.003055558105754995,5.968431032381622,0.06326700629822414,0.12413679502138382,0.06086978872315968,96.21095146534262,0.06531322406461589,0.07808078858117645,0.012767564516560567,19.548207425695782
sigma_oto_micro_hyp,0.4,0.3,1,level_2,5,105,0.05243519746662288,0.054397062220900426,0.001961864754277544,3.741503511122181,0.07130716596187592,0.10973133085050668,0.03842416488863076,53.88541862563166,0.05999223862979453,0.08671679119107312,0.026724552561278585,44.54668332380933
sigma_oto_micro_hyp,0.4,0.3,1,level_2,6,106,0.05274299477189108,0.05518208532264079,0.0024390905507497077,4.62448247639059,0.09472062234129333,0.07767307442192492,-0.01704754791936841,-17.997715278879195,0.05371625196080548,0.06930003507623317,0.015583783115427685,29.01130020538016
sigma_oto_micro_hyp,0.4,0.3,1,level_2,7,107,0.05190281671818364,0.051480403389304145,-0.0004224133288794965,-0.8138543446939907,0.06376487843128435,0.12136744765651476,0.05760256922523041,90.33588809756033,0.054374047088982885,0.08061273601923745,0.026238688930254564,48.25590577673034
sigma_oto_micro_hyp,0.4,0.3,1,level_2,8,108,0.05124699568863706,0.056339649575976945,0.005092653887339885,9.937468175269194,0.060383042364831614,0.11198844531520721,0.0516054029503756,85.46340318293021,0.05619491706054355,0.10131526382872688,0.04512034676818333,80.29257649685887
sigma_oto_micro_hyp,0.4,0.3,1,level_2,9,109,0.04972612891011959,0.054581863700658165,0.0048557347905385725,9.764956365928576,0.09372781292492004,0.11236467059701946,0.018636857672099424,19.884020645001435,0.05101459325892205,0.06670203356143356,0.015687440302511513,30.750887736947515
sigma_oto_micro_hyp,0.4,0.3,1,level_2,10,110,0.050221231659265786,0.05046077303593696,0.00023954137667117625,0.47697232576131177,0.0671385725667633,0.0973815279698424,0.0302429554030791,45.045574022303185,0.054960281849115014,0.08245284314394419,0.027492561294829174,50.02259881109374
sigma_oto_micro_hyp,0.4,0.3,1,level_2,11,111,0.05492424922270841,0.05498556228391604,6.131306120762958e-05,0.11163204244998531,0.08005482337736028,0.14498060273811894,0.06492577936075866,81.10164587424454,0.05896378465869773,0.075501633273462,0.016537848614764275,28.047467967822826
sigma_oto_micro_hyp,0.4,0.3,1,level_2,12,112,0.05217670075927217,0.051948024921838205,-0.00022867583743396702,-0.43827193767771855,0.05529314505220432,0.1143422887871764,0.059049143734972075,106.79288305850856,0.05588091676073765,0.08806472721061992,0.03218381044988227,57.59356201631763
sigma_oto_micro_hyp,0.4,0.3,1,level_2,13,113,0.052061997859498686,0.05709129077298544,0.005029292913486756,9.660199608665543,0.07257229418939325,0.07608668063973234,0.0035143864503390937,4.84260073295676,0.057311446913252566,0.08546338126810475,0.028151934354852186,49.1209625146323
sigma_oto_micro_hyp,0.4,0.3,1,level_2,14,114,0.05326475761593074,0.050938357288025975,-0.002326400327904765,-4.367616472939645,0.0707069345175053,0.0948358556813127,0.024128921163807396,34.125254232077715,0.0632061496193627,0.07949820857708734,0.016292058957724634,25.776066183176724
sigma_oto_micro_hyp,0.4,0.3,1,level_2,15,115,0.04712843429422768,0.05671528692573884,0.009586852631511163,20.341971412967915,0.08877112277271387,0.10294248167545797,0.014171358902744097,15.963928876992908,0.056374922386265326,0.07547439333974493,0.0190994709534796,33.87937427676676
sigma_oto_micro_hyp,0.4,0.3,1,level_2,16,116,0.05174541885554893,0.0547984978886264,0.0030530790330774715,5.900191940856372,0.06309388020797609,0.12237402990968008,0.05928014970170399,93.95546684765478,0.0515424336609217,0.08347512916791253,0.03193269550699083,61.954186558329845
sigma_oto_micro_hyp,0.4,0.3,1,level_2,17,117,0.04972621887384564,0.05544640588778503,0.005720187013939393,11.50336209646542,0.07940868568090463,0.10241984201816051,0.02301115633725588,28.978135250498628,0.05670125272591639,0.07745180227520285,0.020750549549286457,36.59628059646383
sigma_oto_micro_hyp,0.4,0.3,1,level_2,18,118,0.053089835905002374,0.05366544720274402,0.0005756112977416475,1.084221278761592,0.07629369769888497,0.1321250912133465,0.055831393514461536,73.1795616130918,0.059077954102239934,0.0900150193448829,0.030937065242642968,52.36651423152447
sigma_oto_micro_hyp,0.4,0.3,1,level_2,19,119,0.05148545263814181,0.05395690194914484,0.0024714493110030294,4.800286652568173,0.07480197542705337,0.10711680285324351,0.03231482742619014,43.20050004254694,0.062426823961979426,0.09461005984359007,0.03218323588161064,51.553537148088125
sigma_oto_micro_hyp,0.4,0.3,1,level_2,20,120,0.04979909496906716,0.053980848974098626,0.004181754005031464,8.397249001470753,0.10111261233929021,0.12253189852421778,0.02141928618492757,21.183594894229127,0.057997297914008615,0.08951830286276705,0.03152100494875843,54.349092255115
sigma_oto_micro_hyp,0.4,0.3,1,level_2,21,121,0.05056216764644801,0.05555122019538232,0.0049890525489343085,9.867165078482921,0.05624403373161076,0.12366256227724376,0.067418528545633,119.86787588412574,0.05803178874855924,0.08174376600358851,0.02371197725502927,40.86032460203627
sigma_oto_micro_hyp,0.4,0.3,1,level_2,22,122,0.05097614543696197,0.050729904735095366,-0.0002462407018666013,-0.4830508461474535,0.0728787617441742,0.07754108433742268,0.0046623225932484885,6.397368014586481,0.057211805383515224,0.08453263366015518,0.027320828276639952,47.753829989277115
sigma_oto_micro_hyp,0.4,0.3,1,level_2,23,123,0.051287301725129186,0.05498195752924715,0.0036946558041179647,7.203841262539452,0.06971334208001642,0.06908013162883216,-0.0006332104511842657,-0.9083059745686439,0.06003529633444797,0.07589861809505549,0.01586332176060752,26.42332549211591
sigma_oto_micro_hyp,0.4,0.3,1,level_2,24,124,0.056034646450791446,0.052982586707608276,-0.0030520597431831706,-5.446736861030133,0.11059254648136609,0.12306501140814535,0.012472464926779267,11.277853095534583,0.056220512289734,0.08861385925331856,0.03239334696358456,57.6183774289436
sigma_oto_micro_hyp,0.4,0.3,1,level_2,25,125,0.05388477049061891,0.05072982673649477,-0.0031549437541241454,-5.854982261961024,0.0786829645157408,0.062137425779351226,-0.01654553873638958,-21.02810797511269,0.06576743985299925,0.08757527915578951,0.02180783930279026,33.15902116842965
sigma_oto_micro_hyp,0.4,0.3,1,level_2,26,126,0.05290679663367848,0.05381163188986196,0.0009048352561834838,1.7102438887927298,0.057395111332559985,0.07791363896779978,0.020518527635239793,35.749608562218654,0.059918938871432764,0.07845555024873366,0.018536611377300893,30.93614761281845
sigma_oto_micro_hyp,0.4,0.3,1,level_2,27,127,0.048183072923887287,0.05080418831048545,0.0026211153865981635,5.439909137257862,0.07561368852772316,0.1080999397001555,0.03248625117243234,42.96345252423642,0.05436009006418448,0.07558943779180162,0.021229347727617143,39.053187186686145
sigma_oto_micro_hyp,0.4,0.3,1,level_2,28,128,0.05190721675776981,0.052356378813215636,0.0004491620554458245,0.865317163010076,0.05778315991671034,0.11392810080276833,0.05614494088605799,97.16488500626531,0.05671042319006063,0.07879445233953156,0.022084029149470927,38.9417463443325
sigma_oto_micro_hyp,0.4,0.3,1,level_2,29,129,0.053613227527237066,0.05497469544891201,0.0013614679216749428,2.5394254076259033,0.06141441884361905,0.10324009146304672,0.04182567261942767,68.1039948060558,0.0647732980064322,0.09543322868628754,0.03065993067985534,47.33421274428656
sigma_oto_micro_hyp,0.4,0.4,2,canonical,0,100,0.05227903361128479,0.05582726771342003,0.003548234102135242,6.787107291457911,0.07643590785038243,0.10741935014438038,0.03098344229399795,40.535192379275095,0.05092163240002351,0.08539560977309452,0.03447397737307101,67.70006330954757
sigma_oto_micro_hyp,0.4,0.4,2,canonical,1,101,0.048683555599097254,0.0494291789218098,0.000745623322712545,1.531571212367182,0.07984218432276635,0.08863022369467108,0.008788039371904727,11.006762210285483,0.05885431523510717,0.07338451959459094,0.014530204359483774,24.688426500995746
sigma_oto_micro_hyp,0.4,0.4,2,canonical,2,102,0.05234248019736282,0.056314391434914686,0.003971911237551869,7.588313015690812,0.07903576463981214,0.0808119000103707,0.0017761353705585542,2.2472552503956846,0.060202935547240384,0.08841325329628952,0.028210317749049134,46.85870795604792
sigma_oto_micro_hyp,0.4,0.4,2,canonical,3,103,0.05032722908195535,0.054200494582447585,0.0038732655004922317,7.696162835002925,0.0810950685709957,0.09594562355138886,0.014850554980393157,18.312525338568587,0.05527311227670311,0.07403792650651653,0.018764814229813416,33.949262954245725
sigma_oto_micro_hyp,0.4,0.4,2,canonical,4,104,0.05119621887821709,0.054262700304995505,0.003066481426778414,5.989663873562227,0.06326255002179447,0.1312963316583081,0.06803378163651362,107.54195272412419,0.06528116355477227,0.08083986092684163,0.015558697372069358,23.833364059167366
sigma_oto_micro_hyp,0.4,0.4,2,canonical,5,105,0.05243502133258905,0.05442078559916811,0.0019857642665790584,3.7870953727349397,0.07131443862880558,0.11540325656724328,0.04408881793843769,61.82312977028635,0.05999929294987376,0.08846159485534237,0.028462301905468612,47.43772885665063
sigma_oto_micro_hyp,0.4,0.4,2,canonical,6,106,0.05274316164064624,0.055201362297272294,0.002458200656626053,4.660700231386306,0.09472747098725408,0.07405200601923972,-0.020675464968014354,-21.82626090671872,0.053718430130723985,0.0744502912947197,0.02073186116399571,38.593572287098965
sigma_oto_micro_hyp,0.4,0.4,2,canonical,7,107,0.05190239552492012,0.05148917889309668,-0.0004132166318234348,-0.7961417341999857,0.06378659349272257,0.12111102126191156,0.05732442776918899,89.8690847563903,0.054375773230939735,0.08842799257988165,0.03405221934894192,62.62388068362448
sigma_oto_micro_hyp,0.4,0.4,2,canonical,8,108,0.05124726672090241,0.05633013860467138,0.00508287188376897,9.918327764582616,0.06039476522035152,0.11340182780519259,0.05300706258484107,87.76764408544967,0.05618698468293863,0.10795149981723465,0.051764515134296016,92.1290142662069
sigma_oto_micro_hyp,0.4,0.4,2,canonical,9,109,0.0497259163568056,0.05456980541985687,0.00484388906305127,9.741176066609226,0.09373135449462155,0.12771172829082458,0.03398037379620303,36.25294222986276,0.051028094045126815,0.06808374690232526,0.01705565285719844,33.42404449226584
sigma_oto_micro_hyp,0.4,0.4,2,canonical,10,110,0.050221344434371235,0.050472802848362516,0.00025145841399128177,0.5007002835614749,0.06713786743534526,0.10847707009727019,0.04133920266192492,61.57360107056598,0.0549733624712438,0.08280441049995518,0.027831048028711385,50.62642483124371
sigma_oto_micro_hyp,0.4,0.4,2,canonical,11,111,0.05492426932575183,0.05498662087018938,6.235154443754581e-05,0.11352275633881145,0.08006748030211115,0.1483402135851159,0.06827273328300475,85.26899188709025,0.05897219896197289,0.07860369648530734,0.01963149752333445,33.28941072045397
sigma_oto_micro_hyp,0.4,0.4,2,canonical,12,112,0.052176347681895975,0.05195947725298893,-0.00021687042890704278,-0.41564892627065186,0.05529345601473317,0.11598164509649729,0.06068818908176412,109.75654888635194,0.05586234669898512,0.09161890346024777,0.03575655676126265,64.00833275755001
sigma_oto_micro_hyp,0.4,0.4,2,canonical,13,113,0.05206255485385231,0.05712869144356561,0.005066136589713298,9.730864349501731,0.0725712680876223,0.07675856035674918,0.004187292269126869,5.769903681538465,0.05731753697710737,0.08876352235652092,0.03144598537941355,54.862764588040626
sigma_oto_micro_hyp,0.4,0.4,2,canonical,14,114,0.05326431118241393,0.05097754808647106,-0.002286763095942876,-4.293236963323178,0.0707148747809747,0.09036319365250345,0.01964831887152875,27.785269976628708,0.06321700550586887,0.08393786514699901,0.020720859641130143,32.77735077028677
sigma_oto_micro_hyp,0.4,0.4,2,canonical,15,115,0.04712875648091697,0.0567260081677048,0.009597251686787836,20.363897550901612,0.08877222467639247,0.10191648971708762,0.013144265040695158,14.806731597198175,0.05642154265515883,0.08209374807211185,0.025672205416953024,45.500715168066606
sigma_oto_micro_hyp,0.4,0.4,2,canonical,16,116,0.0517451306473083,0.05481572524170674,0.003070594594398443,5.934074483891888,0.0630805911659902,0.13197598569762728,0.06889539453163708,109.21805464749977,0.05153984433904071,0.08544219534426276,0.03390235100522205,65.778916176395
sigma_oto_micro_hyp,0.4,0.4,2,canonical,17,117,0.049726389075452786,0.05548026883733793,0.005753879761885142,11.571078996213538,0.07940649677572749,0.11122247460298454,0.03181597782725705,40.067222606629805,0.0566956585574074,0.07474895576715143,0.01805329720974403,31.842468487184245
sigma_oto_micro_hyp,0.4,0.4,2,canonical,18,118,0.05308937317680226,0.053678584908746246,0.0005892117319439838,1.1098487261880945,0.07631113866207387,0.1357740924044229,0.05946295374234903,77.9217225491378,0.05909712507191428,0.09024901947406606,0.031151894402151784,52.71304545566908
sigma_oto_micro_hyp,0.4,0.4,2,canonical,19,119,0.05148500620835039,0.05397181379762506,0.0024868075892746644,4.830158860641891,0.0747683360866008,0.11289822220950155,0.03812988612290075,50.99737150594954,0.06241277800938054,0.09872617350322085,0.036313395493840314,58.18262966660844
sigma_oto_micro_hyp,0.4,0.4,2,canonical,20,120,0.04979896356208757,0.05399013702601002,0.0041911734639224485,8.41618612945035,0.10111176228921491,0.1358799786448936,0.034768216355678686,34.385926591042356,0.058002275582574196,0.09357624898598832,0.03557397340341412,61.33203059036829
sigma_oto_micro_hyp,0.4,0.4,2,canonical,21,121,0.05056171466806138,0.05559545752070769,0.0050337428526463154,9.955641112436423,0.056244146267292426,0.12937939390856212,0.07313524764126969,130.03174995972856,0.05804824549063236,0.08409444254403468,0.026046197053402324,44.869912661883255
sigma_oto_micro_hyp,0.4,0.4,2,canonical,22,122,0.05097609946294546,0.05074052806188473,-0.00023557140106072322,-0.46212127554396376,0.07288938815293293,0.08349886926259846,0.01060948110966553,14.555590845961333,0.05720565898617815,0.09436816092140372,0.03716250193522557,64.96298197387195
sigma_oto_micro_hyp,0.4,0.4,2,canonical,23,123,0.05128720292880176,0.05500621961176081,0.003719016682959049,7.251354081683661,0.06971469856860425,0.06601050046417738,-0.0037041981044268757,-5.313367454040814,0.060030450812770884,0.07896276859993896,0.018932317787168078,31.537857088923303
sigma_oto_micro_hyp,0.4,0.4,2,canonical,24,124,0.056034995899460364,0.05298117111610924,-0.0030538247833511237,-5.4498527827688,0.11060674530993181,0.12435534716584559,0.013748601855913783,12.430165825229505,0.05622159341084604,0.08381425882203894,0.0275926654111929,49.078412291797186
sigma_oto_micro_hyp,0.4,0.4,2,canonical,25,125,0.05388495183881424,0.050751798721368556,-0.0031331531174456848,-5.814523369748699,0.07869637386536456,0.060985315943189435,-0.017711057922175123,-22.505557819570672,0.06577278147769818,0.08917881466039308,0.023406033182694908,35.58619942298058
sigma_oto_micro_hyp,0.4,0.4,2,canonical,26,126,0.05290724449819469,0.05382056349169913,0.0009133189935044347,1.7262645260907494,0.057410350517166225,0.0854022478199327,0.02799189730276648,48.757579514162074,0.05994369666894594,0.0800042150824927,0.02006051841354676,33.465601102874906
sigma_oto_micro_hyp,0.4,0.4,2,canonical,27,127,0.04818328112980055,0.05082500533464182,0.002641724204841274,5.482657351052442,0.07560824879684892,0.11700966398923017,0.04140141519238125,54.75780202716017,0.054355724444286616,0.08278330338452547,0.028427578940238854,52.29914462712474
sigma_oto_micro_hyp,0.4,0.4,2,canonical,28,128,0.05190722155131241,0.05239511785503714,0.0004878963037247344,0.9399391628820452,0.05778358004097755,0.11633321541294865,0.0585496353719711,101.3257318609375,0.056706823752402366,0.07808412196109257,0.021377298208690207,37.697929092324735
sigma_oto_micro_hyp,0.4,0.4,2,canonical,29,129,0.05361311017271911,0.05498471706348487,0.0013716068907657641,2.558342327738529,0.061405073158389105,0.10932957300620386,0.04792449984781475,78.04648277870727,0.06477260569312294,0.10156312461912612,0.03679051892600317,56.79950425386284
sigma_oto_micro_hyp,0.4,0.5,3,level_4,0,100,0.052279581832092824,0.05585466005732785,0.0035750782252350274,6.838383361055113,0.07644759252061999,0.1153359940420191,0.03888840152139911,50.86936061578375,0.050903785322012556,0.08800339123843058,0.037099605916418026,72.881821423946
sigma_oto_micro_hyp,0.4,0.5,3,level_4,1,101,0.04868427537575968,0.04946197002528857,0.0007776946495288914,1.597424719843139,0.0798487756032317,0.09505571709718616,0.015206941493954462,19.044677115047705,0.0588816309644232,0.07983103756537718,0.020949406600953985,35.57884905330119
sigma_oto_micro_hyp,0.4,0.5,3,level_4,2,102,0.052342326048282796,0.056328767705936034,0.003986441657653238,7.616095727148186,0.07903464864399472,0.08968973329125117,0.010655084647256452,13.481536047881269,0.060202211437923904,0.08886105639184806,0.028658844953924158,47.60430600373385
sigma_oto_micro_hyp,0.4,0.5,3,level_4,3,103,0.050327303956386224,0.05421940484506969,0.0038921008886834627,7.7335771692764785,0.08109259967520643,0.10184329254280111,0.020750692867594678,25.588885978135778,0.0552793739939594,0.08045842137028221,0.02517904737632281,45.548720177392426
sigma_oto_micro_hyp,0.4,0.5,3,level_4,4,104,0.05119697358588747,0.05426714848250674,0.003070174896619267,5.996789813110292,0.06325711512413444,0.1421692924975893,0.07891217737345486,124.74830257212845,0.06525448001344034,0.08667187866584578,0.02141739865240544,32.821345979608054
sigma_oto_micro_hyp,0.4,0.5,3,level_4,5,105,0.052435033065076665,0.05443748060348702,0.0020024475384103554,3.818911558471099,0.07131794046078542,0.12236424695458406,0.05104630649379864,71.57568791805863,0.06000356389806339,0.09348863017374222,0.03348506627567883,55.805129062941475
sigma_oto_micro_hyp,0.4,0.5,3,level_4,6,106,0.052743286021301065,0.055213890829387303,0.002470604808086238,4.684207212816532,0.09473604076039745,0.07393115713083159,-0.020804883629565854,-21.960896257196058,0.05371963491142786,0.0821589437910816,0.028439308879653742,52.94024973651451
sigma_oto_micro_hyp,0.4,0.5,3,level_4,7,107,0.05190223828169154,0.05149471167808289,-0.00040752660360865445,-0.7851811734917201,0.06379909241240594,0.12071816290532283,0.05691907049291689,89.21611317757366,0.05437819630188062,0.09790341040503137,0.043525214103150744,80.04166571013218
sigma_oto_micro_hyp,0.4,0.5,3,level_4,8,108,0.05124755675532642,0.05632594745817629,0.005078390702849871,9.909527447514945,0.06041174495478648,0.11363391218332032,0.05322216722853384,88.09903979493807,0.056177799118419594,0.11610655004248722,0.05992875092406763,106.6769290796552
sigma_oto_micro_hyp,0.4,0.5,3,level_4,9,109,0.04972578962507864,0.05456006082770866,0.004834271202630018,9.72185909782297,0.09372465084895683,0.14322797238436136,0.04950332153540453,52.81782443253083,0.05104182996179132,0.07238206032395263,0.02134023036216131,41.80929715516879
sigma_oto_micro_hyp,0.4,0.5,3,level_4,10,110,0.05022153585953043,0.05047983169740014,0.0002582958378697098,0.5143129007288086,0.06713883976053461,0.1209039060162616,0.05376506625572698,80.08042207385752,0.05498380634345578,0.08617612641897852,0.031192320075522743,56.73001225248073
sigma_oto_micro_hyp,0.4,0.5,3,level_4,11,111,0.05492425210187464,0.05498861459252024,6.43624906455989e-05,0.11718410025177589,0.08008442120559771,0.15145166129214496,0.07136724008654725,89.11501015076182,0.058980138907268484,0.08754621128642842,0.028566072379159937,48.43337589298144
sigma_oto_micro_hyp,0.4,0.5,3,level_4,12,112,0.0521761187909829,0.05196840376300904,-0.00020771502797385655,-0.3981036397244518,0.05529353345229321,0.11887308469578554,0.06357955124349234,114.98550964978253,0.055842475334716625,0.0986225324105791,0.04278005707586247,76.60845408345752
sigma_oto_micro_hyp,0.4,0.5,3,level_4,13,113,0.05206305708963997,0.05715490868260683,0.005091851592966858,9.780162513699343,0.07257243966399872,0.0801790152156865,0.007606575551687783,10.481355714242586,0.05732057819156605,0.09540801790640716,0.038087439714841104,66.44636344656612
sigma_oto_micro_hyp,0.4,0.5,3,level_4,14,114,0.05326392490535164,0.05100495863168673,-0.0022589662736649113,-4.241081140150722,0.07072550328426126,0.09000370322277342,0.019278199938512153,27.257776959223396,0.06322643751111584,0.09160885450287137,0.028382416991755532,44.89010943684059
sigma_oto_micro_hyp,0.4,0.5,3,level_4,15,115,0.0471290538133195,0.056733916002332206,0.009604862189012707,20.379917294877252,0.08877502977088446,0.10114659863016046,0.012371568859275997,13.935865627085938,0.05646479965063778,0.09131550813029846,0.03485070847966067,61.72112306302503
sigma_oto_micro_hyp,0.4,0.5,3,level_4,16,116,0.05174494602664905,0.05482513048684433,0.0030801844601952774,5.952628607649834,0.06306261117245399,0.14323804291822342,0.08017543174576944,127.13623850195152,0.051539294312738154,0.09047254060603364,0.03893324629329549,75.54089906053093
sigma_oto_micro_hyp,0.4,0.5,3,level_4,17,117,0.049726486120797164,0.05550412932924021,0.0057776432084430465,11.618844722725454,0.0794041544383378,0.12203206509680567,0.04262791065846787,53.68473596878493,0.05668843202410303,0.0746351439756286,0.017946711951525578,31.65850828947768
sigma_oto_micro_hyp,0.4,0.5,3,level_4,18,118,0.053088909838643596,0.05369025381674235,0.000601343978098752,1.132711106569063,0.07632975055595663,0.13929488533900156,0.06296513478304493,82.4909479258494,0.059115917726581375,0.09351942671705063,0.034403508990469255,58.19669272426734
sigma_oto_micro_hyp,0.4,0.5,3,level_4,19,119,0.05148459331756526,0.053983158532305196,0.0024985652147399354,4.853034769699709,0.07474101802518351,0.12046999765318617,0.04572897962800265,61.18324426969213,0.06240126740141763,0.10452853054575542,0.04212726314433779,67.51026845871522
sigma_oto_micro_hyp,0.4,0.5,3,level_4,20,120,0.04979892598593903,0.05399428738111796,0.004195361395178926,8.424602161828764,0.10111805908951091,0.15091607649441363,0.04979801740490272,49.247402346618344,0.05800290159140105,0.099685678422875,0.04168277683147395,71.8632614711355
sigma_oto_micro_hyp,0.4,0.5,3,level_4,21,121,0.050561300641431654,0.05562405229674867,0.005062751655317013,10.01309616463549,0.056247401105145374,0.13622839260063846,0.07998099149549309,142.1949991004591,0.0580640774343239,0.08953664991630873,0.03147257248198483,54.203173240086976
sigma_oto_micro_hyp,0.4,0.5,3,level_4,22,122,0.050976118741927784,0.05074524881877543,-0.00023086992315235477,-0.4528981979211858,0.0729038920804241,0.09094320945127356,0.01803931737084946,24.743970254632423,0.0571991280535993,0.10514330868006759,0.04794418062646829,83.81977533213703
sigma_oto_micro_hyp,0.4,0.5,3,level_4,23,123,0.051287127853078936,0.055024286358247604,0.003737158505168668,7.286737748065014,0.06971680095205207,0.06980257654499847,8.577559294639658e-05,0.12303432139031881,0.06002412046198801,0.08428303616728829,0.024258915705300275,40.41527892218417
sigma_oto_micro_hyp,0.4,0.5,3,level_4,24,124,0.056035282506766884,0.052981874442902,-0.003053408063864886,-5.449081234659883,0.11062075296096023,0.12787998304616116,0.01725923008520093,15.602162906350834,0.056225652749602895,0.08264239268537778,0.026416739935774883,46.983429527123555
sigma_oto_micro_hyp,0.4,0.5,3,level_4,25,125,0.05388508912005044,0.050767815362469895,-0.0031172737575805437,-5.785039625035375,0.07870361515904775,0.06591781338784736,-0.012785801771200395,-16.245507586102974,0.06577724796803823,0.09355284055757644,0.02777559258953821,42.22674777004144
sigma_oto_micro_hyp,0.4,0.5,3,level_4,26,126,0.052907639399247336,0.053827828649926995,0.0009201892506796594,1.7392370196972915,0.05742858617760084,0.09397297738790159,0.036544391210300745,63.634495714878554,0.059970721123469656,0.0849126116114115,0.024941890487941848,41.590112676135206
sigma_oto_micro_hyp,0.4,0.5,3,level_4,27,127,0.04818349768205184,0.05083733541923464,0.0026538377371828,5.5077731274194,0.07560106365661196,0.1255558158343893,0.04995475217777734,66.07678485143691,0.05435434643550351,0.09169021861399491,0.0373358721784914,68.68976379431567
sigma_oto_micro_hyp,0.4,0.5,3,level_4,28,128,0.05190725243403155,0.05242409048362356,0.0005168380495920097,0.9956952552032193,0.057786268870760694,0.12102770080894804,0.06324143193818735,109.44024103654651,0.05670078707199226,0.08124389159719754,0.024543104525205278,43.285297775572694
sigma_oto_micro_hyp,0.4,0.5,3,level_4,29,129,0.05361305065202806,0.054991429002142406,0.0013783783501143468,2.5709754124245228,0.061387756021574626,0.11748143495004622,0.05609367892847159,91.37600486448399,0.06477309429027239,0.10837615396372886,0.04360305967345647,67.31662297628534
sigma_oto_micro_hyp,0.4,0.6,4,level_5,0,100,0.05228003480317486,0.05587634894216047,0.003596314138985604,6.8789436589418775,0.07646394777078488,0.12134757523993567,0.04488362746915078,58.699071624836755,0.05088096670903735,0.09238473086560689,0.04150376415656954,81.5703136968853
sigma_oto_micro_hyp,0.4,0.6,4,level_5,1,101,0.048684906074750844,0.04948456275459227,0.000799656679841429,1.6425145785710984,0.07985620270321368,0.10300165536778637,0.023145452664572685,28.983913435745215,0.05890373631374966,0.08660687065134531,0.02770313433759565,47.03120051678117
sigma_oto_micro_hyp,0.4,0.6,4,level_5,2,102,0.05234225692344635,0.05634048385074613,0.003998226927299779,7.638621569466183,0.07903756722385714,0.09896662725682566,0.019929060032968515,25.21466782564762,0.060201277853213844,0.09134838142906881,0.03114710357585497,51.73827647280112
sigma_oto_micro_hyp,0.4,0.6,4,level_5,3,103,0.050327353700323096,0.054233672766068004,0.003906319065744908,7.76182091553093,0.08108880414755984,0.1090964979839713,0.028007693836411454,34.539532467940916,0.055283882152431005,0.08869024259964639,0.033406360447215386,60.42694388774288
sigma_oto_micro_hyp,0.4,0.6,4,level_5,4,104,0.05119767920570041,0.05426918068020107,0.0030715014745006583,5.999298253657314,0.06325183533074766,0.15478411718865148,0.09153228185790382,144.71087104314998,0.0652298208828448,0.09474783221884718,0.029518011336002375,45.252326215976936
sigma_oto_micro_hyp,0.4,0.6,4,level_5,5,105,0.05243515732444638,0.05444963439175877,0.0020144770673123855,3.8418442321964648,0.07132121243033875,0.12984812923761993,0.058526916807281185,82.06102337988985,0.06000834952480136,0.09997545636937827,0.03996710684457691,66.60257640990204
sigma_oto_micro_hyp,0.4,0.6,4,level_5,6,106,0.05274336886065194,0.055221702448051906,0.002478333587399968,4.698853412165858,0.09474834570149877,0.07600660463520444,-0.018741741066294337,-19.780547013812264,0.053719664129198784,0.0900473095335403,0.03632764540434152,67.62448349820562
sigma_oto_micro_hyp,0.4,0.6,4,level_5,7,107,0.05190225914206691,0.051497685601032545,-0.00040457354103436843,-0.7794911969572834,0.06381058724534748,0.11891583735220639,0.055105250106858905,86.35753483192823,0.05437858912861749,0.10765292153632838,0.05327433240771089,97.96931708122331
sigma_oto_micro_hyp,0.4,0.6,4,level_5,8,108,0.0512478533239164,0.056326144438931816,0.0050782911150154195,9.909275775743524,0.06043086592095644,0.11163501307654757,0.05120414715559112,84.73177799994812,0.05616625119831364,0.12451296049423165,0.06834670929591802,121.68643596062202
sigma_oto_micro_hyp,0.4,0.6,4,level_5,9,109,0.0497256913560489,0.054551886195722585,0.004826194839673684,9.70563647897195,0.09370992306500218,0.15723837998369863,0.06352845691869645,67.79266788494718,0.05105530306579972,0.07876887914711066,0.027713576081310934,54.28148383644667
sigma_oto_micro_hyp,0.4,0.6,4,level_5,10,110,0.050221770329584164,0.05048376402003921,0.0002619936904550424,0.5216735466226877,0.06713895104107599,0.13317843827714235,0.06603948723606635,98.36240544726864,0.05499171311005678,0.09111757682495358,0.0361258637148968,65.69328662774495
sigma_oto_micro_hyp,0.4,0.6,4,level_5,11,111,0.05492418755381518,0.0549923784201329,6.819086631772164e-05,0.12415452891480216,0.08010599810359005,0.15196599887162346,0.07186000076803341,89.7061424477937,0.058986385329034205,0.10079867212941417,0.04181228680037996,70.88463984891641
sigma_oto_micro_hyp,0.4,0.6,4,level_5,12,112,0.05217598641968595,0.051975083086907146,-0.0002009033327788068,-0.3850494194068675,0.05529348660173658,0.12164268416047135,0.06634919755873477,119.99459906847503,0.055822021850550976,0.1071674852459871,0.05134546339543612,91.98065869577479
sigma_oto_micro_hyp,0.4,0.6,4,level_5,13,113,0.05206351894035549,0.05717448009022696,0.005110961149871467,9.816780067683549,0.07257467849392489,0.08551996893365289,0.012945290439728002,17.83719984486274,0.057319743616694126,0.10394557069395295,0.046625827077258826,81.343397816035
sigma_oto_micro_hyp,0.4,0.6,4,level_5,14,114,0.05326365313387912,0.05102466278305029,-0.0022389903508288275,-4.203598925520723,0.07073869084899015,0.09202673667770674,0.021288045828716587,30.093921124666235,0.06323084234272999,0.10040386825210865,0.037173025909378654,58.78938905777941
sigma_oto_micro_hyp,0.4,0.6,4,level_5,15,115,0.04712935792973904,0.05673952054183389,0.009610162612094852,20.391032329406624,0.08878007116123691,0.10046707839149807,0.011687007230261157,13.163998493576258,0.056500589363863915,0.10122248365932533,0.04472189429546142,79.15296955125959
sigma_oto_micro_hyp,0.4,0.6,4,level_5,16,116,0.05174489183454876,0.054831202320969684,0.003086310486420926,5.964473742237634,0.06304113229759646,0.15464299569448176,0.0916018633968853,145.30491451908415,0.0515396239270255,0.09683682974079284,0.045297205813767345,87.8881186209338
sigma_oto_micro_hyp,0.4,0.6,4,level_5,17,117,0.04972651346001058,0.05552150430345571,0.005794990843445133,11.653724422295141,0.07941622679940818,0.13334009749769413,0.05392387069828594,67.90031819880895,0.05667972934829036,0.07661216128178912,0.019932431933498758,35.16677331152426
sigma_oto_micro_hyp,0.4,0.6,4,level_5,18,118,0.05308844530087437,0.05370498054601536,0.0006165352451409853,1.161336033946413,0.07634883693320724,0.14172727958888634,0.0653784426556791,85.63122279501725,0.05913091171819417,0.09788967425266312,0.03875876253446895,65.54737853389659
sigma_oto_micro_hyp,0.4,0.6,4,level_5,19,119,0.051484225272566866,0.05398976151521325,0.002505536242646385,4.866609586492987,0.07471530218813349,0.12661792283746356,0.05190262064933007,69.46718962420712,0.062392575389493644,0.11096753479337651,0.048574959403882866,77.85374958582405
sigma_oto_micro_hyp,0.4,0.6,4,level_5,20,120,0.049798950365525785,0.053996191169053645,0.00419724080352786,8.428372029370072,0.10112939245087617,0.16629211832738755,0.06516272587651138,64.43500183012009,0.05800133994898501,0.10659711967548087,0.04859577972649586,83.78389149153831
sigma_oto_micro_hyp,0.4,0.6,4,level_5,21,121,0.05056095223812518,0.055642147253744306,0.005081195015619128,10.04964264060613,0.05625230155834945,0.14339179613986558,0.08713949458151612,154.90831871319608,0.05807913374574897,0.09656810230687791,0.03848896856112895,66.26987366860668
sigma_oto_micro_hyp,0.4,0.6,4,level_5,22,122,0.05097616296262228,0.05074554034208475,-0.00023062262053753085,-0.45241267120601525,0.07292212558933286,0.0981149629069267,0.025192837317593836,34.547590479560945,0.05718938935547929,0.11489143558674207,0.05770204623126278,100.89641956586895
sigma_oto_micro_hyp,0.4,0.6,4,level_5,23,123,0.05128709230480581,0.055037701526060384,0.003750609221254572,7.312969116993838,0.06971954090937056,0.07779793065245752,0.008078389743086958,11.586980691092291,0.060015313527339256,0.09043438101780431,0.03041906749046505,50.68550958516281
sigma_oto_micro_hyp,0.4,0.6,4,level_5,24,124,0.05603545131563823,0.05298345155610148,-0.0030519997595367526,-5.446551580972113,0.11063627801274084,0.13259430713423856,0.02195802912149772,19.84704250351683,0.05623327864328089,0.08428203448905114,0.028048755845770247,49.87928237956598
sigma_oto_micro_hyp,0.4,0.6,4,level_5,25,125,0.05388519025831565,0.05077882674598389,-0.0031063635123317612,-5.764781561390854,0.07871151582379576,0.07431349450819077,-0.0043980213156049885,-5.587519525669451,0.06578064815660438,0.09884774706365486,0.03306709890705048,50.26873378980311
sigma_oto_micro_hyp,0.4,0.6,4,level_5,26,126,0.05290794051347493,0.05383520423776073,0.0009272637242858026,1.752598410156678,0.0574482115800591,0.09958383270811258,0.04213562112805348,73.3454009605396,0.0599959335333766,0.09216945462054138,0.03217352108716478,53.626169629090256
sigma_oto_micro_hyp,0.4,0.6,4,level_5,27,127,0.04818373965014445,0.050844593133344246,0.0026608534831997974,5.522305870237328,0.07559147826796361,0.13228809168022235,0.056696613412258734,75.00397493388789,0.05435129604567863,0.10020315016153737,0.045851854115858744,84.36202529066341
sigma_oto_micro_hyp,0.4,0.6,4,level_5,28,128,0.05190728534782204,0.05244565629419038,0.0005383709463683412,1.037178004514795,0.05778875013630665,0.12650022938256938,0.06871147924626272,118.90113401690219,0.05669219262484054,0.08683467416700484,0.0301424815421643,53.16866423147817
sigma_oto_micro_hyp,0.4,0.6,4,level_5,29,129,0.053613023015126854,0.054989497412013845,0.001376474396886991,2.5674254490343147,0.06136885240922983,0.13125771281342574,0.06988886040419591,113.88327736381898,0.06477349143109488,0.11266687254596384,0.04789338111486896,73.9397862562608
sigma_canal,0.06,0.03,0,level_1,0,100,0.0261412631086677,0.027603153118109035,0.0014618900094413335,5.592269980851125,0.059903800097973074,0.10244009670972888,0.04253629661175581,71.00767654503956,0.04430721215717279,0.07913338989230212,0.03482617773512933,78.60160014489064
sigma_canal,0.06,0.03,0,level_1,1,101,0.02464523675834685,0.024788949707769507,0.00014371294942265578,0.5831266740579518,0.0727191757321705,0.0751638393909932,0.0024446636588227044,3.361786810987189,0.051049769998799,0.0777349022538412,0.02668513225504221,52.27277665632971
sigma_canal,0.06,0.03,0,level_1,2,102,0.026387232455675723,0.02799523300905543,0.0016080005533797084,6.09385829332715,0.07777584419501367,0.08022261064374976,0.002446766448736093,3.1459207856376556,0.04641535198061638,0.07691331136702591,0.030497959386409527,65.70662094547048
sigma_canal,0.06,0.03,0,level_1,3,103,0.025258891859856258,0.026853646658075967,0.0015947547982197094,6.313637221568851,0.06687198458117874,0.08441200793128568,0.017540023350106945,26.229254986165945,0.04703126856606981,0.07429752633124248,0.02726625776517267,57.974744455104094
sigma_canal,0.06,0.03,0,level_1,4,104,0.025925125518536617,0.02688114546647735,0.0009560199479407318,3.6876193608288297,0.05830761990807992,0.12193941348050748,0.06363179357242756,109.13117989165228,0.05251655163428653,0.07242787215880894,0.019911320524522415,37.91437157409035
sigma_canal,0.06,0.03,0,level_1,5,105,0.02650119449042974,0.026860192187163297,0.00035899769673355605,1.354647228686991,0.06465506094990864,0.11364425224687578,0.04898919129696715,75.77007983168002,0.04712280783300836,0.08454848418540072,0.037425676352392356,79.42157539724658
sigma_canal,0.06,0.03,0,level_1,6,106,0.02618107818488252,0.02749872483747097,0.0013176466525884507,5.032820433458261,0.08175159275437169,0.06746002741545347,-0.014291565338918219,-17.481696511844383,0.044410823046523176,0.07339636972422485,0.028985546677701673,65.26685318877666
sigma_canal,0.06,0.03,0,level_1,7,107,0.02597408043712424,0.025592197399073518,-0.0003818830380507218,-1.470246613639126,0.05453812079128075,0.11951607937214138,0.06497795858086064,119.1422763346275,0.04575273708430592,0.08860006614593212,0.0428473290616262,93.64976128679234
sigma_canal,0.06,0.03,0,level_1,8,108,0.02601511469304133,0.027585636790755597,0.001570522097714265,6.0369601143229135,0.06063988300498888,0.10436659255651888,0.04372670955153,72.10882901593423,0.04491041053660899,0.09859226738560946,0.05368185684900047,119.53098670795133
sigma_canal,0.06,0.03,0,level_1,9,109,0.02505416197541477,0.02692827980252328,0.0018741178271085082,7.4802654702541975,0.08513634167787684,0.11224794278917034,0.0271116011112935,31.844921424828623,0.041490982702627514,0.06743467260646792,0.025943689903840404,62.52850189108068
sigma_canal,0.06,0.03,0,level_1,10,110,0.025458109470474225,0.02505124789303389,-0.00040686157744033655,-1.59816100214435,0.06195924685973649,0.1143236640379917,0.052364417178255206,84.51428936313238,0.04599440241979799,0.0858972584724784,0.0399028560526804,86.75589626859566
sigma_canal,0.06,0.03,0,level_1,11,111,0.027569495620758378,0.02740226648735383,-0.0001672291334045492,-0.6065730606933355,0.06533701176401782,0.13472744066593276,0.06939042890191494,106.20386061201745,0.047051494123643754,0.07202507820156767,0.024973584077923917,53.07713292227736
sigma_canal,0.06,0.03,0,level_1,12,112,0.026253227900114945,0.02587483111112889,-0.00037839678898605317,-1.4413343396314189,0.053677985451180535,0.11372799170933943,0.0600500062581589,111.87082703163969,0.04439614383602982,0.0862895355566546,0.04189339172062478,94.362681307078
sigma_canal,0.06,0.03,0,level_1,13,113,0.026438279879094813,0.02834582513072792,0.0019075452516331068,7.215088350514946,0.06302407847950316,0.07993040932248964,0.016906330842986483,26.82519324496716,0.04956162570179999,0.07896707352968278,0.02940544782788279,59.33108006748624
sigma_canal,0.06,0.03,0,level_1,14,114,0.026822509435623185,0.025522676544522182,-0.0012998328911010028,-4.846052507580385,0.06127717649929607,0.08050458104048251,0.01922740454118644,31.377758636459557,0.05185138731997079,0.08901000174315374,0.03715861442318295,71.66368412455407
sigma_canal,0.06,0.03,0,level_1,15,115,0.023649695667770487,0.027992539560385856,0.0043428438926153695,18.363212591076778,0.0832052923091333,0.10383857265935122,0.020633280350217914,24.798038415103356,0.047151612066190784,0.08247242741366162,0.035320815347470835,74.90903025306528
sigma_canal,0.06,0.03,0,level_1,16,116,0.025903930458313715,0.02723306124801179,0.0013291307896980756,5.131000455073793,0.055636188061275335,0.1317558120162216,0.07611962395494627,136.81674932709507,0.04123957987607638,0.08048688577652932,0.039247305900452945,95.16902455939136
sigma_canal,0.06,0.03,0,level_1,17,117,0.025073600179340034,0.027630339219255753,0.002556739039915719,10.19693630602917,0.06514150531548869,0.10705671420190127,0.04191520888641258,64.344857680847,0.04917165178757458,0.07288607722605121,0.023714425438476634,48.2278397742765
sigma_canal,0.06,0.03,0,level_1,18,118,0.0267136453248069,0.026591938699430037,-0.00012170662537686408,-0.4555972196869909,0.06654996186449232,0.12525337222444335,0.05870341035995104,88.2095326808477,0.047267795475098885,0.08431439285032861,0.03704659737522973,78.37597883054694
sigma_canal,0.06,0.03,0,level_1,19,119,0.025829916607157114,0.026870472108088815,0.001040555500931701,4.028489587315885,0.06354747353855068,0.11408541415981108,0.050537940621260394,79.52785186747332,0.050283660063495404,0.09572613323747954,0.04544247317398414,90.37224640489956
sigma_canal,0.06,0.03,0,level_1,20,120,0.025139889192985872,0.026777140562378364,0.0016372513693924916,6.5125639847660555,0.09514238214738499,0.11444933994263835,0.019306957795253363,20.292699593483974,0.0482134544093282,0.09253222247688396,0.04431876806755576,91.92199275184292
sigma_canal,0.06,0.03,0,level_1,21,121,0.025419464020401773,0.02750353566484824,0.0020840716444464683,8.198723792027177,0.04969756764169587,0.11251694907401763,0.06281938143232177,126.40333202065366,0.045242094952042206,0.08711081208922736,0.04186871713718515,92.5437188122413
sigma_canal,0.06,0.03,0,level_1,22,122,0.025627671493471105,0.025238661801782355,-0.0003890096916887506,-1.5179283525147984,0.061115770358296864,0.09340594460900431,0.032290174250707446,52.83443874044835,0.04658588941558252,0.09039699052250501,0.04381110110692249,94.04371507452235
sigma_canal,0.06,0.03,0,level_1,23,123,0.025853035125256506,0.027337547091190927,0.0014845119659344201,5.7421187057614045,0.05808816631639283,0.05897163224532377,0.0008834659289309391,1.5209051773452515,0.04816952689530303,0.07717013163724121,0.029000604741938177,60.20529287109524
sigma_canal,0.06,0.03,0,level_1,24,124,0.027931151034761802,0.026358204506793936,-0.001572946527967866,-5.631513452525643,0.09897495624813847,0.10896801031240193,0.009993054064263457,10.096548099713262,0.041672063408865194,0.0728572909019592,0.031185227493094013,74.83485323757633
sigma_canal,0.06,0.03,0,level_1,25,125,0.026973101163465893,0.025216481275084177,-0.0017566198883817163,-6.512487673315798,0.06972889471895438,0.05724602238828914,-0.012482872330665244,-17.90200802834758,0.051727741116403464,0.08712817699329238,0.03540043587688892,68.436075329922
sigma_canal,0.06,0.03,0,level_1,26,126,0.026693266141429355,0.026766409749663957,7.314360823460278e-05,0.27401520610877983,0.048040225278921884,0.08735335441033673,0.039313129131414846,81.83377347454669,0.048340717118579395,0.07220586368692965,0.023865146568350253,49.36862336942424
sigma_canal,0.06,0.03,0,level_1,27,127,0.02411782400596089,0.025335099656409746,0.0012172756504488548,5.047203471374518,0.06349749221035651,0.11559271542665588,0.05209522321629936,82.0429617026711,0.047636392956331146,0.07897225917695269,0.031335866220621546,65.78135806660994
sigma_canal,0.06,0.03,0,level_1,28,128,0.026228970835202526,0.025949584144132922,-0.00027938669106960384,-1.06518358202081,0.04599266821316526,0.11120434876467197,0.06521168055150672,141.78712191531451,0.0436704575361513,0.07323823323669179,0.02956777570054049,67.70658557003594
sigma_canal,0.06,0.03,0,level_1,29,129,0.02682364809741381,0.027224650398509152,0.00040100230109534063,1.494958104278154,0.05477960702031411,0.09483766575804964,0.040058058737735526,73.12585999910634,0.05080126762817803,0.10069210847451025,0.049890840846332225,98.20786601525506
sigma_canal,0.06,0.045,1,level_2,0,100,0.03930635422559894,0.041772478513369675,0.002466124287770738,6.274110983726474,0.06735679290608497,0.10402239795947339,0.03666560505338842,54.43490325394646,0.046462318092103126,0.08152514274373111,0.03506282465162799,75.46507813519396
sigma_canal,0.06,0.045,1,level_2,1,101,0.03674111640399463,0.03716307509494912,0.00042195869095449506,1.1484645330717773,0.07554585511568276,0.08143120096530065,0.00588534584961789,7.790428529276301,0.054139505450375304,0.07511993271554225,0.020980427265166947,38.75252847368134
sigma_canal,0.06,0.045,1,level_2,2,102,0.03947672907753015,0.04222060261102334,0.002743873533493188,6.950610138201596,0.07776059567000489,0.07985345668933196,0.002092861019327069,2.691415878819409,0.05244603160490095,0.08198546359467487,0.02953943198977392,56.323483561744894
sigma_canal,0.06,0.045,1,level_2,3,103,0.037888377378420525,0.04059555642262218,0.0027071790442016533,7.145143792152835,0.07313195407083252,0.08976864042877036,0.016636686357937844,22.74886069887351,0.05041666042383991,0.07336767521754803,0.02295101479370812,45.522679607821765
sigma_canal,0.06,0.045,1,level_2,4,104,0.03866055564886326,0.04060007845502712,0.001939522806163857,5.01680013029219,0.05976346249378296,0.12598477152844656,0.0662213090346636,110.80567669845506,0.058107026512576015,0.07599943633446593,0.017892409821889915,30.792162145859393
sigma_canal,0.06,0.045,1,level_2,5,105,0.03959656224667404,0.04069809345061901,0.0011015312039449748,2.7818859553584083,0.06723642960591701,0.11440298144803536,0.04716655184211835,70.15029221296953,0.052543421582792925,0.08574260416310785,0.03319918258031492,63.18427993503013
sigma_canal,0.06,0.045,1,level_2,6,106,0.03955304408159526,0.041374192295926225,0.0018211482143309643,4.604318723418755,0.08732566136240545,0.07002134518532882,-0.01730431617707663,-19.815843255126275,0.048147609753199816,0.0732440167359157,0.025096406982715883,52.12388966214053
sigma_canal,0.06,0.045,1,level_2,7,107,0.03904406268412244,0.03858515736781245,-0.00045890531630998765,-1.1753523705323958,0.05827782067544694,0.12022543622164605,0.06194761554619911,106.29706949954341,0.048849183100073065,0.08796384925770621,0.03911466615763315,80.07230351734304
sigma_canal,0.06,0.045,1,level_2,8,108,0.03875370739612785,0.04198162565731154,0.003227918261183689,8.329314736752675,0.06019323405719089,0.10828107134867024,0.04808783729147935,79.88910721392716,0.04943151075977348,0.10269245764442818,0.0532609468846547,107.74695344330351
sigma_canal,0.06,0.045,1,level_2,9,109,0.03748501210299522,0.0407802736587358,0.0032952615557405793,8.790877662481195,0.08830454503449583,0.11958404967010725,0.03127950463561141,35.42230428047864,0.04539899435764503,0.06703398658091682,0.02163499222327179,47.65522348983162
sigma_canal,0.06,0.045,1,level_2,10,110,0.03794215245490717,0.03780761718457718,-0.0001345352703299857,-0.35457996351123156,0.06366724106868518,0.11170088984479595,0.04803364877611077,75.44484097291313,0.049417217462463935,0.08386658032869779,0.03444936286623385,69.71125578327172
sigma_canal,0.06,0.045,1,level_2,11,111,0.04136529484176524,0.04124890066754745,-0.00011639417421778486,-0.28138122709635643,0.07192904540117884,0.14091187790133117,0.06898283250015233,95.90400111026884,0.05219359974571886,0.07462162657440216,0.0224280268286833,42.97083730179569
sigma_canal,0.06,0.045,1,level_2,12,112,0.039350126353895926,0.03895900756621634,-0.0003911187876795841,-0.9939454429245071,0.05348220026417,0.11479816665168738,0.06131596638751738,114.64742677872876,0.049185395718451055,0.0883512895539005,0.03916589383544944,79.6291119820289
sigma_canal,0.06,0.045,1,level_2,13,113,0.03937150319749137,0.04279692130262336,0.003425418105131986,8.70024720150955,0.06689193864907528,0.0781016123110563,0.011209673661981029,16.757884265828483,0.05251612305419679,0.08297725931677419,0.030461136262577397,58.00339874887835
sigma_canal,0.06,0.045,1,level_2,14,114,0.040143953709228256,0.03831661985506279,-0.001827333854165468,-4.551952872906492,0.06508994379534468,0.08478356002937015,0.019693616234025477,30.25600436212697,0.0565647494065085,0.08609627577433643,0.02953152636782793,52.2083571087649
sigma_canal,0.06,0.045,1,level_2,15,115,0.03547074430349703,0.04240771420553191,0.0069369699020348785,19.55687719062317,0.0856406780671708,0.10255847517649475,0.01691779710932395,19.754394163080736,0.05093758341159888,0.08155743138387304,0.030619847972274163,60.11248654034456
sigma_canal,0.06,0.045,1,level_2,16,116,0.038948141340115774,0.041076042316786,0.002127900976670226,5.463421111904337,0.05831487921199053,0.13181408715027065,0.07349920793828013,126.03851526655902,0.04533331523141319,0.08201916134089005,0.03668584610947685,80.92469284941204
sigma_canal,0.06,0.045,1,level_2,17,117,0.037498261261726853,0.04160337320098059,0.004105111939253739,10.947472765740423,0.0717565555742526,0.10858302906825741,0.03682647349400481,51.32140638481083,0.051972865298160725,0.07288762046086322,0.020914755162702497,40.241681967537495
sigma_canal,0.06,0.045,1,level_2,18,118,0.04001325783617295,0.040193928997716254,0.0001806711615433068,0.45152824667022173,0.0707484791112648,0.13018483466183492,0.059436355550570114,84.01078906176298,0.05211185452189481,0.08666356618871897,0.03455171166682416,66.3029784370987
sigma_canal,0.06,0.045,1,level_2,19,119,0.03876681496518797,0.04048460127138175,0.0017177863061937845,4.431074122896946,0.06833670843631545,0.11321729659746739,0.04488058816115194,65.67566566800213,0.055545509494214385,0.0966291881619738,0.041083678667759416,73.96399644518281
sigma_canal,0.06,0.045,1,level_2,20,120,0.03757746636912843,0.04043950849501751,0.002862042125889079,7.616378650372168,0.09778308520305617,0.12474565515135284,0.02696256994829667,27.573858906482904,0.05223071759691026,0.0926357978078372,0.040405080210926946,77.35884565621426
sigma_canal,0.06,0.045,1,level_2,21,121,0.038074992660900565,0.04159148451681617,0.003516491855915606,9.235699366336876,0.052215594241468107,0.12030177690512135,0.06808618266365324,130.3943460813497,0.05067520669957147,0.08508656542074942,0.034411358721177954,67.90570964058632
sigma_canal,0.06,0.045,1,level_2,22,122,0.038391063215749546,0.03802288426412337,-0.0003681789516261774,-0.9590225453176189,0.06647760066491462,0.08840381402214247,0.021926213357227844,32.982859095274186,0.050886547091094414,0.09182178910625491,0.040935242015160495,80.44413377445395
sigma_canal,0.06,0.045,1,level_2,23,123,0.038668710033039025,0.041210788955336405,0.0025420789222973805,6.573994633194117,0.06336888616380604,0.06112194608270247,-0.002246940081103564,-3.545809650646713,0.053166450518781466,0.07734964607464302,0.024183195555861556,45.485819195920655
sigma_canal,0.06,0.045,1,level_2,24,124,0.0420924261389873,0.0397010897169929,-0.0023913364219944055,-5.681156068548579,0.10422266795041181,0.1162375895402998,0.012014921589887984,11.528127063111235,0.04779184431585823,0.07773577180259125,0.029943927486733024,62.65489000347507
sigma_canal,0.06,0.045,1,level_2,25,125,0.04053855666201487,0.038015938514456546,-0.002522618147558324,-6.2227626123700865,0.07356104681071618,0.058565028924654434,-0.014996017886061745,-20.38581360138715,0.05792477103438263,0.08745076693974421,0.029525995905361584,50.973004084618175
sigma_canal,0.06,0.045,1,level_2,26,126,0.03990381145514449,0.040327755007789415,0.0004239435526449259,1.0624136822656076,0.05133516999837097,0.08570998504871066,0.034374815050339694,66.9615295935136,0.05322585524543316,0.075461186255382,0.022235331009948844,41.77543208543682
sigma_canal,0.06,0.045,1,level_2,27,127,0.036242381860543314,0.038156181874562954,0.0019138000140196398,5.280558053230969,0.06865649263136304,0.11599006673140665,0.0473335741000436,68.94260438585397,0.05024918524650572,0.0803229866658579,0.030073801419352175,59.84933143058967
sigma_canal,0.06,0.045,1,level_2,28,128,0.03917536948997668,0.039222571491319524,4.7202001342845634e-05,0.12048897548987414,0.05085402421541706,0.11368082156541547,0.06282679734999841,123.54341336658987,0.04924854836849196,0.0746819184113856,0.025433370042893644,51.64288265431455
sigma_canal,0.06,0.045,1,level_2,29,129,0.04031015738822027,0.041167863283153576,0.0008577058949333083,2.1277661773257015,0.05690321752914752,0.1015403293873375,0.04463711185818997,78.44391546985109,0.05692824872006342,0.10059051849251903,0.04366226977245561,76.69701906193993
sigma_canal,0.06,0.06,2,canonical,0,100,0.05227903361128479,0.05582726771342003,0.003548234102135242,6.787107291457911,0.07643590785038243,0.10741935014438038,0.03098344229399795,40.535192379275095,0.05092163240002351,0.08539560977309452,0.03447397737307101,67.70006330954757
sigma_canal,0.06,0.06,2,canonical,1,101,0.048683555599097254,0.0494291789218098,0.000745623322712545,1.531571212367182,0.07984218432276635,0.08863022369467108,0.008788039371904727,11.006762210285483,0.05885431523510717,0.07338451959459094,0.014530204359483774,24.688426500995746
sigma_canal,0.06,0.06,2,canonical,2,102,0.05234248019736282,0.056314391434914686,0.003971911237551869,7.588313015690812,0.07903576463981214,0.0808119000103707,0.0017761353705585542,2.2472552503956846,0.060202935547240384,0.08841325329628952,0.028210317749049134,46.85870795604792
sigma_canal,0.06,0.06,2,canonical,3,103,0.05032722908195535,0.054200494582447585,0.0038732655004922317,7.696162835002925,0.0810950685709957,0.09594562355138886,0.014850554980393157,18.312525338568587,0.05527311227670311,0.07403792650651653,0.018764814229813416,33.949262954245725
sigma_canal,0.06,0.06,2,canonical,4,104,0.05119621887821709,0.054262700304995505,0.003066481426778414,5.989663873562227,0.06326255002179447,0.1312963316583081,0.06803378163651362,107.54195272412419,0.06528116355477227,0.08083986092684163,0.015558697372069358,23.833364059167366
sigma_canal,0.06,0.06,2,canonical,5,105,0.05243502133258905,0.05442078559916811,0.0019857642665790584,3.7870953727349397,0.07131443862880558,0.11540325656724328,0.04408881793843769,61.82312977028635,0.05999929294987376,0.08846159485534237,0.028462301905468612,47.43772885665063
sigma_canal,0.06,0.06,2,canonical,6,106,0.05274316164064624,0.055201362297272294,0.002458200656626053,4.660700231386306,0.09472747098725408,0.07405200601923972,-0.020675464968014354,-21.82626090671872,0.053718430130723985,0.0744502912947197,0.02073186116399571,38.593572287098965
sigma_canal,0.06,0.06,2,canonical,7,107,0.05190239552492012,0.05148917889309668,-0.0004132166318234348,-0.7961417341999857,0.06378659349272257,0.12111102126191156,0.05732442776918899,89.8690847563903,0.054375773230939735,0.08842799257988165,0.03405221934894192,62.62388068362448
sigma_canal,0.06,0.06,2,canonical,8,108,0.05124726672090241,0.05633013860467138,0.00508287188376897,9.918327764582616,0.06039476522035152,0.11340182780519259,0.05300706258484107,87.76764408544967,0.05618698468293863,0.10795149981723465,0.051764515134296016,92.1290142662069
sigma_canal,0.06,0.06,2,canonical,9,109,0.0497259163568056,0.05456980541985687,0.00484388906305127,9.741176066609226,0.09373135449462155,0.12771172829082458,0.03398037379620303,36.25294222986276,0.051028094045126815,0.06808374690232526,0.01705565285719844,33.42404449226584
sigma_canal,0.06,0.06,2,canonical,10,110,0.050221344434371235,0.050472802848362516,0.00025145841399128177,0.5007002835614749,0.06713786743534526,0.10847707009727019,0.04133920266192492,61.57360107056598,0.0549733624712438,0.08280441049995518,0.027831048028711385,50.62642483124371
sigma_canal,0.06,0.06,2,canonical,11,111,0.05492426932575183,0.05498662087018938,6.235154443754581e-05,0.11352275633881145,0.08006748030211115,0.1483402135851159,0.06827273328300475,85.26899188709025,0.05897219896197289,0.07860369648530734,0.01963149752333445,33.28941072045397
sigma_canal,0.06,0.06,2,canonical,12,112,0.052176347681895975,0.05195947725298893,-0.00021687042890704278,-0.41564892627065186,0.05529345601473317,0.11598164509649729,0.06068818908176412,109.75654888635194,0.05586234669898512,0.09161890346024777,0.03575655676126265,64.00833275755001
sigma_canal,0.06,0.06,2,canonical,13,113,0.05206255485385231,0.05712869144356561,0.005066136589713298,9.730864349501731,0.0725712680876223,0.07675856035674918,0.004187292269126869,5.769903681538465,0.05731753697710737,0.08876352235652092,0.03144598537941355,54.862764588040626
sigma_canal,0.06,0.06,2,canonical,14,114,0.05326431118241393,0.05097754808647106,-0.002286763095942876,-4.293236963323178,0.0707148747809747,0.09036319365250345,0.01964831887152875,27.785269976628708,0.06321700550586887,0.08393786514699901,0.020720859641130143,32.77735077028677
sigma_canal,0.06,0.06,2,canonical,15,115,0.04712875648091697,0.0567260081677048,0.009597251686787836,20.363897550901612,0.08877222467639247,0.10191648971708762,0.013144265040695158,14.806731597198175,0.05642154265515883,0.08209374807211185,0.025672205416953024,45.500715168066606
sigma_canal,0.06,0.06,2,canonical,16,116,0.0517451306473083,0.05481572524170674,0.003070594594398443,5.934074483891888,0.0630805911659902,0.13197598569762728,0.06889539453163708,109.21805464749977,0.05153984433904071,0.08544219534426276,0.03390235100522205,65.778916176395
sigma_canal,0.06,0.06,2,canonical,17,117,0.049726389075452786,0.05548026883733793,0.005753879761885142,11.571078996213538,0.07940649677572749,0.11122247460298454,0.03181597782725705,40.067222606629805,0.0566956585574074,0.07474895576715143,0.01805329720974403,31.842468487184245
sigma_canal,0.06,0.06,2,canonical,18,118,0.05308937317680226,0.053678584908746246,0.0005892117319439838,1.1098487261880945,0.07631113866207387,0.1357740924044229,0.05946295374234903,77.9217225491378,0.05909712507191428,0.09024901947406606,0.031151894402151784,52.71304545566908
sigma_canal,0.06,0.06,2,canonical,19,119,0.05148500620835039,0.05397181379762506,0.0024868075892746644,4.830158860641891,0.0747683360866008,0.11289822220950155,0.03812988612290075,50.99737150594954,0.06241277800938054,0.09872617350322085,0.036313395493840314,58.18262966660844
sigma_canal,0.06,0.06,2,canonical,20,120,0.04979896356208757,0.05399013702601002,0.0041911734639224485,8.41618612945035,0.10111176228921491,0.1358799786448936,0.034768216355678686,34.385926591042356,0.058002275582574196,0.09357624898598832,0.03557397340341412,61.33203059036829
sigma_canal,0.06,0.06,2,canonical,21,121,0.05056171466806138,0.05559545752070769,0.0050337428526463154,9.955641112436423,0.056244146267292426,0.12937939390856212,0.07313524764126969,130.03174995972856,0.05804824549063236,0.08409444254403468,0.026046197053402324,44.869912661883255
sigma_canal,0.06,0.06,2,canonical,22,122,0.05097609946294546,0.05074052806188473,-0.00023557140106072322,-0.46212127554396376,0.07288938815293293,0.08349886926259846,0.01060948110966553,14.555590845961333,0.05720565898617815,0.09436816092140372,0.03716250193522557,64.96298197387195
sigma_canal,0.06,0.06,2,canonical,23,123,0.05128720292880176,0.05500621961176081,0.003719016682959049,7.251354081683661,0.06971469856860425,0.06601050046417738,-0.0037041981044268757,-5.313367454040814,0.060030450812770884,0.07896276859993896,0.018932317787168078,31.537857088923303
sigma_canal,0.06,0.06,2,canonical,24,124,0.056034995899460364,0.05298117111610924,-0.0030538247833511237,-5.4498527827688,0.11060674530993181,0.12435534716584559,0.013748601855913783,12.430165825229505,0.05622159341084604,0.08381425882203894,0.0275926654111929,49.078412291797186
sigma_canal,0.06,0.06,2,canonical,25,125,0.05388495183881424,0.050751798721368556,-0.0031331531174456848,-5.814523369748699,0.07869637386536456,0.060985315943189435,-0.017711057922175123,-22.505557819570672,0.06577278147769818,0.08917881466039308,0.023406033182694908,35.58619942298058
sigma_canal,0.06,0.06,2,canonical,26,126,0.05290724449819469,0.05382056349169913,0.0009133189935044347,1.7262645260907494,0.057410350517166225,0.0854022478199327,0.02799189730276648,48.757579514162074,0.05994369666894594,0.0800042150824927,0.02006051841354676,33.465601102874906
sigma_canal,0.06,0.06,2,canonical,27,127,0.04818328112980055,0.05082500533464182,0.002641724204841274,5.482657351052442,0.07560824879684892,0.11700966398923017,0.04140141519238125,54.75780202716017,0.054355724444286616,0.08278330338452547,0.028427578940238854,52.29914462712474
sigma_canal,0.06,0.06,2,canonical,28,128,0.05190722155131241,0.05239511785503714,0.0004878963037247344,0.9399391628820452,0.05778358004097755,0.11633321541294865,0.0585496353719711,101.3257318609375,0.056706823752402366,0.07808412196109257,0.021377298208690207,37.697929092324735
sigma_canal,0.06,0.06,2,canonical,29,129,0.05361311017271911,0.05498471706348487,0.0013716068907657641,2.558342327738529,0.061405073158389105,0.10932957300620386,0.04792449984781475,78.04648277870727,0.06477260569312294,0.10156312461912612,0.03679051892600317,56.79950425386284
sigma_canal,0.06,0.075,3,level_4,0,100,0.0649947878162412,0.06969629336972992,0.004701505553488722,7.233665516042946,0.08661927036689236,0.11248727707197166,0.0258680067050793,29.8640320976042,0.057250027417113346,0.09061042095066164,0.0333603935335483,58.27140184665853
sigma_canal,0.06,0.075,3,level_4,1,101,0.06039615090988455,0.0615319104760545,0.0011357595661699443,1.880516471760891,0.08544394894489077,0.0965041018658407,0.011060152920949931,12.944337261475889,0.064915179923888,0.07283983002442301,0.007924650100535016,12.207699508537972
sigma_canal,0.06,0.075,3,level_4,2,102,0.06493493317355473,0.07020496473085977,0.005270031557305044,8.11586506637279,0.08180148333694469,0.08332829092651436,0.0015268075895696759,1.8664790995056577,0.06907541369575303,0.09591549769470661,0.026840083998953587,38.856204491474216
sigma_canal,0.06,0.075,3,level_4,3,103,0.06251629409630222,0.06760495667456592,0.0050886625782637085,8.139738050411243,0.09040588428832957,0.10269437342866276,0.01228848914033319,13.592576674701585,0.06127381769755196,0.07647085842244425,0.015197040724892287,24.801850604290724
sigma_canal,0.06,0.075,3,level_4,4,104,0.06347523156279329,0.06778338553037962,0.004308153967586326,6.787141789824675,0.06875235404071646,0.13774639632995572,0.06899404228923926,100.3515345065562,0.07350672625893419,0.08675224734244959,0.0132455210835154,18.01946809174556
sigma_canal,0.06,0.075,3,level_4,5,105,0.06498607398071224,0.06796108194961457,0.002975007968902335,4.577916139056673,0.07672987276933563,0.11667670547491711,0.039946832705581484,52.06164335195648,0.0688099111415264,0.09274083571474037,0.02393092457321397,34.7783105314487
sigma_canal,0.06,0.075,3,level_4,6,106,0.06567187619029582,0.06888451738115647,0.003212641190860649,4.891958898130846,0.10363599539151593,0.07932479057862338,-0.024311204812892548,-23.458263435449922,0.06061089732067829,0.07718980799872947,0.01657891067805118,27.353019689406647
sigma_canal,0.06,0.075,3,level_4,7,107,0.06448507256965534,0.06423447973190931,-0.00025059283774603314,-0.3886059637683564,0.07060682478261286,0.12233162681851042,0.05172480203589756,73.257510439182,0.06177559793966709,0.09010382785078729,0.028328229911120197,45.85666647660272
sigma_canal,0.06,0.075,3,level_4,8,108,0.06346020036039621,0.07052906509167185,0.007068864731275645,11.139052021788341,0.06155400683807727,0.11952253367393804,0.057968526835860776,94.17506643938162,0.06444810490012795,0.11421557816198012,0.04976747326185217,77.22100337779423
sigma_canal,0.06,0.075,3,level_4,9,109,0.0617224012545655,0.06820604376470181,0.006483642510136313,10.504520851992499,0.10122240333468424,0.13636856802885403,0.035146164694169785,34.72172516785799,0.057839599248968705,0.07069890885245775,0.012859309603489043,22.232708681359558
sigma_canal,0.06,0.075,3,level_4,10,110,0.06224296221875893,0.06298523487054496,0.0007422726517860301,1.1925406910700054,0.0720967927782164,0.104760810052854,0.032664017274637594,45.30578409377848,0.06216707601807896,0.08297264047435711,0.020805564456278153,33.46717553553208
sigma_canal,0.06,0.075,3,level_4,11,111,0.0682046698626502,0.06854938657157118,0.00034471670892098627,0.5054151125064793,0.08929545972564697,0.15665907538582619,0.06736361566017922,75.43901545179166,0.06697038272285141,0.08384776714585505,0.01687738442300364,25.201266196803136
sigma_canal,0.06,0.075,3,level_4,12,112,0.06468417267841178,0.06481727606214698,0.00013310338373519193,0.20577426938261656,0.05922561518457966,0.11729841068434288,0.05807279549976322,98.05351167527155,0.0638357006419989,0.0960825671140084,0.0322468664720095,50.51541088716991
sigma_canal,0.06,0.075,3,level_4,13,113,0.0644799364955175,0.07126223258897935,0.006782296093461843,10.518459635786602,0.07970218409671224,0.07607484967668662,-0.0036273344200256213,-4.551110438359054,0.0636726845568017,0.09601584303273138,0.03234315847592968,50.795971146900065
sigma_canal,0.06,0.075,3,level_4,14,114,0.06613372603164093,0.06344245994630959,-0.002691266085331337,-4.0694306019348305,0.0777554581967626,0.09698010263151055,0.019224644434747945,24.72449507801675,0.07132122490842319,0.08284606728018493,0.01152484237176174,16.1590639905017
sigma_canal,0.06,0.075,3,level_4,15,115,0.05855788370045637,0.07085719568681087,0.012299311986354498,21.00368252594252,0.09257502278652295,0.10207759204311284,0.00950256925658989,10.264722568313829,0.06320407336148394,0.08425767652743903,0.021053603165955087,33.31051631046455
sigma_canal,0.06,0.075,3,level_4,16,116,0.06423397147140548,0.06838736958928793,0.0041533981178824425,6.466045960946658,0.0695014237133096,0.13225957749531578,0.06275815378200618,90.29765208966205,0.0592426834836775,0.09068559128717245,0.03144290780349495,53.074752787250226
sigma_canal,0.06,0.075,3,level_4,17,117,0.06170857067772189,0.06919230467197318,0.007483733994251292,12.127543892299354,0.08775378367171567,0.11491397954450867,0.027160195872793003,30.950455622971763,0.06297304778877015,0.07851576678628194,0.015542718997511792,24.681541617052705
sigma_canal,0.06,0.075,3,level_4,18,118,0.06590018217197781,0.0669856270266194,0.0010854448546415846,1.6471044826688497,0.08291641669983361,0.14178947694455094,0.05887306024471732,71.00289977296553,0.06759733779835586,0.09502035630988549,0.02742301851152963,40.5681930749004
sigma_canal,0.06,0.075,3,level_4,19,119,0.0639317033440756,0.06727598538658315,0.003344282042507557,5.231022900342392,0.0825039553705965,0.11325273789704951,0.03074878252645301,37.26946470424802,0.07040959743320643,0.1020633927002134,0.03165379526700697,44.95664855495747
sigma_canal,0.06,0.075,3,level_4,20,120,0.06174880623533206,0.06735448427512651,0.005605678039794448,9.07819661878246,0.10517026408867167,0.14751582121915652,0.04234555713048485,40.26381173178596,0.0651125099035141,0.09544986056818909,0.030337350664674995,46.59219973186397
sigma_canal,0.06,0.075,3,level_4,21,121,0.06280441252412924,0.06942624735782844,0.0066218348336992,10.54358215858657,0.06152546404099242,0.13940555064895396,0.07788008660796154,126.58187601165035,0.06667495208372272,0.08437622717937077,0.017701275095648047,26.548613148489146
sigma_canal,0.06,0.075,3,level_4,22,122,0.06331309259323752,0.06330655883952518,-6.533753712331669e-06,-0.010319751325856953,0.08020566296666455,0.07920927594981297,-0.000996387016851577,-1.2422901077018713,0.06498002903867903,0.09800832527589755,0.03302829623721852,50.82838023596234
sigma_canal,0.06,0.075,3,level_4,23,123,0.06364649809614814,0.06863056203308895,0.0049840639369408135,7.830853363544988,0.0768788020063143,0.07312031204698453,-0.003758489959329772,-4.888850842162024,0.06820480963508442,0.08207320870540155,0.01386839907031713,20.33346203078214
sigma_canal,0.06,0.075,3,level_4,24,124,0.06970257100751022,0.06612018550268889,-0.003582385504821331,-5.139531373147399,0.11786968301108107,0.13304125662064542,0.015171573609564351,12.87148079301957,0.06607837066121933,0.09083247379448023,0.024754103133260902,37.461733522719584
sigma_canal,0.06,0.075,3,level_4,25,125,0.06694901283203618,0.06335133698954538,-0.003597675842490794,-5.373754877486779,0.0849780217538241,0.0643459110785152,-0.0206321106753089,-24.279349235828068,0.07475981622244093,0.09236713389819783,0.017607317675756892,23.551847189361656
sigma_canal,0.06,0.075,3,level_4,26,126,0.06566286727381927,0.06715608280779838,0.0014932155339791031,2.2740638597950316,0.06553634281138739,0.08674784265457416,0.02121149984318678,32.36601087770973,0.06799881524395233,0.0856975370660316,0.017698721822079266,26.02798557384182
sigma_canal,0.06,0.075,3,level_4,27,127,0.05986376262872751,0.06330266494987308,0.003438902321145569,5.74454756957643,0.0839192722617289,0.11873232735010056,0.03481305508837165,41.48398115250104,0.05974801707930772,0.08636588126829374,0.02661786418898602,44.55020516187887
sigma_canal,0.06,0.075,3,level_4,28,128,0.06436518951096747,0.06538462761242761,0.0010194381014601434,1.58383453727956,0.06608956307400468,0.11910642935450028,0.053016866280495595,80.21972580016794,0.06539193367660295,0.08338365280952802,0.017991719132925063,27.513667391919395
sigma_canal,0.06,0.075,3,level_4,29,129,0.06666142015401555,0.06861220093201906,0.001950780778003508,2.926401468040127,0.06811959818257604,0.11794447035306829,0.04982487217049225,73.14322676559284,0.07368765466368518,0.10367677060757864,0.02998911594389346,40.69761221301663
sigma_canal,0.06,0.09,4,level_5,0,100,0.07742025533121819,0.08333176348627928,0.005911508155061099,7.635609221088941,0.09750937664647928,0.1189488328217559,0.021439456175276622,21.987071308029662,0.06486628434195701,0.09695055605881776,0.03208427171686075,49.46216981956511
sigma_canal,0.06,0.09,4,level_5,1,101,0.07183576768405073,0.07344002828799989,0.0016042606039491647,2.2332337436763403,0.09204337610951338,0.10486543716630695,0.012822061056793566,13.930454964556986,0.07197832116170345,0.07361942262345635,0.0016411014617528918,2.2799940805316403
sigma_canal,0.06,0.09,4,level_5,2,102,0.07722052801208913,0.08384822039881759,0.006627692386728459,8.582811536449054,0.08602517812701493,0.0874043874906922,0.0013792093636772612,1.6032624328203988,0.07857755179258699,0.10421791085217538,0.02564035905958839,32.63064128959959
sigma_canal,0.06,0.09,4,level_5,3,103,0.0744221647289204,0.08077077488612952,0.006348610157209125,8.530536810281816,0.10066672665020211,0.10982270554523768,0.009155978895035569,9.095337853639434,0.06809071742726117,0.08058554346157754,0.01249482603431637,18.350263452083816
sigma_canal,0.06,0.09,4,level_5,4,104,0.07546621723091887,0.08110392242653182,0.005637705195612949,7.470501904663051,0.07589061762111779,0.14520267859333208,0.06931206097221429,91.33152838240585,0.08236230871305251,0.09348596790188193,0.011123659188829418,13.505764181021041
sigma_canal,0.06,0.09,4,level_5,5,105,0.07722708329315825,0.08127611133985277,0.0040490280466945194,5.2430156287583545,0.0832201635913341,0.1182296699812041,0.03500950638986999,42.068538295346016,0.07842351881614798,0.09842970631961626,0.020006187503468276,25.510443557588562
sigma_canal,0.06,0.09,4,level_5,6,106,0.07829312622939691,0.08236405888563106,0.00407093265623415,5.199604169983478,0.11365720206723047,0.08553910120175885,-0.028118100865471618,-24.739392096630365,0.06833659031975275,0.08140960328983257,0.013073012970079817,19.130326679909064
sigma_canal,0.06,0.09,4,level_5,7,107,0.07675737567442628,0.0767761688296824,1.8793155256116578e-05,0.0244838428763244,0.07830185864341258,0.12400809912694262,0.045706240483530045,58.37184618014843,0.07043200200027105,0.09295401794344031,0.022522015943169257,31.976964027066252
sigma_canal,0.06,0.09,4,level_5,8,108,0.07536893548792291,0.08451479471143514,0.009145859223512229,12.134786254182611,0.06381205018632846,0.1264595924054947,0.06264754221916624,98.17509707999992,0.07360872143703001,0.12129727228293563,0.04768855084590562,64.78654963013005
sigma_canal,0.06,0.09,4,level_5,9,109,0.0734428391626008,0.0816313298084583,0.008188490645857499,11.149474529066563,0.11036104375726764,0.1453950803284469,0.03503403657117925,31.74493043780418,0.06537569053758738,0.07475502764255582,0.009379337104968438,14.346826821776883
sigma_canal,0.06,0.09,4,level_5,10,110,0.07397079464928802,0.07530853364404921,0.001337738994761195,1.8084691412383942,0.0782325584067331,0.10065879233106509,0.02242623392433199,28.666113420115213,0.07044196977817294,0.08445574270299612,0.014013772924823184,19.8940673705656
sigma_canal,0.06,0.09,4,level_5,11,111,0.08117638517395442,0.08189219728852229,0.0007158121145678653,0.8817984602713436,0.09920963220975981,0.1656276858393788,0.066418053629619,66.94718259734168,0.07578733048304508,0.0901399244138818,0.014352593930836724,18.937985860377605
sigma_canal,0.06,0.09,4,level_5,12,112,0.07685408431432346,0.07749008992907074,0.0006360056147472759,0.8275495315851967,0.06501354222401423,0.11876998364221082,0.05375644141819659,82.68499081771371,0.07258903261881976,0.10162086259730159,0.029031829978481832,39.99478837379479
sigma_canal,0.06,0.09,4,level_5,13,113,0.0766015579261897,0.08514831611261868,0.008546758186428985,11.157420838182313,0.0878353586423886,0.07618691631040699,-0.011648442331981618,-13.261677884651087,0.07117973958341026,0.10436900021642566,0.0331892606330154,46.627398227726545
sigma_canal,0.06,0.09,4,level_5,14,114,0.0787183298720347,0.07567362960238193,-0.0030447002696527697,-3.8678415492328977,0.08578343805598172,0.10440550193434424,0.018622063878362516,21.70822748583459,0.0804016075314679,0.0829654374003578,0.002563829868889908,3.1887793635052213
sigma_canal,0.06,0.09,4,level_5,15,115,0.06972221545027647,0.08475058674419067,0.015028371293914197,21.55463821230971,0.09696680027551254,0.1031045785026183,0.006137778227105761,6.32977288068333,0.07087855388255677,0.08799129778919598,0.017112743906639208,24.14375430824169
sigma_canal,0.06,0.09,4,level_5,16,116,0.07638938684010894,0.08174505935464908,0.0053556725145401385,7.011016498600947,0.07706610652218922,0.13266048770884845,0.05559438118665923,72.1385621974457,0.06789570350617152,0.0974840672593131,0.029588363753141583,43.579140100451404
sigma_canal,0.06,0.09,4,level_5,17,117,0.07341892530443257,0.08268649831917466,0.009267573014742084,12.622866619626977,0.09652302770832819,0.11950683784764865,0.022983810139320465,23.81173765992152,0.0703694862889158,0.083985586664068,0.013616100375152193,19.349438362031815
sigma_canal,0.06,0.09,4,level_5,18,118,0.0784197150845404,0.08007245483156276,0.001652739747022361,2.107556429197204,0.09027564127794471,0.14803963792987715,0.05776399665193244,63.98624904151724,0.07704597441916733,0.10084497841057617,0.023799003991408843,30.88935427298351
sigma_canal,0.06,0.09,4,level_5,19,119,0.07608210887514508,0.08035967192498733,0.0042775630498422534,5.622298215815718,0.09120399066679855,0.1143130516292459,0.02310906096244736,25.33777392139911,0.07912351891987633,0.1065705851454,0.027447066225523675,34.688884670710465
sigma_canal,0.06,0.09,4,level_5,20,120,0.0733977987682337,0.08048824839549124,0.007090449627257536,9.660302824130818,0.1099314114578545,0.15945071273682157,0.04951930127896707,45.04563402058363,0.07312937409726714,0.09824135513804078,0.02511198104077364,34.33911660090645
sigma_canal,0.06,0.09,4,level_5,21,121,0.0747601301913001,0.08303386422717213,0.008273734035872032,11.067040700304792,0.06777787416268381,0.15012915736860682,0.08235128320592301,121.50172047039919,0.07601418750860833,0.08598487234835964,0.009970684839751304,13.116873529197637
sigma_canal,0.06,0.09,4,level_5,22,122,0.07536063763948544,0.07567082497247465,0.0003101873329892091,0.41160391247364586,0.08827678558590674,0.07592485192449597,-0.012351933661410769,-13.992278467582462,0.07366672823444931,0.10263009130411031,0.028963363069661005,39.31674958806798
sigma_canal,0.06,0.09,4,level_5,23,123,0.07571186486914654,0.08203098459220919,0.0063191197230626495,8.346274040381964,0.08461707737525657,0.08180017177400967,-0.002816905601246908,-3.3290036581559095,0.07719753234438269,0.0865622250861417,0.00936469274175901,12.130818767603307
sigma_canal,0.06,0.09,4,level_5,24,124,0.08306246615000065,0.07906397382658313,-0.003998492323417521,-4.81383771605906,0.12575986265291297,0.14208725428332106,0.016327391630408084,12.982990984548353,0.0767334835991863,0.09855936487566841,0.021825881276482106,28.44375134913535
sigma_canal,0.06,0.09,4,level_5,25,125,0.0796954547891004,0.07576366483708455,-0.003931789952015846,-4.933518432664218,0.09216215490255454,0.06844302117733349,-0.023719133725221053,-25.736305482765584,0.08444972592233833,0.09691541012112112,0.012465684198782787,14.761071232186687
sigma_canal,0.06,0.09,4,level_5,26,126,0.07814102559128307,0.08027610750427526,0.0021350819129921927,2.7323443694734015,0.07496528042688394,0.08979333820371753,0.01482805777683359,19.779900365070834,0.07694177392985159,0.09233314244012664,0.015391368510275047,20.003916889552713
sigma_canal,0.06,0.09,4,level_5,27,127,0.07124935488458962,0.07556437333231303,0.004315018447723404,6.056221076966818,0.09315364510155455,0.12116805739017551,0.028014412288620963,30.073339865638236,0.06611431324473795,0.09096735411591363,0.02485304087117568,37.59101418655928
sigma_canal,0.06,0.09,4,level_5,28,128,0.07651725665680097,0.07814338943987768,0.001626132783076717,2.125184375559005,0.07524781565870757,0.12195478630809053,0.046706970649382964,62.070865766025854,0.07478575295634127,0.09028347299146358,0.015497720035122314,20.72282409748503
sigma_canal,0.06,0.09,4,level_5,29,129,0.0794144744705448,0.08200957184799525,0.0025950973774504504,3.2677888945962668,0.07664552996609109,0.12716798735063134,0.050522457384540254,65.91703052597066,0.08317589034247805,0.10688482274065957,0.023708932398181518,28.50457302057076
llr_leak,0.98,0.9,0,level_1,0,100,0.05227975120517087,0.05582307672309403,0.0035433255179231557,6.777625057964495,0.0765403743546569,0.10754047667626712,0.031000102321610226,40.50163404998307,0.050915903576826516,0.08588715156370824,0.034971247986881726,68.68433147634109
llr_leak,0.98,0.9,0,level_1,1,101,0.04868365167118659,0.04943027087562101,0.0007466192044344247,1.533613808341972,0.07984510382977358,0.08824660233902702,0.008401498509253438,10.52224633230496,0.058887137416429806,0.07334714708481528,0.014460009668385475,24.55546372738278
llr_leak,0.98,0.9,0,level_1,2,102,0.05234251279084144,0.056314030338945914,0.003971517548104472,7.587556149576723,0.07899450999358366,0.08068339218551407,0.0016888821919304048,2.137974135250139,0.06020124962243284,0.08843469336458121,0.028233443742148367,46.89843469898292
llr_leak,0.98,0.9,0,level_1,3,103,0.050327529944272816,0.05420200639217965,0.0038744764479068314,7.698522959892929,0.08108221278393302,0.09582579635101657,0.014743583567083551,18.183499266814646,0.05525150138737945,0.0738413566850608,0.018589855297681347,33.6458826111242
llr_leak,0.98,0.9,0,level_1,4,104,0.05119777175637223,0.05425699170413168,0.0030592199477594492,5.975299007771153,0.06326643490850059,0.13120796874615787,0.06794153383765728,107.38954065598618,0.06521349858944829,0.08097428641709635,0.01576078782764806,24.167983881481547
llr_leak,0.98,0.9,0,level_1,5,105,0.05243484764397774,0.054419285768017335,0.001984438124039596,3.784578792930875,0.07128046586605145,0.1155139387648492,0.04423347289879774,62.0555328326841,0.0600037077525322,0.08876748102089295,0.02876377326836075,47.936659826070326
llr_leak,0.98,0.9,0,level_1,6,106,0.05274308960562572,0.055200494739061,0.0024574051334352795,4.659198298412093,0.09473419647160282,0.07051636645389667,-0.024217830017706152,-25.563978921767287,0.053705583690496536,0.07406627968847543,0.020360695997978892,37.91169297277708
llr_leak,0.98,0.9,0,level_1,7,107,0.051902560608171645,0.05148533981459582,-0.000417220793575826,-0.8038539692204278,0.0638771181330137,0.11926923544706491,0.05539211731405122,86.71668186204982,0.05442747718271226,0.08796621796127571,0.033538740778563454,61.62097255761899
llr_leak,0.98,0.9,0,level_1,8,108,0.05124700064335735,0.05633317888052398,0.00508617823716663,9.92483105999278,0.06037879673568623,0.11186185142076462,0.05148305468507838,85.26677818779699,0.0561780123603923,0.10834352644916873,0.05216551408877643,92.85752894588909
llr_leak,0.98,0.9,0,level_1,9,109,0.049724717481275174,0.05457103780987597,0.004846320328600794,9.746300379536136,0.09380518079657761,0.12766051627196162,0.03385533547538401,36.09111478480215,0.051117623136804805,0.06876107385085382,0.01764345071404902,34.51539729621289
llr_leak,0.98,0.9,0,level_1,10,110,0.05022119020898831,0.05047289887134507,0.00025170866235675604,0.5012001135562626,0.06712655488367306,0.10840671488675505,0.04128016000308199,61.49602057578916,0.054955386256789446,0.08288845330990072,0.02793306705311127,50.828624736779624
llr_leak,0.98,0.9,0,level_1,11,111,0.054924023287758146,0.05498585915132718,6.183586356903192e-05,0.1125843663073647,0.08005212128988316,0.14790512250462537,0.0678530012147422,84.76102834181528,0.05897348247217075,0.08005934163744537,0.02108585916527462,35.75481433579053
llr_leak,0.98,0.9,0,level_1,12,112,0.05217462556429195,0.05195891452897136,-0.0002157110353205871,-0.41344050481929795,0.05528933715779641,0.11597160613195791,0.0606822689741615,109.75401785153184,0.05582905498505981,0.09145759693631207,0.035628541951252264,63.81720407194189
llr_leak,0.98,0.9,0,level_1,13,113,0.05206251844864536,0.05712912529120966,0.005066606842564304,9.731774400352956,0.07255510469422934,0.07717101898342267,0.004615914289193335,6.361942841439331,0.057293404776039135,0.08884037522445226,0.03154697044841313,55.06213249453537
llr_leak,0.98,0.9,0,level_1,14,114,0.05326524583677224,0.05097332436295055,-0.0022919214738216856,-4.302845951082484,0.07069568989072343,0.09178341536979649,0.02108772547907306,29.82887006501956,0.06321608146480769,0.08453926693478965,0.021323185469981965,33.73063463582847
llr_leak,0.98,0.9,0,level_1,15,115,0.04712930836326682,0.05672619406442628,0.009596885701159456,20.362882534129,0.08875101927842902,0.10193951493858035,0.013188495660151331,14.860106134416872,0.056485746006180004,0.08198160060914206,0.025495854602962054,45.13679362608152
llr_leak,0.98,0.9,0,level_1,16,116,0.051744352262291286,0.054812192715181805,0.003067840452890519,5.92884115611243,0.06307780280348237,0.13094740650473063,0.06786960370124827,107.5966515712265,0.05152525336332395,0.08675564410766416,0.035230390744340215,68.37499758791573
llr_leak,0.98,0.9,0,level_1,17,117,0.04972689660229761,0.05548121774883769,0.005754321146540085,11.571848516028668,0.07954340351824396,0.11155358961968659,0.03201018610144263,40.24241443742197,0.05668098791783023,0.07433493994072204,0.017653952022891814,31.146161475668954
llr_leak,0.98,0.9,0,level_1,18,118,0.053089471126736926,0.05368174695934181,0.0005922758326048841,1.11561825732071,0.07631184712351653,0.1349889974674966,0.058677150343980064,76.89127252942342,0.05911320964926219,0.09060346371768313,0.03149025406842094,53.271094997654174
llr_leak,0.98,0.9,0,level_1,19,119,0.05148553800043843,0.05397008302081899,0.002484545020380556,4.825714398399408,0.07472899011509283,0.11131324814701697,0.03658425803192414,48.95591118731752,0.06240999212001001,0.09913073626568904,0.036720744145679024,58.8379246628771
llr_leak,0.98,0.9,0,level_1,20,120,0.049798634212529426,0.053989248974979975,0.004190614762450549,8.41511986968547,0.10106767054280243,0.13526654922235645,0.034198878679554026,33.8376045434536,0.058032713986401245,0.09336481353625044,0.03533209954984919,60.88307287873618
llr_leak,0.98,0.9,0,level_1,21,121,0.050562292261757756,0.055594160280964026,0.00503186801920627,9.951819417435846,0.05613634956933928,0.12928024797779497,0.0731438984084557,130.29685572644655,0.05808026878597178,0.083183063481801,0.025102794695829225,43.220865227628465
llr_leak,0.98,0.9,0,level_1,22,122,0.05097673555545817,0.05073868135379005,-0.00023805420166812113,-0.4669859673716048,0.07287981753028788,0.08319083822568778,0.010311020695399895,14.147978198648442,0.05723675884223428,0.09433926170122726,0.03710250285899298,64.82285791419677
llr_leak,0.98,0.9,0,level_1,23,123,0.05128716992662626,0.05500340474688012,0.0037162348202538567,7.2459346568946374,0.06971643759003285,0.0660169534514445,-0.003699484138588352,-5.306473288757451,0.060046403139858866,0.07873404163845671,0.018687638498597843,31.121994859660408
llr_leak,0.98,0.9,0,level_1,24,124,0.05603374890750034,0.052981347765768745,-0.003052401141731595,-5.447433379427196,0.11063838136713922,0.1244282299640765,0.013789848596937285,12.46389221040522,0.05635189852219311,0.08334867843379458,0.026996779911601466,47.90748957813605
llr_leak,0.98,0.9,0,level_1,25,125,0.053884589092929376,0.05077545700783127,-0.0031091320850981027,-5.769983844056216,0.07875692334146973,0.06079680968161321,-0.017960113659856523,-22.804488669505403,0.06578013583164576,0.08788116708592786,0.022101031254282102,33.59833629843259
llr_leak,0.98,0.9,0,level_1,26,126,0.052907698463472846,0.05381975620315771,0.0009120577396848628,1.7238658383799135,0.05740181467249115,0.08694993291693762,0.029548118244446468,51.47593053117692,0.05996701690946934,0.07995720954293671,0.019990192633467373,33.3353127497505
llr_leak,0.98,0.9,0,level_1,27,127,0.048183858818707924,0.050825632277150125,0.002641773458442201,5.482693838162465,0.07566297320865707,0.11579016324332853,0.04012719003467145,53.03411739320898,0.054335874212479505,0.08251301221525047,0.02817713800277096,51.85733810518028
llr_leak,0.98,0.9,0,level_1,28,128,0.05190758373331674,0.05239513003774021,0.00048754630442347097,0.9392583305906045,0.0578204023607339,0.11623628692551641,0.05841588456478251,101.02988249776172,0.05672733872723046,0.07825266777688684,0.021525329049656386,37.945247446137856
llr_leak,0.98,0.9,0,level_1,29,129,0.053612930615859464,0.05498482185902232,0.001371891243162858,2.5588812762215114,0.06134977816428674,0.10820143957841437,0.04685166141412763,76.36810240562723,0.06476906512005687,0.10109715119685415,0.036328086076797286,56.08863739110488
llr_leak,0.98,0.95,1,level_2,0,100,0.05227925290488029,0.055826255806004026,0.0035470029011237386,6.7847237747971425,0.0764634685958278,0.10743491904395142,0.03097145044812362,40.50489863575659,0.05091836945084767,0.08552009609268163,0.03460172664183396,67.95529199974789
llr_leak,0.98,0.95,1,level_2,1,101,0.04868353521362254,0.049429452146744574,0.0007459169331220303,1.532174953706544,0.07984263376422035,0.08856360787634786,0.008720974112127508,10.922703449238687,0.058864018079432666,0.07335999011445432,0.014495972035021655,24.626202063645074
llr_leak,0.98,0.95,1,level_2,2,102,0.05234240678975095,0.05631429125085524,0.003971884461104289,7.588272501603832,0.07902021334318265,0.08078243156697128,0.0017622182237886225,2.2300853784529235,0.06020022377019086,0.08842345978205418,0.02822323601186332,46.88227758023472
llr_leak,0.98,0.95,1,level_2,3,103,0.05032734453789802,0.05420075848609423,0.003873413948196208,7.69644014354743,0.08109275664183963,0.09586797942596144,0.014775222784121814,18.22015109115007,0.05526785831195836,0.07399693995677524,0.018729081644816882,33.88783683113057
llr_leak,0.98,0.95,1,level_2,4,104,0.05119666461352074,0.054260401502763574,0.0030637368892428365,5.984250951445226,0.06326372107302328,0.1312841713026024,0.06802045022957912,107.51888930318421,0.06526314417813962,0.08076932054886515,0.01550617637072553,23.759468787468318
llr_leak,0.98,0.95,1,level_2,5,105,0.052434850854347965,0.05442030996641114,0.001985459112063173,3.7865257166046393,0.07131497084179825,0.11543039792919911,0.04411542708740086,61.85998054358661,0.060001403815495444,0.08851962438053192,0.028518220565036473,47.529255569969855
llr_leak,0.98,0.95,1,level_2,6,106,0.05274311765601102,0.05520113928355706,0.0024580216275460406,4.660364682226753,0.09472916942277886,0.07300362623154835,-0.021725543191230504,-22.93437525485821,0.05371586204244165,0.07435225367118407,0.020636391628742423,38.41768677646339
llr_leak,0.98,0.95,1,level_2,7,107,0.05190250971612664,0.0514883761912901,-0.00041413352483653937,-0.7979065503799018,0.0638161342416063,0.12072047230780583,0.05690433806619953,89.16920265141901,0.05439062001559874,0.08832683187210308,0.03393621185650434,62.39350065649508
llr_leak,0.98,0.95,1,level_2,8,108,0.05124715543752295,0.05633095620374137,0.0050838007662184215,9.92016185642976,0.06038917153071488,0.11293357180015187,0.05254440026943699,87.00963920777103,0.056188019696207396,0.10804740822030456,0.05185938852409717,92.29616705569283
llr_leak,0.98,0.95,1,level_2,9,109,0.049725564916148504,0.054570094090399375,0.004844529174250871,9.74253220133372,0.0937579113333059,0.12770562176933015,0.03394771043602425,36.2078356410281,0.05104806949336877,0.06823887941052235,0.017190809917153584,33.67572973427859
llr_leak,0.98,0.95,1,level_2,10,110,0.050221270272155304,0.050472824870491574,0.0002515545983362705,0.5008925440815511,0.06713429238766062,0.10847356880511617,0.04133927641745555,61.5769898619707,0.05497012265611051,0.08281514708011707,0.027845024424006562,50.654834078146806
llr_leak,0.98,0.95,1,level_2,11,111,0.054924195303208086,0.05498637838504529,6.218308183720406e-05,0.1132161909590544,0.08006267608977685,0.1482617364893054,0.06819906039952855,85.18208949580296,0.0589703567343466,0.07920790648365882,0.020237549749312217,34.31817419806296
llr_leak,0.98,0.95,1,level_2,12,112,0.05217582974608907,0.051959320016940806,-0.00021650972914826622,-0.4149617365011719,0.055293934260502484,0.1159780810805759,0.06068414682007342,109.74828908750895,0.0558520151904983,0.09158455101924372,0.035732535828745415,63.977164846908394
llr_leak,0.98,0.95,1,level_2,13,113,0.05206259302540338,0.05712876848050716,0.00506617545510378,9.730931866247605,0.07256793347244372,0.07684908551696958,0.004281152044525852,5.89950938337184,0.057313967808177525,0.088763568180714,0.031449600372536475,54.8724884617904
llr_leak,0.98,0.95,1,level_2,14,114,0.053264564069803094,0.050976415546196384,-0.0022881485236067103,-4.295817610762939,0.07071110906999083,0.09070414367901007,0.019993034609019245,28.27424837762036,0.0632170091517896,0.08409765624205043,0.02088064709026083,33.03010909631071
llr_leak,0.98,0.95,1,level_2,15,115,0.047128930084756666,0.05672604996917822,0.009597119884421551,20.36354287517686,0.08876842516226773,0.10192124942934215,0.013152824267074426,14.817007559874138,0.056438631413568384,0.08208116974782866,0.02564253833426027,45.43437303849215
llr_leak,0.98,0.95,1,level_2,16,116,0.0517449169113681,0.054814537071191105,0.003069620159823004,5.932215844661303,0.06308171549811899,0.13175250247286668,0.0686707869747477,108.86004990906655,0.0515354632743988,0.08576936651747011,0.03423390324307131,66.4278558257914
llr_leak,0.98,0.95,1,level_2,17,117,0.049726503595779493,0.055480497384853535,0.005753993789074041,11.571281656654437,0.07943294299105917,0.1112986098730472,0.031865666881988025,40.11643744028817,0.05669363510886858,0.07466138913495034,0.017967754026081757,31.69271822415046
llr_leak,0.98,0.95,1,level_2,18,118,0.053089357751540577,0.053679345931191766,0.0005899881796511894,1.111311578513245,0.07631284802164741,0.13553292441670686,0.059220076395059454,77.60171180907925,0.05910288391258124,0.09032607531527699,0.03122319140269575,52.828541241537046
llr_leak,0.98,0.95,1,level_2,19,119,0.051485129977880704,0.053971452772764245,0.00248632279488354,4.8292056287936465,0.0747565664493428,0.112499365490331,0.037742799040988206,50.48760374322945,0.06241237797666496,0.09880401350630354,0.036391635529638575,58.30836239446741
llr_leak,0.98,0.95,1,level_2,20,120,0.049798825706190285,0.05398995524626557,0.004191129540075285,8.416121225031825,0.10109752233571849,0.135746560981601,0.03464903864588252,34.27288606621051,0.05800843909416007,0.09352652375165742,0.03551808465749735,61.229168052331005
llr_leak,0.98,0.95,1,level_2,21,121,0.05056187400302806,0.05559503386894964,0.005033159865921587,9.954456722905801,0.05621301544582457,0.12935185149381653,0.07313883604799196,130.1101452536018,0.05805850670064281,0.08378434088146183,0.025725834180819022,44.31018922595574
llr_leak,0.98,0.95,1,level_2,22,122,0.05097621883212639,0.050740121731543304,-0.00023609710058308808,-0.46315145766420446,0.07288726923981687,0.08343243083688075,0.010545161597063882,14.467768798372363,0.057212990293966,0.09435857257957439,0.03714558228560839,64.92508448649636
llr_leak,0.98,0.95,1,level_2,23,123,0.051287168064386025,0.05500524911710615,0.003718081052720125,7.249534714126616,0.06971423607203386,0.06601291745243341,-0.0037013186196004494,-5.309272292356436,0.06003557055463338,0.0788913116171843,0.018855741062550918,31.407615332633306
llr_leak,0.98,0.95,1,level_2,24,124,0.05603475792395321,0.052981396255383284,-0.003053361668569926,-5.44904945018903,0.11061812546208417,0.12435874264642693,0.01374061718434276,12.421668806033546,0.05624787427268449,0.08362767133074807,0.02737979705806358,48.67703430947249
llr_leak,0.98,0.95,1,level_2,25,125,0.053884879280666535,0.05075967020835871,-0.0031252090723078232,-5.799788575250874,0.07870755258545992,0.06088877973716932,-0.017818772848290594,-22.639216012901862,0.06577559295367862,0.08843720630434032,0.022661613350661705,34.45292141512244
llr_leak,0.98,0.95,1,level_2,26,126,0.052907358574680104,0.053820417167982616,0.0009130585933025126,1.7257686225512596,0.05741051034159344,0.08572450481912701,0.02831399447753357,49.31848595155287,0.059948653989671856,0.08002193076491097,0.020073276775239117,33.48411588806882
llr_leak,0.98,0.95,1,level_2,27,127,0.048183425552946635,0.0508251052301462,0.002641679677199568,5.482548504769017,0.0756226897404734,0.11676079588853254,0.04113810614805914,54.39915756665021,0.054347701499421114,0.08272082059783457,0.02837311909841346,52.206658820181524
llr_leak,0.98,0.95,1,level_2,28,128,0.05190727616993732,0.05239512631652872,0.00048785014659139675,0.9398492515658924,0.057793484653774665,0.11631215869230371,0.05851867403852905,101.25479435804709,0.05671358548070422,0.07812245833006179,0.021408872849357566,37.74910838011035
llr_leak,0.98,0.95,1,level_2,29,129,0.0536131041570067,0.05498476641179499,0.0013716622547882903,2.5584458806402233,0.06138612586976636,0.10911860113272268,0.04773247526295631,77.75775810355434,0.06477343990118445,0.10145131468359013,0.03667787478240568,56.624867906289765
llr_leak,0.98,0.98,2,canonical,0,100,0.05227903361128479,0.05582726771342003,0.003548234102135242,6.787107291457911,0.07643590785038243,0.10741935014438038,0.03098344229399795,40.535192379275095,0.05092163240002351,0.08539560977309452,0.03447397737307101,67.70006330954757
llr_leak,0.98,0.98,2,canonical,1,101,0.048683555599097254,0.0494291789218098,0.000745623322712545,1.531571212367182,0.07984218432276635,0.08863022369467108,0.008788039371904727,11.006762210285483,0.05885431523510717,0.07338451959459094,0.014530204359483774,24.688426500995746
llr_leak,0.98,0.98,2,canonical,2,102,0.05234248019736282,0.056314391434914686,0.003971911237551869,7.588313015690812,0.07903576463981214,0.0808119000103707,0.0017761353705585542,2.2472552503956846,0.060202935547240384,0.08841325329628952,0.028210317749049134,46.85870795604792
llr_leak,0.98,0.98,2,canonical,3,103,0.05032722908195535,0.054200494582447585,0.0038732655004922317,7.696162835002925,0.0810950685709957,0.09594562355138886,0.014850554980393157,18.312525338568587,0.05527311227670311,0.07403792650651653,0.018764814229813416,33.949262954245725
llr_leak,0.98,0.98,2,canonical,4,104,0.05119621887821709,0.054262700304995505,0.003066481426778414,5.989663873562227,0.06326255002179447,0.1312963316583081,0.06803378163651362,107.54195272412419,0.06528116355477227,0.08083986092684163,0.015558697372069358,23.833364059167366
llr_leak,0.98,0.98,2,canonical,5,105,0.05243502133258905,0.05442078559916811,0.0019857642665790584,3.7870953727349397,0.07131443862880558,0.11540325656724328,0.04408881793843769,61.82312977028635,0.05999929294987376,0.08846159485534237,0.028462301905468612,47.43772885665063
llr_leak,0.98,0.98,2,canonical,6,106,0.05274316164064624,0.055201362297272294,0.002458200656626053,4.660700231386306,0.09472747098725408,0.07405200601923972,-0.020675464968014354,-21.82626090671872,0.053718430130723985,0.0744502912947197,0.02073186116399571,38.593572287098965
llr_leak,0.98,0.98,2,canonical,7,107,0.05190239552492012,0.05148917889309668,-0.0004132166318234348,-0.7961417341999857,0.06378659349272257,0.12111102126191156,0.05732442776918899,89.8690847563903,0.054375773230939735,0.08842799257988165,0.03405221934894192,62.62388068362448
llr_leak,0.98,0.98,2,canonical,8,108,0.05124726672090241,0.05633013860467138,0.00508287188376897,9.918327764582616,0.06039476522035152,0.11340182780519259,0.05300706258484107,87.76764408544967,0.05618698468293863,0.10795149981723465,0.051764515134296016,92.1290142662069
llr_leak,0.98,0.98,2,canonical,9,109,0.0497259163568056,0.05456980541985687,0.00484388906305127,9.741176066609226,0.09373135449462155,0.12771172829082458,0.03398037379620303,36.25294222986276,0.051028094045126815,0.06808374690232526,0.01705565285719844,33.42404449226584
llr_leak,0.98,0.98,2,canonical,10,110,0.050221344434371235,0.050472802848362516,0.00025145841399128177,0.5007002835614749,0.06713786743534526,0.10847707009727019,0.04133920266192492,61.57360107056598,0.0549733624712438,0.08280441049995518,0.027831048028711385,50.62642483124371
llr_leak,0.98,0.98,2,canonical,11,111,0.05492426932575183,0.05498662087018938,6.235154443754581e-05,0.11352275633881145,0.08006748030211115,0.1483402135851159,0.06827273328300475,85.26899188709025,0.05897219896197289,0.07860369648530734,0.01963149752333445,33.28941072045397
llr_leak,0.98,0.98,2,canonical,12,112,0.052176347681895975,0.05195947725298893,-0.00021687042890704278,-0.41564892627065186,0.05529345601473317,0.11598164509649729,0.06068818908176412,109.75654888635194,0.05586234669898512,0.09161890346024777,0.03575655676126265,64.00833275755001
llr_leak,0.98,0.98,2,canonical,13,113,0.05206255485385231,0.05712869144356561,0.005066136589713298,9.730864349501731,0.0725712680876223,0.07675856035674918,0.004187292269126869,5.769903681538465,0.05731753697710737,0.08876352235652092,0.03144598537941355,54.862764588040626
llr_leak,0.98,0.98,2,canonical,14,114,0.05326431118241393,0.05097754808647106,-0.002286763095942876,-4.293236963323178,0.0707148747809747,0.09036319365250345,0.01964831887152875,27.785269976628708,0.06321700550586887,0.08393786514699901,0.020720859641130143,32.77735077028677
llr_leak,0.98,0.98,2,canonical,15,115,0.04712875648091697,0.0567260081677048,0.009597251686787836,20.363897550901612,0.08877222467639247,0.10191648971708762,0.013144265040695158,14.806731597198175,0.05642154265515883,0.08209374807211185,0.025672205416953024,45.500715168066606
llr_leak,0.98,0.98,2,canonical,16,116,0.0517451306473083,0.05481572524170674,0.003070594594398443,5.934074483891888,0.0630805911659902,0.13197598569762728,0.06889539453163708,109.21805464749977,0.05153984433904071,0.08544219534426276,0.03390235100522205,65.778916176395
llr_leak,0.98,0.98,2,canonical,17,117,0.049726389075452786,0.05548026883733793,0.005753879761885142,11.571078996213538,0.07940649677572749,0.11122247460298454,0.03181597782725705,40.067222606629805,0.0566956585574074,0.07474895576715143,0.01805329720974403,31.842468487184245
llr_leak,0.98,0.98,2,canonical,18,118,0.05308937317680226,0.053678584908746246,0.0005892117319439838,1.1098487261880945,0.07631113866207387,0.1357740924044229,0.05946295374234903,77.9217225491378,0.05909712507191428,0.09024901947406606,0.031151894402151784,52.71304545566908
llr_leak,0.98,0.98,2,canonical,19,119,0.05148500620835039,0.05397181379762506,0.0024868075892746644,4.830158860641891,0.0747683360866008,0.11289822220950155,0.03812988612290075,50.99737150594954,0.06241277800938054,0.09872617350322085,0.036313395493840314,58.18262966660844
llr_leak,0.98,0.98,2,canonical,20,120,0.04979896356208757,0.05399013702601002,0.0041911734639224485,8.41618612945035,0.10111176228921491,0.1358799786448936,0.034768216355678686,34.385926591042356,0.058002275582574196,0.09357624898598832,0.03557397340341412,61.33203059036829
llr_leak,0.98,0.98,2,canonical,21,121,0.05056171466806138,0.05559545752070769,0.0050337428526463154,9.955641112436423,0.056244146267292426,0.12937939390856212,0.07313524764126969,130.03174995972856,0.05804824549063236,0.08409444254403468,0.026046197053402324,44.869912661883255
llr_leak,0.98,0.98,2,canonical,22,122,0.05097609946294546,0.05074052806188473,-0.00023557140106072322,-0.46212127554396376,0.07288938815293293,0.08349886926259846,0.01060948110966553,14.555590845961333,0.05720565898617815,0.09436816092140372,0.03716250193522557,64.96298197387195
llr_leak,0.98,0.98,2,canonical,23,123,0.05128720292880176,0.05500621961176081,0.003719016682959049,7.251354081683661,0.06971469856860425,0.06601050046417738,-0.0037041981044268757,-5.313367454040814,0.060030450812770884,0.07896276859993896,0.018932317787168078,31.537857088923303
llr_leak,0.98,0.98,2,canonical,24,124,0.056034995899460364,0.05298117111610924,-0.0030538247833511237,-5.4498527827688,0.11060674530993181,0.12435534716584559,0.013748601855913783,12.430165825229505,0.05622159341084604,0.08381425882203894,0.0275926654111929,49.078412291797186
llr_leak,0.98,0.98,2,canonical,25,125,0.05388495183881424,0.050751798721368556,-0.0031331531174456848,-5.814523369748699,0.07869637386536456,0.060985315943189435,-0.017711057922175123,-22.505557819570672,0.06577278147769818,0.08917881466039308,0.023406033182694908,35.58619942298058
llr_leak,0.98,0.98,2,canonical,26,126,0.05290724449819469,0.05382056349169913,0.0009133189935044347,1.7262645260907494,0.057410350517166225,0.0854022478199327,0.02799189730276648,48.757579514162074,0.05994369666894594,0.0800042150824927,0.02006051841354676,33.465601102874906
llr_leak,0.98,0.98,2,canonical,27,127,0.04818328112980055,0.05082500533464182,0.002641724204841274,5.482657351052442,0.07560824879684892,0.11700966398923017,0.04140141519238125,54.75780202716017,0.054355724444286616,0.08278330338452547,0.028427578940238854,52.29914462712474
llr_leak,0.98,0.98,2,canonical,28,128,0.05190722155131241,0.05239511785503714,0.0004878963037247344,0.9399391628820452,0.05778358004097755,0.11633321541294865,0.0585496353719711,101.3257318609375,0.056706823752402366,0.07808412196109257,0.021377298208690207,37.697929092324735
llr_leak,0.98,0.98,2,canonical,29,129,0.05361311017271911,0.05498471706348487,0.0013716068907657641,2.558342327738529,0.061405073158389105,0.10932957300620386,0.04792449984781475,78.04648277870727,0.06477260569312294,0.10156312461912612,0.03679051892600317,56.79950425386284
llr_leak,0.98,0.99,3,level_4,0,100,0.052278963802137014,0.05582748963923675,0.0035485258370997336,6.787674389511676,0.07642911911395156,0.10741952648472329,0.03099040737077173,40.547905994529074,0.05092225124471707,0.08536943392095638,0.03444718267623931,67.6466217306389
llr_leak,0.98,0.99,3,level_4,1,101,0.048683553893456265,0.04942911519736744,0.0007455613039111728,1.5314438743375849,0.07984203729639607,0.08863460116034175,0.008792563863945682,11.012449283208062,0.05885162242393611,0.07339132087652878,0.014539698452592668,24.705688396925297
llr_leak,0.98,0.99,3,level_4,2,102,0.0523425127753601,0.056314417529082186,0.003971904753722083,7.588295905411387,0.07904082188385106,0.08081848247369043,0.0017776605898393721,2.249041125168979,0.060203552166494194,0.08840933896988981,0.028205786803395617,46.850701974182385
llr_leak,0.98,0.99,3,level_4,3,103,0.05032719546376849,0.05420043927978458,0.0038732438160160934,7.696124888986742,0.0810950361917346,0.09596568360641898,0.014870647414684385,18.337309054928365,0.05527376636583393,0.07404824843440624,0.018774482068572317,33.96635203816558
llr_leak,0.98,0.99,3,level_4,4,104,0.05119608047463939,0.05426325927316008,0.003067178798520691,5.991042224492276,0.0632622600753426,0.131295329907409,0.0680330698320664,107.54132045083749,0.06528656351038227,0.08088466614941661,0.015598102639034342,23.891750155533664
llr_leak,0.98,0.99,3,level_4,5,105,0.05243507727529875,0.05442092414846986,0.0019858468731711043,3.7872488730108196,0.07131336699242681,0.11539651539221399,0.04408314839978718,61.816108618835266,0.059998157984434905,0.08845161348048698,0.028453455496052077,47.423881752225874
llr_leak,0.98,0.99,3,level_4,6,106,0.052743174639732326,0.055201406836763806,0.002458232197031479,4.660758882685175,0.09472684599451209,0.07427557282819948,-0.02045127316631261,-21.589733038823475,0.053719052115795016,0.07447121102773474,0.020752158911939725,38.63091043975805
llr_leak,0.98,0.99,3,level_4,7,107,0.0519023461273682,0.05148935069144258,-0.0004129954359256213,-0.7957163148504535,0.06377725635533774,0.12119155439063534,0.0574142980352976,90.02315451673142,0.054371636205354616,0.08844599736562081,0.034074361160266194,62.66936869725927
llr_leak,0.98,0.99,3,level_4,8,108,0.05124729486559655,0.0563299651722184,0.00508267030662185,9.917928975474489,0.06039658760826056,0.1135025248346154,0.05310593722635484,87.9287047983675,0.056186722537879354,0.10792930309205973,0.05174258055418037,92.09040537877453
llr_leak,0.98,0.99,3,level_4,9,109,0.04972601879919345,0.05456975700243182,0.004843738203238371,9.740852616411221,0.0937240158842199,0.12771221708673222,0.03398820120251232,36.26413239110344,0.05102353441708411,0.06805311891212913,0.01702958449504502,33.37594051372309
llr_leak,0.98,0.99,3,level_4,10,110,0.050221369851373,0.05047279769500858,0.0002514278436355766,0.5006391589470011,0.0671389939686929,0.10847734500133575,0.041338351032642856,61.57129946260298,0.05497369474758471,0.08280241031111285,0.027828715563528138,50.62187595595583
llr_leak,0.98,0.99,3,level_4,11,111,0.0549242848617132,0.05498667879807346,6.239393636026103e-05,0.11359990670311813,0.08006860576942011,0.14835278834012894,0.06828418257070883,85.28209266856997,0.05897242984865909,0.07842777656839292,0.019455346719733833,32.990580123054244
llr_leak,0.98,0.99,3,level_4,12,112,0.052176489410585586,0.051959515562508725,-0.000216973848076861,-0.41584600751778683,0.055293314478515466,0.11598257483874981,0.060689260360234344,109.7587672806547,0.055865126071200415,0.09162635367936849,0.03576122760816807,64.01350918386936
llr_leak,0.98,0.99,3,level_4,13,113,0.05206253847045562,0.057128683378549386,0.0050661449080937684,9.730883389346637,0.07257262564417953,0.0767398732384245,0.004167247594244972,5.7421755892873545,0.05731784806604862,0.0887654512827568,0.03144760321670818,54.865289395495815
llr_leak,0.98,0.99,3,level_4,14,114,0.05326424655487793,0.05097782113679032,-0.002286425418087608,-4.292608205265634,0.0707159144951593,0.09028889262883605,0.019572978133676755,27.67832145480715,0.06321712607748033,0.08390027507019197,0.020683148992711647,32.7176356725896
llr_leak,0.98,0.99,3,level_4,15,115,0.047128713929571096,0.05672599670640166,0.009597282776830564,20.363981905325684,0.08877328792461534,0.10191554561455969,0.013142257689944356,14.804293044890398,0.05641698715155214,0.08209776985957722,0.025680782708025075,45.51959259901483
llr_leak,0.98,0.99,3,level_4,16,116,0.051745189318376045,0.054815963785723856,0.0030707744673478116,5.934415368458804,0.06308007650800278,0.1320224655521233,0.06894238904412052,109.29344550711508,0.05154103782647877,0.08537653030499455,0.03383549247851578,65.64767398054425
llr_leak,0.98,0.99,3,level_4,17,117,0.049726341519646916,0.055480217372988694,0.005753875853341778,11.571082202112972,0.07939996018911237,0.1112057907505345,0.031805830561422124,40.057741194917455,0.05669600861677788,0.07476764233509411,0.018071633718316236,31.874613679539255
llr_leak,0.98,0.99,3,level_4,18,118,0.053089381155275346,0.053678444968857326,0.0005890638135819803,1.1095699380241253,0.0763103053237942,0.13582006030560856,0.059509754981814364,77.98390365404386,0.059095966788750016,0.0902320443318717,0.031136077543121678,52.68731393197039
llr_leak,0.98,0.99,3,level_4,19,119,0.05148498239851788,0.053971883556324894,0.002486901157807017,4.830342833871899,0.07477276411556777,0.11297597494960562,0.038203210834037854,51.09241484638911,0.062413104587325956,0.0987126097414663,0.03629950515414034,58.160069738802214
llr_leak,0.98,0.99,3,level_4,20,120,0.04979901702726797,0.05399017624781463,0.004191159220546664,8.416148491950658,0.10111617187490038,0.13590886248277034,0.034792690607869964,34.40863114449687,0.05800035638524993,0.0935871681968455,0.035586811811595565,61.35619508132134
llr_leak,0.98,0.99,3,level_4,21,121,0.0505616678205397,0.05559558030639407,0.005033912485854365,9.955985834409985,0.05625249859984261,0.12938694595556696,0.07313444735572436,130.0110202676917,0.05804518150347882,0.08417558802604642,0.026130406522567602,45.01735690326256
llr_leak,0.98,0.99,3,level_4,22,122,0.05097608482707112,0.05074060683578161,-0.00023547799128950664,-0.4619381658837299,0.0728900158577038,0.0835115204424546,0.010621504584750807,14.57196086427825,0.057204415791942416,0.09436973830564295,0.037165322513700534,64.96932448165215
llr_leak,0.98,0.99,3,level_4,23,123,0.051287207803702724,0.05500651786547159,0.0037193100617688643,7.251925423595289,0.06971489685495537,0.06600976670047504,-0.0037051301544803322,-5.314689286837796,0.06002940532348229,0.07898351575446157,0.018954110430979276,31.574709642450532
llr_leak,0.98,0.99,3,level_4,24,124,0.05603504776273412,0.05298105354505375,-0.003053994217680371,-5.450150110715918,0.1106034379070904,0.12435576973479259,0.013752331827702191,12.433909910878617,0.05621648233369325,0.08388236273081888,0.027665880397125628,49.21311197115606
llr_leak,0.98,0.99,3,level_4,25,125,0.05388496908714659,0.050750141250968245,-0.0031348278361783485,-5.817629460097645,0.07869176015126535,0.06100439085689293,-0.017687369294372417,-22.476774265021962,0.06577216158901779,0.08937027081594147,0.02359810922692368,35.87856724913226
llr_leak,0.98,0.99,3,level_4,26,126,0.05290721994872547,0.05382058701471263,0.0009133670659871584,1.7263561889517904,0.05741029268478257,0.08534166093685217,0.027931368252069592,48.65219622800008,0.05994308615474688,0.08000044028683065,0.020057354132083767,33.46066313687026
llr_leak,0.98,0.99,3,level_4,27,127,0.048183241622744226,0.05082499110300883,0.0026417494802646047,5.482714303343185,0.07560482093186204,0.1170514951638354,0.04144667423197336,54.82014734130075,0.05435835549149928,0.08279644501282975,0.028438089521330465,52.315948972697846
llr_leak,0.98,0.99,3,level_4,28,128,0.0519072112950696,0.052395116510084654,0.0004879052150150512,0.9399565163335885,0.057781787872177755,0.11633754507363436,0.05855575720145661,101.33946933416284,0.056704995016740846,0.07807549040482892,0.021370495388088072,37.687147987190414
llr_leak,0.98,0.99,3,level_4,29,129,0.053613119453872274,0.05498469483267455,0.0013715753788022741,2.5582831082648565,0.061407862479636185,0.10936567905495503,0.04795781657531885,78.09719250726634,0.06477249455053698,0.10158385048523852,0.03681135593470154,56.831771248180786
llr_leak,0.98,0.995,4,level_5,0,100,0.05227893007200934,0.05582758324714863,0.003548653175139291,6.787922343191326,0.07642610466826752,0.1074201830672435,0.030994078398975985,40.55430867961647,0.05092261142282678,0.08535863823441303,0.03443602681158625,67.62423577544536
llr_leak,0.98,0.995,4,level_5,1,101,0.04868355181778551,0.04942908746943345,0.0007455356516479356,1.5313912477839584,0.07984198934118364,0.0886367031860653,0.00879471384488166,11.015148692375107,0.05885033651277848,0.0733943100641029,0.014543973551324411,24.713492586684534
llr_leak,0.98,0.995,4,level_5,2,102,0.052342529459426176,0.05631442936377215,0.003971899904345974,7.588284221963004,0.07904316687203927,0.08082131698574696,0.0017781501137076883,2.249593714515873,0.06020386049483767,0.08840736773695239,0.02820350724211472,46.84667562893762
llr_leak,0.98,0.995,4,level_5,3,103,0.050327174084656326,0.05420041721959616,0.0038732431349398355,7.696126805023023,0.08109501188819361,0.09597444375563016,0.014879431867436552,18.348146847738246,0.05527392358808048,0.0740528429212265,0.018778919333146023,33.97428319562173
llr_leak,0.98,0.995,4,level_5,4,104,0.05119601264228885,0.0542634878637919,0.003067475221503045,5.99162915857485,0.06326219647063386,0.13129457035322312,0.06803237388258926,107.54032847115845,0.0652891472110387,0.08090608532257403,0.01561693811153532,23.919653998627965
llr_leak,0.98,0.995,4,level_5,5,105,0.05243510363840732,0.05442098995536874,0.0019858863169614216,3.787322192888378,0.07131271625519792,0.1153935602717563,0.04408084401655839,61.81344132063597,0.05999753668835543,0.08844786753134695,0.02845033084299152,47.41916487466939
llr_leak,0.98,0.995,4,level_5,6,106,0.052743179970119916,0.0552014237987755,0.0024582438286555805,4.66078046497808,0.09472668204340214,0.07436534313181688,-0.02036133891158526,-21.494829621770183,0.0537193361689627,0.07447967147963098,0.020760335310668288,38.6459267578644
llr_leak,0.98,0.995,4,level_5,7,107,0.051902318215503646,0.05148942487368378,-0.00041289334181986853,-0.7955200384412385,0.06377291111283089,0.1212241154732689,0.05745120436043802,90.08715982682973,0.05437009433010678,0.08845261567800974,0.03408252134790296,62.68615452636833
llr_leak,0.98,0.995,4,level_5,8,108,0.051247306408292594,0.05632989479197836,0.00508258838368577,9.91776688357484,0.06039741741134174,0.11354306421018633,0.053145646798844585,87.99324387811427,0.056186556481154996,0.10791980409712244,0.05173324761596745,92.07406692260774
llr_leak,0.98,0.995,4,level_5,9,109,0.049726069669683064,0.054569742104617694,0.00484367243493463,9.740710390163242,0.09372046537386232,0.12771223501877657,0.03399176964491425,36.26931376121208,0.051020912534011795,0.06804075792599025,0.017019845391978455,33.35856719660317
llr_leak,0.98,0.995,4,level_5,10,110,0.050221379940475895,0.05047279533328322,0.0002514153928073262,0.5006142664843387,0.06713952808696914,0.10847743786226421,0.04133790977529507,61.57015241713948,0.0549735564204961,0.08280164947000894,0.027828093049512836,50.620870945030454
llr_leak,0.98,0.995,4,level_5,11,111,0.05492429087805268,0.05498670358978458,6.241271173190038e-05,0.11363407835428244,0.08006915179059111,0.14835736092094973,0.06828820913035862,85.28653995106157,0.058972499174010685,0.07834752557424478,0.019375026400234092,32.8543417213234
llr_leak,0.98,0.995,4,level_5,12,112,0.05217655602480753,0.05195953222480916,-0.00021702379999836985,-0.41594121293706143,0.05529324098314292,0.11598290334879344,0.060689662365650515,109.75964021380621,0.05586643452011769,0.09162954694246957,0.035763112422351875,64.01538370857273
llr_leak,0.98,0.995,4,level_5,13,113,0.05206252765377378,0.057128682701437714,0.005066155047663931,9.730904886821623,0.07257324055666671,0.0767321155484903,0.0041588749918235884,5.73059017335219,0.057317993171697106,0.08876647754898431,0.03144848437728721,54.86668781840058
llr_leak,0.98,0.995,4,level_5,14,114,0.053264218093019886,0.05097794342740201,-0.002286274665617878,-4.292327471371419,0.07071631747838056,0.09025766649986976,0.0195413490214892,27.63343697508484,0.06321714225461385,0.08388410746724567,0.020666965212631824,32.69202699703412
llr_leak,0.98,0.995,4,level_5,15,115,0.04712869356005396,0.056725990321127025,0.009597296761073064,20.364020379312368,0.08877375475222661,0.10191508277752725,0.013141328025300644,14.803167965553508,0.05641491414168773,0.08209947611829858,0.025684561976610856,45.52796431118076
llr_leak,0.98,0.995,4,level_5,16,116,0.05174521712944131,0.05481608010090682,0.003070862971465513,5.934583217196114,0.06307982494326657,0.1320415481407728,0.06896172319750622,109.32453167003837,0.051541570050860346,0.0853452519775706,0.03380368192671026,65.58527785116628
llr_leak,0.98,0.995,4,level_5,17,117,0.049726318557461326,0.05548019609425411,0.005753877536792781,11.57109093073898,0.07939708868643969,0.11119870585192995,0.031801617165490265,40.05388319851795,0.056696217185811415,0.074775359020059,0.01807914183424758,31.887739132571262
llr_leak,0.98,0.995,4,level_5,18,118,0.05308938618430154,0.05367839105886819,0.0005890048745666454,1.1094588144641486,0.0763098300132222,0.13583738028200917,0.05952755026878698,78.0077091751779,0.059095414394416276,0.09022479063710254,0.03112937624268626,52.676466628902375
llr_leak,0.98,0.995,4,level_5,19,119,0.05148497178708145,0.05397191133440479,0.00248693954732334,4.830418393950368,0.07477496254422782,0.11300654113494592,0.0382315785907181,51.128850205849226,0.06241338293885762,0.09870742817717845,0.03629404523832083,58.151062367306345
llr_leak,0.98,0.995,4,level_5,20,120,0.0497990434789167,0.05399019265504282,0.004191149176126119,8.416123851656941,0.10111827008412194,0.13592105869483395,0.03480278861071201,34.417903492374826,0.05799921731871058,0.09359183069180053,0.03559261337308996,61.36740290391429
llr_leak,0.98,0.995,4,level_5,21,121,0.05056164620927187,0.05559563806301497,0.005033991853743099,9.95614706235569,0.05625639524594261,0.1293904958895185,0.0731341006435759,130.00139863894063,0.058043629377667806,0.08421148889944313,0.026167859521775326,45.083086296191134
llr_leak,0.98,0.995,4,level_5,22,122,0.05097608253095219,0.05074063875220634,-0.00023544377874584743,-0.46187107179702996,0.07289031527058161,0.08351683812168031,0.010626522851098705,14.578785688676462,0.05720386394816181,0.09437032156398993,0.037166457615828125,64.97193554880909
llr_leak,0.98,0.995,4,level_5,23,123,0.051287210149958455,0.0550066620318736,0.0037194518819151437,7.252201613306425,0.06971500149251834,0.06600939471708848,-0.0037056067754298594,-5.315364980416068,0.060028946208426685,0.07899343350724433,0.018964487298817646,31.592237573138455
llr_leak,0.98,0.995,4,level_5,24,124,0.056035071411647486,0.05298098619700753,-0.0030540852146399566,-5.450310203415093,0.11060187942815966,0.12435616257257488,0.013754283144415222,12.435849386582241,0.05621414711726539,0.08391787928896144,0.027703732171696048,49.28249131647367
llr_leak,0.98,0.995,4,level_5,25,125,0.053884977146107654,0.0507493424453692,-0.0031356347007384516,-5.819125973156234,0.07868954793986342,0.06101361545218212,-0.017675932487681303,-22.462872071891564,0.06577187735915925,0.08946625367027368,0.02369437631111443,36.025087411945066
llr_leak,0.98,0.995,4,level_5,26,126,0.052907207849045304,0.053820596012549585,0.0009133881635042806,1.726396460214565,0.05741030635163202,0.08531733273240837,0.027907026380776342,48.60978481781437,0.05994269902034046,0.07999925453856481,0.02005655551822435,33.459546944021525
llr_leak,0.98,0.995,4,level_5,27,127,0.04818322279987003,0.05082498581324145,0.0026417630133714204,5.4827445319380885,0.07560320527185047,0.11706885377617249,0.04146564850432202,54.846416041782604,0.05435960839277298,0.08280200079978185,0.028442392407008875,52.3226587680684
llr_leak,0.98,0.995,4,level_5,28,128,0.05190720834900095,0.052395116308271684,0.000487907959270735,0.9399618565310991,0.05778115871574917,0.11633937187712627,0.058558213161377104,101.34482323113423,0.056704247370435945,0.07807177837928679,0.021367531008850846,37.68241710230563
llr_leak,0.98,0.995,4,level_5,29,129,0.05361312394253422,0.05498468314861064,0.0013715592060764142,2.5582527284672576,0.061408858276356254,0.109379562996546,0.047970704720189744,78.11691353112082,0.06477242848886243,0.10159164215111216,0.03681921366224973,56.843960495600015
llr_clip,8.0,4.0,0,level_1,0,100,0.05228344395860365,0.05579481491456286,0.0035113709559592143,6.716028421424199,0.07824039263954694,0.10576024638438933,0.027519853744842393,35.17346068497664,0.04995082710345866,0.08807878309432617,0.038127955990867504,76.33098028966866
llr_clip,8.0,4.0,0,level_1,1,101,0.048691762710047416,0.04940676843679208,0.0007150057267446622,1.4684326197069932,0.08043178429289219,0.08674848442371823,0.006316700130826039,7.853487506660038,0.05860785757184918,0.07237070086611928,0.013762843294270105,23.482931921539382
llr_clip,8.0,4.0,0,level_1,2,102,0.05235350225184809,0.05630808894604645,0.0039545866941983615,7.55362396802931,0.07925171963964905,0.07939950216713382,0.00014778252748476328,0.1864723291263812,0.0601926469337176,0.0893944134782768,0.0292017665445592,48.51384352097914
llr_clip,8.0,4.0,0,level_1,3,103,0.05033370521639984,0.05420427063685452,0.0038705654204546774,7.689808258330962,0.08096370876471994,0.10109315319682892,0.020129444432108984,24.862305271371685,0.055775708004627174,0.07301611254985879,0.017240404545231618,30.91023881543798
llr_clip,8.0,4.0,0,level_1,4,104,0.051211505973558995,0.054261342569756336,0.0030498365961973417,5.9553737743467305,0.06306056898507752,0.13197358261307543,0.06891301362799791,109.28067211747694,0.06521947746087638,0.08077740025021292,0.015557922789336542,23.854718551937758
llr_clip,8.0,4.0,0,level_1,5,105,0.05244711767549393,0.05439480523021259,0.0019476875547186565,3.713621722302423,0.07135415983837037,0.11681665164842911,0.045462491810058736,63.7138632324159,0.06051137366544952,0.09081774665592414,0.030306372990474617,50.083763026154536
llr_clip,8.0,4.0,0,level_1,6,106,0.052739231546563056,0.055193795099105096,0.00245456355254204,4.654151151927431,0.09553661407491047,0.06708521316431892,-0.02845140091059155,-29.780625141563778,0.053861122294372926,0.07208362137455232,0.018222499080179394,33.83237909634714
llr_clip,8.0,4.0,0,level_1,7,107,0.051919693411260875,0.05148025212965961,-0.00043944128160126883,-0.8463865110304336,0.06506690271972533,0.11604490506509858,0.05097800234537325,78.34705543763194,0.05386814475132727,0.08493551438459682,0.031067369633269545,57.672989810000956
llr_clip,8.0,4.0,0,level_1,8,108,0.05125870472724642,0.05634419427902638,0.005085489551779961,9.921221339556759,0.061574975745992654,0.11397431439847011,0.05239933865247746,85.09843165612233,0.05508246952286243,0.10940212231390135,0.054319652791038925,98.6151370146778
llr_clip,8.0,4.0,0,level_1,9,109,0.04972468202746841,0.05457518737152775,0.0048505053440593415,9.754723703169935,0.09269142785904004,0.12720283114856681,0.034511403289526774,37.2325727272319,0.05160533168142364,0.06917209056483839,0.017566758883414753,34.0405890458374
llr_clip,8.0,4.0,0,level_1,10,110,0.050235163378565,0.05046241729858065,0.00022725392001565065,0.4523801750242109,0.06735268008797496,0.10772102157454005,0.040368341486565096,59.93576118104972,0.054825547070813954,0.08215530136895961,0.02732975429814566,49.848575633629174
llr_clip,8.0,4.0,0,level_1,11,111,0.05491177318259651,0.05498839647223553,7.662328963901899e-05,0.13953890977846556,0.08149849541656189,0.14806420575810644,0.06656571034154456,81.67722606571859,0.058845960564202014,0.08325089326648098,0.02440493270227897,41.472570875366614
llr_clip,8.0,4.0,0,level_1,12,112,0.05218308690404757,0.05195216055037989,-0.00023092635366767783,-0.4425310332681106,0.05547492630412202,0.11589259876723582,0.060417672463113796,108.90987422298659,0.05500947734178825,0.09009513121971492,0.03508565387792667,63.781107498859406
llr_clip,8.0,4.0,0,level_1,13,113,0.05207336006010429,0.057114824052498736,0.005041463992394447,9.68146473854476,0.07291189815108369,0.0783334825332404,0.005421584382156716,7.43580200164647,0.05679350790133044,0.0875535562576214,0.03076004835629096,54.16120520276997
llr_clip,8.0,4.0,0,level_1,14,114,0.05326984150854145,0.05095035466883468,-0.002319486839706772,-4.3542214018693075,0.07181788821260554,0.1020554304840666,0.030237542271461054,42.103079085182195,0.06282356701757798,0.08768102665052034,0.024857459632942364,39.56709370861936
llr_clip,8.0,4.0,0,level_1,15,115,0.04714296111554879,0.05672066424076833,0.009577703125219543,20.316295155377087,0.08939648312699758,0.10218174049133305,0.012785257364335473,14.301745345141375,0.05610295082693006,0.08148193279356904,0.02537898196663898,45.23644762452811
llr_clip,8.0,4.0,0,level_1,16,116,0.05175528260705812,0.054804140229391805,0.0030488576223336866,5.890910973246042,0.061683964391772,0.12438689545066563,0.06270293105889363,101.6519150109255,0.05141525571725539,0.0910909121581346,0.03967565644087921,77.16708958731043
llr_clip,8.0,4.0,0,level_1,17,117,0.049723874353878185,0.055472576107828186,0.0057487017539500015,11.561250664091977,0.08068780031341892,0.11393364882839319,0.033245848514974266,41.20306711279284,0.056159845616209535,0.07407200563382738,0.01791216001761784,31.894959505458143
llr_clip,8.0,4.0,0,level_1,18,118,0.05307338672057319,0.053690099042246954,0.0006167123216737624,1.1619991859963632,0.07740037943104254,0.1357064868781065,0.05830610744706395,75.33051888848938,0.059046006124431845,0.09227486065501317,0.033228854530581324,56.276210215735496
llr_clip,8.0,4.0,0,level_1,19,119,0.05147632102415247,0.05395163482096748,0.0024753137968150096,4.808645504509934,0.07393509449165611,0.1085751793368935,0.03464008484523738,46.852019441385394,0.06271739567468991,0.09927688426878535,0.03655948859409544,58.29242142598932
llr_clip,8.0,4.0,0,level_1,20,120,0.04980379332466372,0.053993473942266286,0.0041896806176025675,8.412372508034972,0.101617125154457,0.13063196442041666,0.029014839265959658,28.553099905018367,0.057964913270738425,0.08852344817640735,0.030558534905668927,52.71902118258727
llr_clip,8.0,4.0,0,level_1,21,121,0.05056833140116738,0.05557702794978031,0.005008696548612933,9.904808819729627,0.0558090831599728,0.12693820346749687,0.07112912030752408,127.4507952471419,0.05805664939064716,0.08228509955734073,0.024228450166693567,41.732429309977945
llr_clip,8.0,4.0,0,level_1,22,122,0.05098051139180485,0.05074304128799954,-0.00023747010380531508,-0.4658056526351137,0.07416637926600617,0.082058128701316,0.007891749435309833,10.640602269399151,0.056428876200710826,0.09305492694578932,0.03662605074507849,64.9065748089754
llr_clip,8.0,4.0,0,level_1,23,123,0.05128965675973374,0.054993758810277925,0.0037041020505441877,7.221927937431994,0.06990754212735194,0.06610661161871093,-0.0038009305086410122,-5.437082170213884,0.05941170408404254,0.077682571135996,0.01827086705195346,30.75297592223222
llr_clip,8.0,4.0,0,level_1,24,124,0.05602718885379895,0.05298090193120343,-0.003046286922595516,-5.437158252834528,0.11202605234637905,0.12354511578212109,0.011519063435742036,10.282486256076986,0.056495458631604135,0.08132449508613022,0.02482903645452609,43.94872978451488
llr_clip,8.0,4.0,0,level_1,25,125,0.05388316075210687,0.050795662926060615,-0.0030874978260462538,-5.729986479914378,0.07993615069041718,0.06177863699287018,-0.018157513697547,-22.715021352315052,0.06575180867797865,0.08985546984104588,0.024103661163067225,36.65855228578667
llr_clip,8.0,4.0,0,level_1,26,126,0.05290443160307221,0.05381829133177759,0.0009138597287053768,1.7273784086025565,0.058475901997026236,0.0900178098449595,0.03154190784793326,53.940010792030726,0.060686480272810095,0.08037544487021292,0.019688964597402825,32.44374119061284
llr_clip,8.0,4.0,0,level_1,27,127,0.04819369596638134,0.05083436282479278,0.002640666858411439,5.479278576711566,0.07497481683632515,0.11336671185008781,0.03839189501376267,51.20638720275189,0.05403492551924619,0.07921478914627988,0.025179863627033693,46.599238150268405
llr_clip,8.0,4.0,0,level_1,28,128,0.05190757495260021,0.052380619378341,0.0004730444257407887,0.9113206043101661,0.05823360615266312,0.1158821004417457,0.05764849428908258,98.9952333330575,0.05624380218281104,0.07924935975360471,0.023005557570793672,40.9032758774344
llr_clip,8.0,4.0,0,level_1,29,129,0.053617047652830326,0.055002563838088804,0.0013855161852584785,2.5840963758946174,0.06077225605775591,0.10763433733510437,0.046862081277348464,77.11097845834836,0.06504508492299466,0.09980259921535757,0.034757514292362915,53.43603491872064
llr_clip,8.0,6.0,1,level_2,0,100,0.052279764881962926,0.05582165806726115,0.0035418931852982255,6.774883539157263,0.07676092947277,0.10715694907986946,0.030396019607099464,39.59829540349962,0.05079130644038151,0.08584565477159879,0.03505434833121728,69.0164336929664
llr_clip,8.0,6.0,1,level_2,1,101,0.04868569359337554,0.04942506018383523,0.0007393665904596933,1.5186526798506899,0.07991588695457945,0.08838628851857373,0.008470401563994284,10.599146035641793,0.05878601879703211,0.0729291465317919,0.014143127734759793,24.058658885527095
llr_clip,8.0,6.0,1,level_2,2,102,0.05234402646479351,0.05631304036083678,0.003969013896043268,7.582553662952961,0.07894207902420997,0.08061045220308638,0.0016683731788764145,2.113414289943843,0.060172719999671664,0.08861699766616458,0.02844427766649292,47.27105184317433
llr_clip,8.0,6.0,1,level_2,3,103,0.05032794925228427,0.054200930290290286,0.0038729810380060195,7.695487488654694,0.08106998313779414,0.09590363818119019,0.014833655043396052,18.29734566267688,0.05531292438374519,0.07384043701072408,0.018527512626978895,33.4958110304209
llr_clip,8.0,6.0,1,level_2,4,104,0.05120028094525874,0.054259686375349336,0.0030594054300905962,5.975368442531766,0.0632224109140825,0.131375740765278,0.0681533298511955,107.79932126254089,0.06518107275784005,0.08065259182228778,0.015471519064447728,23.736214225757426
llr_clip,8.0,6.0,1,level_2,5,105,0.052436613012907,0.05441276099443839,0.0019761479815313884,3.768641542589659,0.07134046141926743,0.11559122416976547,0.04425076275049804,62.02758136148937,0.0601101732029019,0.08849363853804806,0.028383465335146164,47.21907095382636
llr_clip,8.0,6.0,1,level_2,6,106,0.052742754602636686,0.0551999357376953,0.002457181135058613,4.658803192155942,0.09483079038593001,0.07160930578042331,-0.0232214846055067,-24.48728362486796,0.05373257848264774,0.07400441074911795,0.020271832266470217,37.727264983229404
llr_clip,8.0,6.0,1,level_2,7,107,0.051905606057666295,0.05148838739524317,-0.0004172186624231272,-0.8038026989986476,0.06408483389801174,0.11999143949008663,0.05590660559207489,87.23843410602866,0.05437970902294795,0.08786858525498435,0.033488876232036405,61.58340460759781
llr_clip,8.0,6.0,1,level_2,8,108,0.05125018648698078,0.05633359782407884,0.005083411337098061,9.918815297168553,0.06052523323841316,0.11254818635326921,0.05202295311485605,85.95250333019612,0.055981016255702995,0.10819960818628319,0.05221859193058019,93.27910678159667
llr_clip,8.0,6.0,1,level_2,9,109,0.04972428032991042,0.054572159081469944,0.004847878751559523,9.749520192941636,0.0937054001687761,0.127572148135199,0.03386674796642289,36.141724922388995,0.05114819494857481,0.06828526686483855,0.017137071916263735,33.504744270044355
llr_clip,8.0,6.0,1,level_2,10,110,0.05022225460326203,0.050470877567406994,0.0002486229641449622,0.4950454058842943,0.06712852761439661,0.1083414081298686,0.04121288051547199,61.39398848759099,0.054958134735640214,0.0826549243610254,0.02769678962538518,50.3961602019653
llr_clip,8.0,6.0,1,level_2,11,111,0.05492217622315054,0.05498658614722536,6.440992407481805e-05,0.11727489423055358,0.08022194765831499,0.14820976440742123,0.06798781674910624,84.74964611764736,0.05893424652214254,0.0809291137049996,0.021994867182857057,37.32102891074248
llr_clip,8.0,6.0,1,level_2,12,112,0.052176266816012326,0.05195868208525696,-0.00021758473075536577,-0.4170185872489279,0.05530408494862156,0.11596549084577937,0.06066140589715781,109.68702574776039,0.055758153556141776,0.09139051425461199,0.035632360698470214,63.90520206626408
llr_clip,8.0,6.0,1,level_2,13,113,0.05206434778883317,0.05712645000366339,0.005062102214830222,9.7227804242579,0.07256934341852027,0.07705758209656713,0.00448823867804686,6.18475855866904,0.05721288415634555,0.08856235856327367,0.03134947440692812,54.79443113068634
llr_clip,8.0,6.0,1,level_2,14,114,0.053264462337714424,0.050971396083030134,-0.002293066254684291,-4.305058483732526,0.07082853360637847,0.0921799480823052,0.021351414475926728,30.145216043275422,0.06319445972254677,0.084722796179849,0.021528336457302233,34.066809894129484
llr_clip,8.0,6.0,1,level_2,15,115,0.047131609786306206,0.05672532693222099,0.009593717145914782,20.355165438678007,0.08878686494154621,0.10195126159181227,0.013164396650266058,14.826964167428345,0.05631490018339995,0.08197781905664978,0.025662918873249826,45.57038863546549
llr_clip,8.0,6.0,1,level_2,16,116,0.051747096069309564,0.0548119577313588,0.003064861662049237,5.9227703482030964,0.06289608865450176,0.1309251454941704,0.06802905683966863,108.16102923881813,0.05151194890969486,0.08675718286718187,0.03524523395748701,68.42147250005064
llr_clip,8.0,6.0,1,level_2,17,117,0.04972636555214402,0.05547921084942753,0.00575284529728351,11.569004155855641,0.07959272732546051,0.11159972879007143,0.032007001464610926,40.21347494945354,0.05656689087926653,0.07454292464814985,0.01797603376888332,31.778366265967218
llr_clip,8.0,6.0,1,level_2,18,118,0.05308693651432897,0.05368130671350008,0.000594370199171107,1.1196166857559722,0.0764823975140018,0.13546104856365815,0.058978651049656355,77.11401965250764,0.05906008979844293,0.09053045767990653,0.031470367881463596,53.28533699976407
llr_clip,8.0,6.0,1,level_2,19,119,0.051483816237479496,0.05396837985234824,0.0024845636148687414,4.8259119009519225,0.07453650166458037,0.11184183462297069,0.03730533295839032,50.04975029049124,0.06241710305203078,0.09875195714843864,0.03633485409640786,58.21297740479752
llr_clip,8.0,6.0,1,level_2,20,120,0.049799349041256914,0.05399095785531448,0.004191608814057564,8.41699519121218,0.10107686401403512,0.13509578082396917,0.03401891680993405,33.65648226404246,0.058029960082678536,0.09266899593138345,0.03463903584870491,59.69164169569087
llr_clip,8.0,6.0,1,level_2,21,121,0.05056263973897412,0.05558929475174621,0.005026655012772094,9.941441029823261,0.05606001938485235,0.12905578725459704,0.0729957678697447,130.2100296623666,0.058037659462063906,0.08286781485222566,0.024830155390161757,42.78283380189012
llr_clip,8.0,6.0,1,level_2,22,122,0.050977698360962165,0.05074125177188309,-0.0002364465890790715,-0.46382358694353726,0.0730346247354219,0.08321241528600559,0.010177790550583696,13.93556903654145,0.05706526254774773,0.09414375475011927,0.03707849220237154,64.97559206241657
llr_clip,8.0,6.0,1,level_2,23,123,0.05128723616676505,0.05499662859462214,0.003709392427857089,7.232583982095791,0.06972152750051043,0.06603901896056372,-0.0036825085399467133,-5.28173818326019,0.05995341765559986,0.07883118373560798,0.018877766080008115,31.487389406973808
llr_clip,8.0,6.0,1,level_2,24,124,0.05603317828817756,0.05298263406290894,-0.0030505442252686185,-5.44417489505901,0.11085795961141703,0.12422284194419199,0.013364882332774955,12.055861734801885,0.056301696906157016,0.08279359588103614,0.02649189897487913,47.05346451464065
llr_clip,8.0,6.0,1,level_2,25,125,0.053884675713723885,0.05078364251421506,-0.0031010331995088222,-5.754944533736928,0.0789274487209992,0.0605765507108064,-0.018350898010192802,-23.250337249670174,0.06576597585488571,0.08819069811164264,0.02242472225675693,34.097756423834795
llr_clip,8.0,6.0,1,level_2,26,126,0.05290718047069687,0.05381996219902426,0.0009127817283273928,1.7252511288764394,0.05756370468918802,0.08639582711527835,0.02883212242609033,50.08732947569611,0.060027089296647,0.0799517677372468,0.0199246784405998,33.19281123583108
llr_clip,8.0,6.0,1,level_2,27,127,0.048185139581160885,0.05082720821642425,0.002642068635263367,5.483160696905704,0.07553063047711091,0.11628500380507373,0.04075437332796282,53.95741180833011,0.054254958580731476,0.08206120956149811,0.027806250980766632,51.25107770452148
llr_clip,8.0,6.0,1,level_2,28,128,0.05190743908681784,0.05239263970805645,0.00048520062123861424,0.9347419748970691,0.05785920157208821,0.1162714148426876,0.058412213270599395,100.95578867921668,0.056664457693813376,0.07816631788978765,0.02150186019597427,37.94593837315034
llr_clip,8.0,6.0,1,level_2,29,129,0.05361392533429526,0.05498761763617145,0.0013736923018761935,2.5621931117912062,0.06125195273189074,0.10893761546273566,0.047685662730844916,77.85166121898584,0.06482230657286225,0.10102217442351628,0.03619986785065403,55.84476974753169
llr_clip,8.0,8.0,2,canonical,0,100,0.05227903361128479,0.05582726771342003,0.003548234102135242,6.787107291457911,0.07643590785038243,0.10741935014438038,0.03098344229399795,40.535192379275095,0.05092163240002351,0.08539560977309452,0.03447397737307101,67.70006330954757
llr_clip,8.0,8.0,2,canonical,1,101,0.048683555599097254,0.0494291789218098,0.000745623322712545,1.531571212367182,0.07984218432276635,0.08863022369467108,0.008788039371904727,11.006762210285483,0.05885431523510717,0.07338451959459094,0.014530204359483774,24.688426500995746
llr_clip,8.0,8.0,2,canonical,2,102,0.05234248019736282,0.056314391434914686,0.003971911237551869,7.588313015690812,0.07903576463981214,0.0808119000103707,0.0017761353705585542,2.2472552503956846,0.060202935547240384,0.08841325329628952,0.028210317749049134,46.85870795604792
llr_clip,8.0,8.0,2,canonical,3,103,0.05032722908195535,0.054200494582447585,0.0038732655004922317,7.696162835002925,0.0810950685709957,0.09594562355138886,0.014850554980393157,18.312525338568587,0.05527311227670311,0.07403792650651653,0.018764814229813416,33.949262954245725
llr_clip,8.0,8.0,2,canonical,4,104,0.05119621887821709,0.054262700304995505,0.003066481426778414,5.989663873562227,0.06326255002179447,0.1312963316583081,0.06803378163651362,107.54195272412419,0.06528116355477227,0.08083986092684163,0.015558697372069358,23.833364059167366
llr_clip,8.0,8.0,2,canonical,5,105,0.05243502133258905,0.05442078559916811,0.0019857642665790584,3.7870953727349397,0.07131443862880558,0.11540325656724328,0.04408881793843769,61.82312977028635,0.05999929294987376,0.08846159485534237,0.028462301905468612,47.43772885665063
llr_clip,8.0,8.0,2,canonical,6,106,0.05274316164064624,0.055201362297272294,0.002458200656626053,4.660700231386306,0.09472747098725408,0.07405200601923972,-0.020675464968014354,-21.82626090671872,0.053718430130723985,0.0744502912947197,0.02073186116399571,38.593572287098965
llr_clip,8.0,8.0,2,canonical,7,107,0.05190239552492012,0.05148917889309668,-0.0004132166318234348,-0.7961417341999857,0.06378659349272257,0.12111102126191156,0.05732442776918899,89.8690847563903,0.054375773230939735,0.08842799257988165,0.03405221934894192,62.62388068362448
llr_clip,8.0,8.0,2,canonical,8,108,0.05124726672090241,0.05633013860467138,0.00508287188376897,9.918327764582616,0.06039476522035152,0.11340182780519259,0.05300706258484107,87.76764408544967,0.05618698468293863,0.10795149981723465,0.051764515134296016,92.1290142662069
llr_clip,8.0,8.0,2,canonical,9,109,0.0497259163568056,0.05456980541985687,0.00484388906305127,9.741176066609226,0.09373135449462155,0.12771172829082458,0.03398037379620303,36.25294222986276,0.051028094045126815,0.06808374690232526,0.01705565285719844,33.42404449226584
llr_clip,8.0,8.0,2,canonical,10,110,0.050221344434371235,0.050472802848362516,0.00025145841399128177,0.5007002835614749,0.06713786743534526,0.10847707009727019,0.04133920266192492,61.57360107056598,0.0549733624712438,0.08280441049995518,0.027831048028711385,50.62642483124371
llr_clip,8.0,8.0,2,canonical,11,111,0.05492426932575183,0.05498662087018938,6.235154443754581e-05,0.11352275633881145,0.08006748030211115,0.1483402135851159,0.06827273328300475,85.26899188709025,0.05897219896197289,0.07860369648530734,0.01963149752333445,33.28941072045397
llr_clip,8.0,8.0,2,canonical,12,112,0.052176347681895975,0.05195947725298893,-0.00021687042890704278,-0.41564892627065186,0.05529345601473317,0.11598164509649729,0.06068818908176412,109.75654888635194,0.05586234669898512,0.09161890346024777,0.03575655676126265,64.00833275755001
llr_clip,8.0,8.0,2,canonical,13,113,0.05206255485385231,0.05712869144356561,0.005066136589713298,9.730864349501731,0.0725712680876223,0.07675856035674918,0.004187292269126869,5.769903681538465,0.05731753697710737,0.08876352235652092,0.03144598537941355,54.862764588040626
llr_clip,8.0,8.0,2,canonical,14,114,0.05326431118241393,0.05097754808647106,-0.002286763095942876,-4.293236963323178,0.0707148747809747,0.09036319365250345,0.01964831887152875,27.785269976628708,0.06321700550586887,0.08393786514699901,0.020720859641130143,32.77735077028677
llr_clip,8.0,8.0,2,canonical,15,115,0.04712875648091697,0.0567260081677048,0.009597251686787836,20.363897550901612,0.08877222467639247,0.10191648971708762,0.013144265040695158,14.806731597198175,0.05642154265515883,0.08209374807211185,0.025672205416953024,45.500715168066606
llr_clip,8.0,8.0,2,canonical,16,116,0.0517451306473083,0.05481572524170674,0.003070594594398443,5.934074483891888,0.0630805911659902,0.13197598569762728,0.06889539453163708,109.21805464749977,0.05153984433904071,0.08544219534426276,0.03390235100522205,65.778916176395
llr_clip,8.0,8.0,2,canonical,17,117,0.049726389075452786,0.05548026883733793,0.005753879761885142,11.571078996213538,0.07940649677572749,0.11122247460298454,0.03181597782725705,40.067222606629805,0.0566956585574074,0.07474895576715143,0.01805329720974403,31.842468487184245
llr_clip,8.0,8.0,2,canonical,18,118,0.05308937317680226,0.053678584908746246,0.0005892117319439838,1.1098487261880945,0.07631113866207387,0.1357740924044229,0.05946295374234903,77.9217225491378,0.05909712507191428,0.09024901947406606,0.031151894402151784,52.71304545566908
llr_clip,8.0,8.0,2,canonical,19,119,0.05148500620835039,0.05397181379762506,0.0024868075892746644,4.830158860641891,0.0747683360866008,0.11289822220950155,0.03812988612290075,50.99737150594954,0.06241277800938054,0.09872617350322085,0.036313395493840314,58.18262966660844
llr_clip,8.0,8.0,2,canonical,20,120,0.04979896356208757,0.05399013702601002,0.0041911734639224485,8.41618612945035,0.10111176228921491,0.1358799786448936,0.034768216355678686,34.385926591042356,0.058002275582574196,0.09357624898598832,0.03557397340341412,61.33203059036829
llr_clip,8.0,8.0,2,canonical,21,121,0.05056171466806138,0.05559545752070769,0.0050337428526463154,9.955641112436423,0.056244146267292426,0.12937939390856212,0.07313524764126969,130.03174995972856,0.05804824549063236,0.08409444254403468,0.026046197053402324,44.869912661883255
llr_clip,8.0,8.0,2,canonical,22,122,0.05097609946294546,0.05074052806188473,-0.00023557140106072322,-0.46212127554396376,0.07288938815293293,0.08349886926259846,0.01060948110966553,14.555590845961333,0.05720565898617815,0.09436816092140372,0.03716250193522557,64.96298197387195
llr_clip,8.0,8.0,2,canonical,23,123,0.05128720292880176,0.05500621961176081,0.003719016682959049,7.251354081683661,0.06971469856860425,0.06601050046417738,-0.0037041981044268757,-5.313367454040814,0.060030450812770884,0.07896276859993896,0.018932317787168078,31.537857088923303
llr_clip,8.0,8.0,2,canonical,24,124,0.056034995899460364,0.05298117111610924,-0.0030538247833511237,-5.4498527827688,0.11060674530993181,0.12435534716584559,0.013748601855913783,12.430165825229505,0.05622159341084604,0.08381425882203894,0.0275926654111929,49.078412291797186
llr_clip,8.0,8.0,2,canonical,25,125,0.05388495183881424,0.050751798721368556,-0.0031331531174456848,-5.814523369748699,0.07869637386536456,0.060985315943189435,-0.017711057922175123,-22.505557819570672,0.06577278147769818,0.08917881466039308,0.023406033182694908,35.58619942298058
llr_clip,8.0,8.0,2,canonical,26,126,0.05290724449819469,0.05382056349169913,0.0009133189935044347,1.7262645260907494,0.057410350517166225,0.0854022478199327,0.02799189730276648,48.757579514162074,0.05994369666894594,0.0800042150824927,0.02006051841354676,33.465601102874906
llr_clip,8.0,8.0,2,canonical,27,127,0.04818328112980055,0.05082500533464182,0.002641724204841274,5.482657351052442,0.07560824879684892,0.11700966398923017,0.04140141519238125,54.75780202716017,0.054355724444286616,0.08278330338452547,0.028427578940238854,52.29914462712474
llr_clip,8.0,8.0,2,canonical,28,128,0.05190722155131241,0.05239511785503714,0.0004878963037247344,0.9399391628820452,0.05778358004097755,0.11633321541294865,0.0585496353719711,101.3257318609375,0.056706823752402366,0.07808412196109257,0.021377298208690207,37.697929092324735
llr_clip,8.0,8.0,2,canonical,29,129,0.05361311017271911,0.05498471706348487,0.0013716068907657641,2.558342327738529,0.061405073158389105,0.10932957300620386,0.04792449984781475,78.04648277870727,0.06477260569312294,0.10156312461912612,0.03679051892600317,56.79950425386284
llr_clip,8.0,10.0,3,level_4,0,100,0.052278999121373404,0.05582824379017692,0.0035492446688035126,6.789044795145022,0.0763809959035529,0.1074503239795598,0.03106932807600689,40.67677791899763,0.05095240086525348,0.08531815384505842,0.03436575297980494,67.44677855453196
llr_clip,8.0,10.0,3,level_4,1,101,0.0486829878070798,0.04942975974555685,0.0007467719384770463,1.5339484532797014,0.0798315128469439,0.0886644156272634,0.008832902780319507,11.06443115672165,0.05886695573315183,0.07346636796789814,0.014599412234746312,24.800691751288284
llr_clip,8.0,10.0,3,level_4,2,102,0.052342323660459586,0.056314618125585636,0.00397229446512605,7.589067865794424,0.07908086844141068,0.0808419882756473,0.0017611198342366158,2.226985956206831,0.06020878718200855,0.08838097845403124,0.028172191272022695,46.790830027616046
llr_clip,8.0,10.0,3,level_4,3,103,0.05032709853727249,0.05420044608098937,0.0038733475437168763,7.696345818243936,0.08109846908351646,0.09601595164697432,0.01491748256345786,18.39428380342865,0.05527068997356496,0.0740734224859008,0.018802732512335843,34.0193555052938
llr_clip,8.0,10.0,3,level_4,4,104,0.05119511547118084,0.05426385950129351,0.0030687440301126745,5.994212537405363,0.06326959525130434,0.13128524403892836,0.06801564878762402,107.50131799874576,0.0653133958327865,0.08100194785276403,0.015688552019977528,24.020420037786604
llr_clip,8.0,10.0,3,level_4,5,105,0.05243477567927671,0.054422284565251236,0.001987508885974529,3.790440333208163,0.07129853139353014,0.11537450788205375,0.04407597648852361,61.81891215296927,0.05996704535779422,0.08848759535097506,0.028520549993180835,47.56037223947349
llr_clip,8.0,10.0,3,level_4,6,106,0.05274320991847334,0.05520138294119086,0.0024581730227175233,4.660643571972943,0.09471214972864532,0.07461447329086414,-0.02009767643778118,-21.21974476913675,0.053714934093613054,0.0745111536404795,0.020796219546866446,38.71589884225365
llr_clip,8.0,10.0,3,level_4,7,107,0.051901142586181816,0.05149110268189267,-0.0004100399042891445,-0.7900402262017132,0.06369285576834842,0.12133556861983665,0.057642712851488226,90.5010650819856,0.054344209201128486,0.08829202067406366,0.03394781147293518,62.468130407959336
llr_clip,8.0,10.0,3,level_4,8,108,0.05124663346129348,0.056329489377855174,0.005082855916561692,9.918419168745526,0.060380398954724745,0.11364246232534028,0.05326206337061554,88.21085036313394,0.05622307543968302,0.10790289643559878,0.051679820995915754,91.91923528153251
llr_clip,8.0,10.0,3,level_4,9,109,0.04972719564203798,0.05457045649809922,0.004843260856061238,9.739662157756753,0.09366932699505034,0.12769577071546803,0.03402644372041769,36.326132376520334,0.05097242829118029,0.06794398724507353,0.01697155895389324,33.2955668836162
llr_clip,8.0,10.0,3,level_4,10,110,0.050221425469854516,0.050473085453547534,0.00025165998369301723,0.5011008376177544,0.06714370933297098,0.10849702251940496,0.04135331318643398,61.58925921318947,0.054961385061037774,0.08282626584305841,0.027864880782020637,50.69901486484572
llr_clip,8.0,10.0,3,level_4,11,111,0.05492460697735975,0.05498665387947383,6.204690211408098e-05,0.11296740300692017,0.08004874777038254,0.14836787293813786,0.06831912516775532,85.34690057079557,0.05897903079822257,0.07794451615931994,0.018965485361097364,32.15631912633756
llr_clip,8.0,10.0,3,level_4,12,112,0.052176608914038226,0.05195955016423153,-0.00021705874980669504,-0.41600777498649383,0.055292394094045426,0.11598388470074335,0.06069149060669792,109.76462785002457,0.05585566006414336,0.09165494289721579,0.03579928283307243,64.09248909056191
llr_clip,8.0,10.0,3,level_4,13,113,0.052062215736734675,0.05712900537180922,0.005066789635074544,9.73218208901443,0.07257644666913642,0.07670179081051905,0.004125344141382631,5.6841362876159645,0.057331442128073055,0.08879211625778585,0.0314606741297128,54.875078947835654
llr_clip,8.0,10.0,3,level_4,14,114,0.05326427795353321,0.0509787869264475,-0.0022854910270857093,-4.29085142030749,0.0707030968969427,0.09010005897322662,0.019396962076283927,27.434388205876,0.06321782402711894,0.08379332608088363,0.020575502053764697,32.546995045160514
llr_clip,8.0,10.0,3,level_4,15,115,0.047128248496991224,0.056725016352682574,0.00959676785569135,20.36309042188154,0.08877493136678624,0.10189127788204501,0.013116346515258767,14.77483149051022,0.056446087257943645,0.0821100280312101,0.02566394077326646,45.46628831151584
llr_clip,8.0,10.0,3,level_4,16,116,0.051744882646988156,0.054820201702462504,0.0030753190554743473,5.943233220673558,0.06310470237552662,0.13210959320379148,0.06900489082826486,109.34983960090184,0.051538355965135424,0.0845730512682544,0.03303469530311898,64.09730129045293
llr_clip,8.0,10.0,3,level_4,17,117,0.049726354188760806,0.05548039901081646,0.0057540448220556525,11.571419051180284,0.0793738676760714,0.11116179446871532,0.03178792679264393,40.04835309572164,0.05671748418004848,0.07479209244450626,0.018074608264457774,31.867789140788233
llr_clip,8.0,10.0,3,level_4,18,118,0.053089770292339716,0.0536780533055949,0.0005882830132551836,1.1080910880114818,0.07627534048531265,0.13587517550468362,0.05959983501937097,78.13775020885987,0.05910572649370842,0.09020165845615273,0.031095931962444312,52.610692410242784
llr_clip,8.0,10.0,3,level_4,19,119,0.051484848696648496,0.053972374440442325,0.0024875257437938295,4.8315685231017484,0.07485579585148266,0.11310703133072389,0.038251235479241225,51.099898203117675,0.062415532959204066,0.09871674381326295,0.03630121085405889,58.160539745428466
llr_clip,8.0,10.0,3,level_4,20,120,0.04979892870068378,0.05399002153624847,0.004191092835564687,8.416030113328803,0.10112837852045123,0.13600034985902826,0.03487197133857703,34.482873995181144,0.057998395733513196,0.0937138718798697,0.0357154761463565,61.58011044039798
llr_clip,8.0,10.0,3,level_4,21,121,0.050561562875860534,0.05559671145691905,0.005035148581058517,9.958451231859437,0.05629462012072351,0.12943063247658018,0.07313601235585668,129.9165216836296,0.0580493862461567,0.08444229545493637,0.026392909208779666,45.46630191206729
llr_clip,8.0,10.0,3,level_4,22,122,0.050975795451645475,0.050740459849962505,-0.00023533560168297052,-0.4616614603026739,0.07287090259643043,0.08354784172490402,0.01067693912847359,14.651855196036223,0.05722636977785773,0.09440249094049027,0.037176121162632546,64.96327009199331
llr_clip,8.0,10.0,3,level_4,23,123,0.051287220061111395,0.0550101992751177,0.003722979214006307,7.2590778162087615,0.06971352365683263,0.06599851519065054,-0.003715008466182085,-5.328963838450269,0.06003723001204035,0.07923340840221575,0.0191961783901754,31.973790906618515
llr_clip,8.0,10.0,3,level_4,24,124,0.05603532220251828,0.0529763431309177,-0.003058979071600576,-5.459019331672733,0.1105661947924126,0.12437459188441358,0.013808397092000976,12.488805568398337,0.05620393607734281,0.08573479130390294,0.029530855226560127,52.5423258362589
llr_clip,8.0,10.0,3,level_4,25,125,0.05388496805287356,0.050733060918440334,-0.003151907134433224,-5.849325421034819,0.07865772825610824,0.061209939212721776,-0.017447789043386466,-22.18191324643493,0.06577363417600392,0.09189515913611747,0.02612152496011355,39.7142795701616
llr_clip,8.0,10.0,3,level_4,26,126,0.052907258203279024,0.053820634804318326,0.0009133766010393021,1.72637296291172,0.05738163241200474,0.08522876535810367,0.027847132946098932,48.52969805068332,0.05993418048253822,0.08001097401156416,0.020076793529025944,33.49806966139347
llr_clip,8.0,10.0,3,level_4,27,127,0.0481826924891294,0.050824643199185456,0.0026419507100560527,5.4831944284809495,0.07557167499451282,0.11714806605097035,0.04157639105645752,55.01583901571103,0.05437787143482412,0.08289921426279864,0.02852134282797452,52.45027448740697
llr_clip,8.0,10.0,3,level_4,28,128,0.05190714622323502,0.052395477974123895,0.0004883317508888735,0.9407794232969856,0.057770583535114155,0.11634347004046425,0.05857288650535009,101.38877421888647,0.05670594285773395,0.07807139548166799,0.021365452623934036,37.677625213880155
llr_clip,8.0,10.0,3,level_4,29,129,0.05361288517042219,0.054984313587036336,0.0013714284166141469,2.5580201704398355,0.061447764743203584,0.10940528104147983,0.04795751629827624,78.04598995373638,0.06476235369322987,0.10166516436339519,0.03690281067016532,56.98188618185301
llr_clip,8.0,12.0,4,level_5,0,100,0.05227905654195118,0.05582840190123264,0.003549345359281454,6.789229940355353,0.07637281737232894,0.10745421218396292,0.03108139481163398,40.69693364866654,0.05096221304100431,0.08530500248128634,0.034342789440282025,67.38873253531933
llr_clip,8.0,12.0,4,level_5,1,101,0.048682860257823604,0.04942983303298958,0.0007469727751659785,1.5343650130867894,0.07983003698092024,0.08866991619467965,0.008839879213759408,11.073374819896651,0.0588681389183577,0.07347876918396216,0.014610630265604461,24.819249485477137
llr_clip,8.0,12.0,4,level_5,2,102,0.05234230770390887,0.056314651645738144,0.0039723439418292705,7.589164704582981,0.0790899819225893,0.08084656609036389,0.0017565841677745914,2.2209945243050866,0.06020964949037865,0.08837631977809447,0.02816667028771582,46.78099029992989
llr_clip,8.0,12.0,4,level_5,3,103,0.0503270861244595,0.05420043772956596,0.003873351605106462,7.696355786479702,0.08109892307154457,0.09602973258663959,0.014930809515095025,18.410613790670478,0.05527065062877236,0.07407916851399661,0.018808517885224252,34.02984707300164
llr_clip,8.0,12.0,4,level_5,4,104,0.05119489751896535,0.05426412681691662,0.0030692292979512675,5.995185939798511,0.06327056948866666,0.13128368149822234,0.06801311200955568,107.49565328590653,0.06531861858399475,0.08104490568456084,0.01572628710056609,24.076270199044835
llr_clip,8.0,12.0,4,level_5,5,105,0.05243474572066914,0.054422505545392574,0.001987759824723434,3.7909210722841045,0.07129565634586041,0.11537010741867741,0.044074451072817,61.81926548092725,0.059961208677565395,0.08849116224644521,0.028529953568879815,47.580684576083854
llr_clip,8.0,12.0,4,level_5,6,106,0.05274321610294993,0.05520008411280579,0.00245686800985586,4.658168749247825,0.09471000171490254,0.07472354353981525,-0.01998645817508729,-21.102795706044674,0.05371438062608596,0.0744248989741389,0.020710518348052938,38.55674794469294
llr_clip,8.0,12.0,4,level_5,7,107,0.051900332997331135,0.05150049881092983,-0.0003998341864013058,-0.7703884798231765,0.06367473120874666,0.12138263787315008,0.057707906664403424,90.62921125684532,0.05432850088230072,0.0872497292677227,0.03292122838542198,60.59660739902202
llr_clip,8.0,12.0,4,level_5,8,108,0.05124654297933398,0.05632937534780619,0.0050828323684722065,9.918390730320956,0.060378691847654195,0.11369200935411893,0.05331331750646473,88.29823216604856,0.05623020309103938,0.10789385934248735,0.051663656251447976,91.87883630404474
llr_clip,8.0,12.0,4,level_5,9,109,0.04972750376472076,0.05457590020381484,0.004848396439094078,9.749929258531933,0.09365330756818607,0.12749792184362363,0.03384461427543756,36.13819431929443,0.050961087399600966,0.06748172573793386,0.016520638338332894,32.41814329586353
llr_clip,8.0,12.0,4,level_5,10,110,0.050221445667183305,0.050473123743006686,0.00025167807582338053,0.5011366608027316,0.0671447399231485,0.10849978998131238,0.04135505005816388,61.590900650590676,0.05495893046954335,0.08282905059096335,0.027870120121419997,50.71081238901621
llr_clip,8.0,12.0,4,level_5,11,111,0.054924656173860095,0.05498665082935392,6.199465549382166e-05,0.11287217765657373,0.0800463623046827,0.1483730751554042,0.0683267128507215,85.35892310839515,0.05898003913154891,0.07781641562858721,0.0188363764970383,31.936866733888902
llr_clip,8.0,12.0,4,level_5,12,112,0.05217665916450238,0.05195956158427917,-0.00021709758022320919,-0.4160817953843015,0.05529225315782826,0.11598424871953125,0.060691995561702995,109.76582087993685,0.05585253740946874,0.09166047246998249,0.03580793506051375,64.11156363048816
llr_clip,8.0,12.0,4,level_5,13,113,0.05206216959802443,0.05712904674020923,0.005066877142184803,9.732358795852166,0.07257737871094339,0.07669212477509321,0.004114746064149827,5.669460839220687,0.05733339867245209,0.08879599365250908,0.03146259498005699,54.876556611974124
llr_clip,8.0,12.0,4,level_5,14,114,0.0532642725373888,0.05097938458265182,-0.0022848879547369833,-4.289719629857159,0.07070168128203817,0.09005726972000211,0.019355588437963936,27.376418901202623,0.06321783874429598,0.08375954055849577,0.020541701814199786,32.49352116779415
llr_clip,8.0,12.0,4,level_5,15,115,0.0471281728633109,0.0567211429184293,0.009592970055118402,20.35506465090755,0.08877549691753349,0.10186460746740887,0.013089110549875382,14.744057768591588,0.056450049775193724,0.08219106014687412,0.025741010371680396,45.59962386958242
llr_clip,8.0,12.0,4,level_5,16,116,0.05174485439945293,0.05482222740276033,0.0030773730033074043,5.947205841089273,0.06310792032947435,0.1321220574015602,0.06901413707208584,109.35891519127277,0.05153761736238787,0.08428375144581667,0.032746134083428795,63.538315815365785
llr_clip,8.0,12.0,4,level_5,17,117,0.04972634486620994,0.05548067878103246,0.005754333914822517,11.57200258797365,0.07936875899538214,0.11114845477731915,0.03177969578193701,40.040560271058325,0.056720546236155904,0.07478480267282732,0.018064256436671415,31.847818181194715
llr_clip,8.0,12.0,4,level_5,18,118,0.05308983248006334,0.05367796100682684,0.0005881285267635011,1.1077987992980751,0.07626979059265898,0.1358966667532275,0.059626876160568526,78.17889061610673,0.059107081105387656,0.09019379729682529,0.031086716191437637,52.59389502927773
llr_clip,8.0,12.0,4,level_5,19,119,0.05148478397687839,0.05397246058976035,0.0024876766128819616,4.831867632967378,0.07487657154572021,0.11314492472694553,0.03826835318122532,51.10858095026209,0.06241616255940259,0.09871406175296754,0.03629789919356495,58.15464729831729
llr_clip,8.0,12.0,4,level_5,20,120,0.04979892267307273,0.053990008581605804,0.004191085908533072,8.41601722199359,0.10113123907605215,0.13601907003774405,0.0348878309616919,34.49758084685954,0.057998315167266994,0.09373363051543614,0.03573531534816914,61.61440249619077
llr_clip,8.0,12.0,4,level_5,21,121,0.050561546118508334,0.055596904481427845,0.005035358362919511,9.958869436305251,0.05630372841073062,0.1294382030754251,0.0731344746646945,129.89277394062628,0.0580495276032137,0.08450544316795325,0.02645591556473955,45.57473016072385
llr_clip,8.0,12.0,4,level_5,22,122,0.05097573982030513,0.050740459134152045,-0.00023528068615308317,-0.46155423537249773,0.0728684709375148,0.0835557560232624,0.010687285085747594,14.666542262032657,0.057228888113364254,0.09440756511414296,0.037178677000778704,64.96487740095833
llr_clip,8.0,12.0,4,level_5,23,123,0.05128722697535153,0.0550109120560844,0.003723685080732876,7.260453138795097,0.06971336092762949,0.06599636243936162,-0.0037169984882678697,-5.331830855388744,0.060037891199999645,0.07929723131607457,0.01925934011607492,32.078641889532314
llr_clip,8.0,12.0,4,level_5,24,124,0.05603537291902561,0.05297718407329656,-0.0030581888457290526,-5.457604163977483,0.11056036246052674,0.124377626940266,0.013817264479739258,12.497484787708093,0.056201082737579525,0.08553901024085,0.02933792750327048,52.20171226995477
llr_clip,8.0,12.0,4,level_5,25,125,0.053884965978771356,0.050729767735754695,-0.0031551982430166603,-5.85543330260186,0.07865212061023637,0.06125023946368512,-0.017401881146551244,-22.125126457539448,0.06577371129866202,0.09247289899421744,0.026699187695555418,40.59249078149333
llr_clip,8.0,12.0,4,level_5,26,126,0.052907257118049326,0.053820641643688244,0.0009133845256389175,1.7263879766076857,0.05737734347202878,0.08520098814051946,0.02782364466849068,48.492389129264225,0.05993284721304419,0.08001050423869721,0.02007765702565302,33.50025563491531
llr_clip,8.0,12.0,4,level_5,27,127,0.04818253073723812,0.05082458954331946,0.0026420588060813432,5.483437182844807,0.07555546071292416,0.11717204938491006,0.04161658867198591,55.08084826603032,0.05438147554375214,0.08291660641178518,0.02853513086803304,52.472152663594706
llr_clip,8.0,12.0,4,level_5,28,128,0.051907132445445994,0.05239552673470931,0.0004883942892633178,0.9409001542834533,0.057768635591862696,0.11634524835997097,0.05857661276810827,101.39864334334284,0.05670544131154882,0.07806898728875238,0.02136354597720356,37.67459609357204
llr_clip,8.0,12.0,4,level_5,29,129,0.05361284828393832,0.054984260501189826,0.001371412217251504,2.557991714949344,0.06145515333406889,0.10941889854790335,0.04796374521383446,78.04674239946091,0.06476083012944493,0.1016822419051779,0.036921411775732965,57.011949510118825
eta_fast,0.003,0.0015,0,level_1,0,100,0.052275121196105105,0.055824836712826384,0.0035497155167212788,6.79044913813755,0.07669727730279098,0.1078784109852242,0.03118113368243322,40.654811720804794,0.05107458774844273,0.08556400272066121,0.03448941497221848,67.52754450430209
eta_fast,0.003,0.0015,0,level_1,1,101,0.04868080405156383,0.04942705143873568,0.0007462473871718486,1.532939732017175,0.0800146906196846,0.08943384939832726,0.009419158778642661,11.771786787769486,0.05901718341944689,0.0735410819283291,0.014523898508882215,24.609609722744597
eta_fast,0.003,0.0015,0,level_1,2,102,0.05233876212137152,0.0563109157440464,0.003972153622674876,7.589315187591959,0.07896392833933796,0.08099633060457247,0.0020324022652345036,2.5738363173884915,0.060552471506024594,0.08868529878865498,0.02813282728263039,46.46024610214523
eta_fast,0.003,0.0015,0,level_1,3,103,0.05032376407380482,0.05419861778870358,0.003874853714898756,7.699848741870533,0.08107350064323998,0.09640284469079442,0.015329344047554441,18.90795873612326,0.05529427369861643,0.07423169408626902,0.018937420387652594,34.24842957676184
eta_fast,0.003,0.0015,0,level_1,4,104,0.051193844642676664,0.0542601358278481,0.0030662911851714325,5.98957004806645,0.06376265255778123,0.13138427874259295,0.06762162618481173,106.05209079646355,0.06553884047962674,0.08075809439458607,0.015219253914959333,23.221732034899755
eta_fast,0.003,0.0015,0,level_1,5,105,0.052430778944590445,0.05442205603868658,0.0019912770940961333,3.797916289209706,0.07174507002133916,0.11520462627508447,0.04345955625374531,60.57497224662143,0.06020170939991677,0.08857906437363285,0.028377354973716074,47.13712493644791
eta_fast,0.003,0.0015,0,level_1,6,106,0.052739391400668474,0.055199088874245725,0.0024596974735772506,4.663871554547506,0.09482139610840334,0.0740222576202504,-0.020799138488152943,-21.935068815454475,0.05379035535231407,0.07450438782001069,0.020714032467696618,38.50882250549307
eta_fast,0.003,0.0015,0,level_1,7,107,0.05189726906877856,0.05148594199130133,-0.000411327077477229,-0.7925794263511329,0.06421857169607077,0.12104172635677977,0.056823154660709,88.48399016041296,0.05463622671772108,0.08857790041456967,0.03394167369684859,62.12301935162686
eta_fast,0.003,0.0015,0,level_1,8,108,0.0512413760965733,0.056329478152638876,0.005088102056065573,9.929674891002454,0.060056116959465916,0.11338363542491221,0.0533275184654463,88.79614794516102,0.0562670537542874,0.10811609770805225,0.05184904395376485,92.1481408644292
eta_fast,0.003,0.0015,0,level_1,9,109,0.049722924155457024,0.054567528226127704,0.00484460407067068,9.743200250098306,0.09393236201895208,0.12775470727800872,0.03382234525905664,36.00712739687366,0.051222165994286514,0.06813691755806366,0.01691475156377714,33.02232780562983
eta_fast,0.003,0.0015,0,level_1,10,110,0.05021696649479669,0.05046964825962497,0.0002526817648282817,0.5031800653559265,0.06740983219852757,0.10830300820746046,0.040893176008932886,60.663518473831935,0.05518033008121239,0.0828444181689236,0.02766408808771121,50.133966301028316
eta_fast,0.003,0.0015,0,level_1,11,111,0.0549233538854124,0.054985086869567545,6.173298415514811e-05,0.11239842396358891,0.08022386036598494,0.14800518409118646,0.06778132372520151,84.4902294853177,0.059039709511019715,0.07871440872578919,0.019674699214769477,33.324519002074716
eta_fast,0.003,0.0015,0,level_1,12,112,0.05216929788609867,0.051958669009006066,-0.0002106288770926043,-0.4037410615578357,0.05575624443803047,0.11652085953922055,0.06076461510119008,108.98261838407372,0.05599441107470252,0.0917519208984804,0.03575750982377788,63.85906939189617
eta_fast,0.003,0.0015,0,level_1,13,113,0.05205877571677854,0.05712413026906956,0.0050653545522910196,9.730068528404628,0.07261753311642852,0.07665703759735695,0.004039504480928435,5.5627123472396836,0.057339530268335256,0.08887375606766566,0.031534225799330406,54.995612366822314
eta_fast,0.003,0.0015,0,level_1,14,114,0.0532598624781684,0.05097209168736176,-0.002287770790806637,-4.295487604280636,0.07117393930450244,0.09092915132706618,0.019755212022563737,27.756243669533728,0.0633906152198749,0.08406427220887869,0.020673656989003794,32.613119335245024
eta_fast,0.003,0.0015,0,level_1,15,115,0.047124972126949605,0.05672362679858695,0.009598654671637348,20.36851002432342,0.08844727067988578,0.10162797833815089,0.013180707658265109,14.902333963440883,0.056579761173470744,0.08218105458861871,0.02560129341514797,45.24814683585473
eta_fast,0.003,0.0015,0,level_1,16,116,0.05174124846766831,0.05481545530845554,0.0030742068407872275,5.941501088262714,0.06331992235132526,0.13196001941434696,0.0686400970630217,108.40205501544663,0.051720458466872156,0.08577968227367376,0.034059223806801604,65.85251719803901
eta_fast,0.003,0.0015,0,level_1,17,117,0.049724610919926554,0.0554777151849105,0.0057531042649839464,11.569933195150366,0.07957343207051869,0.11085716017283395,0.031283728102315264,39.31428780725625,0.05682471836941677,0.0749526826990653,0.018127964329648527,31.90154716086556
eta_fast,0.003,0.0015,0,level_1,18,118,0.05308874576993762,0.05367627321508684,0.0005875274451492205,1.1066892551865815,0.07632313080142919,0.13547991384332933,0.05915678304190014,77.5083286295069,0.05927605264088362,0.09036903836862718,0.031092985727743563,52.454548409484076
eta_fast,0.003,0.0015,0,level_1,19,119,0.05148306410544696,0.053971559664571005,0.002488495559124046,4.833619758969942,0.07490774607409677,0.11321130533983056,0.0383035592657338,51.134310232542475,0.0625502141160226,0.09887749186599956,0.03632727774997696,58.07698384947897
eta_fast,0.003,0.0015,0,level_1,20,120,0.04979470663829775,0.053986982385138986,0.004192275746841237,8.419119279672397,0.10108059447392943,0.1358428671715249,0.03476227269759548,34.390649242334355,0.05820549919910094,0.09366164780944863,0.035456148610347696,60.91546176601706
eta_fast,0.003,0.0015,0,level_1,21,121,0.05055642920792828,0.055593438289592026,0.005037009081663747,9.963142493603645,0.056375007877085624,0.12951873649856566,0.07314372862148003,129.74495503566976,0.05817354955024395,0.08421494891595815,0.026041399365714202,44.76501703445565
eta_fast,0.003,0.0015,0,level_1,22,122,0.05097222110047239,0.05073803046625491,-0.00023419063421747932,-0.45944757587836194,0.07301019119381423,0.08340195636109851,0.010391765167284281,14.233307703164488,0.057380123384818994,0.09442056502216761,0.03704044163734862,64.55273961148082
eta_fast,0.003,0.0015,0,level_1,23,123,0.05128290546537795,0.05500370177525208,0.0037207963098741317,7.255431953609007,0.06950417377358914,0.06699968624493391,-0.0025044875286552304,-3.6033627805052904,0.06019204088034997,0.07916428783166671,0.01897224695131674,31.51952762164995
eta_fast,0.003,0.0015,0,level_1,24,124,0.056032715743525655,0.05297832237322812,-0.0030543933702975312,-5.451089296257167,0.11090634199976035,0.12399251412208404,0.013086172122323686,11.799300099855392,0.05643489531774506,0.0839763926400823,0.027541497322337245,48.80224755848401
eta_fast,0.003,0.0015,0,level_1,25,125,0.05388279196220287,0.05075054250261051,-0.003132249459592361,-5.813079362683244,0.0788451477310016,0.06117015107783552,-0.017674996653166075,-22.417354982285534,0.06603151448215751,0.08929537818469416,0.02326386370253665,35.231455593560284
eta_fast,0.003,0.0015,0,level_1,26,126,0.052905672380658936,0.05381909494848856,0.0009134225678296276,1.726511594555508,0.058060611817207036,0.08516467424122795,0.027104062424020914,46.68235758409329,0.06017744076051821,0.08019949085041915,0.02002205008990094,33.27168759067135
eta_fast,0.003,0.0015,0,level_1,27,127,0.04817830452752135,0.05082194217262971,0.00264363764510836,5.487195265657823,0.07560832699275934,0.11671999983193913,0.0411116728391798,54.374530523756825,0.05452061085515909,0.08293794444649788,0.028417333591338786,52.12218488680003
eta_fast,0.003,0.0015,0,level_1,28,128,0.05190478996019315,0.052391857857445844,0.0004870678972526965,0.9383871847400576,0.05842804039810585,0.11575018669450393,0.057322146296398084,98.10725450627365,0.056935962401055425,0.07813828314279422,0.0212023207417388,37.238890584460854
eta_fast,0.003,0.0015,0,level_1,29,129,0.05360943543757575,0.054981968561466574,0.0013725331238908234,2.560245435692076,0.061522103195545706,0.1093934765170112,0.047871373321465495,77.81166578344717,0.06496340954628477,0.10168401620093157,0.0367206066546468,56.52506066277865
eta_fast,0.003,0.00225,1,level_2,0,100,0.05227707945282318,0.05582605372580748,0.0035489742729842982,6.788776860013818,0.0765648988976742,0.10764763263499816,0.031082733737323953,40.596584315829546,0.050997283140602354,0.08547949217591809,0.034482209035315736,67.61577658999278
eta_fast,0.003,0.00225,1,level_2,1,101,0.04868218063292556,0.04942811467700741,0.0007459340440818529,1.5322527347457195,0.07992716913445178,0.08902990625030877,0.00910273711585699,11.388789587361165,0.05893514318201051,0.07346227671851857,0.014527133536508058,24.649356482673905
eta_fast,0.003,0.00225,1,level_2,2,102,0.052340621960549505,0.05631265567668057,0.003972033716131064,7.588816424697607,0.07899764893999656,0.0809033296929583,0.0019056807529617414,2.412325909102966,0.06037668264434555,0.08854898204305668,0.02817229939871113,46.660893187296615
eta_fast,0.003,0.00225,1,level_2,3,103,0.05032549683999522,0.05419955413655699,0.0038740572965617753,7.698001092525614,0.08108349756221456,0.09617258954529431,0.015089091983079755,18.609325493762828,0.05528176101878347,0.07413400737833786,0.018852246359554396,34.10210892729853
eta_fast,0.003,0.00225,1,level_2,4,104,0.05119502984481746,0.05426141961592795,0.0030663897711104907,5.989623954523204,0.06350882698992685,0.13134011610878307,0.06783128911885622,106.8060808769385,0.06540930468306573,0.08079845731525996,0.01538915263219423,23.527467088605874
eta_fast,0.003,0.00225,1,level_2,5,105,0.05243290133200777,0.05442141367121964,0.0019885123392118648,3.792489617579055,0.07152788636179391,0.11529962042685633,0.04377173406506242,61.195341134031835,0.060099762203675876,0.08852014332430456,0.02842038112062869,47.28867482755267
eta_fast,0.003,0.00225,1,level_2,6,106,0.052741276827463046,0.05520022547101576,0.0024589486435527136,4.662285009892495,0.09477379594309324,0.07403656943201532,-0.020737226511077914,-21.880759660116965,0.053751691637209664,0.07447697158227441,0.020725279945064748,38.557446870597936
eta_fast,0.003,0.00225,1,level_2,7,107,0.05189983618129827,0.05148755989055387,-0.00041227629074440386,-0.7943691562035501,0.06399952145174334,0.12107156529541985,0.057072043843676507,89.17573530094242,0.054504750111047336,0.08850273644743033,0.03399798633638299,62.37618972129199
eta_fast,0.003,0.00225,1,level_2,8,108,0.05124432454308028,0.05632980763968509,0.005085483096604809,9.923992836181352,0.06022139455858607,0.11339211831233544,0.053170723753749365,88.29208314334618,0.056225142979876575,0.10803346731742962,0.051808324337553044,92.14440656219523
eta_fast,0.003,0.00225,1,level_2,9,109,0.049724419559769854,0.054568667524712865,0.00484424796494301,9.742191075996608,0.0938309654025902,0.12773312464251582,0.03390215923992562,36.131099253285264,0.05112399284462593,0.06810961068409545,0.016985617839469516,33.224356890690345
eta_fast,0.003,0.00225,1,level_2,10,110,0.050219158101420004,0.050471225539342975,0.00025206743792297037,0.5019348142274868,0.06727295902749439,0.10838967187692797,0.04111671284943358,61.1192274634883,0.055076013901074604,0.08282362859827211,0.027747614697197505,50.38057900674637
eta_fast,0.003,0.00225,1,level_2,11,111,0.05492381008144949,0.054985854876110116,6.204479466062618e-05,0.11296520501512294,0.08014450816780867,0.1481726271064075,0.06802811893859882,84.88182221564048,0.0590051859320229,0.07865874792537318,0.019653561993350284,33.308194327176984
eta_fast,0.003,0.00225,1,level_2,12,112,0.05217282962816054,0.051959070597265004,-0.000213759030895537,-0.40971331710204867,0.055521261950594,0.1162489048152171,0.0607276428646231,109.37727409485403,0.055927656880226995,0.09168511335710992,0.03575745647688293,63.93519498494284
eta_fast,0.003,0.00225,1,level_2,13,113,0.05206066631678107,0.057126413677858395,0.005065747361077323,9.730469699048868,0.07259210024104971,0.07670410503664814,0.004112004795598423,5.664534821205169,0.05732722840037582,0.08881852070279994,0.031491292302424125,54.932521911730305
eta_fast,0.003,0.00225,1,level_2,14,114,0.05326209009178202,0.05097482208674362,-0.0022872680050383953,-4.294363967123599,0.07094154509096401,0.09064315306670695,0.01970160797574294,27.771608231087683,0.06330290924225594,0.0840005928444956,0.020697683602239655,32.69625969800381
eta_fast,0.003,0.00225,1,level_2,15,115,0.047126867263622654,0.056724817661453264,0.00959795039783061,20.366196514062143,0.08860855139145157,0.10177099039321959,0.013162439001768014,14.85459224315662,0.056499661824293015,0.08213703216573773,0.025637370341444712,45.37614830540716
eta_fast,0.003,0.00225,1,level_2,16,116,0.051743192006699745,0.05481558613607757,0.003072394129377827,5.937774633192345,0.0631991635822239,0.13196676558114243,0.06876760199891853,108.81093688755855,0.051629065191799196,0.08561048250539725,0.03398141731359806,65.81838580140648
eta_fast,0.003,0.00225,1,level_2,17,117,0.04972549881266019,0.05547899262357907,0.005753493810918879,11.570509996480983,0.07948958225601459,0.11103948097227417,0.031549898716259586,39.690608279517484,0.056758732463493236,0.07485035413610946,0.01809162167261623,31.87460481830283
eta_fast,0.003,0.00225,1,level_2,18,118,0.05308905900953776,0.05367742981461714,0.0005883708050793829,1.108271301199139,0.07631665962212293,0.13562649865525347,0.05930983903313054,77.71545469468845,0.05918526549908391,0.09030876894401889,0.03112350344493498,52.586574010412654
eta_fast,0.003,0.00225,1,level_2,19,119,0.05148403578875018,0.05397168544267013,0.0024876496539199475,4.831885488012822,0.07483733642537155,0.11305219035606466,0.03821485393069311,51.06388836914486,0.06248083123077547,0.09880163888377677,0.0363208076530013,58.13112107751726
eta_fast,0.003,0.00225,1,level_2,20,120,0.049796836823204065,0.05398856028654071,0.004191723463336648,8.417650057208878,0.10109589955278661,0.13586108038543276,0.03476518083264615,34.38831939419435,0.058102401783450996,0.09361851523026919,0.035516113446818195,61.12675613512084
eta_fast,0.003,0.00225,1,level_2,21,121,0.05055907453863457,0.05559444822697613,0.00503537368834156,9.959386587453839,0.056308015932399536,0.1294485091213579,0.07314049318895838,129.8935719503366,0.05810973965173278,0.08415454269093584,0.026044803039203056,44.8200305065838
eta_fast,0.003,0.00225,1,level_2,22,122,0.050974162873764224,0.05073927924959562,-0.00023488362416860392,-0.46078956656980363,0.0729492416955897,0.08344994480993312,0.010500703114343424,14.394533610317524,0.057292138645903816,0.0943940816582588,0.03710194301235498,64.75922157778909
eta_fast,0.003,0.00225,1,level_2,23,123,0.05128505840603414,0.05500495987301069,0.0037199014669765523,7.253382530103297,0.06960617814011251,0.06650172373801246,-0.003104454402100054,-4.460027091059358,0.060110689189717015,0.0790630681908399,0.018952379001122885,31.529132765899185
eta_fast,0.003,0.00225,1,level_2,24,124,0.0560338577096625,0.05297974770392277,-0.003054110005739734,-5.450472501044814,0.1107555132950765,0.12417345468252027,0.01341794138744376,12.114919599257764,0.056327481765992816,0.08389489280939194,0.027567411043399125,48.94131635056103
eta_fast,0.003,0.00225,1,level_2,25,125,0.053883871061562456,0.050751168824932684,-0.0031327022366297724,-5.813803230749054,0.07876980497312376,0.06107590626246711,-0.01769389871065665,-22.46279360053488,0.06590156000273614,0.08923656319151473,0.023335003188778583,35.408878314579724
eta_fast,0.003,0.00225,1,level_2,26,126,0.05290645658559193,0.053819829093088495,0.0009133725074965682,1.72639138290979,0.05773202380199826,0.08528341169315082,0.027551387891152558,47.72288597684485,0.060060072077761685,0.08010149900392147,0.020041426926159782,33.3689691551011
eta_fast,0.003,0.00225,1,level_2,27,127,0.048180796382193185,0.05082347223658358,0.002642675854390396,5.484915262561091,0.07560666363214115,0.11686031376225028,0.041253650130109135,54.563510870980686,0.054436977402209964,0.08286014344876924,0.028423166046559277,52.21297618446646
eta_fast,0.003,0.00225,1,level_2,28,128,0.051906006729456444,0.052393489082852386,0.00048748235339594187,0.9391636616100881,0.05810240651914245,0.11604021167191471,0.05793780515277226,99.71670473525747,0.056820793171112105,0.0781107475705733,0.0212899543994612,37.46859769336182
eta_fast,0.003,0.00225,1,level_2,29,129,0.053611274972939105,0.05498334242155405,0.0013720674486149484,2.5592889729026496,0.061463145817146334,0.10936116752209672,0.04789802170495039,77.9296618618377,0.06486704564232788,0.10162275750983364,0.03675571186750576,56.663150762521305
eta_fast,0.003,0.003,2,canonical,0,100,0.05227903361128479,0.05582726771342003,0.003548234102135242,6.787107291457911,0.07643590785038243,0.10741935014438038,0.03098344229399795,40.535192379275095,0.05092163240002351,0.08539560977309452,0.03447397737307101,67.70006330954757
eta_fast,0.003,0.003,2,canonical,1,101,0.048683555599097254,0.0494291789218098,0.000745623322712545,1.531571212367182,0.07984218432276635,0.08863022369467108,0.008788039371904727,11.006762210285483,0.05885431523510717,0.07338451959459094,0.014530204359483774,24.688426500995746
eta_fast,0.003,0.003,2,canonical,2,102,0.05234248019736282,0.056314391434914686,0.003971911237551869,7.588313015690812,0.07903576463981214,0.0808119000103707,0.0017761353705585542,2.2472552503956846,0.060202935547240384,0.08841325329628952,0.028210317749049134,46.85870795604792
eta_fast,0.003,0.003,2,canonical,3,103,0.05032722908195535,0.054200494582447585,0.0038732655004922317,7.696162835002925,0.0810950685709957,0.09594562355138886,0.014850554980393157,18.312525338568587,0.05527311227670311,0.07403792650651653,0.018764814229813416,33.949262954245725
eta_fast,0.003,0.003,2,canonical,4,104,0.05119621887821709,0.054262700304995505,0.003066481426778414,5.989663873562227,0.06326255002179447,0.1312963316583081,0.06803378163651362,107.54195272412419,0.06528116355477227,0.08083986092684163,0.015558697372069358,23.833364059167366
eta_fast,0.003,0.003,2,canonical,5,105,0.05243502133258905,0.05442078559916811,0.0019857642665790584,3.7870953727349397,0.07131443862880558,0.11540325656724328,0.04408881793843769,61.82312977028635,0.05999929294987376,0.08846159485534237,0.028462301905468612,47.43772885665063
eta_fast,0.003,0.003,2,canonical,6,106,0.05274316164064624,0.055201362297272294,0.002458200656626053,4.660700231386306,0.09472747098725408,0.07405200601923972,-0.020675464968014354,-21.82626090671872,0.053718430130723985,0.0744502912947197,0.02073186116399571,38.593572287098965
eta_fast,0.003,0.003,2,canonical,7,107,0.05190239552492012,0.05148917889309668,-0.0004132166318234348,-0.7961417341999857,0.06378659349272257,0.12111102126191156,0.05732442776918899,89.8690847563903,0.054375773230939735,0.08842799257988165,0.03405221934894192,62.62388068362448
eta_fast,0.003,0.003,2,canonical,8,108,0.05124726672090241,0.05633013860467138,0.00508287188376897,9.918327764582616,0.06039476522035152,0.11340182780519259,0.05300706258484107,87.76764408544967,0.05618698468293863,0.10795149981723465,0.051764515134296016,92.1290142662069
eta_fast,0.003,0.003,2,canonical,9,109,0.0497259163568056,0.05456980541985687,0.00484388906305127,9.741176066609226,0.09373135449462155,0.12771172829082458,0.03398037379620303,36.25294222986276,0.051028094045126815,0.06808374690232526,0.01705565285719844,33.42404449226584
eta_fast,0.003,0.003,2,canonical,10,110,0.050221344434371235,0.050472802848362516,0.00025145841399128177,0.5007002835614749,0.06713786743534526,0.10847707009727019,0.04133920266192492,61.57360107056598,0.0549733624712438,0.08280441049995518,0.027831048028711385,50.62642483124371
eta_fast,0.003,0.003,2,canonical,11,111,0.05492426932575183,0.05498662087018938,6.235154443754581e-05,0.11352275633881145,0.08006748030211115,0.1483402135851159,0.06827273328300475,85.26899188709025,0.05897219896197289,0.07860369648530734,0.01963149752333445,33.28941072045397
eta_fast,0.003,0.003,2,canonical,12,112,0.052176347681895975,0.05195947725298893,-0.00021687042890704278,-0.41564892627065186,0.05529345601473317,0.11598164509649729,0.06068818908176412,109.75654888635194,0.05586234669898512,0.09161890346024777,0.03575655676126265,64.00833275755001
eta_fast,0.003,0.003,2,canonical,13,113,0.05206255485385231,0.05712869144356561,0.005066136589713298,9.730864349501731,0.0725712680876223,0.07675856035674918,0.004187292269126869,5.769903681538465,0.05731753697710737,0.08876352235652092,0.03144598537941355,54.862764588040626
eta_fast,0.003,0.003,2,canonical,14,114,0.05326431118241393,0.05097754808647106,-0.002286763095942876,-4.293236963323178,0.0707148747809747,0.09036319365250345,0.01964831887152875,27.785269976628708,0.06321700550586887,0.08393786514699901,0.020720859641130143,32.77735077028677
eta_fast,0.003,0.003,2,canonical,15,115,0.04712875648091697,0.0567260081677048,0.009597251686787836,20.363897550901612,0.08877222467639247,0.10191648971708762,0.013144265040695158,14.806731597198175,0.05642154265515883,0.08209374807211185,0.025672205416953024,45.500715168066606
eta_fast,0.003,0.003,2,canonical,16,116,0.0517451306473083,0.05481572524170674,0.003070594594398443,5.934074483891888,0.0630805911659902,0.13197598569762728,0.06889539453163708,109.21805464749977,0.05153984433904071,0.08544219534426276,0.03390235100522205,65.778916176395
eta_fast,0.003,0.003,2,canonical,17,117,0.049726389075452786,0.05548026883733793,0.005753879761885142,11.571078996213538,0.07940649677572749,0.11122247460298454,0.03181597782725705,40.067222606629805,0.0566956585574074,0.07474895576715143,0.01805329720974403,31.842468487184245
eta_fast,0.003,0.003,2,canonical,18,118,0.05308937317680226,0.053678584908746246,0.0005892117319439838,1.1098487261880945,0.07631113866207387,0.1357740924044229,0.05946295374234903,77.9217225491378,0.05909712507191428,0.09024901947406606,0.031151894402151784,52.71304545566908
eta_fast,0.003,0.003,2,canonical,19,119,0.05148500620835039,0.05397181379762506,0.0024868075892746644,4.830158860641891,0.0747683360866008,0.11289822220950155,0.03812988612290075,50.99737150594954,0.06241277800938054,0.09872617350322085,0.036313395493840314,58.18262966660844
eta_fast,0.003,0.003,2,canonical,20,120,0.04979896356208757,0.05399013702601002,0.0041911734639224485,8.41618612945035,0.10111176228921491,0.1358799786448936,0.034768216355678686,34.385926591042356,0.058002275582574196,0.09357624898598832,0.03557397340341412,61.33203059036829
eta_fast,0.003,0.003,2,canonical,21,121,0.05056171466806138,0.05559545752070769,0.0050337428526463154,9.955641112436423,0.056244146267292426,0.12937939390856212,0.07313524764126969,130.03174995972856,0.05804824549063236,0.08409444254403468,0.026046197053402324,44.869912661883255
eta_fast,0.003,0.003,2,canonical,22,122,0.05097609946294546,0.05074052806188473,-0.00023557140106072322,-0.46212127554396376,0.07288938815293293,0.08349886926259846,0.01060948110966553,14.555590845961333,0.05720565898617815,0.09436816092140372,0.03716250193522557,64.96298197387195
eta_fast,0.003,0.003,2,canonical,23,123,0.05128720292880176,0.05500621961176081,0.003719016682959049,7.251354081683661,0.06971469856860425,0.06601050046417738,-0.0037041981044268757,-5.313367454040814,0.060030450812770884,0.07896276859993896,0.018932317787168078,31.537857088923303
eta_fast,0.003,0.003,2,canonical,24,124,0.056034995899460364,0.05298117111610924,-0.0030538247833511237,-5.4498527827688,0.11060674530993181,0.12435534716584559,0.013748601855913783,12.430165825229505,0.05622159341084604,0.08381425882203894,0.0275926654111929,49.078412291797186
eta_fast,0.003,0.003,2,canonical,25,125,0.05388495183881424,0.050751798721368556,-0.0031331531174456848,-5.814523369748699,0.07869637386536456,0.060985315943189435,-0.017711057922175123,-22.505557819570672,0.06577278147769818,0.08917881466039308,0.023406033182694908,35.58619942298058
eta_fast,0.003,0.003,2,canonical,26,126,0.05290724449819469,0.05382056349169913,0.0009133189935044347,1.7262645260907494,0.057410350517166225,0.0854022478199327,0.02799189730276648,48.757579514162074,0.05994369666894594,0.0800042150824927,0.02006051841354676,33.465601102874906
eta_fast,0.003,0.003,2,canonical,27,127,0.04818328112980055,0.05082500533464182,0.002641724204841274,5.482657351052442,0.07560824879684892,0.11700966398923017,0.04140141519238125,54.75780202716017,0.054355724444286616,0.08278330338452547,0.028427578940238854,52.29914462712474
eta_fast,0.003,0.003,2,canonical,28,128,0.05190722155131241,0.05239511785503714,0.0004878963037247344,0.9399391628820452,0.05778358004097755,0.11633321541294865,0.0585496353719711,101.3257318609375,0.056706823752402366,0.07808412196109257,0.021377298208690207,37.697929092324735
eta_fast,0.003,0.003,2,canonical,29,129,0.05361311017271911,0.05498471706348487,0.0013716068907657641,2.558342327738529,0.061405073158389105,0.10932957300620386,0.04792449984781475,78.04648277870727,0.06477260569312294,0.10156312461912612,0.03679051892600317,56.79950425386284
eta_fast,0.003,0.00375,3,level_4,0,100,0.05228098369635389,0.05582847869229871,0.003547494995944825,6.785440412805832,0.07631027188738922,0.10719353898174364,0.03088326709435442,40.47065530041452,0.05084762817912854,0.085312352300993,0.034464724121864465,67.78039675803645
eta_fast,0.003,0.00375,3,level_4,1,101,0.04868492894452843,0.04943024414515188,0.0007453152006234517,1.5308951184311337,0.07975970913830138,0.08823478141320439,0.008475072274903003,10.625756245183187,0.05877468863989263,0.07330780022653183,0.014533111586639197,24.726820206028307
eta_fast,0.003,0.00375,3,level_4,2,102,0.05234433683107396,0.05631612304289709,0.003971786211823133,7.587805008669633,0.07907820950935229,0.08072203004982416,0.0016438205404718659,2.0787275668873826,0.06003122862615353,0.0882781105830066,0.028246881956853064,47.053646249290445
eta_fast,0.003,0.00375,3,level_4,3,103,0.05032896078726338,0.054201439064463654,0.0038724782772002753,7.694333871841585,0.08110819368911756,0.09572192520738278,0.014613731518265213,18.017577329213736,0.055268303306280506,0.07394344634077053,0.018675143034490027,33.78996986934435
eta_fast,0.003,0.00375,3,level_4,4,104,0.05119741164389923,0.054263977896532034,0.0030665662526328033,5.989690013944719,0.06302378788789068,0.13125292351279286,0.06822913562490218,108.25933811891946,0.06515440763112877,0.0808822914514788,0.015727883820350022,24.139401142887106
eta_fast,0.003,0.00375,3,level_4,5,105,0.052437138917751584,0.05442017167189951,0.0019830327541479273,3.781733319314662,0.07110470714106688,0.11551540029837386,0.044410693157306974,62.45816197400151,0.05990028765130167,0.08840341855307125,0.028503130901769584,47.58429720353804
eta_fast,0.003,0.00375,3,level_4,6,106,0.05274504583070005,0.055202499337888615,0.0024574535071885673,4.6591172089914386,0.09468241088254516,0.07406855810517939,-0.02061385277736577,-21.771575718469553,0.05369054478154953,0.07442434296202317,0.02073379818047364,38.61722443836834
eta_fast,0.003,0.00375,3,level_4,7,107,0.05190494716598472,0.051490798944720084,-0.0004141482212646347,-0.7978973949058207,0.06357974081301061,0.12115993932805359,0.05758019851504298,90.56375156417764,0.05424930412139994,0.08835366731432052,0.03410436319292059,62.86599200719942
eta_fast,0.003,0.00375,3,level_4,8,108,0.05125020267945174,0.0563304710361144,0.005080268356662664,9.912679542825588,0.060576024647593624,0.11341274815401634,0.05283672350642271,87.22382132833083,0.05615257409818815,0.10787019086543771,0.051717616767249563,92.1019518656729
eta_fast,0.003,0.00375,3,level_4,9,109,0.04972741450839869,0.054570941899616005,0.004843527391217316,9.74015528275509,0.09363351572363346,0.12769051684785265,0.034057001124219194,36.372660858683396,0.05093445840526364,0.06805931716917053,0.017124858763906896,33.62136223703753
eta_fast,0.003,0.00375,3,level_4,10,110,0.05022352551047341,0.050474380182044525,0.00025085467157111296,0.4994764286684748,0.06700454732506335,0.10856519652022692,0.04156064919516357,62.026609915798396,0.054872367857708874,0.08278675753546634,0.027914389677757466,50.87148735797784
eta_fast,0.003,0.00375,3,level_4,11,111,0.05492473156548237,0.05498738485804981,6.265329256744528e-05,0.11407118575126539,0.07999274286653614,0.1485079340062518,0.06851519113971567,85.65175875270312,0.05894073833922159,0.07854925125211748,0.019608512912895892,33.2681833743633
eta_fast,0.003,0.00375,3,level_4,12,112,0.05217985215516686,0.05195988889320015,-0.00021996326196670885,-0.4215482660100409,0.05507278338571551,0.11571903251631126,0.06064624913059575,110.12018169818136,0.05579847240811474,0.09155328763173586,0.03575481522362112,64.078484016744
eta_fast,0.003,0.00375,3,level_4,13,113,0.05206444132333476,0.05713096361889224,0.005066522295557485,9.731252591558533,0.07255497064237468,0.07682028120727931,0.004265310564904631,5.8787296406313185,0.05731044772671678,0.08870875897752155,0.03139831125080477,54.786365307293906
eta_fast,0.003,0.00375,3,level_4,14,114,0.053266525789375005,0.0509802696794839,-0.0022862561098911036,-4.292106676773614,0.07049387954210293,0.09008924918222433,0.0195953696401214,27.797263772974702,0.06313290009627891,0.08387607477394693,0.020743174677668022,32.85636276178391
eta_fast,0.003,0.00375,3,level_4,15,115,0.0471306398259322,0.056727198308453367,0.009596558482521167,20.36161299308513,0.08893823246943461,0.10206444358574382,0.013126211116309211,14.758794673393462,0.056345400377251255,0.08205119831951412,0.02570579794226286,45.62182142668961
eta_fast,0.003,0.00375,3,level_4,16,116,0.05174706442039702,0.05481587251249032,0.0030688080920933045,5.930400355007732,0.06296418002877997,0.13198764140987512,0.06902346138109515,109.62337848209182,0.05145279032602732,0.08527482029556231,0.03382202996953499,65.73410257290976
eta_fast,0.003,0.00375,3,level_4,17,117,0.0497272816951154,0.05548154382553104,0.00575426213041564,11.57164022295807,0.07932417196320951,0.11140612223889443,0.03208195027568492,40.44410358366489,0.05663549399964856,0.07464848643760685,0.018012992437958293,31.805129903290098
eta_fast,0.003,0.00375,3,level_4,18,118,0.053089688268707455,0.0536797385133958,0.0005900502446883477,1.1114215659016022,0.07630656042969906,0.13592267761005877,0.05961611718035971,78.1271188802748,0.059011633373969356,0.09018978922330512,0.03117815584933576,52.83391437710783
eta_fast,0.003,0.00375,3,level_4,19,119,0.05148597535657566,0.053971944698710014,0.002485969342134353,4.828439832240356,0.07470073063558626,0.11274935318095487,0.038048622545368616,50.93473948866954,0.06234604256214184,0.09865109249553651,0.03630504993339467,58.23152271005579
eta_fast,0.003,0.00375,3,level_4,20,120,0.04980108685960043,0.053991712601827974,0.004190625742227547,8.414727481835463,0.10112817751342494,0.13589955697382997,0.034771379460405025,34.3834728513614,0.05790511023237313,0.09353484581867444,0.03562973558630131,61.53124559010289
eta_fast,0.003,0.00375,3,level_4,21,121,0.05056434961412037,0.05559646616894099,0.005032116554820623,9.951906023162566,0.05618339313405636,0.12931138672064504,0.07312799358658868,130.15944660391312,0.0579890547170745,0.08403464745550311,0.02604559273842861,44.91467030373863
eta_fast,0.003,0.00375,3,level_4,22,122,0.05097803089263086,0.050741776885372014,-0.00023625400725884455,-0.46344278725955323,0.07283062195794407,0.08354872223390052,0.010718100275956446,14.71647500435407,0.05712067915990646,0.09434279841141596,0.037222119251509506,65.16399979648013
eta_fast,0.003,0.00375,3,level_4,23,123,0.05128933910059433,0.055007480955572105,0.0037181418549777773,7.2493463947455945,0.0698295897898165,0.06552602445584074,-0.004303565333975759,-6.1629537663464316,0.059951321014588305,0.07886338131744092,0.018912060302852612,31.545694044424195
eta_fast,0.003,0.00375,3,level_4,24,124,0.05603613033696989,0.052982592603832666,-0.0030535377331372265,-5.449230192689897,0.11046001888825564,0.12453817452612079,0.014078155637865145,12.745023746652613,0.05611722440236306,0.08373448721205716,0.0276172628096941,49.21352241457465
eta_fast,0.003,0.00375,3,level_4,25,125,0.05388603425982475,0.05075243214405518,-0.0031336021157695737,-5.815239809001608,0.07862483304391138,0.060898329154496486,-0.017726503889414894,-22.54568080229153,0.06564517644413587,0.08912212955523591,0.02347695311110004,35.7634092599004
eta_fast,0.003,0.00375,3,level_4,26,126,0.05290803604558258,0.05382129813617236,0.0009132620905897837,1.726131149156564,0.05709556172924058,0.08552117906920188,0.028425617339961302,49.78603674093214,0.05982831089336307,0.07990763665304604,0.02007932575968297,33.56157889109056
eta_fast,0.003,0.00375,3,level_4,27,127,0.048185758795670955,0.05082654141745,0.002640782621779046,5.480421368847047,0.075613032856793,0.11716789220326039,0.041554859346467396,54.95727095773298,0.05427684147688608,0.08270741801797968,0.0284305765410936,52.38067611801034
eta_fast,0.003,0.00375,3,level_4,28,128,0.05190843442238591,0.052396744212552575,0.0004883097901666675,0.9407137695450899,0.05747157223662895,0.11662913077474367,0.05915755853811472,102.93360044953012,0.05659405055503291,0.07805840272502142,0.02146435216998851,37.926870332626656
eta_fast,0.003,0.00375,3,level_4,29,129,0.05361494105478719,0.05498609246869722,0.0013711514139100323,2.557405430155937,0.061347878172548484,0.10929868858137672,0.04795081040882823,78.1621334546578,0.0646800791372203,0.10150510728588563,0.036825028148665326,56.93411115119412
eta_fast,0.003,0.0045,4,level_5,0,100,0.052282929732509455,0.055829686678860936,0.0035467569463514814,6.783776204771694,0.07618795897037578,0.10697017489493714,0.03078221592456136,40.40299325583775,0.05077526312034556,0.0852297165731254,0.034454453452779844,67.85676988244695
eta_fast,0.003,0.0045,4,level_5,1,101,0.04868630066376957,0.04943131031937948,0.0007450096556099114,1.5302244069743387,0.0796797167686678,0.08784355940407695,0.00816384263540916,10.245822859926884,0.058696252575047916,0.07323210840257187,0.014535855827523952,24.764538091999455
eta_fast,0.003,0.0045,4,level_5,2,102,0.05234619186104452,0.05631785052451346,0.003971658663468942,7.587292451018979,0.07912491827120056,0.08063370837875632,0.001508790107555752,1.9068457074222505,0.05986156025856603,0.0881435519616605,0.02828199170309447,47.24566413059271
eta_fast,0.003,0.0045,4,level_5,3,103,0.050330691943747174,0.05420238752160292,0.003871695577855744,7.69251410686545,0.08112285320745453,0.095501473162974,0.014378619955519464,17.724499801244892,0.055267309365580136,0.07385056171418707,0.01858325234860693,33.624311662583615
eta_fast,0.003,0.0045,4,level_5,4,104,0.05119860804473154,0.054265252392022394,0.003066644347290856,5.989702580608383,0.06279250583257537,0.1312098898018084,0.06841738396923303,108.95788129821631,0.06502902754736928,0.08092573521279796,0.01589670766542868,24.445556492212646
eta_fast,0.003,0.0045,4,level_5,5,105,0.05243925405970926,0.05441957174083042,0.001980317681121155,3.776403224321788,0.07089867228742276,0.11563591741034636,0.0447372451229236,63.10025798728513,0.059802732487920084,0.08834561397151315,0.028542881483593067,47.7283901523373
eta_fast,0.003,0.0045,4,level_5,6,106,0.05274692938825016,0.055203636577992356,0.0024567071897421966,4.657535932867876,0.09463860534344232,0.07408621646755104,-0.02055238887589128,-21.71670725842474,0.05366800829894558,0.07439912261293474,0.020731114313989163,38.62843986777216
eta_fast,0.003,0.0045,4,level_5,7,107,0.0519074911699117,0.05149241999222133,-0.00041507117769037233,-0.7996363691161581,0.0633789162696631,0.12121816526185612,0.05783924899219302,91.25944777297856,0.05412535069689848,0.08827975915893081,0.03415440846203233,63.10242432108522
eta_fast,0.003,0.0045,4,level_5,8,108,0.05125313246763784,0.05633080492266952,0.005077672455031684,9.907048038942438,0.06076497095526356,0.1134248637264328,0.052659892771169246,86.66159457220601,0.05612190589837625,0.10778953615945362,0.051667630261077374,92.06321388057539
eta_fast,0.003,0.0045,4,level_5,9,109,0.0497289139769954,0.054572076952259935,0.004843162975264534,9.7391287843225,0.0935374356216807,0.12766948895332894,0.034132053331648246,36.490259867394634,0.050843074667318126,0.06803631246139022,0.017193237794072093,33.8162825646811
eta_fast,0.003,0.0045,4,level_5,10,110,0.05022570134649486,0.05047595753587372,0.00025025618937886407,0.49826320523113793,0.06687298866199985,0.10865404483962197,0.04178105617762212,62.47822478639113,0.054773022124502524,0.08277066332632417,0.027997641201821646,51.11575026512367
eta_fast,0.003,0.0045,4,level_5,11,111,0.05492519674871417,0.054988146845973696,6.295009725952594e-05,0.11461059948046456,0.07992026240564762,0.14867577898503148,0.06875551657938386,86.0301436829682,0.05891079382765448,0.07849540908851166,0.019584615260857176,33.24452785028263
eta_fast,0.003,0.0045,4,level_5,12,112,0.05218334315428898,0.05196030543635635,-0.0002230377179326254,-0.42741170735875667,0.054859200010807664,0.1154610196494737,0.06060181963866603,110.46792448071979,0.055736025908084116,0.09148826232211027,0.03575223641402615,64.14565055819766
eta_fast,0.003,0.0045,4,level_5,13,113,0.05206632572099219,0.057133230255400354,0.005066904534408161,9.731634533921563,0.07254314234626617,0.07688914580797557,0.004346003461709394,5.990922534021005,0.057305952115668565,0.08865422854386326,0.031348276428194696,54.7033515208335
eta_fast,0.003,0.0045,4,level_5,14,114,0.0532687339516353,0.05098298685909477,-0.0022857470925405285,-4.290973190043985,0.07027851068210961,0.08982129553818965,0.019542784856080048,27.807625213456525,0.06305058908234942,0.08381520759516474,0.020764618512815317,32.93326646908082
eta_fast,0.003,0.0045,4,level_5,15,115,0.04713251734519311,0.05672838807496656,0.00959587072977345,20.359342700697272,0.08910651777310948,0.10221481950204714,0.013108301728937663,14.710822571155935,0.05627123162084507,0.0820093789408119,0.025738147319966827,45.73944194680184
eta_fast,0.003,0.0045,4,level_5,16,116,0.05174899335659406,0.05481602783740365,0.00306703448080959,5.926751965347701,0.06284990532832638,0.13200169492382774,0.06915178959550136,110.02687949051649,0.05136789745750263,0.08510835688411278,0.03374045942661015,65.68394093708838
eta_fast,0.003,0.0045,4,level_5,17,117,0.04972817665871491,0.05548281758751969,0.0057546409288047815,11.57219370478623,0.07924260417974305,0.11159040547008613,0.03234780129034308,40.821224422369774,0.056578235861738754,0.07454894498215954,0.017970709120420786,31.76258299098637
eta_fast,0.003,0.0045,4,level_5,18,118,0.05309000428245599,0.05368089064425514,0.000590886361799145,1.1129898552191453,0.07630291748518668,0.13607223705553712,0.059769319570350435,78.33163074263045,0.05892879223987188,0.09013107746095637,0.031202285221084494,52.94913409064012
eta_fast,0.003,0.0045,4,level_5,19,119,0.051486943225964914,0.05397207811566502,0.002485134889700105,4.826728358670261,0.07463450577802681,0.11260553571791239,0.037971029939885576,50.875971568454666,0.062280613087031284,0.09857639267229212,0.03629577958526084,58.2778135702372
eta_fast,0.003,0.0045,4,level_5,20,120,0.04980320672045884,0.05399328701228194,0.004190080291823099,8.4132740996813,0.10114514010213975,0.1359198103860346,0.034774670283894846,34.380960122036726,0.05781089509986524,0.09349430247231148,0.03568340737244624,61.72436408535978
eta_fast,0.003,0.0045,4,level_5,21,121,0.05056697939453013,0.0555974741698687,0.0050304947753385745,9.948181274760357,0.056125750416282,0.12924448342129247,0.07311873300501047,130.27662429934983,0.05793215489001176,0.08397515643004293,0.02604300154003117,44.95431179709373
eta_fast,0.003,0.0045,4,level_5,22,122,0.0509799571872464,0.05074302570249693,-0.00023693148474946552,-0.4647541854129654,0.07277293458045352,0.08359949627079274,0.010826561690339229,14.877181678540136,0.05703719390928089,0.09431798976877315,0.03728079585949226,65.3622545295414
eta_fast,0.003,0.0045,4,level_5,23,123,0.05129146698740489,0.055008743868933986,0.0037172768815290982,7.247359258494032,0.0699507083814395,0.06504830460768843,-0.004902403773751077,-7.008369017535017,0.059873295073142443,0.0787648986843988,0.018891603611256358,31.55263726203475
eta_fast,0.003,0.0045,4,level_5,24,124,0.05603726104588543,0.052984012161309886,-0.0030532488845755462,-5.448604781157006,0.11031531511813661,0.12472191989681557,0.014406604778678958,13.059478426228427,0.056014368888319094,0.08365557452992345,0.027641205641604355,49.34663406940302
eta_fast,0.003,0.0045,4,level_5,25,125,0.053887118291047274,0.05075306904585352,-0.003134049245193754,-5.815952577509494,0.07855516135439328,0.060814895215326605,-0.017740266139066672,-22.583196104751593,0.06551874244963009,0.08906650481709635,0.023547762367466266,35.94049807285215
eta_fast,0.003,0.0045,4,level_5,26,126,0.052908831156190474,0.053822033019397524,0.0009132018632070499,1.7259913765836479,0.0567876268604463,0.0856402001199971,0.028852573259550797,50.80785173582801,0.05971391113433954,0.07981176129213068,0.020097850157791135,33.65689799245709
eta_fast,0.003,0.0045,4,level_5,27,127,0.04818822940509692,0.05082808043659318,0.0026398510314962625,5.47820715574381,0.07562096671994123,0.1173348411735234,0.04171387445358217,55.16178417563423,0.05420031784152702,0.08263248122239483,0.028432163380867813,52.457558392920994
eta_fast,0.003,0.0045,4,level_5,28,128,0.051909645339456356,0.052398368193154965,0.0004887228536986088,0.9414875607465037,0.0571663936240313,0.11692789203210358,0.059761498408072274,104.53956357839942,0.05648247000006215,0.07803358617949119,0.021551116179429036,38.155406764975616
eta_fast,0.003,0.0045,4,level_5,29,129,0.05361676763690023,0.05498746861887911,0.0013707009819788826,2.5564782108116795,0.06129155387834752,0.1092685098825354,0.04797695600418789,78.27661882975481,0.06458945539066198,0.10144869530011062,0.03685923990944864,57.06696191585719
retention_fast,0.98,0.96,0,level_1,0,100,0.05227535981685903,0.05582489766867088,0.0035495378518118487,6.790078278269655,0.07659591373474156,0.10771539877901994,0.031119485044278375,40.62812691555311,0.050931449828488275,0.0854831358407463,0.03455168601225802,67.83958856190206
retention_fast,0.98,0.96,0,level_1,1,101,0.04868081475538403,0.04942573996397955,0.0007449252085955232,1.5302233792484659,0.07990596743720932,0.08908744956829484,0.009181482131085522,11.490358512085342,0.0589612262889329,0.07353100146908065,0.014569775180147751,24.710773668020735
retention_fast,0.98,0.96,0,level_1,2,102,0.05234045930403398,0.056310859360875425,0.003970400056841447,7.585718791228569,0.07897694364675997,0.08092032088646149,0.0019433772397015187,2.460689348012324,0.06043030528839241,0.08858446972345033,0.028154164435057916,46.5894790712994
retention_fast,0.98,0.96,0,level_1,3,103,0.05032489245098601,0.05419697626232808,0.0038720838113420683,7.694172054343264,0.08095897668619531,0.09621973431008846,0.015260757623893145,18.849988288569026,0.0552624318785908,0.07418800832459152,0.018925576446000722,34.246731102205935
retention_fast,0.98,0.96,0,level_1,4,104,0.05119254500950633,0.05426112501332942,0.003068580003823089,5.994193106151025,0.06368574097770147,0.13128288472237726,0.06759714374467579,106.14172451623644,0.06544228229436438,0.08069005606962111,0.015247773775256726,23.299575199213063
retention_fast,0.98,0.96,0,level_1,5,105,0.05243051665590342,0.054419995203841,0.00198947854793758,3.7945049464119185,0.07159861846978717,0.1155057486648388,0.04390713019505163,61.323990788424695,0.06013395846324948,0.08857107250532731,0.028437114042077827,47.289609346866804
retention_fast,0.98,0.96,0,level_1,6,106,0.05274199244642759,0.05519931605209654,0.00245732360566895,4.6591406423732735,0.09485794954166958,0.07402932313651657,-0.02082862640515301,-21.957702549751332,0.053637954292040546,0.07440949955234219,0.020771545260301644,38.725461353741416
retention_fast,0.98,0.96,0,level_1,7,107,0.05189720734684551,0.05148530089255937,-0.00041190645428614003,-0.7936967620111781,0.06400496664507285,0.12093569694594539,0.056930730300872534,88.94736343910759,0.054501304419301344,0.08849105964338866,0.033989755224087315,62.365030683650986
retention_fast,0.98,0.96,0,level_1,8,108,0.05124265631527249,0.05632901638963211,0.005086360074359614,9.926027337586834,0.060008615396751085,0.11356489843658901,0.05355628303983793,89.24765666687506,0.056161347875947155,0.1079728216729105,0.051811473796963346,92.25468361515807
retention_fast,0.98,0.96,0,level_1,9,109,0.049723584004034746,0.05456812256479042,0.0048445385607556735,9.74293920639866,0.09384053371911985,0.1277114519114128,0.03387091819229296,36.09412356250465,0.051091083833176704,0.06800270801542178,0.01691162418224508,33.10093056053605
retention_fast,0.98,0.96,0,level_1,10,110,0.050217621558945276,0.05047001304275405,0.0002523914838087754,0.5025954554867142,0.0672246849100037,0.10842929778079283,0.04120461287078912,61.29387281762843,0.05506146589171016,0.0827598516365978,0.027698385744887637,50.30448299244753
retention_fast,0.98,0.96,0,level_1,11,111,0.05492368484536507,0.054985468955521484,6.1784110156414e-05,0.11249083219810199,0.08019175684501421,0.14819169676406452,0.0679999399190503,84.79667062348203,0.05892231406922098,0.07859257976010536,0.019670265690884384,33.383389640427346
retention_fast,0.98,0.96,0,level_1,12,112,0.05217092917976156,0.05195749341528365,-0.00021343576447790946,-0.4091086124659376,0.0555737753639875,0.11634329101262571,0.06076951564863821,109.34926635921448,0.05584683278628927,0.09169323496814394,0.03584640218185467,64.18699215948227
retention_fast,0.98,0.96,0,level_1,13,113,0.052059713100992625,0.057124544258270904,0.0050648311572782795,9.728887954977433,0.07264884884640008,0.07659124144174351,0.00394239259534343,5.426641520058697,0.05723201323767541,0.08877398090732291,0.0315419676696475,55.11245522441915
retention_fast,0.98,0.96,0,level_1,14,114,0.05326020775354268,0.05097178508974964,-0.0022884226637930397,-4.296683697484868,0.0710298782664585,0.09062339141939929,0.019593513152940792,27.584889107423933,0.06329487054438777,0.08407403115114513,0.020779160606757358,32.82913832991448
retention_fast,0.98,0.96,0,level_1,15,115,0.04712635103105042,0.0567235428288112,0.009597191797760779,20.364809894654094,0.08867734458059853,0.10189309748448203,0.013215752903883493,14.903189722682484,0.05645789029933924,0.08209007833851703,0.025632188039177793,45.40054171928168
retention_fast,0.98,0.96,0,level_1,16,116,0.05174181739530137,0.05481414612856888,0.0030723287332675084,5.937805991226169,0.06322698693106275,0.13201917081954728,0.06879218388848453,108.80193288902029,0.05158540046650783,0.08563508635251212,0.03404968588600429,66.00643898870432
retention_fast,0.98,0.96,0,level_1,17,117,0.049724499877870074,0.05547814268234578,0.005753642804475705,11.571042079070498,0.07955234872316454,0.11093694343542776,0.03138459471226322,39.45149981866527,0.056688435850538954,0.07490833935666912,0.01821990350613016,32.14042376150151
retention_fast,0.98,0.96,0,level_1,18,118,0.053088134346075434,0.053676457745526054,0.0005883233994506201,1.1082013084419347,0.07632520124432395,0.1353629451299057,0.059037743885581764,77.35026298403923,0.059166773600615605,0.09030771175866834,0.03114093815805273,52.63247641025456
retention_fast,0.98,0.96,0,level_1,19,119,0.05148373018674849,0.05397051998563556,0.0024867897988870707,4.8302440205219455,0.07487878487707451,0.11309497973681722,0.0382161948597427,51.037413230570834,0.06248616363471307,0.09881727086329076,0.036331107228577686,58.14264329134552
retention_fast,0.98,0.96,0,level_1,20,120,0.049796025703142587,0.05398762105660635,0.0041915953534637646,8.417529901787395,0.10106981438234798,0.13580466359317175,0.03473484921082377,34.36718413216981,0.05810861133938344,0.09358258731890587,0.035473975979522426,61.04770904322013
retention_fast,0.98,0.96,0,level_1,21,121,0.050557528409629654,0.05559432379235107,0.005036795382721414,9.962503194206898,0.05624004998049113,0.12952384123933763,0.0732837912588465,130.30534518420166,0.05803312746732676,0.08425530900871263,0.02622218154138587,45.184849905167056
retention_fast,0.98,0.96,0,level_1,22,122,0.05097318071849903,0.05073765581490174,-0.00023552490359728812,-0.4620565173242409,0.07293990416804653,0.08344990144719,0.010509997279143465,14.40911857373632,0.0572405105748866,0.09436523667152646,0.037124726096639867,64.85743352703038
retention_fast,0.98,0.96,0,level_1,23,123,0.05128457892055502,0.05500316929606047,0.003718590375505454,7.250893843285572,0.06932084191393993,0.06662646040522137,-0.002694381508718563,-3.886827445147838,0.06009153311499129,0.07907499512937313,0.018983462014381842,31.59090978433692
retention_fast,0.98,0.96,0,level_1,24,124,0.056034391173570536,0.052979246128225445,-0.003055145045345091,-5.452267761563717,0.11083992638599004,0.1241777364180999,0.013337810032109862,12.033398493663865,0.05627404982762716,0.08386418869605604,0.027590138868428878,49.028173648315935
retention_fast,0.98,0.96,0,level_1,25,125,0.05388256097476359,0.0507494328236274,-0.0031331281511361928,-5.814735035707793,0.07880066712162224,0.06124032633845024,-0.017560340783172007,-22.284507764469925,0.06588870027586728,0.08923056542665497,0.02334186515078769,35.42620366323571
retention_fast,0.98,0.96,0,level_1,26,126,0.05290483998891783,0.053818512699150306,0.0009136727102324743,1.7270115747894987,0.05791461489023638,0.08524781356856463,0.02733319867832825,47.19568407755442,0.060088772825781615,0.08006456081069782,0.019975787984916206,33.24379421565657
retention_fast,0.98,0.96,0,level_1,27,127,0.04817948187883765,0.05082108119713974,0.0026415993183020875,5.482830481542358,0.07555390097548019,0.1168971790070678,0.041343278031587605,54.720242764175616,0.05443079409186492,0.08278270012086351,0.02835190602899859,52.087988981288795
retention_fast,0.98,0.96,0,level_1,28,128,0.05190455561419794,0.05239274901592715,0.0004881934017292103,0.9405598332406687,0.05835251295165778,0.1157038084322269,0.057351295480569116,98.28419133908059,0.05679606386780685,0.0780651820007952,0.021269118132988346,37.448225606782074
retention_fast,0.98,0.96,0,level_1,29,129,0.05361034200905318,0.05498307639651368,0.0013727343874605016,2.560577560256355,0.061445177388079454,0.10935003270095496,0.047904855312875506,77.96357232450465,0.06488566314228167,0.10159797318290492,0.03671231004062325,56.580002827620454
retention_fast,0.98,0.97,1,level_2,0,100,0.052276782774120754,0.05582591172570653,0.003549128951585774,6.789111271290292,0.07651793808687911,0.10758583615367098,0.031067898066791874,40.60211088217918,0.050918612448318835,0.0854391163506442,0.03452050390232537,67.79545286581178
retention_fast,0.98,0.97,1,level_2,1,101,0.04868198349699706,0.04942705264406509,0.0007450691470680323,1.5304823130593925,0.07987504719537676,0.08888553876439165,0.009010491569014886,11.280733953089197,0.05891153264597998,0.07346612558148331,0.014554592935503333,24.705846685345932
retention_fast,0.98,0.97,1,level_2,2,102,0.052341379944588394,0.056312250180526734,0.00397087023593834,7.5864836581346005,0.07900189452576732,0.08086920494559917,0.0018673104198318469,2.3636273927871483,0.06033494260035549,0.08851362231501361,0.028178679714658122,46.703748276197246
retention_fast,0.98,0.97,1,level_2,3,103,0.05032592723127498,0.05419833477937073,0.0038724075480957507,7.69465713030966,0.08100429179758231,0.09608700134704037,0.015082709549458062,18.619642508754367,0.05526262449160406,0.07412388912914769,0.01886126463754363,34.13023686634569
retention_fast,0.98,0.97,1,level_2,4,104,0.05119385779666199,0.05426185527812554,0.0030679974814635524,5.992901518868531,0.06350891339447375,0.1312876976780033,0.06777878428352956,106.72326239079906,0.06537037173647492,0.08074071087993664,0.015370339143461725,23.51269961477898
retention_fast,0.98,0.97,1,level_2,5,105,0.05243230368489628,0.054420221561997724,0.001987917877101446,3.791399075364465,0.07147512871204431,0.11546938535229569,0.043994256640251375,61.55183968607234,0.060072468316663685,0.08851843537442972,0.02844596705776603,47.35275219226395
retention_fast,0.98,0.97,1,level_2,6,106,0.0527425601375928,0.055200128299900814,0.0024575681623080145,4.659554173890694,0.09480117619205829,0.07404095541377924,-0.020760220778279048,-21.898695366627933,0.05365420397118166,0.07441532142033334,0.020761117449151684,38.69429776705426
retention_fast,0.98,0.97,1,level_2,7,107,0.05189934460495453,0.05148685881870798,-0.00041248578624655113,-0.7947803375674488,0.06390215347491031,0.1209959867936711,0.05709383331876079,89.3457109253405,0.05443989751289685,0.08846126086816575,0.0340213633552689,62.49343755140099
retention_fast,0.98,0.97,1,level_2,8,108,0.05124466517458206,0.05632944655432816,0.005084781379746099,9.922557523642888,0.06014596086751682,0.11349543496950253,0.053349474101985705,88.70001132660978,0.05616229447057775,0.10795324785043733,0.05179095337985958,92.2165909852415
retention_fast,0.98,0.97,1,level_2,9,109,0.04972451544259107,0.054568807880291274,0.0048442924377002025,9.742261728609765,0.09378672935169702,0.12770186677801057,0.03391513742631355,36.16197905690149,0.05105725620783942,0.06802565883831403,0.01696840263047461,33.23406679238915
retention_fast,0.98,0.97,1,level_2,10,110,0.050219154065244846,0.05047118267370379,0.0002520286084589443,0.5018575345405224,0.06717495798020275,0.10845046351599386,0.04127550553579111,61.444780580220815,0.05501692020918122,0.08276734991063944,0.027750429701458225,50.439809418534544
retention_fast,0.98,0.97,1,level_2,11,111,0.0549240096540737,0.05498601775597663,6.200810190292588e-05,0.11289798813573465,0.08013367746925135,0.14823773928210685,0.0681040618128555,84.98806489816742,0.05893235757352837,0.07858704485427663,0.019654687280748262,33.35126590892893
retention_fast,0.98,0.97,1,level_2,12,112,0.05217310254466792,0.05195826202205308,-0.00021484052261484116,-0.4117840652295994,0.05545136639125613,0.11618467775774732,0.0607333113664912,109.5253648719249,0.055842745147884135,0.09165537330072361,0.035812628152839476,64.13120998618459
retention_fast,0.98,0.97,1,level_2,13,113,0.052060924466353936,0.05712622498326579,0.005065300516911855,9.729563139405006,0.07261198972684889,0.0766379030915435,0.004025913364694614,5.544419564646634,0.057255302918985895,0.08876190220208086,0.03150659928309496,55.02826406782899
retention_fast,0.98,0.97,1,level_2,14,114,0.05326181862426782,0.05097401070789318,-0.0022878079163746387,-4.295399547870938,0.07089466214572952,0.09050399558486659,0.019609333439137067,27.659816473669835,0.06325677894837027,0.08402024035759666,0.020763461409226386,32.82408898210478
retention_fast,0.98,0.97,1,level_2,15,115,0.04712741470555438,0.05672457023477176,0.009597155529217381,20.36427329862903,0.08872560038089151,0.10191170062656606,0.013186100245674542,14.861663588713661,0.056434948628730254,0.0820828413232347,0.025647892694504452,45.446825624374654
retention_fast,0.98,0.97,1,level_2,16,116,0.05174315744843714,0.054814774064442795,0.0030716166160056554,5.936275958935381,0.0631630580432727,0.13199042710956208,0.06882736906628938,108.96775931769498,0.05155738160804842,0.0855530422695289,0.03399566066148047,65.93752359249667
retention_fast,0.98,0.97,1,level_2,17,117,0.04972529549544465,0.05547903793580594,0.005753742440361288,11.571057312044308,0.07949040048178822,0.11104433220297953,0.03155393172119131,39.69527330337268,0.0566792788357619,0.07484421772452962,0.018164938888767725,32.048641517482615
retention_fast,0.98,0.97,1,level_2,18,118,0.05308859323963638,0.05367733592527236,0.0005887426856359818,1.1089815150656914,0.07631800321490767,0.13550725600104332,0.059189252786135654,77.55608151783228,0.059129457181365176,0.0902866067075057,0.031157149526140522,52.69310934239354
retention_fast,0.98,0.97,1,level_2,19,119,0.05148432296480366,0.053971048514556606,0.0024867255497529467,4.8300636126708945,0.07483207403611115,0.11300015686325522,0.03816808282714407,51.004977903893966,0.06245021431609585,0.09878153387044442,0.03633131955434857,58.17645295892055
retention_fast,0.98,0.97,1,level_2,20,120,0.04979728217631531,0.05398865875398869,0.004191376577673385,8.416878179883673,0.10108264051042563,0.1358248501926449,0.03474220968221926,34.370105001991874,0.05805916370211122,0.09357549870412812,0.035516335002016904,61.17266033014771
retention_fast,0.98,0.97,1,level_2,21,121,0.050559282307600484,0.05559487797855133,0.005035595670950847,9.959784714336928,0.05622758767124941,0.1294645622315595,0.07323697456031009,130.2509632611502,0.058024181799350025,0.0841961708479435,0.02617198904859347,45.105313400363436
retention_fast,0.98,0.97,1,level_2,22,122,0.050974393190388365,0.050738801718321534,-0.00023559147206683034,-0.46217611887384474,0.07291125195210786,0.08346908017793742,0.010557828225829555,14.480382579035291,0.05721762190705983,0.09436024467384861,0.03714262276678878,64.91465658450568
retention_fast,0.98,0.97,1,level_2,23,123,0.05128579082142134,0.05500435335161669,0.0037185625301953545,7.250668207776108,0.06946347825299437,0.06636795561391244,-0.0030955226390819296,-4.456331178533362,0.060062031381538795,0.07901958810625424,0.018957556724715448,31.563295960286837
retention_fast,0.98,0.97,1,level_2,24,124,0.05603471075657432,0.05298005840062312,-0.003054652355951197,-5.451357408127261,0.11074458185935517,0.1242469040761019,0.013502322216746729,12.19230953790099,0.05624086532306078,0.08383503750700552,0.02759417218394474,49.06427386107471
retention_fast,0.98,0.97,1,level_2,25,125,0.053883465769857815,0.050750322554658694,-0.0031331432151991204,-5.814665353155118,0.07874488572739635,0.06113828407523392,-0.017606601652162435,-22.359041466024852,0.0658331374790399,0.08920011100759546,0.02336697352855556,35.494242600840934
retention_fast,0.98,0.97,1,level_2,26,126,0.052905755398127426,0.05381932512646984,0.0009135697283424171,1.7267870413485344,0.05771294362603881,0.0853053728873257,0.027592429261286897,47.80977633037904,0.06002573205646768,0.08003357680089544,0.02000784474442776,33.332112843881504
retention_fast,0.98,0.97,1,level_2,27,127,0.04818107784371319,0.05082261378704296,0.002641535943329769,5.482517331592748,0.07556402722641573,0.11694002280443189,0.04137599557801616,54.756207545740644,0.05439203225077998,0.0827654468414303,0.028373414590650327,52.16465246202205
retention_fast,0.98,0.97,1,level_2,28,128,0.05190561666332056,0.05239376660054144,0.0004881499372208775,0.9404568688340655,0.058133123155766894,0.11592814134450212,0.057795018188735225,99.41839531634018,0.05675101353049167,0.07806932800719735,0.02131831447670568,37.564640964961086
retention_fast,0.98,0.97,1,level_2,29,129,0.05361147230753849,0.054983842944328704,0.0013723706367902155,2.559845081138057,0.06142157557143335,0.10933857965762458,0.047917004086191234,78.01330988402228,0.06483537553303846,0.10157558701341748,0.03674021148037902,56.666921689467415
retention_fast,0.98,0.98,2,canonical,0,100,0.05227903361128479,0.05582726771342003,0.003548234102135242,6.787107291457911,0.07643590785038243,0.10741935014438038,0.03098344229399795,40.535192379275095,0.05092163240002351,0.08539560977309452,0.03447397737307101,67.70006330954757
retention_fast,0.98,0.98,2,canonical,1,101,0.048683555599097254,0.0494291789218098,0.000745623322712545,1.531571212367182,0.07984218432276635,0.08863022369467108,0.008788039371904727,11.006762210285483,0.05885431523510717,0.07338451959459094,0.014530204359483774,24.688426500995746
retention_fast,0.98,0.98,2,canonical,2,102,0.05234248019736282,0.056314391434914686,0.003971911237551869,7.588313015690812,0.07903576463981214,0.0808119000103707,0.0017761353705585542,2.2472552503956846,0.060202935547240384,0.08841325329628952,0.028210317749049134,46.85870795604792
retention_fast,0.98,0.98,2,canonical,3,103,0.05032722908195535,0.054200494582447585,0.0038732655004922317,7.696162835002925,0.0810950685709957,0.09594562355138886,0.014850554980393157,18.312525338568587,0.05527311227670311,0.07403792650651653,0.018764814229813416,33.949262954245725
retention_fast,0.98,0.98,2,canonical,4,104,0.05119621887821709,0.054262700304995505,0.003066481426778414,5.989663873562227,0.06326255002179447,0.1312963316583081,0.06803378163651362,107.54195272412419,0.06528116355477227,0.08083986092684163,0.015558697372069358,23.833364059167366
retention_fast,0.98,0.98,2,canonical,5,105,0.05243502133258905,0.05442078559916811,0.0019857642665790584,3.7870953727349397,0.07131443862880558,0.11540325656724328,0.04408881793843769,61.82312977028635,0.05999929294987376,0.08846159485534237,0.028462301905468612,47.43772885665063
retention_fast,0.98,0.98,2,canonical,6,106,0.05274316164064624,0.055201362297272294,0.002458200656626053,4.660700231386306,0.09472747098725408,0.07405200601923972,-0.020675464968014354,-21.82626090671872,0.053718430130723985,0.0744502912947197,0.02073186116399571,38.593572287098965
retention_fast,0.98,0.98,2,canonical,7,107,0.05190239552492012,0.05148917889309668,-0.0004132166318234348,-0.7961417341999857,0.06378659349272257,0.12111102126191156,0.05732442776918899,89.8690847563903,0.054375773230939735,0.08842799257988165,0.03405221934894192,62.62388068362448
retention_fast,0.98,0.98,2,canonical,8,108,0.05124726672090241,0.05633013860467138,0.00508287188376897,9.918327764582616,0.06039476522035152,0.11340182780519259,0.05300706258484107,87.76764408544967,0.05618698468293863,0.10795149981723465,0.051764515134296016,92.1290142662069
retention_fast,0.98,0.98,2,canonical,9,109,0.0497259163568056,0.05456980541985687,0.00484388906305127,9.741176066609226,0.09373135449462155,0.12771172829082458,0.03398037379620303,36.25294222986276,0.051028094045126815,0.06808374690232526,0.01705565285719844,33.42404449226584
retention_fast,0.98,0.98,2,canonical,10,110,0.050221344434371235,0.050472802848362516,0.00025145841399128177,0.5007002835614749,0.06713786743534526,0.10847707009727019,0.04133920266192492,61.57360107056598,0.0549733624712438,0.08280441049995518,0.027831048028711385,50.62642483124371
retention_fast,0.98,0.98,2,canonical,11,111,0.05492426932575183,0.05498662087018938,6.235154443754581e-05,0.11352275633881145,0.08006748030211115,0.1483402135851159,0.06827273328300475,85.26899188709025,0.05897219896197289,0.07860369648530734,0.01963149752333445,33.28941072045397
retention_fast,0.98,0.98,2,canonical,12,112,0.052176347681895975,0.05195947725298893,-0.00021687042890704278,-0.41564892627065186,0.05529345601473317,0.11598164509649729,0.06068818908176412,109.75654888635194,0.05586234669898512,0.09161890346024777,0.03575655676126265,64.00833275755001
retention_fast,0.98,0.98,2,canonical,13,113,0.05206255485385231,0.05712869144356561,0.005066136589713298,9.730864349501731,0.0725712680876223,0.07675856035674918,0.004187292269126869,5.769903681538465,0.05731753697710737,0.08876352235652092,0.03144598537941355,54.862764588040626
retention_fast,0.98,0.98,2,canonical,14,114,0.05326431118241393,0.05097754808647106,-0.002286763095942876,-4.293236963323178,0.0707148747809747,0.09036319365250345,0.01964831887152875,27.785269976628708,0.06321700550586887,0.08393786514699901,0.020720859641130143,32.77735077028677
retention_fast,0.98,0.98,2,canonical,15,115,0.04712875648091697,0.0567260081677048,0.009597251686787836,20.363897550901612,0.08877222467639247,0.10191648971708762,0.013144265040695158,14.806731597198175,0.05642154265515883,0.08209374807211185,0.025672205416953024,45.500715168066606
retention_fast,0.98,0.98,2,canonical,16,116,0.0517451306473083,0.05481572524170674,0.003070594594398443,5.934074483891888,0.0630805911659902,0.13197598569762728,0.06889539453163708,109.21805464749977,0.05153984433904071,0.08544219534426276,0.03390235100522205,65.778916176395
retention_fast,0.98,0.98,2,canonical,17,117,0.049726389075452786,0.05548026883733793,0.005753879761885142,11.571078996213538,0.07940649677572749,0.11122247460298454,0.03181597782725705,40.067222606629805,0.0566956585574074,0.07474895576715143,0.01805329720974403,31.842468487184245
retention_fast,0.98,0.98,2,canonical,18,118,0.05308937317680226,0.053678584908746246,0.0005892117319439838,1.1098487261880945,0.07631113866207387,0.1357740924044229,0.05946295374234903,77.9217225491378,0.05909712507191428,0.09024901947406606,0.031151894402151784,52.71304545566908
retention_fast,0.98,0.98,2,canonical,19,119,0.05148500620835039,0.05397181379762506,0.0024868075892746644,4.830158860641891,0.0747683360866008,0.11289822220950155,0.03812988612290075,50.99737150594954,0.06241277800938054,0.09872617350322085,0.036313395493840314,58.18262966660844
retention_fast,0.98,0.98,2,canonical,20,120,0.04979896356208757,0.05399013702601002,0.0041911734639224485,8.41618612945035,0.10111176228921491,0.1358799786448936,0.034768216355678686,34.385926591042356,0.058002275582574196,0.09357624898598832,0.03557397340341412,61.33203059036829
retention_fast,0.98,0.98,2,canonical,21,121,0.05056171466806138,0.05559545752070769,0.0050337428526463154,9.955641112436423,0.056244146267292426,0.12937939390856212,0.07313524764126969,130.03174995972856,0.05804824549063236,0.08409444254403468,0.026046197053402324,44.869912661883255
retention_fast,0.98,0.98,2,canonical,22,122,0.05097609946294546,0.05074052806188473,-0.00023557140106072322,-0.46212127554396376,0.07288938815293293,0.08349886926259846,0.01060948110966553,14.555590845961333,0.05720565898617815,0.09436816092140372,0.03716250193522557,64.96298197387195
retention_fast,0.98,0.98,2,canonical,23,123,0.05128720292880176,0.05500621961176081,0.003719016682959049,7.251354081683661,0.06971469856860425,0.06601050046417738,-0.0037041981044268757,-5.313367454040814,0.060030450812770884,0.07896276859993896,0.018932317787168078,31.537857088923303
retention_fast,0.98,0.98,2,canonical,24,124,0.056034995899460364,0.05298117111610924,-0.0030538247833511237,-5.4498527827688,0.11060674530993181,0.12435534716584559,0.013748601855913783,12.430165825229505,0.05622159341084604,0.08381425882203894,0.0275926654111929,49.078412291797186
retention_fast,0.98,0.98,2,canonical,25,125,0.05388495183881424,0.050751798721368556,-0.0031331531174456848,-5.814523369748699,0.07869637386536456,0.060985315943189435,-0.017711057922175123,-22.505557819570672,0.06577278147769818,0.08917881466039308,0.023406033182694908,35.58619942298058
retention_fast,0.98,0.98,2,canonical,26,126,0.05290724449819469,0.05382056349169913,0.0009133189935044347,1.7262645260907494,0.057410350517166225,0.0854022478199327,0.02799189730276648,48.757579514162074,0.05994369666894594,0.0800042150824927,0.02006051841354676,33.465601102874906
retention_fast,0.98,0.98,2,canonical,27,127,0.04818328112980055,0.05082500533464182,0.002641724204841274,5.482657351052442,0.07560824879684892,0.11700966398923017,0.04140141519238125,54.75780202716017,0.054355724444286616,0.08278330338452547,0.028427578940238854,52.29914462712474
retention_fast,0.98,0.98,2,canonical,28,128,0.05190722155131241,0.05239511785503714,0.0004878963037247344,0.9399391628820452,0.05778358004097755,0.11633321541294865,0.0585496353719711,101.3257318609375,0.056706823752402366,0.07808412196109257,0.021377298208690207,37.697929092324735
retention_fast,0.98,0.98,2,canonical,29,129,0.05361311017271911,0.05498471706348487,0.0013716068907657641,2.558342327738529,0.061405073158389105,0.10932957300620386,0.04792449984781475,78.04648277870727,0.06477260569312294,0.10156312461912612,0.03679051892600317,56.79950425386284
retention_fast,0.98,0.99,3,level_4,0,100,0.05228301350356423,0.05582886468783662,0.0035458511842723917,6.782032914056617,0.07639447500005657,0.10725931566354367,0.030864840663487103,40.401927840284586,0.050961163817248314,0.08536411265541594,0.03440294883816762,67.50816947889953
retention_fast,0.98,0.99,3,level_4,1,101,0.04868568943820463,0.04943303171913141,0.0007473422809267799,1.5350348111540257,0.07978501213949311,0.0882631709372856,0.008478158797792484,10.626254944938267,0.05881158862507234,0.07330383931389146,0.014492250688819125,24.64182829885476
retention_fast,0.98,0.99,3,level_4,2,102,0.05234403322688307,0.05631837409709152,0.003974340870208447,7.59272953419892,0.07906908928595395,0.0807086627734447,0.0016395734874907475,2.0735960187440856,0.060052770158628845,0.08826501771415136,0.02821224755552252,46.97909435484845
retention_fast,0.98,0.99,3,level_4,3,103,0.05032916978611742,0.05420425320751405,0.0038750834213966273,7.699478131398689,0.08127341049181201,0.09587518583203038,0.014601775340218365,17.966239206473855,0.05535156344645321,0.07390524074630864,0.01855367729985543,33.5196987124025
retention_fast,0.98,0.99,3,level_4,4,104,0.051201104783398614,0.054263654270258824,0.0030625494868602096,5.981412900788046,0.06291640280861822,0.13124998701133178,0.06833358420271356,108.61012574188888,0.06521524396165124,0.08105406415126057,0.01583882018960933,24.2869906289442
retention_fast,0.98,0.99,3,level_4,5,105,0.05243957575000841,0.05442212172848104,0.0019825459784726315,3.780629324546573,0.0711413417564769,0.11533361220609277,0.044192270449615864,62.11897239848232,0.05993828238323695,0.08846076785482676,0.02852248547158981,47.58642446445336
retention_fast,0.98,0.99,3,level_4,6,106,0.052743250550595894,0.05520359391121055,0.002460343360614653,4.664754892674805,0.09465493133345383,0.07405785643152638,-0.020597074901927456,-21.760170982922517,0.05389736504394275,0.0745525726432325,0.02065520759928976,38.32322337548317
retention_fast,0.98,0.99,3,level_4,7,107,0.05190726891388324,0.051493059082521046,-0.0004142098313621931,-0.7979803985630374,0.06368698214745623,0.1212796914216943,0.05759270927423807,90.43089707232802,0.05435515481142231,0.08839031826045186,0.03403516344902956,62.616257035988305
retention_fast,0.98,0.99,3,level_4,8,108,0.05125054693799077,0.056330968535185,0.005080421597194233,9.912911960415084,0.06088160107136546,0.1133256678058455,0.052444066734480044,86.14107679757808,0.056260257916606896,0.1079682936379053,0.05170803572129841,91.90863610675918
retention_fast,0.98,0.99,3,level_4,9,109,0.04972785063764082,0.05457135173589102,0.0048435010982502,9.740016984735668,0.09373112203819749,0.12779320015772141,0.03406207811952393,36.34020096936734,0.05101403275221887,0.06824735200055458,0.01723331924833571,33.78152700069794
retention_fast,0.98,0.99,3,level_4,10,110,0.05022452040292947,0.050474967090203327,0.00025044668727385727,0.49865421364829865,0.0671710834298607,0.10857056702746094,0.04139948359760025,61.63289541224854,0.05497031194855228,0.08295614216582739,0.02798583021727511,50.91080844414265
retention_fast,0.98,0.99,3,level_4,11,111,0.054924178483572006,0.05498676445548087,6.258597190886284e-05,0.11394976426926895,0.08001019922677788,0.14866674062096166,0.06865654139418378,85.80973683065865,0.05907787826346428,0.07866770875023563,0.019589830486771348,33.159333176131256
retention_fast,0.98,0.99,3,level_4,12,112,0.05218178634258806,0.051961444580363704,-0.00022034176222435892,-0.42225799013041343,0.05509124400666411,0.1157277248264248,0.06063648081976068,110.06555018511797,0.055920043730933455,0.09163341358601597,0.035713369855082513,63.86506066934072
retention_fast,0.98,0.99,3,level_4,13,113,0.05206479852356724,0.05713263621870398,0.0050678376951367385,9.733712294772007,0.07254520916336331,0.07702460954233742,0.0044794003789741105,6.174632936665778,0.057497126118905464,0.08879308293294595,0.03129595681404049,54.43047144533743
retention_fast,0.98,0.99,3,level_4,14,114,0.05326880244039398,0.050984347166753666,-0.0022844552736403165,-4.288542578362909,0.07048486653680101,0.09013455143345765,0.01964968489665664,27.877877709248832,0.06319799717759744,0.08379738621237195,0.020599389034774512,32.59500293480286
retention_fast,0.98,0.99,3,level_4,15,115,0.047130838185250774,0.056728247951311705,0.009597409766060931,20.36333351072115,0.08886070668017611,0.10188821181928111,0.013027505139105,14.66059141977463,0.05644146283264553,0.08216381608317064,0.02572235325052511,45.57350564565347
retention_fast,0.98,0.99,3,level_4,16,116,0.05174857400456293,0.05481738889185768,0.0030688148872947477,5.930240487446388,0.06296763081611684,0.132062359978685,0.06909472916256817,109.73055245534675,0.05156208582606975,0.08530423008295426,0.033742144256884515,65.43983571708908
retention_fast,0.98,0.99,3,level_4,17,117,0.04972799062266084,0.05548204484422144,0.005754054221560598,11.571057164209043,0.07931154447827508,0.11151178007959282,0.03220023560131774,40.59968295049151,0.056806782875278176,0.07462435173468521,0.01781756885940703,31.36521372549172
retention_fast,0.98,0.99,3,level_4,18,118,0.053090518998613875,0.05368081907943538,0.0005903000808215042,1.1118747602315135,0.07635793929835988,0.13631504980427295,0.05995711050591307,78.52112178098147,0.05909212758170589,0.0901622560553491,0.031070128473643203,52.57913320295153
retention_fast,0.98,0.99,3,level_4,19,119,0.0514851075516086,0.05397322498337149,0.0024881174317628874,4.832693472124539,0.07469686856075061,0.11288251315327863,0.03818564459252802,51.12081045468702,0.06237038143119601,0.09860468675513998,0.03623430532394396,58.095372342585236
retention_fast,0.98,0.99,3,level_4,20,120,0.049800960661711906,0.05399232151004252,0.004191360848330612,8.416224893334284,0.10118827720762255,0.1360474748590541,0.034859197651431556,34.44983807749382,0.057937765283739444,0.09361720833949304,0.035679443055753594,61.582359763135756
retention_fast,0.98,0.99,3,level_4,21,121,0.050564797924553484,0.05559560249280164,0.005030804568248157,9.949223125057276,0.05643593683545048,0.12927528516638248,0.072839348330932,129.06554301261752,0.05817126010936126,0.08392698463294611,0.02575572452358485,44.275686095099886
retention_fast,0.98,0.99,3,level_4,22,122,0.050978796358367814,0.050743368577149194,-0.0002354277812186209,-0.46181510360429895,0.07290419317086733,0.08355186289798769,0.010647669727120362,14.605016891367498,0.057236603002345454,0.09439335797432208,0.037156754971976624,64.9178201062247
retention_fast,0.98,0.99,3,level_4,23,123,0.051288601645847205,0.05500954301205782,0.003720941366210616,7.254908979394835,0.07016455662525287,0.06551694029169697,-0.004647616333555898,-6.623880427804455,0.06000854736576176,0.07893462827208678,0.01892608090632502,31.53897525792036
retention_fast,0.98,0.99,3,level_4,24,124,0.05603479374118144,0.052982602891608686,-0.0030521908495727557,-5.446956517178398,0.11037952132239279,0.12455537265223335,0.01417585132984056,12.842827328845006,0.05625858557852926,0.08381547850078369,0.027556892922254432,48.982555531526465
retention_fast,0.98,0.99,3,level_4,25,125,0.05388798708092156,0.05075441625968638,-0.0031335708212351793,-5.814970999992288,0.07871882061127797,0.06078144578265055,-0.017937374828627416,-22.78664071607997,0.06572902455819431,0.08921060858988636,0.02348158403169205,35.72483265882371
retention_fast,0.98,0.99,3,level_4,26,126,0.0529099705203348,0.053822599719455834,0.0009126291991210372,1.7248718722500291,0.05691529276937129,0.08558770341488033,0.028672410645509037,50.37734016706836,0.05984945330591859,0.07998198987980835,0.02013253657388976,33.63863070057288
retention_fast,0.98,0.99,3,level_4,27,127,0.04818654960430515,0.05082885637162944,0.0026423067673242914,5.483494437809299,0.07573885748402757,0.11711067728692474,0.04137181980289717,54.62429877770733,0.054386831126029676,0.08289190357977431,0.02850507245374464,52.41171780663286
retention_fast,0.98,0.99,3,level_4,28,128,0.051909898895346106,0.052397104009719524,0.00048720511437341796,0.9385591664427178,0.05717910206099716,0.11710715335899867,0.05992805129800151,104.80761176359825,0.056708401883617164,0.07806900612492584,0.02136060424130868,37.66744174019772
retention_fast,0.98,0.99,3,level_4,29,129,0.05361566743530532,0.054985638378239624,0.0013699709429343052,2.555169054991927,0.06144958088485305,0.10939062710680793,0.04794104622195488,78.01688072012881,0.0647162308624541,0.1015852901478412,0.03686905928538711,56.97034390607124
retention_fast,0.98,0.995,4,level_5,0,100,0.05228631222506842,0.05582901765778939,0.0035427054327209703,6.775588642532792,0.07643864160252478,0.1073639059741867,0.030925264371661917,40.45763206058917,0.05099228803294108,0.08532245122136098,0.0343301631884199,67.32422590302788
retention_fast,0.98,0.995,4,level_5,1,101,0.04868738059308354,0.04943644302235573,0.000749062429272189,1.5385145393888775,0.07968388296092473,0.0879155826232779,0.008231699662353167,10.330444948810811,0.05882350809859703,0.0732518814921011,0.014428373393504071,24.528243656124605
retention_fast,0.98,0.995,4,level_5,2,102,0.05234557269754205,0.05632266492839342,0.003977092230851367,7.597762381608476,0.07907396550865747,0.0805496248243073,0.0014756593156498299,1.8661759356033134,0.060049085710230786,0.08818892161251174,0.028139835902280953,46.861389427427476
retention_fast,0.98,0.995,4,level_5,3,103,0.05033093354768326,0.05420732754507633,0.0038763939973930697,7.701812233863285,0.08141808036156147,0.09594112324665977,0.0145230428850983,17.837613980339945,0.055503899274874466,0.0737744892388644,0.018270589963989933,32.91766921366671
retention_fast,0.98,0.995,4,level_5,4,104,0.051206294790140855,0.054263804378505774,0.003057509588364919,5.970964313851518,0.06266290458141452,0.13117388276070546,0.06851097817929094,109.33259260313785,0.06528197241542034,0.08124325544483617,0.015961283029415824,24.44975609475547
retention_fast,0.98,0.995,4,level_5,5,105,0.05244435133190728,0.054423168861738175,0.001978817529830895,3.7731757178336527,0.07108192126339409,0.1153385148418466,0.044256593578452505,62.26139191491418,0.059936882927427056,0.0885280422172712,0.028591159289844147,47.70211244462442
retention_fast,0.98,0.995,4,level_5,6,106,0.05274210293195094,0.0552060192870964,0.002463916355145458,4.671630856897115,0.09463529893391977,0.0740566475193832,-0.02057865141453656,-21.745217319919757,0.05406458221152489,0.07462118839962452,0.02055660618809963,38.02231580681225
retention_fast,0.98,0.995,4,level_5,7,107,0.05191251254533026,0.051496190224888064,-0.0004163223204421973,-0.8019691207946497,0.06368928222252011,0.12129745338549269,0.05760817116297258,90.45190831590611,0.054419836503419576,0.08831565052453993,0.03389581402112036,62.28576967332574
retention_fast,0.98,0.995,4,level_5,8,108,0.05125266145999451,0.05633045498121126,0.005077793521216747,9.907375298315465,0.061314906466208186,0.11347988003432209,0.052164973568113907,85.07714775176737,0.05630842013277528,0.10789952656685425,0.05159110643407897,91.62236538057206
retention_fast,0.98,0.995,4,level_5,9,109,0.04972900419288643,0.0545726807364439,0.004843676543557468,9.740143849995572,0.09383222467804721,0.12791660898301654,0.03408438430496934,36.32481743017188,0.05101133214221733,0.06848987568810222,0.017478543545884892,34.26404058054295
retention_fast,0.98,0.995,4,level_5,10,110,0.05022670974962562,0.05047601008146492,0.0002493003318393,0.49635011547050073,0.06725896709330845,0.1087206751176569,0.041461708024348454,61.64487772586305,0.055023865289581635,0.08319512788770717,0.02817126259812553,51.198261790342734
retention_fast,0.98,0.995,4,level_5,11,111,0.054923819724284346,0.05498539129028672,6.157156600237329e-05,0.11210357602850712,0.08000513402575343,0.14923961777388467,0.06923448374813124,86.53755110996357,0.059169810414878184,0.07868861499622683,0.019518804581348644,32.98777610489125
retention_fast,0.98,0.995,4,level_5,12,112,0.05218680219551311,0.05196283362931743,-0.00022396856619567862,-0.42916706288421497,0.05496929823227128,0.1156020488172344,0.060632750584963126,110.30293733924178,0.05592840275006804,0.09167564622981438,0.03574724347974634,63.916081493499924
retention_fast,0.98,0.995,4,level_5,13,113,0.052066236187065844,0.05713589321680386,0.005069657029738016,9.736937795010823,0.07259471003734563,0.07722463631308248,0.004629926275736843,6.377773633030592,0.0576885368320193,0.08882265387000075,0.031134117037981454,53.9693303864501
retention_fast,0.98,0.995,4,level_5,14,114,0.053273047706584704,0.05099137453788254,-0.0022816731687021613,-4.282978479603936,0.07033718130164637,0.08987479543437349,0.019537614132727116,27.777078596508677,0.063232841430879,0.08362267624465478,0.02038983481377578,32.24564063923062
retention_fast,0.98,0.995,4,level_5,15,115,0.047132644909533145,0.05673027650591612,0.009597631596382973,20.36302357910268,0.08903329838518374,0.10185041431713307,0.012817115931949327,14.395867798246433,0.056474674145055116,0.0822591359824903,0.02578446183743518,45.65668103052322
retention_fast,0.98,0.995,4,level_5,16,116,0.051751625250507985,0.054818777808492924,0.0030671525579849396,5.926678714220348,0.06285919396178143,0.1322398839979629,0.06938069003618148,110.3747688498283,0.0516099436953764,0.08526126072592506,0.03365131703054866,65.20316555501958
retention_fast,0.98,0.995,4,level_5,17,117,0.0497296195778073,0.055483224048324065,0.005753604470516767,11.569773747242603,0.07930905832623222,0.11167906298939331,0.03237000466316109,40.81501577034159,0.05698392314623719,0.07461666814285091,0.01763274499661372,30.94336792390199
retention_fast,0.98,0.995,4,level_5,18,118,0.05309083265910852,0.053683310536856856,0.0005924778777483333,1.1159702119433323,0.07650133567883725,0.13677532512479731,0.06027398944596006,78.78815305787373,0.05910140656446889,0.09011265565085849,0.0310112490863896,52.47125388219308
retention_fast,0.98,0.995,4,level_5,19,119,0.05148376746664679,0.05397463741176791,0.00249086994512112,4.838165634896093,0.07466244716755589,0.11304889220295158,0.03838644503539569,51.41332288405929,0.06231629274450625,0.0984621017803202,0.03614580903581394,58.0037859184114
retention_fast,0.98,0.995,4,level_5,20,120,0.049801757869449695,0.05399381132943416,0.004192053459984468,8.417480906946126,0.10128345737464511,0.1363068195467524,0.035023362172107275,34.579548407946504,0.057888405596299014,0.09373566975204384,0.035847264155744823,61.92477368565952
retention_fast,0.98,0.995,4,level_5,21,121,0.05056616813520997,0.055595262239705956,0.005029094104495986,9.945570902364171,0.05679870572100596,0.1292582661260147,0.07245956040500875,127.57255554541784,0.05830164102900697,0.08384148744236605,0.02553984641335908,43.806393718235434
retention_fast,0.98,0.995,4,level_5,22,122,0.0509810426359675,0.05074577225962827,-0.00023527037633922637,-0.4614860037665087,0.07294915583988269,0.08358207712777689,0.010632921287894198,14.5757975750022,0.057296914133728415,0.09437009141067774,0.03707317727694933,64.7036194487232
retention_fast,0.98,0.995,4,level_5,23,123,0.05128910585500825,0.05501229968727659,0.0037231938322683372,7.259229363041775,0.07051732247339543,0.06523709643063527,-0.0052802260427601555,-7.487842501042583,0.060019627766379716,0.07890865106620035,0.01888902329982063,31.471410274892456
retention_fast,0.98,0.995,4,level_5,24,124,0.05603359116786422,0.05298272233487651,-0.0030508688329877118,-5.444714089175518,0.11017853894081518,0.12478373865129425,0.014605199710479064,13.25593881611061,0.05632748390106488,0.08380115983215787,0.02747367593109299,48.77490352551252
retention_fast,0.98,0.995,4,level_5,25,125,0.053891386365198,0.05075605858879579,-0.0031353277764022136,-5.817864389599275,0.07882740069537356,0.060682300958470936,-0.01814509973690262,-23.018772123444595,0.06574740609151551,0.08927330886988259,0.02352590277836708,35.782252376041676
retention_fast,0.98,0.995,4,level_5,26,126,0.05291258040489341,0.05382400783809765,0.0009114274332042357,1.7225155647860748,0.056528757924756076,0.08575170600016478,0.029222948075408706,51.695719397030786,0.05983927585287096,0.07998363760007725,0.02014436174720629,33.66411351089204
retention_fast,0.98,0.995,4,level_5,27,127,0.048189098968671594,0.05083143829913122,0.0026423393304596254,5.483271916284318,0.07587728684745482,0.11709287785350825,0.04121559100605343,54.31874638442735,0.054535500587478906,0.08299265442595113,0.028457153838472228,52.18097116909174
retention_fast,0.98,0.995,4,level_5,28,128,0.051912017458744554,0.05239867027439517,0.00048665281565061363,0.9374569501895504,0.05667111257214474,0.11769126207198062,0.061020149499835884,107.6741689553997,0.05679912306193402,0.07799179781335318,0.021192674751419158,37.31162315360146
retention_fast,0.98,0.995,4,level_5,29,129,0.05361762054196635,0.054986087555697,0.0013684670137306468,2.5522710629419887,0.061556094530454256,0.10959338587903575,0.04803729134858149,78.03823766762125,0.06473723403184305,0.10162030020898545,0.036883066177142404,56.973497136130824
eta_slow,0.0003,0.00015,0,level_1,0,100,0.05227804131842993,0.05582707924769145,0.00354903792926152,6.788773717905826,0.07645518971901565,0.10743000120989911,0.030974811490883464,40.51368076479905,0.05093681773798021,0.08543086573272483,0.03449404799474463,67.71928347032308
eta_slow,0.0003,0.00015,0,level_1,1,101,0.04868289696355198,0.04942843197024776,0.0007455350066957814,1.5314105223728782,0.07988763823495731,0.08878119164350741,0.008893553408550095,11.13257771170214,0.058869587109739045,0.07342075934801578,0.01455117223827674,24.717639366404658
eta_slow,0.0003,0.00015,0,level_1,2,102,0.052341757887278205,0.056313130777970954,0.0039713728906927495,7.587389210819763,0.07902909200927782,0.0808611691516568,0.0018320771423789711,2.3182312940706566,0.06024059328159393,0.0884495553812148,0.028208962099620864,46.82716514387302
eta_slow,0.0003,0.00015,0,level_1,3,103,0.05032652405753999,0.054199691562098515,0.0038731675045585237,7.696075930318974,0.08107090471101909,0.09598347591648354,0.01491257120546445,18.39447981815546,0.055266400171284424,0.0740831505959928,0.018816750424708373,34.0473603607084
eta_slow,0.0003,0.00015,0,level_1,4,104,0.05119489013503154,0.054262523738027674,0.0030676336029961324,5.992069901712746,0.06337273538689693,0.13130324584881634,0.0679305104619194,107.19201253851013,0.06529221428407338,0.08080315933594291,0.015510945051869535,23.75619393819991
eta_slow,0.0003,0.00015,0,level_1,5,105,0.052433430774363805,0.05442080756740211,0.0019873767930383077,3.7902856320628033,0.07136887325984691,0.11538285834375725,0.04401398508391034,61.67112226034428,0.060020981713292135,0.08846501709683001,0.028444035383537875,47.39015352899287
eta_slow,0.0003,0.00015,0,level_1,6,106,0.0527430625784068,0.05520064236142916,0.0024575797830223567,4.659531818746715,0.09473376108785482,0.07404568384285165,-0.02068807724500317,-21.8381250859631,0.05370522003014071,0.07445025069335635,0.020745030663215647,38.627587135055066
eta_slow,0.0003,0.00015,0,level_1,7,107,0.051900499267491094,0.051488397706626304,-0.00041210156086479016,-0.7940223440642663,0.06382262480418253,0.12111427862827377,0.05729165382409124,89.76699720494213,0.05438949896984955,0.08847827282167618,0.03408877385182663,62.6752856663076
eta_slow,0.0003,0.00015,0,level_1,8,108,0.051246206042760055,0.056330365201669515,0.00508415915890946,9.92104499339369,0.060282675123685195,0.11335048790570865,0.05306781278202345,88.03161550667978,0.056188267001463364,0.10799703982915072,0.05180877282768736,92.20567850284127
eta_slow,0.0003,0.00015,0,level_1,9,109,0.04972532898080021,0.05456935339582172,0.004844024415021506,9.741563332626447,0.09373209284253924,0.1276927737652373,0.033960680922698064,36.23164691281213,0.05104872287680902,0.06804285120845607,0.016994128331647054,33.29001662325099
eta_slow,0.0003,0.00015,0,level_1,10,110,0.05022048695103175,0.050472335367744,0.00025184841671225394,0.5014854136277543,0.0671561804232389,0.10843258289601854,0.04127640247277964,61.46329676977317,0.05498843533669057,0.08276205206208372,0.027773616725393142,50.50810512308109
eta_slow,0.0003,0.00015,0,level_1,11,111,0.054924223586496984,0.054986878118207086,6.265453171010182e-05,0.11407449685916966,0.08008474157511693,0.14819061588079485,0.06810587430567792,85.04226019359355,0.05896570640658726,0.07862220593765623,0.019656499531068974,33.33547705768362
eta_slow,0.0003,0.00015,0,level_1,12,112,0.05217449937538749,0.05195919147734498,-0.00021530789804251327,-0.4126688336641356,0.05536254117991786,0.11605656553240824,0.06069402435249038,109.63012726465392,0.05588706322294077,0.09163618975850087,0.035749126535560095,63.96672946107792
eta_slow,0.0003,0.00015,0,level_1,13,113,0.05206191763633401,0.05712744975249514,0.005065532116161127,9.729822384847944,0.07256235696942172,0.07670949839217217,0.004147141422750453,5.715279376189622,0.05731056065649608,0.08877319245809673,0.031462631801600645,54.89848893675828
eta_slow,0.0003,0.00015,0,level_1,14,114,0.0532629987579108,0.050975674065954095,-0.0022873246919567075,-4.294397133651786,0.07079527814494745,0.09047369912467977,0.019678420979732325,27.796233725422187,0.06322933516296587,0.08400040598049122,0.02077107081752534,32.85037042377632
eta_slow,0.0003,0.00015,0,level_1,15,115,0.04712803317591999,0.056725325727501254,0.009597292551581267,20.364296799224356,0.08870610568796797,0.1018939093400433,0.013187803652075336,14.86684997587953,0.05643592890843574,0.08208530601066648,0.02564937710223074,45.44866647600587
eta_slow,0.0003,0.00015,0,level_1,16,116,0.05174415943780841,0.054815518200068546,0.003071358762260133,5.935662682764451,0.06313056820925882,0.1319433478422333,0.06881277963297448,109.00072909985673,0.051554437575171745,0.08549678031860665,0.033942342743434904,65.83786835797294
eta_slow,0.0003,0.00015,0,level_1,17,117,0.049725772400633216,0.055479767920735196,0.00575399552010198,11.571455288301781,0.07941662284623448,0.11115829658521456,0.031741673738980083,39.96855142082525,0.05668541814049869,0.0747639629052443,0.01807854476474561,31.89276070952974
eta_slow,0.0003,0.00015,0,level_1,18,118,0.0530892329142386,0.05367785111508796,0.0005886182008493571,1.1087336707241986,0.07627965659754943,0.1356750235139273,0.05939536691637787,77.86527832675903,0.05911875858914315,0.09026690242157258,0.031148143832429427,52.68741187361404
eta_slow,0.0003,0.00015,0,level_1,19,119,0.05148508308590019,0.05397159760991344,0.0024865145240132516,4.829582424611477,0.07479536559546827,0.11289459043693573,0.03809922484146745,50.93794854553906,0.06243934702172658,0.09877274758430497,0.036333400562578395,58.189911162805274
eta_slow,0.0003,0.00015,0,level_1,20,120,0.049798302787355433,0.05398956220957706,0.0041912594222216285,8.416470416911185,0.10109119755679494,0.13582213485047598,0.03473093729368104,34.356044970353175,0.05803455684273205,0.09356221057471156,0.03552765373197951,61.218101187980054
eta_slow,0.0003,0.00015,0,level_1,21,121,0.050560876091869676,0.05559522333212607,0.005034347240256393,9.957001597656115,0.05619352642762039,0.12939412060987418,0.07320059418225379,130.2651725844955,0.05804260401352949,0.08412050359336641,0.026077899579836923,44.92889322084563
eta_slow,0.0003,0.00015,0,level_1,22,122,0.05097523263096497,0.050739767774545995,-0.00023546485641897513,-0.4619201213334762,0.07289575277519228,0.08347785728189601,0.01058210450670373,14.516764151319673,0.05721408778114046,0.09438530353181065,0.03717121575067019,64.9686418017539
eta_slow,0.0003,0.00015,0,level_1,23,123,0.05128660250824403,0.0550055581003453,0.003718955592101267,7.251319857858523,0.069631753866904,0.06615684559993393,-0.00347490826697007,-4.990407499446449,0.06004515173949829,0.07900700989948536,0.018961858159987077,31.579332570016277
eta_slow,0.0003,0.00015,0,level_1,24,124,0.05603510793424753,0.05298104594373187,-0.0030540619905156594,-5.450265205341165,0.11068425172644476,0.12427811061348948,0.013593858887044716,12.281655858903784,0.056233883095264024,0.08384059036919607,0.027606707273932045,49.09265687230669
eta_slow,0.0003,0.00015,0,level_1,25,125,0.053884093042087834,0.05075146584651309,-0.003132627195574743,-5.813640016410609,0.07869160563609555,0.06102501286152794,-0.017666592774567606,-22.450415939237114,0.065799224979455,0.0891854927624363,0.023386267782981293,35.541859026885746
eta_slow,0.0003,0.00015,0,level_1,26,126,0.05290649932874179,0.053820326412858326,0.0009138270841165322,1.7272491956769662,0.05754635656988605,0.08534993898281296,0.027803582412926908,48.31510467419669,0.059951328931412355,0.08003456085167131,0.020083231920258952,33.499227253553094
eta_slow,0.0003,0.00015,0,level_1,27,127,0.048182277735373376,0.05082419670490112,0.002641918969527743,5.483175751959435,0.07558784610093235,0.11699210967804508,0.04140426357711273,54.77635058131657,0.05435372980824566,0.08278452187197015,0.028430792063724487,52.30697537045826
eta_slow,0.0003,0.00015,0,level_1,28,128,0.05190657845930631,0.0523945350377686,0.0004879565784622897,0.9400669297531095,0.05795800336036046,0.11618381215491048,0.05822580879455003,100.46206808147696,0.05671098915866966,0.07809875091506123,0.021387761756391573,37.71361084277955
eta_slow,0.0003,0.00015,0,level_1,29,129,0.05361233530848992,0.05498437871982802,0.0013720434113380989,2.5591935203778102,0.06140163381795169,0.10929355234914405,0.04789191853119236,77.99779183919767,0.06478566899045783,0.10157438822736899,0.036788719236911155,56.785273363974525
eta_slow,0.0003,0.000225,1,level_2,0,100,0.052278537614768035,0.05582717330158192,0.003548635686813885,6.787939848209219,0.07644550602600463,0.10742458039317729,0.030979074367172663,40.52438917290239,0.050929196007997106,0.08541319469814364,0.03448399869014653,67.70968598194976
eta_slow,0.0003,0.000225,1,level_2,1,101,0.04868322628484829,0.04942880553793533,0.0007455792530870406,1.5314910493495533,0.07986487453240253,0.08870561931319726,0.008840744780794732,11.069628334804298,0.05886190881475654,0.07340256923335008,0.014540660418593539,24.703005239524664
eta_slow,0.0003,0.000225,1,level_2,2,102,0.05234211911711569,0.05631376135330267,0.003971642236186977,7.587851434330377,0.07903233916764468,0.08083648740765023,0.0018041482400055486,2.2827974712712984,0.06022174928205934,0.08843138430590845,0.028209635023849114,46.84293525205361
eta_slow,0.0003,0.000225,1,level_2,3,103,0.05032687657711275,0.054200093194460175,0.003873216617347422,7.696119609991556,0.08108294637717571,0.09596451844763279,0.01488157207045708,18.353516658400736,0.05526967664260848,0.07406051631035981,0.018790839667751337,33.99846137920972
eta_slow,0.0003,0.000225,1,level_2,4,104,0.051195554736536794,0.054262612096924664,0.0030670573603878704,5.990866543338771,0.06331735994049269,0.1312997680470933,0.06798240810660063,107.36772374984092,0.06528662355204498,0.08082149453652446,0.015534870984479476,23.794875794266552
eta_slow,0.0003,0.000225,1,level_2,5,105,0.052434226329676405,0.05442079651589093,0.001986570186214523,3.7886898029621086,0.07134162701891053,0.11539297147678576,0.04405134445787523,61.74704208273598,0.06001008229461458,0.08846329554876647,0.028453213254151892,47.41405471577788
eta_slow,0.0003,0.000225,1,level_2,6,106,0.05274311202595926,0.05520100238912781,0.002457890363168555,4.660116304777055,0.09473057778073438,0.07404881772424428,-0.020681760056490098,-21.8321903455087,0.05371175605629861,0.07445026495497513,0.020738508898676518,38.61074450244971
eta_slow,0.0003,0.000225,1,level_2,7,107,0.051901447767844146,0.05148878832681506,-0.00041265944102908403,-0.7950827169117037,0.06380453536296131,0.12111251555238572,0.057307980189424415,89.8180354475112,0.05438261101605054,0.08845309029851457,0.03407047928246403,62.649583471467444
eta_slow,0.0003,0.000225,1,level_2,8,108,0.051246736505473345,0.056330251691745874,0.005083515186272529,9.919685687164861,0.06033860827450976,0.11337611988567803,0.05303751161116827,87.89979273282998,0.05618759704799027,0.10797425382511794,0.05178665677712767,92.16741682847955
eta_slow,0.0003,0.000225,1,level_2,9,109,0.04972562266513054,0.05456957948230117,0.004843956817170633,9.741369856324386,0.09373167907368254,0.12770225136311264,0.033970572289430095,36.24235970714427,0.05103839093712477,0.06806328321250914,0.017024892275384368,33.35703176136113
eta_slow,0.0003,0.000225,1,level_2,10,110,0.050220915723217414,0.05047256912317853,0.0002516533999611173,0.5010928142928635,0.06714697318823476,0.108454820569382,0.041307847381147234,61.518554626949346,0.054980847559916314,0.08278321828373353,0.027802370723817214,50.56737383598736
eta_slow,0.0003,0.000225,1,level_2,11,111,0.05492424638641425,0.05498674933897412,6.250295255987026e-05,0.1137984709341968,0.08007608854752787,0.14826541093729187,0.068189322389764,85.15566085535175,0.058968938833790924,0.07861294547174806,0.019644006637957137,33.31246419971279
eta_slow,0.0003,0.000225,1,level_2,12,112,0.052175423905745165,0.05195933443195925,-0.00021608947378591592,-0.4141594981121404,0.05532787551037915,0.11601906428279175,0.060691188772412606,109.69369095154816,0.05587463028127667,0.09162753282652517,0.035752902545248495,63.98772101983667
eta_slow,0.0003,0.000225,1,level_2,13,113,0.05206223620084515,0.05712807076973642,0.005065834568891273,9.730343793432823,0.07256677322693438,0.07673393235546275,0.004167159128528372,5.742516778990058,0.05731393644062033,0.08876834636237742,0.03145440992175709,54.88091008082335
eta_slow,0.0003,0.000225,1,level_2,14,114,0.0532636551742201,0.05097661152712898,-0.0022870436470911193,-4.293816561425287,0.07075490246083016,0.09041835135473071,0.01966344889390055,27.79093491759983,0.06322313811567479,0.0839690790275846,0.020745940911909816,32.81384241628828
eta_slow,0.0003,0.000225,1,level_2,15,115,0.047128394878564364,0.05672566699080939,0.009597272112245023,20.364097137138437,0.08873911031024843,0.10190516986460968,0.013166059554361245,14.836817169261954,0.056428673811215135,0.08208950573023997,0.025660831919024837,45.4748094999971
eta_slow,0.0003,0.000225,1,level_2,16,116,0.051744645094865295,0.054815621727537234,0.0030709766326719387,5.934868481640581,0.0631055279727458,0.1319596489849999,0.0688541210122541,109.10949202737204,0.05154707724043458,0.08546946542840679,0.03392238818797221,65.80855793189919
eta_slow,0.0003,0.000225,1,level_2,17,117,0.0497260806980439,0.05548001843562612,0.005753937737582218,11.57126734464026,0.07941155532415221,0.11119038992926912,0.03177883460511691,40.0178972385039,0.05669042881050362,0.07475644425281555,0.018066015442311935,31.867840518018202
eta_slow,0.0003,0.000225,1,level_2,18,118,0.05308930300348371,0.053678218085357166,0.0005889150818734548,1.1092914175852155,0.07629535693427426,0.13572454827726488,0.059429191342990614,77.89358845805879,0.05910790426463292,0.09025795061704996,0.031150046352417034,52.700305889639864
eta_slow,0.0003,0.000225,1,level_2,19,119,0.05148504452653832,0.053971705625341,0.0024866610988026824,4.829870735609282,0.07478177711674912,0.11289633130188513,0.03811455418513601,50.96770316868997,0.062426040708163676,0.09874941340467837,0.03632337269651469,58.18625093704614
eta_slow,0.0003,0.000225,1,level_2,20,120,0.04979863320032553,0.053989849639805944,0.004191216439480415,8.416328260698162,0.10110146050496775,0.13585105722785681,0.03474959672288906,34.37101358311396,0.058018386544968666,0.09356920456427707,0.03555081801930841,61.27508904742433
eta_slow,0.0003,0.000225,1,level_2,21,121,0.05056129544433857,0.05559534039971687,0.005034044955378299,9.956321156605114,0.05621875295734133,0.1293867333433992,0.07316798038605787,130.14870757019028,0.058045406623390396,0.08410746197513123,0.02606205535174084,44.8994276512462
eta_slow,0.0003,0.000225,1,level_2,22,122,0.0509756661641146,0.05074014799774776,-0.00023551816636684098,-0.4620207720456216,0.07289253885338783,0.08348833138166789,0.010595792528280065,14.536182570882707,0.057209862847823645,0.09437671448132696,0.03716685163350332,64.96581145870935
eta_slow,0.0003,0.000225,1,level_2,23,123,0.05128690283670886,0.055005888782546315,0.003718985945837458,7.251336579395812,0.06967314645636156,0.06608357482648194,-0.0035895716298796204,-5.152015966621917,0.06003779384033004,0.07898480636496283,0.018947012524632788,31.558475607918226
eta_slow,0.0003,0.000225,1,level_2,24,124,0.056035051766674844,0.0529811085802628,-0.003053943186412042,-5.450058651017938,0.11064541024807877,0.12431672364463929,0.013671313396560525,12.355969728801211,0.056227721985273635,0.08382741844492378,0.027599696459650144,49.0855675548774
eta_slow,0.0003,0.000225,1,level_2,25,125,0.053884522551065725,0.05075163212263411,-0.003132890428431616,-5.814082189301414,0.07869397001319868,0.0610050448784748,-0.01768892513472388,-22.478120155530423,0.06578598822009762,0.08918210335607972,0.023396115135982096,35.563979152683125
eta_slow,0.0003,0.000225,1,level_2,26,126,0.05290687184153346,0.05382044499072516,0.0009135731491916946,1.7267570683975169,0.057478224710659186,0.08537608132136301,0.027897856610703826,48.5363922618338,0.05994735577867623,0.08001936630411939,0.020072010525443162,33.48272874544859
eta_slow,0.0003,0.000225,1,level_2,27,127,0.04818277955399209,0.050824601106115835,0.002641821552123745,5.482916462225688,0.07559800426314481,0.11700076816549569,0.041402763902350884,54.767006491645404,0.054354688061129995,0.08278390093479553,0.02842921287366553,52.30314787510623
eta_slow,0.0003,0.000225,1,level_2,28,128,0.051906900069280636,0.05239482651615692,0.0004879264468762856,0.9400030559040234,0.057870576451266725,0.11625850392569598,0.05838792747442925,100.89397938449463,0.056708882638638096,0.07809142058755206,0.02138253794891396,37.70580013922749
eta_slow,0.0003,0.000225,1,level_2,29,129,0.053612722766152233,0.05498454793385992,0.0013718251677076881,2.5587679508300853,0.061403313173149066,0.10931155290714935,0.04790823973400028,78.0222389611217,0.06477908870105256,0.10156871947950549,0.03678963077845293,56.79244879197437
eta_slow,0.0003,0.0003,2,canonical,0,100,0.05227903361128479,0.05582726771342003,0.003548234102135242,6.787107291457911,0.07643590785038243,0.10741935014438038,0.03098344229399795,40.535192379275095,0.05092163240002351,0.08539560977309452,0.03447397737307101,67.70006330954757
eta_slow,0.0003,0.0003,2,canonical,1,101,0.048683555599097254,0.0494291789218098,0.000745623322712545,1.531571212367182,0.07984218432276635,0.08863022369467108,0.008788039371904727,11.006762210285483,0.05885431523510717,0.07338451959459094,0.014530204359483774,24.688426500995746
eta_slow,0.0003,0.0003,2,canonical,2,102,0.05234248019736282,0.056314391434914686,0.003971911237551869,7.588313015690812,0.07903576463981214,0.0808119000103707,0.0017761353705585542,2.2472552503956846,0.060202935547240384,0.08841325329628952,0.028210317749049134,46.85870795604792
eta_slow,0.0003,0.0003,2,canonical,3,103,0.05032722908195535,0.054200494582447585,0.0038732655004922317,7.696162835002925,0.0810950685709957,0.09594562355138886,0.014850554980393157,18.312525338568587,0.05527311227670311,0.07403792650651653,0.018764814229813416,33.949262954245725
eta_slow,0.0003,0.0003,2,canonical,4,104,0.05119621887821709,0.054262700304995505,0.003066481426778414,5.989663873562227,0.06326255002179447,0.1312963316583081,0.06803378163651362,107.54195272412419,0.06528116355477227,0.08083986092684163,0.015558697372069358,23.833364059167366
eta_slow,0.0003,0.0003,2,canonical,5,105,0.05243502133258905,0.05442078559916811,0.0019857642665790584,3.7870953727349397,0.07131443862880558,0.11540325656724328,0.04408881793843769,61.82312977028635,0.05999929294987376,0.08846159485534237,0.028462301905468612,47.43772885665063
eta_slow,0.0003,0.0003,2,canonical,6,106,0.05274316164064624,0.055201362297272294,0.002458200656626053,4.660700231386306,0.09472747098725408,0.07405200601923972,-0.020675464968014354,-21.82626090671872,0.053718430130723985,0.0744502912947197,0.02073186116399571,38.593572287098965
eta_slow,0.0003,0.0003,2,canonical,7,107,0.05190239552492012,0.05148917889309668,-0.0004132166318234348,-0.7961417341999857,0.06378659349272257,0.12111102126191156,0.05732442776918899,89.8690847563903,0.054375773230939735,0.08842799257988165,0.03405221934894192,62.62388068362448
eta_slow,0.0003,0.0003,2,canonical,8,108,0.05124726672090241,0.05633013860467138,0.00508287188376897,9.918327764582616,0.06039476522035152,0.11340182780519259,0.05300706258484107,87.76764408544967,0.05618698468293863,0.10795149981723465,0.051764515134296016,92.1290142662069
eta_slow,0.0003,0.0003,2,canonical,9,109,0.0497259163568056,0.05456980541985687,0.00484388906305127,9.741176066609226,0.09373135449462155,0.12771172829082458,0.03398037379620303,36.25294222986276,0.051028094045126815,0.06808374690232526,0.01705565285719844,33.42404449226584
eta_slow,0.0003,0.0003,2,canonical,10,110,0.050221344434371235,0.050472802848362516,0.00025145841399128177,0.5007002835614749,0.06713786743534526,0.10847707009727019,0.04133920266192492,61.57360107056598,0.0549733624712438,0.08280441049995518,0.027831048028711385,50.62642483124371
eta_slow,0.0003,0.0003,2,canonical,11,111,0.05492426932575183,0.05498662087018938,6.235154443754581e-05,0.11352275633881145,0.08006748030211115,0.1483402135851159,0.06827273328300475,85.26899188709025,0.05897219896197289,0.07860369648530734,0.01963149752333445,33.28941072045397
eta_slow,0.0003,0.0003,2,canonical,12,112,0.052176347681895975,0.05195947725298893,-0.00021687042890704278,-0.41564892627065186,0.05529345601473317,0.11598164509649729,0.06068818908176412,109.75654888635194,0.05586234669898512,0.09161890346024777,0.03575655676126265,64.00833275755001
eta_slow,0.0003,0.0003,2,canonical,13,113,0.05206255485385231,0.05712869144356561,0.005066136589713298,9.730864349501731,0.0725712680876223,0.07675856035674918,0.004187292269126869,5.769903681538465,0.05731753697710737,0.08876352235652092,0.03144598537941355,54.862764588040626
eta_slow,0.0003,0.0003,2,canonical,14,114,0.05326431118241393,0.05097754808647106,-0.002286763095942876,-4.293236963323178,0.0707148747809747,0.09036319365250345,0.01964831887152875,27.785269976628708,0.06321700550586887,0.08393786514699901,0.020720859641130143,32.77735077028677
eta_slow,0.0003,0.0003,2,canonical,15,115,0.04712875648091697,0.0567260081677048,0.009597251686787836,20.363897550901612,0.08877222467639247,0.10191648971708762,0.013144265040695158,14.806731597198175,0.05642154265515883,0.08209374807211185,0.025672205416953024,45.500715168066606
eta_slow,0.0003,0.0003,2,canonical,16,116,0.0517451306473083,0.05481572524170674,0.003070594594398443,5.934074483891888,0.0630805911659902,0.13197598569762728,0.06889539453163708,109.21805464749977,0.05153984433904071,0.08544219534426276,0.03390235100522205,65.778916176395
eta_slow,0.0003,0.0003,2,canonical,17,117,0.049726389075452786,0.05548026883733793,0.005753879761885142,11.571078996213538,0.07940649677572749,0.11122247460298454,0.03181597782725705,40.067222606629805,0.0566956585574074,0.07474895576715143,0.01805329720974403,31.842468487184245
eta_slow,0.0003,0.0003,2,canonical,18,118,0.05308937317680226,0.053678584908746246,0.0005892117319439838,1.1098487261880945,0.07631113866207387,0.1357740924044229,0.05946295374234903,77.9217225491378,0.05909712507191428,0.09024901947406606,0.031151894402151784,52.71304545566908
eta_slow,0.0003,0.0003,2,canonical,19,119,0.05148500620835039,0.05397181379762506,0.0024868075892746644,4.830158860641891,0.0747683360866008,0.11289822220950155,0.03812988612290075,50.99737150594954,0.06241277800938054,0.09872617350322085,0.036313395493840314,58.18262966660844
eta_slow,0.0003,0.0003,2,canonical,20,120,0.04979896356208757,0.05399013702601002,0.0041911734639224485,8.41618612945035,0.10111176228921491,0.1358799786448936,0.034768216355678686,34.385926591042356,0.058002275582574196,0.09357624898598832,0.03557397340341412,61.33203059036829
eta_slow,0.0003,0.0003,2,canonical,21,121,0.05056171466806138,0.05559545752070769,0.0050337428526463154,9.955641112436423,0.056244146267292426,0.12937939390856212,0.07313524764126969,130.03174995972856,0.05804824549063236,0.08409444254403468,0.026046197053402324,44.869912661883255
eta_slow,0.0003,0.0003,2,canonical,22,122,0.05097609946294546,0.05074052806188473,-0.00023557140106072322,-0.46212127554396376,0.07288938815293293,0.08349886926259846,0.01060948110966553,14.555590845961333,0.05720565898617815,0.09436816092140372,0.03716250193522557,64.96298197387195
eta_slow,0.0003,0.0003,2,canonical,23,123,0.05128720292880176,0.05500621961176081,0.003719016682959049,7.251354081683661,0.06971469856860425,0.06601050046417738,-0.0037041981044268757,-5.313367454040814,0.060030450812770884,0.07896276859993896,0.018932317787168078,31.537857088923303
eta_slow,0.0003,0.0003,2,canonical,24,124,0.056034995899460364,0.05298117111610924,-0.0030538247833511237,-5.4498527827688,0.11060674530993181,0.12435534716584559,0.013748601855913783,12.430165825229505,0.05622159341084604,0.08381425882203894,0.0275926654111929,49.078412291797186
eta_slow,0.0003,0.0003,2,canonical,25,125,0.05388495183881424,0.050751798721368556,-0.0031331531174456848,-5.814523369748699,0.07869637386536456,0.060985315943189435,-0.017711057922175123,-22.505557819570672,0.06577278147769818,0.08917881466039308,0.023406033182694908,35.58619942298058
eta_slow,0.0003,0.0003,2,canonical,26,126,0.05290724449819469,0.05382056349169913,0.0009133189935044347,1.7262645260907494,0.057410350517166225,0.0854022478199327,0.02799189730276648,48.757579514162074,0.05994369666894594,0.0800042150824927,0.02006051841354676,33.465601102874906
eta_slow,0.0003,0.0003,2,canonical,27,127,0.04818328112980055,0.05082500533464182,0.002641724204841274,5.482657351052442,0.07560824879684892,0.11700966398923017,0.04140141519238125,54.75780202716017,0.054355724444286616,0.08278330338452547,0.028427578940238854,52.29914462712474
eta_slow,0.0003,0.0003,2,canonical,28,128,0.05190722155131241,0.05239511785503714,0.0004878963037247344,0.9399391628820452,0.05778358004097755,0.11633321541294865,0.0585496353719711,101.3257318609375,0.056706823752402366,0.07808412196109257,0.021377298208690207,37.697929092324735
eta_slow,0.0003,0.0003,2,canonical,29,129,0.05361311017271911,0.05498471706348487,0.0013716068907657641,2.558342327738529,0.061405073158389105,0.10932957300620386,0.04792449984781475,78.04648277870727,0.06477260569312294,0.10156312461912612,0.03679051892600317,56.79950425386284
eta_slow,0.0003,0.000375,3,level_4,0,100,0.05227952930841989,0.055827362481823135,0.0035478331734032434,6.786276044057355,0.0764263950301699,0.10741430977531859,0.030987914745148684,40.546089780783156,0.050914126880080415,0.0853781107091235,0.03446398382904309,67.69041509877435
eta_slow,0.0003,0.000375,3,level_4,1,101,0.04868388490602418,0.04942955212193138,0.0007456672159072003,1.5316510121297466,0.07981956749175172,0.08855500446781592,0.008735436976064201,10.943979340613305,0.058846806162575524,0.07336661002522918,0.014519803862653655,24.673902985558687
eta_slow,0.0003,0.000375,3,level_4,2,102,0.05234284112819316,0.05631502102359158,0.003972179895398421,7.588773956060452,0.0790393680638006,0.08078740675979641,0.00174803869599581,2.2116051011247873,0.06018415205415385,0.08839516228203978,0.028211010227885927,46.87448317374579
eta_slow,0.0003,0.000375,3,level_4,3,103,0.050327581572071664,0.054200895726314015,0.0038733141542423508,7.69620560585763,0.08110727109223143,0.09592679115718189,0.014819520064950464,18.27150619837572,0.05527670684614672,0.07401538114488354,0.018738674298736824,33.899766045927315
eta_slow,0.0003,0.000375,3,level_4,4,104,0.05119688256094849,0.054262788362521366,0.0030659058015728782,5.988461891059482,0.06320830461302333,0.1312929366039743,0.06808463199095095,107.71469414941863,0.06527583377024779,0.0808582583356987,0.015582424565450906,23.871659181400226
eta_slow,0.0003,0.000375,3,level_4,5,105,0.05243581578376542,0.0544207748170744,0.001984959033308982,3.785502339649958,0.07128730799025948,0.11541371311308157,0.04412640512282209,61.89938485101922,0.059988613396040794,0.08845991493852953,0.02847130154248874,47.46117626444059
eta_slow,0.0003,0.000375,3,level_4,6,106,0.05274321142207211,0.05520172208590561,0.002458510663833499,4.661283599437131,0.09472444052673865,0.07405524864773337,-0.020669191879005275,-21.820336719931127,0.053725241967813184,0.07445032972675474,0.02072508775894155,38.576071507240414
eta_slow,0.0003,0.000375,3,level_4,7,107,0.05190334253982591,0.0514895694050151,-0.0004137731348108145,-0.7971993990431784,0.06376879890581606,0.12110979491617375,0.05734099601035769,89.92014432488845,0.05436898551015901,0.08840297941904608,0.034033993908887075,62.59817723199511
eta_slow,0.0003,0.000375,3,level_4,8,108,0.05124779668934035,0.05633002593934263,0.005082229250002283,9.916971222802635,0.06045114461653598,0.1134276112898653,0.052976466673329316,87.63517549482096,0.056186429762706096,0.10792877773564125,0.05174234797293515,92.09047129611228
eta_slow,0.0003,0.000375,3,level_4,9,109,0.04972621005555515,0.054570031208601745,0.004843821153046594,9.740981964310125,0.09373111888354552,0.12772120454883643,0.03399008566529091,36.263394772360776,0.05101783213680231,0.06810424216886087,0.017086410032058554,33.491054630157585
eta_slow,0.0003,0.000375,3,level_4,10,110,0.05022177308413663,0.050473036543314406,0.00025126345917777376,0.5003078221806936,0.06712886296821428,0.10849933143782751,0.04137046846961323,61.628436175363596,0.054965979787064155,0.08282562862967913,0.02785964884261497,50.68525831894939
eta_slow,0.0003,0.000375,3,level_4,11,111,0.05492429240419361,0.054986492711312264,6.220030711865526e-05,0.11324735266667925,0.08005891675664335,0.14841502361330391,0.06835610685666056,85.38225300305268,0.058975486739759476,0.07859445896252595,0.019618972222766477,33.266316748412635
eta_slow,0.0003,0.000375,3,level_4,12,112,0.052177270705004324,0.05195961994067682,-0.00021765076432750385,-0.4171371200269181,0.055259282267672384,0.11594430784075456,0.060685025573082176,109.81870028482788,0.05585021206335561,0.09161030159247183,0.03576008952911622,64.02856535003042
eta_slow,0.0003,0.000375,3,level_4,13,113,0.05206287359538888,0.05712931177437017,0.005066438178981288,9.731384053741538,0.07257584138801185,0.07678338161148927,0.004207540223477427,5.797439124381178,0.05732136206357729,0.08875872038253495,0.03143735831895766,54.84405322415279
eta_slow,0.0003,0.000375,3,level_4,14,114,0.053264966783002375,0.05097848374563312,-0.0022864830373692524,-4.292658337109678,0.07067519435039872,0.0903082256531339,0.01963303130273518,27.77923921283765,0.06321093715170314,0.08390676406490849,0.020695826913205345,32.740895556628715
eta_slow,0.0003,0.000375,3,level_4,15,115,0.047129117983011136,0.05672634925821305,0.009597231275201915,20.36369804047993,0.08880544837487107,0.10192786883124669,0.013122420456375614,14.776593887553428,0.05641453521585282,0.08209803298842261,0.025683497772569792,45.52638371352314
eta_slow,0.0003,0.000375,3,level_4,16,116,0.05174561609492403,0.05481582874261965,0.003070212647695622,5.933280690026983,0.06305575763847494,0.13199235790323718,0.06893660026476224,109.32641656612016,0.051532738517010866,0.08541497002010728,0.03388223150309642,65.74894422098673
eta_slow,0.0003,0.000375,3,level_4,17,117,0.04972669753295345,0.055480519125995914,0.005753821593042462,11.570890243072052,0.0794014471988204,0.11125455057991125,0.03185310338109085,40.11652747503582,0.05670110722922145,0.0747414974108202,0.018040390181598753,31.816645323464634
eta_slow,0.0003,0.000375,3,level_4,18,118,0.05308944343406617,0.05367895158532631,0.0005895081512601388,1.1104055969098108,0.07632700159248897,0.13582365576184566,0.05949665416935669,77.94968088358854,0.059086420921879955,0.09024010896116946,0.031153688039289508,52.72563061566852
eta_slow,0.0003,0.000375,3,level_4,19,119,0.05148496813080078,0.05397192212610137,0.002486953995300592,4.830446799505304,0.07475504219528631,0.11290026268478148,0.038145220489495174,51.02695332556501,0.06239955884094795,0.09870302762635531,0.03630346878540736,58.17904719157123
eta_slow,0.0003,0.000375,3,level_4,20,120,0.04979929387254467,0.05399042436815699,0.004191130495612323,8.4160440233129,0.10112210283709122,0.1359088990874868,0.034786796250395574,34.40078407629386,0.05798622385634174,0.09358334376220373,0.03559711990586199,61.38892574562582
eta_slow,0.0003,0.000375,3,level_4,21,121,0.05056213376308839,0.05559557469502373,0.005033440931935335,9.954961464877638,0.05626970581865862,0.12937210225012924,0.07310239643147062,129.91430356337565,0.058051120550916484,0.08408144528300616,0.02603032473208968,44.84034844643275
eta_slow,0.0003,0.000375,3,level_4,22,122,0.05097653252769163,0.05074090796706483,-0.0002356245606267987,-0.4622216320790395,0.07288630056658521,0.08350947081218221,0.010623170245597002,14.574988938960093,0.05720147616833393,0.09435964280333264,0.03715816663499871,64.96015334577858
eta_slow,0.0003,0.000375,3,level_4,23,123,0.05128750278489868,0.05500655058708941,0.0037190478021907336,7.251372362168873,0.06975640942799459,0.06593762237184227,-0.003818787056152323,-5.474460465305673,0.06002312261940942,0.0789408961603652,0.018917773540955786,31.5174764580449
eta_slow,0.0003,0.000375,3,level_4,24,124,0.05603494033190437,0.052981233551423576,-0.0030537067804807944,-5.449647599146489,0.11056825663065004,0.12439398108784604,0.013825724457196,12.504243874786251,0.056215497310221144,0.08380111147850683,0.027585614168285685,49.07119119849901
eta_slow,0.0003,0.000375,3,level_4,25,125,0.053885380905632725,0.050751965641548914,-0.003133415264083811,-5.814963560471501,0.0786988171258737,0.060965825537408154,-0.01773299158846555,-22.53272950736066,0.06575960473306873,0.0891756263392024,0.023416021606133666,35.60851939603947
eta_slow,0.0003,0.000375,3,level_4,26,126,0.05290761729734491,0.05382068191607631,0.0009130646187313976,1.725771571983489,0.057342733728746625,0.0854284384174827,0.02808570468873607,48.978663663982864,0.05994035020319215,0.07998910715080486,0.02004875694761271,33.447847534506074
eta_slow,0.0003,0.000375,3,level_4,27,127,0.04818378246300012,0.05082540939072656,0.0026416269277264384,5.482398418502987,0.07561857946308126,0.11701879645398187,0.041400216990900615,54.748736732238086,0.05435683879276283,0.08278272916011493,0.028425890367352102,52.294966003683015
eta_slow,0.0003,0.000375,3,level_4,28,128,0.05190754290545223,0.0523954090546625,0.0004878661492102726,0.9398752510765221,0.05769701433769655,0.11640794634515741,0.058710932007460866,101.75731392933078,0.05670481234126757,0.07807685497860849,0.021372042637340917,37.68999800002366
eta_slow,0.0003,0.000375,3,level_4,29,129,0.053613497528038,0.05498488610872832,0.0013713885806903234,2.5579166514423624,0.06140691361609853,0.10934761258787086,0.04794069897177233,78.07052357571042,0.06476621974607014,0.10155760347250607,0.036791383726435936,56.8064399476833
eta_slow,0.0003,0.00045,4,level_5,0,100,0.05228002470661204,0.05582745760541425,0.0035474328988022094,6.785446102426102,0.07641696740357712,0.10740945859972537,0.030992491196148247,40.55708077562035,0.05090667941407024,0.08536069725853362,0.034454017844463385,67.68074099710488
eta_slow,0.0003,0.00045,4,level_5,1,101,0.04868421420535534,0.0494299251383611,0.0007457109330057596,1.531730449340867,0.07979702392524658,0.08847996131355267,0.008682937388306083,10.881279728477358,0.05883938138924106,0.0733488401197223,0.01450945873048124,24.659434528205857
eta_slow,0.0003,0.00045,4,level_5,2,102,0.05234320190977993,0.05631565012011598,0.003972448210336051,7.589234256595656,0.07904314907747093,0.08076300745636929,0.0017198583788983618,2.1758474946547395,0.06016539877984359,0.08837711119297963,0.02821171241313604,46.89026082311522
eta_slow,0.0003,0.00045,4,level_5,3,103,0.05032793404746547,0.05420129662631232,0.0038733625788468506,7.696247923059569,0.0811195537409287,0.09590802119451093,0.014788467453582227,18.230459576752743,0.05528046012263296,0.0739928801859054,0.018712420063272436,33.84997162064356
eta_slow,0.0003,0.00045,4,level_5,4,104,0.05119754578560283,0.054262876269782497,0.0030653304841796666,5.9872605945140105,0.06315462268993045,0.13128958280581352,0.06813496011588306,107.88594280802613,0.06527063367817663,0.08087668659250881,0.015606052914332175,23.909761610833094
eta_slow,0.0003,0.00045,4,level_5,5,105,0.052436609683867916,0.05442076416945052,0.0019841544855826038,3.7839107019785594,0.07126023500427826,0.11542434061308016,0.04416410560880189,61.97580685237764,0.05997804335048046,0.08845825572056479,0.02848021237008433,47.48439725460999
eta_slow,0.0003,0.00045,4,level_5,6,106,0.05274326136984219,0.05520208175498694,0.00245882038514475,4.661866409631367,0.09472148621883329,0.0740585455295997,-0.02066294068923359,-21.814417735693443,0.053732191281353835,0.07445038019802103,0.020718188916667192,38.55824306174691
eta_slow,0.0003,0.00045,4,level_5,7,107,0.051904288813665614,0.051489959862116644,-0.0004143289515489701,-0.7982557145448904,0.06375115131462328,0.1211088356757177,0.057357684361094424,89.97121334801318,0.05436224774950754,0.08837805057005166,0.034015802820544117,62.572473046522
eta_slow,0.0003,0.00045,4,level_5,8,108,0.0512483264110795,0.05632991369465929,0.00508158728357979,9.915616058988396,0.06050774512335046,0.11345346996671409,0.05294572484336362,87.50239285140937,0.05618593214382771,0.10790608751066774,0.051720155366840034,92.05178839864053
eta_slow,0.0003,0.00045,4,level_5,9,109,0.04972650376110976,0.054570256848648455,0.004843753087538698,9.740787550253863,0.09373097201903069,0.12773068013761432,0.03399970811858363,36.273717626315126,0.051007605148253476,0.06812476890326831,0.017117163755014833,33.55806198950889
eta_slow,0.0003,0.00045,4,level_5,10,110,0.050222201672158864,0.05047327020805264,0.0002510685358937739,0.499915430893895,0.0671199595906281,0.10852160454933378,0.041401644958705686,61.68306001853815,0.054958699224168815,0.08284687259200911,0.027888173367840295,50.74387451218296
eta_slow,0.0003,0.00045,4,level_5,11,111,0.05492431562142434,0.05498636486180341,6.204924037907233e-05,0.11297225951208535,0.08005039782905535,0.1484898408119382,0.06843944298288285,85.49544391900805,0.058978802115863,0.07858523288762241,0.019606430771759414,33.24318241195009
eta_slow,0.0003,0.00045,4,level_5,12,112,0.05217819297623179,0.051959762495265065,-0.0002184304809667234,-0.4186240812636476,0.05522535384315176,0.11590705238303922,0.06068169853988746,109.88014438482826,0.0558382259621263,0.09160172715619548,0.03576350119406918,64.04841947938439
eta_slow,0.0003,0.00045,4,level_5,13,113,0.052063192425488326,0.057129931762536605,0.005066739337048279,9.731902906837075,0.07258049296479333,0.07680839533674613,0.0042279023719528075,5.825122149561094,0.057325411495518584,0.08875394038257942,0.03142852888706083,54.82477677376596
eta_slow,0.0003,0.00045,4,level_5,14,114,0.05326562197649417,0.050979418506263204,-0.002286203470230966,-4.292080680555753,0.07063586041334351,0.09025344699247852,0.01961758657913501,27.772842950220706,0.0632049328718654,0.08387577550818347,0.020670842636318063,32.70447684553959
eta_slow,0.0003,0.00045,4,level_5,15,115,0.0471294793848801,0.05672669026235963,0.009597210877479528,20.363498605839617,0.08883878099514127,0.1019393071407872,0.013100526145645927,14.746404665730855,0.05640765126852941,0.08210236043127454,0.025694709162745133,45.55181537416814
eta_slow,0.0003,0.00045,4,level_5,16,116,0.05174610143750023,0.054815932230318415,0.0030698307928181817,5.932487100551859,0.0630310272397387,0.13200876552511037,0.06897773828537167,109.43457739156722,0.051525759420647514,0.08538778940994175,0.03386202998929424,65.71864319912376
eta_slow,0.0003,0.00045,4,level_5,17,117,0.04972700607063929,0.0554807693017252,0.005753763231085909,11.57070108526632,0.07939640659128902,0.11128661783378851,0.031890211242499494,40.16581179380268,0.05670677467172877,0.07473406914641578,0.01802729447468701,31.790371748429802
eta_slow,0.0003,0.00045,4,level_5,18,118,0.05308951377514749,0.05367931811516843,0.0005898043400209343,1.1109620301270047,0.07634294553720268,0.13587323821649436,0.05953029267929168,77.97746374651207,0.0590757917252847,0.09023121904697268,0.031155427321687974,52.738061415355205
eta_slow,0.0003,0.00045,4,level_5,19,119,0.051484930293355255,0.053972030610108704,0.002487100316753449,4.830734551998488,0.07474189513313506,0.11290245225397161,0.03816055712083655,51.0564483986692,0.06238638311862402,0.0986799755212735,0.03629359240264948,58.17550335245331
eta_slow,0.0003,0.00045,4,level_5,20,120,0.049799624131600204,0.05399071166621457,0.00419108753461437,8.415901942430379,0.10113248207623769,0.13593781854158124,0.03480533646534355,34.41558612109006,0.05797023126712275,0.09359048881527825,0.035620257548155496,61.445774442437276
eta_slow,0.0003,0.00045,4,level_5,21,121,0.050562552729469745,0.05559569192259014,0.005033139193120394,9.954282213656693,0.056295431072788636,0.12936485831292616,0.07306942724013751,129.79637218810973,0.05805403173994091,0.08406847017497684,0.02601443843503593,44.81073519849633
eta_slow,0.0003,0.00045,4,level_5,22,122,0.05097696535858676,0.05074128771339591,-0.00023567764519084877,-0.4623218419005994,0.07288327598720279,0.08352013591794911,0.010636859930746326,14.594376812334833,0.05719731436645182,0.09435116007844785,0.03715384571199603,64.95732557294339
eta_slow,0.0003,0.00045,4,level_5,23,123,0.0512878024053747,0.05500688170763671,0.0037190793022620072,7.25139141830781,0.06979827826132141,0.06586494040882832,-0.003933337852493099,-5.635293520804153,0.060015809222940454,0.07891918860305423,0.01890337938011378,31.497333160823477
eta_slow,0.0003,0.00045,4,level_5,24,124,0.05603488506330906,0.052981295886358026,-0.0030535891769510326,-5.4494430987072455,0.1105299439290508,0.12443262532167698,0.013902681392626182,12.578203605667543,0.05620943362174891,0.0837879763923458,0.027578542770596882,49.06390439046519
eta_slow,0.0003,0.00045,4,level_5,25,125,0.05388580975182004,0.05075213288201204,-0.0031336768698079984,-5.815402764179778,0.0787012997281247,0.06094657314220107,-0.017754726585923634,-22.5596357966866,0.06574645796705618,0.08917253805726648,0.0234260800902103,35.63093863086661
eta_slow,0.0003,0.00045,4,level_5,26,126,0.05290799023761155,0.053820800264151536,0.0009128100265399855,1.7252782092846943,0.057275374084977494,0.08545465305308318,0.028179278968105688,49.19964193738319,0.0599373149847862,0.07997404247305732,0.020036727488271122,33.429471262363045
eta_slow,0.0003,0.00045,4,level_5,27,127,0.048184283553791826,0.0508258132746169,0.002641529720825077,5.482139664640097,0.07562899602330285,0.1170281648651502,0.041399168841847356,54.73981015045,0.05435803094163144,0.08278217820065871,0.02842414725902727,52.29061238356582
eta_slow,0.0003,0.00045,4,level_5,28,128,0.051907864131750664,0.0523957001152851,0.0004878359835344334,0.939811320874667,0.057610879547760695,0.11648269645230465,0.058871816904543954,102.18871394896499,0.05670284824706768,0.07806961958335144,0.021366771336283764,37.68200715982327
eta_slow,0.0003,0.00045,4,level_5,29,129,0.053613884831956934,0.054985055069615645,0.00137117023765871,2.557490922279548,0.06140883438872212,0.10936567159387746,0.04795683720515534,78.09436163791236,0.0647599306394587,0.10155215586615396,0.03679222522669526,56.81325607269487
retention_slow,0.9995,0.999,0,level_1,0,100,0.05227896266798559,0.0558273257715978,0.003548363103612208,6.78736325765917,0.07643400837469408,0.10740373810891395,0.030969729734219867,40.51825933608028,0.05092357196828296,0.0854021471232553,0.034478575154972345,67.70651355024123
retention_slow,0.9995,0.999,0,level_1,1,101,0.04868348128293178,0.04942915879404678,0.0007456775111149977,1.531684857911813,0.07985084060926931,0.08864127497732496,0.008790434368055655,11.008568351921943,0.05885346344305134,0.07339082959657359,0.014537366153522246,24.700952676453966
retention_slow,0.9995,0.999,0,level_1,2,102,0.052342404300361134,0.05631421366044448,0.003971809360083345,7.5881293822338645,0.07903650696834993,0.0808169642077617,0.0017804572394117674,2.252702336813479,0.06020195781207042,0.08841139273597351,0.02820943492390309,46.85800254530449
retention_slow,0.9995,0.999,0,level_1,3,103,0.05032716580009395,0.05420039250992284,0.0038732267098288906,7.696095435244359,0.08109420893006697,0.09594351879437456,0.014849309864307589,18.311184066316198,0.055280094055822925,0.07404189293861944,0.01876179888279652,33.93952055119603
retention_slow,0.9995,0.999,0,level_1,4,104,0.051196008173165615,0.05426276997485303,0.003066761801687412,5.990236174887665,0.06327271598865514,0.1312898690805958,0.06801715309194067,107.49839331084858,0.06527549169636677,0.08083876559029464,0.015563273893927865,23.842446053599186
retention_slow,0.9995,0.999,0,level_1,5,105,0.05243474248639417,0.05442081415100363,0.0019860716646094637,3.787701761145889,0.07131407076435013,0.11540218369162845,0.04408811292727832,61.82246007658554,0.05999841302016357,0.08846072511834606,0.028462312098182486,47.438441561141296
retention_slow,0.9995,0.999,0,level_1,6,106,0.05274324723971636,0.05520127730231948,0.002458030062603124,4.660369224957759,0.09472216048349655,0.0740498861213924,-0.020672274362104143,-21.824116190535875,0.05372010278596049,0.07445271825018523,0.020732615464224745,38.59377474914869
retention_slow,0.9995,0.999,0,level_1,7,107,0.05190202483331334,0.05148918783600991,-0.0004128369973034271,-0.7954159758299978,0.063780213039326,0.12112019870150716,0.05733998566218115,89.90246806925231,0.054372017750967935,0.08844230517504378,0.03407028742407585,62.661436586964484
retention_slow,0.9995,0.999,0,level_1,8,108,0.05124718849766715,0.05633027881302968,0.005083090315362533,9.918769135196408,0.06038497160817684,0.11338303136484428,0.05299805975666744,87.7669697363754,0.05618683766090168,0.10796354215294997,0.05177670449204829,92.15094966641585
retention_slow,0.9995,0.999,0,level_1,9,109,0.04972585564537681,0.054569790626123674,0.004843934980746867,9.741280301523027,0.09372625202618261,0.12770743028066944,0.033981178254486835,36.25577415065539,0.05102830740640109,0.06807603753639846,0.01704773012999737,33.40837859705076
retention_slow,0.9995,0.999,0,level_1,10,110,0.050221299605548865,0.050472816072512916,0.000251516466964051,0.5008163248253762,0.0671382889586237,0.10847257682657349,0.04133428786794979,61.565894080832905,0.054972859618858026,0.08279565202093782,0.027822792402079792,50.61187028468753
retention_slow,0.9995,0.999,0,level_1,11,111,0.054924270110807506,0.054986762268803786,6.249215799628005e-05,0.11377876823889445,0.08006697257078826,0.14831765868640093,0.06825068611561266,85.2419966987903,0.05897197448065971,0.0786100487088601,0.019638074228200388,33.30068969395087
retention_slow,0.9995,0.999,0,level_1,12,112,0.05217610416845774,0.051959484287240856,-0.0002166198812168854,-0.41517066992487267,0.05529517855494369,0.11598169432986867,0.06068651577492498,109.75010364533723,0.055870087083800986,0.09162289574790201,0.03575280866410103,63.992756285621084
retention_slow,0.9995,0.999,0,level_1,13,113,0.05206253232673756,0.057128503262791654,0.005065970936054091,9.730550377881599,0.07256665166574193,0.0767528955933703,0.004186243927628369,5.768826081312303,0.05732721123513043,0.08876502586840025,0.03143781463326982,54.839253394563436
retention_slow,0.9995,0.999,0,level_1,14,114,0.05326415885745884,0.05097735435034501,-0.0022868045071138265,-4.2933269879161795,0.07071984989739696,0.09037332131047303,0.019653471413076065,27.790601141815298,0.06321599502447298,0.08395226819129327,0.020736273166820293,32.80225702180691
retention_slow,0.9995,0.999,0,level_1,15,115,0.047128704107037525,0.056725918861795115,0.00959721475475759,20.363841816996786,0.08876552022877521,0.1019173236171067,0.013151803388331496,14.81634237532251,0.05642250720020393,0.08209040714434436,0.025667899944140433,45.49230655962
retention_slow,0.9995,0.999,0,level_1,16,116,0.051745043533655555,0.05481573648318257,0.0030706929495270124,5.934274550430708,0.06308615588732433,0.13197060050453835,0.06888444461721402,109.19106363089516,0.05154079794919362,0.085449650565334,0.033908852616140385,65.79031362604448
retention_slow,0.9995,0.999,0,level_1,17,117,0.04972627011041103,0.05548022790572506,0.005753957795314027,11.571263604807026,0.07940115979933725,0.11122205172305115,0.0318208919237139,40.07610468679767,0.0566947511992952,0.0747438964791013,0.018049145279806104,31.83565479696555
retention_slow,0.9995,0.999,0,level_1,18,118,0.05308936077994878,0.05367849779751461,0.0005891370175658273,1.1097082521067712,0.07630165858991032,0.13577210334443063,0.059470444754520305,77.94122153248229,0.05909906486211253,0.09024880903669932,0.031149744174586796,52.70767692731532
retention_slow,0.9995,0.999,0,level_1,19,119,0.05148507376995804,0.05397181818239296,0.0024867444124349186,4.830029813195983,0.0747717348534384,0.11288826622409073,0.03811653137065234,50.97719271241376,0.06241566857636993,0.09873305265749366,0.03631738408112373,58.18632550044204
retention_slow,0.9995,0.999,0,level_1,20,120,0.04979890916255139,0.05399012226278009,0.0041912131002286995,8.416274915878033,0.10110875343466191,0.13586872050137946,0.03475996706671755,34.37879104026339,0.058004364408588416,0.09357269336259832,0.03556832895400991,61.3200908529281
retention_slow,0.9995,0.999,0,level_1,21,121,0.0505616753273134,0.05559542482103178,0.005033749493718383,9.955661993263014,0.056232717052130954,0.12937712350531214,0.07314440645318118,130.07446605393818,0.05804780542774052,0.08409456600601681,0.02604676057827629,44.87122361705819
retention_slow,0.9995,0.999,0,level_1,22,122,0.05097601098761513,0.05074043343605643,-0.0002355775515587022,-0.46213414308926,0.07288887226081883,0.08349456160537225,0.010605689344553415,14.550491749416828,0.05720474755034397,0.09437313340379942,0.03716838585345545,64.97430273727684
retention_slow,0.9995,0.999,0,level_1,23,123,0.05128715890719977,0.055006213544186514,0.0037190546369867405,7.251434308763502,0.06970887911879935,0.06601138898436505,-0.0036974901344342948,-5.304188191195778,0.06003033632606293,0.07897364817173438,0.018943311845671454,31.556231407364237
retention_slow,0.9995,0.999,0,level_1,24,124,0.0560351061964249,0.05298129160514772,-0.003053814591277175,-5.449823866795869,0.11061701678098172,0.12435057239940088,0.013733555618419158,12.415409507572576,0.05622113478734033,0.08381896905049557,0.027597834263155242,49.08800643662857
retention_slow,0.9995,0.999,0,level_1,25,125,0.05388485157843119,0.05075181660962906,-0.0031330349688021286,-5.814314927158874,0.07869200384155513,0.06098706528483632,-0.017704938556718806,-22.49903127688471,0.06577395425301132,0.08918016235737823,0.023406208104366916,35.58583085081176
retention_slow,0.9995,0.999,0,level_1,26,126,0.05290711778814335,0.053820640476083426,0.0009135226879400729,1.726653664253841,0.0574174443949671,0.08539931333905758,0.02798186894409048,48.73408985535277,0.05992966519896392,0.0800116506569408,0.020081985457976875,33.50925687855179
retention_slow,0.9995,0.999,0,level_1,27,127,0.048183206409399125,0.05082493392662328,0.002641727517224156,5.482672727875646,0.07560729252111927,0.11701610976765192,0.041408817246532656,54.76828473254216,0.05435589475967773,0.08278244621458251,0.028426551454904782,52.297090463851866
retention_slow,0.9995,0.999,0,level_1,28,128,0.05190716946768857,0.052395107316456635,0.00048793784876806356,0.9400201432131596,0.05780282932731459,0.11633046238238876,0.05852763305507416,101.25392430819484,0.05670168083497148,0.07808410623739032,0.021382425402418838,37.71039074600229
retention_slow,0.9995,0.999,0,level_1,29,129,0.05361304205464423,0.05498472827614786,0.001371686221503625,2.558493547345356,0.06140317201312756,0.10931963788123658,0.04791646586810902,78.03581524723971,0.0647692965635204,0.10156513152249658,0.036795834958976176,56.8106138421464
retention_slow,0.9995,0.99925,1,level_2,0,100,0.052278997072904995,0.05582729771355161,0.0035483006406466164,6.787239310842899,0.07643495124262972,0.10741121691248368,0.030976265669853953,40.52631049835445,0.05092266413522941,0.08539905511387132,0.034476390978641906,67.7034313976326
retention_slow,0.9995,0.99925,1,level_2,1,101,0.04868351666262707,0.049429170164536955,0.0007456535019098876,1.5316344278849194,0.07984673372594088,0.08863589273982567,0.008789159013884787,11.007537320251505,0.05885388833860432,0.07338784992847334,0.014533961589869027,24.694989575286385
retention_slow,0.9995,0.99925,1,level_2,2,102,0.052342440450133663,0.05631429913710786,0.0039718586869741945,7.588218380375598,0.07903614845873959,0.08081446327703905,0.001778314818299459,2.2500018700023308,0.060202488968584746,0.08841225588799943,0.028209766919414687,46.8581405897276
retention_slow,0.9995,0.99925,1,level_2,3,103,0.05032719597139454,0.054200440885415216,0.0038732449140206765,7.696126993091745,0.08109467185871447,0.09594457081433869,0.014849898955624219,18.311805961180966,0.05527707220474185,0.07403996156474771,0.018762889360005856,33.943348682632134
retention_slow,0.9995,0.99925,1,level_2,4,104,0.051196109238725265,0.05426273726364107,0.0030666280249158073,5.989963047028149,0.06326782811214188,0.13129281855036015,0.06802499043821827,107.51908587354121,0.06527822219058155,0.08083936168118049,0.015561139490598938,23.83817905635936
retention_slow,0.9995,0.99925,1,level_2,5,105,0.05243487525631265,0.05442080140109915,0.001985926144786501,3.7874146454604465,0.07131424494888598,0.11540270776542996,0.04408846281654398,61.82279970592705,0.05999882402560621,0.08846119006260132,0.02846236603699511,47.438206496927315
retention_slow,0.9995,0.99925,1,level_2,6,106,0.052743206122403324,0.055201318608263966,0.002458112485860642,4.660529130815444,0.0947245866763219,0.07405085442045074,-0.020673732255871158,-21.825096293652056,0.053719419149433366,0.07445159237823508,0.020732173228801713,38.59344266387213
retention_slow,0.9995,0.99925,1,level_2,7,107,0.05190220042511529,0.05148918575975798,-0.0004130146653573141,-0.7957555979793446,0.06378316079387453,0.12111585322040287,0.057332692426528345,89.88687878264312,0.05437381992868844,0.08843559137889873,0.03406177145021028,62.64369782164005
retention_slow,0.9995,0.99925,1,level_2,8,108,0.05124722563076742,0.05633021229822786,0.005082986667460439,9.918559697422436,0.06038973720897859,0.1133920193163574,0.053002282107378805,87.76703552122522,0.056186876406624155,0.10795784826343757,0.05177097185681342,92.14068331926329
retention_slow,0.9995,0.99925,1,level_2,9,109,0.049725884029185013,0.054569798360856146,0.004843914331671133,9.741233215337415,0.09372871922545177,0.1277095108060999,0.03398079158064814,36.25440725260732,0.05102820645850291,0.06807983579463367,0.01705162933613076,33.41608596413723
retention_slow,0.9995,0.99925,1,level_2,10,110,0.05022132149480306,0.05047280989432979,0.00025148839952673224,0.5007602190491074,0.06713815565345364,0.10847477698761128,0.041336621334157636,61.56949194065513,0.054973135981363885,0.08279990149416695,0.027826765512803067,50.61884321505044
retention_slow,0.9995,0.99925,1,level_2,11,111,0.05492426927760744,0.05498669449924421,6.242522163676933e-05,0.11365689968718441,0.08006721447470021,0.148328719889067,0.0682615054143668,85.25525193078398,0.058972115161897175,0.07860708034843958,0.019634965186542404,33.29533819948325
retention_slow,0.9995,0.99925,1,level_2,12,112,0.05217622000892271,0.05195948175731636,-0.00021673825160635485,-0.41539661472082534,0.05529432220515898,0.11598165452532538,0.060687332320166404,109.75328008361817,0.05586647106324205,0.09162101007197315,0.0357545390087311,63.99999557562207
retention_slow,0.9995,0.99925,1,level_2,13,113,0.05206254313117826,0.05712859131253554,0.00506604818135728,9.730696728726297,0.07256887456574303,0.07675558424290675,0.004186709677163725,5.7692911764406904,0.057322889435892706,0.08876434909927489,0.03144145966338218,54.849746711642766
retention_slow,0.9995,0.99925,1,level_2,14,114,0.053264231940994985,0.050977448718119864,-0.0022867832228751217,-4.293281137346302,0.07071741587864663,0.09036842251809364,0.019651006639447008,27.78807228076429,0.06321650964612455,0.08394543877365367,0.02072892912752912,32.79037271049319
retention_slow,0.9995,0.99925,1,level_2,15,115,0.04712872912572199,0.05672596127007403,0.009597232144352041,20.363867904755466,0.0887687844212906,0.10191691198841533,0.013148127567124732,14.811656657057073,0.05642206973524366,0.08209198406663504,0.025669914331391375,45.4962294929015
retention_slow,0.9995,0.99925,1,level_2,16,116,0.05174508536101278,0.05481573185052922,0.0030706464895164445,5.934179967224512,0.06308348099015174,0.13197323621229107,0.06888975522213933,109.2041119812238,0.051540380212715134,0.08544624888649695,0.033905868673781814,65.78505733533017
retention_slow,0.9995,0.99925,1,level_2,17,117,0.049726326393988426,0.0554802468961648,0.005753920502176373,11.571175510910017,0.07940368386194506,0.11122228690697214,0.03181860304502708,40.071948173523516,0.056695308107612724,0.0747463311175148,0.01805102300990208,31.838654048126234
retention_slow,0.9995,0.99925,1,level_2,18,118,0.053089365904258445,0.05367854017790633,0.0005891742736478869,1.1097783211621062,0.07630615993615342,0.13577325325190612,0.0594670933157527,77.93223163832351,0.059098154669416925,0.09024896740307005,0.031150812733653124,52.71029680690446
retention_slow,0.9995,0.99925,1,level_2,19,119,0.05148504068148743,0.05397181697262947,0.002486776291142037,4.830094835753353,0.07477014231047151,0.11289306160459299,0.03812291929412148,50.986821899872716,0.06241427585587738,0.09872977385955113,0.03631549800367375,58.18460200921168
retention_slow,0.9995,0.99925,1,level_2,20,120,0.049798934110982525,0.05399012988270018,0.004191195771717657,8.416235902513709,0.10111020834325707,0.1358741681141756,0.034763959770918534,34.38224521593215,0.058003343562840946,0.09357454379233818,0.03557120022949723,61.32612026229026
retention_slow,0.9995,0.99925,1,level_2,21,121,0.05056169359042241,0.05559543979457573,0.005033746204153318,9.955651891191456,0.05623829792587397,0.12937822071737806,0.0731399227915041,130.05358534838246,0.05804807299994875,0.08409451760278838,0.026046444602839634,44.870472449382824
retention_slow,0.9995,0.99925,1,level_2,22,122,0.05097605303942815,0.05074047836607282,-0.00023557467335532517,-0.46212811567250334,0.07288914387148607,0.08349653339914571,0.010607389527659647,14.552770089276923,0.057205216303003764,0.09437075412580759,0.037165537822803824,64.9687917023964
retention_slow,0.9995,0.99925,1,level_2,23,123,0.051287179022450294,0.05500621752349688,0.003719038501046587,7.251400002754346,0.06971173733988555,0.06601088959135819,-0.0037008477485273583,-5.308787142233392,0.060030436199548544,0.07896856225384978,0.018938126054301237,31.54754030330311
retention_slow,0.9995,0.99925,1,level_2,24,124,0.056035053599709124,0.05298123507446118,-0.003053818525247942,-5.449836002769157,0.11061213730415699,0.12435298779654183,0.01374085049238484,12.422552196600973,0.05622138944011056,0.08381675738196342,0.027595367941852862,49.08339729178809
retention_slow,0.9995,0.99925,1,level_2,25,125,0.0538849003245293,0.050751808103560364,-0.0031330922209689346,-5.814415916331758,0.07869411730921079,0.060986217307731176,-0.017707900001479614,-22.50219026144027,0.06577348374682701,0.08917957769265858,0.02340609394583157,35.58591184849732
retention_slow,0.9995,0.99925,1,level_2,26,126,0.05290717795796481,0.05382060545239282,0.0009134274944280069,1.72647177506563,0.05741394106086979,0.08540076378948441,0.02798682272861462,48.74569174574381,0.0599360440761268,0.08000832102674009,0.02007227695061329,33.489492441507835
retention_slow,0.9995,0.99925,1,level_2,27,127,0.04818324215878514,0.05082496713582964,0.002641724977044499,5.482663388110838,0.07560781454684402,0.11701300615930992,0.04140519161246589,54.763111274447226,0.05435603214387359,0.08278285996889177,0.02842682782501818,52.29746672784344
retention_slow,0.9995,0.99925,1,level_2,28,128,0.05190719448445388,0.05239511321645107,0.0004879187319971959,0.9399828614188093,0.05779359220826389,0.11633197424822794,0.05853838203996405,101.28870659054425,0.0567041573381101,0.07808402750054058,0.02137987016243048,37.70423751286638
retention_slow,0.9995,0.99925,1,level_2,29,129,0.05361307446903095,0.05498472337911699,0.0013716489100860374,2.5584224066059793,0.061404128027185714,0.10932446030086063,0.04792033227367491,78.04089694500496,0.06477086832157307,0.10156423867858261,0.03679337035700954,56.80543014235748
retention_slow,0.9995,0.9995,2,canonical,0,100,0.05227903361128479,0.05582726771342003,0.003548234102135242,6.787107291457911,0.07643590785038243,0.10741935014438038,0.03098344229399795,40.535192379275095,0.05092163240002351,0.08539560977309452,0.03447397737307101,67.70006330954757
retention_slow,0.9995,0.9995,2,canonical,1,101,0.048683555599097254,0.0494291789218098,0.000745623322712545,1.531571212367182,0.07984218432276635,0.08863022369467108,0.008788039371904727,11.006762210285483,0.05885431523510717,0.07338451959459094,0.014530204359483774,24.688426500995746
retention_slow,0.9995,0.9995,2,canonical,2,102,0.05234248019736282,0.056314391434914686,0.003971911237551869,7.588313015690812,0.07903576463981214,0.0808119000103707,0.0017761353705585542,2.2472552503956846,0.060202935547240384,0.08841325329628952,0.028210317749049134,46.85870795604792
retention_slow,0.9995,0.9995,2,canonical,3,103,0.05032722908195535,0.054200494582447585,0.0038732655004922317,7.696162835002925,0.0810950685709957,0.09594562355138886,0.014850554980393157,18.312525338568587,0.05527311227670311,0.07403792650651653,0.018764814229813416,33.949262954245725
retention_slow,0.9995,0.9995,2,canonical,4,104,0.05119621887821709,0.054262700304995505,0.003066481426778414,5.989663873562227,0.06326255002179447,0.1312963316583081,0.06803378163651362,107.54195272412419,0.06528116355477227,0.08083986092684163,0.015558697372069358,23.833364059167366
retention_slow,0.9995,0.9995,2,canonical,5,105,0.05243502133258905,0.05442078559916811,0.0019857642665790584,3.7870953727349397,0.07131443862880558,0.11540325656724328,0.04408881793843769,61.82312977028635,0.05999929294987376,0.08846159485534237,0.028462301905468612,47.43772885665063
retention_slow,0.9995,0.9995,2,canonical,6,106,0.05274316164064624,0.055201362297272294,0.002458200656626053,4.660700231386306,0.09472747098725408,0.07405200601923972,-0.020675464968014354,-21.82626090671872,0.053718430130723985,0.0744502912947197,0.02073186116399571,38.593572287098965
retention_slow,0.9995,0.9995,2,canonical,7,107,0.05190239552492012,0.05148917889309668,-0.0004132166318234348,-0.7961417341999857,0.06378659349272257,0.12111102126191156,0.05732442776918899,89.8690847563903,0.054375773230939735,0.08842799257988165,0.03405221934894192,62.62388068362448
retention_slow,0.9995,0.9995,2,canonical,8,108,0.05124726672090241,0.05633013860467138,0.00508287188376897,9.918327764582616,0.06039476522035152,0.11340182780519259,0.05300706258484107,87.76764408544967,0.05618698468293863,0.10795149981723465,0.051764515134296016,92.1290142662069
retention_slow,0.9995,0.9995,2,canonical,9,109,0.0497259163568056,0.05456980541985687,0.00484388906305127,9.741176066609226,0.09373135449462155,0.12771172829082458,0.03398037379620303,36.25294222986276,0.051028094045126815,0.06808374690232526,0.01705565285719844,33.42404449226584
retention_slow,0.9995,0.9995,2,canonical,10,110,0.050221344434371235,0.050472802848362516,0.00025145841399128177,0.5007002835614749,0.06713786743534526,0.10847707009727019,0.04133920266192492,61.57360107056598,0.0549733624712438,0.08280441049995518,0.027831048028711385,50.62642483124371
retention_slow,0.9995,0.9995,2,canonical,11,111,0.05492426932575183,0.05498662087018938,6.235154443754581e-05,0.11352275633881145,0.08006748030211115,0.1483402135851159,0.06827273328300475,85.26899188709025,0.05897219896197289,0.07860369648530734,0.01963149752333445,33.28941072045397
retention_slow,0.9995,0.9995,2,canonical,12,112,0.052176347681895975,0.05195947725298893,-0.00021687042890704278,-0.41564892627065186,0.05529345601473317,0.11598164509649729,0.06068818908176412,109.75654888635194,0.05586234669898512,0.09161890346024777,0.03575655676126265,64.00833275755001
retention_slow,0.9995,0.9995,2,canonical,13,113,0.05206255485385231,0.05712869144356561,0.005066136589713298,9.730864349501731,0.0725712680876223,0.07675856035674918,0.004187292269126869,5.769903681538465,0.05731753697710737,0.08876352235652092,0.03144598537941355,54.862764588040626
retention_slow,0.9995,0.9995,2,canonical,14,114,0.05326431118241393,0.05097754808647106,-0.002286763095942876,-4.293236963323178,0.0707148747809747,0.09036319365250345,0.01964831887152875,27.785269976628708,0.06321700550586887,0.08393786514699901,0.020720859641130143,32.77735077028677
retention_slow,0.9995,0.9995,2,canonical,15,115,0.04712875648091697,0.0567260081677048,0.009597251686787836,20.363897550901612,0.08877222467639247,0.10191648971708762,0.013144265040695158,14.806731597198175,0.05642154265515883,0.08209374807211185,0.025672205416953024,45.500715168066606
retention_slow,0.9995,0.9995,2,canonical,16,116,0.0517451306473083,0.05481572524170674,0.003070594594398443,5.934074483891888,0.0630805911659902,0.13197598569762728,0.06889539453163708,109.21805464749977,0.05153984433904071,0.08544219534426276,0.03390235100522205,65.778916176395
retention_slow,0.9995,0.9995,2,canonical,17,117,0.049726389075452786,0.05548026883733793,0.005753879761885142,11.571078996213538,0.07940649677572749,0.11122247460298454,0.03181597782725705,40.067222606629805,0.0566956585574074,0.07474895576715143,0.01805329720974403,31.842468487184245
retention_slow,0.9995,0.9995,2,canonical,18,118,0.05308937317680226,0.053678584908746246,0.0005892117319439838,1.1098487261880945,0.07631113866207387,0.1357740924044229,0.05946295374234903,77.9217225491378,0.05909712507191428,0.09024901947406606,0.031151894402151784,52.71304545566908
retention_slow,0.9995,0.9995,2,canonical,19,119,0.05148500620835039,0.05397181379762506,0.0024868075892746644,4.830158860641891,0.0747683360866008,0.11289822220950155,0.03812988612290075,50.99737150594954,0.06241277800938054,0.09872617350322085,0.036313395493840314,58.18262966660844
retention_slow,0.9995,0.9995,2,canonical,20,120,0.04979896356208757,0.05399013702601002,0.0041911734639224485,8.41618612945035,0.10111176228921491,0.1358799786448936,0.034768216355678686,34.385926591042356,0.058002275582574196,0.09357624898598832,0.03557397340341412,61.33203059036829
retention_slow,0.9995,0.9995,2,canonical,21,121,0.05056171466806138,0.05559545752070769,0.0050337428526463154,9.955641112436423,0.056244146267292426,0.12937939390856212,0.07313524764126969,130.03174995972856,0.05804824549063236,0.08409444254403468,0.026046197053402324,44.869912661883255
retention_slow,0.9995,0.9995,2,canonical,22,122,0.05097609946294546,0.05074052806188473,-0.00023557140106072322,-0.46212127554396376,0.07288938815293293,0.08349886926259846,0.01060948110966553,14.555590845961333,0.05720565898617815,0.09436816092140372,0.03716250193522557,64.96298197387195
retention_slow,0.9995,0.9995,2,canonical,23,123,0.05128720292880176,0.05500621961176081,0.003719016682959049,7.251354081683661,0.06971469856860425,0.06601050046417738,-0.0037041981044268757,-5.313367454040814,0.060030450812770884,0.07896276859993896,0.018932317787168078,31.537857088923303
retention_slow,0.9995,0.9995,2,canonical,24,124,0.056034995899460364,0.05298117111610924,-0.0030538247833511237,-5.4498527827688,0.11060674530993181,0.12435534716584559,0.013748601855913783,12.430165825229505,0.05622159341084604,0.08381425882203894,0.0275926654111929,49.078412291797186
retention_slow,0.9995,0.9995,2,canonical,25,125,0.05388495183881424,0.050751798721368556,-0.0031331531174456848,-5.814523369748699,0.07869637386536456,0.060985315943189435,-0.017711057922175123,-22.505557819570672,0.06577278147769818,0.08917881466039308,0.023406033182694908,35.58619942298058
retention_slow,0.9995,0.9995,2,canonical,26,126,0.05290724449819469,0.05382056349169913,0.0009133189935044347,1.7262645260907494,0.057410350517166225,0.0854022478199327,0.02799189730276648,48.757579514162074,0.05994369666894594,0.0800042150824927,0.02006051841354676,33.465601102874906
retention_slow,0.9995,0.9995,2,canonical,27,127,0.04818328112980055,0.05082500533464182,0.002641724204841274,5.482657351052442,0.07560824879684892,0.11700966398923017,0.04140141519238125,54.75780202716017,0.054355724444286616,0.08278330338452547,0.028427578940238854,52.29914462712474
retention_slow,0.9995,0.9995,2,canonical,28,128,0.05190722155131241,0.05239511785503714,0.0004878963037247344,0.9399391628820452,0.05778358004097755,0.11633321541294865,0.0585496353719711,101.3257318609375,0.056706823752402366,0.07808412196109257,0.021377298208690207,37.697929092324735
retention_slow,0.9995,0.9995,2,canonical,29,129,0.05361311017271911,0.05498471706348487,0.0013716068907657641,2.558342327738529,0.061405073158389105,0.10932957300620386,0.04792449984781475,78.04648277870727,0.06477260569312294,0.10156312461912612,0.03679051892600317,56.79950425386284
retention_slow,0.9995,0.99975,3,level_4,0,100,0.05227907263440993,0.055827235825686876,0.0035481631912769457,6.786966586208255,0.0764368711644979,0.10742818617007197,0.03099131500557406,40.544981150364485,0.05092046529867877,0.08539176821262787,0.0344713029139491,67.69636277232432
retention_slow,0.9995,0.99975,3,level_4,1,101,0.048683598597177004,0.049429184586429455,0.0007455859892524508,1.5314931737517135,0.07983713571436485,0.08862424790897926,0.008787112194614408,11.006296901798006,0.05885473677518463,0.07338079693411347,0.014526060158928836,24.681208267766085
retention_slow,0.9995,0.99975,3,level_4,2,102,0.05234252403948044,0.05631449131776996,0.003971967278289516,7.5884137251263954,0.07903535320563762,0.0808092808473498,0.001773927641712178,2.2444736054973977,0.060203268998534135,0.08841439552095698,0.028211126522422844,46.85979182145366
retention_slow,0.9995,0.99975,3,level_4,3,103,0.05032726561395403,0.054200554463155956,0.0038732888492019266,7.696203642202242,0.08109538856067831,0.09594666932232365,0.014851280761645339,18.313348052501293,0.055268026783332515,0.07403577719071491,0.0187677504073824,33.95769941445113
retention_slow,0.9995,0.99975,3,level_4,4,104,0.05119633814953756,0.0542626586203487,0.0030663204708111444,5.989335529925673,0.0632568374012767,0.1313004907449064,0.0680436533436297,107.56727041535021,0.0652843295280939,0.0808402495691947,0.01555592004110079,23.82795404892163
retention_slow,0.9995,0.99975,3,level_4,5,105,0.052435182365727376,0.05442076625662227,0.0019855838908948917,3.786739744787665,0.07131464442236997,0.11540382899818355,0.04408918457581358,61.82346547882905,0.059999828822709024,0.08846192056422283,0.02846209174151381,47.43695490468023
retention_slow,0.9995,0.99975,3,level_4,6,106,0.0527431135208658,0.055201408523540975,0.002458295002675172,4.660883361962773,0.09473088970131509,0.07405336983266499,-0.0206775198686501,-21.827642423549463,0.053717086581953476,0.07444879812235689,0.02073171154040341,38.59425903296909
retention_slow,0.9995,0.99975,3,level_4,7,107,0.051902612705575016,0.051489166273356826,-0.00041344643221818966,-0.7965811558726795,0.06379059426176287,0.12110564850567691,0.057315054243914046,89.8487542046142,0.054377895377503316,0.08841938812270533,0.03404149274520202,62.601710693064675
retention_slow,0.9995,0.99975,3,level_4,8,108,0.05124731237493605,0.05633005708398872,0.005082744709052671,9.918070769967892,0.060400083199425886,0.11341252911860684,0.05301244591918096,87.7688292980445,0.05618719567452527,0.10794441794663973,0.051757222272114455,92.11568872724622
retention_slow,0.9995,0.99975,3,level_4,9,109,0.04972595329216776,0.054569811650873455,0.004843858358705697,9.741107083951357,0.09373417020601815,0.12771409777517337,0.033979927569155216,36.25137715997357,0.051027967004943,0.0680877588821775,0.017059791877234498,33.43223898295212
retention_slow,0.9995,0.99975,3,level_4,10,110,0.05022136852969497,0.05047279495137444,0.00025142642167946816,0.5006363407456815,0.0671373947538405,0.10847946007090808,0.04134206531706758,61.57829845594754,0.05497352626787586,0.08280920364060264,0.027835677372726776,50.63469502954686
retention_slow,0.9995,0.99975,3,level_4,11,111,0.05492427049154468,0.05498654111707422,6.227062552954105e-05,0.11337542578581414,0.08006777359873762,0.1483521177201568,0.06828434412141918,85.28318080084067,0.05897222080963204,0.07859984141722587,0.019627620607593828,33.28282424864694
retention_slow,0.9995,0.99975,3,level_4,12,112,0.05217648879789383,0.051959470440663284,-0.00021701835723054314,-0.41593131740076644,0.055292580018439494,0.11598166177140741,0.060689081752967916,109.75990220157703,0.05585764417129274,0.09161657045784909,0.035758926286556345,64.01796355195042
retention_slow,0.9995,0.99975,3,level_4,13,113,0.052062567727574435,0.05712880583425908,0.005066238106684648,9.731056933639032,0.07257384190497242,0.07676187144596221,0.0041880295409897905,5.770714945026008,0.057310972821937624,0.08876252059229647,0.03145154777035885,54.87875396580208
retention_slow,0.9995,0.99975,3,level_4,14,114,0.05326439738777659,0.05097765306829823,-0.0022867443194783538,-4.293194763530975,0.07071223430682756,0.0903576099562292,0.019645375649401636,27.782145256729347,0.0632174732535401,0.08392945518261795,0.020711981929077847,32.76306511968667
retention_slow,0.9995,0.99975,3,level_4,15,115,0.04712878658785197,0.05672606027067481,0.009597273682822843,20.363931214169348,0.08877585167234447,0.10191605636399735,0.013140204691652876,14.801552949501383,0.05642091357441339,0.08209573987914387,0.02567482630473048,45.505867732659134
retention_slow,0.9995,0.99975,3,level_4,16,116,0.05174517993977455,0.05481571640961006,0.0030705364698355095,5.933956502633214,0.0630774667723432,0.1319788539765752,0.06890138720423199,109.23296500303073,0.051539173640578306,0.08543737884901097,0.03389820520843266,65.77172820975075
retention_slow,0.9995,0.99975,3,level_4,17,117,0.04972645901157195,0.05548029442236654,0.005753835410794585,11.570973532331342,0.07940962996258003,0.1112226145952847,0.03181298463270467,40.06187240476478,0.056695759297103084,0.07475177317911119,0.018056013882008108,31.84720357547217
retention_slow,0.9995,0.99975,3,level_4,18,118,0.0530893831290363,0.053678632099087555,0.0005892489700512551,1.109918660420403,0.07631666151796908,0.13577457117457906,0.05945790965660998,77.90947412264669,0.05909596204648747,0.09024891658460506,0.03115295453811759,52.715876786321395
retention_slow,0.9995,0.99975,3,level_4,19,119,0.05148497043054549,0.05397180840482467,0.002486837974279177,4.8302212344357525,0.0747662817228754,0.11290377946812928,0.03813749774525388,51.008953322852456,0.06241116412558359,0.09872220694491816,0.036311042819334574,58.180364567899396
retention_slow,0.9995,0.99975,3,level_4,20,120,0.04979899832173117,0.053990143550650536,0.00419114522891937,8.416123557028351,0.10111342679655987,0.13588618081869247,0.034772754022132604,34.38984823657036,0.058001160751456164,0.0935777346877377,0.03557657393628153,61.33769303123533
retention_slow,0.9995,0.99975,3,level_4,21,121,0.050561739091113916,0.05559547837990524,0.0050337392887913265,9.955629254999245,0.056250277424099944,0.12938064117839784,0.0731303637542979,130.00889436140957,0.058048307946162246,0.08409432475536321,0.02604601680920097,44.86955387805227
retention_slow,0.9995,0.99975,3,level_4,22,122,0.05097615093018766,0.05074058329482417,-0.00023556763536349,-0.46211342179620857,0.0728895987268218,0.08350163386560892,0.010612035138787126,14.559052764934657,0.05720606715165158,0.09436533928291567,0.03715927213126409,64.95687255122078
retention_slow,0.9995,0.99975,3,level_4,23,123,0.05128723136742883,0.05500621967406343,0.003718988306634599,7.251294732584123,0.0697177754192597,0.06601023092620946,-0.0037075444930502466,-5.317932866839621,0.060030352408477795,0.07895617036034437,0.018925817951866576,31.52708120566318
retention_slow,0.9995,0.99975,3,level_4,24,124,0.05603493260083024,0.05298109876791959,-0.003053833832910649,-5.449875088928726,0.110600770833187,0.12435761701727877,0.013756846184091759,12.438291415563862,0.05622173755631301,0.08381143687536241,0.0275896993190494,49.073010757475984
retention_slow,0.9995,0.99975,3,level_4,25,125,0.053885006425001776,0.05075178870315011,-0.0031332177218516694,-5.814637372666076,0.07869878869280414,0.06098435365938838,-0.017714435033415757,-22.509158435160877,0.06577179238108093,0.0891778447485132,0.023406052367432276,35.58676374792694
retention_slow,0.9995,0.99975,3,level_4,26,126,0.05290731831671873,0.05382051386949635,0.0009131955527776209,1.7260288025013182,0.05740666953313549,0.08540376732114996,0.02799709778801447,48.76976493446354,0.05995287070672558,0.07999916340294831,0.020046292696222733,33.43675200189191
retention_slow,0.9995,0.99975,3,level_4,27,127,0.048183323861620976,0.050825049719799106,0.0026417258581781303,5.482655920054365,0.0756085792779007,0.11700607434280341,0.041397495064902715,54.752377918311986,0.054354858518629125,0.08278379126726426,0.028428932748635137,52.30246848842712
retention_slow,0.9995,0.99975,3,level_4,28,128,0.05190725102727954,0.05239512094725743,0.0004878699199778874,0.9398878004953303,0.057772702781893594,0.11633415146478254,0.05856144868288895,101.36525705569474,0.05670969639437055,0.07808442583301282,0.021374729438642277,37.691489811545004
retention_slow,0.9995,0.99975,3,level_4,29,129,0.05361314968010819,0.05498470903006559,0.0013715593499573978,2.5582517687191215,0.061406001082204065,0.10933499419727018,0.04792899311506611,78.05262070543183,0.06477452796061971,0.1015617452072672,0.03678721724664749,56.79272146763096
retention_slow,0.9995,0.9999,4,level_5,0,100,0.052279097412846226,0.05582721582791918,0.003548118415072951,6.78687772103941,0.07643744886542332,0.107433846113214,0.030996397247790672,40.5513236088809,0.050919695157069955,0.08538925298335916,0.0344695578262892,67.69395951794749
retention_slow,0.9995,0.9999,4,level_5,1,101,0.048683626585731075,0.049429186275056,0.0007455596893249233,1.531438271164957,0.0798338402720067,0.0886205061190922,0.008786665847085498,11.006192132494087,0.05885498329341571,0.0733783559581126,0.014523372664696887,24.676538590270336
retention_slow,0.9995,0.9999,4,level_5,2,102,0.05234255254654143,0.056314555245009064,0.003972002698467633,7.588477262234866,0.07903509201569707,0.08080768568120461,0.0017725936655075408,2.2427931951486664,0.060203400952695836,0.08841515497067658,0.02821175401798074,46.86073140643303
retention_slow,0.9995,0.9999,4,level_5,3,103,0.050327289409331885,0.05420059375697681,0.0038733043476449278,7.696230798646439,0.08109553886781365,0.09594728972840849,0.014851750860594842,18.313893794827987,0.0552643446379439,0.07403442754748005,0.018770082909536148,33.96418257106918
retention_slow,0.9995,0.9999,4,level_5,4,104,0.05119641483200819,0.054262631124993806,0.0030662162929856185,5.989123072478522,0.06325318080968532,0.13130333475246825,0.06805015394278292,107.58376586235342,0.06528634275822778,0.08084042340819934,0.01555408064997156,23.824401847063704
retention_slow,0.9995,0.9999,4,level_5,5,105,0.05243528693514947,0.054420752716251214,0.0019854657811017445,3.7865069443737656,0.07131476939991549,0.11540418317636256,0.04408941377644707,61.823678527521565,0.06000018679105726,0.08846206837202862,0.028461881580971363,47.436321623607796
retention_slow,0.9995,0.9999,4,level_5,6,106,0.05274308278235422,0.055201437545079515,0.0024583547627252955,4.660999382364061,0.09473323365553239,0.07405430342133897,-0.020678930234193427,-21.828591125038393,0.05371608732262539,0.07444780246513724,0.020731715142511854,38.594983692677836
retention_slow,0.9995,0.9999,4,level_5,7,107,0.051902754818020674,0.051489155471722774,-0.0004135993462979007,-0.7968735912921113,0.06379330742108084,0.12110213991609725,0.05730883249501641,89.83517991430931,0.05437925835944015,0.08841368632671663,0.03403442796727648,62.587149942930694
retention_slow,0.9995,0.9999,4,level_5,8,108,0.05124734224671842,0.0563300041334604,0.005082661886741981,9.917903375891546,0.06040342582304502,0.11341941128636679,0.05301598546332177,87.76983215924683,0.05618738903067107,0.10793978011441598,0.05175239108374491,92.10677338200354
retention_slow,0.9995,0.9999,4,level_5,9,109,0.04972597798288359,0.05456981492099348,0.004843836938109886,9.74105916987134,0.0937359517662508,0.12771559959725354,0.03397964783100274,36.25038972851925,0.05102788210051082,0.0680902079063537,0.01706232580584288,33.43726038293108
retention_slow,0.9995,0.9999,4,level_5,10,110,0.050221383591510266,0.050472789820311705,0.00025140622880143876,0.5005959828712048,0.06713700834460469,0.10848094224219905,0.04134393389759436,61.58143610656858,0.05497358821862642,0.08281222757455947,0.027838639355933052,50.6400259797861
retention_slow,0.9995,0.9999,4,level_5,11,111,0.054924271844536104,0.054986490252260246,6.221840772414194e-05,0.11328035062577067,0.08006796451859353,0.14835944455280733,0.0682914800342138,85.29188976491967,0.058972202202696465,0.0785972758418608,0.019625073639164332,33.27851581955505
retention_slow,0.9995,0.9999,4,level_5,12,112,0.05217658067902303,0.051959465087566055,-0.0002171155914569775,-0.41611694103263885,0.05529204978266718,0.11598168185036949,0.06068963206770231,109.7619500565652,0.05585451270454398,0.09161506130747875,0.03576054860293477,64.02445723964844
retention_slow,0.9995,0.9999,4,level_5,13,113,0.0520625761208712,0.05712888237440803,0.00506630625353683,9.731186258963882,0.07257547677728728,0.07676404162014043,0.004188564842853154,5.77132253048316,0.057306366349351295,0.08876182356602283,0.031455457216671534,54.88998730945992
retention_slow,0.9995,0.9999,4,level_5,14,114,0.053264452833922823,0.05097771906620258,-0.0022867337677202407,-4.293170484357019,0.07071060726957552,0.09035407918681522,0.019643471917239697,27.780092231921255,0.06321773594161749,0.08392396504940142,0.020706229107783927,32.75382896803903
retention_slow,0.9995,0.9999,4,level_5,15,115,0.04712880617503188,0.05672609437803517,0.00959728820300329,20.363953560291513,0.08877812233991825,0.10191579082215473,0.013137668482236478,14.798317576411783,0.05642048142843605,0.08209706468370671,0.02567658325527066,45.509330309134164
retention_slow,0.9995,0.9999,4,level_5,16,116,0.05174521170245239,0.0548157099313494,0.0030704982288970104,5.933878957831163,0.06307547069268495,0.1319806341645318,0.06890516347184684,109.24240868144324,0.051538698955739246,0.0854340703824575,0.03389537142671825,65.7668356273936
retention_slow,0.9995,0.9999,4,level_5,17,117,0.049726504857722245,0.05548031187148131,0.005753807013759063,11.570905757848632,0.07941167805056616,0.11122267593065023,0.03181099788008407,40.05833733903482,0.05669567954180498,0.07475355645014095,0.01805787690833597,31.850534386876625
retention_slow,0.9995,0.9999,4,level_5,18,118,0.053089390646346164,0.05367866163529876,0.0005892709889525963,1.1099599784032412,0.07632026814235518,0.13577466232347998,0.0594543941811248,77.9011861832409,0.05909519373803943,0.09024875555774227,0.031153561819702837,52.717589788777296
retention_slow,0.9995,0.9999,4,level_5,19,119,0.051484948385739644,0.053971803997621415,0.0024868556118817706,4.830257560422422,0.07476491342911597,0.11290731842152332,0.038142404992407355,51.01645042172071,0.062410134911259636,0.09871963013862763,0.03630949522736799,58.17884431590495
retention_slow,0.9995,0.9999,4,level_5,20,120,0.04979902210983701,0.05399014709721651,0.004191124987379495,8.416078890335488,0.10111448404397204,0.13589010309526525,0.03477561905129321,34.392322109036535,0.05800046956626871,0.09357848282866847,0.03557801326239976,61.34090556241089
retention_slow,0.9995,0.9999,4,level_5,21,121,0.050561755605136025,0.05559549257539095,0.005033736970254929,9.955621417828313,0.05625409877162058,0.12938142372222391,0.07312732495060334,129.99466091792598,0.05804828560497648,0.08409422551393678,0.0260459399089603,44.86943867077339
retention_slow,0.9995,0.9999,4,level_5,22,122,0.05097618455220984,0.05074061946465956,-0.0002355650875502796,-0.46210811895702725,0.07288970590911169,0.08350352936595223,0.010613823456840546,14.56148481388474,0.057206291354064916,0.09436353051230481,0.037157239158239895,64.95306421502468
retention_slow,0.9995,0.9999,4,level_5,23,123,0.05128725096642143,0.05500621869447246,0.0037189677280510328,7.251251837393077,0.06971968305736567,0.06601013062343544,-0.00370955243393023,-5.320667380082599,0.060030225199664236,0.07895178002337415,0.018921554823709913,31.520046377929877
retention_slow,0.9995,0.9999,4,level_5,24,124,0.05603489171384697,0.052981050877962316,-0.0030538408358846553,-5.449891563063394,0.11059687377670066,0.12435891952094093,0.013762045744240267,12.443431061194701,0.056221791055792426,0.08380957165273732,0.027587780596944896,49.06955128762761
retention_slow,0.9995,0.9999,4,level_5,25,125,0.053885040797760395,0.05075178252560008,-0.003133258272160315,-5.814708916932919,0.07870032074785745,0.06098374357308169,-0.017716577174775754,-22.51144214715043,0.0657710343207876,0.08917715019659163,0.02340611587580403,35.5872704717467
retention_slow,0.9995,0.9999,4,level_5,26,126,0.05290736653151636,0.05382048015246318,0.0009131136209468149,1.7258723705381984,0.057404416132470396,0.08540469710022587,0.028000280967755475,48.77722456603355,0.05995922672077091,0.07999559422177911,0.0200363675010082,33.41665427794327
retention_slow,0.9995,0.9999,4,level_5,27,127,0.04818335156797379,0.050825079921192014,0.0026417283532182215,5.48265794564218,0.07560872032665117,0.11700379895949527,0.0413950786328441,54.74907980720424,0.054354015520892654,0.08278411296504885,0.0284300974441562,52.30542246364155
retention_slow,0.9995,0.9999,4,level_5,28,128,0.05190727004431605,0.0523951219227952,0.000487851878479148,0.9398526989815539,0.05776571971171276,0.11633455097632012,0.05856883126460736,101.39029091458157,0.05671152624535191,0.07808472602320028,0.02137319977784837,37.687576393873066
retention_slow,0.9995,0.9999,4,level_5,29,129,0.05361317545654077,0.054984703235261514,0.001371527778720745,2.558191651663154,0.06140654662026318,0.10933840332327502,0.04793185670301184,78.05659060982774,0.06477577907448397,0.10156076851756923,0.03678498944308527,56.78818528880552
tau_eye,1.0,0.5,0,level_1,0,100,0.05227903361128479,0.055827267713420024,0.003548234102135235,6.787107291457898,0.07643590785038243,0.10741935014438038,0.03098344229399795,40.535192379275095,0.05092163240002351,0.08539560977309456,0.03447397737307105,67.70006330954766
tau_eye,1.0,0.5,0,level_1,1,101,0.048683555599097254,0.0494291789218098,0.000745623322712545,1.531571212367182,0.07984218432276637,0.08863022369467105,0.008788039371904685,11.006762210285428,0.058854315235107174,0.07338451959459094,0.014530204359483767,24.68842650099573
tau_eye,1.0,0.5,0,level_1,2,102,0.05234248019736282,0.056314391434914686,0.003971911237551869,7.588313015690812,0.07903576463981216,0.0808119000103707,0.0017761353705585403,2.2472552503956664,0.060202935547240384,0.08841325329628952,0.028210317749049134,46.85870795604792
tau_eye,1.0,0.5,0,level_1,3,103,0.05032722908195536,0.054200494582447585,0.003873265500492225,7.69616283500291,0.0810950685709957,0.09594562355138885,0.014850554980393144,18.312525338568566,0.055273112276703125,0.07403792650651654,0.018764814229813416,33.94926295424572
tau_eye,1.0,0.5,0,level_1,4,104,0.05119621887821709,0.054262700304995505,0.003066481426778414,5.989663873562227,0.06326255002179447,0.1312963316583081,0.06803378163651362,107.54195272412419,0.06528116355477229,0.08083986092684164,0.015558697372069358,23.83336405916736
tau_eye,1.0,0.5,0,level_1,5,105,0.05243502133258906,0.05442078559916812,0.0019857642665790584,3.7870953727349392,0.07131443862880558,0.11540325656724328,0.04408881793843769,61.82312977028635,0.05999929294987376,0.08846159485534234,0.028462301905468584,47.43772885665059
tau_eye,1.0,0.5,0,level_1,6,106,0.05274316164064624,0.055201362297272294,0.002458200656626053,4.660700231386306,0.09472747098725408,0.07405200601923972,-0.020675464968014354,-21.82626090671872,0.05371843013072398,0.07445029129471971,0.02073186116399573,38.59357228709901
tau_eye,1.0,0.5,0,level_1,7,107,0.05190239552492012,0.051489178893096677,-0.00041321663182344176,-0.7961417341999991,0.06378659349272257,0.12111102126191156,0.05732442776918899,89.8690847563903,0.054375773230939735,0.08842799257988164,0.034052219348941905,62.623880683624456
tau_eye,1.0,0.5,0,level_1,8,108,0.05124726672090241,0.05633013860467138,0.00508287188376897,9.918327764582616,0.06039476522035152,0.11340182780519263,0.053007062584841114,87.76764408544976,0.05618698468293863,0.10795149981723466,0.05176451513429603,92.12901426620692
tau_eye,1.0,0.5,0,level_1,9,109,0.0497259163568056,0.05456980541985687,0.00484388906305127,9.741176066609226,0.09373135449462155,0.12771172829082456,0.033980373796203,36.25294222986273,0.051028094045126815,0.06808374690232526,0.01705565285719844,33.42404449226584
tau_eye,1.0,0.5,0,level_1,10,110,0.050221344434371235,0.050472802848362516,0.00025145841399128177,0.5007002835614749,0.06713786743534529,0.10847707009727019,0.041339202661924895,61.573601070565914,0.05497336247124379,0.0828044104999552,0.027831048028711405,50.62642483124376
tau_eye,1.0,0.5,0,level_1,11,111,0.054924269325751826,0.05498662087018938,6.235154443755275e-05,0.1135227563388241,0.08006748030211115,0.14834021358511593,0.06827273328300477,85.2689918870903,0.05897219896197289,0.07860369648530736,0.019631497523334478,33.28941072045402
tau_eye,1.0,0.5,0,level_1,12,112,0.052176347681895975,0.05195947725298893,-0.00021687042890704278,-0.41564892627065186,0.05529345601473317,0.11598164509649726,0.06068818908176409,109.75654888635188,0.05586234669898511,0.09161890346024777,0.03575655676126266,64.00833275755004
tau_eye,1.0,0.5,0,level_1,13,113,0.05206255485385231,0.0571286914435656,0.005066136589713291,9.730864349501717,0.07257126808762229,0.07675856035674918,0.004187292269126883,5.769903681538485,0.05731753697710737,0.08876352235652092,0.03144598537941355,54.862764588040626
tau_eye,1.0,0.5,0,level_1,14,114,0.05326431118241393,0.05097754808647106,-0.002286763095942876,-4.293236963323178,0.0707148747809747,0.09036319365250345,0.01964831887152875,27.785269976628708,0.06321700550586885,0.08393786514699901,0.020720859641130157,32.7773507702868
tau_eye,1.0,0.5,0,level_1,15,115,0.04712875648091697,0.056726008167704796,0.009597251686787829,20.363897550901598,0.08877222467639247,0.10191648971708765,0.013144265040695186,14.806731597198207,0.05642154265515882,0.08209374807211185,0.02567220541695303,45.50071516806663
tau_eye,1.0,0.5,0,level_1,16,116,0.0517451306473083,0.05481572524170674,0.003070594594398443,5.934074483891888,0.0630805911659902,0.13197598569762728,0.06889539453163708,109.21805464749977,0.05153984433904071,0.08544219534426276,0.03390235100522205,65.778916176395
tau_eye,1.0,0.5,0,level_1,17,117,0.04972638907545279,0.05548026883733792,0.005753879761885128,11.57107899621351,0.07940649677572748,0.11122247460298454,0.031815977827257064,40.06722260662983,0.0566956585574074,0.07474895576715143,0.01805329720974403,31.842468487184245
tau_eye,1.0,0.5,0,level_1,18,118,0.05308937317680226,0.053678584908746246,0.0005892117319439838,1.1098487261880945,0.07631113866207387,0.13577409240442292,0.059462953742349056,77.92172254913784,0.05909712507191429,0.09024901947406606,0.031151894402151777,52.71304545566906
tau_eye,1.0,0.5,0,level_1,19,119,0.05148500620835039,0.05397181379762506,0.0024868075892746644,4.830158860641891,0.0747683360866008,0.11289822220950155,0.03812988612290075,50.99737150594954,0.06241277800938055,0.09872617350322087,0.03631339549384032,58.18262966660845
tau_eye,1.0,0.5,0,level_1,20,120,0.04979896356208758,0.05399013702601002,0.0041911734639224416,8.416186129450336,0.10111176228921491,0.13587997864489357,0.03476821635567866,34.38592659104233,0.05800227558257419,0.09357624898598832,0.03557397340341413,61.33203059036831
tau_eye,1.0,0.5,0,level_1,21,121,0.05056171466806138,0.05559545752070769,0.0050337428526463154,9.955641112436423,0.05624414626729243,0.12937939390856212,0.07313524764126969,130.03174995972853,0.05804824549063236,0.08409444254403471,0.026046197053402352,44.8699126618833
tau_eye,1.0,0.5,0,level_1,22,122,0.05097609946294545,0.05074052806188473,-0.00023557140106071628,-0.4621212755439502,0.07288938815293294,0.08349886926259847,0.01060948110966553,14.555590845961332,0.057205658986178146,0.09436816092140372,0.03716250193522558,64.96298197387196
tau_eye,1.0,0.5,0,level_1,23,123,0.05128720292880176,0.05500621961176081,0.003719016682959049,7.251354081683661,0.06971469856860425,0.06601050046417738,-0.0037041981044268757,-5.313367454040814,0.060030450812770884,0.07896276859993899,0.018932317787168106,31.537857088923346
tau_eye,1.0,0.5,0,level_1,24,124,0.056034995899460364,0.05298117111610924,-0.0030538247833511237,-5.4498527827688,0.11060674530993182,0.1243553471658456,0.013748601855913783,12.430165825229503,0.05622159341084604,0.08381425882203894,0.0275926654111929,49.078412291797186
tau_eye,1.0,0.5,0,level_1,25,125,0.05388495183881423,0.050751798721368556,-0.003133153117445671,-5.814523369748673,0.07869637386536456,0.060985315943189435,-0.017711057922175123,-22.505557819570672,0.06577278147769818,0.08917881466039308,0.023406033182694908,35.58619942298058
tau_eye,1.0,0.5,0,level_1,26,126,0.05290724449819469,0.053820563491699135,0.0009133189935044417,1.7262645260907625,0.05741035051716622,0.0854022478199327,0.027991897302766487,48.75757951416209,0.05994369666894593,0.08000421508249271,0.02006051841354678,33.46560110287494
tau_eye,1.0,0.5,0,level_1,27,127,0.04818328112980055,0.05082500533464182,0.002641724204841274,5.482657351052442,0.07560824879684892,0.11700966398923018,0.04140141519238126,54.757802027160196,0.05435572444428661,0.0827833033845255,0.02842757894023889,52.29914462712481
tau_eye,1.0,0.5,0,level_1,28,128,0.05190722155131241,0.05239511785503714,0.0004878963037247344,0.9399391628820452,0.05778358004097754,0.11633321541294865,0.05854963537197111,101.32573186093752,0.05670682375240236,0.07808412196109257,0.021377298208690214,37.697929092324756
tau_eye,1.0,0.5,0,level_1,29,129,0.05361311017271911,0.05498471706348487,0.0013716068907657641,2.558342327738529,0.06140507315838911,0.10932957300620386,0.047924499847814744,78.04648277870724,0.06477260569312294,0.10156312461912612,0.03679051892600317,56.79950425386284
tau_eye,1.0,0.75,1,level_2,0,100,0.05227903361128479,0.05582726771342003,0.003548234102135242,6.787107291457911,0.07643590785038243,0.10741935014438038,0.03098344229399795,40.535192379275095,0.05092163240002351,0.08539560977309453,0.03447397737307102,67.7000633095476
tau_eye,1.0,0.75,1,level_2,1,101,0.048683555599097254,0.0494291789218098,0.000745623322712545,1.531571212367182,0.07984218432276637,0.08863022369467106,0.008788039371904699,11.006762210285446,0.058854315235107174,0.07338451959459094,0.014530204359483767,24.68842650099573
tau_eye,1.0,0.75,1,level_2,2,102,0.05234248019736282,0.056314391434914686,0.003971911237551869,7.588313015690812,0.07903576463981216,0.08081190001037071,0.0017761353705585542,2.247255250395684,0.060202935547240384,0.08841325329628952,0.028210317749049134,46.85870795604792
tau_eye,1.0,0.75,1,level_2,3,103,0.05032722908195535,0.054200494582447585,0.0038732655004922317,7.696162835002925,0.08109506857099569,0.09594562355138885,0.014850554980393157,18.31252533856859,0.05527311227670311,0.07403792650651653,0.018764814229813416,33.949262954245725
tau_eye,1.0,0.75,1,level_2,4,104,0.05119621887821709,0.054262700304995505,0.003066481426778414,5.989663873562227,0.06326255002179447,0.1312963316583081,0.06803378163651362,107.54195272412419,0.06528116355477227,0.08083986092684164,0.015558697372069372,23.833364059167383
tau_eye,1.0,0.75,1,level_2,5,105,0.05243502133258906,0.05442078559916812,0.0019857642665790584,3.7870953727349392,0.07131443862880558,0.11540325656724329,0.044088817938437705,61.823129770286364,0.05999929294987376,0.08846159485534236,0.0284623019054686,47.43772885665061
tau_eye,1.0,0.75,1,level_2,6,106,0.05274316164064624,0.05520136229727231,0.0024582006566260667,4.660700231386333,0.09472747098725408,0.07405200601923971,-0.020675464968014368,-21.82626090671873,0.053718430130723985,0.07445029129471971,0.020731861163995724,38.593572287098986
tau_eye,1.0,0.75,1,level_2,7,107,0.05190239552492012,0.051489178893096677,-0.00041321663182344176,-0.7961417341999991,0.06378659349272257,0.12111102126191159,0.057324427769189015,89.86908475639034,0.054375773230939735,0.08842799257988164,0.034052219348941905,62.623880683624456
tau_eye,1.0,0.75,1,level_2,8,108,0.05124726672090241,0.056330138604671384,0.005082871883768977,9.91832776458263,0.060394765220351525,0.11340182780519262,0.05300706258484109,87.76764408544972,0.05618698468293863,0.10795149981723465,0.051764515134296016,92.1290142662069
tau_eye,1.0,0.75,1,level_2,9,109,0.0497259163568056,0.05456980541985688,0.0048438890630512765,9.74117606660924,0.09373135449462155,0.12771172829082458,0.03398037379620303,36.25294222986276,0.051028094045126815,0.06808374690232527,0.017055652857198456,33.424044492265864
tau_eye,1.0,0.75,1,level_2,10,110,0.05022134443437123,0.050472802848362516,0.0002514584139912887,0.5007002835614888,0.06713786743534529,0.10847707009727019,0.041339202661924895,61.573601070565914,0.05497336247124379,0.08280441049995518,0.02783104802871139,50.62642483124373
tau_eye,1.0,0.75,1,level_2,11,111,0.054924269325751826,0.05498662087018938,6.235154443755275e-05,0.1135227563388241,0.08006748030211115,0.1483402135851159,0.06827273328300475,85.26899188709025,0.05897219896197289,0.07860369648530734,0.01963149752333445,33.28941072045397
tau_eye,1.0,0.75,1,level_2,12,112,0.052176347681895975,0.05195947725298893,-0.00021687042890704278,-0.41564892627065186,0.05529345601473318,0.11598164509649732,0.06068818908176414,109.75654888635196,0.05586234669898512,0.09161890346024777,0.03575655676126265,64.00833275755001
tau_eye,1.0,0.75,1,level_2,13,113,0.05206255485385231,0.0571286914435656,0.005066136589713291,9.730864349501717,0.0725712680876223,0.07675856035674916,0.004187292269126855,5.769903681538446,0.05731753697710737,0.08876352235652092,0.03144598537941355,54.862764588040626
tau_eye,1.0,0.75,1,level_2,14,114,0.05326431118241393,0.05097754808647106,-0.002286763095942876,-4.293236963323178,0.0707148747809747,0.09036319365250345,0.01964831887152875,27.785269976628708,0.06321700550586887,0.08393786514699902,0.020720859641130157,32.777350770286795
tau_eye,1.0,0.75,1,level_2,15,115,0.047128756480916974,0.0567260081677048,0.009597251686787829,20.363897550901594,0.08877222467639248,0.10191648971708765,0.013144265040695172,14.806731597198187,0.05642154265515882,0.08209374807211185,0.02567220541695303,45.50071516806663
tau_eye,1.0,0.75,1,level_2,16,116,0.0517451306473083,0.05481572524170674,0.003070594594398443,5.934074483891888,0.0630805911659902,0.13197598569762725,0.06889539453163705,109.21805464749971,0.05153984433904071,0.08544219534426276,0.03390235100522205,65.778916176395
tau_eye,1.0,0.75,1,level_2,17,117,0.049726389075452786,0.05548026883733793,0.005753879761885142,11.571078996213538,0.07940649677572749,0.11122247460298454,0.03181597782725705,40.067222606629805,0.0566956585574074,0.07474895576715143,0.01805329720974403,31.842468487184245
tau_eye,1.0,0.75,1,level_2,18,118,0.05308937317680226,0.053678584908746246,0.0005892117319439838,1.1098487261880945,0.07631113866207387,0.1357740924044229,0.05946295374234903,77.9217225491378,0.05909712507191429,0.09024901947406606,0.031151894402151777,52.71304545566906
tau_eye,1.0,0.75,1,level_2,19,119,0.05148500620835039,0.05397181379762506,0.0024868075892746644,4.830158860641891,0.0747683360866008,0.11289822220950155,0.03812988612290075,50.99737150594954,0.06241277800938054,0.09872617350322087,0.03631339549384033,58.18262966660847
tau_eye,1.0,0.75,1,level_2,20,120,0.04979896356208758,0.05399013702601002,0.0041911734639224416,8.416186129450336,0.10111176228921492,0.1358799786448936,0.03476821635567867,34.385926591042335,0.05800227558257419,0.09357624898598832,0.03557397340341413,61.33203059036831
tau_eye,1.0,0.75,1,level_2,21,121,0.05056171466806138,0.05559545752070771,0.005033742852646329,9.95564111243645,0.05624414626729243,0.12937939390856212,0.07313524764126969,130.03174995972853,0.05804824549063236,0.0840944425440347,0.026046197053402338,44.869912661883276
tau_eye,1.0,0.75,1,level_2,22,122,0.05097609946294545,0.05074052806188473,-0.00023557140106071628,-0.4621212755439502,0.07288938815293293,0.08349886926259847,0.010609481109665544,14.555590845961353,0.057205658986178146,0.09436816092140372,0.03716250193522558,64.96298197387196
tau_eye,1.0,0.75,1,level_2,23,123,0.05128720292880176,0.05500621961176081,0.003719016682959049,7.251354081683661,0.06971469856860427,0.06601050046417739,-0.0037041981044268757,-5.313367454040813,0.060030450812770884,0.07896276859993896,0.018932317787168078,31.537857088923303
tau_eye,1.0,0.75,1,level_2,24,124,0.056034995899460364,0.05298117111610924,-0.0030538247833511237,-5.4498527827688,0.11060674530993181,0.1243553471658456,0.013748601855913797,12.430165825229519,0.056221593410846024,0.08381425882203894,0.027592665411192915,49.07841229179723
tau_eye,1.0,0.75,1,level_2,25,125,0.05388495183881423,0.050751798721368556,-0.003133153117445671,-5.814523369748673,0.07869637386536456,0.060985315943189435,-0.017711057922175123,-22.505557819570672,0.06577278147769818,0.08917881466039308,0.023406033182694908,35.58619942298058
tau_eye,1.0,0.75,1,level_2,26,126,0.05290724449819469,0.05382056349169913,0.0009133189935044347,1.7262645260907494,0.05741035051716622,0.0854022478199327,0.027991897302766487,48.75757951416209,0.05994369666894594,0.08000421508249271,0.020060518413546773,33.46560110287493
tau_eye,1.0,0.75,1,level_2,27,127,0.048183281129800554,0.05082500533464183,0.002641724204841274,5.482657351052441,0.07560824879684892,0.11700966398923016,0.04140141519238123,54.75780202716016,0.054355724444286616,0.08278330338452547,0.028427578940238854,52.29914462712474
tau_eye,1.0,0.75,1,level_2,28,128,0.05190722155131241,0.05239511785503714,0.0004878963037247344,0.9399391628820452,0.05778358004097754,0.11633321541294865,0.05854963537197111,101.32573186093752,0.05670682375240236,0.07808412196109257,0.021377298208690214,37.697929092324756
tau_eye,1.0,0.75,1,level_2,29,129,0.05361311017271911,0.05498471706348487,0.0013716068907657641,2.558342327738529,0.061405073158389105,0.10932957300620388,0.04792449984781478,78.04648277870731,0.06477260569312296,0.10156312461912612,0.03679051892600316,56.79950425386281
tau_eye,1.0,1.0,2,canonical,0,100,0.05227903361128479,0.05582726771342003,0.003548234102135242,6.787107291457911,0.07643590785038243,0.10741935014438038,0.03098344229399795,40.535192379275095,0.05092163240002351,0.08539560977309452,0.03447397737307101,67.70006330954757
tau_eye,1.0,1.0,2,canonical,1,101,0.048683555599097254,0.0494291789218098,0.000745623322712545,1.531571212367182,0.07984218432276635,0.08863022369467108,0.008788039371904727,11.006762210285483,0.05885431523510717,0.07338451959459094,0.014530204359483774,24.688426500995746
tau_eye,1.0,1.0,2,canonical,2,102,0.05234248019736282,0.056314391434914686,0.003971911237551869,7.588313015690812,0.07903576463981214,0.0808119000103707,0.0017761353705585542,2.2472552503956846,0.060202935547240384,0.08841325329628952,0.028210317749049134,46.85870795604792
tau_eye,1.0,1.0,2,canonical,3,103,0.05032722908195535,0.054200494582447585,0.0038732655004922317,7.696162835002925,0.0810950685709957,0.09594562355138886,0.014850554980393157,18.312525338568587,0.05527311227670311,0.07403792650651653,0.018764814229813416,33.949262954245725
tau_eye,1.0,1.0,2,canonical,4,104,0.05119621887821709,0.054262700304995505,0.003066481426778414,5.989663873562227,0.06326255002179447,0.1312963316583081,0.06803378163651362,107.54195272412419,0.06528116355477227,0.08083986092684163,0.015558697372069358,23.833364059167366
tau_eye,1.0,1.0,2,canonical,5,105,0.05243502133258905,0.05442078559916811,0.0019857642665790584,3.7870953727349397,0.07131443862880558,0.11540325656724328,0.04408881793843769,61.82312977028635,0.05999929294987376,0.08846159485534237,0.028462301905468612,47.43772885665063
tau_eye,1.0,1.0,2,canonical,6,106,0.05274316164064624,0.055201362297272294,0.002458200656626053,4.660700231386306,0.09472747098725408,0.07405200601923972,-0.020675464968014354,-21.82626090671872,0.053718430130723985,0.0744502912947197,0.02073186116399571,38.593572287098965
tau_eye,1.0,1.0,2,canonical,7,107,0.05190239552492012,0.05148917889309668,-0.0004132166318234348,-0.7961417341999857,0.06378659349272257,0.12111102126191156,0.05732442776918899,89.8690847563903,0.054375773230939735,0.08842799257988165,0.03405221934894192,62.62388068362448
tau_eye,1.0,1.0,2,canonical,8,108,0.05124726672090241,0.05633013860467138,0.00508287188376897,9.918327764582616,0.06039476522035152,0.11340182780519259,0.05300706258484107,87.76764408544967,0.05618698468293863,0.10795149981723465,0.051764515134296016,92.1290142662069
tau_eye,1.0,1.0,2,canonical,9,109,0.0497259163568056,0.05456980541985687,0.00484388906305127,9.741176066609226,0.09373135449462155,0.12771172829082458,0.03398037379620303,36.25294222986276,0.051028094045126815,0.06808374690232526,0.01705565285719844,33.42404449226584
tau_eye,1.0,1.0,2,canonical,10,110,0.050221344434371235,0.050472802848362516,0.00025145841399128177,0.5007002835614749,0.06713786743534526,0.10847707009727019,0.04133920266192492,61.57360107056598,0.0549733624712438,0.08280441049995518,0.027831048028711385,50.62642483124371
tau_eye,1.0,1.0,2,canonical,11,111,0.05492426932575183,0.05498662087018938,6.235154443754581e-05,0.11352275633881145,0.08006748030211115,0.1483402135851159,0.06827273328300475,85.26899188709025,0.05897219896197289,0.07860369648530734,0.01963149752333445,33.28941072045397
tau_eye,1.0,1.0,2,canonical,12,112,0.052176347681895975,0.05195947725298893,-0.00021687042890704278,-0.41564892627065186,0.05529345601473317,0.11598164509649729,0.06068818908176412,109.75654888635194,0.05586234669898512,0.09161890346024777,0.03575655676126265,64.00833275755001
tau_eye,1.0,1.0,2,canonical,13,113,0.05206255485385231,0.05712869144356561,0.005066136589713298,9.730864349501731,0.0725712680876223,0.07675856035674918,0.004187292269126869,5.769903681538465,0.05731753697710737,0.08876352235652092,0.03144598537941355,54.862764588040626
tau_eye,1.0,1.0,2,canonical,14,114,0.05326431118241393,0.05097754808647106,-0.002286763095942876,-4.293236963323178,0.0707148747809747,0.09036319365250345,0.01964831887152875,27.785269976628708,0.06321700550586887,0.08393786514699901,0.020720859641130143,32.77735077028677
tau_eye,1.0,1.0,2,canonical,15,115,0.04712875648091697,0.0567260081677048,0.009597251686787836,20.363897550901612,0.08877222467639247,0.10191648971708762,0.013144265040695158,14.806731597198175,0.05642154265515883,0.08209374807211185,0.025672205416953024,45.500715168066606
tau_eye,1.0,1.0,2,canonical,16,116,0.0517451306473083,0.05481572524170674,0.003070594594398443,5.934074483891888,0.0630805911659902,0.13197598569762728,0.06889539453163708,109.21805464749977,0.05153984433904071,0.08544219534426276,0.03390235100522205,65.778916176395
tau_eye,1.0,1.0,2,canonical,17,117,0.049726389075452786,0.05548026883733793,0.005753879761885142,11.571078996213538,0.07940649677572749,0.11122247460298454,0.03181597782725705,40.067222606629805,0.0566956585574074,0.07474895576715143,0.01805329720974403,31.842468487184245
tau_eye,1.0,1.0,2,canonical,18,118,0.05308937317680226,0.053678584908746246,0.0005892117319439838,1.1098487261880945,0.07631113866207387,0.1357740924044229,0.05946295374234903,77.9217225491378,0.05909712507191428,0.09024901947406606,0.031151894402151784,52.71304545566908
tau_eye,1.0,1.0,2,canonical,19,119,0.05148500620835039,0.05397181379762506,0.0024868075892746644,4.830158860641891,0.0747683360866008,0.11289822220950155,0.03812988612290075,50.99737150594954,0.06241277800938054,0.09872617350322085,0.036313395493840314,58.18262966660844
tau_eye,1.0,1.0,2,canonical,20,120,0.04979896356208757,0.05399013702601002,0.0041911734639224485,8.41618612945035,0.10111176228921491,0.1358799786448936,0.034768216355678686,34.385926591042356,0.058002275582574196,0.09357624898598832,0.03557397340341412,61.33203059036829
tau_eye,1.0,1.0,2,canonical,21,121,0.05056171466806138,0.05559545752070769,0.0050337428526463154,9.955641112436423,0.056244146267292426,0.12937939390856212,0.07313524764126969,130.03174995972856,0.05804824549063236,0.08409444254403468,0.026046197053402324,44.869912661883255
tau_eye,1.0,1.0,2,canonical,22,122,0.05097609946294546,0.05074052806188473,-0.00023557140106072322,-0.46212127554396376,0.07288938815293293,0.08349886926259846,0.01060948110966553,14.555590845961333,0.05720565898617815,0.09436816092140372,0.03716250193522557,64.96298197387195
tau_eye,1.0,1.0,2,canonical,23,123,0.05128720292880176,0.05500621961176081,0.003719016682959049,7.251354081683661,0.06971469856860425,0.06601050046417738,-0.0037041981044268757,-5.313367454040814,0.060030450812770884,0.07896276859993896,0.018932317787168078,31.537857088923303
tau_eye,1.0,1.0,2,canonical,24,124,0.056034995899460364,0.05298117111610924,-0.0030538247833511237,-5.4498527827688,0.11060674530993181,0.12435534716584559,0.013748601855913783,12.430165825229505,0.05622159341084604,0.08381425882203894,0.0275926654111929,49.078412291797186
tau_eye,1.0,1.0,2,canonical,25,125,0.05388495183881424,0.050751798721368556,-0.0031331531174456848,-5.814523369748699,0.07869637386536456,0.060985315943189435,-0.017711057922175123,-22.505557819570672,0.06577278147769818,0.08917881466039308,0.023406033182694908,35.58619942298058
tau_eye,1.0,1.0,2,canonical,26,126,0.05290724449819469,0.05382056349169913,0.0009133189935044347,1.7262645260907494,0.057410350517166225,0.0854022478199327,0.02799189730276648,48.757579514162074,0.05994369666894594,0.0800042150824927,0.02006051841354676,33.465601102874906
tau_eye,1.0,1.0,2,canonical,27,127,0.04818328112980055,0.05082500533464182,0.002641724204841274,5.482657351052442,0.07560824879684892,0.11700966398923017,0.04140141519238125,54.75780202716017,0.054355724444286616,0.08278330338452547,0.028427578940238854,52.29914462712474
tau_eye,1.0,1.0,2,canonical,28,128,0.05190722155131241,0.05239511785503714,0.0004878963037247344,0.9399391628820452,0.05778358004097755,0.11633321541294865,0.0585496353719711,101.3257318609375,0.056706823752402366,0.07808412196109257,0.021377298208690207,37.697929092324735
tau_eye,1.0,1.0,2,canonical,29,129,0.05361311017271911,0.05498471706348487,0.0013716068907657641,2.558342327738529,0.061405073158389105,0.10932957300620386,0.04792449984781475,78.04648277870727,0.06477260569312294,0.10156312461912612,0.03679051892600317,56.79950425386284
tau_eye,1.0,1.25,3,level_4,0,100,0.05227903361128479,0.05582726771342003,0.003548234102135242,6.787107291457911,0.07643590785038243,0.10741935014438041,0.03098344229399798,40.53519237927513,0.05092163240002351,0.08539560977309454,0.034473977373071035,67.70006330954763
tau_eye,1.0,1.25,3,level_4,1,101,0.048683555599097254,0.0494291789218098,0.000745623322712545,1.531571212367182,0.07984218432276637,0.08863022369467106,0.008788039371904699,11.006762210285446,0.05885431523510717,0.07338451959459094,0.014530204359483774,24.688426500995746
tau_eye,1.0,1.25,3,level_4,2,102,0.05234248019736282,0.056314391434914686,0.003971911237551869,7.588313015690812,0.07903576463981216,0.08081190001037071,0.0017761353705585542,2.247255250395684,0.060202935547240384,0.08841325329628952,0.028210317749049134,46.85870795604792
tau_eye,1.0,1.25,3,level_4,3,103,0.05032722908195535,0.054200494582447585,0.0038732655004922317,7.696162835002925,0.0810950685709957,0.09594562355138885,0.014850554980393144,18.312525338568566,0.05527311227670312,0.07403792650651654,0.018764814229813423,33.94926295424573
tau_eye,1.0,1.25,3,level_4,4,104,0.05119621887821709,0.054262700304995505,0.003066481426778414,5.989663873562227,0.06326255002179447,0.1312963316583081,0.06803378163651362,107.54195272412419,0.06528116355477227,0.08083986092684164,0.015558697372069372,23.833364059167383
tau_eye,1.0,1.25,3,level_4,5,105,0.05243502133258905,0.05442078559916811,0.0019857642665790584,3.7870953727349397,0.07131443862880558,0.11540325656724328,0.04408881793843769,61.82312977028635,0.059999292949873766,0.08846159485534237,0.028462301905468605,47.43772885665061
tau_eye,1.0,1.25,3,level_4,6,106,0.05274316164064624,0.055201362297272294,0.002458200656626053,4.660700231386306,0.09472747098725408,0.07405200601923971,-0.020675464968014368,-21.82626090671873,0.053718430130723985,0.07445029129471971,0.020731861163995724,38.593572287098986
tau_eye,1.0,1.25,3,level_4,7,107,0.05190239552492012,0.051489178893096677,-0.00041321663182344176,-0.7961417341999991,0.06378659349272257,0.12111102126191156,0.05732442776918899,89.8690847563903,0.054375773230939735,0.08842799257988165,0.03405221934894192,62.62388068362448
tau_eye,1.0,1.25,3,level_4,8,108,0.05124726672090241,0.05633013860467138,0.00508287188376897,9.918327764582616,0.06039476522035152,0.11340182780519259,0.05300706258484107,87.76764408544967,0.05618698468293863,0.10795149981723466,0.05176451513429603,92.12901426620692
tau_eye,1.0,1.25,3,level_4,9,109,0.049725916356805615,0.05456980541985687,0.004843889063051256,9.741176066609194,0.09373135449462158,0.12771172829082458,0.033980373796203,36.252942229862725,0.051028094045126815,0.06808374690232527,0.017055652857198456,33.424044492265864
tau_eye,1.0,1.25,3,level_4,10,110,0.050221344434371235,0.050472802848362516,0.00025145841399128177,0.5007002835614749,0.06713786743534528,0.10847707009727019,0.04133920266192491,61.57360107056595,0.0549733624712438,0.0828044104999552,0.0278310480287114,50.626424831243746
tau_eye,1.0,1.25,3,level_4,11,111,0.054924269325751826,0.05498662087018938,6.235154443755275e-05,0.1135227563388241,0.08006748030211115,0.14834021358511587,0.06827273328300472,85.26899188709022,0.05897219896197289,0.07860369648530736,0.019631497523334478,33.28941072045402
tau_eye,1.0,1.25,3,level_4,12,112,0.052176347681895975,0.05195947725298893,-0.00021687042890704278,-0.41564892627065186,0.05529345601473317,0.11598164509649726,0.06068818908176409,109.75654888635188,0.05586234669898511,0.09161890346024777,0.03575655676126266,64.00833275755004
tau_eye,1.0,1.25,3,level_4,13,113,0.05206255485385232,0.0571286914435656,0.005066136589713284,9.730864349501703,0.07257126808762229,0.07675856035674918,0.004187292269126883,5.769903681538485,0.05731753697710737,0.08876352235652092,0.03144598537941355,54.862764588040626
tau_eye,1.0,1.25,3,level_4,14,114,0.05326431118241393,0.05097754808647106,-0.002286763095942876,-4.293236963323178,0.07071487478097468,0.09036319365250345,0.019648318871528764,27.785269976628733,0.06321700550586887,0.08393786514699902,0.020720859641130157,32.777350770286795
tau_eye,1.0,1.25,3,level_4,15,115,0.04712875648091697,0.0567260081677048,0.009597251686787836,20.363897550901612,0.08877222467639245,0.10191648971708765,0.0131442650406952,14.806731597198224,0.05642154265515882,0.08209374807211185,0.02567220541695303,45.50071516806663
tau_eye,1.0,1.25,3,level_4,16,116,0.0517451306473083,0.05481572524170674,0.003070594594398443,5.934074483891888,0.0630805911659902,0.13197598569762728,0.06889539453163708,109.21805464749977,0.05153984433904071,0.08544219534426276,0.03390235100522205,65.778916176395
tau_eye,1.0,1.25,3,level_4,17,117,0.049726389075452786,0.05548026883733792,0.005753879761885135,11.571078996213526,0.07940649677572749,0.11122247460298454,0.03181597782725705,40.067222606629805,0.0566956585574074,0.07474895576715143,0.01805329720974403,31.842468487184245
tau_eye,1.0,1.25,3,level_4,18,118,0.05308937317680226,0.053678584908746246,0.0005892117319439838,1.1098487261880945,0.07631113866207387,0.1357740924044229,0.05946295374234903,77.9217225491378,0.059097125071914294,0.09024901947406606,0.03115189440215177,52.71304545566905
tau_eye,1.0,1.25,3,level_4,19,119,0.05148500620835039,0.05397181379762506,0.0024868075892746644,4.830158860641891,0.0747683360866008,0.11289822220950155,0.03812988612290075,50.99737150594954,0.06241277800938054,0.09872617350322085,0.036313395493840314,58.18262966660844
tau_eye,1.0,1.25,3,level_4,20,120,0.04979896356208758,0.05399013702601002,0.0041911734639224416,8.416186129450336,0.10111176228921492,0.13587997864489362,0.0347682163556787,34.38592659104236,0.058002275582574196,0.09357624898598832,0.03557397340341412,61.33203059036829
tau_eye,1.0,1.25,3,level_4,21,121,0.05056171466806138,0.05559545752070769,0.0050337428526463154,9.955641112436423,0.056244146267292426,0.12937939390856207,0.07313524764126964,130.03174995972847,0.05804824549063236,0.08409444254403468,0.026046197053402324,44.869912661883255
tau_eye,1.0,1.25,3,level_4,22,122,0.05097609946294545,0.05074052806188474,-0.00023557140106070934,-0.4621212755439366,0.07288938815293293,0.08349886926259847,0.010609481109665544,14.555590845961353,0.057205658986178146,0.09436816092140372,0.03716250193522558,64.96298197387196
tau_eye,1.0,1.25,3,level_4,23,123,0.05128720292880176,0.05500621961176081,0.003719016682959049,7.251354081683661,0.06971469856860425,0.06601050046417736,-0.0037041981044268896,-5.313367454040834,0.06003045081277088,0.07896276859993896,0.018932317787168085,31.537857088923317
tau_eye,1.0,1.25,3,level_4,24,124,0.056034995899460364,0.05298117111610924,-0.0030538247833511237,-5.4498527827688,0.11060674530993182,0.1243553471658456,0.013748601855913783,12.430165825229503,0.056221593410846024,0.08381425882203894,0.027592665411192915,49.07841229179723
tau_eye,1.0,1.25,3,level_4,25,125,0.05388495183881423,0.050751798721368556,-0.003133153117445671,-5.814523369748673,0.07869637386536456,0.06098531594318944,-0.017711057922175116,-22.50555781957066,0.06577278147769818,0.08917881466039308,0.023406033182694908,35.58619942298058
tau_eye,1.0,1.25,3,level_4,26,126,0.052907244498194686,0.05382056349169913,0.0009133189935044417,1.7262645260907628,0.05741035051716622,0.08540224781993269,0.027991897302766473,48.75757951416207,0.059943696668945945,0.0800042150824927,0.020060518413546752,33.465601102874885
tau_eye,1.0,1.25,3,level_4,27,127,0.04818328112980055,0.05082500533464182,0.002641724204841274,5.482657351052442,0.07560824879684892,0.11700966398923017,0.04140141519238125,54.75780202716017,0.054355724444286616,0.08278330338452547,0.028427578940238854,52.29914462712474
tau_eye,1.0,1.25,3,level_4,28,128,0.05190722155131241,0.05239511785503714,0.0004878963037247344,0.9399391628820452,0.05778358004097755,0.11633321541294865,0.0585496353719711,101.3257318609375,0.056706823752402366,0.07808412196109257,0.021377298208690207,37.697929092324735
tau_eye,1.0,1.25,3,level_4,29,129,0.05361311017271911,0.05498471706348487,0.0013716068907657641,2.558342327738529,0.0614050731583891,0.10932957300620388,0.047924499847814786,78.04648277870734,0.06477260569312294,0.10156312461912612,0.03679051892600317,56.79950425386284
tau_eye,1.0,1.5,4,level_5,0,100,0.05227903361128479,0.05582726771342003,0.003548234102135242,6.787107291457911,0.07643590785038243,0.10741935014438041,0.03098344229399798,40.53519237927513,0.05092163240002351,0.08539560977309453,0.03447397737307102,67.7000633095476
tau_eye,1.0,1.5,4,level_5,1,101,0.048683555599097254,0.0494291789218098,0.000745623322712545,1.531571212367182,0.07984218432276637,0.08863022369467105,0.008788039371904685,11.006762210285428,0.058854315235107174,0.07338451959459094,0.014530204359483767,24.68842650099573
tau_eye,1.0,1.5,4,level_5,2,102,0.05234248019736282,0.056314391434914686,0.003971911237551869,7.588313015690812,0.07903576463981216,0.0808119000103707,0.0017761353705585403,2.2472552503956664,0.060202935547240384,0.08841325329628952,0.028210317749049134,46.85870795604792
tau_eye,1.0,1.5,4,level_5,3,103,0.05032722908195536,0.054200494582447585,0.003873265500492225,7.69616283500291,0.0810950685709957,0.09594562355138883,0.01485055498039313,18.312525338568552,0.05527311227670311,0.07403792650651654,0.01876481422981343,33.949262954245754
tau_eye,1.0,1.5,4,level_5,4,104,0.05119621887821709,0.054262700304995505,0.003066481426778414,5.989663873562227,0.06326255002179447,0.1312963316583081,0.06803378163651362,107.54195272412419,0.06528116355477227,0.08083986092684164,0.015558697372069372,23.833364059167383
tau_eye,1.0,1.5,4,level_5,5,105,0.05243502133258905,0.05442078559916812,0.0019857642665790654,3.7870953727349526,0.07131443862880558,0.11540325656724328,0.04408881793843769,61.82312977028635,0.05999929294987376,0.08846159485534236,0.0284623019054686,47.43772885665061
tau_eye,1.0,1.5,4,level_5,6,106,0.05274316164064624,0.055201362297272294,0.002458200656626053,4.660700231386306,0.09472747098725408,0.07405200601923972,-0.020675464968014354,-21.82626090671872,0.053718430130723985,0.07445029129471968,0.020731861163995696,38.59357228709894
tau_eye,1.0,1.5,4,level_5,7,107,0.05190239552492012,0.051489178893096677,-0.00041321663182344176,-0.7961417341999991,0.06378659349272257,0.12111102126191155,0.057324427769188974,89.86908475639027,0.054375773230939735,0.08842799257988165,0.03405221934894192,62.62388068362448
tau_eye,1.0,1.5,4,level_5,8,108,0.05124726672090241,0.05633013860467138,0.00508287188376897,9.918327764582616,0.06039476522035152,0.11340182780519262,0.0530070625848411,87.76764408544972,0.05618698468293863,0.10795149981723466,0.05176451513429603,92.12901426620692
tau_eye,1.0,1.5,4,level_5,9,109,0.0497259163568056,0.054569805419856884,0.0048438890630512835,9.741176066609253,0.09373135449462155,0.1277117282908246,0.033980373796203056,36.25294222986279,0.051028094045126815,0.06808374690232527,0.017055652857198456,33.424044492265864
tau_eye,1.0,1.5,4,level_5,10,110,0.050221344434371235,0.050472802848362516,0.00025145841399128177,0.5007002835614749,0.06713786743534529,0.10847707009727019,0.041339202661924895,61.573601070565914,0.0549733624712438,0.08280441049995518,0.027831048028711385,50.62642483124371
tau_eye,1.0,1.5,4,level_5,11,111,0.054924269325751826,0.05498662087018938,6.235154443755275e-05,0.1135227563388241,0.08006748030211115,0.14834021358511587,0.06827273328300472,85.26899188709022,0.05897219896197289,0.07860369648530735,0.019631497523334464,33.289410720454
tau_eye,1.0,1.5,4,level_5,12,112,0.052176347681895975,0.05195947725298893,-0.00021687042890704278,-0.41564892627065186,0.05529345601473317,0.1159816450964973,0.060688189081764134,109.75654888635196,0.05586234669898511,0.09161890346024776,0.035756556761262645,64.00833275755001
tau_eye,1.0,1.5,4,level_5,13,113,0.05206255485385231,0.0571286914435656,0.005066136589713291,9.730864349501717,0.07257126808762229,0.07675856035674916,0.004187292269126869,5.769903681538466,0.05731753697710737,0.08876352235652091,0.03144598537941354,54.8627645880406
tau_eye,1.0,1.5,4,level_5,14,114,0.05326431118241393,0.05097754808647106,-0.002286763095942876,-4.293236963323178,0.0707148747809747,0.09036319365250345,0.01964831887152875,27.785269976628708,0.06321700550586887,0.08393786514699901,0.020720859641130143,32.77735077028677
tau_eye,1.0,1.5,4,level_5,15,115,0.047128756480916974,0.056726008167704796,0.009597251686787822,20.363897550901584,0.08877222467639245,0.10191648971708765,0.0131442650406952,14.806731597198224,0.05642154265515882,0.08209374807211185,0.02567220541695303,45.50071516806663
tau_eye,1.0,1.5,4,level_5,16,116,0.0517451306473083,0.05481572524170674,0.003070594594398443,5.934074483891888,0.0630805911659902,0.13197598569762725,0.06889539453163705,109.21805464749971,0.05153984433904071,0.08544219534426276,0.03390235100522205,65.778916176395
tau_eye,1.0,1.5,4,level_5,17,117,0.04972638907545279,0.055480268837337914,0.005753879761885121,11.571078996213497,0.07940649677572749,0.11122247460298451,0.03181597782725702,40.06722260662976,0.0566956585574074,0.07474895576715142,0.018053297209744017,31.842468487184224
tau_eye,1.0,1.5,4,level_5,18,118,0.05308937317680226,0.053678584908746246,0.0005892117319439838,1.1098487261880945,0.07631113866207387,0.1357740924044229,0.05946295374234903,77.9217225491378,0.059097125071914294,0.09024901947406606,0.03115189440215177,52.71304545566905
tau_eye,1.0,1.5,4,level_5,19,119,0.051485006208350385,0.05397181379762506,0.0024868075892746713,4.830158860641905,0.0747683360866008,0.11289822220950155,0.03812988612290075,50.99737150594954,0.06241277800938054,0.09872617350322085,0.036313395493840314,58.18262966660844
tau_eye,1.0,1.5,4,level_5,20,120,0.04979896356208758,0.05399013702601002,0.0041911734639224416,8.416186129450336,0.10111176228921492,0.13587997864489362,0.0347682163556787,34.38592659104236,0.05800227558257419,0.09357624898598833,0.035573973403414144,61.33203059036833
tau_eye,1.0,1.5,4,level_5,21,121,0.05056171466806138,0.0555954575207077,0.005033742852646322,9.955641112436435,0.056244146267292426,0.1293793939085621,0.07313524764126966,130.0317499597285,0.05804824549063236,0.0840944425440347,0.026046197053402338,44.869912661883276
tau_eye,1.0,1.5,4,level_5,22,122,0.05097609946294545,0.050740528061884727,-0.00023557140106072322,-0.46212127554396387,0.07288938815293293,0.08349886926259846,0.01060948110966553,14.555590845961333,0.05720565898617815,0.09436816092140372,0.03716250193522557,64.96298197387195
tau_eye,1.0,1.5,4,level_5,23,123,0.05128720292880176,0.05500621961176081,0.003719016682959049,7.251354081683661,0.06971469856860425,0.06601050046417736,-0.0037041981044268896,-5.313367454040834,0.060030450812770884,0.07896276859993899,0.018932317787168106,31.537857088923346
tau_eye,1.0,1.5,4,level_5,24,124,0.05603499589946035,0.05298117111610924,-0.00305382478335111,-5.449852782768777,0.11060674530993181,0.1243553471658456,0.013748601855913797,12.430165825229519,0.056221593410846024,0.08381425882203894,0.027592665411192915,49.07841229179723
tau_eye,1.0,1.5,4,level_5,25,125,0.05388495183881423,0.050751798721368556,-0.003133153117445671,-5.814523369748673,0.07869637386536456,0.060985315943189435,-0.017711057922175123,-22.505557819570672,0.06577278147769818,0.08917881466039308,0.023406033182694908,35.58619942298058
tau_eye,1.0,1.5,4,level_5,26,126,0.052907244498194686,0.05382056349169913,0.0009133189935044417,1.7262645260907628,0.05741035051716622,0.0854022478199327,0.027991897302766487,48.75757951416209,0.05994369666894594,0.08000421508249271,0.020060518413546773,33.46560110287493
tau_eye,1.0,1.5,4,level_5,27,127,0.04818328112980055,0.05082500533464182,0.002641724204841274,5.482657351052442,0.07560824879684892,0.11700966398923018,0.04140141519238126,54.757802027160196,0.054355724444286616,0.08278330338452547,0.028427578940238854,52.29914462712474
tau_eye,1.0,1.5,4,level_5,28,128,0.051907221551312416,0.05239511785503714,0.0004878963037247275,0.9399391628820317,0.057783580040977556,0.11633321541294865,0.058549635371971095,101.32573186093747,0.056706823752402366,0.07808412196109257,0.021377298208690207,37.697929092324735
tau_eye,1.0,1.5,4,level_5,29,129,0.05361311017271911,0.05498471706348487,0.0013716068907657641,2.558342327738529,0.061405073158389105,0.10932957300620388,0.04792449984781478,78.04648277870731,0.06477260569312294,0.10156312461912612,0.03679051892600317,56.79950425386284
g_vor0,1.0,0.5,0,level_1,0,100,0.05227903361128479,0.05582726771342003,0.003548234102135242,6.787107291457911,0.07643590785038243,0.1074193501443804,0.030983442293997965,40.53519237927511,0.05092163240002351,0.08539560977309453,0.03447397737307102,67.7000633095476
g_vor0,1.0,0.5,0,level_1,1,101,0.048683555599097254,0.0494291789218098,0.000745623322712545,1.531571212367182,0.07984218432276637,0.08863022369467105,0.008788039371904685,11.006762210285428,0.05885431523510717,0.07338451959459094,0.014530204359483774,24.688426500995746
g_vor0,1.0,0.5,0,level_1,2,102,0.05234248019736282,0.056314391434914686,0.003971911237551869,7.588313015690812,0.07903576463981216,0.08081190001037071,0.0017761353705585542,2.247255250395684,0.060202935547240384,0.08841325329628952,0.028210317749049134,46.85870795604792
g_vor0,1.0,0.5,0,level_1,3,103,0.05032722908195535,0.054200494582447585,0.0038732655004922317,7.696162835002925,0.08109506857099569,0.09594562355138885,0.014850554980393157,18.31252533856859,0.05527311227670311,0.07403792650651654,0.01876481422981343,33.949262954245754
g_vor0,1.0,0.5,0,level_1,4,104,0.05119621887821709,0.054262700304995505,0.003066481426778414,5.989663873562227,0.06326255002179446,0.1312963316583081,0.06803378163651363,107.54195272412422,0.06528116355477227,0.08083986092684164,0.015558697372069372,23.833364059167383
g_vor0,1.0,0.5,0,level_1,5,105,0.05243502133258905,0.05442078559916811,0.0019857642665790584,3.7870953727349397,0.07131443862880558,0.11540325656724326,0.04408881793843768,61.82312977028633,0.05999929294987376,0.08846159485534236,0.0284623019054686,47.43772885665061
g_vor0,1.0,0.5,0,level_1,6,106,0.05274316164064624,0.05520136229727231,0.0024582006566260667,4.660700231386333,0.09472747098725408,0.07405200601923971,-0.020675464968014368,-21.82626090671873,0.053718430130723985,0.0744502912947197,0.02073186116399571,38.593572287098965
g_vor0,1.0,0.5,0,level_1,7,107,0.05190239552492012,0.051489178893096677,-0.00041321663182344176,-0.7961417341999991,0.06378659349272257,0.12111102126191159,0.057324427769189015,89.86908475639034,0.054375773230939735,0.08842799257988165,0.03405221934894192,62.62388068362448
g_vor0,1.0,0.5,0,level_1,8,108,0.05124726672090241,0.05633013860467138,0.00508287188376897,9.918327764582616,0.06039476522035153,0.11340182780519263,0.0530070625848411,87.7676440854497,0.05618698468293863,0.10795149981723465,0.051764515134296016,92.1290142662069
g_vor0,1.0,0.5,0,level_1,9,109,0.0497259163568056,0.05456980541985687,0.00484388906305127,9.741176066609226,0.09373135449462155,0.12771172829082464,0.033980373796203084,36.252942229862825,0.051028094045126815,0.06808374690232528,0.01705565285719847,33.42404449226589
g_vor0,1.0,0.5,0,level_1,10,110,0.05022134443437123,0.050472802848362516,0.0002514584139912887,0.5007002835614888,0.06713786743534528,0.10847707009727021,0.04133920266192494,61.57360107056599,0.05497336247124379,0.0828044104999552,0.027831048028711405,50.62642483124376
g_vor0,1.0,0.5,0,level_1,11,111,0.05492426932575183,0.05498662087018938,6.235154443754581e-05,0.11352275633881145,0.08006748030211117,0.1483402135851159,0.06827273328300473,85.26899188709022,0.05897219896197288,0.07860369648530734,0.019631497523334457,33.28941072045399
g_vor0,1.0,0.5,0,level_1,12,112,0.052176347681895975,0.05195947725298893,-0.00021687042890704278,-0.41564892627065186,0.05529345601473317,0.11598164509649728,0.060688189081764106,109.75654888635192,0.05586234669898511,0.09161890346024776,0.035756556761262645,64.00833275755001
g_vor0,1.0,0.5,0,level_1,13,113,0.05206255485385231,0.0571286914435656,0.005066136589713291,9.730864349501717,0.07257126808762229,0.07675856035674916,0.004187292269126869,5.769903681538466,0.05731753697710737,0.08876352235652092,0.03144598537941355,54.862764588040626
g_vor0,1.0,0.5,0,level_1,14,114,0.05326431118241393,0.05097754808647106,-0.002286763095942876,-4.293236963323178,0.0707148747809747,0.09036319365250345,0.01964831887152875,27.785269976628708,0.06321700550586885,0.08393786514699902,0.02072085964113017,32.77735077028682
g_vor0,1.0,0.5,0,level_1,15,115,0.047128756480916974,0.0567260081677048,0.009597251686787829,20.363897550901594,0.08877222467639245,0.10191648971708765,0.0131442650406952,14.806731597198224,0.05642154265515882,0.08209374807211185,0.02567220541695303,45.50071516806663
g_vor0,1.0,0.5,0,level_1,16,116,0.0517451306473083,0.05481572524170674,0.003070594594398443,5.934074483891888,0.0630805911659902,0.13197598569762725,0.06889539453163705,109.21805464749971,0.05153984433904071,0.08544219534426276,0.03390235100522205,65.778916176395
g_vor0,1.0,0.5,0,level_1,17,117,0.04972638907545279,0.05548026883733792,0.005753879761885128,11.57107899621351,0.0794064967757275,0.11122247460298454,0.031815977827257036,40.067222606629784,0.0566956585574074,0.07474895576715143,0.01805329720974403,31.842468487184245
g_vor0,1.0,0.5,0,level_1,18,118,0.05308937317680226,0.05367858490874624,0.0005892117319439769,1.1098487261880814,0.07631113866207385,0.1357740924044229,0.05946295374234904,77.92172254913784,0.059097125071914294,0.09024901947406606,0.03115189440215177,52.71304545566905
g_vor0,1.0,0.5,0,level_1,19,119,0.05148500620835039,0.05397181379762506,0.0024868075892746644,4.830158860641891,0.0747683360866008,0.11289822220950155,0.03812988612290075,50.99737150594954,0.06241277800938054,0.09872617350322085,0.036313395493840314,58.18262966660844
g_vor0,1.0,0.5,0,level_1,20,120,0.04979896356208758,0.05399013702601002,0.0041911734639224416,8.416186129450336,0.10111176228921492,0.13587997864489362,0.0347682163556787,34.38592659104236,0.05800227558257419,0.09357624898598832,0.03557397340341413,61.33203059036831
g_vor0,1.0,0.5,0,level_1,21,121,0.05056171466806138,0.05559545752070771,0.005033742852646329,9.95564111243645,0.05624414626729243,0.1293793939085621,0.07313524764126966,130.0317499597285,0.05804824549063236,0.08409444254403468,0.026046197053402324,44.869912661883255
g_vor0,1.0,0.5,0,level_1,22,122,0.05097609946294545,0.05074052806188473,-0.00023557140106071628,-0.4621212755439502,0.07288938815293293,0.08349886926259846,0.01060948110966553,14.555590845961333,0.057205658986178146,0.09436816092140372,0.03716250193522558,64.96298197387196
g_vor0,1.0,0.5,0,level_1,23,123,0.05128720292880177,0.05500621961176082,0.003719016682959049,7.25135408168366,0.06971469856860425,0.06601050046417738,-0.0037041981044268757,-5.313367454040814,0.060030450812770884,0.07896276859993896,0.018932317787168078,31.537857088923303
g_vor0,1.0,0.5,0,level_1,24,124,0.05603499589946035,0.05298117111610924,-0.00305382478335111,-5.449852782768777,0.11060674530993182,0.12435534716584559,0.01374860185591377,12.430165825229492,0.056221593410846024,0.08381425882203894,0.027592665411192915,49.07841229179723
g_vor0,1.0,0.5,0,level_1,25,125,0.05388495183881423,0.050751798721368556,-0.003133153117445671,-5.814523369748673,0.07869637386536456,0.060985315943189435,-0.017711057922175123,-22.505557819570672,0.06577278147769818,0.08917881466039308,0.023406033182694908,35.58619942298058
g_vor0,1.0,0.5,0,level_1,26,126,0.05290724449819469,0.053820563491699135,0.0009133189935044417,1.7262645260907625,0.05741035051716622,0.08540224781993269,0.027991897302766473,48.75757951416207,0.05994369666894594,0.08000421508249271,0.020060518413546773,33.46560110287493
g_vor0,1.0,0.5,0,level_1,27,127,0.04818328112980055,0.05082500533464182,0.002641724204841274,5.482657351052442,0.07560824879684892,0.11700966398923016,0.04140141519238123,54.75780202716016,0.05435572444428661,0.08278330338452547,0.02842757894023886,52.29914462712477
g_vor0,1.0,0.5,0,level_1,28,128,0.051907221551312416,0.05239511785503714,0.0004878963037247275,0.9399391628820317,0.05778358004097754,0.11633321541294865,0.05854963537197111,101.32573186093752,0.05670682375240236,0.07808412196109257,0.021377298208690214,37.697929092324756
g_vor0,1.0,0.5,0,level_1,29,129,0.05361311017271911,0.05498471706348487,0.0013716068907657641,2.558342327738529,0.061405073158389105,0.10932957300620386,0.04792449984781475,78.04648277870727,0.06477260569312294,0.1015631246191261,0.03679051892600316,56.79950425386282
g_vor0,1.0,0.75,1,level_2,0,100,0.05227903361128479,0.055827267713420024,0.003548234102135235,6.787107291457898,0.07643590785038243,0.10741935014438038,0.03098344229399795,40.535192379275095,0.05092163240002351,0.08539560977309454,0.034473977373071035,67.70006330954763
g_vor0,1.0,0.75,1,level_2,1,101,0.048683555599097254,0.0494291789218098,0.000745623322712545,1.531571212367182,0.07984218432276637,0.08863022369467106,0.008788039371904699,11.006762210285446,0.05885431523510717,0.07338451959459094,0.014530204359483774,24.688426500995746
g_vor0,1.0,0.75,1,level_2,2,102,0.05234248019736282,0.056314391434914686,0.003971911237551869,7.588313015690812,0.07903576463981214,0.0808119000103707,0.0017761353705585542,2.2472552503956846,0.060202935547240384,0.08841325329628952,0.028210317749049134,46.85870795604792
g_vor0,1.0,0.75,1,level_2,3,103,0.05032722908195535,0.054200494582447585,0.0038732655004922317,7.696162835002925,0.0810950685709957,0.09594562355138883,0.01485055498039313,18.312525338568552,0.05527311227670311,0.07403792650651654,0.01876481422981343,33.949262954245754
g_vor0,1.0,0.75,1,level_2,4,104,0.05119621887821709,0.05426270030499551,0.003066481426778421,5.989663873562241,0.06326255002179446,0.1312963316583081,0.06803378163651363,107.54195272412422,0.06528116355477227,0.08083986092684166,0.015558697372069386,23.833364059167405
g_vor0,1.0,0.75,1,level_2,5,105,0.05243502133258905,0.05442078559916811,0.0019857642665790584,3.7870953727349397,0.07131443862880558,0.11540325656724328,0.04408881793843769,61.82312977028635,0.05999929294987376,0.08846159485534234,0.028462301905468584,47.43772885665059
g_vor0,1.0,0.75,1,level_2,6,106,0.052743161640646234,0.055201362297272294,0.0024582006566260597,4.66070023138632,0.09472747098725408,0.07405200601923974,-0.02067546496801434,-21.826260906718705,0.05371843013072398,0.07445029129471971,0.02073186116399573,38.59357228709901
g_vor0,1.0,0.75,1,level_2,7,107,0.05190239552492012,0.05148917889309668,-0.0004132166318234348,-0.7961417341999857,0.06378659349272257,0.12111102126191156,0.05732442776918899,89.8690847563903,0.054375773230939735,0.08842799257988165,0.03405221934894192,62.62388068362448
g_vor0,1.0,0.75,1,level_2,8,108,0.05124726672090241,0.05633013860467138,0.00508287188376897,9.918327764582616,0.060394765220351525,0.11340182780519259,0.053007062584841065,87.76764408544967,0.05618698468293863,0.10795149981723465,0.051764515134296016,92.1290142662069
g_vor0,1.0,0.75,1,level_2,9,109,0.0497259163568056,0.05456980541985687,0.00484388906305127,9.741176066609226,0.09373135449462155,0.12771172829082458,0.03398037379620303,36.25294222986276,0.051028094045126815,0.06808374690232527,0.017055652857198456,33.424044492265864
g_vor0,1.0,0.75,1,level_2,10,110,0.05022134443437123,0.050472802848362516,0.0002514584139912887,0.5007002835614888,0.06713786743534529,0.10847707009727019,0.041339202661924895,61.573601070565914,0.0549733624712438,0.08280441049995518,0.027831048028711385,50.62642483124371
g_vor0,1.0,0.75,1,level_2,11,111,0.054924269325751826,0.05498662087018938,6.235154443755275e-05,0.1135227563388241,0.08006748030211115,0.1483402135851159,0.06827273328300475,85.26899188709025,0.05897219896197288,0.07860369648530736,0.019631497523334485,33.289410720454036
g_vor0,1.0,0.75,1,level_2,12,112,0.052176347681895975,0.05195947725298893,-0.00021687042890704278,-0.41564892627065186,0.05529345601473317,0.1159816450964973,0.060688189081764134,109.75654888635196,0.05586234669898511,0.09161890346024777,0.03575655676126266,64.00833275755004
g_vor0,1.0,0.75,1,level_2,13,113,0.05206255485385231,0.0571286914435656,0.005066136589713291,9.730864349501717,0.07257126808762229,0.07675856035674916,0.004187292269126869,5.769903681538466,0.05731753697710737,0.08876352235652092,0.03144598537941355,54.862764588040626
g_vor0,1.0,0.75,1,level_2,14,114,0.05326431118241393,0.05097754808647106,-0.002286763095942876,-4.293236963323178,0.0707148747809747,0.09036319365250345,0.01964831887152875,27.785269976628708,0.06321700550586887,0.08393786514699902,0.020720859641130157,32.777350770286795
g_vor0,1.0,0.75,1,level_2,15,115,0.047128756480916974,0.0567260081677048,0.009597251686787829,20.363897550901594,0.08877222467639245,0.10191648971708764,0.013144265040695186,14.806731597198208,0.05642154265515883,0.08209374807211185,0.025672205416953024,45.500715168066606
g_vor0,1.0,0.75,1,level_2,16,116,0.0517451306473083,0.05481572524170674,0.003070594594398443,5.934074483891888,0.0630805911659902,0.13197598569762728,0.06889539453163708,109.21805464749977,0.05153984433904071,0.08544219534426276,0.03390235100522205,65.778916176395
g_vor0,1.0,0.75,1,level_2,17,117,0.049726389075452786,0.05548026883733792,0.005753879761885135,11.571078996213526,0.07940649677572749,0.11122247460298454,0.03181597782725705,40.067222606629805,0.0566956585574074,0.07474895576715145,0.018053297209744044,31.84246848718427
g_vor0,1.0,0.75,1,level_2,18,118,0.05308937317680226,0.053678584908746246,0.0005892117319439838,1.1098487261880945,0.07631113866207387,0.1357740924044229,0.05946295374234903,77.9217225491378,0.05909712507191429,0.09024901947406606,0.031151894402151777,52.71304545566906
g_vor0,1.0,0.75,1,level_2,19,119,0.05148500620835039,0.05397181379762506,0.0024868075892746644,4.830158860641891,0.0747683360866008,0.11289822220950153,0.03812988612290073,50.99737150594952,0.06241277800938054,0.09872617350322085,0.036313395493840314,58.18262966660844
g_vor0,1.0,0.75,1,level_2,20,120,0.04979896356208758,0.05399013702601002,0.0041911734639224416,8.416186129450336,0.10111176228921491,0.13587997864489362,0.03476821635567871,34.385926591042384,0.05800227558257419,0.09357624898598832,0.03557397340341413,61.33203059036831
g_vor0,1.0,0.75,1,level_2,21,121,0.05056171466806138,0.0555954575207077,0.005033742852646322,9.955641112436435,0.056244146267292426,0.1293793939085621,0.07313524764126966,130.0317499597285,0.058048245490632366,0.08409444254403468,0.026046197053402317,44.869912661883234
g_vor0,1.0,0.75,1,level_2,22,122,0.05097609946294545,0.05074052806188474,-0.00023557140106070934,-0.4621212755439366,0.07288938815293293,0.08349886926259847,0.010609481109665544,14.555590845961353,0.057205658986178146,0.09436816092140372,0.03716250193522558,64.96298197387196
g_vor0,1.0,0.75,1,level_2,23,123,0.05128720292880176,0.05500621961176081,0.003719016682959049,7.251354081683661,0.06971469856860425,0.06601050046417739,-0.003704198104426862,-5.313367454040795,0.060030450812770884,0.07896276859993898,0.01893231778716809,31.537857088923325
g_vor0,1.0,0.75,1,level_2,24,124,0.05603499589946035,0.05298117111610924,-0.00305382478335111,-5.449852782768777,0.11060674530993181,0.1243553471658456,0.013748601855913797,12.430165825229519,0.056221593410846024,0.08381425882203894,0.027592665411192915,49.07841229179723
g_vor0,1.0,0.75,1,level_2,25,125,0.05388495183881423,0.050751798721368556,-0.003133153117445671,-5.814523369748673,0.07869637386536456,0.060985315943189435,-0.017711057922175123,-22.505557819570672,0.06577278147769818,0.08917881466039308,0.023406033182694908,35.58619942298058
g_vor0,1.0,0.75,1,level_2,26,126,0.052907244498194686,0.05382056349169913,0.0009133189935044417,1.7262645260907628,0.05741035051716622,0.08540224781993269,0.027991897302766473,48.75757951416207,0.059943696668945945,0.08000421508249271,0.020060518413546766,33.465601102874906
g_vor0,1.0,0.75,1,level_2,27,127,0.04818328112980055,0.05082500533464182,0.002641724204841274,5.482657351052442,0.07560824879684892,0.11700966398923013,0.041401415192381205,54.757802027160125,0.054355724444286616,0.08278330338452546,0.02842757894023884,52.29914462712472
g_vor0,1.0,0.75,1,level_2,28,128,0.05190722155131241,0.05239511785503714,0.0004878963037247344,0.9399391628820452,0.057783580040977556,0.11633321541294865,0.058549635371971095,101.32573186093747,0.05670682375240236,0.07808412196109257,0.021377298208690214,37.697929092324756
g_vor0,1.0,0.75,1,level_2,29,129,0.05361311017271911,0.05498471706348488,0.001371606890765771,2.558342327738542,0.0614050731583891,0.10932957300620386,0.04792449984781476,78.04648277870729,0.06477260569312294,0.10156312461912612,0.03679051892600317,56.79950425386284
g_vor0,1.0,1.0,2,canonical,0,100,0.05227903361128479,0.05582726771342003,0.003548234102135242,6.787107291457911,0.07643590785038243,0.10741935014438038,0.03098344229399795,40.535192379275095,0.05092163240002351,0.08539560977309452,0.03447397737307101,67.70006330954757
g_vor0,1.0,1.0,2,canonical,1,101,0.048683555599097254,0.0494291789218098,0.000745623322712545,1.531571212367182,0.07984218432276635,0.08863022369467108,0.008788039371904727,11.006762210285483,0.05885431523510717,0.07338451959459094,0.014530204359483774,24.688426500995746
g_vor0,1.0,1.0,2,canonical,2,102,0.05234248019736282,0.056314391434914686,0.003971911237551869,7.588313015690812,0.07903576463981214,0.0808119000103707,0.0017761353705585542,2.2472552503956846,0.060202935547240384,0.08841325329628952,0.028210317749049134,46.85870795604792
g_vor0,1.0,1.0,2,canonical,3,103,0.05032722908195535,0.054200494582447585,0.0038732655004922317,7.696162835002925,0.0810950685709957,0.09594562355138886,0.014850554980393157,18.312525338568587,0.05527311227670311,0.07403792650651653,0.018764814229813416,33.949262954245725
g_vor0,1.0,1.0,2,canonical,4,104,0.05119621887821709,0.054262700304995505,0.003066481426778414,5.989663873562227,0.06326255002179447,0.1312963316583081,0.06803378163651362,107.54195272412419,0.06528116355477227,0.08083986092684163,0.015558697372069358,23.833364059167366
g_vor0,1.0,1.0,2,canonical,5,105,0.05243502133258905,0.05442078559916811,0.0019857642665790584,3.7870953727349397,0.07131443862880558,0.11540325656724328,0.04408881793843769,61.82312977028635,0.05999929294987376,0.08846159485534237,0.028462301905468612,47.43772885665063
g_vor0,1.0,1.0,2,canonical,6,106,0.05274316164064624,0.055201362297272294,0.002458200656626053,4.660700231386306,0.09472747098725408,0.07405200601923972,-0.020675464968014354,-21.82626090671872,0.053718430130723985,0.0744502912947197,0.02073186116399571,38.593572287098965
g_vor0,1.0,1.0,2,canonical,7,107,0.05190239552492012,0.05148917889309668,-0.0004132166318234348,-0.7961417341999857,0.06378659349272257,0.12111102126191156,0.05732442776918899,89.8690847563903,0.054375773230939735,0.08842799257988165,0.03405221934894192,62.62388068362448
g_vor0,1.0,1.0,2,canonical,8,108,0.05124726672090241,0.05633013860467138,0.00508287188376897,9.918327764582616,0.06039476522035152,0.11340182780519259,0.05300706258484107,87.76764408544967,0.05618698468293863,0.10795149981723465,0.051764515134296016,92.1290142662069
g_vor0,1.0,1.0,2,canonical,9,109,0.0497259163568056,0.05456980541985687,0.00484388906305127,9.741176066609226,0.09373135449462155,0.12771172829082458,0.03398037379620303,36.25294222986276,0.051028094045126815,0.06808374690232526,0.01705565285719844,33.42404449226584
g_vor0,1.0,1.0,2,canonical,10,110,0.050221344434371235,0.050472802848362516,0.00025145841399128177,0.5007002835614749,0.06713786743534526,0.10847707009727019,0.04133920266192492,61.57360107056598,0.0549733624712438,0.08280441049995518,0.027831048028711385,50.62642483124371
g_vor0,1.0,1.0,2,canonical,11,111,0.05492426932575183,0.05498662087018938,6.235154443754581e-05,0.11352275633881145,0.08006748030211115,0.1483402135851159,0.06827273328300475,85.26899188709025,0.05897219896197289,0.07860369648530734,0.01963149752333445,33.28941072045397
g_vor0,1.0,1.0,2,canonical,12,112,0.052176347681895975,0.05195947725298893,-0.00021687042890704278,-0.41564892627065186,0.05529345601473317,0.11598164509649729,0.06068818908176412,109.75654888635194,0.05586234669898512,0.09161890346024777,0.03575655676126265,64.00833275755001
g_vor0,1.0,1.0,2,canonical,13,113,0.05206255485385231,0.05712869144356561,0.005066136589713298,9.730864349501731,0.0725712680876223,0.07675856035674918,0.004187292269126869,5.769903681538465,0.05731753697710737,0.08876352235652092,0.03144598537941355,54.862764588040626
g_vor0,1.0,1.0,2,canonical,14,114,0.05326431118241393,0.05097754808647106,-0.002286763095942876,-4.293236963323178,0.0707148747809747,0.09036319365250345,0.01964831887152875,27.785269976628708,0.06321700550586887,0.08393786514699901,0.020720859641130143,32.77735077028677
g_vor0,1.0,1.0,2,canonical,15,115,0.04712875648091697,0.0567260081677048,0.009597251686787836,20.363897550901612,0.08877222467639247,0.10191648971708762,0.013144265040695158,14.806731597198175,0.05642154265515883,0.08209374807211185,0.025672205416953024,45.500715168066606
g_vor0,1.0,1.0,2,canonical,16,116,0.0517451306473083,0.05481572524170674,0.003070594594398443,5.934074483891888,0.0630805911659902,0.13197598569762728,0.06889539453163708,109.21805464749977,0.05153984433904071,0.08544219534426276,0.03390235100522205,65.778916176395
g_vor0,1.0,1.0,2,canonical,17,117,0.049726389075452786,0.05548026883733793,0.005753879761885142,11.571078996213538,0.07940649677572749,0.11122247460298454,0.03181597782725705,40.067222606629805,0.0566956585574074,0.07474895576715143,0.01805329720974403,31.842468487184245
g_vor0,1.0,1.0,2,canonical,18,118,0.05308937317680226,0.053678584908746246,0.0005892117319439838,1.1098487261880945,0.07631113866207387,0.1357740924044229,0.05946295374234903,77.9217225491378,0.05909712507191428,0.09024901947406606,0.031151894402151784,52.71304545566908
g_vor0,1.0,1.0,2,canonical,19,119,0.05148500620835039,0.05397181379762506,0.0024868075892746644,4.830158860641891,0.0747683360866008,0.11289822220950155,0.03812988612290075,50.99737150594954,0.06241277800938054,0.09872617350322085,0.036313395493840314,58.18262966660844
g_vor0,1.0,1.0,2,canonical,20,120,0.04979896356208757,0.05399013702601002,0.0041911734639224485,8.41618612945035,0.10111176228921491,0.1358799786448936,0.034768216355678686,34.385926591042356,0.058002275582574196,0.09357624898598832,0.03557397340341412,61.33203059036829
g_vor0,1.0,1.0,2,canonical,21,121,0.05056171466806138,0.05559545752070769,0.0050337428526463154,9.955641112436423,0.056244146267292426,0.12937939390856212,0.07313524764126969,130.03174995972856,0.05804824549063236,0.08409444254403468,0.026046197053402324,44.869912661883255
g_vor0,1.0,1.0,2,canonical,22,122,0.05097609946294546,0.05074052806188473,-0.00023557140106072322,-0.46212127554396376,0.07288938815293293,0.08349886926259846,0.01060948110966553,14.555590845961333,0.05720565898617815,0.09436816092140372,0.03716250193522557,64.96298197387195
g_vor0,1.0,1.0,2,canonical,23,123,0.05128720292880176,0.05500621961176081,0.003719016682959049,7.251354081683661,0.06971469856860425,0.06601050046417738,-0.0037041981044268757,-5.313367454040814,0.060030450812770884,0.07896276859993896,0.018932317787168078,31.537857088923303
g_vor0,1.0,1.0,2,canonical,24,124,0.056034995899460364,0.05298117111610924,-0.0030538247833511237,-5.4498527827688,0.11060674530993181,0.12435534716584559,0.013748601855913783,12.430165825229505,0.05622159341084604,0.08381425882203894,0.0275926654111929,49.078412291797186
g_vor0,1.0,1.0,2,canonical,25,125,0.05388495183881424,0.050751798721368556,-0.0031331531174456848,-5.814523369748699,0.07869637386536456,0.060985315943189435,-0.017711057922175123,-22.505557819570672,0.06577278147769818,0.08917881466039308,0.023406033182694908,35.58619942298058
g_vor0,1.0,1.0,2,canonical,26,126,0.05290724449819469,0.05382056349169913,0.0009133189935044347,1.7262645260907494,0.057410350517166225,0.0854022478199327,0.02799189730276648,48.757579514162074,0.05994369666894594,0.0800042150824927,0.02006051841354676,33.465601102874906
g_vor0,1.0,1.0,2,canonical,27,127,0.04818328112980055,0.05082500533464182,0.002641724204841274,5.482657351052442,0.07560824879684892,0.11700966398923017,0.04140141519238125,54.75780202716017,0.054355724444286616,0.08278330338452547,0.028427578940238854,52.29914462712474
g_vor0,1.0,1.0,2,canonical,28,128,0.05190722155131241,0.05239511785503714,0.0004878963037247344,0.9399391628820452,0.05778358004097755,0.11633321541294865,0.0585496353719711,101.3257318609375,0.056706823752402366,0.07808412196109257,0.021377298208690207,37.697929092324735
g_vor0,1.0,1.0,2,canonical,29,129,0.05361311017271911,0.05498471706348487,0.0013716068907657641,2.558342327738529,0.061405073158389105,0.10932957300620386,0.04792449984781475,78.04648277870727,0.06477260569312294,0.10156312461912612,0.03679051892600317,56.79950425386284
g_vor0,1.0,1.1,3,level_4,0,100,0.05227903361128479,0.055827267713420024,0.003548234102135235,6.787107291457898,0.07643590785038243,0.10741935014438037,0.030983442293997937,40.535192379275074,0.050921632400023516,0.08539560977309453,0.034473977373071014,67.70006330954759
g_vor0,1.0,1.1,3,level_4,1,101,0.048683555599097254,0.0494291789218098,0.000745623322712545,1.531571212367182,0.07984218432276637,0.08863022369467108,0.008788039371904713,11.006762210285462,0.05885431523510717,0.07338451959459094,0.014530204359483774,24.688426500995746
g_vor0,1.0,1.1,3,level_4,2,102,0.05234248019736282,0.056314391434914686,0.003971911237551869,7.588313015690812,0.07903576463981216,0.0808119000103707,0.0017761353705585403,2.2472552503956664,0.060202935547240384,0.08841325329628952,0.028210317749049134,46.85870795604792
g_vor0,1.0,1.1,3,level_4,3,103,0.05032722908195535,0.054200494582447585,0.0038732655004922317,7.696162835002925,0.0810950685709957,0.09594562355138886,0.014850554980393157,18.312525338568587,0.05527311227670311,0.07403792650651654,0.01876481422981343,33.949262954245754
g_vor0,1.0,1.1,3,level_4,4,104,0.05119621887821709,0.054262700304995505,0.003066481426778414,5.989663873562227,0.06326255002179446,0.1312963316583081,0.06803378163651363,107.54195272412422,0.06528116355477227,0.08083986092684164,0.015558697372069372,23.833364059167383
g_vor0,1.0,1.1,3,level_4,5,105,0.05243502133258906,0.05442078559916811,0.0019857642665790515,3.787095372734926,0.0713144386288056,0.11540325656724328,0.04408881793843768,61.823129770286315,0.05999929294987376,0.08846159485534237,0.028462301905468612,47.43772885665063
g_vor0,1.0,1.1,3,level_4,6,106,0.052743161640646234,0.055201362297272294,0.0024582006566260597,4.66070023138632,0.09472747098725408,0.07405200601923971,-0.020675464968014368,-21.82626090671873,0.053718430130723985,0.0744502912947197,0.02073186116399571,38.593572287098965
g_vor0,1.0,1.1,3,level_4,7,107,0.05190239552492012,0.051489178893096677,-0.00041321663182344176,-0.7961417341999991,0.06378659349272257,0.12111102126191158,0.057324427769189,89.86908475639031,0.05437577323093974,0.08842799257988165,0.03405221934894191,62.623880683624456
g_vor0,1.0,1.1,3,level_4,8,108,0.05124726672090241,0.05633013860467138,0.00508287188376897,9.918327764582616,0.060394765220351525,0.11340182780519262,0.05300706258484109,87.76764408544972,0.05618698468293863,0.10795149981723466,0.05176451513429603,92.12901426620692
g_vor0,1.0,1.1,3,level_4,9,109,0.0497259163568056,0.05456980541985687,0.00484388906305127,9.741176066609226,0.09373135449462155,0.12771172829082458,0.03398037379620303,36.25294222986276,0.051028094045126815,0.06808374690232528,0.01705565285719847,33.42404449226589
g_vor0,1.0,1.1,3,level_4,10,110,0.05022134443437123,0.050472802848362516,0.0002514584139912887,0.5007002835614888,0.06713786743534528,0.1084770700972702,0.04133920266192492,61.573601070565964,0.0549733624712438,0.0828044104999552,0.0278310480287114,50.626424831243746
g_vor0,1.0,1.1,3,level_4,11,111,0.054924269325751826,0.05498662087018938,6.235154443755275e-05,0.1135227563388241,0.08006748030211115,0.14834021358511584,0.06827273328300469,85.2689918870902,0.05897219896197289,0.07860369648530736,0.019631497523334478,33.28941072045402
g_vor0,1.0,1.1,3,level_4,12,112,0.052176347681895975,0.05195947725298893,-0.00021687042890704278,-0.41564892627065186,0.05529345601473317,0.11598164509649728,0.060688189081764106,109.75654888635192,0.05586234669898512,0.09161890346024777,0.03575655676126265,64.00833275755001
g_vor0,1.0,1.1,3,level_4,13,113,0.05206255485385232,0.05712869144356561,0.005066136589713291,9.730864349501715,0.0725712680876223,0.07675856035674918,0.004187292269126869,5.769903681538465,0.05731753697710737,0.08876352235652092,0.03144598537941355,54.862764588040626
g_vor0,1.0,1.1,3,level_4,14,114,0.05326431118241393,0.05097754808647106,-0.002286763095942876,-4.293236963323178,0.07071487478097468,0.09036319365250345,0.019648318871528764,27.785269976628733,0.06321700550586885,0.08393786514699902,0.02072085964113017,32.77735077028682
g_vor0,1.0,1.1,3,level_4,15,115,0.04712875648091697,0.056726008167704796,0.009597251686787829,20.363897550901598,0.08877222467639245,0.10191648971708767,0.013144265040695213,14.806731597198239,0.05642154265515882,0.08209374807211185,0.02567220541695303,45.50071516806663
g_vor0,1.0,1.1,3,level_4,16,116,0.05174513064730829,0.05481572524170674,0.00307059459439845,5.934074483891902,0.0630805911659902,0.13197598569762725,0.06889539453163705,109.21805464749971,0.05153984433904071,0.08544219534426276,0.03390235100522205,65.778916176395
g_vor0,1.0,1.1,3,level_4,17,117,0.049726389075452786,0.05548026883733792,0.005753879761885135,11.571078996213526,0.07940649677572749,0.11122247460298451,0.03181597782725702,40.06722260662976,0.0566956585574074,0.07474895576715142,0.018053297209744017,31.842468487184224
g_vor0,1.0,1.1,3,level_4,18,118,0.05308937317680226,0.053678584908746246,0.0005892117319439838,1.1098487261880945,0.07631113866207384,0.13577409240442292,0.059462953742349084,77.9217225491379,0.05909712507191431,0.09024901947406606,0.031151894402151756,52.713045455669004
g_vor0,1.0,1.1,3,level_4,19,119,0.05148500620835039,0.05397181379762506,0.0024868075892746644,4.830158860641891,0.07476833608660079,0.11289822220950155,0.03812988612290076,50.99737150594957,0.062412778009380554,0.09872617350322087,0.036313395493840314,58.18262966660843
g_vor0,1.0,1.1,3,level_4,20,120,0.04979896356208757,0.05399013702601003,0.004191173463922455,8.416186129450365,0.10111176228921492,0.13587997864489362,0.0347682163556787,34.38592659104236,0.05800227558257419,0.09357624898598832,0.03557397340341413,61.33203059036831
g_vor0,1.0,1.1,3,level_4,21,121,0.05056171466806138,0.05559545752070769,0.0050337428526463154,9.955641112436423,0.056244146267292426,0.1293793939085621,0.07313524764126966,130.0317499597285,0.058048245490632366,0.08409444254403468,0.026046197053402317,44.869912661883234
g_vor0,1.0,1.1,3,level_4,22,122,0.05097609946294546,0.050740528061884727,-0.00023557140106073016,-0.4621212755439774,0.07288938815293293,0.08349886926259846,0.01060948110966553,14.555590845961333,0.057205658986178146,0.09436816092140372,0.03716250193522558,64.96298197387196
g_vor0,1.0,1.1,3,level_4,23,123,0.05128720292880176,0.05500621961176081,0.003719016682959049,7.251354081683661,0.06971469856860425,0.06601050046417735,-0.0037041981044269034,-5.313367454040854,0.060030450812770884,0.07896276859993899,0.018932317787168106,31.537857088923346
g_vor0,1.0,1.1,3,level_4,24,124,0.056034995899460364,0.05298117111610924,-0.0030538247833511237,-5.4498527827688,0.11060674530993182,0.1243553471658456,0.013748601855913783,12.430165825229503,0.05622159341084604,0.08381425882203893,0.027592665411192888,49.078412291797164
g_vor0,1.0,1.1,3,level_4,25,125,0.05388495183881423,0.050751798721368556,-0.003133153117445671,-5.814523369748673,0.07869637386536456,0.06098531594318943,-0.01771105792217513,-22.50555781957068,0.06577278147769818,0.08917881466039308,0.023406033182694908,35.58619942298058
g_vor0,1.0,1.1,3,level_4,26,126,0.05290724449819469,0.05382056349169913,0.0009133189935044347,1.7262645260907494,0.05741035051716622,0.0854022478199327,0.027991897302766487,48.75757951416209,0.059943696668945945,0.08000421508249271,0.020060518413546766,33.465601102874906
g_vor0,1.0,1.1,3,level_4,27,127,0.04818328112980055,0.05082500533464182,0.002641724204841274,5.482657351052442,0.07560824879684892,0.11700966398923017,0.04140141519238125,54.75780202716017,0.05435572444428661,0.08278330338452547,0.02842757894023886,52.29914462712477
g_vor0,1.0,1.1,3,level_4,28,128,0.05190722155131241,0.05239511785503714,0.0004878963037247344,0.9399391628820452,0.05778358004097755,0.11633321541294865,0.0585496353719711,101.3257318609375,0.056706823752402366,0.07808412196109257,0.021377298208690207,37.697929092324735
g_vor0,1.0,1.1,3,level_4,29,129,0.05361311017271911,0.05498471706348487,0.0013716068907657641,2.558342327738529,0.061405073158389105,0.10932957300620386,0.04792449984781475,78.04648277870727,0.06477260569312294,0.1015631246191261,0.03679051892600316,56.79950425386282
g_vor0,1.0,1.2,4,level_5,0,100,0.05227903361128479,0.055827267713420024,0.003548234102135235,6.787107291457898,0.07643590785038243,0.1074193501443804,0.030983442293997965,40.53519237927511,0.05092163240002351,0.08539560977309452,0.03447397737307101,67.70006330954757
g_vor0,1.0,1.2,4,level_5,1,101,0.048683555599097254,0.049429178921809806,0.0007456233227125519,1.5315712123671963,0.07984218432276637,0.08863022369467108,0.008788039371904713,11.006762210285462,0.05885431523510717,0.07338451959459094,0.014530204359483774,24.688426500995746
g_vor0,1.0,1.2,4,level_5,2,102,0.05234248019736282,0.056314391434914686,0.003971911237551869,7.588313015690812,0.07903576463981216,0.08081190001037071,0.0017761353705585542,2.247255250395684,0.060202935547240384,0.0884132532962895,0.02821031774904912,46.8587079560479
g_vor0,1.0,1.2,4,level_5,3,103,0.05032722908195536,0.054200494582447585,0.003873265500492225,7.69616283500291,0.0810950685709957,0.09594562355138887,0.014850554980393171,18.3125253385686,0.05527311227670312,0.07403792650651654,0.018764814229813423,33.94926295424573
g_vor0,1.0,1.2,4,level_5,4,104,0.05119621887821709,0.054262700304995505,0.003066481426778414,5.989663873562227,0.06326255002179447,0.1312963316583081,0.06803378163651362,107.54195272412419,0.06528116355477227,0.08083986092684163,0.015558697372069358,23.833364059167366
g_vor0,1.0,1.2,4,level_5,5,105,0.05243502133258905,0.05442078559916811,0.0019857642665790584,3.7870953727349397,0.0713144386288056,0.11540325656724328,0.04408881793843768,61.823129770286315,0.059999292949873766,0.08846159485534236,0.02846230190546859,47.43772885665059
g_vor0,1.0,1.2,4,level_5,6,106,0.052743161640646234,0.055201362297272294,0.0024582006566260597,4.66070023138632,0.09472747098725408,0.07405200601923972,-0.020675464968014354,-21.82626090671872,0.05371843013072398,0.0744502912947197,0.020731861163995717,38.59357228709897
g_vor0,1.0,1.2,4,level_5,7,107,0.05190239552492012,0.051489178893096677,-0.00041321663182344176,-0.7961417341999991,0.06378659349272257,0.12111102126191156,0.05732442776918899,89.8690847563903,0.054375773230939735,0.08842799257988165,0.03405221934894192,62.62388068362448
g_vor0,1.0,1.2,4,level_5,8,108,0.05124726672090241,0.05633013860467138,0.00508287188376897,9.918327764582616,0.06039476522035153,0.11340182780519259,0.05300706258484106,87.76764408544965,0.05618698468293864,0.10795149981723466,0.05176451513429602,92.1290142662069
g_vor0,1.0,1.2,4,level_5,9,109,0.049725916356805615,0.05456980541985687,0.004843889063051256,9.741176066609194,0.09373135449462155,0.12771172829082458,0.03398037379620303,36.25294222986276,0.051028094045126815,0.06808374690232528,0.01705565285719847,33.42404449226589
g_vor0,1.0,1.2,4,level_5,10,110,0.05022134443437123,0.050472802848362516,0.0002514584139912887,0.5007002835614888,0.06713786743534529,0.10847707009727019,0.041339202661924895,61.573601070565914,0.0549733624712438,0.08280441049995518,0.027831048028711385,50.62642483124371
g_vor0,1.0,1.2,4,level_5,11,111,0.054924269325751826,0.05498662087018938,6.235154443755275e-05,0.1135227563388241,0.08006748030211115,0.1483402135851159,0.06827273328300475,85.26899188709025,0.05897219896197289,0.07860369648530736,0.019631497523334478,33.28941072045402
g_vor0,1.0,1.2,4,level_5,12,112,0.052176347681895975,0.05195947725298893,-0.00021687042890704278,-0.41564892627065186,0.05529345601473318,0.11598164509649728,0.0606881890817641,109.7565488863519,0.05586234669898512,0.09161890346024777,0.03575655676126265,64.00833275755001
g_vor0,1.0,1.2,4,level_5,13,113,0.05206255485385231,0.0571286914435656,0.005066136589713291,9.730864349501717,0.07257126808762229,0.07675856035674916,0.004187292269126869,5.769903681538466,0.05731753697710737,0.08876352235652091,0.03144598537941354,54.8627645880406
g_vor0,1.0,1.2,4,level_5,14,114,0.05326431118241393,0.05097754808647106,-0.002286763095942876,-4.293236963323178,0.07071487478097468,0.09036319365250345,0.019648318871528764,27.785269976628733,0.06321700550586885,0.08393786514699902,0.02072085964113017,32.77735077028682
g_vor0,1.0,1.2,4,level_5,15,115,0.04712875648091697,0.056726008167704796,0.009597251686787829,20.363897550901598,0.08877222467639247,0.10191648971708765,0.013144265040695186,14.806731597198207,0.05642154265515882,0.08209374807211185,0.02567220541695303,45.50071516806663
g_vor0,1.0,1.2,4,level_5,16,116,0.0517451306473083,0.05481572524170674,0.003070594594398443,5.934074483891888,0.0630805911659902,0.13197598569762725,0.06889539453163705,109.21805464749971,0.05153984433904071,0.08544219534426276,0.03390235100522205,65.778916176395
g_vor0,1.0,1.2,4,level_5,17,117,0.04972638907545279,0.05548026883733792,0.005753879761885128,11.57107899621351,0.07940649677572749,0.11122247460298454,0.03181597782725705,40.067222606629805,0.0566956585574074,0.07474895576715143,0.01805329720974403,31.842468487184245
g_vor0,1.0,1.2,4,level_5,18,118,0.05308937317680226,0.053678584908746246,0.0005892117319439838,1.1098487261880945,0.07631113866207387,0.13577409240442287,0.059462953742349,77.92172254913777,0.059097125071914294,0.09024901947406606,0.03115189440215177,52.71304545566905
g_vor0,1.0,1.2,4,level_5,19,119,0.051485006208350385,0.05397181379762506,0.0024868075892746713,4.830158860641905,0.07476833608660079,0.11289822220950158,0.03812988612290079,50.99737150594961,0.06241277800938054,0.09872617350322088,0.03631339549384034,58.18262966660849
g_vor0,1.0,1.2,4,level_5,20,120,0.04979896356208758,0.05399013702601002,0.0041911734639224416,8.416186129450336,0.10111176228921492,0.13587997864489362,0.0347682163556787,34.38592659104236,0.05800227558257419,0.09357624898598833,0.035573973403414144,61.33203059036833
g_vor0,1.0,1.2,4,level_5,21,121,0.05056171466806138,0.0555954575207077,0.005033742852646322,9.955641112436435,0.05624414626729243,0.1293793939085621,0.07313524764126966,130.0317499597285,0.05804824549063236,0.08409444254403468,0.026046197053402324,44.869912661883255
g_vor0,1.0,1.2,4,level_5,22,122,0.05097609946294546,0.05074052806188473,-0.00023557140106072322,-0.46212127554396376,0.07288938815293293,0.08349886926259847,0.010609481109665544,14.555590845961353,0.05720565898617815,0.09436816092140372,0.03716250193522557,64.96298197387195
g_vor0,1.0,1.2,4,level_5,23,123,0.05128720292880176,0.05500621961176081,0.003719016682959049,7.251354081683661,0.06971469856860427,0.06601050046417734,-0.003704198104426931,-5.313367454040892,0.060030450812770884,0.07896276859993896,0.018932317787168078,31.537857088923303
g_vor0,1.0,1.2,4,level_5,24,124,0.05603499589946035,0.05298117111610924,-0.00305382478335111,-5.449852782768777,0.11060674530993181,0.1243553471658456,0.013748601855913797,12.430165825229519,0.05622159341084604,0.08381425882203894,0.0275926654111929,49.078412291797186
g_vor0,1.0,1.2,4,level_5,25,125,0.05388495183881423,0.050751798721368556,-0.003133153117445671,-5.814523369748673,0.07869637386536456,0.06098531594318943,-0.01771105792217513,-22.50555781957068,0.06577278147769818,0.08917881466039308,0.023406033182694908,35.58619942298058
g_vor0,1.0,1.2,4,level_5,26,126,0.05290724449819469,0.053820563491699135,0.0009133189935044417,1.7262645260907625,0.057410350517166225,0.08540224781993269,0.027991897302766466,48.757579514162046,0.05994369666894594,0.0800042150824927,0.02006051841354676,33.465601102874906
g_vor0,1.0,1.2,4,level_5,27,127,0.04818328112980055,0.05082500533464182,0.002641724204841274,5.482657351052442,0.07560824879684891,0.11700966398923016,0.04140141519238125,54.75780202716018,0.054355724444286616,0.08278330338452547,0.028427578940238854,52.29914462712474
g_vor0,1.0,1.2,4,level_5,28,128,0.05190722155131241,0.05239511785503714,0.0004878963037247344,0.9399391628820452,0.05778358004097755,0.11633321541294867,0.058549635371971116,101.32573186093751,0.05670682375240235,0.07808412196109257,0.02137729820869022,37.69792909232477
g_vor0,1.0,1.2,4,level_5,29,129,0.05361311017271911,0.05498471706348487,0.0013716068907657641,2.558342327738529,0.061405073158389105,0.10932957300620386,0.04792449984781475,78.04648277870727,0.06477260569312294,0.10156312461912612,0.03679051892600317,56.79950425386284
